label,dp,field,r_over_R,lap,exact,error,valid
dp=0.010,0.01,constant,4.80740671595891e-15,0.0,0.0,0.0,True
dp=0.010,0.01,constant,0.1999999999999974,0.0,0.0,0.0,True
dp=0.010,0.01,constant,0.1999999999999974,0.0,0.0,0.0,True
dp=0.010,0.01,constant,0.1999999999999974,0.0,0.0,0.0,True
dp=0.010,0.01,constant,0.20000000000000295,0.0,0.0,0.0,True
dp=0.010,0.01,constant,0.20000000000000295,0.0,0.0,0.0,True
dp=0.010,0.01,constant,0.20000000000000295,0.0,0.0,0.0,True
dp=0.010,0.01,constant,0.28284271247461534,0.0,0.0,0.0,True
dp=0.010,0.01,constant,0.28284271247461534,0.0,0.0,0.0,True
dp=0.010,0.01,constant,0.28284271247461534,0.0,0.0,0.0,True
dp=0.010,0.01,constant,0.28284271247461923,0.0,0.0,0.0,True
dp=0.010,0.01,constant,0.28284271247461923,0.0,0.0,0.0,True
dp=0.010,0.01,constant,0.28284271247461923,0.0,0.0,0.0,True
dp=0.010,0.01,constant,0.28284271247461923,0.0,0.0,0.0,True
dp=0.010,0.01,constant,0.28284271247461923,0.0,0.0,0.0,True
dp=0.010,0.01,constant,0.28284271247461923,0.0,0.0,0.0,True
dp=0.010,0.01,constant,0.28284271247462317,0.0,0.0,0.0,True
dp=0.010,0.01,constant,0.28284271247462317,0.0,0.0,0.0,True
dp=0.010,0.01,constant,0.28284271247462317,0.0,0.0,0.0,True
dp=0.010,0.01,constant,0.3464101615137709,0.0,0.0,0.0,True
dp=0.010,0.01,constant,0.34641016151377413,0.0,0.0,0.0,True
dp=0.010,0.01,constant,0.34641016151377413,0.0,0.0,0.0,True
dp=0.010,0.01,constant,0.34641016151377413,0.0,0.0,0.0,True
dp=0.010,0.01,constant,0.3464101615137774,0.0,0.0,0.0,True
dp=0.010,0.01,constant,0.3464101615137774,0.0,0.0,0.0,True
dp=0.010,0.01,constant,0.3464101615137774,0.0,0.0,0.0,True
dp=0.010,0.01,constant,0.34641016151378057,0.0,0.0,0.0,True
dp=0.010,0.01,constant,0.3999999999999976,0.0,0.0,0.0,True
dp=0.010,0.01,constant,0.3999999999999976,0.0,0.0,0.0,True
dp=0.010,0.01,constant,0.3999999999999976,0.0,0.0,0.0,True
dp=0.010,0.01,constant,0.40000000000000313,0.0,0.0,0.0,True
dp=0.010,0.01,constant,0.40000000000000313,0.0,0.0,0.0,True
dp=0.010,0.01,constant,0.40000000000000313,0.0,0.0,0.0,True
dp=0.010,0.01,constant,0.4472135954999546,0.0,0.0,0.0,True
dp=0.010,0.01,constant,0.4472135954999546,0.0,0.0,0.0,True
dp=0.010,0.01,constant,0.4472135954999546,0.0,0.0,0.0,True
dp=0.010,0.01,constant,0.4472135954999546,0.0,0.0,0.0,True
dp=0.010,0.01,constant,0.4472135954999546,0.0,0.0,0.0,True
dp=0.010,0.01,constant,0.4472135954999546,0.0,0.0,0.0,True
dp=0.010,0.01,constant,0.44721359549995704,0.0,0.0,0.0,True
dp=0.010,0.01,constant,0.44721359549995704,0.0,0.0,0.0,True
dp=0.010,0.01,constant,0.44721359549995704,0.0,0.0,0.0,True
dp=0.010,0.01,constant,0.44721359549995704,0.0,0.0,0.0,True
dp=0.010,0.01,constant,0.44721359549995704,0.0,0.0,0.0,True
dp=0.010,0.01,constant,0.44721359549995704,0.0,0.0,0.0,True
dp=0.010,0.01,constant,0.4472135954999596,0.0,0.0,0.0,True
dp=0.010,0.01,constant,0.4472135954999596,0.0,0.0,0.0,True
dp=0.010,0.01,constant,0.4472135954999596,0.0,0.0,0.0,True
dp=0.010,0.01,constant,0.4472135954999596,0.0,0.0,0.0,True
dp=0.010,0.01,constant,0.4472135954999596,0.0,0.0,0.0,True
dp=0.010,0.01,constant,0.4472135954999596,0.0,0.0,0.0,True
dp=0.010,0.01,constant,0.44721359549996204,0.0,0.0,0.0,True
dp=0.010,0.01,constant,0.44721359549996204,0.0,0.0,0.0,True
dp=0.010,0.01,constant,0.44721359549996204,0.0,0.0,0.0,True
dp=0.010,0.01,constant,0.44721359549996204,0.0,0.0,0.0,True
dp=0.010,0.01,constant,0.44721359549996204,0.0,0.0,0.0,True
dp=0.010,0.01,constant,0.44721359549996204,0.0,0.0,0.0,True
dp=0.010,0.01,constant,0.48989794855663155,0.0,0.0,0.0,True
dp=0.010,0.01,constant,0.48989794855663155,0.0,0.0,0.0,True
dp=0.010,0.01,constant,0.48989794855663155,0.0,0.0,0.0,True
dp=0.010,0.01,constant,0.48989794855663377,0.0,0.0,0.0,True
dp=0.010,0.01,constant,0.48989794855663377,0.0,0.0,0.0,True
dp=0.010,0.01,constant,0.48989794855663377,0.0,0.0,0.0,True
dp=0.010,0.01,constant,0.48989794855663377,0.0,0.0,0.0,True
dp=0.010,0.01,constant,0.48989794855663377,0.0,0.0,0.0,True
dp=0.010,0.01,constant,0.48989794855663377,0.0,0.0,0.0,True
dp=0.010,0.01,constant,0.48989794855663604,0.0,0.0,0.0,True
dp=0.010,0.01,constant,0.48989794855663604,0.0,0.0,0.0,True
dp=0.010,0.01,constant,0.48989794855663604,0.0,0.0,0.0,True
dp=0.010,0.01,constant,0.48989794855663604,0.0,0.0,0.0,True
dp=0.010,0.01,constant,0.48989794855663604,0.0,0.0,0.0,True
dp=0.010,0.01,constant,0.48989794855663604,0.0,0.0,0.0,True
dp=0.010,0.01,constant,0.48989794855663826,0.0,0.0,0.0,True
dp=0.010,0.01,constant,0.48989794855663826,0.0,0.0,0.0,True
dp=0.010,0.01,constant,0.4898979485566383,0.0,0.0,0.0,True
dp=0.010,0.01,constant,0.4898979485566383,0.0,0.0,0.0,True
dp=0.010,0.01,constant,0.4898979485566383,0.0,0.0,0.0,True
dp=0.010,0.01,constant,0.4898979485566383,0.0,0.0,0.0,True
dp=0.010,0.01,constant,0.48989794855664054,0.0,0.0,0.0,True
dp=0.010,0.01,constant,0.48989794855664054,0.0,0.0,0.0,True
dp=0.010,0.01,constant,0.48989794855664054,0.0,0.0,0.0,True
dp=0.010,0.01,constant,0.5656854249492346,0.0,0.0,0.0,True
dp=0.010,0.01,constant,0.5656854249492346,0.0,0.0,0.0,True
dp=0.010,0.01,constant,0.5656854249492346,0.0,0.0,0.0,True
dp=0.010,0.01,constant,0.5656854249492385,0.0,0.0,0.0,True
dp=0.010,0.01,constant,0.5656854249492385,0.0,0.0,0.0,True
dp=0.010,0.01,constant,0.5656854249492385,0.0,0.0,0.0,True
dp=0.010,0.01,constant,0.5656854249492385,0.0,0.0,0.0,True
dp=0.010,0.01,constant,0.5656854249492385,0.0,0.0,0.0,True
dp=0.010,0.01,constant,0.5656854249492385,0.0,0.0,0.0,True
dp=0.010,0.01,constant,0.5656854249492425,0.0,0.0,0.0,True
dp=0.010,0.01,constant,0.5656854249492425,0.0,0.0,0.0,True
dp=0.010,0.01,constant,0.5656854249492425,0.0,0.0,0.0,True
dp=0.010,0.01,constant,0.5999999999999959,0.0,0.0,0.0,True
dp=0.010,0.01,constant,0.5999999999999959,0.0,0.0,0.0,True
dp=0.010,0.01,constant,0.5999999999999959,0.0,0.0,0.0,True
dp=0.010,0.01,constant,0.5999999999999978,0.0,0.0,0.0,True
dp=0.010,0.01,constant,0.5999999999999978,0.0,0.0,0.0,True
dp=0.010,0.01,constant,0.5999999999999978,0.0,0.0,0.0,True
dp=0.010,0.01,constant,0.5999999999999978,0.0,0.0,0.0,True
dp=0.010,0.01,constant,0.5999999999999978,0.0,0.0,0.0,True
dp=0.010,0.01,constant,0.5999999999999978,0.0,0.0,0.0,True
dp=0.010,0.01,constant,0.5999999999999995,0.0,0.0,0.0,True
dp=0.010,0.01,constant,0.5999999999999995,0.0,0.0,0.0,True
dp=0.010,0.01,constant,0.5999999999999996,0.0,0.0,0.0,True
dp=0.010,0.01,constant,0.5999999999999996,0.0,0.0,0.0,True
dp=0.010,0.01,constant,0.5999999999999996,0.0,0.0,0.0,True
dp=0.010,0.01,constant,0.5999999999999996,0.0,0.0,0.0,True
dp=0.010,0.01,constant,0.6000000000000014,0.0,0.0,0.0,True
dp=0.010,0.01,constant,0.6000000000000014,0.0,0.0,0.0,True
dp=0.010,0.01,constant,0.6000000000000014,0.0,0.0,0.0,True
dp=0.010,0.01,constant,0.6000000000000014,0.0,0.0,0.0,True
dp=0.010,0.01,constant,0.6000000000000014,0.0,0.0,0.0,True
dp=0.010,0.01,constant,0.6000000000000014,0.0,0.0,0.0,True
dp=0.010,0.01,constant,0.6000000000000033,0.0,0.0,0.0,True
dp=0.010,0.01,constant,0.6000000000000033,0.0,0.0,0.0,True
dp=0.010,0.01,constant,0.6000000000000033,0.0,0.0,0.0,True
dp=0.010,0.01,constant,0.6000000000000033,0.0,0.0,0.0,True
dp=0.010,0.01,constant,0.6000000000000033,0.0,0.0,0.0,True
dp=0.010,0.01,constant,0.6000000000000033,0.0,0.0,0.0,True
dp=0.010,0.01,constant,0.6000000000000052,0.0,0.0,0.0,True
dp=0.010,0.01,constant,0.6000000000000052,0.0,0.0,0.0,True
dp=0.010,0.01,constant,0.6000000000000052,0.0,0.0,0.0,True
dp=0.010,0.01,constant,0.6324555320336729,0.0,0.0,0.0,True
dp=0.010,0.01,constant,0.6324555320336729,0.0,0.0,0.0,True
dp=0.010,0.01,constant,0.6324555320336729,0.0,0.0,0.0,True
dp=0.010,0.01,constant,0.6324555320336729,0.0,0.0,0.0,True
dp=0.010,0.01,constant,0.6324555320336729,0.0,0.0,0.0,True
dp=0.010,0.01,constant,0.6324555320336729,0.0,0.0,0.0,True
dp=0.010,0.01,constant,0.6324555320336746,0.0,0.0,0.0,True
dp=0.010,0.01,constant,0.6324555320336746,0.0,0.0,0.0,True
dp=0.010,0.01,constant,0.6324555320336746,0.0,0.0,0.0,True
dp=0.010,0.01,constant,0.6324555320336746,0.0,0.0,0.0,True
dp=0.010,0.01,constant,0.6324555320336746,0.0,0.0,0.0,True
dp=0.010,0.01,constant,0.6324555320336746,0.0,0.0,0.0,True
dp=0.010,0.01,constant,0.6324555320336781,0.0,0.0,0.0,True
dp=0.010,0.01,constant,0.6324555320336781,0.0,0.0,0.0,True
dp=0.010,0.01,constant,0.6324555320336781,0.0,0.0,0.0,True
dp=0.010,0.01,constant,0.6324555320336781,0.0,0.0,0.0,True
dp=0.010,0.01,constant,0.6324555320336781,0.0,0.0,0.0,True
dp=0.010,0.01,constant,0.6324555320336781,0.0,0.0,0.0,True
dp=0.010,0.01,constant,0.6324555320336798,0.0,0.0,0.0,True
dp=0.010,0.01,constant,0.6324555320336798,0.0,0.0,0.0,True
dp=0.010,0.01,constant,0.6324555320336798,0.0,0.0,0.0,True
dp=0.010,0.01,constant,0.6324555320336798,0.0,0.0,0.0,True
dp=0.010,0.01,constant,0.6324555320336798,0.0,0.0,0.0,True
dp=0.010,0.01,constant,0.6324555320336798,0.0,0.0,0.0,True
dp=0.010,0.01,constant,0.6633249580710763,0.0,0.0,0.0,True
dp=0.010,0.01,constant,0.6633249580710763,0.0,0.0,0.0,True
dp=0.010,0.01,constant,0.6633249580710763,0.0,0.0,0.0,True
dp=0.010,0.01,constant,0.6633249580710779,0.0,0.0,0.0,True
dp=0.010,0.01,constant,0.6633249580710779,0.0,0.0,0.0,True
dp=0.010,0.01,constant,0.6633249580710779,0.0,0.0,0.0,True
dp=0.010,0.01,constant,0.6633249580710779,0.0,0.0,0.0,True
dp=0.010,0.01,constant,0.6633249580710779,0.0,0.0,0.0,True
dp=0.010,0.01,constant,0.6633249580710779,0.0,0.0,0.0,True
dp=0.010,0.01,constant,0.6633249580710796,0.0,0.0,0.0,True
dp=0.010,0.01,constant,0.6633249580710796,0.0,0.0,0.0,True
dp=0.010,0.01,constant,0.6633249580710796,0.0,0.0,0.0,True
dp=0.010,0.01,constant,0.6633249580710815,0.0,0.0,0.0,True
dp=0.010,0.01,constant,0.6633249580710815,0.0,0.0,0.0,True
dp=0.010,0.01,constant,0.6633249580710815,0.0,0.0,0.0,True
dp=0.010,0.01,constant,0.6633249580710829,0.0,0.0,0.0,True
dp=0.010,0.01,constant,0.6633249580710829,0.0,0.0,0.0,True
dp=0.010,0.01,constant,0.6633249580710829,0.0,0.0,0.0,True
dp=0.010,0.01,constant,0.6633249580710829,0.0,0.0,0.0,True
dp=0.010,0.01,constant,0.6633249580710829,0.0,0.0,0.0,True
dp=0.010,0.01,constant,0.6633249580710829,0.0,0.0,0.0,True
dp=0.010,0.01,constant,0.6633249580710846,0.0,0.0,0.0,True
dp=0.010,0.01,constant,0.6633249580710846,0.0,0.0,0.0,True
dp=0.010,0.01,constant,0.6633249580710848,0.0,0.0,0.0,True
dp=0.010,0.01,constant,0.6928203230275467,0.0,0.0,0.0,True
dp=0.010,0.01,constant,0.6928203230275499,0.0,0.0,0.0,True
dp=0.010,0.01,constant,0.6928203230275499,0.0,0.0,0.0,True
dp=0.010,0.01,constant,0.6928203230275499,0.0,0.0,0.0,True
dp=0.010,0.01,constant,0.6928203230275531,0.0,0.0,0.0,True
dp=0.010,0.01,constant,0.6928203230275531,0.0,0.0,0.0,True
dp=0.010,0.01,constant,0.6928203230275531,0.0,0.0,0.0,True
dp=0.010,0.01,constant,0.6928203230275563,0.0,0.0,0.0,True
dp=0.010,0.01,constant,0.7211102550927946,0.0,0.0,0.0,True
dp=0.010,0.01,constant,0.7211102550927946,0.0,0.0,0.0,True
dp=0.010,0.01,constant,0.7211102550927946,0.0,0.0,0.0,True
dp=0.010,0.01,constant,0.7211102550927946,0.0,0.0,0.0,True
dp=0.010,0.01,constant,0.7211102550927946,0.0,0.0,0.0,True
dp=0.010,0.01,constant,0.7211102550927946,0.0,0.0,0.0,True
dp=0.010,0.01,constant,0.7211102550927976,0.0,0.0,0.0,True
dp=0.010,0.01,constant,0.7211102550927976,0.0,0.0,0.0,True
dp=0.010,0.01,constant,0.7211102550927976,0.0,0.0,0.0,True
dp=0.010,0.01,constant,0.7211102550927976,0.0,0.0,0.0,True
dp=0.010,0.01,constant,0.7211102550927976,0.0,0.0,0.0,True
dp=0.010,0.01,constant,0.7211102550927976,0.0,0.0,0.0,True
dp=0.010,0.01,constant,0.7211102550927992,0.0,0.0,0.0,True
dp=0.010,0.01,constant,0.7211102550927992,0.0,0.0,0.0,True
dp=0.010,0.01,constant,0.7211102550927992,0.0,0.0,0.0,True
dp=0.010,0.01,constant,0.7211102550927992,0.0,0.0,0.0,True
dp=0.010,0.01,constant,0.7211102550927992,0.0,0.0,0.0,True
dp=0.010,0.01,constant,0.7211102550927992,0.0,0.0,0.0,True
dp=0.010,0.01,constant,0.7211102550928024,0.0,0.0,0.0,True
dp=0.010,0.01,constant,0.7211102550928024,0.0,0.0,0.0,True
dp=0.010,0.01,constant,0.7211102550928024,0.0,0.0,0.0,True
dp=0.010,0.01,constant,0.7211102550928024,0.0,0.0,0.0,True
dp=0.010,0.01,constant,0.7211102550928024,0.0,0.0,0.0,True
dp=0.010,0.01,constant,0.7211102550928024,0.0,0.0,0.0,True
dp=0.010,0.01,constant,0.7483314773547844,0.0,0.0,0.0,True
dp=0.010,0.01,constant,0.7483314773547844,0.0,0.0,0.0,True
dp=0.010,0.01,constant,0.7483314773547844,0.0,0.0,0.0,True
dp=0.010,0.01,constant,0.7483314773547844,0.0,0.0,0.0,True
dp=0.010,0.01,constant,0.7483314773547844,0.0,0.0,0.0,True
dp=0.010,0.01,constant,0.7483314773547844,0.0,0.0,0.0,True
dp=0.010,0.01,constant,0.7483314773547859,0.0,0.0,0.0,True
dp=0.010,0.01,constant,0.7483314773547859,0.0,0.0,0.0,True
dp=0.010,0.01,constant,0.7483314773547859,0.0,0.0,0.0,True
dp=0.010,0.01,constant,0.7483314773547859,0.0,0.0,0.0,True
dp=0.010,0.01,constant,0.7483314773547859,0.0,0.0,0.0,True
dp=0.010,0.01,constant,0.7483314773547859,0.0,0.0,0.0,True
dp=0.010,0.01,constant,0.7483314773547874,0.0,0.0,0.0,True
dp=0.010,0.01,constant,0.7483314773547874,0.0,0.0,0.0,True
dp=0.010,0.01,constant,0.7483314773547874,0.0,0.0,0.0,True
dp=0.010,0.01,constant,0.7483314773547874,0.0,0.0,0.0,True
dp=0.010,0.01,constant,0.7483314773547874,0.0,0.0,0.0,True
dp=0.010,0.01,constant,0.7483314773547874,0.0,0.0,0.0,True
dp=0.010,0.01,constant,0.7483314773547889,0.0,0.0,0.0,True
dp=0.010,0.01,constant,0.7483314773547889,0.0,0.0,0.0,True
dp=0.010,0.01,constant,0.7483314773547889,0.0,0.0,0.0,True
dp=0.010,0.01,constant,0.7483314773547889,0.0,0.0,0.0,True
dp=0.010,0.01,constant,0.7483314773547889,0.0,0.0,0.0,True
dp=0.010,0.01,constant,0.7483314773547889,0.0,0.0,0.0,True
dp=0.010,0.01,constant,0.7483314773547889,0.0,0.0,0.0,True
dp=0.010,0.01,constant,0.7483314773547889,0.0,0.0,0.0,True
dp=0.010,0.01,constant,0.748331477354789,0.0,0.0,0.0,True
dp=0.010,0.01,constant,0.748331477354789,0.0,0.0,0.0,True
dp=0.010,0.01,constant,0.748331477354789,0.0,0.0,0.0,True
dp=0.010,0.01,constant,0.748331477354789,0.0,0.0,0.0,True
dp=0.010,0.01,constant,0.7483314773547903,0.0,0.0,0.0,True
dp=0.010,0.01,constant,0.7483314773547903,0.0,0.0,0.0,True
dp=0.010,0.01,constant,0.7483314773547903,0.0,0.0,0.0,True
dp=0.010,0.01,constant,0.7483314773547903,0.0,0.0,0.0,True
dp=0.010,0.01,constant,0.7483314773547903,0.0,0.0,0.0,True
dp=0.010,0.01,constant,0.7483314773547903,0.0,0.0,0.0,True
dp=0.010,0.01,constant,0.7483314773547919,0.0,0.0,0.0,True
dp=0.010,0.01,constant,0.7483314773547919,0.0,0.0,0.0,True
dp=0.010,0.01,constant,0.7483314773547919,0.0,0.0,0.0,True
dp=0.010,0.01,constant,0.7483314773547919,0.0,0.0,0.0,True
dp=0.010,0.01,constant,0.7483314773547919,0.0,0.0,0.0,True
dp=0.010,0.01,constant,0.7483314773547919,0.0,0.0,0.0,True
dp=0.010,0.01,constant,0.7483314773547933,0.0,0.0,0.0,True
dp=0.010,0.01,constant,0.7483314773547933,0.0,0.0,0.0,True
dp=0.010,0.01,constant,0.7483314773547933,0.0,0.0,0.0,True
dp=0.010,0.01,constant,0.7483314773547933,0.0,0.0,0.0,True
dp=0.010,0.01,constant,0.7483314773547934,0.0,0.0,0.0,True
dp=0.010,0.01,constant,0.7483314773547934,0.0,0.0,0.0,True
dp=0.010,0.01,constant,0.7999999999999979,0.0,0.0,0.0,True
dp=0.010,0.01,constant,0.7999999999999979,0.0,0.0,0.0,True
dp=0.010,0.01,constant,0.7999999999999979,0.0,0.0,0.0,True
dp=0.010,0.01,constant,0.8000000000000035,0.0,0.0,0.0,True
dp=0.010,0.01,constant,0.8000000000000035,0.0,0.0,0.0,True
dp=0.010,0.01,constant,0.8000000000000035,0.0,0.0,0.0,True
dp=0.010,0.01,constant,0.8246211251235281,0.0,0.0,0.0,True
dp=0.010,0.01,constant,0.8246211251235281,0.0,0.0,0.0,True
dp=0.010,0.01,constant,0.8246211251235281,0.0,0.0,0.0,True
dp=0.010,0.01,constant,0.8246211251235295,0.0,0.0,0.0,True
dp=0.010,0.01,constant,0.8246211251235295,0.0,0.0,0.0,True
dp=0.010,0.01,constant,0.8246211251235295,0.0,0.0,0.0,True
dp=0.010,0.01,constant,0.8246211251235295,0.0,0.0,0.0,True
dp=0.010,0.01,constant,0.8246211251235295,0.0,0.0,0.0,True
dp=0.010,0.01,constant,0.8246211251235295,0.0,0.0,0.0,True
dp=0.010,0.01,constant,0.8246211251235308,0.0,0.0,0.0,True
dp=0.010,0.01,constant,0.8246211251235308,0.0,0.0,0.0,True
dp=0.010,0.01,constant,0.8246211251235308,0.0,0.0,0.0,True
dp=0.010,0.01,constant,0.8246211251235308,0.0,0.0,0.0,True
dp=0.010,0.01,constant,0.8246211251235308,0.0,0.0,0.0,True
dp=0.010,0.01,constant,0.8246211251235308,0.0,0.0,0.0,True
dp=0.010,0.01,constant,0.8246211251235308,0.0,0.0,0.0,True
dp=0.010,0.01,constant,0.8246211251235308,0.0,0.0,0.0,True
dp=0.010,0.01,constant,0.8246211251235308,0.0,0.0,0.0,True
dp=0.010,0.01,constant,0.8246211251235308,0.0,0.0,0.0,True
dp=0.010,0.01,constant,0.8246211251235308,0.0,0.0,0.0,True
dp=0.010,0.01,constant,0.8246211251235308,0.0,0.0,0.0,True
dp=0.010,0.01,constant,0.8246211251235321,0.0,0.0,0.0,True
dp=0.010,0.01,constant,0.8246211251235321,0.0,0.0,0.0,True
dp=0.010,0.01,constant,0.8246211251235321,0.0,0.0,0.0,True
dp=0.010,0.01,constant,0.8246211251235334,0.0,0.0,0.0,True
dp=0.010,0.01,constant,0.8246211251235334,0.0,0.0,0.0,True
dp=0.010,0.01,constant,0.8246211251235334,0.0,0.0,0.0,True
dp=0.010,0.01,constant,0.8246211251235348,0.0,0.0,0.0,True
dp=0.010,0.01,constant,0.8246211251235348,0.0,0.0,0.0,True
dp=0.010,0.01,constant,0.8246211251235348,0.0,0.0,0.0,True
dp=0.010,0.01,constant,0.8246211251235348,0.0,0.0,0.0,True
dp=0.010,0.01,constant,0.8246211251235348,0.0,0.0,0.0,True
dp=0.010,0.01,constant,0.8246211251235348,0.0,0.0,0.0,True
dp=0.010,0.01,constant,0.8246211251235348,0.0,0.0,0.0,True
dp=0.010,0.01,constant,0.8246211251235348,0.0,0.0,0.0,True
dp=0.010,0.01,constant,0.8246211251235348,0.0,0.0,0.0,True
dp=0.010,0.01,constant,0.8246211251235348,0.0,0.0,0.0,True
dp=0.010,0.01,constant,0.8246211251235348,0.0,0.0,0.0,True
dp=0.010,0.01,constant,0.8246211251235348,0.0,0.0,0.0,True
dp=0.010,0.01,constant,0.8246211251235361,0.0,0.0,0.0,True
dp=0.010,0.01,constant,0.8246211251235361,0.0,0.0,0.0,True
dp=0.010,0.01,constant,0.8246211251235361,0.0,0.0,0.0,True
dp=0.010,0.01,constant,0.8246211251235361,0.0,0.0,0.0,True
dp=0.010,0.01,constant,0.8246211251235361,0.0,0.0,0.0,True
dp=0.010,0.01,constant,0.8246211251235361,0.0,0.0,0.0,True
dp=0.010,0.01,constant,0.8246211251235376,0.0,0.0,0.0,True
dp=0.010,0.01,constant,0.8246211251235376,0.0,0.0,0.0,True
dp=0.010,0.01,constant,0.8246211251235376,0.0,0.0,0.0,True
dp=0.010,0.01,constant,0.8485281374238538,0.0,0.0,0.0,True
dp=0.010,0.01,constant,0.8485281374238538,0.0,0.0,0.0,True
dp=0.010,0.01,constant,0.8485281374238538,0.0,0.0,0.0,True
dp=0.010,0.01,constant,0.8485281374238538,0.0,0.0,0.0,True
dp=0.010,0.01,constant,0.8485281374238538,0.0,0.0,0.0,True
dp=0.010,0.01,constant,0.8485281374238538,0.0,0.0,0.0,True
dp=0.010,0.01,constant,0.8485281374238551,0.0,0.0,0.0,True
dp=0.010,0.01,constant,0.8485281374238551,0.0,0.0,0.0,True
dp=0.010,0.01,constant,0.8485281374238551,0.0,0.0,0.0,True
dp=0.010,0.01,constant,0.8485281374238551,0.0,0.0,0.0,True
dp=0.010,0.01,constant,0.8485281374238551,0.0,0.0,0.0,True
dp=0.010,0.01,constant,0.8485281374238551,0.0,0.0,0.0,True
dp=0.010,0.01,constant,0.8485281374238565,0.0,0.0,0.0,True
dp=0.010,0.01,constant,0.8485281374238565,0.0,0.0,0.0,True
dp=0.010,0.01,constant,0.8485281374238565,0.0,0.0,0.0,True
dp=0.010,0.01,constant,0.8485281374238577,0.0,0.0,0.0,True
dp=0.010,0.01,constant,0.8485281374238577,0.0,0.0,0.0,True
dp=0.010,0.01,constant,0.8485281374238577,0.0,0.0,0.0,True
dp=0.010,0.01,constant,0.8485281374238577,0.0,0.0,0.0,True
dp=0.010,0.01,constant,0.8485281374238577,0.0,0.0,0.0,True
dp=0.010,0.01,constant,0.8485281374238577,0.0,0.0,0.0,True
dp=0.010,0.01,constant,0.8485281374238591,0.0,0.0,0.0,True
dp=0.010,0.01,constant,0.8485281374238591,0.0,0.0,0.0,True
dp=0.010,0.01,constant,0.8485281374238591,0.0,0.0,0.0,True
dp=0.010,0.01,constant,0.8485281374238604,0.0,0.0,0.0,True
dp=0.010,0.01,constant,0.8485281374238604,0.0,0.0,0.0,True
dp=0.010,0.01,constant,0.8485281374238604,0.0,0.0,0.0,True
dp=0.010,0.01,constant,0.8485281374238604,0.0,0.0,0.0,True
dp=0.010,0.01,constant,0.8485281374238604,0.0,0.0,0.0,True
dp=0.010,0.01,constant,0.8485281374238604,0.0,0.0,0.0,True
dp=0.010,0.01,constant,0.8485281374238616,0.0,0.0,0.0,True
dp=0.010,0.01,constant,0.8485281374238616,0.0,0.0,0.0,True
dp=0.010,0.01,constant,0.8485281374238616,0.0,0.0,0.0,True
dp=0.010,0.01,constant,0.8485281374238616,0.0,0.0,0.0,True
dp=0.010,0.01,constant,0.8485281374238616,0.0,0.0,0.0,True
dp=0.010,0.01,constant,0.8485281374238616,0.0,0.0,0.0,True
dp=0.010,0.01,constant,0.871779788708131,0.0,0.0,0.0,True
dp=0.010,0.01,constant,0.871779788708131,0.0,0.0,0.0,True
dp=0.010,0.01,constant,0.871779788708131,0.0,0.0,0.0,True
dp=0.010,0.01,constant,0.8717797887081322,0.0,0.0,0.0,True
dp=0.010,0.01,constant,0.8717797887081322,0.0,0.0,0.0,True
dp=0.010,0.01,constant,0.8717797887081322,0.0,0.0,0.0,True
dp=0.010,0.01,constant,0.8717797887081348,0.0,0.0,0.0,True
dp=0.010,0.01,constant,0.8717797887081348,0.0,0.0,0.0,True
dp=0.010,0.01,constant,0.8717797887081348,0.0,0.0,0.0,True
dp=0.010,0.01,constant,0.8717797887081348,0.0,0.0,0.0,True
dp=0.010,0.01,constant,0.8717797887081348,0.0,0.0,0.0,True
dp=0.010,0.01,constant,0.8717797887081348,0.0,0.0,0.0,True
dp=0.010,0.01,constant,0.871779788708136,0.0,0.0,0.0,True
dp=0.010,0.01,constant,0.871779788708136,0.0,0.0,0.0,True
dp=0.010,0.01,constant,0.871779788708136,0.0,0.0,0.0,True
dp=0.010,0.01,constant,0.871779788708136,0.0,0.0,0.0,True
dp=0.010,0.01,constant,0.871779788708136,0.0,0.0,0.0,True
dp=0.010,0.01,constant,0.871779788708136,0.0,0.0,0.0,True
dp=0.010,0.01,constant,0.8717797887081387,0.0,0.0,0.0,True
dp=0.010,0.01,constant,0.8717797887081387,0.0,0.0,0.0,True
dp=0.010,0.01,constant,0.8717797887081387,0.0,0.0,0.0,True
dp=0.010,0.01,constant,0.8717797887081399,0.0,0.0,0.0,True
dp=0.010,0.01,constant,0.8717797887081399,0.0,0.0,0.0,True
dp=0.010,0.01,constant,0.8717797887081399,0.0,0.0,0.0,True
dp=0.010,0.01,constant,0.894427190999913,0.0,0.0,0.0,True
dp=0.010,0.01,constant,0.894427190999913,0.0,0.0,0.0,True
dp=0.010,0.01,constant,0.894427190999913,0.0,0.0,0.0,True
dp=0.010,0.01,constant,0.894427190999913,0.0,0.0,0.0,True
dp=0.010,0.01,constant,0.894427190999913,0.0,0.0,0.0,True
dp=0.010,0.01,constant,0.894427190999913,0.0,0.0,0.0,True
dp=0.010,0.01,constant,0.8944271909999154,0.0,0.0,0.0,True
dp=0.010,0.01,constant,0.8944271909999154,0.0,0.0,0.0,True
dp=0.010,0.01,constant,0.8944271909999154,0.0,0.0,0.0,True
dp=0.010,0.01,constant,0.8944271909999154,0.0,0.0,0.0,True
dp=0.010,0.01,constant,0.8944271909999154,0.0,0.0,0.0,True
dp=0.010,0.01,constant,0.8944271909999154,0.0,0.0,0.0,True
dp=0.010,0.01,constant,0.894427190999918,0.0,0.0,0.0,True
dp=0.010,0.01,constant,0.894427190999918,0.0,0.0,0.0,True
dp=0.010,0.01,constant,0.894427190999918,0.0,0.0,0.0,True
dp=0.010,0.01,constant,0.894427190999918,0.0,0.0,0.0,True
dp=0.010,0.01,constant,0.894427190999918,0.0,0.0,0.0,True
dp=0.010,0.01,constant,0.894427190999918,0.0,0.0,0.0,True
dp=0.010,0.01,constant,0.8944271909999203,0.0,0.0,0.0,True
dp=0.010,0.01,constant,0.8944271909999203,0.0,0.0,0.0,True
dp=0.010,0.01,constant,0.8944271909999203,0.0,0.0,0.0,True
dp=0.010,0.01,constant,0.8944271909999203,0.0,0.0,0.0,True
dp=0.010,0.01,constant,0.8944271909999203,0.0,0.0,0.0,True
dp=0.010,0.01,constant,0.8944271909999203,0.0,0.0,0.0,True
dp=0.010,0.01,constant,0.9165151389911644,0.0,0.0,0.0,True
dp=0.010,0.01,constant,0.9165151389911644,0.0,0.0,0.0,True
dp=0.010,0.01,constant,0.9165151389911644,0.0,0.0,0.0,True
dp=0.010,0.01,constant,0.9165151389911644,0.0,0.0,0.0,True
dp=0.010,0.01,constant,0.9165151389911644,0.0,0.0,0.0,True
dp=0.010,0.01,constant,0.9165151389911644,0.0,0.0,0.0,True
dp=0.010,0.01,constant,0.9165151389911658,0.0,0.0,0.0,True
dp=0.010,0.01,constant,0.9165151389911658,0.0,0.0,0.0,True
dp=0.010,0.01,constant,0.9165151389911658,0.0,0.0,0.0,True
dp=0.010,0.01,constant,0.9165151389911658,0.0,0.0,0.0,True
dp=0.010,0.01,constant,0.9165151389911658,0.0,0.0,0.0,True
dp=0.010,0.01,constant,0.9165151389911658,0.0,0.0,0.0,True
dp=0.010,0.01,constant,0.916515138991167,0.0,0.0,0.0,True
dp=0.010,0.01,constant,0.916515138991167,0.0,0.0,0.0,True
dp=0.010,0.01,constant,0.916515138991167,0.0,0.0,0.0,True
dp=0.010,0.01,constant,0.916515138991167,0.0,0.0,0.0,True
dp=0.010,0.01,constant,0.916515138991167,0.0,0.0,0.0,True
dp=0.010,0.01,constant,0.916515138991167,0.0,0.0,0.0,True
dp=0.010,0.01,constant,0.9165151389911682,0.0,0.0,0.0,True
dp=0.010,0.01,constant,0.9165151389911682,0.0,0.0,0.0,True
dp=0.010,0.01,constant,0.9165151389911682,0.0,0.0,0.0,True
dp=0.010,0.01,constant,0.9165151389911682,0.0,0.0,0.0,True
dp=0.010,0.01,constant,0.9165151389911682,0.0,0.0,0.0,True
dp=0.010,0.01,constant,0.9165151389911682,0.0,0.0,0.0,True
dp=0.010,0.01,constant,0.9165151389911693,0.0,0.0,0.0,True
dp=0.010,0.01,constant,0.9165151389911693,0.0,0.0,0.0,True
dp=0.010,0.01,constant,0.9165151389911693,0.0,0.0,0.0,True
dp=0.010,0.01,constant,0.9165151389911693,0.0,0.0,0.0,True
dp=0.010,0.01,constant,0.9165151389911693,0.0,0.0,0.0,True
dp=0.010,0.01,constant,0.9165151389911693,0.0,0.0,0.0,True
dp=0.010,0.01,constant,0.9165151389911705,0.0,0.0,0.0,True
dp=0.010,0.01,constant,0.9165151389911705,0.0,0.0,0.0,True
dp=0.010,0.01,constant,0.9165151389911705,0.0,0.0,0.0,True
dp=0.010,0.01,constant,0.9165151389911705,0.0,0.0,0.0,True
dp=0.010,0.01,constant,0.9165151389911705,0.0,0.0,0.0,True
dp=0.010,0.01,constant,0.9165151389911705,0.0,0.0,0.0,True
dp=0.010,0.01,constant,0.9165151389911717,0.0,0.0,0.0,True
dp=0.010,0.01,constant,0.9165151389911717,0.0,0.0,0.0,True
dp=0.010,0.01,constant,0.9165151389911719,0.0,0.0,0.0,True
dp=0.010,0.01,constant,0.9165151389911719,0.0,0.0,0.0,True
dp=0.010,0.01,constant,0.9165151389911719,0.0,0.0,0.0,True
dp=0.010,0.01,constant,0.9165151389911719,0.0,0.0,0.0,True
dp=0.010,0.01,constant,0.916515138991173,0.0,0.0,0.0,True
dp=0.010,0.01,constant,0.916515138991173,0.0,0.0,0.0,True
dp=0.010,0.01,constant,0.916515138991173,0.0,0.0,0.0,True
dp=0.010,0.01,constant,0.916515138991173,0.0,0.0,0.0,True
dp=0.010,0.01,constant,0.9165151389911731,0.0,0.0,0.0,True
dp=0.010,0.01,constant,0.9165151389911731,0.0,0.0,0.0,True
dp=0.010,0.01,constant,0.9380831519646818,0.0,0.0,0.0,True
dp=0.010,0.01,constant,0.9380831519646818,0.0,0.0,0.0,True
dp=0.010,0.01,constant,0.9380831519646818,0.0,0.0,0.0,True
dp=0.010,0.01,constant,0.9380831519646844,0.0,0.0,0.0,True
dp=0.010,0.01,constant,0.9380831519646844,0.0,0.0,0.0,True
dp=0.010,0.01,constant,0.9380831519646844,0.0,0.0,0.0,True
dp=0.010,0.01,constant,0.9380831519646855,0.0,0.0,0.0,True
dp=0.010,0.01,constant,0.9380831519646855,0.0,0.0,0.0,True
dp=0.010,0.01,constant,0.9380831519646855,0.0,0.0,0.0,True
dp=0.010,0.01,constant,0.9380831519646855,0.0,0.0,0.0,True
dp=0.010,0.01,constant,0.9380831519646855,0.0,0.0,0.0,True
dp=0.010,0.01,constant,0.9380831519646855,0.0,0.0,0.0,True
dp=0.010,0.01,constant,0.9380831519646878,0.0,0.0,0.0,True
dp=0.010,0.01,constant,0.9380831519646878,0.0,0.0,0.0,True
dp=0.010,0.01,constant,0.9380831519646878,0.0,0.0,0.0,True
dp=0.010,0.01,constant,0.9380831519646878,0.0,0.0,0.0,True
dp=0.010,0.01,constant,0.9380831519646878,0.0,0.0,0.0,True
dp=0.010,0.01,constant,0.9380831519646878,0.0,0.0,0.0,True
dp=0.010,0.01,constant,0.938083151964689,0.0,0.0,0.0,True
dp=0.010,0.01,constant,0.938083151964689,0.0,0.0,0.0,True
dp=0.010,0.01,constant,0.938083151964689,0.0,0.0,0.0,True
dp=0.010,0.01,constant,0.9380831519646915,0.0,0.0,0.0,True
dp=0.010,0.01,constant,0.9380831519646915,0.0,0.0,0.0,True
dp=0.010,0.01,constant,0.9380831519646915,0.0,0.0,0.0,True
dp=0.010,0.01,constant,0.9797958971132675,0.0,0.0,0.0,True
dp=0.010,0.01,constant,0.9797958971132675,0.0,0.0,0.0,True
dp=0.010,0.01,constant,0.9797958971132675,0.0,0.0,0.0,True
dp=0.010,0.01,constant,0.9797958971132699,0.0,0.0,0.0,True
dp=0.010,0.01,constant,0.9797958971132699,0.0,0.0,0.0,True
dp=0.010,0.01,constant,0.9797958971132699,0.0,0.0,0.0,True
dp=0.010,0.01,constant,0.9797958971132699,0.0,0.0,0.0,True
dp=0.010,0.01,constant,0.9797958971132699,0.0,0.0,0.0,True
dp=0.010,0.01,constant,0.9797958971132699,0.0,0.0,0.0,True
dp=0.010,0.01,constant,0.9797958971132721,0.0,0.0,0.0,True
dp=0.010,0.01,constant,0.9797958971132721,0.0,0.0,0.0,True
dp=0.010,0.01,constant,0.9797958971132721,0.0,0.0,0.0,True
dp=0.010,0.01,constant,0.9797958971132721,0.0,0.0,0.0,True
dp=0.010,0.01,constant,0.9797958971132721,0.0,0.0,0.0,True
dp=0.010,0.01,constant,0.9797958971132721,0.0,0.0,0.0,True
dp=0.010,0.01,constant,0.9797958971132743,0.0,0.0,0.0,True
dp=0.010,0.01,constant,0.9797958971132743,0.0,0.0,0.0,True
dp=0.010,0.01,constant,0.9797958971132743,0.0,0.0,0.0,True
dp=0.010,0.01,constant,0.9797958971132743,0.0,0.0,0.0,True
dp=0.010,0.01,constant,0.9797958971132743,0.0,0.0,0.0,True
dp=0.010,0.01,constant,0.9797958971132743,0.0,0.0,0.0,True
dp=0.010,0.01,constant,0.9797958971132765,0.0,0.0,0.0,True
dp=0.010,0.01,constant,0.9797958971132765,0.0,0.0,0.0,True
dp=0.010,0.01,constant,0.9797958971132765,0.0,0.0,0.0,True
dp=0.010,0.01,constant,0.999999999999997,0.0,0.0,0.0,True
dp=0.010,0.01,constant,0.999999999999997,0.0,0.0,0.0,True
dp=0.010,0.01,constant,0.999999999999997,0.0,0.0,0.0,True
dp=0.010,0.01,constant,0.999999999999997,0.0,0.0,0.0,True
dp=0.010,0.01,constant,0.999999999999997,0.0,0.0,0.0,True
dp=0.010,0.01,constant,0.999999999999997,0.0,0.0,0.0,True
dp=0.010,0.01,constant,0.9999999999999981,0.0,0.0,0.0,True
dp=0.010,0.01,constant,0.9999999999999981,0.0,0.0,0.0,True
dp=0.010,0.01,constant,0.9999999999999981,0.0,0.0,0.0,True
dp=0.010,0.01,constant,1.0000000000000002,0.0,0.0,0.0,True
dp=0.010,0.01,constant,1.0000000000000002,0.0,0.0,0.0,True
dp=0.010,0.01,constant,1.0000000000000002,0.0,0.0,0.0,True
dp=0.010,0.01,constant,1.0000000000000002,0.0,0.0,0.0,True
dp=0.010,0.01,constant,1.0000000000000002,0.0,0.0,0.0,True
dp=0.010,0.01,constant,1.0000000000000002,0.0,0.0,0.0,True
dp=0.010,0.01,constant,1.0000000000000013,0.0,0.0,0.0,True
dp=0.010,0.01,constant,1.0000000000000013,0.0,0.0,0.0,True
dp=0.010,0.01,constant,1.0000000000000013,0.0,0.0,0.0,True
dp=0.010,0.01,constant,1.0000000000000013,0.0,0.0,0.0,True
dp=0.010,0.01,constant,1.0000000000000013,0.0,0.0,0.0,True
dp=0.010,0.01,constant,1.0000000000000013,0.0,0.0,0.0,True
dp=0.010,0.01,constant,1.0000000000000036,0.0,0.0,0.0,True
dp=0.010,0.01,constant,1.0000000000000036,0.0,0.0,0.0,True
dp=0.010,0.01,constant,1.0000000000000036,0.0,0.0,0.0,True
dp=0.010,0.01,constant,1.0000000000000047,0.0,0.0,0.0,True
dp=0.010,0.01,constant,1.0000000000000047,0.0,0.0,0.0,True
dp=0.010,0.01,constant,1.0000000000000047,0.0,0.0,0.0,True
dp=0.010,0.01,constant,1.0000000000000047,0.0,0.0,0.0,True
dp=0.010,0.01,constant,1.0000000000000047,0.0,0.0,0.0,True
dp=0.010,0.01,constant,1.0000000000000047,0.0,0.0,0.0,True
dp=0.010,0.01,constant,1.0198039027185535,0.0,0.0,0.0,True
dp=0.010,0.01,constant,1.0198039027185535,0.0,0.0,0.0,True
dp=0.010,0.01,constant,1.0198039027185535,0.0,0.0,0.0,True
dp=0.010,0.01,constant,1.0198039027185535,0.0,0.0,0.0,True
dp=0.010,0.01,constant,1.0198039027185535,0.0,0.0,0.0,True
dp=0.010,0.01,constant,1.0198039027185535,0.0,0.0,0.0,True
dp=0.010,0.01,constant,1.0198039027185546,0.0,0.0,0.0,True
dp=0.010,0.01,constant,1.0198039027185546,0.0,0.0,0.0,True
dp=0.010,0.01,constant,1.0198039027185546,0.0,0.0,0.0,True
dp=0.010,0.01,constant,1.0198039027185546,0.0,0.0,0.0,True
dp=0.010,0.01,constant,1.0198039027185546,0.0,0.0,0.0,True
dp=0.010,0.01,constant,1.0198039027185546,0.0,0.0,0.0,True
dp=0.010,0.01,constant,1.0198039027185546,0.0,0.0,0.0,True
dp=0.010,0.01,constant,1.0198039027185546,0.0,0.0,0.0,True
dp=0.010,0.01,constant,1.0198039027185546,0.0,0.0,0.0,True
dp=0.010,0.01,constant,1.0198039027185546,0.0,0.0,0.0,True
dp=0.010,0.01,constant,1.0198039027185546,0.0,0.0,0.0,True
dp=0.010,0.01,constant,1.0198039027185546,0.0,0.0,0.0,True
dp=0.010,0.01,constant,1.0198039027185557,0.0,0.0,0.0,True
dp=0.010,0.01,constant,1.0198039027185557,0.0,0.0,0.0,True
dp=0.010,0.01,constant,1.0198039027185557,0.0,0.0,0.0,True
dp=0.010,0.01,constant,1.0198039027185557,0.0,0.0,0.0,True
dp=0.010,0.01,constant,1.0198039027185557,0.0,0.0,0.0,True
dp=0.010,0.01,constant,1.0198039027185557,0.0,0.0,0.0,True
dp=0.010,0.01,constant,1.0198039027185568,0.0,0.0,0.0,True
dp=0.010,0.01,constant,1.0198039027185568,0.0,0.0,0.0,True
dp=0.010,0.01,constant,1.0198039027185568,0.0,0.0,0.0,True
dp=0.010,0.01,constant,1.0198039027185568,0.0,0.0,0.0,True
dp=0.010,0.01,constant,1.0198039027185568,0.0,0.0,0.0,True
dp=0.010,0.01,constant,1.0198039027185568,0.0,0.0,0.0,True
dp=0.010,0.01,constant,1.019803902718558,0.0,0.0,0.0,True
dp=0.010,0.01,constant,1.019803902718558,0.0,0.0,0.0,True
dp=0.010,0.01,constant,1.019803902718558,0.0,0.0,0.0,True
dp=0.010,0.01,constant,1.019803902718558,0.0,0.0,0.0,True
dp=0.010,0.01,constant,1.019803902718558,0.0,0.0,0.0,True
dp=0.010,0.01,constant,1.019803902718558,0.0,0.0,0.0,True
dp=0.010,0.01,constant,1.019803902718558,0.0,0.0,0.0,True
dp=0.010,0.01,constant,1.019803902718558,0.0,0.0,0.0,True
dp=0.010,0.01,constant,1.019803902718558,0.0,0.0,0.0,True
dp=0.010,0.01,constant,1.019803902718558,0.0,0.0,0.0,True
dp=0.010,0.01,constant,1.019803902718558,0.0,0.0,0.0,True
dp=0.010,0.01,constant,1.019803902718558,0.0,0.0,0.0,True
dp=0.010,0.01,constant,1.019803902718559,0.0,0.0,0.0,True
dp=0.010,0.01,constant,1.019803902718559,0.0,0.0,0.0,True
dp=0.010,0.01,constant,1.019803902718559,0.0,0.0,0.0,True
dp=0.010,0.01,constant,1.019803902718559,0.0,0.0,0.0,True
dp=0.010,0.01,constant,1.019803902718559,0.0,0.0,0.0,True
dp=0.010,0.01,constant,1.019803902718559,0.0,0.0,0.0,True
dp=0.010,0.01,constant,1.01980390271856,0.0,0.0,0.0,True
dp=0.010,0.01,constant,1.01980390271856,0.0,0.0,0.0,True
dp=0.010,0.01,constant,1.01980390271856,0.0,0.0,0.0,True
dp=0.010,0.01,constant,1.01980390271856,0.0,0.0,0.0,True
dp=0.010,0.01,constant,1.01980390271856,0.0,0.0,0.0,True
dp=0.010,0.01,constant,1.01980390271856,0.0,0.0,0.0,True
dp=0.010,0.01,constant,1.019803902718561,0.0,0.0,0.0,True
dp=0.010,0.01,constant,1.019803902718561,0.0,0.0,0.0,True
dp=0.010,0.01,constant,1.019803902718561,0.0,0.0,0.0,True
dp=0.010,0.01,constant,1.019803902718561,0.0,0.0,0.0,True
dp=0.010,0.01,constant,1.019803902718561,0.0,0.0,0.0,True
dp=0.010,0.01,constant,1.019803902718561,0.0,0.0,0.0,True
dp=0.010,0.01,constant,1.019803902718561,0.0,0.0,0.0,True
dp=0.010,0.01,constant,1.019803902718561,0.0,0.0,0.0,True
dp=0.010,0.01,constant,1.0198039027185613,0.0,0.0,0.0,True
dp=0.010,0.01,constant,1.0198039027185613,0.0,0.0,0.0,True
dp=0.010,0.01,constant,1.0198039027185613,0.0,0.0,0.0,True
dp=0.010,0.01,constant,1.0198039027185613,0.0,0.0,0.0,True
dp=0.010,0.01,constant,1.0198039027185621,0.0,0.0,0.0,True
dp=0.010,0.01,constant,1.0198039027185621,0.0,0.0,0.0,True
dp=0.010,0.01,constant,1.0198039027185621,0.0,0.0,0.0,True
dp=0.010,0.01,constant,1.0198039027185621,0.0,0.0,0.0,True
dp=0.010,0.01,constant,1.0198039027185621,0.0,0.0,0.0,True
dp=0.010,0.01,constant,1.0198039027185621,0.0,0.0,0.0,True
dp=0.010,0.01,constant,1.0392304845413225,0.0,0.0,0.0,True
dp=0.010,0.01,constant,1.0392304845413234,0.0,0.0,0.0,True
dp=0.010,0.01,constant,1.0392304845413234,0.0,0.0,0.0,True
dp=0.010,0.01,constant,1.0392304845413236,0.0,0.0,0.0,True
dp=0.010,0.01,constant,1.0392304845413245,0.0,0.0,0.0,True
dp=0.010,0.01,constant,1.0392304845413245,0.0,0.0,0.0,True
dp=0.010,0.01,constant,1.0392304845413245,0.0,0.0,0.0,True
dp=0.010,0.01,constant,1.0392304845413245,0.0,0.0,0.0,True
dp=0.010,0.01,constant,1.0392304845413247,0.0,0.0,0.0,True
dp=0.010,0.01,constant,1.0392304845413247,0.0,0.0,0.0,True
dp=0.010,0.01,constant,1.0392304845413256,0.0,0.0,0.0,True
dp=0.010,0.01,constant,1.0392304845413256,0.0,0.0,0.0,True
dp=0.010,0.01,constant,1.0392304845413256,0.0,0.0,0.0,True
dp=0.010,0.01,constant,1.0392304845413256,0.0,0.0,0.0,True
dp=0.010,0.01,constant,1.0392304845413256,0.0,0.0,0.0,True
dp=0.010,0.01,constant,1.0392304845413256,0.0,0.0,0.0,True
dp=0.010,0.01,constant,1.0392304845413287,0.0,0.0,0.0,True
dp=0.010,0.01,constant,1.0392304845413287,0.0,0.0,0.0,True
dp=0.010,0.01,constant,1.0392304845413287,0.0,0.0,0.0,True
dp=0.010,0.01,constant,1.0392304845413287,0.0,0.0,0.0,True
dp=0.010,0.01,constant,1.0392304845413287,0.0,0.0,0.0,True
dp=0.010,0.01,constant,1.0392304845413287,0.0,0.0,0.0,True
dp=0.010,0.01,constant,1.0392304845413298,0.0,0.0,0.0,True
dp=0.010,0.01,constant,1.0392304845413298,0.0,0.0,0.0,True
dp=0.010,0.01,constant,1.0392304845413298,0.0,0.0,0.0,True
dp=0.010,0.01,constant,1.0392304845413298,0.0,0.0,0.0,True
dp=0.010,0.01,constant,1.0392304845413298,0.0,0.0,0.0,True
dp=0.010,0.01,constant,1.0392304845413298,0.0,0.0,0.0,True
dp=0.010,0.01,constant,1.039230484541331,0.0,0.0,0.0,True
dp=0.010,0.01,constant,1.039230484541331,0.0,0.0,0.0,True
dp=0.010,0.01,constant,1.039230484541331,0.0,0.0,0.0,True
dp=0.010,0.01,constant,1.039230484541332,0.0,0.0,0.0,True
dp=0.010,0.01,constant,1.077032961426897,0.0,0.0,0.0,True
dp=0.010,0.01,constant,1.077032961426897,0.0,0.0,0.0,True
dp=0.010,0.01,constant,1.077032961426897,0.0,0.0,0.0,True
dp=0.010,0.01,constant,1.077032961426897,0.0,0.0,0.0,True
dp=0.010,0.01,constant,1.077032961426897,0.0,0.0,0.0,True
dp=0.010,0.01,constant,1.077032961426897,0.0,0.0,0.0,True
dp=0.010,0.01,constant,1.077032961426898,0.0,0.0,0.0,True
dp=0.010,0.01,constant,1.077032961426898,0.0,0.0,0.0,True
dp=0.010,0.01,constant,1.077032961426898,0.0,0.0,0.0,True
dp=0.010,0.01,constant,1.077032961426898,0.0,0.0,0.0,True
dp=0.010,0.01,constant,1.077032961426898,0.0,0.0,0.0,True
dp=0.010,0.01,constant,1.077032961426898,0.0,0.0,0.0,True
dp=0.010,0.01,constant,1.0770329614268992,0.0,0.0,0.0,True
dp=0.010,0.01,constant,1.0770329614268992,0.0,0.0,0.0,True
dp=0.010,0.01,constant,1.0770329614268992,0.0,0.0,0.0,True
dp=0.010,0.01,constant,1.0770329614268992,0.0,0.0,0.0,True
dp=0.010,0.01,constant,1.0770329614268992,0.0,0.0,0.0,True
dp=0.010,0.01,constant,1.0770329614268992,0.0,0.0,0.0,True
dp=0.010,0.01,constant,1.0770329614269,0.0,0.0,0.0,True
dp=0.010,0.01,constant,1.0770329614269,0.0,0.0,0.0,True
dp=0.010,0.01,constant,1.0770329614269,0.0,0.0,0.0,True
dp=0.010,0.01,constant,1.0770329614269,0.0,0.0,0.0,True
dp=0.010,0.01,constant,1.0770329614269,0.0,0.0,0.0,True
dp=0.010,0.01,constant,1.0770329614269,0.0,0.0,0.0,True
dp=0.010,0.01,constant,1.0770329614269,0.0,0.0,0.0,True
dp=0.010,0.01,constant,1.0770329614269,0.0,0.0,0.0,True
dp=0.010,0.01,constant,1.0770329614269003,0.0,0.0,0.0,True
dp=0.010,0.01,constant,1.0770329614269003,0.0,0.0,0.0,True
dp=0.010,0.01,constant,1.0770329614269003,0.0,0.0,0.0,True
dp=0.010,0.01,constant,1.0770329614269003,0.0,0.0,0.0,True
dp=0.010,0.01,constant,1.0770329614269012,0.0,0.0,0.0,True
dp=0.010,0.01,constant,1.0770329614269012,0.0,0.0,0.0,True
dp=0.010,0.01,constant,1.0770329614269012,0.0,0.0,0.0,True
dp=0.010,0.01,constant,1.0770329614269012,0.0,0.0,0.0,True
dp=0.010,0.01,constant,1.0770329614269012,0.0,0.0,0.0,True
dp=0.010,0.01,constant,1.0770329614269012,0.0,0.0,0.0,True
dp=0.010,0.01,constant,1.077032961426902,0.0,0.0,0.0,True
dp=0.010,0.01,constant,1.077032961426902,0.0,0.0,0.0,True
dp=0.010,0.01,constant,1.077032961426902,0.0,0.0,0.0,True
dp=0.010,0.01,constant,1.077032961426902,0.0,0.0,0.0,True
dp=0.010,0.01,constant,1.0770329614269023,0.0,0.0,0.0,True
dp=0.010,0.01,constant,1.0770329614269023,0.0,0.0,0.0,True
dp=0.010,0.01,constant,1.0770329614269032,0.0,0.0,0.0,True
dp=0.010,0.01,constant,1.0770329614269032,0.0,0.0,0.0,True
dp=0.010,0.01,constant,1.0770329614269032,0.0,0.0,0.0,True
dp=0.010,0.01,constant,1.0770329614269032,0.0,0.0,0.0,True
dp=0.010,0.01,constant,1.0770329614269032,0.0,0.0,0.0,True
dp=0.010,0.01,constant,1.0770329614269032,0.0,0.0,0.0,True
dp=0.010,0.01,constant,1.0770329614269032,0.0,0.0,0.0,True
dp=0.010,0.01,constant,1.0770329614269032,0.0,0.0,0.0,True
dp=0.010,0.01,constant,1.0770329614269032,0.0,0.0,0.0,True
dp=0.010,0.01,constant,1.0770329614269032,0.0,0.0,0.0,True
dp=0.010,0.01,constant,1.0770329614269032,0.0,0.0,0.0,True
dp=0.010,0.01,constant,1.0770329614269032,0.0,0.0,0.0,True
dp=0.010,0.01,constant,1.0770329614269043,0.0,0.0,0.0,True
dp=0.010,0.01,constant,1.0770329614269043,0.0,0.0,0.0,True
dp=0.010,0.01,constant,1.0770329614269043,0.0,0.0,0.0,True
dp=0.010,0.01,constant,1.0770329614269043,0.0,0.0,0.0,True
dp=0.010,0.01,constant,1.0770329614269043,0.0,0.0,0.0,True
dp=0.010,0.01,constant,1.0770329614269043,0.0,0.0,0.0,True
dp=0.010,0.01,constant,1.0770329614269052,0.0,0.0,0.0,True
dp=0.010,0.01,constant,1.0770329614269052,0.0,0.0,0.0,True
dp=0.010,0.01,constant,1.0770329614269052,0.0,0.0,0.0,True
dp=0.010,0.01,constant,1.0770329614269052,0.0,0.0,0.0,True
dp=0.010,0.01,constant,1.0770329614269052,0.0,0.0,0.0,True
dp=0.010,0.01,constant,1.0770329614269052,0.0,0.0,0.0,True
dp=0.010,0.01,constant,1.0770329614269063,0.0,0.0,0.0,True
dp=0.010,0.01,constant,1.0770329614269063,0.0,0.0,0.0,True
dp=0.010,0.01,constant,1.0770329614269063,0.0,0.0,0.0,True
dp=0.010,0.01,constant,1.0770329614269063,0.0,0.0,0.0,True
dp=0.010,0.01,constant,1.0770329614269063,0.0,0.0,0.0,True
dp=0.010,0.01,constant,1.0770329614269063,0.0,0.0,0.0,True
dp=0.010,0.01,constant,1.095445115010329,0.0,0.0,0.0,True
dp=0.010,0.01,constant,1.095445115010329,0.0,0.0,0.0,True
dp=0.010,0.01,constant,1.095445115010329,0.0,0.0,0.0,True
dp=0.010,0.01,constant,1.095445115010329,0.0,0.0,0.0,True
dp=0.010,0.01,constant,1.095445115010329,0.0,0.0,0.0,True
dp=0.010,0.01,constant,1.095445115010329,0.0,0.0,0.0,True
dp=0.010,0.01,constant,1.09544511501033,0.0,0.0,0.0,True
dp=0.010,0.01,constant,1.09544511501033,0.0,0.0,0.0,True
dp=0.010,0.01,constant,1.09544511501033,0.0,0.0,0.0,True
dp=0.010,0.01,constant,1.09544511501033,0.0,0.0,0.0,True
dp=0.010,0.01,constant,1.0954451150103302,0.0,0.0,0.0,True
dp=0.010,0.01,constant,1.0954451150103302,0.0,0.0,0.0,True
dp=0.010,0.01,constant,1.095445115010331,0.0,0.0,0.0,True
dp=0.010,0.01,constant,1.095445115010331,0.0,0.0,0.0,True
dp=0.010,0.01,constant,1.095445115010331,0.0,0.0,0.0,True
dp=0.010,0.01,constant,1.095445115010331,0.0,0.0,0.0,True
dp=0.010,0.01,constant,1.095445115010331,0.0,0.0,0.0,True
dp=0.010,0.01,constant,1.095445115010331,0.0,0.0,0.0,True
dp=0.010,0.01,constant,1.0954451150103321,0.0,0.0,0.0,True
dp=0.010,0.01,constant,1.0954451150103321,0.0,0.0,0.0,True
dp=0.010,0.01,constant,1.0954451150103321,0.0,0.0,0.0,True
dp=0.010,0.01,constant,1.0954451150103321,0.0,0.0,0.0,True
dp=0.010,0.01,constant,1.0954451150103321,0.0,0.0,0.0,True
dp=0.010,0.01,constant,1.0954451150103321,0.0,0.0,0.0,True
dp=0.010,0.01,constant,1.0954451150103341,0.0,0.0,0.0,True
dp=0.010,0.01,constant,1.0954451150103341,0.0,0.0,0.0,True
dp=0.010,0.01,constant,1.0954451150103341,0.0,0.0,0.0,True
dp=0.010,0.01,constant,1.0954451150103341,0.0,0.0,0.0,True
dp=0.010,0.01,constant,1.0954451150103341,0.0,0.0,0.0,True
dp=0.010,0.01,constant,1.0954451150103341,0.0,0.0,0.0,True
dp=0.010,0.01,constant,1.095445115010335,0.0,0.0,0.0,True
dp=0.010,0.01,constant,1.095445115010335,0.0,0.0,0.0,True
dp=0.010,0.01,constant,1.095445115010335,0.0,0.0,0.0,True
dp=0.010,0.01,constant,1.095445115010335,0.0,0.0,0.0,True
dp=0.010,0.01,constant,1.0954451150103353,0.0,0.0,0.0,True
dp=0.010,0.01,constant,1.0954451150103353,0.0,0.0,0.0,True
dp=0.010,0.01,constant,1.0954451150103361,0.0,0.0,0.0,True
dp=0.010,0.01,constant,1.0954451150103361,0.0,0.0,0.0,True
dp=0.010,0.01,constant,1.0954451150103361,0.0,0.0,0.0,True
dp=0.010,0.01,constant,1.0954451150103361,0.0,0.0,0.0,True
dp=0.010,0.01,constant,1.0954451150103361,0.0,0.0,0.0,True
dp=0.010,0.01,constant,1.0954451150103361,0.0,0.0,0.0,True
dp=0.010,0.01,constant,1.0954451150103373,0.0,0.0,0.0,True
dp=0.010,0.01,constant,1.0954451150103373,0.0,0.0,0.0,True
dp=0.010,0.01,constant,1.0954451150103373,0.0,0.0,0.0,True
dp=0.010,0.01,constant,1.0954451150103373,0.0,0.0,0.0,True
dp=0.010,0.01,constant,1.0954451150103373,0.0,0.0,0.0,True
dp=0.010,0.01,constant,1.0954451150103373,0.0,0.0,0.0,True
dp=0.010,0.01,quadratic_r2,4.80740671595891e-15,5.987094229878952,6.0,-0.012905770121047766,True
dp=0.010,0.01,quadratic_r2,0.1999999999999974,5.9870942298789505,6.0,-0.012905770121049542,True
dp=0.010,0.01,quadratic_r2,0.1999999999999974,5.9870942298789505,6.0,-0.012905770121049542,True
dp=0.010,0.01,quadratic_r2,0.1999999999999974,5.9870942298789505,6.0,-0.012905770121049542,True
dp=0.010,0.01,quadratic_r2,0.20000000000000295,5.987094229878952,6.0,-0.012905770121047766,True
dp=0.010,0.01,quadratic_r2,0.20000000000000295,5.987094229878951,6.0,-0.012905770121048654,True
dp=0.010,0.01,quadratic_r2,0.20000000000000295,5.987094229878952,6.0,-0.012905770121047766,True
dp=0.010,0.01,quadratic_r2,0.28284271247461534,5.9870942298789505,6.0,-0.012905770121049542,True
dp=0.010,0.01,quadratic_r2,0.28284271247461534,5.9870942298789505,6.0,-0.012905770121049542,True
dp=0.010,0.01,quadratic_r2,0.28284271247461534,5.9870942298789505,6.0,-0.012905770121049542,True
dp=0.010,0.01,quadratic_r2,0.28284271247461923,5.987094229878951,6.0,-0.012905770121048654,True
dp=0.010,0.01,quadratic_r2,0.28284271247461923,5.987094229878951,6.0,-0.012905770121048654,True
dp=0.010,0.01,quadratic_r2,0.28284271247461923,5.987094229878951,6.0,-0.012905770121048654,True
dp=0.010,0.01,quadratic_r2,0.28284271247461923,5.9870942298789505,6.0,-0.012905770121049542,True
dp=0.010,0.01,quadratic_r2,0.28284271247461923,5.9870942298789505,6.0,-0.012905770121049542,True
dp=0.010,0.01,quadratic_r2,0.28284271247461923,5.987094229878951,6.0,-0.012905770121048654,True
dp=0.010,0.01,quadratic_r2,0.28284271247462317,5.9870942298789505,6.0,-0.012905770121049542,True
dp=0.010,0.01,quadratic_r2,0.28284271247462317,5.9870942298789505,6.0,-0.012905770121049542,True
dp=0.010,0.01,quadratic_r2,0.28284271247462317,5.9870942298789505,6.0,-0.012905770121049542,True
dp=0.010,0.01,quadratic_r2,0.3464101615137709,5.987094229878952,6.0,-0.012905770121047766,True
dp=0.010,0.01,quadratic_r2,0.34641016151377413,5.987094229878952,6.0,-0.012905770121047766,True
dp=0.010,0.01,quadratic_r2,0.34641016151377413,5.987094229878952,6.0,-0.012905770121047766,True
dp=0.010,0.01,quadratic_r2,0.34641016151377413,5.987094229878952,6.0,-0.012905770121047766,True
dp=0.010,0.01,quadratic_r2,0.3464101615137774,5.987094229878949,6.0,-0.012905770121051319,True
dp=0.010,0.01,quadratic_r2,0.3464101615137774,5.987094229878949,6.0,-0.012905770121051319,True
dp=0.010,0.01,quadratic_r2,0.3464101615137774,5.987094229878949,6.0,-0.012905770121051319,True
dp=0.010,0.01,quadratic_r2,0.34641016151378057,5.987094229878949,6.0,-0.012905770121051319,True
dp=0.010,0.01,quadratic_r2,0.3999999999999976,5.9870942298789505,6.0,-0.012905770121049542,True
dp=0.010,0.01,quadratic_r2,0.3999999999999976,5.9870942298789505,6.0,-0.012905770121049542,True
dp=0.010,0.01,quadratic_r2,0.3999999999999976,5.9870942298789505,6.0,-0.012905770121049542,True
dp=0.010,0.01,quadratic_r2,0.40000000000000313,5.987094229878951,6.0,-0.012905770121048654,True
dp=0.010,0.01,quadratic_r2,0.40000000000000313,5.987094229878951,6.0,-0.012905770121048654,True
dp=0.010,0.01,quadratic_r2,0.40000000000000313,5.987094229878951,6.0,-0.012905770121048654,True
dp=0.010,0.01,quadratic_r2,0.4472135954999546,5.9870942298789505,6.0,-0.012905770121049542,True
dp=0.010,0.01,quadratic_r2,0.4472135954999546,5.9870942298789505,6.0,-0.012905770121049542,True
dp=0.010,0.01,quadratic_r2,0.4472135954999546,5.98709422987895,6.0,-0.01290577012105043,True
dp=0.010,0.01,quadratic_r2,0.4472135954999546,5.98709422987895,6.0,-0.01290577012105043,True
dp=0.010,0.01,quadratic_r2,0.4472135954999546,5.9870942298789505,6.0,-0.012905770121049542,True
dp=0.010,0.01,quadratic_r2,0.4472135954999546,5.9870942298789505,6.0,-0.012905770121049542,True
dp=0.010,0.01,quadratic_r2,0.44721359549995704,5.987094229878954,6.0,-0.01290577012104599,True
dp=0.010,0.01,quadratic_r2,0.44721359549995704,5.987094229878954,6.0,-0.01290577012104599,True
dp=0.010,0.01,quadratic_r2,0.44721359549995704,5.987094229878954,6.0,-0.01290577012104599,True
dp=0.010,0.01,quadratic_r2,0.44721359549995704,5.987094229878953,6.0,-0.012905770121046878,True
dp=0.010,0.01,quadratic_r2,0.44721359549995704,5.987094229878952,6.0,-0.012905770121047766,True
dp=0.010,0.01,quadratic_r2,0.44721359549995704,5.987094229878953,6.0,-0.012905770121046878,True
dp=0.010,0.01,quadratic_r2,0.4472135954999596,5.98709422987895,6.0,-0.01290577012105043,True
dp=0.010,0.01,quadratic_r2,0.4472135954999596,5.98709422987895,6.0,-0.01290577012105043,True
dp=0.010,0.01,quadratic_r2,0.4472135954999596,5.9870942298789505,6.0,-0.012905770121049542,True
dp=0.010,0.01,quadratic_r2,0.4472135954999596,5.9870942298789505,6.0,-0.012905770121049542,True
dp=0.010,0.01,quadratic_r2,0.4472135954999596,5.98709422987895,6.0,-0.01290577012105043,True
dp=0.010,0.01,quadratic_r2,0.4472135954999596,5.9870942298789505,6.0,-0.012905770121049542,True
dp=0.010,0.01,quadratic_r2,0.44721359549996204,5.987094229878951,6.0,-0.012905770121048654,True
dp=0.010,0.01,quadratic_r2,0.44721359549996204,5.987094229878953,6.0,-0.012905770121046878,True
dp=0.010,0.01,quadratic_r2,0.44721359549996204,5.987094229878951,6.0,-0.012905770121048654,True
dp=0.010,0.01,quadratic_r2,0.44721359549996204,5.987094229878952,6.0,-0.012905770121047766,True
dp=0.010,0.01,quadratic_r2,0.44721359549996204,5.987094229878952,6.0,-0.012905770121047766,True
dp=0.010,0.01,quadratic_r2,0.44721359549996204,5.987094229878951,6.0,-0.012905770121048654,True
dp=0.010,0.01,quadratic_r2,0.48989794855663155,5.983849619993335,6.0,-0.01615038000666491,True
dp=0.010,0.01,quadratic_r2,0.48989794855663155,5.983849619993335,6.0,-0.01615038000666491,True
dp=0.010,0.01,quadratic_r2,0.48989794855663155,5.983849619993334,6.0,-0.0161503800066658,True
dp=0.010,0.01,quadratic_r2,0.48989794855663377,5.983849619993336,6.0,-0.016150380006664022,True
dp=0.010,0.01,quadratic_r2,0.48989794855663377,5.983849619993336,6.0,-0.016150380006664022,True
dp=0.010,0.01,quadratic_r2,0.48989794855663377,5.983849619993336,6.0,-0.016150380006664022,True
dp=0.010,0.01,quadratic_r2,0.48989794855663377,5.983849619993336,6.0,-0.016150380006664022,True
dp=0.010,0.01,quadratic_r2,0.48989794855663377,5.983849619993337,6.0,-0.016150380006663134,True
dp=0.010,0.01,quadratic_r2,0.48989794855663377,5.983849619993336,6.0,-0.016150380006664022,True
dp=0.010,0.01,quadratic_r2,0.48989794855663604,5.983849619993338,6.0,-0.016150380006662246,True
dp=0.010,0.01,quadratic_r2,0.48989794855663604,5.983849619993335,6.0,-0.01615038000666491,True
dp=0.010,0.01,quadratic_r2,0.48989794855663604,5.983849619993336,6.0,-0.016150380006664022,True
dp=0.010,0.01,quadratic_r2,0.48989794855663604,5.983849619993336,6.0,-0.016150380006664022,True
dp=0.010,0.01,quadratic_r2,0.48989794855663604,5.983849619993335,6.0,-0.01615038000666491,True
dp=0.010,0.01,quadratic_r2,0.48989794855663604,5.983849619993338,6.0,-0.016150380006662246,True
dp=0.010,0.01,quadratic_r2,0.48989794855663826,5.983849619993338,6.0,-0.016150380006662246,True
dp=0.010,0.01,quadratic_r2,0.48989794855663826,5.983849619993338,6.0,-0.016150380006662246,True
dp=0.010,0.01,quadratic_r2,0.4898979485566383,5.983849619993334,6.0,-0.0161503800066658,True
dp=0.010,0.01,quadratic_r2,0.4898979485566383,5.983849619993334,6.0,-0.0161503800066658,True
dp=0.010,0.01,quadratic_r2,0.4898979485566383,5.983849619993334,6.0,-0.0161503800066658,True
dp=0.010,0.01,quadratic_r2,0.4898979485566383,5.983849619993335,6.0,-0.01615038000666491,True
dp=0.010,0.01,quadratic_r2,0.48989794855664054,5.983849619993337,6.0,-0.016150380006663134,True
dp=0.010,0.01,quadratic_r2,0.48989794855664054,5.983849619993338,6.0,-0.016150380006662246,True
dp=0.010,0.01,quadratic_r2,0.48989794855664054,5.983849619993337,6.0,-0.016150380006663134,True
dp=0.010,0.01,quadratic_r2,0.5656854249492346,5.850692149417144,6.0,-0.149307850582856,True
dp=0.010,0.01,quadratic_r2,0.5656854249492346,5.850692149417145,6.0,-0.14930785058285512,True
dp=0.010,0.01,quadratic_r2,0.5656854249492346,5.850692149417145,6.0,-0.14930785058285512,True
dp=0.010,0.01,quadratic_r2,0.5656854249492385,5.850692149417141,6.0,-0.14930785058285867,True
dp=0.010,0.01,quadratic_r2,0.5656854249492385,5.85069214941714,6.0,-0.14930785058285956,True
dp=0.010,0.01,quadratic_r2,0.5656854249492385,5.85069214941714,6.0,-0.14930785058285956,True
dp=0.010,0.01,quadratic_r2,0.5656854249492385,5.85069214941714,6.0,-0.14930785058285956,True
dp=0.010,0.01,quadratic_r2,0.5656854249492385,5.85069214941714,6.0,-0.14930785058285956,True
dp=0.010,0.01,quadratic_r2,0.5656854249492385,5.85069214941714,6.0,-0.14930785058285956,True
dp=0.010,0.01,quadratic_r2,0.5656854249492425,5.850692149417139,6.0,-0.14930785058286133,True
dp=0.010,0.01,quadratic_r2,0.5656854249492425,5.85069214941714,6.0,-0.14930785058285956,True
dp=0.010,0.01,quadratic_r2,0.5656854249492425,5.850692149417139,6.0,-0.14930785058286133,True
dp=0.010,0.01,quadratic_r2,0.5999999999999959,5.777738559430383,6.0,-0.22226144056961683,True
dp=0.010,0.01,quadratic_r2,0.5999999999999959,5.777738559430383,6.0,-0.22226144056961683,True
dp=0.010,0.01,quadratic_r2,0.5999999999999959,5.777738559430383,6.0,-0.22226144056961683,True
dp=0.010,0.01,quadratic_r2,0.5999999999999978,5.901292282741889,6.0,-0.09870771725811078,True
dp=0.010,0.01,quadratic_r2,0.5999999999999978,5.777738559430383,6.0,-0.22226144056961683,True
dp=0.010,0.01,quadratic_r2,0.5999999999999978,5.777738559430384,6.0,-0.22226144056961594,True
dp=0.010,0.01,quadratic_r2,0.5999999999999978,5.777738559430382,6.0,-0.22226144056961772,True
dp=0.010,0.01,quadratic_r2,0.5999999999999978,5.901292282741889,6.0,-0.09870771725811078,True
dp=0.010,0.01,quadratic_r2,0.5999999999999978,5.901292282741891,6.0,-0.098707717258109,True
dp=0.010,0.01,quadratic_r2,0.5999999999999995,5.777738559430383,6.0,-0.22226144056961683,True
dp=0.010,0.01,quadratic_r2,0.5999999999999995,5.777738559430384,6.0,-0.22226144056961594,True
dp=0.010,0.01,quadratic_r2,0.5999999999999996,5.7777385594303805,6.0,-0.2222614405696195,True
dp=0.010,0.01,quadratic_r2,0.5999999999999996,5.7777385594303805,6.0,-0.2222614405696195,True
dp=0.010,0.01,quadratic_r2,0.5999999999999996,5.7777385594303805,6.0,-0.2222614405696195,True
dp=0.010,0.01,quadratic_r2,0.5999999999999996,5.77773855943038,6.0,-0.22226144056962038,True
dp=0.010,0.01,quadratic_r2,0.6000000000000014,5.777738559430382,6.0,-0.22226144056961772,True
dp=0.010,0.01,quadratic_r2,0.6000000000000014,5.777738559430381,6.0,-0.2222614405696186,True
dp=0.010,0.01,quadratic_r2,0.6000000000000014,5.777738559430382,6.0,-0.22226144056961772,True
dp=0.010,0.01,quadratic_r2,0.6000000000000014,5.777738559430381,6.0,-0.2222614405696186,True
dp=0.010,0.01,quadratic_r2,0.6000000000000014,5.777738559430377,6.0,-0.22226144056962305,True
dp=0.010,0.01,quadratic_r2,0.6000000000000014,5.777738559430377,6.0,-0.22226144056962305,True
dp=0.010,0.01,quadratic_r2,0.6000000000000033,5.777738559430379,6.0,-0.22226144056962127,True
dp=0.010,0.01,quadratic_r2,0.6000000000000033,5.90129228274189,6.0,-0.0987077172581099,True
dp=0.010,0.01,quadratic_r2,0.6000000000000033,5.901292282741889,6.0,-0.09870771725811078,True
dp=0.010,0.01,quadratic_r2,0.6000000000000033,5.777738559430379,6.0,-0.22226144056962127,True
dp=0.010,0.01,quadratic_r2,0.6000000000000033,5.777738559430379,6.0,-0.22226144056962127,True
dp=0.010,0.01,quadratic_r2,0.6000000000000033,5.90129228274189,6.0,-0.0987077172581099,True
dp=0.010,0.01,quadratic_r2,0.6000000000000052,5.777738559430376,6.0,-0.22226144056962394,True
dp=0.010,0.01,quadratic_r2,0.6000000000000052,5.777738559430378,6.0,-0.22226144056962216,True
dp=0.010,0.01,quadratic_r2,0.6000000000000052,5.777738559430379,6.0,-0.22226144056962127,True
dp=0.010,0.01,quadratic_r2,0.6324555320336729,5.73755524030434,6.0,-0.2624447596956596,True
dp=0.010,0.01,quadratic_r2,0.6324555320336729,5.73755524030434,6.0,-0.2624447596956596,True
dp=0.010,0.01,quadratic_r2,0.6324555320336729,5.7375552403043395,6.0,-0.2624447596956605,True
dp=0.010,0.01,quadratic_r2,0.6324555320336729,5.73755524030434,6.0,-0.2624447596956596,True
dp=0.010,0.01,quadratic_r2,0.6324555320336729,5.7375552403043395,6.0,-0.2624447596956605,True
dp=0.010,0.01,quadratic_r2,0.6324555320336729,5.737555240304341,6.0,-0.2624447596956587,True
dp=0.010,0.01,quadratic_r2,0.6324555320336746,5.737555240304347,6.0,-0.2624447596956534,True
dp=0.010,0.01,quadratic_r2,0.6324555320336746,5.737555240304347,6.0,-0.2624447596956534,True
dp=0.010,0.01,quadratic_r2,0.6324555320336746,5.737555240304346,6.0,-0.2624447596956543,True
dp=0.010,0.01,quadratic_r2,0.6324555320336746,5.737555240304347,6.0,-0.2624447596956534,True
dp=0.010,0.01,quadratic_r2,0.6324555320336746,5.737555240304346,6.0,-0.2624447596956543,True
dp=0.010,0.01,quadratic_r2,0.6324555320336746,5.7375552403043475,6.0,-0.2624447596956525,True
dp=0.010,0.01,quadratic_r2,0.6324555320336781,5.737555240304337,6.0,-0.26244475969566317,True
dp=0.010,0.01,quadratic_r2,0.6324555320336781,5.737555240304339,6.0,-0.2624447596956614,True
dp=0.010,0.01,quadratic_r2,0.6324555320336781,5.737555240304338,6.0,-0.2624447596956623,True
dp=0.010,0.01,quadratic_r2,0.6324555320336781,5.737555240304338,6.0,-0.2624447596956623,True
dp=0.010,0.01,quadratic_r2,0.6324555320336781,5.737555240304337,6.0,-0.26244475969566317,True
dp=0.010,0.01,quadratic_r2,0.6324555320336781,5.737555240304337,6.0,-0.26244475969566317,True
dp=0.010,0.01,quadratic_r2,0.6324555320336798,5.737555240304343,6.0,-0.26244475969565695,True
dp=0.010,0.01,quadratic_r2,0.6324555320336798,5.737555240304342,6.0,-0.26244475969565784,True
dp=0.010,0.01,quadratic_r2,0.6324555320336798,5.737555240304344,6.0,-0.26244475969565606,True
dp=0.010,0.01,quadratic_r2,0.6324555320336798,5.737555240304342,6.0,-0.26244475969565784,True
dp=0.010,0.01,quadratic_r2,0.6324555320336798,5.737555240304345,6.0,-0.26244475969565517,True
dp=0.010,0.01,quadratic_r2,0.6324555320336798,5.737555240304344,6.0,-0.26244475969565606,True
dp=0.010,0.01,quadratic_r2,0.6633249580710763,5.484913926319735,6.0,-0.5150860736802647,True
dp=0.010,0.01,quadratic_r2,0.6633249580710763,5.484913926319735,6.0,-0.5150860736802647,True
dp=0.010,0.01,quadratic_r2,0.6633249580710763,5.484913926319735,6.0,-0.5150860736802647,True
dp=0.010,0.01,quadratic_r2,0.6633249580710779,5.484913926319732,6.0,-0.5150860736802683,True
dp=0.010,0.01,quadratic_r2,0.6633249580710779,5.484913926319733,6.0,-0.5150860736802674,True
dp=0.010,0.01,quadratic_r2,0.6633249580710779,5.484913926319733,6.0,-0.5150860736802674,True
dp=0.010,0.01,quadratic_r2,0.6633249580710779,5.484913926319733,6.0,-0.5150860736802674,True
dp=0.010,0.01,quadratic_r2,0.6633249580710779,5.484913926319733,6.0,-0.5150860736802674,True
dp=0.010,0.01,quadratic_r2,0.6633249580710779,5.4849139263197335,6.0,-0.5150860736802665,True
dp=0.010,0.01,quadratic_r2,0.6633249580710796,5.484913926319734,6.0,-0.5150860736802656,True
dp=0.010,0.01,quadratic_r2,0.6633249580710796,5.4849139263197335,6.0,-0.5150860736802665,True
dp=0.010,0.01,quadratic_r2,0.6633249580710796,5.4849139263197335,6.0,-0.5150860736802665,True
dp=0.010,0.01,quadratic_r2,0.6633249580710815,5.484913926319724,6.0,-0.5150860736802763,True
dp=0.010,0.01,quadratic_r2,0.6633249580710815,5.484913926319724,6.0,-0.5150860736802763,True
dp=0.010,0.01,quadratic_r2,0.6633249580710815,5.4849139263197255,6.0,-0.5150860736802745,True
dp=0.010,0.01,quadratic_r2,0.6633249580710829,5.484913926319733,6.0,-0.5150860736802674,True
dp=0.010,0.01,quadratic_r2,0.6633249580710829,5.484913926319734,6.0,-0.5150860736802656,True
dp=0.010,0.01,quadratic_r2,0.6633249580710829,5.484913926319734,6.0,-0.5150860736802656,True
dp=0.010,0.01,quadratic_r2,0.6633249580710829,5.484913926319733,6.0,-0.5150860736802674,True
dp=0.010,0.01,quadratic_r2,0.6633249580710829,5.484913926319733,6.0,-0.5150860736802674,True
dp=0.010,0.01,quadratic_r2,0.6633249580710829,5.484913926319734,6.0,-0.5150860736802656,True
dp=0.010,0.01,quadratic_r2,0.6633249580710846,5.484913926319729,6.0,-0.5150860736802709,True
dp=0.010,0.01,quadratic_r2,0.6633249580710846,5.484913926319729,6.0,-0.5150860736802709,True
dp=0.010,0.01,quadratic_r2,0.6633249580710848,5.484913926319722,6.0,-0.515086073680278,True
dp=0.010,0.01,quadratic_r2,0.6928203230275467,5.047969915802168,6.0,-0.9520300841978324,True
dp=0.010,0.01,quadratic_r2,0.6928203230275499,5.047969915802167,6.0,-0.9520300841978333,True
dp=0.010,0.01,quadratic_r2,0.6928203230275499,5.047969915802167,6.0,-0.9520300841978333,True
dp=0.010,0.01,quadratic_r2,0.6928203230275499,5.047969915802167,6.0,-0.9520300841978333,True
dp=0.010,0.01,quadratic_r2,0.6928203230275531,5.047969915802164,6.0,-0.952030084197836,True
dp=0.010,0.01,quadratic_r2,0.6928203230275531,5.047969915802165,6.0,-0.9520300841978351,True
dp=0.010,0.01,quadratic_r2,0.6928203230275531,5.047969915802162,6.0,-0.9520300841978377,True
dp=0.010,0.01,quadratic_r2,0.6928203230275563,5.047969915802162,6.0,-0.9520300841978377,True
dp=0.010,0.01,quadratic_r2,0.7211102550927946,4.447932145978722,6.0,-1.5520678540212778,True
dp=0.010,0.01,quadratic_r2,0.7211102550927946,4.447932145978721,6.0,-1.5520678540212787,True
dp=0.010,0.01,quadratic_r2,0.7211102550927946,4.44793214597872,6.0,-1.5520678540212796,True
dp=0.010,0.01,quadratic_r2,0.7211102550927946,4.44793214597872,6.0,-1.5520678540212796,True
dp=0.010,0.01,quadratic_r2,0.7211102550927946,4.447932145978722,6.0,-1.5520678540212778,True
dp=0.010,0.01,quadratic_r2,0.7211102550927946,4.447932145978721,6.0,-1.5520678540212787,True
dp=0.010,0.01,quadratic_r2,0.7211102550927976,4.447932145978716,6.0,-1.552067854021284,True
dp=0.010,0.01,quadratic_r2,0.7211102550927976,4.447932145978716,6.0,-1.552067854021284,True
dp=0.010,0.01,quadratic_r2,0.7211102550927976,4.447932145978718,6.0,-1.5520678540212822,True
dp=0.010,0.01,quadratic_r2,0.7211102550927976,4.447932145978717,6.0,-1.552067854021283,True
dp=0.010,0.01,quadratic_r2,0.7211102550927976,4.447932145978717,6.0,-1.552067854021283,True
dp=0.010,0.01,quadratic_r2,0.7211102550927976,4.447932145978717,6.0,-1.552067854021283,True
dp=0.010,0.01,quadratic_r2,0.7211102550927992,4.447932145978707,6.0,-1.5520678540212929,True
dp=0.010,0.01,quadratic_r2,0.7211102550927992,4.447932145978706,6.0,-1.5520678540212938,True
dp=0.010,0.01,quadratic_r2,0.7211102550927992,4.447932145978705,6.0,-1.5520678540212947,True
dp=0.010,0.01,quadratic_r2,0.7211102550927992,4.447932145978706,6.0,-1.5520678540212938,True
dp=0.010,0.01,quadratic_r2,0.7211102550927992,4.447932145978706,6.0,-1.5520678540212938,True
dp=0.010,0.01,quadratic_r2,0.7211102550927992,4.447932145978706,6.0,-1.5520678540212938,True
dp=0.010,0.01,quadratic_r2,0.7211102550928024,4.4479321459787045,6.0,-1.5520678540212955,True
dp=0.010,0.01,quadratic_r2,0.7211102550928024,4.4479321459787045,6.0,-1.5520678540212955,True
dp=0.010,0.01,quadratic_r2,0.7211102550928024,4.447932145978706,6.0,-1.5520678540212938,True
dp=0.010,0.01,quadratic_r2,0.7211102550928024,4.4479321459787045,6.0,-1.5520678540212955,True
dp=0.010,0.01,quadratic_r2,0.7211102550928024,4.447932145978704,6.0,-1.5520678540212964,True
dp=0.010,0.01,quadratic_r2,0.7211102550928024,4.4479321459787045,6.0,-1.5520678540212955,True
dp=0.010,0.01,quadratic_r2,0.7483314773547844,4.025519742107425,6.0,-1.9744802578925746,True
dp=0.010,0.01,quadratic_r2,0.7483314773547844,4.0255197421074245,6.0,-1.9744802578925755,True
dp=0.010,0.01,quadratic_r2,0.7483314773547844,4.025519742107424,6.0,-1.9744802578925764,True
dp=0.010,0.01,quadratic_r2,0.7483314773547844,4.025519742107425,6.0,-1.9744802578925746,True
dp=0.010,0.01,quadratic_r2,0.7483314773547844,4.025519742107425,6.0,-1.9744802578925746,True
dp=0.010,0.01,quadratic_r2,0.7483314773547844,4.025519742107425,6.0,-1.9744802578925746,True
dp=0.010,0.01,quadratic_r2,0.7483314773547859,4.025519742107422,6.0,-1.9744802578925782,True
dp=0.010,0.01,quadratic_r2,0.7483314773547859,4.025519742107422,6.0,-1.9744802578925782,True
dp=0.010,0.01,quadratic_r2,0.7483314773547859,4.025519742107423,6.0,-1.9744802578925773,True
dp=0.010,0.01,quadratic_r2,0.7483314773547859,4.025519742107422,6.0,-1.9744802578925782,True
dp=0.010,0.01,quadratic_r2,0.7483314773547859,4.025519742107422,6.0,-1.9744802578925782,True
dp=0.010,0.01,quadratic_r2,0.7483314773547859,4.025519742107422,6.0,-1.9744802578925782,True
dp=0.010,0.01,quadratic_r2,0.7483314773547874,4.025519742107411,6.0,-1.9744802578925889,True
dp=0.010,0.01,quadratic_r2,0.7483314773547874,4.025519742107413,6.0,-1.974480257892587,True
dp=0.010,0.01,quadratic_r2,0.7483314773547874,4.025519742107413,6.0,-1.974480257892587,True
dp=0.010,0.01,quadratic_r2,0.7483314773547874,4.025519742107411,6.0,-1.9744802578925889,True
dp=0.010,0.01,quadratic_r2,0.7483314773547874,4.025519742107411,6.0,-1.9744802578925889,True
dp=0.010,0.01,quadratic_r2,0.7483314773547874,4.025519742107411,6.0,-1.9744802578925889,True
dp=0.010,0.01,quadratic_r2,0.7483314773547889,4.025519742107415,6.0,-1.9744802578925853,True
dp=0.010,0.01,quadratic_r2,0.7483314773547889,4.0255197421074165,6.0,-1.9744802578925835,True
dp=0.010,0.01,quadratic_r2,0.7483314773547889,4.025519742107415,6.0,-1.9744802578925853,True
dp=0.010,0.01,quadratic_r2,0.7483314773547889,4.025519742107415,6.0,-1.9744802578925853,True
dp=0.010,0.01,quadratic_r2,0.7483314773547889,4.0255197421074165,6.0,-1.9744802578925835,True
dp=0.010,0.01,quadratic_r2,0.7483314773547889,4.025519742107418,6.0,-1.9744802578925817,True
dp=0.010,0.01,quadratic_r2,0.7483314773547889,4.025519742107415,6.0,-1.9744802578925853,True
dp=0.010,0.01,quadratic_r2,0.7483314773547889,4.025519742107415,6.0,-1.9744802578925853,True
dp=0.010,0.01,quadratic_r2,0.748331477354789,4.025519742107411,6.0,-1.9744802578925889,True
dp=0.010,0.01,quadratic_r2,0.748331477354789,4.02551974210741,6.0,-1.9744802578925897,True
dp=0.010,0.01,quadratic_r2,0.748331477354789,4.025519742107409,6.0,-1.9744802578925906,True
dp=0.010,0.01,quadratic_r2,0.748331477354789,4.025519742107411,6.0,-1.9744802578925889,True
dp=0.010,0.01,quadratic_r2,0.7483314773547903,4.025519742107413,6.0,-1.974480257892587,True
dp=0.010,0.01,quadratic_r2,0.7483314773547903,4.025519742107411,6.0,-1.9744802578925889,True
dp=0.010,0.01,quadratic_r2,0.7483314773547903,4.025519742107411,6.0,-1.9744802578925889,True
dp=0.010,0.01,quadratic_r2,0.7483314773547903,4.025519742107412,6.0,-1.974480257892588,True
dp=0.010,0.01,quadratic_r2,0.7483314773547903,4.025519742107413,6.0,-1.974480257892587,True
dp=0.010,0.01,quadratic_r2,0.7483314773547903,4.025519742107413,6.0,-1.974480257892587,True
dp=0.010,0.01,quadratic_r2,0.7483314773547919,4.025519742107407,6.0,-1.9744802578925933,True
dp=0.010,0.01,quadratic_r2,0.7483314773547919,4.025519742107407,6.0,-1.9744802578925933,True
dp=0.010,0.01,quadratic_r2,0.7483314773547919,4.025519742107406,6.0,-1.9744802578925942,True
dp=0.010,0.01,quadratic_r2,0.7483314773547919,4.025519742107407,6.0,-1.9744802578925933,True
dp=0.010,0.01,quadratic_r2,0.7483314773547919,4.025519742107406,6.0,-1.9744802578925942,True
dp=0.010,0.01,quadratic_r2,0.7483314773547919,4.025519742107406,6.0,-1.9744802578925942,True
dp=0.010,0.01,quadratic_r2,0.7483314773547933,4.025519742107409,6.0,-1.9744802578925906,True
dp=0.010,0.01,quadratic_r2,0.7483314773547933,4.02551974210741,6.0,-1.9744802578925897,True
dp=0.010,0.01,quadratic_r2,0.7483314773547933,4.02551974210741,6.0,-1.9744802578925897,True
dp=0.010,0.01,quadratic_r2,0.7483314773547933,4.025519742107411,6.0,-1.9744802578925889,True
dp=0.010,0.01,quadratic_r2,0.7483314773547934,4.025519742107399,6.0,-1.9744802578926013,True
dp=0.010,0.01,quadratic_r2,0.7483314773547934,4.025519742107399,6.0,-1.9744802578926013,True
dp=0.010,0.01,quadratic_r2,0.7999999999999979,3.321193507683206,6.0,-2.678806492316794,True
dp=0.010,0.01,quadratic_r2,0.7999999999999979,3.3211935076832058,6.0,-2.6788064923167942,True
dp=0.010,0.01,quadratic_r2,0.7999999999999979,3.3211935076832066,6.0,-2.6788064923167934,True
dp=0.010,0.01,quadratic_r2,0.8000000000000035,3.321193507683193,6.0,-2.678806492316807,True
dp=0.010,0.01,quadratic_r2,0.8000000000000035,3.321193507683194,6.0,-2.678806492316806,True
dp=0.010,0.01,quadratic_r2,0.8000000000000035,3.3211935076831933,6.0,-2.6788064923168067,True
dp=0.010,0.01,quadratic_r2,0.8246211251235281,2.1304336891348057,6.0,-3.8695663108651943,True
dp=0.010,0.01,quadratic_r2,0.8246211251235281,2.130433689134806,6.0,-3.869566310865194,True
dp=0.010,0.01,quadratic_r2,0.8246211251235281,2.1304336891348066,6.0,-3.8695663108651934,True
dp=0.010,0.01,quadratic_r2,0.8246211251235295,2.632146107174747,6.0,-3.367853892825253,True
dp=0.010,0.01,quadratic_r2,0.8246211251235295,2.6321461071747483,6.0,-3.3678538928252517,True
dp=0.010,0.01,quadratic_r2,0.8246211251235295,2.632146107174748,6.0,-3.367853892825252,True
dp=0.010,0.01,quadratic_r2,0.8246211251235295,2.6321461071747474,6.0,-3.3678538928252526,True
dp=0.010,0.01,quadratic_r2,0.8246211251235295,2.632146107174747,6.0,-3.367853892825253,True
dp=0.010,0.01,quadratic_r2,0.8246211251235295,2.6321461071747474,6.0,-3.3678538928252526,True
dp=0.010,0.01,quadratic_r2,0.8246211251235308,2.130433689134803,6.0,-3.869566310865197,True
dp=0.010,0.01,quadratic_r2,0.8246211251235308,2.632146107174751,6.0,-3.367853892825249,True
dp=0.010,0.01,quadratic_r2,0.8246211251235308,2.130433689134804,6.0,-3.869566310865196,True
dp=0.010,0.01,quadratic_r2,0.8246211251235308,2.632146107174751,6.0,-3.367853892825249,True
dp=0.010,0.01,quadratic_r2,0.8246211251235308,2.6321461071747505,6.0,-3.3678538928252495,True
dp=0.010,0.01,quadratic_r2,0.8246211251235308,2.63214610717475,6.0,-3.36785389282525,True
dp=0.010,0.01,quadratic_r2,0.8246211251235308,2.130433689134803,6.0,-3.869566310865197,True
dp=0.010,0.01,quadratic_r2,0.8246211251235308,2.130433689134803,6.0,-3.869566310865197,True
dp=0.010,0.01,quadratic_r2,0.8246211251235308,2.63214610717475,6.0,-3.36785389282525,True
dp=0.010,0.01,quadratic_r2,0.8246211251235308,2.1304336891348035,6.0,-3.8695663108651965,True
dp=0.010,0.01,quadratic_r2,0.8246211251235308,2.130433689134803,6.0,-3.869566310865197,True
dp=0.010,0.01,quadratic_r2,0.8246211251235308,2.63214610717475,6.0,-3.36785389282525,True
dp=0.010,0.01,quadratic_r2,0.8246211251235321,2.1304336891347977,6.0,-3.8695663108652023,True
dp=0.010,0.01,quadratic_r2,0.8246211251235321,2.1304336891347977,6.0,-3.8695663108652023,True
dp=0.010,0.01,quadratic_r2,0.8246211251235321,2.1304336891347977,6.0,-3.8695663108652023,True
dp=0.010,0.01,quadratic_r2,0.8246211251235334,2.1304336891347977,6.0,-3.8695663108652023,True
dp=0.010,0.01,quadratic_r2,0.8246211251235334,2.130433689134797,6.0,-3.869566310865203,True
dp=0.010,0.01,quadratic_r2,0.8246211251235334,2.130433689134798,6.0,-3.869566310865202,True
dp=0.010,0.01,quadratic_r2,0.8246211251235348,2.632146107174741,6.0,-3.367853892825259,True
dp=0.010,0.01,quadratic_r2,0.8246211251235348,2.130433689134792,6.0,-3.869566310865208,True
dp=0.010,0.01,quadratic_r2,0.8246211251235348,2.632146107174741,6.0,-3.367853892825259,True
dp=0.010,0.01,quadratic_r2,0.8246211251235348,2.130433689134793,6.0,-3.869566310865207,True
dp=0.010,0.01,quadratic_r2,0.8246211251235348,2.130433689134791,6.0,-3.869566310865209,True
dp=0.010,0.01,quadratic_r2,0.8246211251235348,2.1304336891347924,6.0,-3.8695663108652076,True
dp=0.010,0.01,quadratic_r2,0.8246211251235348,2.6321461071747416,6.0,-3.3678538928252584,True
dp=0.010,0.01,quadratic_r2,0.8246211251235348,2.632146107174742,6.0,-3.367853892825258,True
dp=0.010,0.01,quadratic_r2,0.8246211251235348,2.632146107174741,6.0,-3.367853892825259,True
dp=0.010,0.01,quadratic_r2,0.8246211251235348,2.6321461071747416,6.0,-3.3678538928252584,True
dp=0.010,0.01,quadratic_r2,0.8246211251235348,2.1304336891347924,6.0,-3.8695663108652076,True
dp=0.010,0.01,quadratic_r2,0.8246211251235348,2.130433689134791,6.0,-3.869566310865209,True
dp=0.010,0.01,quadratic_r2,0.8246211251235361,2.6321461071747296,6.0,-3.3678538928252704,True
dp=0.010,0.01,quadratic_r2,0.8246211251235361,2.63214610717473,6.0,-3.36785389282527,True
dp=0.010,0.01,quadratic_r2,0.8246211251235361,2.6321461071747305,6.0,-3.3678538928252695,True
dp=0.010,0.01,quadratic_r2,0.8246211251235361,2.6321461071747314,6.0,-3.3678538928252686,True
dp=0.010,0.01,quadratic_r2,0.8246211251235361,2.6321461071747327,6.0,-3.3678538928252673,True
dp=0.010,0.01,quadratic_r2,0.8246211251235361,2.63214610717473,6.0,-3.36785389282527,True
dp=0.010,0.01,quadratic_r2,0.8246211251235376,2.1304336891347746,6.0,-3.8695663108652254,True
dp=0.010,0.01,quadratic_r2,0.8246211251235376,2.1304336891347764,6.0,-3.8695663108652236,True
dp=0.010,0.01,quadratic_r2,0.8246211251235376,2.130433689134775,6.0,-3.869566310865225,True
dp=0.010,0.01,quadratic_r2,0.8485281374238538,0.7392183439481805,6.0,-5.26078165605182,True
dp=0.010,0.01,quadratic_r2,0.8485281374238538,1.8595983693766984,6.0,-4.140401630623302,True
dp=0.010,0.01,quadratic_r2,0.8485281374238538,0.7392183439481805,6.0,-5.26078165605182,True
dp=0.010,0.01,quadratic_r2,0.8485281374238538,0.7392183439481806,6.0,-5.26078165605182,True
dp=0.010,0.01,quadratic_r2,0.8485281374238538,1.8595983693766975,6.0,-4.140401630623303,True
dp=0.010,0.01,quadratic_r2,0.8485281374238538,1.8595983693766975,6.0,-4.140401630623303,True
dp=0.010,0.01,quadratic_r2,0.8485281374238551,1.8595983693767004,6.0,-4.1404016306233,True
dp=0.010,0.01,quadratic_r2,0.8485281374238551,1.859598369376699,6.0,-4.140401630623301,True
dp=0.010,0.01,quadratic_r2,0.8485281374238551,1.8595983693767004,6.0,-4.1404016306233,True
dp=0.010,0.01,quadratic_r2,0.8485281374238551,1.859598369376699,6.0,-4.140401630623301,True
dp=0.010,0.01,quadratic_r2,0.8485281374238551,1.859598369376699,6.0,-4.140401630623301,True
dp=0.010,0.01,quadratic_r2,0.8485281374238551,1.8595983693766986,6.0,-4.140401630623302,True
dp=0.010,0.01,quadratic_r2,0.8485281374238565,1.859598369376688,6.0,-4.1404016306233125,True
dp=0.010,0.01,quadratic_r2,0.8485281374238565,1.859598369376688,6.0,-4.1404016306233125,True
dp=0.010,0.01,quadratic_r2,0.8485281374238565,1.8595983693766882,6.0,-4.140401630623312,True
dp=0.010,0.01,quadratic_r2,0.8485281374238577,0.7392183439481664,6.0,-5.260781656051834,True
dp=0.010,0.01,quadratic_r2,0.8485281374238577,0.7392183439481671,6.0,-5.260781656051833,True
dp=0.010,0.01,quadratic_r2,0.8485281374238577,0.7392183439481667,6.0,-5.260781656051833,True
dp=0.010,0.01,quadratic_r2,0.8485281374238577,0.7392183439481668,6.0,-5.260781656051833,True
dp=0.010,0.01,quadratic_r2,0.8485281374238577,0.7392183439481665,6.0,-5.260781656051833,True
dp=0.010,0.01,quadratic_r2,0.8485281374238577,0.7392183439481665,6.0,-5.260781656051833,True
dp=0.010,0.01,quadratic_r2,0.8485281374238591,1.8595983693766778,6.0,-4.140401630623322,True
dp=0.010,0.01,quadratic_r2,0.8485281374238591,1.8595983693766778,6.0,-4.140401630623322,True
dp=0.010,0.01,quadratic_r2,0.8485281374238591,1.8595983693766776,6.0,-4.140401630623322,True
dp=0.010,0.01,quadratic_r2,0.8485281374238604,1.8595983693766776,6.0,-4.140401630623322,True
dp=0.010,0.01,quadratic_r2,0.8485281374238604,1.8595983693766767,6.0,-4.140401630623323,True
dp=0.010,0.01,quadratic_r2,0.8485281374238604,1.8595983693766776,6.0,-4.140401630623322,True
dp=0.010,0.01,quadratic_r2,0.8485281374238604,1.8595983693766784,6.0,-4.140401630623321,True
dp=0.010,0.01,quadratic_r2,0.8485281374238604,1.8595983693766762,6.0,-4.140401630623324,True
dp=0.010,0.01,quadratic_r2,0.8485281374238604,1.8595983693766789,6.0,-4.140401630623321,True
dp=0.010,0.01,quadratic_r2,0.8485281374238616,0.7392183439481514,6.0,-5.260781656051849,True
dp=0.010,0.01,quadratic_r2,0.8485281374238616,1.8595983693766738,6.0,-4.140401630623327,True
dp=0.010,0.01,quadratic_r2,0.8485281374238616,1.8595983693766758,6.0,-4.140401630623324,True
dp=0.010,0.01,quadratic_r2,0.8485281374238616,1.8595983693766738,6.0,-4.140401630623327,True
dp=0.010,0.01,quadratic_r2,0.8485281374238616,0.73921834394815,6.0,-5.26078165605185,True
dp=0.010,0.01,quadratic_r2,0.8485281374238616,0.7392183439481519,6.0,-5.260781656051848,True
dp=0.010,0.01,quadratic_r2,0.871779788708131,0.18748460643459183,6.0,-5.812515393565408,True
dp=0.010,0.01,quadratic_r2,0.871779788708131,0.18748460643459106,6.0,-5.812515393565409,True
dp=0.010,0.01,quadratic_r2,0.871779788708131,0.187484606434592,6.0,-5.812515393565408,True
dp=0.010,0.01,quadratic_r2,0.8717797887081322,0.1874846064345907,6.0,-5.812515393565409,True
dp=0.010,0.01,quadratic_r2,0.8717797887081322,0.1874846064345907,6.0,-5.812515393565409,True
dp=0.010,0.01,quadratic_r2,0.8717797887081322,0.1874846064345909,6.0,-5.812515393565409,True
dp=0.010,0.01,quadratic_r2,0.8717797887081348,0.18748460643458117,6.0,-5.812515393565419,True
dp=0.010,0.01,quadratic_r2,0.8717797887081348,0.18748460643458117,6.0,-5.812515393565419,True
dp=0.010,0.01,quadratic_r2,0.8717797887081348,0.18748460643458073,6.0,-5.81251539356542,True
dp=0.010,0.01,quadratic_r2,0.8717797887081348,0.18748460643458176,6.0,-5.812515393565418,True
dp=0.010,0.01,quadratic_r2,0.8717797887081348,0.18748460643458162,6.0,-5.812515393565419,True
dp=0.010,0.01,quadratic_r2,0.8717797887081348,0.18748460643458167,6.0,-5.812515393565418,True
dp=0.010,0.01,quadratic_r2,0.871779788708136,0.18748460643457776,6.0,-5.812515393565422,True
dp=0.010,0.01,quadratic_r2,0.871779788708136,0.18748460643457857,6.0,-5.8125153935654215,True
dp=0.010,0.01,quadratic_r2,0.871779788708136,0.1874846064345781,6.0,-5.8125153935654215,True
dp=0.010,0.01,quadratic_r2,0.871779788708136,0.18748460643457776,6.0,-5.812515393565422,True
dp=0.010,0.01,quadratic_r2,0.871779788708136,0.1874846064345784,6.0,-5.8125153935654215,True
dp=0.010,0.01,quadratic_r2,0.871779788708136,0.18748460643457837,6.0,-5.8125153935654215,True
dp=0.010,0.01,quadratic_r2,0.8717797887081387,0.18748460643455755,6.0,-5.812515393565443,True
dp=0.010,0.01,quadratic_r2,0.8717797887081387,0.1874846064345575,6.0,-5.812515393565443,True
dp=0.010,0.01,quadratic_r2,0.8717797887081387,0.1874846064345551,6.0,-5.8125153935654446,True
dp=0.010,0.01,quadratic_r2,0.8717797887081399,0.18748460643455478,6.0,-5.812515393565445,True
dp=0.010,0.01,quadratic_r2,0.8717797887081399,0.18748460643455392,6.0,-5.812515393565446,True
dp=0.010,0.01,quadratic_r2,0.8717797887081399,0.18748460643455517,6.0,-5.8125153935654446,True
dp=0.010,0.01,quadratic_r2,0.894427190999913,-0.0925496804920966,6.0,-6.092549680492096,True
dp=0.010,0.01,quadratic_r2,0.894427190999913,-0.09254968049209693,6.0,-6.092549680492097,True
dp=0.010,0.01,quadratic_r2,0.894427190999913,-0.09254968049209598,6.0,-6.0925496804920956,True
dp=0.010,0.01,quadratic_r2,0.894427190999913,-0.09254968049209737,6.0,-6.092549680492097,True
dp=0.010,0.01,quadratic_r2,0.894427190999913,-0.09254968049209576,6.0,-6.0925496804920956,True
dp=0.010,0.01,quadratic_r2,0.894427190999913,-0.09254968049209726,6.0,-6.092549680492097,True
dp=0.010,0.01,quadratic_r2,0.8944271909999154,-0.09254968049211576,6.0,-6.092549680492116,True
dp=0.010,0.01,quadratic_r2,0.8944271909999154,-0.0925496804921151,6.0,-6.092549680492115,True
dp=0.010,0.01,quadratic_r2,0.8944271909999154,-0.0925496804921157,6.0,-6.092549680492116,True
dp=0.010,0.01,quadratic_r2,0.8944271909999154,-0.09254968049211598,6.0,-6.092549680492116,True
dp=0.010,0.01,quadratic_r2,0.8944271909999154,-0.09254968049211526,6.0,-6.092549680492115,True
dp=0.010,0.01,quadratic_r2,0.8944271909999154,-0.09254968049211548,6.0,-6.092549680492115,True
dp=0.010,0.01,quadratic_r2,0.894427190999918,-0.09254968049211781,6.0,-6.092549680492118,True
dp=0.010,0.01,quadratic_r2,0.894427190999918,-0.09254968049211737,6.0,-6.092549680492118,True
dp=0.010,0.01,quadratic_r2,0.894427190999918,-0.09254968049211737,6.0,-6.092549680492118,True
dp=0.010,0.01,quadratic_r2,0.894427190999918,-0.09254968049211815,6.0,-6.092549680492118,True
dp=0.010,0.01,quadratic_r2,0.894427190999918,-0.09254968049211793,6.0,-6.092549680492118,True
dp=0.010,0.01,quadratic_r2,0.894427190999918,-0.09254968049211704,6.0,-6.092549680492117,True
dp=0.010,0.01,quadratic_r2,0.8944271909999203,-0.09254968049213114,6.0,-6.092549680492131,True
dp=0.010,0.01,quadratic_r2,0.8944271909999203,-0.09254968049213053,6.0,-6.09254968049213,True
dp=0.010,0.01,quadratic_r2,0.8944271909999203,-0.09254968049212892,6.0,-6.092549680492129,True
dp=0.010,0.01,quadratic_r2,0.8944271909999203,-0.09254968049213091,6.0,-6.092549680492131,True
dp=0.010,0.01,quadratic_r2,0.8944271909999203,-0.0925496804921292,6.0,-6.092549680492129,True
dp=0.010,0.01,quadratic_r2,0.8944271909999203,-0.0925496804921303,6.0,-6.09254968049213,True
dp=0.010,0.01,quadratic_r2,0.9165151389911644,-0.8795324771916179,6.0,-6.879532477191618,True
dp=0.010,0.01,quadratic_r2,0.9165151389911644,-0.8795324771916179,6.0,-6.879532477191618,True
dp=0.010,0.01,quadratic_r2,0.9165151389911644,-0.8795324771916176,6.0,-6.879532477191618,True
dp=0.010,0.01,quadratic_r2,0.9165151389911644,-0.8795324771916176,6.0,-6.879532477191618,True
dp=0.010,0.01,quadratic_r2,0.9165151389911644,-0.8795324771916161,6.0,-6.879532477191616,True
dp=0.010,0.01,quadratic_r2,0.9165151389911644,-0.8795324771916158,6.0,-6.879532477191615,True
dp=0.010,0.01,quadratic_r2,0.9165151389911658,-0.8795324771916323,6.0,-6.879532477191632,True
dp=0.010,0.01,quadratic_r2,0.9165151389911658,-0.8795324771916323,6.0,-6.879532477191632,True
dp=0.010,0.01,quadratic_r2,0.9165151389911658,-0.8795324771916311,6.0,-6.879532477191631,True
dp=0.010,0.01,quadratic_r2,0.9165151389911658,-0.8795324771916306,6.0,-6.87953247719163,True
dp=0.010,0.01,quadratic_r2,0.9165151389911658,-0.8795324771916325,6.0,-6.879532477191632,True
dp=0.010,0.01,quadratic_r2,0.9165151389911658,-0.879532477191633,6.0,-6.879532477191633,True
dp=0.010,0.01,quadratic_r2,0.916515138991167,-0.879532477191642,6.0,-6.879532477191642,True
dp=0.010,0.01,quadratic_r2,0.916515138991167,-0.8795324771916426,6.0,-6.879532477191643,True
dp=0.010,0.01,quadratic_r2,0.916515138991167,-0.8795324771916426,6.0,-6.879532477191643,True
dp=0.010,0.01,quadratic_r2,0.916515138991167,-0.8795324771916416,6.0,-6.879532477191642,True
dp=0.010,0.01,quadratic_r2,0.916515138991167,-0.8795324771916421,6.0,-6.879532477191642,True
dp=0.010,0.01,quadratic_r2,0.916515138991167,-0.8795324771916411,6.0,-6.879532477191641,True
dp=0.010,0.01,quadratic_r2,0.9165151389911682,-0.8795324771916508,6.0,-6.879532477191651,True
dp=0.010,0.01,quadratic_r2,0.9165151389911682,-0.8795324771916504,6.0,-6.879532477191651,True
dp=0.010,0.01,quadratic_r2,0.9165151389911682,-0.8795324771916508,6.0,-6.879532477191651,True
dp=0.010,0.01,quadratic_r2,0.9165151389911682,-0.8795324771916508,6.0,-6.879532477191651,True
dp=0.010,0.01,quadratic_r2,0.9165151389911682,-0.8795324771916515,6.0,-6.879532477191652,True
dp=0.010,0.01,quadratic_r2,0.9165151389911682,-0.8795324771916508,6.0,-6.879532477191651,True
dp=0.010,0.01,quadratic_r2,0.9165151389911693,-0.8795324771916467,6.0,-6.879532477191646,True
dp=0.010,0.01,quadratic_r2,0.9165151389911693,-0.8795324771916471,6.0,-6.879532477191647,True
dp=0.010,0.01,quadratic_r2,0.9165151389911693,-0.8795324771916467,6.0,-6.879532477191646,True
dp=0.010,0.01,quadratic_r2,0.9165151389911693,-0.879532477191647,6.0,-6.879532477191647,True
dp=0.010,0.01,quadratic_r2,0.9165151389911693,-0.8795324771916465,6.0,-6.879532477191646,True
dp=0.010,0.01,quadratic_r2,0.9165151389911693,-0.8795324771916473,6.0,-6.879532477191647,True
dp=0.010,0.01,quadratic_r2,0.9165151389911705,-0.8795324771916568,6.0,-6.879532477191657,True
dp=0.010,0.01,quadratic_r2,0.9165151389911705,-0.8795324771916565,6.0,-6.879532477191656,True
dp=0.010,0.01,quadratic_r2,0.9165151389911705,-0.8795324771916573,6.0,-6.879532477191657,True
dp=0.010,0.01,quadratic_r2,0.9165151389911705,-0.8795324771916565,6.0,-6.879532477191656,True
dp=0.010,0.01,quadratic_r2,0.9165151389911705,-0.8795324771916554,6.0,-6.879532477191655,True
dp=0.010,0.01,quadratic_r2,0.9165151389911705,-0.8795324771916552,6.0,-6.879532477191655,True
dp=0.010,0.01,quadratic_r2,0.9165151389911717,-0.879532477191662,6.0,-6.879532477191662,True
dp=0.010,0.01,quadratic_r2,0.9165151389911717,-0.8795324771916619,6.0,-6.8795324771916615,True
dp=0.010,0.01,quadratic_r2,0.9165151389911719,-0.8795324771916674,6.0,-6.879532477191668,True
dp=0.010,0.01,quadratic_r2,0.9165151389911719,-0.8795324771916668,6.0,-6.879532477191667,True
dp=0.010,0.01,quadratic_r2,0.9165151389911719,-0.8795324771916673,6.0,-6.879532477191667,True
dp=0.010,0.01,quadratic_r2,0.9165151389911719,-0.8795324771916678,6.0,-6.879532477191668,True
dp=0.010,0.01,quadratic_r2,0.916515138991173,-0.8795324771916697,6.0,-6.8795324771916695,True
dp=0.010,0.01,quadratic_r2,0.916515138991173,-0.8795324771916697,6.0,-6.8795324771916695,True
dp=0.010,0.01,quadratic_r2,0.916515138991173,-0.8795324771916695,6.0,-6.8795324771916695,True
dp=0.010,0.01,quadratic_r2,0.916515138991173,-0.8795324771916695,6.0,-6.8795324771916695,True
dp=0.010,0.01,quadratic_r2,0.9165151389911731,-0.8795324771916748,6.0,-6.879532477191675,True
dp=0.010,0.01,quadratic_r2,0.9165151389911731,-0.8795324771916748,6.0,-6.879532477191675,True
dp=0.010,0.01,quadratic_r2,0.9380831519646818,-1.9083581394964186,6.0,-7.908358139496419,True
dp=0.010,0.01,quadratic_r2,0.9380831519646818,-1.9083581394964186,6.0,-7.908358139496419,True
dp=0.010,0.01,quadratic_r2,0.9380831519646818,-1.9083581394964182,6.0,-7.908358139496418,True
dp=0.010,0.01,quadratic_r2,0.9380831519646844,-1.9083581394964417,6.0,-7.908358139496442,True
dp=0.010,0.01,quadratic_r2,0.9380831519646844,-1.9083581394964417,6.0,-7.908358139496442,True
dp=0.010,0.01,quadratic_r2,0.9380831519646844,-1.9083581394964413,6.0,-7.908358139496441,True
dp=0.010,0.01,quadratic_r2,0.9380831519646855,-1.908358139496445,6.0,-7.908358139496445,True
dp=0.010,0.01,quadratic_r2,0.9380831519646855,-1.908358139496445,6.0,-7.908358139496445,True
dp=0.010,0.01,quadratic_r2,0.9380831519646855,-1.9083581394964446,6.0,-7.908358139496444,True
dp=0.010,0.01,quadratic_r2,0.9380831519646855,-1.9083581394964446,6.0,-7.908358139496444,True
dp=0.010,0.01,quadratic_r2,0.9380831519646855,-1.9083581394964444,6.0,-7.908358139496444,True
dp=0.010,0.01,quadratic_r2,0.9380831519646855,-1.9083581394964455,6.0,-7.908358139496445,True
dp=0.010,0.01,quadratic_r2,0.9380831519646878,-1.908358139496455,6.0,-7.908358139496455,True
dp=0.010,0.01,quadratic_r2,0.9380831519646878,-1.9083581394964553,6.0,-7.908358139496455,True
dp=0.010,0.01,quadratic_r2,0.9380831519646878,-1.9083581394964568,6.0,-7.908358139496457,True
dp=0.010,0.01,quadratic_r2,0.9380831519646878,-1.908358139496455,6.0,-7.908358139496455,True
dp=0.010,0.01,quadratic_r2,0.9380831519646878,-1.9083581394964566,6.0,-7.908358139496457,True
dp=0.010,0.01,quadratic_r2,0.9380831519646878,-1.9083581394964553,6.0,-7.908358139496455,True
dp=0.010,0.01,quadratic_r2,0.938083151964689,-1.908358139496471,6.0,-7.908358139496471,True
dp=0.010,0.01,quadratic_r2,0.938083151964689,-1.9083581394964728,6.0,-7.908358139496473,True
dp=0.010,0.01,quadratic_r2,0.938083151964689,-1.908358139496471,6.0,-7.908358139496471,True
dp=0.010,0.01,quadratic_r2,0.9380831519646915,-1.9083581394964817,6.0,-7.908358139496482,True
dp=0.010,0.01,quadratic_r2,0.9380831519646915,-1.9083581394964808,6.0,-7.908358139496481,True
dp=0.010,0.01,quadratic_r2,0.9380831519646915,-1.9083581394964813,6.0,-7.908358139496482,True
dp=0.010,0.01,quadratic_r2,0.9797958971132675,-3.28898801463839,6.0,-9.28898801463839,True
dp=0.010,0.01,quadratic_r2,0.9797958971132675,-3.288988014638391,6.0,-9.288988014638392,True
dp=0.010,0.01,quadratic_r2,0.9797958971132675,-3.2889880146383916,6.0,-9.288988014638392,True
dp=0.010,0.01,quadratic_r2,0.9797958971132699,-3.288988014638409,6.0,-9.28898801463841,True
dp=0.010,0.01,quadratic_r2,0.9797958971132699,-3.2889880146384107,6.0,-9.288988014638411,True
dp=0.010,0.01,quadratic_r2,0.9797958971132699,-3.2889880146384103,6.0,-9.28898801463841,True
dp=0.010,0.01,quadratic_r2,0.9797958971132699,-3.2889880146384094,6.0,-9.28898801463841,True
dp=0.010,0.01,quadratic_r2,0.9797958971132699,-3.288988014638409,6.0,-9.28898801463841,True
dp=0.010,0.01,quadratic_r2,0.9797958971132699,-3.2889880146384094,6.0,-9.28898801463841,True
dp=0.010,0.01,quadratic_r2,0.9797958971132721,-3.288988014638423,6.0,-9.288988014638424,True
dp=0.010,0.01,quadratic_r2,0.9797958971132721,-3.288988014638423,6.0,-9.288988014638424,True
dp=0.010,0.01,quadratic_r2,0.9797958971132721,-3.288988014638424,6.0,-9.288988014638424,True
dp=0.010,0.01,quadratic_r2,0.9797958971132721,-3.2889880146384196,6.0,-9.28898801463842,True
dp=0.010,0.01,quadratic_r2,0.9797958971132721,-3.2889880146384196,6.0,-9.28898801463842,True
dp=0.010,0.01,quadratic_r2,0.9797958971132721,-3.28898801463842,6.0,-9.28898801463842,True
dp=0.010,0.01,quadratic_r2,0.9797958971132743,-3.2889880146384334,6.0,-9.288988014638434,True
dp=0.010,0.01,quadratic_r2,0.9797958971132743,-3.288988014638434,6.0,-9.288988014638434,True
dp=0.010,0.01,quadratic_r2,0.9797958971132743,-3.288988014638434,6.0,-9.288988014638434,True
dp=0.010,0.01,quadratic_r2,0.9797958971132743,-3.2889880146384365,6.0,-9.288988014638436,True
dp=0.010,0.01,quadratic_r2,0.9797958971132743,-3.2889880146384356,6.0,-9.288988014638436,True
dp=0.010,0.01,quadratic_r2,0.9797958971132743,-3.2889880146384343,6.0,-9.288988014638434,True
dp=0.010,0.01,quadratic_r2,0.9797958971132765,-3.2889880146384525,6.0,-9.288988014638452,True
dp=0.010,0.01,quadratic_r2,0.9797958971132765,-3.2889880146384542,6.0,-9.288988014638454,True
dp=0.010,0.01,quadratic_r2,0.9797958971132765,-3.2889880146384547,6.0,-9.288988014638456,True
dp=0.010,0.01,quadratic_r2,0.999999999999997,-4.463043319022599,6.0,-10.4630433190226,True
dp=0.010,0.01,quadratic_r2,0.999999999999997,-4.4630433190226,6.0,-10.4630433190226,True
dp=0.010,0.01,quadratic_r2,0.999999999999997,-4.463043319022598,6.0,-10.4630433190226,True
dp=0.010,0.01,quadratic_r2,0.999999999999997,-4.4630433190226,6.0,-10.4630433190226,True
dp=0.010,0.01,quadratic_r2,0.999999999999997,-4.4630433190226,6.0,-10.4630433190226,True
dp=0.010,0.01,quadratic_r2,0.999999999999997,-4.463043319022599,6.0,-10.4630433190226,True
dp=0.010,0.01,quadratic_r2,0.9999999999999981,-3.8447299329085682,6.0,-9.844729932908567,True
dp=0.010,0.01,quadratic_r2,0.9999999999999981,-3.8447299329085673,6.0,-9.844729932908567,True
dp=0.010,0.01,quadratic_r2,0.9999999999999981,-3.8447299329085665,6.0,-9.844729932908567,True
dp=0.010,0.01,quadratic_r2,1.0000000000000002,-4.463043319022632,6.0,-10.463043319022631,True
dp=0.010,0.01,quadratic_r2,1.0000000000000002,-4.463043319022632,6.0,-10.463043319022631,True
dp=0.010,0.01,quadratic_r2,1.0000000000000002,-4.463043319022631,6.0,-10.463043319022631,True
dp=0.010,0.01,quadratic_r2,1.0000000000000002,-4.463043319022631,6.0,-10.463043319022631,True
dp=0.010,0.01,quadratic_r2,1.0000000000000002,-4.463043319022631,6.0,-10.463043319022631,True
dp=0.010,0.01,quadratic_r2,1.0000000000000002,-4.463043319022632,6.0,-10.463043319022631,True
dp=0.010,0.01,quadratic_r2,1.0000000000000013,-4.463043319022634,6.0,-10.463043319022635,True
dp=0.010,0.01,quadratic_r2,1.0000000000000013,-4.463043319022635,6.0,-10.463043319022635,True
dp=0.010,0.01,quadratic_r2,1.0000000000000013,-4.463043319022635,6.0,-10.463043319022635,True
dp=0.010,0.01,quadratic_r2,1.0000000000000013,-4.463043319022635,6.0,-10.463043319022635,True
dp=0.010,0.01,quadratic_r2,1.0000000000000013,-4.463043319022635,6.0,-10.463043319022635,True
dp=0.010,0.01,quadratic_r2,1.0000000000000013,-4.463043319022635,6.0,-10.463043319022635,True
dp=0.010,0.01,quadratic_r2,1.0000000000000036,-3.84472993290861,6.0,-9.84472993290861,True
dp=0.010,0.01,quadratic_r2,1.0000000000000036,-3.844729932908611,6.0,-9.84472993290861,True
dp=0.010,0.01,quadratic_r2,1.0000000000000036,-3.844729932908609,6.0,-9.84472993290861,True
dp=0.010,0.01,quadratic_r2,1.0000000000000047,-4.463043319022664,6.0,-10.463043319022663,True
dp=0.010,0.01,quadratic_r2,1.0000000000000047,-4.463043319022662,6.0,-10.463043319022663,True
dp=0.010,0.01,quadratic_r2,1.0000000000000047,-4.463043319022664,6.0,-10.463043319022663,True
dp=0.010,0.01,quadratic_r2,1.0000000000000047,-4.463043319022663,6.0,-10.463043319022663,True
dp=0.010,0.01,quadratic_r2,1.0000000000000047,-4.463043319022662,6.0,-10.463043319022663,True
dp=0.010,0.01,quadratic_r2,1.0000000000000047,-4.463043319022662,6.0,-10.463043319022663,True
dp=0.010,0.01,quadratic_r2,1.0198039027185535,-4.883494374749523,6.0,-10.883494374749523,True
dp=0.010,0.01,quadratic_r2,1.0198039027185535,-4.883494374749523,6.0,-10.883494374749523,True
dp=0.010,0.01,quadratic_r2,1.0198039027185535,-4.883494374749522,6.0,-10.883494374749521,True
dp=0.010,0.01,quadratic_r2,1.0198039027185535,-4.883494374749523,6.0,-10.883494374749523,True
dp=0.010,0.01,quadratic_r2,1.0198039027185535,-4.883494374749523,6.0,-10.883494374749523,True
dp=0.010,0.01,quadratic_r2,1.0198039027185535,-4.883494374749523,6.0,-10.883494374749523,True
dp=0.010,0.01,quadratic_r2,1.0198039027185546,-4.365020787831875,6.0,-10.365020787831874,True
dp=0.010,0.01,quadratic_r2,1.0198039027185546,-4.883494374749529,6.0,-10.883494374749528,True
dp=0.010,0.01,quadratic_r2,1.0198039027185546,-4.365020787831872,6.0,-10.365020787831872,True
dp=0.010,0.01,quadratic_r2,1.0198039027185546,-4.883494374749529,6.0,-10.883494374749528,True
dp=0.010,0.01,quadratic_r2,1.0198039027185546,-4.883494374749529,6.0,-10.883494374749528,True
dp=0.010,0.01,quadratic_r2,1.0198039027185546,-4.365020787831875,6.0,-10.365020787831874,True
dp=0.010,0.01,quadratic_r2,1.0198039027185546,-4.365020787831875,6.0,-10.365020787831874,True
dp=0.010,0.01,quadratic_r2,1.0198039027185546,-4.365020787831872,6.0,-10.365020787831872,True
dp=0.010,0.01,quadratic_r2,1.0198039027185546,-4.365020787831874,6.0,-10.365020787831874,True
dp=0.010,0.01,quadratic_r2,1.0198039027185546,-4.88349437474953,6.0,-10.88349437474953,True
dp=0.010,0.01,quadratic_r2,1.0198039027185546,-4.883494374749529,6.0,-10.883494374749528,True
dp=0.010,0.01,quadratic_r2,1.0198039027185546,-4.883494374749529,6.0,-10.883494374749528,True
dp=0.010,0.01,quadratic_r2,1.0198039027185557,-4.365020787831881,6.0,-10.365020787831881,True
dp=0.010,0.01,quadratic_r2,1.0198039027185557,-4.365020787831883,6.0,-10.365020787831883,True
dp=0.010,0.01,quadratic_r2,1.0198039027185557,-4.365020787831881,6.0,-10.365020787831881,True
dp=0.010,0.01,quadratic_r2,1.0198039027185557,-4.365020787831883,6.0,-10.365020787831883,True
dp=0.010,0.01,quadratic_r2,1.0198039027185557,-4.365020787831883,6.0,-10.365020787831883,True
dp=0.010,0.01,quadratic_r2,1.0198039027185557,-4.365020787831883,6.0,-10.365020787831883,True
dp=0.010,0.01,quadratic_r2,1.0198039027185568,-4.883494374749554,6.0,-10.883494374749553,True
dp=0.010,0.01,quadratic_r2,1.0198039027185568,-4.883494374749554,6.0,-10.883494374749553,True
dp=0.010,0.01,quadratic_r2,1.0198039027185568,-4.883494374749553,6.0,-10.883494374749553,True
dp=0.010,0.01,quadratic_r2,1.0198039027185568,-4.883494374749555,6.0,-10.883494374749555,True
dp=0.010,0.01,quadratic_r2,1.0198039027185568,-4.883494374749554,6.0,-10.883494374749553,True
dp=0.010,0.01,quadratic_r2,1.0198039027185568,-4.883494374749553,6.0,-10.883494374749553,True
dp=0.010,0.01,quadratic_r2,1.019803902718558,-4.883494374749561,6.0,-10.88349437474956,True
dp=0.010,0.01,quadratic_r2,1.019803902718558,-4.883494374749558,6.0,-10.883494374749558,True
dp=0.010,0.01,quadratic_r2,1.019803902718558,-4.88349437474956,6.0,-10.88349437474956,True
dp=0.010,0.01,quadratic_r2,1.019803902718558,-4.883494374749562,6.0,-10.883494374749562,True
dp=0.010,0.01,quadratic_r2,1.019803902718558,-4.883494374749559,6.0,-10.88349437474956,True
dp=0.010,0.01,quadratic_r2,1.019803902718558,-4.883494374749559,6.0,-10.88349437474956,True
dp=0.010,0.01,quadratic_r2,1.019803902718558,-4.883494374749558,6.0,-10.883494374749558,True
dp=0.010,0.01,quadratic_r2,1.019803902718558,-4.883494374749561,6.0,-10.88349437474956,True
dp=0.010,0.01,quadratic_r2,1.019803902718558,-4.883494374749562,6.0,-10.883494374749562,True
dp=0.010,0.01,quadratic_r2,1.019803902718558,-4.883494374749559,6.0,-10.88349437474956,True
dp=0.010,0.01,quadratic_r2,1.019803902718558,-4.883494374749558,6.0,-10.883494374749558,True
dp=0.010,0.01,quadratic_r2,1.019803902718558,-4.883494374749561,6.0,-10.88349437474956,True
dp=0.010,0.01,quadratic_r2,1.019803902718559,-4.883494374749571,6.0,-10.88349437474957,True
dp=0.010,0.01,quadratic_r2,1.019803902718559,-4.883494374749573,6.0,-10.883494374749574,True
dp=0.010,0.01,quadratic_r2,1.019803902718559,-4.883494374749572,6.0,-10.88349437474957,True
dp=0.010,0.01,quadratic_r2,1.019803902718559,-4.8834943747495725,6.0,-10.883494374749572,True
dp=0.010,0.01,quadratic_r2,1.019803902718559,-4.883494374749573,6.0,-10.883494374749574,True
dp=0.010,0.01,quadratic_r2,1.019803902718559,-4.883494374749571,6.0,-10.88349437474957,True
dp=0.010,0.01,quadratic_r2,1.01980390271856,-4.3650207878319165,6.0,-10.365020787831916,True
dp=0.010,0.01,quadratic_r2,1.01980390271856,-4.365020787831915,6.0,-10.365020787831915,True
dp=0.010,0.01,quadratic_r2,1.01980390271856,-4.3650207878319165,6.0,-10.365020787831916,True
dp=0.010,0.01,quadratic_r2,1.01980390271856,-4.3650207878319165,6.0,-10.365020787831916,True
dp=0.010,0.01,quadratic_r2,1.01980390271856,-4.365020787831915,6.0,-10.365020787831915,True
dp=0.010,0.01,quadratic_r2,1.01980390271856,-4.3650207878319165,6.0,-10.365020787831916,True
dp=0.010,0.01,quadratic_r2,1.019803902718561,-4.365020787831924,6.0,-10.365020787831924,True
dp=0.010,0.01,quadratic_r2,1.019803902718561,-4.365020787831925,6.0,-10.365020787831925,True
dp=0.010,0.01,quadratic_r2,1.019803902718561,-4.365020787831925,6.0,-10.365020787831925,True
dp=0.010,0.01,quadratic_r2,1.019803902718561,-4.365020787831925,6.0,-10.365020787831925,True
dp=0.010,0.01,quadratic_r2,1.019803902718561,-4.365020787831925,6.0,-10.365020787831925,True
dp=0.010,0.01,quadratic_r2,1.019803902718561,-4.365020787831924,6.0,-10.365020787831924,True
dp=0.010,0.01,quadratic_r2,1.019803902718561,-4.8834943747495885,6.0,-10.883494374749588,True
dp=0.010,0.01,quadratic_r2,1.019803902718561,-4.883494374749588,6.0,-10.883494374749588,True
dp=0.010,0.01,quadratic_r2,1.0198039027185613,-4.8834943747495965,6.0,-10.883494374749596,True
dp=0.010,0.01,quadratic_r2,1.0198039027185613,-4.883494374749596,6.0,-10.883494374749596,True
dp=0.010,0.01,quadratic_r2,1.0198039027185613,-4.883494374749596,6.0,-10.883494374749596,True
dp=0.010,0.01,quadratic_r2,1.0198039027185613,-4.8834943747495965,6.0,-10.883494374749596,True
dp=0.010,0.01,quadratic_r2,1.0198039027185621,-4.883494374749593,6.0,-10.883494374749592,True
dp=0.010,0.01,quadratic_r2,1.0198039027185621,-4.883494374749593,6.0,-10.883494374749592,True
dp=0.010,0.01,quadratic_r2,1.0198039027185621,-4.883494374749592,6.0,-10.883494374749592,True
dp=0.010,0.01,quadratic_r2,1.0198039027185621,-4.883494374749594,6.0,-10.883494374749594,True
dp=0.010,0.01,quadratic_r2,1.0198039027185621,-4.883494374749594,6.0,-10.883494374749594,True
dp=0.010,0.01,quadratic_r2,1.0198039027185621,-4.883494374749594,6.0,-10.883494374749594,True
dp=0.010,0.01,quadratic_r2,1.0392304845413225,-5.261797509480884,6.0,-11.261797509480884,True
dp=0.010,0.01,quadratic_r2,1.0392304845413234,-4.892325511192179,6.0,-10.89232551119218,True
dp=0.010,0.01,quadratic_r2,1.0392304845413234,-4.892325511192179,6.0,-10.89232551119218,True
dp=0.010,0.01,quadratic_r2,1.0392304845413236,-4.892325511192182,6.0,-10.892325511192183,True
dp=0.010,0.01,quadratic_r2,1.0392304845413245,-4.892325511192188,6.0,-10.892325511192187,True
dp=0.010,0.01,quadratic_r2,1.0392304845413245,-4.892325511192188,6.0,-10.892325511192187,True
dp=0.010,0.01,quadratic_r2,1.0392304845413245,-4.892325511192188,6.0,-10.892325511192187,True
dp=0.010,0.01,quadratic_r2,1.0392304845413245,-4.892325511192186,6.0,-10.892325511192187,True
dp=0.010,0.01,quadratic_r2,1.0392304845413247,-4.892325511192197,6.0,-10.892325511192197,True
dp=0.010,0.01,quadratic_r2,1.0392304845413247,-4.892325511192197,6.0,-10.892325511192197,True
dp=0.010,0.01,quadratic_r2,1.0392304845413256,-4.8923255111921975,6.0,-10.892325511192197,True
dp=0.010,0.01,quadratic_r2,1.0392304845413256,-5.261797509480906,6.0,-11.261797509480907,True
dp=0.010,0.01,quadratic_r2,1.0392304845413256,-4.8923255111921975,6.0,-10.892325511192197,True
dp=0.010,0.01,quadratic_r2,1.0392304845413256,-4.892325511192197,6.0,-10.892325511192197,True
dp=0.010,0.01,quadratic_r2,1.0392304845413256,-5.261797509480906,6.0,-11.261797509480907,True
dp=0.010,0.01,quadratic_r2,1.0392304845413256,-5.261797509480906,6.0,-11.261797509480907,True
dp=0.010,0.01,quadratic_r2,1.0392304845413287,-4.892325511192225,6.0,-10.892325511192226,True
dp=0.010,0.01,quadratic_r2,1.0392304845413287,-5.261797509480936,6.0,-11.261797509480935,True
dp=0.010,0.01,quadratic_r2,1.0392304845413287,-5.261797509480938,6.0,-11.261797509480939,True
dp=0.010,0.01,quadratic_r2,1.0392304845413287,-4.892325511192226,6.0,-10.892325511192226,True
dp=0.010,0.01,quadratic_r2,1.0392304845413287,-5.261797509480936,6.0,-11.261797509480935,True
dp=0.010,0.01,quadratic_r2,1.0392304845413287,-4.892325511192224,6.0,-10.892325511192224,True
dp=0.010,0.01,quadratic_r2,1.0392304845413298,-4.892325511192225,6.0,-10.892325511192226,True
dp=0.010,0.01,quadratic_r2,1.0392304845413298,-4.892325511192223,6.0,-10.892325511192222,True
dp=0.010,0.01,quadratic_r2,1.0392304845413298,-4.892325511192224,6.0,-10.892325511192224,True
dp=0.010,0.01,quadratic_r2,1.0392304845413298,-4.892325511192225,6.0,-10.892325511192226,True
dp=0.010,0.01,quadratic_r2,1.0392304845413298,-4.892325511192234,6.0,-10.892325511192233,True
dp=0.010,0.01,quadratic_r2,1.0392304845413298,-4.892325511192234,6.0,-10.892325511192233,True
dp=0.010,0.01,quadratic_r2,1.039230484541331,-4.89232551119224,6.0,-10.89232551119224,True
dp=0.010,0.01,quadratic_r2,1.039230484541331,-4.892325511192238,6.0,-10.892325511192238,True
dp=0.010,0.01,quadratic_r2,1.039230484541331,-4.892325511192239,6.0,-10.89232551119224,True
dp=0.010,0.01,quadratic_r2,1.039230484541332,-5.261797509480959,6.0,-11.26179750948096,True
dp=0.010,0.01,quadratic_r2,1.077032961426897,-6.080811513930176,6.0,-12.080811513930175,True
dp=0.010,0.01,quadratic_r2,1.077032961426897,-6.080811513930176,6.0,-12.080811513930175,True
dp=0.010,0.01,quadratic_r2,1.077032961426897,-6.080811513930176,6.0,-12.080811513930175,True
dp=0.010,0.01,quadratic_r2,1.077032961426897,-6.080811513930176,6.0,-12.080811513930175,True
dp=0.010,0.01,quadratic_r2,1.077032961426897,-6.080811513930176,6.0,-12.080811513930175,True
dp=0.010,0.01,quadratic_r2,1.077032961426897,-6.0808115139301755,6.0,-12.080811513930175,True
dp=0.010,0.01,quadratic_r2,1.077032961426898,-5.893776603596794,6.0,-11.893776603596795,True
dp=0.010,0.01,quadratic_r2,1.077032961426898,-5.893776603596794,6.0,-11.893776603596795,True
dp=0.010,0.01,quadratic_r2,1.077032961426898,-5.893776603596794,6.0,-11.893776603596795,True
dp=0.010,0.01,quadratic_r2,1.077032961426898,-5.893776603596791,6.0,-11.893776603596791,True
dp=0.010,0.01,quadratic_r2,1.077032961426898,-5.893776603596791,6.0,-11.893776603596791,True
dp=0.010,0.01,quadratic_r2,1.077032961426898,-5.893776603596794,6.0,-11.893776603596795,True
dp=0.010,0.01,quadratic_r2,1.0770329614268992,-6.080811513930189,6.0,-12.08081151393019,True
dp=0.010,0.01,quadratic_r2,1.0770329614268992,-6.080811513930188,6.0,-12.080811513930188,True
dp=0.010,0.01,quadratic_r2,1.0770329614268992,-6.080811513930189,6.0,-12.08081151393019,True
dp=0.010,0.01,quadratic_r2,1.0770329614268992,-6.080811513930189,6.0,-12.08081151393019,True
dp=0.010,0.01,quadratic_r2,1.0770329614268992,-6.080811513930189,6.0,-12.08081151393019,True
dp=0.010,0.01,quadratic_r2,1.0770329614268992,-6.080811513930187,6.0,-12.080811513930186,True
dp=0.010,0.01,quadratic_r2,1.0770329614269,-5.893776603596811,6.0,-11.89377660359681,True
dp=0.010,0.01,quadratic_r2,1.0770329614269,-5.89377660359681,6.0,-11.893776603596809,True
dp=0.010,0.01,quadratic_r2,1.0770329614269,-5.893776603596811,6.0,-11.89377660359681,True
dp=0.010,0.01,quadratic_r2,1.0770329614269,-5.893776603596811,6.0,-11.89377660359681,True
dp=0.010,0.01,quadratic_r2,1.0770329614269,-5.893776603596811,6.0,-11.89377660359681,True
dp=0.010,0.01,quadratic_r2,1.0770329614269,-6.080811513930196,6.0,-12.080811513930197,True
dp=0.010,0.01,quadratic_r2,1.0770329614269,-6.080811513930196,6.0,-12.080811513930197,True
dp=0.010,0.01,quadratic_r2,1.0770329614269,-5.893776603596811,6.0,-11.89377660359681,True
dp=0.010,0.01,quadratic_r2,1.0770329614269003,-6.080811513930203,6.0,-12.080811513930204,True
dp=0.010,0.01,quadratic_r2,1.0770329614269003,-6.080811513930205,6.0,-12.080811513930204,True
dp=0.010,0.01,quadratic_r2,1.0770329614269003,-6.080811513930204,6.0,-12.080811513930204,True
dp=0.010,0.01,quadratic_r2,1.0770329614269003,-6.080811513930205,6.0,-12.080811513930204,True
dp=0.010,0.01,quadratic_r2,1.0770329614269012,-6.080811513930208,6.0,-12.080811513930207,True
dp=0.010,0.01,quadratic_r2,1.0770329614269012,-6.0808115139302075,6.0,-12.080811513930207,True
dp=0.010,0.01,quadratic_r2,1.0770329614269012,-6.080811513930208,6.0,-12.080811513930207,True
dp=0.010,0.01,quadratic_r2,1.0770329614269012,-6.0808115139302075,6.0,-12.080811513930207,True
dp=0.010,0.01,quadratic_r2,1.0770329614269012,-6.0808115139302075,6.0,-12.080811513930207,True
dp=0.010,0.01,quadratic_r2,1.0770329614269012,-6.0808115139302075,6.0,-12.080811513930207,True
dp=0.010,0.01,quadratic_r2,1.077032961426902,-6.080811513930215,6.0,-12.080811513930215,True
dp=0.010,0.01,quadratic_r2,1.077032961426902,-6.080811513930214,6.0,-12.080811513930215,True
dp=0.010,0.01,quadratic_r2,1.077032961426902,-6.080811513930214,6.0,-12.080811513930215,True
dp=0.010,0.01,quadratic_r2,1.077032961426902,-6.080811513930215,6.0,-12.080811513930215,True
dp=0.010,0.01,quadratic_r2,1.0770329614269023,-6.080811513930222,6.0,-12.080811513930222,True
dp=0.010,0.01,quadratic_r2,1.0770329614269023,-6.080811513930223,6.0,-12.080811513930222,True
dp=0.010,0.01,quadratic_r2,1.0770329614269032,-5.893776603596828,6.0,-11.893776603596828,True
dp=0.010,0.01,quadratic_r2,1.0770329614269032,-5.893776603596827,6.0,-11.893776603596827,True
dp=0.010,0.01,quadratic_r2,1.0770329614269032,-6.080811513930218,6.0,-12.080811513930218,True
dp=0.010,0.01,quadratic_r2,1.0770329614269032,-5.893776603596828,6.0,-11.893776603596828,True
dp=0.010,0.01,quadratic_r2,1.0770329614269032,-5.893776603596828,6.0,-11.893776603596828,True
dp=0.010,0.01,quadratic_r2,1.0770329614269032,-5.893776603596828,6.0,-11.893776603596828,True
dp=0.010,0.01,quadratic_r2,1.0770329614269032,-5.8937766035968275,6.0,-11.893776603596827,True
dp=0.010,0.01,quadratic_r2,1.0770329614269032,-6.080811513930217,6.0,-12.080811513930218,True
dp=0.010,0.01,quadratic_r2,1.0770329614269032,-6.080811513930224,6.0,-12.080811513930225,True
dp=0.010,0.01,quadratic_r2,1.0770329614269032,-6.080811513930225,6.0,-12.080811513930225,True
dp=0.010,0.01,quadratic_r2,1.0770329614269032,-6.080811513930225,6.0,-12.080811513930225,True
dp=0.010,0.01,quadratic_r2,1.0770329614269032,-6.080811513930225,6.0,-12.080811513930225,True
dp=0.010,0.01,quadratic_r2,1.0770329614269043,-6.080811513930232,6.0,-12.080811513930232,True
dp=0.010,0.01,quadratic_r2,1.0770329614269043,-6.080811513930234,6.0,-12.080811513930234,True
dp=0.010,0.01,quadratic_r2,1.0770329614269043,-6.0808115139302314,6.0,-12.080811513930232,True
dp=0.010,0.01,quadratic_r2,1.0770329614269043,-6.0808115139302314,6.0,-12.080811513930232,True
dp=0.010,0.01,quadratic_r2,1.0770329614269043,-6.080811513930232,6.0,-12.080811513930232,True
dp=0.010,0.01,quadratic_r2,1.0770329614269043,-6.080811513930234,6.0,-12.080811513930234,True
dp=0.010,0.01,quadratic_r2,1.0770329614269052,-5.893776603596852,6.0,-11.893776603596852,True
dp=0.010,0.01,quadratic_r2,1.0770329614269052,-5.893776603596851,6.0,-11.893776603596852,True
dp=0.010,0.01,quadratic_r2,1.0770329614269052,-5.8937766035968515,6.0,-11.893776603596852,True
dp=0.010,0.01,quadratic_r2,1.0770329614269052,-5.8937766035968515,6.0,-11.893776603596852,True
dp=0.010,0.01,quadratic_r2,1.0770329614269052,-5.8937766035968515,6.0,-11.893776603596852,True
dp=0.010,0.01,quadratic_r2,1.0770329614269052,-5.893776603596851,6.0,-11.893776603596852,True
dp=0.010,0.01,quadratic_r2,1.0770329614269063,-6.08081151393025,6.0,-12.08081151393025,True
dp=0.010,0.01,quadratic_r2,1.0770329614269063,-6.080811513930251,6.0,-12.08081151393025,True
dp=0.010,0.01,quadratic_r2,1.0770329614269063,-6.080811513930252,6.0,-12.080811513930252,True
dp=0.010,0.01,quadratic_r2,1.0770329614269063,-6.080811513930251,6.0,-12.08081151393025,True
dp=0.010,0.01,quadratic_r2,1.0770329614269063,-6.08081151393025,6.0,-12.08081151393025,True
dp=0.010,0.01,quadratic_r2,1.0770329614269063,-6.08081151393025,6.0,-12.08081151393025,True
dp=0.010,0.01,quadratic_r2,1.095445115010329,-6.244210051406688,6.0,-12.244210051406688,True
dp=0.010,0.01,quadratic_r2,1.095445115010329,-6.244210051406687,6.0,-12.244210051406686,True
dp=0.010,0.01,quadratic_r2,1.095445115010329,-6.244210051406688,6.0,-12.244210051406688,True
dp=0.010,0.01,quadratic_r2,1.095445115010329,-6.244210051406688,6.0,-12.244210051406688,True
dp=0.010,0.01,quadratic_r2,1.095445115010329,-6.244210051406695,6.0,-12.244210051406695,True
dp=0.010,0.01,quadratic_r2,1.095445115010329,-6.244210051406694,6.0,-12.244210051406693,True
dp=0.010,0.01,quadratic_r2,1.09544511501033,-6.244210051406693,6.0,-12.244210051406693,True
dp=0.010,0.01,quadratic_r2,1.09544511501033,-6.244210051406693,6.0,-12.244210051406693,True
dp=0.010,0.01,quadratic_r2,1.09544511501033,-6.244210051406693,6.0,-12.244210051406693,True
dp=0.010,0.01,quadratic_r2,1.09544511501033,-6.244210051406692,6.0,-12.244210051406693,True
dp=0.010,0.01,quadratic_r2,1.0954451150103302,-6.2442100514067,6.0,-12.2442100514067,True
dp=0.010,0.01,quadratic_r2,1.0954451150103302,-6.2442100514067,6.0,-12.2442100514067,True
dp=0.010,0.01,quadratic_r2,1.095445115010331,-6.244210051406708,6.0,-12.244210051406707,True
dp=0.010,0.01,quadratic_r2,1.095445115010331,-6.244210051406709,6.0,-12.244210051406709,True
dp=0.010,0.01,quadratic_r2,1.095445115010331,-6.244210051406707,6.0,-12.244210051406707,True
dp=0.010,0.01,quadratic_r2,1.095445115010331,-6.244210051406708,6.0,-12.244210051406707,True
dp=0.010,0.01,quadratic_r2,1.095445115010331,-6.244210051406707,6.0,-12.244210051406707,True
dp=0.010,0.01,quadratic_r2,1.095445115010331,-6.244210051406709,6.0,-12.244210051406709,True
dp=0.010,0.01,quadratic_r2,1.0954451150103321,-6.244210051406718,6.0,-12.244210051406718,True
dp=0.010,0.01,quadratic_r2,1.0954451150103321,-6.244210051406718,6.0,-12.244210051406718,True
dp=0.010,0.01,quadratic_r2,1.0954451150103321,-6.244210051406718,6.0,-12.244210051406718,True
dp=0.010,0.01,quadratic_r2,1.0954451150103321,-6.244210051406718,6.0,-12.244210051406718,True
dp=0.010,0.01,quadratic_r2,1.0954451150103321,-6.244210051406718,6.0,-12.244210051406718,True
dp=0.010,0.01,quadratic_r2,1.0954451150103321,-6.244210051406718,6.0,-12.244210051406718,True
dp=0.010,0.01,quadratic_r2,1.0954451150103341,-6.24421005140673,6.0,-12.24421005140673,True
dp=0.010,0.01,quadratic_r2,1.0954451150103341,-6.24421005140673,6.0,-12.24421005140673,True
dp=0.010,0.01,quadratic_r2,1.0954451150103341,-6.24421005140673,6.0,-12.24421005140673,True
dp=0.010,0.01,quadratic_r2,1.0954451150103341,-6.24421005140673,6.0,-12.24421005140673,True
dp=0.010,0.01,quadratic_r2,1.0954451150103341,-6.24421005140673,6.0,-12.24421005140673,True
dp=0.010,0.01,quadratic_r2,1.0954451150103341,-6.24421005140673,6.0,-12.24421005140673,True
dp=0.010,0.01,quadratic_r2,1.095445115010335,-6.244210051406737,6.0,-12.244210051406737,True
dp=0.010,0.01,quadratic_r2,1.095445115010335,-6.244210051406737,6.0,-12.244210051406737,True
dp=0.010,0.01,quadratic_r2,1.095445115010335,-6.244210051406737,6.0,-12.244210051406737,True
dp=0.010,0.01,quadratic_r2,1.095445115010335,-6.244210051406737,6.0,-12.244210051406737,True
dp=0.010,0.01,quadratic_r2,1.0954451150103353,-6.2442100514067445,6.0,-12.244210051406744,True
dp=0.010,0.01,quadratic_r2,1.0954451150103353,-6.2442100514067445,6.0,-12.244210051406744,True
dp=0.010,0.01,quadratic_r2,1.0954451150103361,-6.2442100514067445,6.0,-12.244210051406744,True
dp=0.010,0.01,quadratic_r2,1.0954451150103361,-6.244210051406743,6.0,-12.244210051406743,True
dp=0.010,0.01,quadratic_r2,1.0954451150103361,-6.2442100514067445,6.0,-12.244210051406744,True
dp=0.010,0.01,quadratic_r2,1.0954451150103361,-6.2442100514067445,6.0,-12.244210051406744,True
dp=0.010,0.01,quadratic_r2,1.0954451150103361,-6.2442100514067445,6.0,-12.244210051406744,True
dp=0.010,0.01,quadratic_r2,1.0954451150103361,-6.244210051406743,6.0,-12.244210051406743,True
dp=0.010,0.01,quadratic_r2,1.0954451150103373,-6.244210051406759,6.0,-12.244210051406759,True
dp=0.010,0.01,quadratic_r2,1.0954451150103373,-6.244210051406759,6.0,-12.244210051406759,True
dp=0.010,0.01,quadratic_r2,1.0954451150103373,-6.244210051406759,6.0,-12.244210051406759,True
dp=0.010,0.01,quadratic_r2,1.0954451150103373,-6.244210051406759,6.0,-12.244210051406759,True
dp=0.010,0.01,quadratic_r2,1.0954451150103373,-6.244210051406758,6.0,-12.244210051406757,True
dp=0.010,0.01,quadratic_r2,1.0954451150103373,-6.244210051406759,6.0,-12.244210051406759,True
dp=0.010,0.01,linear_gap,4.80740671595891e-15,-327.5140547431365,-2000000000000.0,1999999999672.4858,False
dp=0.010,0.01,linear_gap,0.1999999999999974,-171.07051911418972,-200.0000000000026,28.929480885812865,True
dp=0.010,0.01,linear_gap,0.1999999999999974,-171.07051911418972,-200.0000000000026,28.929480885812865,True
dp=0.010,0.01,linear_gap,0.1999999999999974,-171.07051911418972,-200.0000000000026,28.929480885812865,True
dp=0.010,0.01,linear_gap,0.20000000000000295,-171.0705191141867,-199.99999999999704,28.929480885810335,True
dp=0.010,0.01,linear_gap,0.20000000000000295,-171.0705191141867,-199.99999999999704,28.929480885810335,True
dp=0.010,0.01,linear_gap,0.20000000000000295,-171.0705191141867,-199.99999999999704,28.929480885810335,True
dp=0.010,0.01,linear_gap,0.28284271247461534,-133.8275219396546,-141.42135623731133,7.593834297656741,True
dp=0.010,0.01,linear_gap,0.28284271247461534,-133.82752193965462,-141.42135623731133,7.593834297656713,True
dp=0.010,0.01,linear_gap,0.28284271247461534,-133.8275219396546,-141.42135623731133,7.593834297656741,True
dp=0.010,0.01,linear_gap,0.28284271247461923,-133.82752193965308,-141.42135623730937,7.5938342976562865,True
dp=0.010,0.01,linear_gap,0.28284271247461923,-133.82752193965308,-141.42135623730937,7.5938342976562865,True
dp=0.010,0.01,linear_gap,0.28284271247461923,-133.8275219396531,-141.42135623730937,7.593834297656258,True
dp=0.010,0.01,linear_gap,0.28284271247461923,-133.82752193965308,-141.42135623730937,7.5938342976562865,True
dp=0.010,0.01,linear_gap,0.28284271247461923,-133.82752193965308,-141.42135623730937,7.5938342976562865,True
dp=0.010,0.01,linear_gap,0.28284271247461923,-133.8275219396531,-141.42135623730937,7.593834297656258,True
dp=0.010,0.01,linear_gap,0.28284271247462317,-133.8275219396515,-141.4213562373074,7.593834297655917,True
dp=0.010,0.01,linear_gap,0.28284271247462317,-133.82752193965146,-141.4213562373074,7.593834297655945,True
dp=0.010,0.01,linear_gap,0.28284271247462317,-133.8275219396515,-141.4213562373074,7.593834297655917,True
dp=0.010,0.01,linear_gap,0.3464101615137709,-112.72464770705997,-115.47005383792666,2.7454061308666837,True
dp=0.010,0.01,linear_gap,0.34641016151377413,-112.72464770705916,-115.47005383792559,2.745406130866428,True
dp=0.010,0.01,linear_gap,0.34641016151377413,-112.72464770705915,-115.47005383792559,2.745406130866442,True
dp=0.010,0.01,linear_gap,0.34641016151377413,-112.72464770705915,-115.47005383792559,2.745406130866442,True
dp=0.010,0.01,linear_gap,0.3464101615137774,-112.72464770705805,-115.47005383792451,2.7454061308664564,True
dp=0.010,0.01,linear_gap,0.3464101615137774,-112.72464770705807,-115.47005383792451,2.745406130866442,True
dp=0.010,0.01,linear_gap,0.3464101615137774,-112.72464770705807,-115.47005383792451,2.745406130866442,True
dp=0.010,0.01,linear_gap,0.34641016151378057,-112.72464770705712,-115.47005383792344,2.7454061308663285,True
dp=0.010,0.01,linear_gap,0.3999999999999976,-98.70732328234311,-100.00000000000061,1.2926767176574998,True
dp=0.010,0.01,linear_gap,0.3999999999999976,-98.70732328234311,-100.00000000000061,1.2926767176574998,True
dp=0.010,0.01,linear_gap,0.3999999999999976,-98.70732328234311,-100.00000000000061,1.2926767176574998,True
dp=0.010,0.01,linear_gap,0.40000000000000313,-98.7073232823418,-99.99999999999922,1.2926767176574145,True
dp=0.010,0.01,linear_gap,0.40000000000000313,-98.7073232823418,-99.99999999999922,1.2926767176574145,True
dp=0.010,0.01,linear_gap,0.40000000000000313,-98.70732328234179,-99.99999999999922,1.2926767176574288,True
dp=0.010,0.01,linear_gap,0.4472135954999546,-88.7762377951566,-89.44271909999226,0.6664813048356564,True
dp=0.010,0.01,linear_gap,0.4472135954999546,-88.7762377951566,-89.44271909999226,0.6664813048356564,True
dp=0.010,0.01,linear_gap,0.4472135954999546,-88.77623779515662,-89.44271909999226,0.6664813048356422,True
dp=0.010,0.01,linear_gap,0.4472135954999546,-88.77623779515662,-89.44271909999226,0.6664813048356422,True
dp=0.010,0.01,linear_gap,0.4472135954999546,-88.77623779515662,-89.44271909999226,0.6664813048356422,True
dp=0.010,0.01,linear_gap,0.4472135954999546,-88.77623779515662,-89.44271909999226,0.6664813048356422,True
dp=0.010,0.01,linear_gap,0.44721359549995704,-88.77623779515619,-89.44271909999176,0.6664813048355711,True
dp=0.010,0.01,linear_gap,0.44721359549995704,-88.77623779515619,-89.44271909999176,0.6664813048355711,True
dp=0.010,0.01,linear_gap,0.44721359549995704,-88.77623779515619,-89.44271909999176,0.6664813048355711,True
dp=0.010,0.01,linear_gap,0.44721359549995704,-88.77623779515619,-89.44271909999176,0.6664813048355711,True
dp=0.010,0.01,linear_gap,0.44721359549995704,-88.77623779515619,-89.44271909999176,0.6664813048355711,True
dp=0.010,0.01,linear_gap,0.44721359549995704,-88.77623779515619,-89.44271909999176,0.6664813048355711,True
dp=0.010,0.01,linear_gap,0.4472135954999596,-88.77623779515562,-89.44271909999125,0.666481304835628,True
dp=0.010,0.01,linear_gap,0.4472135954999596,-88.77623779515562,-89.44271909999125,0.666481304835628,True
dp=0.010,0.01,linear_gap,0.4472135954999596,-88.77623779515562,-89.44271909999125,0.666481304835628,True
dp=0.010,0.01,linear_gap,0.4472135954999596,-88.77623779515564,-89.44271909999125,0.6664813048356137,True
dp=0.010,0.01,linear_gap,0.4472135954999596,-88.77623779515562,-89.44271909999125,0.666481304835628,True
dp=0.010,0.01,linear_gap,0.4472135954999596,-88.77623779515562,-89.44271909999125,0.666481304835628,True
dp=0.010,0.01,linear_gap,0.44721359549996204,-88.77623779515518,-89.44271909999077,0.6664813048355853,True
dp=0.010,0.01,linear_gap,0.44721359549996204,-88.7762377951552,-89.44271909999077,0.6664813048355711,True
dp=0.010,0.01,linear_gap,0.44721359549996204,-88.7762377951552,-89.44271909999077,0.6664813048355711,True
dp=0.010,0.01,linear_gap,0.44721359549996204,-88.77623779515518,-89.44271909999077,0.6664813048355853,True
dp=0.010,0.01,linear_gap,0.44721359549996204,-88.77623779515521,-89.44271909999077,0.6664813048355569,True
dp=0.010,0.01,linear_gap,0.44721359549996204,-88.7762377951552,-89.44271909999077,0.6664813048355711,True
dp=0.010,0.01,linear_gap,0.48989794855663155,-81.21838398762068,-81.64965809277328,0.4312741051525961,True
dp=0.010,0.01,linear_gap,0.48989794855663155,-81.21838398762071,-81.64965809277328,0.4312741051525677,True
dp=0.010,0.01,linear_gap,0.48989794855663155,-81.21838398762071,-81.64965809277328,0.4312741051525677,True
dp=0.010,0.01,linear_gap,0.48989794855663377,-81.21838398762036,-81.64965809277291,0.4312741051525535,True
dp=0.010,0.01,linear_gap,0.48989794855663377,-81.21838398762037,-81.64965809277291,0.4312741051525393,True
dp=0.010,0.01,linear_gap,0.48989794855663377,-81.21838398762036,-81.64965809277291,0.4312741051525535,True
dp=0.010,0.01,linear_gap,0.48989794855663377,-81.21838398762036,-81.64965809277291,0.4312741051525535,True
dp=0.010,0.01,linear_gap,0.48989794855663377,-81.21838398762037,-81.64965809277291,0.4312741051525393,True
dp=0.010,0.01,linear_gap,0.48989794855663377,-81.21838398762036,-81.64965809277291,0.4312741051525535,True
dp=0.010,0.01,linear_gap,0.48989794855663604,-81.21838398761999,-81.64965809277253,0.4312741051525393,True
dp=0.010,0.01,linear_gap,0.48989794855663604,-81.21838398761996,-81.64965809277253,0.4312741051525677,True
dp=0.010,0.01,linear_gap,0.48989794855663604,-81.21838398761996,-81.64965809277253,0.4312741051525677,True
dp=0.010,0.01,linear_gap,0.48989794855663604,-81.21838398761999,-81.64965809277253,0.4312741051525393,True
dp=0.010,0.01,linear_gap,0.48989794855663604,-81.21838398761996,-81.64965809277253,0.4312741051525677,True
dp=0.010,0.01,linear_gap,0.48989794855663604,-81.21838398761999,-81.64965809277253,0.4312741051525393,True
dp=0.010,0.01,linear_gap,0.48989794855663826,-81.21838398761965,-81.64965809277216,0.43127410515251086,True
dp=0.010,0.01,linear_gap,0.48989794855663826,-81.21838398761965,-81.64965809277216,0.43127410515251086,True
dp=0.010,0.01,linear_gap,0.4898979485566383,-81.21838398761957,-81.64965809277214,0.4312741051525677,True
dp=0.010,0.01,linear_gap,0.4898979485566383,-81.21838398761957,-81.64965809277214,0.4312741051525677,True
dp=0.010,0.01,linear_gap,0.4898979485566383,-81.21838398761957,-81.64965809277214,0.4312741051525677,True
dp=0.010,0.01,linear_gap,0.4898979485566383,-81.21838398761957,-81.64965809277214,0.4312741051525677,True
dp=0.010,0.01,linear_gap,0.48989794855664054,-81.21838398761923,-81.64965809277177,0.4312741051525393,True
dp=0.010,0.01,linear_gap,0.48989794855664054,-81.21838398761923,-81.64965809277177,0.4312741051525393,True
dp=0.010,0.01,linear_gap,0.48989794855664054,-81.21838398761925,-81.64965809277177,0.43127410515252507,True
dp=0.010,0.01,linear_gap,0.5656854249492346,-68.91638975323167,-70.71067811865518,1.7942883654235118,True
dp=0.010,0.01,linear_gap,0.5656854249492346,-68.91638975323167,-70.71067811865518,1.7942883654235118,True
dp=0.010,0.01,linear_gap,0.5656854249492346,-68.91638975323167,-70.71067811865518,1.7942883654235118,True
dp=0.010,0.01,linear_gap,0.5656854249492385,-68.91638975323114,-70.71067811865468,1.7942883654235402,True
dp=0.010,0.01,linear_gap,0.5656854249492385,-68.91638975323113,-70.71067811865468,1.7942883654235544,True
dp=0.010,0.01,linear_gap,0.5656854249492385,-68.91638975323114,-70.71067811865468,1.7942883654235402,True
dp=0.010,0.01,linear_gap,0.5656854249492385,-68.91638975323114,-70.71067811865468,1.7942883654235402,True
dp=0.010,0.01,linear_gap,0.5656854249492385,-68.91638975323113,-70.71067811865468,1.7942883654235544,True
dp=0.010,0.01,linear_gap,0.5656854249492385,-68.91638975323114,-70.71067811865468,1.7942883654235402,True
dp=0.010,0.01,linear_gap,0.5656854249492425,-68.91638975323062,-70.7106781186542,1.7942883654235828,True
dp=0.010,0.01,linear_gap,0.5656854249492425,-68.91638975323062,-70.7106781186542,1.7942883654235828,True
dp=0.010,0.01,linear_gap,0.5656854249492425,-68.91638975323062,-70.7106781186542,1.7942883654235828,True
dp=0.010,0.01,linear_gap,0.5999999999999959,-64.13559858503066,-66.66666666666713,2.5310680816364624,True
dp=0.010,0.01,linear_gap,0.5999999999999959,-64.13559858503065,-66.66666666666713,2.5310680816364766,True
dp=0.010,0.01,linear_gap,0.5999999999999959,-64.13559858503065,-66.66666666666713,2.5310680816364766,True
dp=0.010,0.01,linear_gap,0.5999999999999978,-65.55312927246565,-66.66666666666691,1.1135373942012592,True
dp=0.010,0.01,linear_gap,0.5999999999999978,-64.13559858503044,-66.66666666666691,2.5310680816364766,True
dp=0.010,0.01,linear_gap,0.5999999999999978,-64.13559858503044,-66.66666666666691,2.5310680816364766,True
dp=0.010,0.01,linear_gap,0.5999999999999978,-64.13559858503044,-66.66666666666691,2.5310680816364766,True
dp=0.010,0.01,linear_gap,0.5999999999999978,-65.55312927246564,-66.66666666666691,1.1135373942012734,True
dp=0.010,0.01,linear_gap,0.5999999999999978,-65.55312927246567,-66.66666666666691,1.113537394201245,True
dp=0.010,0.01,linear_gap,0.5999999999999995,-64.13559858503027,-66.66666666666671,2.531068081636448,True
dp=0.010,0.01,linear_gap,0.5999999999999995,-64.13559858503027,-66.66666666666671,2.531068081636448,True
dp=0.010,0.01,linear_gap,0.5999999999999996,-64.13559858503021,-66.66666666666671,2.531068081636505,True
dp=0.010,0.01,linear_gap,0.5999999999999996,-64.1355985850302,-66.66666666666671,2.531068081636519,True
dp=0.010,0.01,linear_gap,0.5999999999999996,-64.13559858503021,-66.66666666666671,2.531068081636505,True
dp=0.010,0.01,linear_gap,0.5999999999999996,-64.13559858503022,-66.66666666666671,2.5310680816364908,True
dp=0.010,0.01,linear_gap,0.6000000000000014,-64.13559858503004,-66.6666666666665,2.5310680816364624,True
dp=0.010,0.01,linear_gap,0.6000000000000014,-64.13559858503005,-66.6666666666665,2.531068081636448,True
dp=0.010,0.01,linear_gap,0.6000000000000014,-64.13559858503004,-66.6666666666665,2.5310680816364624,True
dp=0.010,0.01,linear_gap,0.6000000000000014,-64.13559858503005,-66.6666666666665,2.531068081636448,True
dp=0.010,0.01,linear_gap,0.6000000000000014,-64.13559858502997,-66.6666666666665,2.5310680816365334,True
dp=0.010,0.01,linear_gap,0.6000000000000014,-64.13559858502998,-66.6666666666665,2.531068081636519,True
dp=0.010,0.01,linear_gap,0.6000000000000033,-64.13559858502981,-66.6666666666663,2.5310680816364908,True
dp=0.010,0.01,linear_gap,0.6000000000000033,-65.55312927246503,-66.6666666666663,1.1135373942012734,True
dp=0.010,0.01,linear_gap,0.6000000000000033,-65.55312927246504,-66.6666666666663,1.1135373942012592,True
dp=0.010,0.01,linear_gap,0.6000000000000033,-64.13559858502983,-66.6666666666663,2.5310680816364766,True
dp=0.010,0.01,linear_gap,0.6000000000000033,-64.13559858502983,-66.6666666666663,2.5310680816364766,True
dp=0.010,0.01,linear_gap,0.6000000000000033,-65.55312927246503,-66.6666666666663,1.1135373942012734,True
dp=0.010,0.01,linear_gap,0.6000000000000052,-64.13559858502958,-66.66666666666609,2.531068081636505,True
dp=0.010,0.01,linear_gap,0.6000000000000052,-64.1355985850296,-66.66666666666609,2.5310680816364908,True
dp=0.010,0.01,linear_gap,0.6000000000000052,-64.13559858502961,-66.66666666666609,2.5310680816364766,True
dp=0.010,0.01,linear_gap,0.6324555320336729,-60.35976332176641,-63.245553203367884,2.8857898816014753,True
dp=0.010,0.01,linear_gap,0.6324555320336729,-60.35976332176639,-63.245553203367884,2.8857898816014966,True
dp=0.010,0.01,linear_gap,0.6324555320336729,-60.359763321766415,-63.245553203367884,2.885789881601468,True
dp=0.010,0.01,linear_gap,0.6324555320336729,-60.35976332176641,-63.245553203367884,2.8857898816014753,True
dp=0.010,0.01,linear_gap,0.6324555320336729,-60.35976332176642,-63.245553203367884,2.885789881601461,True
dp=0.010,0.01,linear_gap,0.6324555320336729,-60.3597633217664,-63.245553203367884,2.8857898816014824,True
dp=0.010,0.01,linear_gap,0.6324555320336746,-60.35976332176632,-63.24555320336771,2.88578988160139,True
dp=0.010,0.01,linear_gap,0.6324555320336746,-60.35976332176632,-63.24555320336771,2.88578988160139,True
dp=0.010,0.01,linear_gap,0.6324555320336746,-60.35976332176632,-63.24555320336771,2.88578988160139,True
dp=0.010,0.01,linear_gap,0.6324555320336746,-60.35976332176632,-63.24555320336771,2.88578988160139,True
dp=0.010,0.01,linear_gap,0.6324555320336746,-60.359763321766316,-63.24555320336771,2.885789881601397,True
dp=0.010,0.01,linear_gap,0.6324555320336746,-60.359763321766316,-63.24555320336771,2.885789881601397,True
dp=0.010,0.01,linear_gap,0.6324555320336781,-60.359763321765904,-63.24555320336736,2.885789881601454,True
dp=0.010,0.01,linear_gap,0.6324555320336781,-60.35976332176589,-63.24555320336736,2.885789881601468,True
dp=0.010,0.01,linear_gap,0.6324555320336781,-60.359763321765904,-63.24555320336736,2.885789881601454,True
dp=0.010,0.01,linear_gap,0.6324555320336781,-60.3597633217659,-63.24555320336736,2.885789881601461,True
dp=0.010,0.01,linear_gap,0.6324555320336781,-60.35976332176591,-63.24555320336736,2.885789881601447,True
dp=0.010,0.01,linear_gap,0.6324555320336781,-60.3597633217659,-63.24555320336736,2.885789881601461,True
dp=0.010,0.01,linear_gap,0.6324555320336798,-60.35976332176581,-63.24555320336719,2.885789881601376,True
dp=0.010,0.01,linear_gap,0.6324555320336798,-60.35976332176581,-63.24555320336719,2.885789881601376,True
dp=0.010,0.01,linear_gap,0.6324555320336798,-60.35976332176578,-63.24555320336719,2.8857898816014043,True
dp=0.010,0.01,linear_gap,0.6324555320336798,-60.3597633217658,-63.24555320336719,2.88578988160139,True
dp=0.010,0.01,linear_gap,0.6324555320336798,-60.35976332176581,-63.24555320336719,2.885789881601376,True
dp=0.010,0.01,linear_gap,0.6324555320336798,-60.35976332176581,-63.24555320336719,2.885789881601376,True
dp=0.010,0.01,linear_gap,0.6633249580710763,-54.737305711134304,-60.30226891555305,5.564963204418746,True
dp=0.010,0.01,linear_gap,0.6633249580710763,-54.73730571113428,-60.30226891555305,5.564963204418767,True
dp=0.010,0.01,linear_gap,0.6633249580710763,-54.73730571113429,-60.30226891555305,5.56496320441876,True
dp=0.010,0.01,linear_gap,0.6633249580710779,-54.73730571113415,-60.3022689155529,5.564963204418753,True
dp=0.010,0.01,linear_gap,0.6633249580710779,-54.73730571113415,-60.3022689155529,5.564963204418753,True
dp=0.010,0.01,linear_gap,0.6633249580710779,-54.737305711134155,-60.3022689155529,5.564963204418746,True
dp=0.010,0.01,linear_gap,0.6633249580710779,-54.73730571113414,-60.3022689155529,5.56496320441876,True
dp=0.010,0.01,linear_gap,0.6633249580710779,-54.73730571113417,-60.3022689155529,5.564963204418731,True
dp=0.010,0.01,linear_gap,0.6633249580710779,-54.73730571113415,-60.3022689155529,5.564963204418753,True
dp=0.010,0.01,linear_gap,0.6633249580710796,-54.73730571113399,-60.30226891555275,5.56496320441876,True
dp=0.010,0.01,linear_gap,0.6633249580710796,-54.73730571113399,-60.30226891555275,5.56496320441876,True
dp=0.010,0.01,linear_gap,0.6633249580710796,-54.73730571113399,-60.30226891555275,5.56496320441876,True
dp=0.010,0.01,linear_gap,0.6633249580710815,-54.73730571113375,-60.30226891555259,5.564963204418838,True
dp=0.010,0.01,linear_gap,0.6633249580710815,-54.73730571113373,-60.30226891555259,5.564963204418859,True
dp=0.010,0.01,linear_gap,0.6633249580710815,-54.73730571113375,-60.30226891555259,5.564963204418838,True
dp=0.010,0.01,linear_gap,0.6633249580710829,-54.73730571113373,-60.302268915552446,5.564963204418717,True
dp=0.010,0.01,linear_gap,0.6633249580710829,-54.73730571113373,-60.302268915552446,5.564963204418717,True
dp=0.010,0.01,linear_gap,0.6633249580710829,-54.73730571113373,-60.302268915552446,5.564963204418717,True
dp=0.010,0.01,linear_gap,0.6633249580710829,-54.737305711133715,-60.302268915552446,5.564963204418731,True
dp=0.010,0.01,linear_gap,0.6633249580710829,-54.737305711133715,-60.302268915552446,5.564963204418731,True
dp=0.010,0.01,linear_gap,0.6633249580710829,-54.73730571113374,-60.302268915552446,5.564963204418703,True
dp=0.010,0.01,linear_gap,0.6633249580710846,-54.737305711133565,-60.3022689155523,5.564963204418731,True
dp=0.010,0.01,linear_gap,0.6633249580710846,-54.737305711133544,-60.3022689155523,5.564963204418753,True
dp=0.010,0.01,linear_gap,0.6633249580710848,-54.737305711133445,-60.30226891555228,5.564963204418838,True
dp=0.010,0.01,linear_gap,0.6928203230275467,-47.61670852195829,-57.73502691896292,10.118318397004636,True
dp=0.010,0.01,linear_gap,0.6928203230275499,-47.61670852195806,-57.73502691896266,10.1183183970046,True
dp=0.010,0.01,linear_gap,0.6928203230275499,-47.616708521958074,-57.73502691896266,10.118318397004586,True
dp=0.010,0.01,linear_gap,0.6928203230275499,-47.616708521958074,-57.73502691896266,10.118318397004586,True
dp=0.010,0.01,linear_gap,0.6928203230275531,-47.6167085219578,-57.73502691896239,10.118318397004593,True
dp=0.010,0.01,linear_gap,0.6928203230275531,-47.6167085219578,-57.73502691896239,10.118318397004593,True
dp=0.010,0.01,linear_gap,0.6928203230275531,-47.616708521957804,-57.73502691896239,10.118318397004586,True
dp=0.010,0.01,linear_gap,0.6928203230275563,-47.616708521957555,-57.73502691896213,10.118318397004572,True
dp=0.010,0.01,linear_gap,0.7211102550927946,-39.15405869522435,-55.47001962252316,16.31596092729881,True
dp=0.010,0.01,linear_gap,0.7211102550927946,-39.15405869522433,-55.47001962252316,16.315960927298832,True
dp=0.010,0.01,linear_gap,0.7211102550927946,-39.154058695224336,-55.47001962252316,16.315960927298825,True
dp=0.010,0.01,linear_gap,0.7211102550927946,-39.154058695224336,-55.47001962252316,16.315960927298825,True
dp=0.010,0.01,linear_gap,0.7211102550927946,-39.15405869522435,-55.47001962252316,16.31596092729881,True
dp=0.010,0.01,linear_gap,0.7211102550927946,-39.15405869522434,-55.47001962252316,16.315960927298818,True
dp=0.010,0.01,linear_gap,0.7211102550927976,-39.15405869522412,-55.470019622522926,16.315960927298804,True
dp=0.010,0.01,linear_gap,0.7211102550927976,-39.15405869522412,-55.470019622522926,16.315960927298804,True
dp=0.010,0.01,linear_gap,0.7211102550927976,-39.15405869522413,-55.470019622522926,16.315960927298796,True
dp=0.010,0.01,linear_gap,0.7211102550927976,-39.15405869522412,-55.470019622522926,16.315960927298804,True
dp=0.010,0.01,linear_gap,0.7211102550927976,-39.154058695224116,-55.470019622522926,16.31596092729881,True
dp=0.010,0.01,linear_gap,0.7211102550927976,-39.15405869522412,-55.470019622522926,16.315960927298804,True
dp=0.010,0.01,linear_gap,0.7211102550927992,-39.154058695223924,-55.4700196225228,16.315960927298875,True
dp=0.010,0.01,linear_gap,0.7211102550927992,-39.154058695223924,-55.4700196225228,16.315960927298875,True
dp=0.010,0.01,linear_gap,0.7211102550927992,-39.15405869522391,-55.4700196225228,16.31596092729889,True
dp=0.010,0.01,linear_gap,0.7211102550927992,-39.15405869522391,-55.4700196225228,16.31596092729889,True
dp=0.010,0.01,linear_gap,0.7211102550927992,-39.154058695223924,-55.4700196225228,16.315960927298875,True
dp=0.010,0.01,linear_gap,0.7211102550927992,-39.15405869522391,-55.4700196225228,16.31596092729889,True
dp=0.010,0.01,linear_gap,0.7211102550928024,-39.15405869522368,-55.470019622522564,16.31596092729888,True
dp=0.010,0.01,linear_gap,0.7211102550928024,-39.15405869522369,-55.470019622522564,16.315960927298875,True
dp=0.010,0.01,linear_gap,0.7211102550928024,-39.15405869522371,-55.470019622522564,16.315960927298853,True
dp=0.010,0.01,linear_gap,0.7211102550928024,-39.15405869522368,-55.470019622522564,16.31596092729888,True
dp=0.010,0.01,linear_gap,0.7211102550928024,-39.15405869522367,-55.470019622522564,16.315960927298896,True
dp=0.010,0.01,linear_gap,0.7211102550928024,-39.154058695223696,-55.470019622522564,16.315960927298867,True
dp=0.010,0.01,linear_gap,0.7483314773547844,-33.108105661944876,-53.45224838248515,20.344142720540276,True
dp=0.010,0.01,linear_gap,0.7483314773547844,-33.108105661944876,-53.45224838248515,20.344142720540276,True
dp=0.010,0.01,linear_gap,0.7483314773547844,-33.108105661944876,-53.45224838248515,20.344142720540276,True
dp=0.010,0.01,linear_gap,0.7483314773547844,-33.108105661944876,-53.45224838248515,20.344142720540276,True
dp=0.010,0.01,linear_gap,0.7483314773547844,-33.108105661944876,-53.45224838248515,20.344142720540276,True
dp=0.010,0.01,linear_gap,0.7483314773547844,-33.108105661944876,-53.45224838248515,20.344142720540276,True
dp=0.010,0.01,linear_gap,0.7483314773547859,-33.10810566194475,-53.45224838248504,20.34414272054029,True
dp=0.010,0.01,linear_gap,0.7483314773547859,-33.10810566194475,-53.45224838248504,20.34414272054029,True
dp=0.010,0.01,linear_gap,0.7483314773547859,-33.108105661944734,-53.45224838248504,20.344142720540304,True
dp=0.010,0.01,linear_gap,0.7483314773547859,-33.10810566194475,-53.45224838248504,20.34414272054029,True
dp=0.010,0.01,linear_gap,0.7483314773547859,-33.108105661944734,-53.45224838248504,20.344142720540304,True
dp=0.010,0.01,linear_gap,0.7483314773547859,-33.10810566194473,-53.45224838248504,20.34414272054031,True
dp=0.010,0.01,linear_gap,0.7483314773547874,-33.10810566194458,-53.45224838248493,20.344142720540354,True
dp=0.010,0.01,linear_gap,0.7483314773547874,-33.10810566194458,-53.45224838248493,20.344142720540354,True
dp=0.010,0.01,linear_gap,0.7483314773547874,-33.10810566194458,-53.45224838248493,20.344142720540354,True
dp=0.010,0.01,linear_gap,0.7483314773547874,-33.10810566194458,-53.45224838248493,20.344142720540354,True
dp=0.010,0.01,linear_gap,0.7483314773547874,-33.10810566194458,-53.45224838248493,20.344142720540354,True
dp=0.010,0.01,linear_gap,0.7483314773547874,-33.10810566194458,-53.45224838248493,20.344142720540354,True
dp=0.010,0.01,linear_gap,0.7483314773547889,-33.10810566194457,-53.45224838248483,20.344142720540262,True
dp=0.010,0.01,linear_gap,0.7483314773547889,-33.10810566194459,-53.45224838248483,20.34414272054024,True
dp=0.010,0.01,linear_gap,0.7483314773547889,-33.108105661944585,-53.45224838248483,20.344142720540248,True
dp=0.010,0.01,linear_gap,0.7483314773547889,-33.10810566194457,-53.45224838248483,20.344142720540262,True
dp=0.010,0.01,linear_gap,0.7483314773547889,-33.10810566194457,-53.45224838248483,20.344142720540262,True
dp=0.010,0.01,linear_gap,0.7483314773547889,-33.10810566194459,-53.45224838248483,20.34414272054024,True
dp=0.010,0.01,linear_gap,0.7483314773547889,-33.10810566194457,-53.45224838248483,20.344142720540262,True
dp=0.010,0.01,linear_gap,0.7483314773547889,-33.10810566194456,-53.45224838248483,20.34414272054027,True
dp=0.010,0.01,linear_gap,0.748331477354789,-33.10810566194445,-53.452248382484825,20.344142720540376,True
dp=0.010,0.01,linear_gap,0.748331477354789,-33.10810566194446,-53.452248382484825,20.34414272054037,True
dp=0.010,0.01,linear_gap,0.748331477354789,-33.10810566194446,-53.452248382484825,20.34414272054037,True
dp=0.010,0.01,linear_gap,0.748331477354789,-33.10810566194446,-53.452248382484825,20.34414272054037,True
dp=0.010,0.01,linear_gap,0.7483314773547903,-33.10810566194444,-53.452248382484726,20.344142720540283,True
dp=0.010,0.01,linear_gap,0.7483314773547903,-33.108105661944435,-53.452248382484726,20.34414272054029,True
dp=0.010,0.01,linear_gap,0.7483314773547903,-33.108105661944414,-53.452248382484726,20.34414272054031,True
dp=0.010,0.01,linear_gap,0.7483314773547903,-33.10810566194445,-53.452248382484726,20.344142720540276,True
dp=0.010,0.01,linear_gap,0.7483314773547903,-33.108105661944435,-53.452248382484726,20.34414272054029,True
dp=0.010,0.01,linear_gap,0.7483314773547903,-33.10810566194445,-53.452248382484726,20.344142720540276,True
dp=0.010,0.01,linear_gap,0.7483314773547919,-33.108105661944286,-53.45224838248461,20.344142720540326,True
dp=0.010,0.01,linear_gap,0.7483314773547919,-33.10810566194428,-53.45224838248461,20.344142720540333,True
dp=0.010,0.01,linear_gap,0.7483314773547919,-33.108105661944286,-53.45224838248461,20.344142720540326,True
dp=0.010,0.01,linear_gap,0.7483314773547919,-33.108105661944286,-53.45224838248461,20.344142720540326,True
dp=0.010,0.01,linear_gap,0.7483314773547919,-33.10810566194427,-53.45224838248461,20.34414272054034,True
dp=0.010,0.01,linear_gap,0.7483314773547919,-33.108105661944286,-53.45224838248461,20.344142720540326,True
dp=0.010,0.01,linear_gap,0.7483314773547933,-33.108105661944265,-53.45224838248452,20.344142720540255,True
dp=0.010,0.01,linear_gap,0.7483314773547933,-33.10810566194429,-53.45224838248452,20.344142720540226,True
dp=0.010,0.01,linear_gap,0.7483314773547933,-33.10810566194427,-53.45224838248452,20.344142720540248,True
dp=0.010,0.01,linear_gap,0.7483314773547933,-33.10810566194428,-53.45224838248452,20.34414272054024,True
dp=0.010,0.01,linear_gap,0.7483314773547934,-33.108105661944165,-53.452248382484505,20.34414272054034,True
dp=0.010,0.01,linear_gap,0.7483314773547934,-33.108105661944144,-53.452248382484505,20.34414272054036,True
dp=0.010,0.01,linear_gap,0.7999999999999979,-23.646411535592236,-50.00000000000013,26.353588464407892,True
dp=0.010,0.01,linear_gap,0.7999999999999979,-23.64641153559223,-50.00000000000013,26.3535884644079,True
dp=0.010,0.01,linear_gap,0.7999999999999979,-23.646411535592243,-50.00000000000013,26.353588464407885,True
dp=0.010,0.01,linear_gap,0.8000000000000035,-23.64641153559189,-49.99999999999978,26.35358846440789,True
dp=0.010,0.01,linear_gap,0.8000000000000035,-23.646411535591902,-49.99999999999978,26.353588464407878,True
dp=0.010,0.01,linear_gap,0.8000000000000035,-23.64641153559189,-49.99999999999978,26.35358846440789,True
dp=0.010,0.01,linear_gap,0.8246211251235281,-10.58156025126865,-48.50712500726683,37.92556475599818,True
dp=0.010,0.01,linear_gap,0.8246211251235281,-10.581560251268646,-48.50712500726683,37.92556475599818,True
dp=0.010,0.01,linear_gap,0.8246211251235281,-10.581560251268646,-48.50712500726683,37.92556475599818,True
dp=0.010,0.01,linear_gap,0.8246211251235295,-15.78664962664351,-48.507125007266744,32.720475380623235,True
dp=0.010,0.01,linear_gap,0.8246211251235295,-15.786649626643522,-48.507125007266744,32.72047538062322,True
dp=0.010,0.01,linear_gap,0.8246211251235295,-15.78664962664352,-48.507125007266744,32.72047538062323,True
dp=0.010,0.01,linear_gap,0.8246211251235295,-15.786649626643511,-48.507125007266744,32.720475380623235,True
dp=0.010,0.01,linear_gap,0.8246211251235295,-15.786649626643506,-48.507125007266744,32.72047538062324,True
dp=0.010,0.01,linear_gap,0.8246211251235295,-15.786649626643513,-48.507125007266744,32.72047538062323,True
dp=0.010,0.01,linear_gap,0.8246211251235308,-10.58156025126857,-48.50712500726667,37.9255647559981,True
dp=0.010,0.01,linear_gap,0.8246211251235308,-15.78664962664353,-48.50712500726667,32.72047538062314,True
dp=0.010,0.01,linear_gap,0.8246211251235308,-10.581560251268579,-48.50712500726667,37.925564755998096,True
dp=0.010,0.01,linear_gap,0.8246211251235308,-15.786649626643529,-48.50712500726667,32.72047538062314,True
dp=0.010,0.01,linear_gap,0.8246211251235308,-15.786649626643527,-48.50712500726667,32.72047538062314,True
dp=0.010,0.01,linear_gap,0.8246211251235308,-15.78664962664353,-48.50712500726667,32.72047538062314,True
dp=0.010,0.01,linear_gap,0.8246211251235308,-10.581560251268568,-48.50712500726667,37.9255647559981,True
dp=0.010,0.01,linear_gap,0.8246211251235308,-10.581560251268568,-48.50712500726667,37.9255647559981,True
dp=0.010,0.01,linear_gap,0.8246211251235308,-15.786649626643522,-48.50712500726667,32.72047538062315,True
dp=0.010,0.01,linear_gap,0.8246211251235308,-10.581560251268574,-48.50712500726667,37.925564755998096,True
dp=0.010,0.01,linear_gap,0.8246211251235308,-10.581560251268568,-48.50712500726667,37.9255647559981,True
dp=0.010,0.01,linear_gap,0.8246211251235308,-15.786649626643532,-48.50712500726667,32.72047538062314,True
dp=0.010,0.01,linear_gap,0.8246211251235321,-10.581560251268469,-48.50712500726659,37.92556475599812,True
dp=0.010,0.01,linear_gap,0.8246211251235321,-10.581560251268451,-48.50712500726659,37.92556475599814,True
dp=0.010,0.01,linear_gap,0.8246211251235321,-10.581560251268467,-48.50712500726659,37.925564755998124,True
dp=0.010,0.01,linear_gap,0.8246211251235334,-10.581560251268462,-48.50712500726652,37.92556475599805,True
dp=0.010,0.01,linear_gap,0.8246211251235334,-10.581560251268453,-48.50712500726652,37.92556475599807,True
dp=0.010,0.01,linear_gap,0.8246211251235334,-10.58156025126846,-48.50712500726652,37.92556475599805,True
dp=0.010,0.01,linear_gap,0.8246211251235348,-15.786649626643326,-48.50712500726643,32.72047538062311,True
dp=0.010,0.01,linear_gap,0.8246211251235348,-10.581560251268352,-48.50712500726643,37.92556475599808,True
dp=0.010,0.01,linear_gap,0.8246211251235348,-15.786649626643316,-48.50712500726643,32.720475380623114,True
dp=0.010,0.01,linear_gap,0.8246211251235348,-10.581560251268348,-48.50712500726643,37.92556475599808,True
dp=0.010,0.01,linear_gap,0.8246211251235348,-10.581560251268334,-48.50712500726643,37.925564755998096,True
dp=0.010,0.01,linear_gap,0.8246211251235348,-10.581560251268352,-48.50712500726643,37.92556475599808,True
dp=0.010,0.01,linear_gap,0.8246211251235348,-15.786649626643326,-48.50712500726643,32.72047538062311,True
dp=0.010,0.01,linear_gap,0.8246211251235348,-15.78664962664333,-48.50712500726643,32.7204753806231,True
dp=0.010,0.01,linear_gap,0.8246211251235348,-15.786649626643323,-48.50712500726643,32.72047538062311,True
dp=0.010,0.01,linear_gap,0.8246211251235348,-15.786649626643323,-48.50712500726643,32.72047538062311,True
dp=0.010,0.01,linear_gap,0.8246211251235348,-10.581560251268352,-48.50712500726643,37.92556475599808,True
dp=0.010,0.01,linear_gap,0.8246211251235348,-10.58156025126834,-48.50712500726643,37.92556475599809,True
dp=0.010,0.01,linear_gap,0.8246211251235361,-15.786649626643186,-48.50712500726635,32.72047538062317,True
dp=0.010,0.01,linear_gap,0.8246211251235361,-15.786649626643186,-48.50712500726635,32.72047538062317,True
dp=0.010,0.01,linear_gap,0.8246211251235361,-15.786649626643193,-48.50712500726635,32.72047538062316,True
dp=0.010,0.01,linear_gap,0.8246211251235361,-15.786649626643197,-48.50712500726635,32.72047538062316,True
dp=0.010,0.01,linear_gap,0.8246211251235361,-15.786649626643197,-48.50712500726635,32.72047538062316,True
dp=0.010,0.01,linear_gap,0.8246211251235361,-15.786649626643182,-48.50712500726635,32.72047538062317,True
dp=0.010,0.01,linear_gap,0.8246211251235376,-10.581560251268112,-48.50712500726627,37.92556475599815,True
dp=0.010,0.01,linear_gap,0.8246211251235376,-10.581560251268142,-48.50712500726627,37.925564755998124,True
dp=0.010,0.01,linear_gap,0.8246211251235376,-10.581560251268114,-48.50712500726627,37.92556475599815,True
dp=0.010,0.01,linear_gap,0.8485281374238538,3.9975366365185696,-47.14045207910334,51.13798871562191,True
dp=0.010,0.01,linear_gap,0.8485281374238538,-7.427622776485345,-47.14045207910334,39.712829302618,True
dp=0.010,0.01,linear_gap,0.8485281374238538,3.9975366365185714,-47.14045207910334,51.137988715621916,True
dp=0.010,0.01,linear_gap,0.8485281374238538,3.997536636518573,-47.14045207910334,51.137988715621916,True
dp=0.010,0.01,linear_gap,0.8485281374238538,-7.427622776485334,-47.14045207910334,39.712829302618005,True
dp=0.010,0.01,linear_gap,0.8485281374238538,-7.427622776485334,-47.14045207910334,39.712829302618005,True
dp=0.010,0.01,linear_gap,0.8485281374238551,-7.427622776485326,-47.14045207910328,39.71282930261795,True
dp=0.010,0.01,linear_gap,0.8485281374238551,-7.427622776485313,-47.14045207910328,39.71282930261796,True
dp=0.010,0.01,linear_gap,0.8485281374238551,-7.427622776485322,-47.14045207910328,39.712829302617955,True
dp=0.010,0.01,linear_gap,0.8485281374238551,-7.427622776485319,-47.14045207910328,39.712829302617955,True
dp=0.010,0.01,linear_gap,0.8485281374238551,-7.427622776485318,-47.14045207910328,39.71282930261796,True
dp=0.010,0.01,linear_gap,0.8485281374238551,-7.427622776485318,-47.14045207910328,39.71282930261796,True
dp=0.010,0.01,linear_gap,0.8485281374238565,-7.4276227764851654,-47.1404520791032,39.71282930261803,True
dp=0.010,0.01,linear_gap,0.8485281374238565,-7.427622776485167,-47.1404520791032,39.71282930261803,True
dp=0.010,0.01,linear_gap,0.8485281374238565,-7.427622776485167,-47.1404520791032,39.71282930261803,True
dp=0.010,0.01,linear_gap,0.8485281374238577,3.997536636518724,-47.14045207910313,51.13798871562185,True
dp=0.010,0.01,linear_gap,0.8485281374238577,3.9975366365187246,-47.14045207910313,51.13798871562185,True
dp=0.010,0.01,linear_gap,0.8485281374238577,3.9975366365187277,-47.14045207910313,51.13798871562186,True
dp=0.010,0.01,linear_gap,0.8485281374238577,3.9975366365187277,-47.14045207910313,51.13798871562186,True
dp=0.010,0.01,linear_gap,0.8485281374238577,3.9975366365187277,-47.14045207910313,51.13798871562186,True
dp=0.010,0.01,linear_gap,0.8485281374238577,3.997536636518726,-47.14045207910313,51.13798871562185,True
dp=0.010,0.01,linear_gap,0.8485281374238591,-7.427622776485048,-47.14045207910305,39.712829302618005,True
dp=0.010,0.01,linear_gap,0.8485281374238591,-7.427622776485047,-47.14045207910305,39.712829302618005,True
dp=0.010,0.01,linear_gap,0.8485281374238591,-7.427622776485043,-47.14045207910305,39.712829302618005,True
dp=0.010,0.01,linear_gap,0.8485281374238604,-7.427622776485013,-47.14045207910298,39.71282930261796,True
dp=0.010,0.01,linear_gap,0.8485281374238604,-7.427622776485005,-47.14045207910298,39.712829302617976,True
dp=0.010,0.01,linear_gap,0.8485281374238604,-7.4276227764850145,-47.14045207910298,39.71282930261796,True
dp=0.010,0.01,linear_gap,0.8485281374238604,-7.427622776485017,-47.14045207910298,39.71282930261796,True
dp=0.010,0.01,linear_gap,0.8485281374238604,-7.427622776485003,-47.14045207910298,39.712829302617976,True
dp=0.010,0.01,linear_gap,0.8485281374238604,-7.427622776485016,-47.14045207910298,39.71282930261796,True
dp=0.010,0.01,linear_gap,0.8485281374238616,3.997536636518894,-47.140452079102914,51.13798871562181,True
dp=0.010,0.01,linear_gap,0.8485281374238616,-7.4276227764849665,-47.140452079102914,39.71282930261795,True
dp=0.010,0.01,linear_gap,0.8485281374238616,-7.427622776485004,-47.140452079102914,39.71282930261791,True
dp=0.010,0.01,linear_gap,0.8485281374238616,-7.427622776484975,-47.140452079102914,39.71282930261794,True
dp=0.010,0.01,linear_gap,0.8485281374238616,3.9975366365189147,-47.140452079102914,51.13798871562183,True
dp=0.010,0.01,linear_gap,0.8485281374238616,3.9975366365188947,-47.140452079102914,51.13798871562181,True
dp=0.010,0.01,linear_gap,0.871779788708131,9.638085671599228,-45.88314677411255,55.521232445711775,True
dp=0.010,0.01,linear_gap,0.871779788708131,9.638085671599228,-45.88314677411255,55.521232445711775,True
dp=0.010,0.01,linear_gap,0.871779788708131,9.638085671599221,-45.88314677411255,55.52123244571177,True
dp=0.010,0.01,linear_gap,0.8717797887081322,9.638085671599239,-45.88314677411248,55.52123244571172,True
dp=0.010,0.01,linear_gap,0.8717797887081322,9.638085671599239,-45.88314677411248,55.52123244571172,True
dp=0.010,0.01,linear_gap,0.8717797887081322,9.638085671599239,-45.88314677411248,55.52123244571172,True
dp=0.010,0.01,linear_gap,0.8717797887081348,9.638085671599327,-45.88314677411235,55.521232445711675,True
dp=0.010,0.01,linear_gap,0.8717797887081348,9.638085671599335,-45.88314677411235,55.52123244571168,True
dp=0.010,0.01,linear_gap,0.8717797887081348,9.63808567159934,-45.88314677411235,55.52123244571169,True
dp=0.010,0.01,linear_gap,0.8717797887081348,9.63808567159933,-45.88314677411235,55.521232445711675,True
dp=0.010,0.01,linear_gap,0.8717797887081348,9.638085671599331,-45.88314677411235,55.521232445711675,True
dp=0.010,0.01,linear_gap,0.8717797887081348,9.638085671599327,-45.88314677411235,55.521232445711675,True
dp=0.010,0.01,linear_gap,0.871779788708136,9.638085671599367,-45.883146774112284,55.52123244571165,True
dp=0.010,0.01,linear_gap,0.871779788708136,9.638085671599356,-45.883146774112284,55.52123244571164,True
dp=0.010,0.01,linear_gap,0.871779788708136,9.638085671599356,-45.883146774112284,55.52123244571164,True
dp=0.010,0.01,linear_gap,0.871779788708136,9.638085671599368,-45.883146774112284,55.521232445711654,True
dp=0.010,0.01,linear_gap,0.871779788708136,9.638085671599356,-45.883146774112284,55.52123244571164,True
dp=0.010,0.01,linear_gap,0.871779788708136,9.638085671599358,-45.883146774112284,55.52123244571164,True
dp=0.010,0.01,linear_gap,0.8717797887081387,9.638085671599567,-45.88314677411214,55.52123244571171,True
dp=0.010,0.01,linear_gap,0.8717797887081387,9.638085671599569,-45.88314677411214,55.52123244571171,True
dp=0.010,0.01,linear_gap,0.8717797887081387,9.638085671599592,-45.88314677411214,55.52123244571173,True
dp=0.010,0.01,linear_gap,0.8717797887081399,9.6380856715996,-45.88314677411208,55.521232445711675,True
dp=0.010,0.01,linear_gap,0.8717797887081399,9.638085671599603,-45.88314677411208,55.52123244571168,True
dp=0.010,0.01,linear_gap,0.8717797887081399,9.638085671599596,-45.88314677411208,55.521232445711675,True
dp=0.010,0.01,linear_gap,0.894427190999913,12.357596664711872,-44.72135954999594,57.07895621470781,True
dp=0.010,0.01,linear_gap,0.894427190999913,12.357596664711865,-44.72135954999594,57.0789562147078,True
dp=0.010,0.01,linear_gap,0.894427190999913,12.357596664711858,-44.72135954999594,57.078956214707794,True
dp=0.010,0.01,linear_gap,0.894427190999913,12.357596664711872,-44.72135954999594,57.07895621470781,True
dp=0.010,0.01,linear_gap,0.894427190999913,12.357596664711854,-44.72135954999594,57.078956214707794,True
dp=0.010,0.01,linear_gap,0.894427190999913,12.357596664711865,-44.72135954999594,57.0789562147078,True
dp=0.010,0.01,linear_gap,0.8944271909999154,12.35759666471202,-44.72135954999582,57.07895621470784,True
dp=0.010,0.01,linear_gap,0.8944271909999154,12.357596664712013,-44.72135954999582,57.07895621470783,True
dp=0.010,0.01,linear_gap,0.8944271909999154,12.357596664712027,-44.72135954999582,57.078956214707844,True
dp=0.010,0.01,linear_gap,0.8944271909999154,12.357596664712013,-44.72135954999582,57.07895621470783,True
dp=0.010,0.01,linear_gap,0.8944271909999154,12.357596664712013,-44.72135954999582,57.07895621470783,True
dp=0.010,0.01,linear_gap,0.8944271909999154,12.35759666471202,-44.72135954999582,57.07895621470784,True
dp=0.010,0.01,linear_gap,0.894427190999918,12.357596664712089,-44.72135954999569,57.07895621470778,True
dp=0.010,0.01,linear_gap,0.894427190999918,12.357596664712085,-44.72135954999569,57.07895621470777,True
dp=0.010,0.01,linear_gap,0.894427190999918,12.357596664712085,-44.72135954999569,57.07895621470777,True
dp=0.010,0.01,linear_gap,0.894427190999918,12.357596664712089,-44.72135954999569,57.07895621470778,True
dp=0.010,0.01,linear_gap,0.894427190999918,12.357596664712089,-44.72135954999569,57.07895621470778,True
dp=0.010,0.01,linear_gap,0.894427190999918,12.357596664712089,-44.72135954999569,57.07895621470778,True
dp=0.010,0.01,linear_gap,0.8944271909999203,12.357596664712151,-44.72135954999557,57.078956214707716,True
dp=0.010,0.01,linear_gap,0.8944271909999203,12.35759666471214,-44.72135954999557,57.07895621470771,True
dp=0.010,0.01,linear_gap,0.8944271909999203,12.35759666471213,-44.72135954999557,57.0789562147077,True
dp=0.010,0.01,linear_gap,0.8944271909999203,12.357596664712151,-44.72135954999557,57.078956214707716,True
dp=0.010,0.01,linear_gap,0.8944271909999203,12.357596664712126,-44.72135954999557,57.078956214707695,True
dp=0.010,0.01,linear_gap,0.8944271909999203,12.35759666471214,-44.72135954999557,57.07895621470771,True
dp=0.010,0.01,linear_gap,0.9165151389911644,19.90196473518978,-43.643578047198645,63.545542782388424,True
dp=0.010,0.01,linear_gap,0.9165151389911644,19.901964735189768,-43.643578047198645,63.54554278238841,True
dp=0.010,0.01,linear_gap,0.9165151389911644,19.901964735189775,-43.643578047198645,63.545542782388424,True
dp=0.010,0.01,linear_gap,0.9165151389911644,19.901964735189765,-43.643578047198645,63.54554278238841,True
dp=0.010,0.01,linear_gap,0.9165151389911644,19.90196473518976,-43.643578047198645,63.54554278238841,True
dp=0.010,0.01,linear_gap,0.9165151389911644,19.901964735189758,-43.643578047198645,63.5455427823884,True
dp=0.010,0.01,linear_gap,0.9165151389911658,19.90196473518984,-43.64357804719858,63.545542782388424,True
dp=0.010,0.01,linear_gap,0.9165151389911658,19.901964735189846,-43.64357804719858,63.545542782388424,True
dp=0.010,0.01,linear_gap,0.9165151389911658,19.901964735189836,-43.64357804719858,63.54554278238842,True
dp=0.010,0.01,linear_gap,0.9165151389911658,19.901964735189832,-43.64357804719858,63.54554278238841,True
dp=0.010,0.01,linear_gap,0.9165151389911658,19.901964735189843,-43.64357804719858,63.545542782388424,True
dp=0.010,0.01,linear_gap,0.9165151389911658,19.901964735189843,-43.64357804719858,63.545542782388424,True
dp=0.010,0.01,linear_gap,0.916515138991167,19.901964735189942,-43.643578047198524,63.545542782388466,True
dp=0.010,0.01,linear_gap,0.916515138991167,19.901964735189942,-43.643578047198524,63.545542782388466,True
dp=0.010,0.01,linear_gap,0.916515138991167,19.90196473518994,-43.643578047198524,63.545542782388466,True
dp=0.010,0.01,linear_gap,0.916515138991167,19.901964735189935,-43.643578047198524,63.54554278238846,True
dp=0.010,0.01,linear_gap,0.916515138991167,19.901964735189942,-43.643578047198524,63.545542782388466,True
dp=0.010,0.01,linear_gap,0.916515138991167,19.90196473518994,-43.643578047198524,63.545542782388466,True
dp=0.010,0.01,linear_gap,0.9165151389911682,19.901964735190028,-43.64357804719847,63.545542782388495,True
dp=0.010,0.01,linear_gap,0.9165151389911682,19.901964735190028,-43.64357804719847,63.545542782388495,True
dp=0.010,0.01,linear_gap,0.9165151389911682,19.901964735190028,-43.64357804719847,63.545542782388495,True
dp=0.010,0.01,linear_gap,0.9165151389911682,19.901964735190028,-43.64357804719847,63.545542782388495,True
dp=0.010,0.01,linear_gap,0.9165151389911682,19.901964735190035,-43.64357804719847,63.5455427823885,True
dp=0.010,0.01,linear_gap,0.9165151389911682,19.90196473519003,-43.64357804719847,63.545542782388495,True
dp=0.010,0.01,linear_gap,0.9165151389911693,19.901964735189935,-43.64357804719841,63.545542782388345,True
dp=0.010,0.01,linear_gap,0.9165151389911693,19.90196473518994,-43.64357804719841,63.54554278238835,True
dp=0.010,0.01,linear_gap,0.9165151389911693,19.90196473518995,-43.64357804719841,63.54554278238836,True
dp=0.010,0.01,linear_gap,0.9165151389911693,19.90196473518994,-43.64357804719841,63.54554278238835,True
dp=0.010,0.01,linear_gap,0.9165151389911693,19.90196473518994,-43.64357804719841,63.54554278238835,True
dp=0.010,0.01,linear_gap,0.9165151389911693,19.901964735189946,-43.64357804719841,63.54554278238835,True
dp=0.010,0.01,linear_gap,0.9165151389911705,19.901964735190045,-43.64357804719835,63.545542782388395,True
dp=0.010,0.01,linear_gap,0.9165151389911705,19.901964735190038,-43.64357804719835,63.545542782388395,True
dp=0.010,0.01,linear_gap,0.9165151389911705,19.90196473519004,-43.64357804719835,63.545542782388395,True
dp=0.010,0.01,linear_gap,0.9165151389911705,19.901964735190035,-43.64357804719835,63.54554278238839,True
dp=0.010,0.01,linear_gap,0.9165151389911705,19.901964735190028,-43.64357804719835,63.54554278238838,True
dp=0.010,0.01,linear_gap,0.9165151389911705,19.90196473519003,-43.64357804719835,63.54554278238838,True
dp=0.010,0.01,linear_gap,0.9165151389911717,19.901964735190045,-43.6435780471983,63.54554278238834,True
dp=0.010,0.01,linear_gap,0.9165151389911717,19.901964735190045,-43.6435780471983,63.54554278238834,True
dp=0.010,0.01,linear_gap,0.9165151389911719,19.901964735190145,-43.64357804719829,63.54554278238844,True
dp=0.010,0.01,linear_gap,0.9165151389911719,19.90196473519014,-43.64357804719829,63.54554278238843,True
dp=0.010,0.01,linear_gap,0.9165151389911719,19.901964735190138,-43.64357804719829,63.545542782388424,True
dp=0.010,0.01,linear_gap,0.9165151389911719,19.90196473519014,-43.64357804719829,63.54554278238843,True
dp=0.010,0.01,linear_gap,0.916515138991173,19.90196473519012,-43.64357804719824,63.54554278238836,True
dp=0.010,0.01,linear_gap,0.916515138991173,19.901964735190127,-43.64357804719824,63.54554278238837,True
dp=0.010,0.01,linear_gap,0.916515138991173,19.901964735190123,-43.64357804719824,63.54554278238837,True
dp=0.010,0.01,linear_gap,0.916515138991173,19.901964735190113,-43.64357804719824,63.54554278238835,True
dp=0.010,0.01,linear_gap,0.9165151389911731,19.90196473519022,-43.64357804719823,63.54554278238845,True
dp=0.010,0.01,linear_gap,0.9165151389911731,19.901964735190216,-43.64357804719823,63.54554278238845,True
dp=0.010,0.01,linear_gap,0.9380831519646818,29.52763353621012,-42.64014327112227,72.16777680733239,True
dp=0.010,0.01,linear_gap,0.9380831519646818,29.52763353621012,-42.64014327112227,72.16777680733239,True
dp=0.010,0.01,linear_gap,0.9380831519646818,29.527633536210125,-42.64014327112227,72.16777680733239,True
dp=0.010,0.01,linear_gap,0.9380831519646844,29.527633536210285,-42.640143271122156,72.16777680733244,True
dp=0.010,0.01,linear_gap,0.9380831519646844,29.527633536210285,-42.640143271122156,72.16777680733244,True
dp=0.010,0.01,linear_gap,0.9380831519646844,29.52763353621029,-42.640143271122156,72.16777680733244,True
dp=0.010,0.01,linear_gap,0.9380831519646855,29.527633536210285,-42.640143271122106,72.16777680733239,True
dp=0.010,0.01,linear_gap,0.9380831519646855,29.52763353621028,-42.640143271122106,72.16777680733239,True
dp=0.010,0.01,linear_gap,0.9380831519646855,29.527633536210285,-42.640143271122106,72.16777680733239,True
dp=0.010,0.01,linear_gap,0.9380831519646855,29.527633536210278,-42.640143271122106,72.16777680733239,True
dp=0.010,0.01,linear_gap,0.9380831519646855,29.527633536210278,-42.640143271122106,72.16777680733239,True
dp=0.010,0.01,linear_gap,0.9380831519646855,29.527633536210285,-42.640143271122106,72.16777680733239,True
dp=0.010,0.01,linear_gap,0.9380831519646878,29.527633536210363,-42.640143271122,72.16777680733236,True
dp=0.010,0.01,linear_gap,0.9380831519646878,29.52763353621036,-42.640143271122,72.16777680733236,True
dp=0.010,0.01,linear_gap,0.9380831519646878,29.527633536210384,-42.640143271122,72.16777680733239,True
dp=0.010,0.01,linear_gap,0.9380831519646878,29.52763353621037,-42.640143271122,72.16777680733237,True
dp=0.010,0.01,linear_gap,0.9380831519646878,29.527633536210384,-42.640143271122,72.16777680733239,True
dp=0.010,0.01,linear_gap,0.9380831519646878,29.52763353621037,-42.640143271122,72.16777680733237,True
dp=0.010,0.01,linear_gap,0.938083151964689,29.52763353621047,-42.64014327112194,72.16777680733242,True
dp=0.010,0.01,linear_gap,0.938083151964689,29.527633536210484,-42.64014327112194,72.16777680733243,True
dp=0.010,0.01,linear_gap,0.938083151964689,29.52763353621047,-42.64014327112194,72.16777680733242,True
dp=0.010,0.01,linear_gap,0.9380831519646915,29.527633536210548,-42.640143271121836,72.16777680733239,True
dp=0.010,0.01,linear_gap,0.9380831519646915,29.527633536210555,-42.640143271121836,72.16777680733239,True
dp=0.010,0.01,linear_gap,0.9380831519646915,29.527633536210555,-42.640143271121836,72.16777680733239,True
dp=0.010,0.01,linear_gap,0.9797958971132675,41.602992529063755,-40.824829046386455,82.42782157545021,True
dp=0.010,0.01,linear_gap,0.9797958971132675,41.602992529063755,-40.824829046386455,82.42782157545021,True
dp=0.010,0.01,linear_gap,0.9797958971132675,41.602992529063755,-40.824829046386455,82.42782157545021,True
dp=0.010,0.01,linear_gap,0.9797958971132699,41.60299252906388,-40.824829046386355,82.42782157545024,True
dp=0.010,0.01,linear_gap,0.9797958971132699,41.6029925290639,-40.824829046386355,82.42782157545025,True
dp=0.010,0.01,linear_gap,0.9797958971132699,41.6029925290639,-40.824829046386355,82.42782157545025,True
dp=0.010,0.01,linear_gap,0.9797958971132699,41.60299252906388,-40.824829046386355,82.42782157545024,True
dp=0.010,0.01,linear_gap,0.9797958971132699,41.60299252906387,-40.824829046386355,82.42782157545022,True
dp=0.010,0.01,linear_gap,0.9797958971132699,41.60299252906388,-40.824829046386355,82.42782157545024,True
dp=0.010,0.01,linear_gap,0.9797958971132721,41.60299252906393,-40.82482904638626,82.4278215754502,True
dp=0.010,0.01,linear_gap,0.9797958971132721,41.60299252906393,-40.82482904638626,82.4278215754502,True
dp=0.010,0.01,linear_gap,0.9797958971132721,41.60299252906393,-40.82482904638626,82.4278215754502,True
dp=0.010,0.01,linear_gap,0.9797958971132721,41.602992529063904,-40.82482904638626,82.42782157545017,True
dp=0.010,0.01,linear_gap,0.9797958971132721,41.602992529063904,-40.82482904638626,82.42782157545017,True
dp=0.010,0.01,linear_gap,0.9797958971132721,41.60299252906391,-40.82482904638626,82.42782157545017,True
dp=0.010,0.01,linear_gap,0.9797958971132743,41.60299252906395,-40.82482904638617,82.42782157545011,True
dp=0.010,0.01,linear_gap,0.9797958971132743,41.602992529063954,-40.82482904638617,82.42782157545012,True
dp=0.010,0.01,linear_gap,0.9797958971132743,41.602992529063954,-40.82482904638617,82.42782157545012,True
dp=0.010,0.01,linear_gap,0.9797958971132743,41.60299252906397,-40.82482904638617,82.42782157545014,True
dp=0.010,0.01,linear_gap,0.9797958971132743,41.60299252906398,-40.82482904638617,82.42782157545015,True
dp=0.010,0.01,linear_gap,0.9797958971132743,41.60299252906397,-40.82482904638617,82.42782157545014,True
dp=0.010,0.01,linear_gap,0.9797958971132765,41.602992529064,-40.82482904638608,82.42782157545008,True
dp=0.010,0.01,linear_gap,0.9797958971132765,41.60299252906402,-40.82482904638608,82.4278215754501,True
dp=0.010,0.01,linear_gap,0.9797958971132765,41.60299252906402,-40.82482904638608,82.4278215754501,True
dp=0.010,0.01,linear_gap,0.999999999999997,51.96423233401586,-40.00000000000012,91.96423233401597,True
dp=0.010,0.01,linear_gap,0.999999999999997,51.96423233401587,-40.00000000000012,91.96423233401599,True
dp=0.010,0.01,linear_gap,0.999999999999997,51.96423233401586,-40.00000000000012,91.96423233401597,True
dp=0.010,0.01,linear_gap,0.999999999999997,51.96423233401587,-40.00000000000012,91.96423233401599,True
dp=0.010,0.01,linear_gap,0.999999999999997,51.96423233401586,-40.00000000000012,91.96423233401597,True
dp=0.010,0.01,linear_gap,0.999999999999997,51.96423233401587,-40.00000000000012,91.96423233401599,True
dp=0.010,0.01,linear_gap,0.9999999999999981,45.94900949472281,-40.00000000000008,85.94900949472289,True
dp=0.010,0.01,linear_gap,0.9999999999999981,45.94900949472281,-40.00000000000008,85.94900949472289,True
dp=0.010,0.01,linear_gap,0.9999999999999981,45.949009494722794,-40.00000000000008,85.94900949472287,True
dp=0.010,0.01,linear_gap,1.0000000000000002,51.96423233401599,-39.999999999999986,91.96423233401597,True
dp=0.010,0.01,linear_gap,1.0000000000000002,51.96423233401599,-39.999999999999986,91.96423233401597,True
dp=0.010,0.01,linear_gap,1.0000000000000002,51.96423233401599,-39.999999999999986,91.96423233401597,True
dp=0.010,0.01,linear_gap,1.0000000000000002,51.96423233401599,-39.999999999999986,91.96423233401597,True
dp=0.010,0.01,linear_gap,1.0000000000000002,51.96423233401598,-39.999999999999986,91.96423233401597,True
dp=0.010,0.01,linear_gap,1.0000000000000002,51.96423233401598,-39.999999999999986,91.96423233401597,True
dp=0.010,0.01,linear_gap,1.0000000000000013,51.96423233401597,-39.99999999999994,91.96423233401592,True
dp=0.010,0.01,linear_gap,1.0000000000000013,51.96423233401596,-39.99999999999994,91.9642323340159,True
dp=0.010,0.01,linear_gap,1.0000000000000013,51.96423233401596,-39.99999999999994,91.9642323340159,True
dp=0.010,0.01,linear_gap,1.0000000000000013,51.96423233401597,-39.99999999999994,91.96423233401592,True
dp=0.010,0.01,linear_gap,1.0000000000000013,51.96423233401596,-39.99999999999994,91.9642323340159,True
dp=0.010,0.01,linear_gap,1.0000000000000013,51.96423233401597,-39.99999999999994,91.96423233401592,True
dp=0.010,0.01,linear_gap,1.0000000000000036,45.949009494723,-39.99999999999985,85.94900949472284,True
dp=0.010,0.01,linear_gap,1.0000000000000036,45.949009494723,-39.99999999999985,85.94900949472284,True
dp=0.010,0.01,linear_gap,1.0000000000000036,45.949009494722986,-39.99999999999985,85.94900949472284,True
dp=0.010,0.01,linear_gap,1.0000000000000047,51.96423233401612,-39.99999999999981,91.96423233401592,True
dp=0.010,0.01,linear_gap,1.0000000000000047,51.964232334016096,-39.99999999999981,91.9642323340159,True
dp=0.010,0.01,linear_gap,1.0000000000000047,51.96423233401611,-39.99999999999981,91.96423233401592,True
dp=0.010,0.01,linear_gap,1.0000000000000047,51.964232334016096,-39.99999999999981,91.9642323340159,True
dp=0.010,0.01,linear_gap,1.0000000000000047,51.96423233401609,-39.99999999999981,91.96423233401589,True
dp=0.010,0.01,linear_gap,1.0000000000000047,51.96423233401609,-39.99999999999981,91.96423233401589,True
dp=0.010,0.01,linear_gap,1.0198039027185535,55.01288739701604,-39.22322702763694,94.23611442465298,True
dp=0.010,0.01,linear_gap,1.0198039027185535,55.012887397016044,-39.22322702763694,94.23611442465298,True
dp=0.010,0.01,linear_gap,1.0198039027185535,55.01288739701603,-39.22322702763694,94.23611442465297,True
dp=0.010,0.01,linear_gap,1.0198039027185535,55.01288739701603,-39.22322702763694,94.23611442465297,True
dp=0.010,0.01,linear_gap,1.0198039027185535,55.01288739701604,-39.22322702763694,94.23611442465298,True
dp=0.010,0.01,linear_gap,1.0198039027185535,55.01288739701603,-39.22322702763694,94.23611442465297,True
dp=0.010,0.01,linear_gap,1.0198039027185546,50.043301281583325,-39.223227027636895,89.26652830922022,True
dp=0.010,0.01,linear_gap,1.0198039027185546,55.012887397016044,-39.223227027636895,94.23611442465294,True
dp=0.010,0.01,linear_gap,1.0198039027185546,50.043301281583304,-39.223227027636895,89.2665283092202,True
dp=0.010,0.01,linear_gap,1.0198039027185546,55.01288739701604,-39.223227027636895,94.23611442465292,True
dp=0.010,0.01,linear_gap,1.0198039027185546,55.01288739701605,-39.223227027636895,94.23611442465295,True
dp=0.010,0.01,linear_gap,1.0198039027185546,50.04330128158333,-39.223227027636895,89.26652830922023,True
dp=0.010,0.01,linear_gap,1.0198039027185546,50.043301281583325,-39.223227027636895,89.26652830922022,True
dp=0.010,0.01,linear_gap,1.0198039027185546,50.04330128158331,-39.223227027636895,89.2665283092202,True
dp=0.010,0.01,linear_gap,1.0198039027185546,50.043301281583325,-39.223227027636895,89.26652830922022,True
dp=0.010,0.01,linear_gap,1.0198039027185546,55.01288739701604,-39.223227027636895,94.23611442465292,True
dp=0.010,0.01,linear_gap,1.0198039027185546,55.012887397016044,-39.223227027636895,94.23611442465294,True
dp=0.010,0.01,linear_gap,1.0198039027185546,55.012887397016044,-39.223227027636895,94.23611442465294,True
dp=0.010,0.01,linear_gap,1.0198039027185557,50.043301281583354,-39.22322702763685,89.2665283092202,True
dp=0.010,0.01,linear_gap,1.0198039027185557,50.04330128158336,-39.22322702763685,89.2665283092202,True
dp=0.010,0.01,linear_gap,1.0198039027185557,50.043301281583354,-39.22322702763685,89.2665283092202,True
dp=0.010,0.01,linear_gap,1.0198039027185557,50.043301281583354,-39.22322702763685,89.2665283092202,True
dp=0.010,0.01,linear_gap,1.0198039027185557,50.043301281583354,-39.22322702763685,89.2665283092202,True
dp=0.010,0.01,linear_gap,1.0198039027185557,50.043301281583354,-39.22322702763685,89.2665283092202,True
dp=0.010,0.01,linear_gap,1.0198039027185568,55.012887397016186,-39.22322702763681,94.236114424653,True
dp=0.010,0.01,linear_gap,1.0198039027185568,55.01288739701617,-39.22322702763681,94.23611442465298,True
dp=0.010,0.01,linear_gap,1.0198039027185568,55.012887397016165,-39.22322702763681,94.23611442465298,True
dp=0.010,0.01,linear_gap,1.0198039027185568,55.01288739701617,-39.22322702763681,94.23611442465298,True
dp=0.010,0.01,linear_gap,1.0198039027185568,55.012887397016165,-39.22322702763681,94.23611442465298,True
dp=0.010,0.01,linear_gap,1.0198039027185568,55.012887397016165,-39.22322702763681,94.23611442465298,True
dp=0.010,0.01,linear_gap,1.019803902718558,55.012887397016186,-39.22322702763677,94.23611442465295,True
dp=0.010,0.01,linear_gap,1.019803902718558,55.01288739701617,-39.22322702763677,94.23611442465294,True
dp=0.010,0.01,linear_gap,1.019803902718558,55.01288739701618,-39.22322702763677,94.23611442465295,True
dp=0.010,0.01,linear_gap,1.019803902718558,55.01288739701619,-39.22322702763677,94.23611442465295,True
dp=0.010,0.01,linear_gap,1.019803902718558,55.012887397016165,-39.22322702763677,94.23611442465292,True
dp=0.010,0.01,linear_gap,1.019803902718558,55.012887397016186,-39.22322702763677,94.23611442465295,True
dp=0.010,0.01,linear_gap,1.019803902718558,55.01288739701618,-39.22322702763677,94.23611442465295,True
dp=0.010,0.01,linear_gap,1.019803902718558,55.012887397016186,-39.22322702763677,94.23611442465295,True
dp=0.010,0.01,linear_gap,1.019803902718558,55.012887397016186,-39.22322702763677,94.23611442465295,True
dp=0.010,0.01,linear_gap,1.019803902718558,55.01288739701617,-39.22322702763677,94.23611442465294,True
dp=0.010,0.01,linear_gap,1.019803902718558,55.01288739701617,-39.22322702763677,94.23611442465294,True
dp=0.010,0.01,linear_gap,1.019803902718558,55.012887397016186,-39.22322702763677,94.23611442465295,True
dp=0.010,0.01,linear_gap,1.019803902718559,55.0128873970162,-39.223227027636725,94.23611442465292,True
dp=0.010,0.01,linear_gap,1.019803902718559,55.01288739701621,-39.223227027636725,94.23611442465292,True
dp=0.010,0.01,linear_gap,1.019803902718559,55.0128873970162,-39.223227027636725,94.23611442465292,True
dp=0.010,0.01,linear_gap,1.019803902718559,55.0128873970162,-39.223227027636725,94.23611442465292,True
dp=0.010,0.01,linear_gap,1.019803902718559,55.01288739701621,-39.223227027636725,94.23611442465292,True
dp=0.010,0.01,linear_gap,1.019803902718559,55.0128873970162,-39.223227027636725,94.23611442465292,True
dp=0.010,0.01,linear_gap,1.01980390271856,50.04330128158346,-39.22322702763669,89.26652830922015,True
dp=0.010,0.01,linear_gap,1.01980390271856,50.043301281583446,-39.22322702763669,89.26652830922013,True
dp=0.010,0.01,linear_gap,1.01980390271856,50.04330128158347,-39.22322702763669,89.26652830922015,True
dp=0.010,0.01,linear_gap,1.01980390271856,50.04330128158347,-39.22322702763669,89.26652830922015,True
dp=0.010,0.01,linear_gap,1.01980390271856,50.04330128158345,-39.22322702763669,89.26652830922015,True
dp=0.010,0.01,linear_gap,1.01980390271856,50.04330128158347,-39.22322702763669,89.26652830922015,True
dp=0.010,0.01,linear_gap,1.019803902718561,50.043301281583496,-39.223227027636646,89.26652830922015,True
dp=0.010,0.01,linear_gap,1.019803902718561,50.0433012815835,-39.223227027636646,89.26652830922015,True
dp=0.010,0.01,linear_gap,1.019803902718561,50.04330128158351,-39.223227027636646,89.26652830922015,True
dp=0.010,0.01,linear_gap,1.019803902718561,50.04330128158351,-39.223227027636646,89.26652830922015,True
dp=0.010,0.01,linear_gap,1.019803902718561,50.0433012815835,-39.223227027636646,89.26652830922015,True
dp=0.010,0.01,linear_gap,1.019803902718561,50.043301281583496,-39.223227027636646,89.26652830922015,True
dp=0.010,0.01,linear_gap,1.019803902718561,55.012887397016264,-39.223227027636646,94.23611442465291,True
dp=0.010,0.01,linear_gap,1.019803902718561,55.012887397016264,-39.223227027636646,94.23611442465291,True
dp=0.010,0.01,linear_gap,1.0198039027185613,55.012887397016335,-39.22322702763664,94.23611442465298,True
dp=0.010,0.01,linear_gap,1.0198039027185613,55.01288739701635,-39.22322702763664,94.23611442465298,True
dp=0.010,0.01,linear_gap,1.0198039027185613,55.01288739701633,-39.22322702763664,94.23611442465297,True
dp=0.010,0.01,linear_gap,1.0198039027185613,55.012887397016335,-39.22322702763664,94.23611442465298,True
dp=0.010,0.01,linear_gap,1.0198039027185621,55.01288739701627,-39.223227027636604,94.23611442465287,True
dp=0.010,0.01,linear_gap,1.0198039027185621,55.01288739701627,-39.223227027636604,94.23611442465287,True
dp=0.010,0.01,linear_gap,1.0198039027185621,55.012887397016264,-39.223227027636604,94.23611442465287,True
dp=0.010,0.01,linear_gap,1.0198039027185621,55.01288739701627,-39.223227027636604,94.23611442465287,True
dp=0.010,0.01,linear_gap,1.0198039027185621,55.012887397016286,-39.223227027636604,94.2361144246529,True
dp=0.010,0.01,linear_gap,1.0198039027185621,55.01288739701628,-39.223227027636604,94.23611442465288,True
dp=0.010,0.01,linear_gap,1.0392304845413225,57.578043746802365,-38.4900179459752,96.06806169277756,True
dp=0.010,0.01,linear_gap,1.0392304845413234,54.088668241313556,-38.49001794597516,92.57868618728872,True
dp=0.010,0.01,linear_gap,1.0392304845413234,54.088668241313556,-38.49001794597516,92.57868618728872,True
dp=0.010,0.01,linear_gap,1.0392304845413236,54.08866824131362,-38.490017945975154,92.57868618728878,True
dp=0.010,0.01,linear_gap,1.0392304845413245,54.088668241313606,-38.49001794597512,92.57868618728872,True
dp=0.010,0.01,linear_gap,1.0392304845413245,54.0886682413136,-38.49001794597512,92.57868618728872,True
dp=0.010,0.01,linear_gap,1.0392304845413245,54.0886682413136,-38.49001794597512,92.57868618728872,True
dp=0.010,0.01,linear_gap,1.0392304845413245,54.08866824131361,-38.49001794597512,92.57868618728872,True
dp=0.010,0.01,linear_gap,1.0392304845413247,54.08866824131367,-38.49001794597511,92.57868618728878,True
dp=0.010,0.01,linear_gap,1.0392304845413247,54.088668241313684,-38.49001794597511,92.5786861872888,True
dp=0.010,0.01,linear_gap,1.0392304845413256,54.08866824131365,-38.490017945975076,92.57868618728872,True
dp=0.010,0.01,linear_gap,1.0392304845413256,57.578043746802415,-38.490017945975076,96.06806169277749,True
dp=0.010,0.01,linear_gap,1.0392304845413256,54.08866824131365,-38.490017945975076,92.57868618728872,True
dp=0.010,0.01,linear_gap,1.0392304845413256,54.08866824131364,-38.490017945975076,92.57868618728872,True
dp=0.010,0.01,linear_gap,1.0392304845413256,57.578043746802415,-38.490017945975076,96.06806169277749,True
dp=0.010,0.01,linear_gap,1.0392304845413256,57.578043746802415,-38.490017945975076,96.06806169277749,True
dp=0.010,0.01,linear_gap,1.0392304845413287,54.088668241313734,-38.490017945974955,92.5786861872887,True
dp=0.010,0.01,linear_gap,1.0392304845413287,57.57804374680249,-38.490017945974955,96.06806169277745,True
dp=0.010,0.01,linear_gap,1.0392304845413287,57.57804374680251,-38.490017945974955,96.06806169277746,True
dp=0.010,0.01,linear_gap,1.0392304845413287,54.088668241313734,-38.490017945974955,92.5786861872887,True
dp=0.010,0.01,linear_gap,1.0392304845413287,57.57804374680249,-38.490017945974955,96.06806169277745,True
dp=0.010,0.01,linear_gap,1.0392304845413287,54.08866824131373,-38.490017945974955,92.57868618728868,True
dp=0.010,0.01,linear_gap,1.0392304845413298,54.088668241313705,-38.49001794597492,92.57868618728862,True
dp=0.010,0.01,linear_gap,1.0392304845413298,54.08866824131371,-38.49001794597492,92.57868618728864,True
dp=0.010,0.01,linear_gap,1.0392304845413298,54.088668241313705,-38.49001794597492,92.57868618728862,True
dp=0.010,0.01,linear_gap,1.0392304845413298,54.08866824131371,-38.49001794597492,92.57868618728864,True
dp=0.010,0.01,linear_gap,1.0392304845413298,54.088668241313776,-38.49001794597492,92.5786861872887,True
dp=0.010,0.01,linear_gap,1.0392304845413298,54.088668241313776,-38.49001794597492,92.5786861872887,True
dp=0.010,0.01,linear_gap,1.039230484541331,54.08866824131376,-38.490017945974884,92.57868618728864,True
dp=0.010,0.01,linear_gap,1.039230484541331,54.08866824131375,-38.490017945974884,92.57868618728864,True
dp=0.010,0.01,linear_gap,1.039230484541331,54.088668241313755,-38.490017945974884,92.57868618728864,True
dp=0.010,0.01,linear_gap,1.039230484541332,57.57804374680256,-38.49001794597484,96.0680616927774,True
dp=0.010,0.01,linear_gap,1.077032961426897,63.142783407467,-37.1390676354105,100.28185104287749,True
dp=0.010,0.01,linear_gap,1.077032961426897,63.142783407467014,-37.1390676354105,100.28185104287752,True
dp=0.010,0.01,linear_gap,1.077032961426897,63.14278340746701,-37.1390676354105,100.2818510428775,True
dp=0.010,0.01,linear_gap,1.077032961426897,63.14278340746701,-37.1390676354105,100.2818510428775,True
dp=0.010,0.01,linear_gap,1.077032961426897,63.14278340746701,-37.1390676354105,100.2818510428775,True
dp=0.010,0.01,linear_gap,1.077032961426897,63.142783407467014,-37.1390676354105,100.28185104287752,True
dp=0.010,0.01,linear_gap,1.077032961426898,61.40311661158728,-37.13906763541047,98.54218424699775,True
dp=0.010,0.01,linear_gap,1.077032961426898,61.40311661158728,-37.13906763541047,98.54218424699775,True
dp=0.010,0.01,linear_gap,1.077032961426898,61.40311661158727,-37.13906763541047,98.54218424699775,True
dp=0.010,0.01,linear_gap,1.077032961426898,61.403116611587265,-37.13906763541047,98.54218424699773,True
dp=0.010,0.01,linear_gap,1.077032961426898,61.40311661158726,-37.13906763541047,98.54218424699772,True
dp=0.010,0.01,linear_gap,1.077032961426898,61.40311661158728,-37.13906763541047,98.54218424699775,True
dp=0.010,0.01,linear_gap,1.0770329614268992,63.14278340746703,-37.13906763541043,100.28185104287746,True
dp=0.010,0.01,linear_gap,1.0770329614268992,63.142783407467036,-37.13906763541043,100.28185104287746,True
dp=0.010,0.01,linear_gap,1.0770329614268992,63.14278340746703,-37.13906763541043,100.28185104287746,True
dp=0.010,0.01,linear_gap,1.0770329614268992,63.142783407467036,-37.13906763541043,100.28185104287746,True
dp=0.010,0.01,linear_gap,1.0770329614268992,63.14278340746703,-37.13906763541043,100.28185104287746,True
dp=0.010,0.01,linear_gap,1.0770329614268992,63.14278340746703,-37.13906763541043,100.28185104287746,True
dp=0.010,0.01,linear_gap,1.0770329614269,61.403116611587336,-37.13906763541039,98.54218424699772,True
dp=0.010,0.01,linear_gap,1.0770329614269,61.40311661158734,-37.13906763541039,98.54218424699773,True
dp=0.010,0.01,linear_gap,1.0770329614269,61.403116611587336,-37.13906763541039,98.54218424699772,True
dp=0.010,0.01,linear_gap,1.0770329614269,61.40311661158734,-37.13906763541039,98.54218424699773,True
dp=0.010,0.01,linear_gap,1.0770329614269,61.40311661158734,-37.13906763541039,98.54218424699773,True
dp=0.010,0.01,linear_gap,1.0770329614269,63.14278340746705,-37.13906763541039,100.28185104287743,True
dp=0.010,0.01,linear_gap,1.0770329614269,63.14278340746704,-37.13906763541039,100.28185104287743,True
dp=0.010,0.01,linear_gap,1.0770329614269,61.40311661158734,-37.13906763541039,98.54218424699773,True
dp=0.010,0.01,linear_gap,1.0770329614269003,63.142783407467114,-37.13906763541039,100.2818510428775,True
dp=0.010,0.01,linear_gap,1.0770329614269003,63.14278340746711,-37.13906763541039,100.28185104287749,True
dp=0.010,0.01,linear_gap,1.0770329614269003,63.142783407467114,-37.13906763541039,100.2818510428775,True
dp=0.010,0.01,linear_gap,1.0770329614269003,63.14278340746711,-37.13906763541039,100.28185104287749,True
dp=0.010,0.01,linear_gap,1.0770329614269012,63.14278340746709,-37.139067635410356,100.28185104287745,True
dp=0.010,0.01,linear_gap,1.0770329614269012,63.1427834074671,-37.139067635410356,100.28185104287746,True
dp=0.010,0.01,linear_gap,1.0770329614269012,63.14278340746709,-37.139067635410356,100.28185104287745,True
dp=0.010,0.01,linear_gap,1.0770329614269012,63.1427834074671,-37.139067635410356,100.28185104287746,True
dp=0.010,0.01,linear_gap,1.0770329614269012,63.1427834074671,-37.139067635410356,100.28185104287746,True
dp=0.010,0.01,linear_gap,1.0770329614269012,63.1427834074671,-37.139067635410356,100.28185104287746,True
dp=0.010,0.01,linear_gap,1.077032961426902,63.14278340746711,-37.13906763541032,100.28185104287743,True
dp=0.010,0.01,linear_gap,1.077032961426902,63.1427834074671,-37.13906763541032,100.28185104287742,True
dp=0.010,0.01,linear_gap,1.077032961426902,63.14278340746709,-37.13906763541032,100.2818510428774,True
dp=0.010,0.01,linear_gap,1.077032961426902,63.14278340746709,-37.13906763541032,100.2818510428774,True
dp=0.010,0.01,linear_gap,1.0770329614269023,63.142783407467164,-37.13906763541032,100.28185104287749,True
dp=0.010,0.01,linear_gap,1.0770329614269023,63.142783407467164,-37.13906763541032,100.28185104287749,True
dp=0.010,0.01,linear_gap,1.0770329614269032,61.40311661158735,-37.13906763541029,98.54218424699764,True
dp=0.010,0.01,linear_gap,1.0770329614269032,61.40311661158734,-37.13906763541029,98.54218424699764,True
dp=0.010,0.01,linear_gap,1.0770329614269032,63.142783407467086,-37.13906763541029,100.28185104287738,True
dp=0.010,0.01,linear_gap,1.0770329614269032,61.40311661158734,-37.13906763541029,98.54218424699764,True
dp=0.010,0.01,linear_gap,1.0770329614269032,61.40311661158734,-37.13906763541029,98.54218424699764,True
dp=0.010,0.01,linear_gap,1.0770329614269032,61.40311661158735,-37.13906763541029,98.54218424699764,True
dp=0.010,0.01,linear_gap,1.0770329614269032,61.40311661158733,-37.13906763541029,98.54218424699762,True
dp=0.010,0.01,linear_gap,1.0770329614269032,63.14278340746708,-37.13906763541029,100.28185104287738,True
dp=0.010,0.01,linear_gap,1.0770329614269032,63.142783407467135,-37.139067635410285,100.28185104287742,True
dp=0.010,0.01,linear_gap,1.0770329614269032,63.142783407467135,-37.139067635410285,100.28185104287742,True
dp=0.010,0.01,linear_gap,1.0770329614269032,63.142783407467135,-37.139067635410285,100.28185104287742,True
dp=0.010,0.01,linear_gap,1.0770329614269032,63.14278340746714,-37.139067635410285,100.28185104287743,True
dp=0.010,0.01,linear_gap,1.0770329614269043,63.14278340746714,-37.13906763541025,100.28185104287739,True
dp=0.010,0.01,linear_gap,1.0770329614269043,63.142783407467164,-37.13906763541025,100.2818510428774,True
dp=0.010,0.01,linear_gap,1.0770329614269043,63.14278340746715,-37.13906763541025,100.2818510428774,True
dp=0.010,0.01,linear_gap,1.0770329614269043,63.14278340746715,-37.13906763541025,100.2818510428774,True
dp=0.010,0.01,linear_gap,1.0770329614269043,63.14278340746714,-37.13906763541025,100.28185104287739,True
dp=0.010,0.01,linear_gap,1.0770329614269043,63.142783407467164,-37.13906763541025,100.2818510428774,True
dp=0.010,0.01,linear_gap,1.0770329614269052,61.40311661158745,-37.13906763541022,98.54218424699766,True
dp=0.010,0.01,linear_gap,1.0770329614269052,61.403116611587436,-37.13906763541022,98.54218424699766,True
dp=0.010,0.01,linear_gap,1.0770329614269052,61.403116611587436,-37.13906763541022,98.54218424699766,True
dp=0.010,0.01,linear_gap,1.0770329614269052,61.40311661158744,-37.13906763541022,98.54218424699766,True
dp=0.010,0.01,linear_gap,1.0770329614269052,61.403116611587436,-37.13906763541022,98.54218424699766,True
dp=0.010,0.01,linear_gap,1.0770329614269052,61.40311661158743,-37.13906763541022,98.54218424699765,True
dp=0.010,0.01,linear_gap,1.0770329614269063,63.14278340746719,-37.13906763541018,100.28185104287738,True
dp=0.010,0.01,linear_gap,1.0770329614269063,63.14278340746718,-37.13906763541018,100.28185104287735,True
dp=0.010,0.01,linear_gap,1.0770329614269063,63.14278340746719,-37.13906763541018,100.28185104287738,True
dp=0.010,0.01,linear_gap,1.0770329614269063,63.1427834074672,-37.13906763541018,100.28185104287738,True
dp=0.010,0.01,linear_gap,1.0770329614269063,63.14278340746718,-37.13906763541018,100.28185104287735,True
dp=0.010,0.01,linear_gap,1.0770329614269063,63.142783407467185,-37.13906763541018,100.28185104287736,True
dp=0.010,0.01,linear_gap,1.095445115010329,63.59181576106721,-36.51483716701118,100.10665292807839,True
dp=0.010,0.01,linear_gap,1.095445115010329,63.59181576106721,-36.51483716701118,100.10665292807839,True
dp=0.010,0.01,linear_gap,1.095445115010329,63.59181576106721,-36.51483716701118,100.10665292807839,True
dp=0.010,0.01,linear_gap,1.095445115010329,63.59181576106721,-36.51483716701118,100.10665292807839,True
dp=0.010,0.01,linear_gap,1.095445115010329,63.59181576106725,-36.51483716701117,100.10665292807843,True
dp=0.010,0.01,linear_gap,1.095445115010329,63.59181576106727,-36.51483716701117,100.10665292807843,True
dp=0.010,0.01,linear_gap,1.09544511501033,63.59181576106721,-36.514837167011144,100.10665292807835,True
dp=0.010,0.01,linear_gap,1.09544511501033,63.59181576106721,-36.514837167011144,100.10665292807835,True
dp=0.010,0.01,linear_gap,1.09544511501033,63.59181576106721,-36.514837167011144,100.10665292807835,True
dp=0.010,0.01,linear_gap,1.09544511501033,63.59181576106721,-36.514837167011144,100.10665292807835,True
dp=0.010,0.01,linear_gap,1.0954451150103302,63.59181576106726,-36.514837167011144,100.1066529280784,True
dp=0.010,0.01,linear_gap,1.0954451150103302,63.59181576106726,-36.514837167011144,100.1066529280784,True
dp=0.010,0.01,linear_gap,1.095445115010331,63.59181576106728,-36.51483716701111,100.10665292807839,True
dp=0.010,0.01,linear_gap,1.095445115010331,63.591815761067295,-36.51483716701111,100.1066529280784,True
dp=0.010,0.01,linear_gap,1.095445115010331,63.59181576106728,-36.51483716701111,100.10665292807839,True
dp=0.010,0.01,linear_gap,1.095445115010331,63.591815761067295,-36.51483716701111,100.1066529280784,True
dp=0.010,0.01,linear_gap,1.095445115010331,63.59181576106729,-36.51483716701111,100.1066529280784,True
dp=0.010,0.01,linear_gap,1.095445115010331,63.59181576106729,-36.51483716701111,100.1066529280784,True
dp=0.010,0.01,linear_gap,1.0954451150103321,63.591815761067295,-36.51483716701108,100.10665292807838,True
dp=0.010,0.01,linear_gap,1.0954451150103321,63.591815761067295,-36.51483716701108,100.10665292807838,True
dp=0.010,0.01,linear_gap,1.0954451150103321,63.59181576106729,-36.51483716701108,100.10665292807838,True
dp=0.010,0.01,linear_gap,1.0954451150103321,63.591815761067295,-36.51483716701108,100.10665292807838,True
dp=0.010,0.01,linear_gap,1.0954451150103321,63.591815761067295,-36.51483716701108,100.10665292807838,True
dp=0.010,0.01,linear_gap,1.0954451150103321,63.59181576106729,-36.51483716701108,100.10665292807838,True
dp=0.010,0.01,linear_gap,1.0954451150103341,63.59181576106731,-36.51483716701101,100.10665292807832,True
dp=0.010,0.01,linear_gap,1.0954451150103341,63.59181576106731,-36.51483716701101,100.10665292807832,True
dp=0.010,0.01,linear_gap,1.0954451150103341,63.59181576106731,-36.51483716701101,100.10665292807832,True
dp=0.010,0.01,linear_gap,1.0954451150103341,63.59181576106731,-36.51483716701101,100.10665292807832,True
dp=0.010,0.01,linear_gap,1.0954451150103341,63.5918157610673,-36.51483716701101,100.10665292807832,True
dp=0.010,0.01,linear_gap,1.0954451150103341,63.59181576106731,-36.51483716701101,100.10665292807832,True
dp=0.010,0.01,linear_gap,1.095445115010335,63.59181576106733,-36.514837167010974,100.1066529280783,True
dp=0.010,0.01,linear_gap,1.095445115010335,63.59181576106732,-36.514837167010974,100.10665292807829,True
dp=0.010,0.01,linear_gap,1.095445115010335,63.59181576106732,-36.514837167010974,100.10665292807829,True
dp=0.010,0.01,linear_gap,1.095445115010335,63.59181576106732,-36.514837167010974,100.10665292807829,True
dp=0.010,0.01,linear_gap,1.0954451150103353,63.59181576106738,-36.514837167010974,100.10665292807835,True
dp=0.010,0.01,linear_gap,1.0954451150103353,63.59181576106738,-36.514837167010974,100.10665292807835,True
dp=0.010,0.01,linear_gap,1.0954451150103361,63.59181576106735,-36.514837167010946,100.10665292807829,True
dp=0.010,0.01,linear_gap,1.0954451150103361,63.59181576106734,-36.514837167010946,100.10665292807829,True
dp=0.010,0.01,linear_gap,1.0954451150103361,63.59181576106735,-36.514837167010946,100.10665292807829,True
dp=0.010,0.01,linear_gap,1.0954451150103361,63.591815761067345,-36.514837167010946,100.10665292807829,True
dp=0.010,0.01,linear_gap,1.0954451150103361,63.59181576106734,-36.514837167010946,100.10665292807829,True
dp=0.010,0.01,linear_gap,1.0954451150103361,63.59181576106733,-36.514837167010946,100.10665292807828,True
dp=0.010,0.01,linear_gap,1.0954451150103373,63.59181576106744,-36.51483716701091,100.10665292807835,True
dp=0.010,0.01,linear_gap,1.0954451150103373,63.59181576106742,-36.51483716701091,100.10665292807833,True
dp=0.010,0.01,linear_gap,1.0954451150103373,63.59181576106742,-36.51483716701091,100.10665292807833,True
dp=0.010,0.01,linear_gap,1.0954451150103373,63.59181576106742,-36.51483716701091,100.10665292807833,True
dp=0.010,0.01,linear_gap,1.0954451150103373,63.591815761067416,-36.51483716701091,100.10665292807832,True
dp=0.010,0.01,linear_gap,1.0954451150103373,63.59181576106743,-36.51483716701091,100.10665292807835,True
dp=0.010,0.01,smooth_quartic,4.80740671595891e-15,-4376.039115856627,-4799.999999999999,423.9608841433719,True
dp=0.010,0.01,smooth_quartic,0.1999999999999974,-4056.727423596426,-4480.000000000007,423.2725764035813,True
dp=0.010,0.01,smooth_quartic,0.1999999999999974,-4056.727423596426,-4480.000000000007,423.2725764035813,True
dp=0.010,0.01,smooth_quartic,0.1999999999999974,-4056.727423596426,-4480.000000000007,423.2725764035813,True
dp=0.010,0.01,smooth_quartic,0.20000000000000295,-4056.727423596407,-4479.99999999999,423.2725764035831,True
dp=0.010,0.01,smooth_quartic,0.20000000000000295,-4056.727423596407,-4479.99999999999,423.2725764035831,True
dp=0.010,0.01,smooth_quartic,0.20000000000000295,-4056.727423596408,-4479.99999999999,423.2725764035822,True
dp=0.010,0.01,smooth_quartic,0.28284271247461534,-3737.41573133622,-4160.0000000000155,422.5842686637957,True
dp=0.010,0.01,smooth_quartic,0.28284271247461534,-3737.41573133622,-4160.0000000000155,422.5842686637957,True
dp=0.010,0.01,smooth_quartic,0.28284271247461534,-3737.4157313362193,-4160.0000000000155,422.58426866379614,True
dp=0.010,0.01,smooth_quartic,0.28284271247461923,-3737.4157313362057,-4159.999999999998,422.5842686637925,True
dp=0.010,0.01,smooth_quartic,0.28284271247461923,-3737.4157313362057,-4159.999999999998,422.5842686637925,True
dp=0.010,0.01,smooth_quartic,0.28284271247461923,-3737.4157313362057,-4159.999999999998,422.5842686637925,True
dp=0.010,0.01,smooth_quartic,0.28284271247461923,-3737.415731336206,-4159.999999999998,422.58426866379205,True
dp=0.010,0.01,smooth_quartic,0.28284271247461923,-3737.415731336206,-4159.999999999998,422.58426866379205,True
dp=0.010,0.01,smooth_quartic,0.28284271247461923,-3737.4157313362057,-4159.999999999998,422.5842686637925,True
dp=0.010,0.01,smooth_quartic,0.28284271247462317,-3737.4157313361893,-4159.99999999998,422.5842686637907,True
dp=0.010,0.01,smooth_quartic,0.28284271247462317,-3737.41573133619,-4159.99999999998,422.58426866378977,True
dp=0.010,0.01,smooth_quartic,0.28284271247462317,-3737.4157313361893,-4159.99999999998,422.5842686637907,True
dp=0.010,0.01,smooth_quartic,0.3464101615137709,-3418.104039076021,-3840.0000000000246,421.8959609240037,True
dp=0.010,0.01,smooth_quartic,0.34641016151377413,-3418.104039076001,-3840.0000000000064,421.8959609240055,True
dp=0.010,0.01,smooth_quartic,0.34641016151377413,-3418.104039076001,-3840.0000000000064,421.8959609240055,True
dp=0.010,0.01,smooth_quartic,0.34641016151377413,-3418.104039076001,-3840.0000000000064,421.8959609240055,True
dp=0.010,0.01,smooth_quartic,0.3464101615137774,-3418.104039075983,-3839.999999999988,421.89596092400507,True
dp=0.010,0.01,smooth_quartic,0.3464101615137774,-3418.1040390759836,-3839.999999999988,421.8959609240046,True
dp=0.010,0.01,smooth_quartic,0.3464101615137774,-3418.104039075983,-3839.999999999988,421.89596092400507,True
dp=0.010,0.01,smooth_quartic,0.34641016151378057,-3418.1040390759667,-3839.999999999971,421.89596092400416,True
dp=0.010,0.01,smooth_quartic,0.3999999999999976,-3098.7923468158006,-3520.0000000000146,421.207653184214,True
dp=0.010,0.01,smooth_quartic,0.3999999999999976,-3098.7923468158006,-3520.0000000000146,421.207653184214,True
dp=0.010,0.01,smooth_quartic,0.3999999999999976,-3098.7923468158006,-3520.0000000000146,421.207653184214,True
dp=0.010,0.01,smooth_quartic,0.40000000000000313,-3098.792346815766,-3519.999999999979,421.2076531842131,True
dp=0.010,0.01,smooth_quartic,0.40000000000000313,-3098.7923468157655,-3519.999999999979,421.20765318421354,True
dp=0.010,0.01,smooth_quartic,0.40000000000000313,-3098.792346815766,-3519.999999999979,421.2076531842131,True
dp=0.010,0.01,smooth_quartic,0.4472135954999546,-2779.480654555595,-3200.000000000023,420.5193454444284,True
dp=0.010,0.01,smooth_quartic,0.4472135954999546,-2779.480654555595,-3200.000000000023,420.5193454444284,True
dp=0.010,0.01,smooth_quartic,0.4472135954999546,-2779.4806545555953,-3200.000000000023,420.5193454444279,True
dp=0.010,0.01,smooth_quartic,0.4472135954999546,-2779.4806545555953,-3200.000000000023,420.5193454444279,True
dp=0.010,0.01,smooth_quartic,0.4472135954999546,-2779.480654555595,-3200.000000000023,420.5193454444284,True
dp=0.010,0.01,smooth_quartic,0.4472135954999546,-2779.4806545555953,-3200.000000000023,420.5193454444279,True
dp=0.010,0.01,smooth_quartic,0.44721359549995704,-2779.480654555582,-3200.000000000006,420.51934544442383,True
dp=0.010,0.01,smooth_quartic,0.44721359549995704,-2779.480654555582,-3200.000000000006,420.51934544442383,True
dp=0.010,0.01,smooth_quartic,0.44721359549995704,-2779.4806545555816,-3200.000000000006,420.5193454444243,True
dp=0.010,0.01,smooth_quartic,0.44721359549995704,-2779.4806545555816,-3200.000000000006,420.5193454444243,True
dp=0.010,0.01,smooth_quartic,0.44721359549995704,-2779.4806545555816,-3200.000000000006,420.5193454444243,True
dp=0.010,0.01,smooth_quartic,0.44721359549995704,-2779.4806545555816,-3200.000000000006,420.5193454444243,True
dp=0.010,0.01,smooth_quartic,0.4472135954999596,-2779.4806545555593,-3199.9999999999873,420.5193454444279,True
dp=0.010,0.01,smooth_quartic,0.4472135954999596,-2779.4806545555593,-3199.9999999999873,420.5193454444279,True
dp=0.010,0.01,smooth_quartic,0.4472135954999596,-2779.4806545555593,-3199.9999999999873,420.5193454444279,True
dp=0.010,0.01,smooth_quartic,0.4472135954999596,-2779.48065455556,-3199.9999999999873,420.5193454444275,True
dp=0.010,0.01,smooth_quartic,0.4472135954999596,-2779.4806545555593,-3199.9999999999873,420.5193454444279,True
dp=0.010,0.01,smooth_quartic,0.4472135954999596,-2779.48065455556,-3199.9999999999873,420.5193454444275,True
dp=0.010,0.01,smooth_quartic,0.44721359549996204,-2779.480654555542,-3199.99999999997,420.5193454444279,True
dp=0.010,0.01,smooth_quartic,0.44721359549996204,-2779.480654555542,-3199.99999999997,420.5193454444279,True
dp=0.010,0.01,smooth_quartic,0.44721359549996204,-2779.4806545555416,-3199.99999999997,420.5193454444284,True
dp=0.010,0.01,smooth_quartic,0.44721359549996204,-2779.4806545555416,-3199.99999999997,420.5193454444284,True
dp=0.010,0.01,smooth_quartic,0.44721359549996204,-2779.4806545555416,-3199.99999999997,420.5193454444284,True
dp=0.010,0.01,smooth_quartic,0.44721359549996204,-2779.4806545555416,-3199.99999999997,420.5193454444284,True
dp=0.010,0.01,smooth_quartic,0.48989794855663155,-2459.6032394018644,-2880.000000000032,420.3967605981675,True
dp=0.010,0.01,smooth_quartic,0.48989794855663155,-2459.6032394018644,-2880.000000000032,420.3967605981675,True
dp=0.010,0.01,smooth_quartic,0.48989794855663155,-2459.603239401864,-2880.000000000032,420.39676059816793,True
dp=0.010,0.01,smooth_quartic,0.48989794855663377,-2459.6032394018457,-2880.0000000000136,420.39676059816793,True
dp=0.010,0.01,smooth_quartic,0.48989794855663377,-2459.6032394018453,-2880.0000000000136,420.3967605981684,True
dp=0.010,0.01,smooth_quartic,0.48989794855663377,-2459.6032394018453,-2880.0000000000136,420.3967605981684,True
dp=0.010,0.01,smooth_quartic,0.48989794855663377,-2459.6032394018453,-2880.0000000000136,420.3967605981684,True
dp=0.010,0.01,smooth_quartic,0.48989794855663377,-2459.6032394018457,-2880.0000000000136,420.39676059816793,True
dp=0.010,0.01,smooth_quartic,0.48989794855663377,-2459.603239401845,-2880.0000000000136,420.39676059816884,True
dp=0.010,0.01,smooth_quartic,0.48989794855663604,-2459.6032394018284,-2879.9999999999964,420.39676059816793,True
dp=0.010,0.01,smooth_quartic,0.48989794855663604,-2459.603239401828,-2879.9999999999964,420.3967605981684,True
dp=0.010,0.01,smooth_quartic,0.48989794855663604,-2459.603239401828,-2879.9999999999964,420.3967605981684,True
dp=0.010,0.01,smooth_quartic,0.48989794855663604,-2459.6032394018284,-2879.9999999999964,420.39676059816793,True
dp=0.010,0.01,smooth_quartic,0.48989794855663604,-2459.603239401828,-2879.9999999999964,420.3967605981684,True
dp=0.010,0.01,smooth_quartic,0.48989794855663604,-2459.6032394018293,-2879.9999999999964,420.396760598167,True
dp=0.010,0.01,smooth_quartic,0.48989794855663826,-2459.6032394018116,-2879.999999999978,420.39676059816657,True
dp=0.010,0.01,smooth_quartic,0.48989794855663826,-2459.6032394018116,-2879.999999999978,420.39676059816657,True
dp=0.010,0.01,smooth_quartic,0.4898979485566383,-2459.603239401811,-2879.999999999978,420.396760598167,True
dp=0.010,0.01,smooth_quartic,0.4898979485566383,-2459.603239401811,-2879.999999999978,420.396760598167,True
dp=0.010,0.01,smooth_quartic,0.4898979485566383,-2459.603239401811,-2879.999999999978,420.396760598167,True
dp=0.010,0.01,smooth_quartic,0.4898979485566383,-2459.603239401811,-2879.999999999978,420.396760598167,True
dp=0.010,0.01,smooth_quartic,0.48989794855664054,-2459.6032394017934,-2879.999999999961,420.3967605981675,True
dp=0.010,0.01,smooth_quartic,0.48989794855664054,-2459.603239401793,-2879.999999999961,420.39676059816793,True
dp=0.010,0.01,smooth_quartic,0.48989794855664054,-2459.603239401793,-2879.999999999961,420.39676059816793,True
dp=0.010,0.01,smooth_quartic,0.5656854249492346,-1801.8031288376703,-2240.000000000031,438.1968711623606,True
dp=0.010,0.01,smooth_quartic,0.5656854249492346,-1801.8031288376706,-2240.000000000031,438.19687116236037,True
dp=0.010,0.01,smooth_quartic,0.5656854249492346,-1801.8031288376706,-2240.000000000031,438.19687116236037,True
dp=0.010,0.01,smooth_quartic,0.5656854249492385,-1801.803128837635,-2239.999999999995,438.1968711623599,True
dp=0.010,0.01,smooth_quartic,0.5656854249492385,-1801.8031288376349,-2239.999999999995,438.19687116236014,True
dp=0.010,0.01,smooth_quartic,0.5656854249492385,-1801.8031288376355,-2239.999999999995,438.19687116235946,True
dp=0.010,0.01,smooth_quartic,0.5656854249492385,-1801.8031288376355,-2239.999999999995,438.19687116235946,True
dp=0.010,0.01,smooth_quartic,0.5656854249492385,-1801.8031288376346,-2239.999999999995,438.19687116236037,True
dp=0.010,0.01,smooth_quartic,0.5656854249492385,-1801.803128837635,-2239.999999999995,438.1968711623599,True
dp=0.010,0.01,smooth_quartic,0.5656854249492425,-1801.8031288376005,-2239.999999999959,438.19687116235855,True
dp=0.010,0.01,smooth_quartic,0.5656854249492425,-1801.803128837601,-2239.999999999959,438.1968711623581,True
dp=0.010,0.01,smooth_quartic,0.5656854249492425,-1801.8031288376003,-2239.999999999959,438.1968711623588,True
dp=0.010,0.01,smooth_quartic,0.5999999999999959,-1478.5449816807375,-1920.000000000039,441.45501831930164,True
dp=0.010,0.01,smooth_quartic,0.5999999999999959,-1478.5449816807377,-1920.000000000039,441.4550183193014,True
dp=0.010,0.01,smooth_quartic,0.5999999999999959,-1478.5449816807377,-1920.000000000039,441.4550183193014,True
dp=0.010,0.01,smooth_quartic,0.5999999999999978,-1496.427430936739,-1920.0000000000214,423.57256906328234,True
dp=0.010,0.01,smooth_quartic,0.5999999999999978,-1478.544981680718,-1920.0000000000214,441.45501831930346,True
dp=0.010,0.01,smooth_quartic,0.5999999999999978,-1478.5449816807177,-1920.0000000000214,441.4550183193037,True
dp=0.010,0.01,smooth_quartic,0.5999999999999978,-1478.5449816807181,-1920.0000000000214,441.45501831930324,True
dp=0.010,0.01,smooth_quartic,0.5999999999999978,-1496.427430936739,-1920.0000000000214,423.57256906328234,True
dp=0.010,0.01,smooth_quartic,0.5999999999999978,-1496.427430936739,-1920.0000000000214,423.57256906328234,True
dp=0.010,0.01,smooth_quartic,0.5999999999999995,-1478.5449816807036,-1920.0000000000036,441.45501831930005,True
dp=0.010,0.01,smooth_quartic,0.5999999999999995,-1478.544981680704,-1920.0000000000036,441.4550183192996,True
dp=0.010,0.01,smooth_quartic,0.5999999999999996,-1478.544981680698,-1920.0000000000032,441.4550183193053,True
dp=0.010,0.01,smooth_quartic,0.5999999999999996,-1478.5449816806984,-1920.0000000000032,441.4550183193048,True
dp=0.010,0.01,smooth_quartic,0.5999999999999996,-1478.5449816806984,-1920.0000000000032,441.4550183193048,True
dp=0.010,0.01,smooth_quartic,0.5999999999999996,-1478.5449816806984,-1920.0000000000032,441.4550183193048,True
dp=0.010,0.01,smooth_quartic,0.6000000000000014,-1478.5449816806859,-1919.999999999986,441.45501831930005,True
dp=0.010,0.01,smooth_quartic,0.6000000000000014,-1478.5449816806863,-1919.999999999986,441.4550183192996,True
dp=0.010,0.01,smooth_quartic,0.6000000000000014,-1478.5449816806863,-1919.999999999986,441.4550183192996,True
dp=0.010,0.01,smooth_quartic,0.6000000000000014,-1478.5449816806863,-1919.999999999986,441.4550183192996,True
dp=0.010,0.01,smooth_quartic,0.6000000000000014,-1478.5449816806859,-1919.999999999985,441.45501831929914,True
dp=0.010,0.01,smooth_quartic,0.6000000000000014,-1478.5449816806863,-1919.999999999985,441.4550183192987,True
dp=0.010,0.01,smooth_quartic,0.6000000000000033,-1478.5449816806663,-1919.9999999999677,441.4550183193014,True
dp=0.010,0.01,smooth_quartic,0.6000000000000033,-1496.4274309366879,-1919.9999999999677,423.57256906327984,True
dp=0.010,0.01,smooth_quartic,0.6000000000000033,-1496.4274309366879,-1919.9999999999677,423.57256906327984,True
dp=0.010,0.01,smooth_quartic,0.6000000000000033,-1478.544981680666,-1919.9999999999677,441.45501831930164,True
dp=0.010,0.01,smooth_quartic,0.6000000000000033,-1478.544981680666,-1919.9999999999677,441.45501831930164,True
dp=0.010,0.01,smooth_quartic,0.6000000000000033,-1496.4274309366879,-1919.9999999999677,423.57256906327984,True
dp=0.010,0.01,smooth_quartic,0.6000000000000052,-1478.5449816806463,-1919.99999999995,441.4550183193037,True
dp=0.010,0.01,smooth_quartic,0.6000000000000052,-1478.5449816806463,-1919.99999999995,441.4550183193037,True
dp=0.010,0.01,smooth_quartic,0.6000000000000052,-1478.5449816806465,-1919.99999999995,441.45501831930346,True
dp=0.010,0.01,smooth_quartic,0.6324555320336729,-1163.9700942173956,-1600.0000000000296,436.02990578263393,True
dp=0.010,0.01,smooth_quartic,0.6324555320336729,-1163.9700942173959,-1600.0000000000296,436.0299057826337,True
dp=0.010,0.01,smooth_quartic,0.6324555320336729,-1163.9700942173959,-1600.0000000000296,436.0299057826337,True
dp=0.010,0.01,smooth_quartic,0.6324555320336729,-1163.9700942173956,-1600.0000000000296,436.02990578263393,True
dp=0.010,0.01,smooth_quartic,0.6324555320336729,-1163.9700942173954,-1600.0000000000296,436.02990578263416,True
dp=0.010,0.01,smooth_quartic,0.6324555320336729,-1163.9700942173954,-1600.0000000000296,436.02990578263416,True
dp=0.010,0.01,smooth_quartic,0.6324555320336746,-1163.9700942173813,-1600.0000000000127,436.02990578263143,True
dp=0.010,0.01,smooth_quartic,0.6324555320336746,-1163.9700942173813,-1600.0000000000127,436.02990578263143,True
dp=0.010,0.01,smooth_quartic,0.6324555320336746,-1163.9700942173813,-1600.0000000000127,436.02990578263143,True
dp=0.010,0.01,smooth_quartic,0.6324555320336746,-1163.9700942173808,-1600.0000000000127,436.0299057826319,True
dp=0.010,0.01,smooth_quartic,0.6324555320336746,-1163.9700942173808,-1600.0000000000127,436.0299057826319,True
dp=0.010,0.01,smooth_quartic,0.6324555320336746,-1163.9700942173808,-1600.0000000000127,436.0299057826319,True
dp=0.010,0.01,smooth_quartic,0.6324555320336781,-1163.9700942173477,-1599.999999999976,436.02990578262825,True
dp=0.010,0.01,smooth_quartic,0.6324555320336781,-1163.9700942173479,-1599.999999999976,436.029905782628,True
dp=0.010,0.01,smooth_quartic,0.6324555320336781,-1163.9700942173477,-1599.999999999976,436.02990578262825,True
dp=0.010,0.01,smooth_quartic,0.6324555320336781,-1163.9700942173477,-1599.999999999976,436.02990578262825,True
dp=0.010,0.01,smooth_quartic,0.6324555320336781,-1163.970094217348,-1599.999999999976,436.0299057826278,True
dp=0.010,0.01,smooth_quartic,0.6324555320336781,-1163.970094217348,-1599.999999999976,436.0299057826278,True
dp=0.010,0.01,smooth_quartic,0.6324555320336798,-1163.9700942173308,-1599.999999999959,436.02990578262825,True
dp=0.010,0.01,smooth_quartic,0.6324555320336798,-1163.9700942173308,-1599.999999999959,436.02990578262825,True
dp=0.010,0.01,smooth_quartic,0.6324555320336798,-1163.9700942173301,-1599.999999999959,436.02990578262893,True
dp=0.010,0.01,smooth_quartic,0.6324555320336798,-1163.9700942173306,-1599.999999999959,436.0299057826285,True
dp=0.010,0.01,smooth_quartic,0.6324555320336798,-1163.9700942173306,-1599.999999999959,436.0299057826285,True
dp=0.010,0.01,smooth_quartic,0.6324555320336798,-1163.9700942173308,-1599.999999999959,436.02990578262825,True
dp=0.010,0.01,smooth_quartic,0.6633249580710763,-832.6045258130612,-1280.0000000000382,447.395474186977,True
dp=0.010,0.01,smooth_quartic,0.6633249580710763,-832.6045258130607,-1280.0000000000382,447.3954741869775,True
dp=0.010,0.01,smooth_quartic,0.6633249580710763,-832.6045258130614,-1280.0000000000382,447.3954741869768,True
dp=0.010,0.01,smooth_quartic,0.6633249580710779,-832.6045258130439,-1280.0000000000205,447.39547418697657,True
dp=0.010,0.01,smooth_quartic,0.6633249580710779,-832.6045258130441,-1280.0000000000205,447.39547418697634,True
dp=0.010,0.01,smooth_quartic,0.6633249580710779,-832.6045258130439,-1280.0000000000205,447.39547418697657,True
dp=0.010,0.01,smooth_quartic,0.6633249580710779,-832.6045258130441,-1280.0000000000205,447.39547418697634,True
dp=0.010,0.01,smooth_quartic,0.6633249580710779,-832.6045258130441,-1280.0000000000205,447.39547418697634,True
dp=0.010,0.01,smooth_quartic,0.6633249580710779,-832.6045258130439,-1280.0000000000205,447.39547418697657,True
dp=0.010,0.01,smooth_quartic,0.6633249580710796,-832.6045258130273,-1280.0000000000032,447.3954741869759,True
dp=0.010,0.01,smooth_quartic,0.6633249580710796,-832.6045258130268,-1280.0000000000032,447.39547418697634,True
dp=0.010,0.01,smooth_quartic,0.6633249580710796,-832.6045258130273,-1280.0000000000032,447.3954741869759,True
dp=0.010,0.01,smooth_quartic,0.6633249580710815,-832.6045258130066,-1279.9999999999832,447.39547418697657,True
dp=0.010,0.01,smooth_quartic,0.6633249580710815,-832.6045258130057,-1279.9999999999832,447.3954741869775,True
dp=0.010,0.01,smooth_quartic,0.6633249580710815,-832.6045258130066,-1279.9999999999832,447.39547418697657,True
dp=0.010,0.01,smooth_quartic,0.6633249580710829,-832.6045258129941,-1279.9999999999677,447.3954741869736,True
dp=0.010,0.01,smooth_quartic,0.6633249580710829,-832.6045258129941,-1279.9999999999677,447.3954741869736,True
dp=0.010,0.01,smooth_quartic,0.6633249580710829,-832.6045258129948,-1279.9999999999677,447.39547418697293,True
dp=0.010,0.01,smooth_quartic,0.6633249580710829,-832.6045258129946,-1279.9999999999677,447.39547418697316,True
dp=0.010,0.01,smooth_quartic,0.6633249580710829,-832.604525812995,-1279.9999999999677,447.3954741869727,True
dp=0.010,0.01,smooth_quartic,0.6633249580710829,-832.6045258129948,-1279.9999999999677,447.39547418697293,True
dp=0.010,0.01,smooth_quartic,0.6633249580710846,-832.6045258129782,-1279.9999999999495,447.39547418697134,True
dp=0.010,0.01,smooth_quartic,0.6633249580710846,-832.6045258129784,-1279.9999999999495,447.3954741869711,True
dp=0.010,0.01,smooth_quartic,0.6633249580710848,-832.6045258129727,-1279.9999999999482,447.39547418697543,True
dp=0.010,0.01,smooth_quartic,0.6928203230275467,-502.8439493422886,-960.0000000000459,457.1560506577573,True
dp=0.010,0.01,smooth_quartic,0.6928203230275499,-502.8439493422575,-960.0000000000109,457.15605065775344,True
dp=0.010,0.01,smooth_quartic,0.6928203230275499,-502.84394934225793,-960.0000000000109,457.156050657753,True
dp=0.010,0.01,smooth_quartic,0.6928203230275499,-502.84394934225793,-960.0000000000109,457.156050657753,True
dp=0.010,0.01,smooth_quartic,0.6928203230275531,-502.84394934222655,-959.9999999999754,457.1560506577489,True
dp=0.010,0.01,smooth_quartic,0.6928203230275531,-502.8439493422263,-959.9999999999754,457.1560506577491,True
dp=0.010,0.01,smooth_quartic,0.6928203230275531,-502.8439493422263,-959.9999999999754,457.1560506577491,True
dp=0.010,0.01,smooth_quartic,0.6928203230275563,-502.84394934220086,-959.99999999994,457.1560506577391,True
dp=0.010,0.01,smooth_quartic,0.7211102550927946,-174.08775673572563,-640.0000000000373,465.91224326431166,True
dp=0.010,0.01,smooth_quartic,0.7211102550927946,-174.0877567357254,-640.0000000000373,465.9122432643119,True
dp=0.010,0.01,smooth_quartic,0.7211102550927946,-174.0877567357254,-640.0000000000373,465.9122432643119,True
dp=0.010,0.01,smooth_quartic,0.7211102550927946,-174.08775673572563,-640.0000000000373,465.91224326431166,True
dp=0.010,0.01,smooth_quartic,0.7211102550927946,-174.08775673572586,-640.0000000000373,465.9122432643114,True
dp=0.010,0.01,smooth_quartic,0.7211102550927946,-174.08775673572563,-640.0000000000373,465.91224326431166,True
dp=0.010,0.01,smooth_quartic,0.7211102550927976,-174.0877567356988,-640.0000000000018,465.912243264303,True
dp=0.010,0.01,smooth_quartic,0.7211102550927976,-174.08775673569903,-640.0000000000018,465.9122432643028,True
dp=0.010,0.01,smooth_quartic,0.7211102550927976,-174.0877567356988,-640.0000000000018,465.912243264303,True
dp=0.010,0.01,smooth_quartic,0.7211102550927976,-174.08775673569858,-640.0000000000018,465.91224326430324,True
dp=0.010,0.01,smooth_quartic,0.7211102550927976,-174.08775673569903,-640.0000000000018,465.9122432643028,True
dp=0.010,0.01,smooth_quartic,0.7211102550927976,-174.0877567356988,-640.0000000000018,465.912243264303,True
dp=0.010,0.01,smooth_quartic,0.7211102550927992,-174.08775673567993,-639.9999999999827,465.9122432643028,True
dp=0.010,0.01,smooth_quartic,0.7211102550927992,-174.0877567356797,-639.9999999999827,465.912243264303,True
dp=0.010,0.01,smooth_quartic,0.7211102550927992,-174.0877567356797,-639.9999999999827,465.912243264303,True
dp=0.010,0.01,smooth_quartic,0.7211102550927992,-174.08775673567993,-639.9999999999827,465.9122432643028,True
dp=0.010,0.01,smooth_quartic,0.7211102550927992,-174.0877567356797,-639.9999999999827,465.912243264303,True
dp=0.010,0.01,smooth_quartic,0.7211102550927992,-174.0877567356797,-639.9999999999827,465.912243264303,True
dp=0.010,0.01,smooth_quartic,0.7211102550928024,-174.08775673565196,-639.9999999999482,465.9122432642962,True
dp=0.010,0.01,smooth_quartic,0.7211102550928024,-174.0877567356522,-639.9999999999482,465.91224326429597,True
dp=0.010,0.01,smooth_quartic,0.7211102550928024,-174.0877567356522,-639.9999999999482,465.91224326429597,True
dp=0.010,0.01,smooth_quartic,0.7211102550928024,-174.08775673565196,-639.9999999999482,465.9122432642962,True
dp=0.010,0.01,smooth_quartic,0.7211102550928024,-174.08775673565174,-639.9999999999482,465.9122432642964,True
dp=0.010,0.01,smooth_quartic,0.7211102550928024,-174.0877567356522,-639.9999999999482,465.91224326429597,True
dp=0.010,0.01,smooth_quartic,0.7483314773547844,105.81204533471487,-320.0000000000455,425.81204533476034,True
dp=0.010,0.01,smooth_quartic,0.7483314773547844,105.81204533471464,-320.0000000000455,425.8120453347601,True
dp=0.010,0.01,smooth_quartic,0.7483314773547844,105.81204533471464,-320.0000000000455,425.8120453347601,True
dp=0.010,0.01,smooth_quartic,0.7483314773547844,105.81204533471464,-320.0000000000455,425.8120453347601,True
dp=0.010,0.01,smooth_quartic,0.7483314773547844,105.81204533471487,-320.0000000000455,425.81204533476034,True
dp=0.010,0.01,smooth_quartic,0.7483314773547844,105.81204533471464,-320.0000000000455,425.8120453347601,True
dp=0.010,0.01,smooth_quartic,0.7483314773547859,105.81204533472601,-320.0000000000273,425.8120453347533,True
dp=0.010,0.01,smooth_quartic,0.7483314773547859,105.81204533472601,-320.0000000000273,425.8120453347533,True
dp=0.010,0.01,smooth_quartic,0.7483314773547859,105.81204533472578,-320.0000000000273,425.81204533475307,True
dp=0.010,0.01,smooth_quartic,0.7483314773547859,105.81204533472624,-320.0000000000273,425.8120453347535,True
dp=0.010,0.01,smooth_quartic,0.7483314773547859,105.81204533472578,-320.0000000000273,425.81204533475307,True
dp=0.010,0.01,smooth_quartic,0.7483314773547859,105.81204533472624,-320.0000000000273,425.8120453347535,True
dp=0.010,0.01,smooth_quartic,0.7483314773547874,105.81204533474124,-320.0000000000091,425.81204533475034,True
dp=0.010,0.01,smooth_quartic,0.7483314773547874,105.81204533474101,-320.0000000000091,425.8120453347501,True
dp=0.010,0.01,smooth_quartic,0.7483314773547874,105.81204533474147,-320.0000000000091,425.81204533475056,True
dp=0.010,0.01,smooth_quartic,0.7483314773547874,105.81204533474147,-320.0000000000091,425.81204533475056,True
dp=0.010,0.01,smooth_quartic,0.7483314773547874,105.81204533474079,-320.0000000000091,425.8120453347499,True
dp=0.010,0.01,smooth_quartic,0.7483314773547874,105.81204533474124,-320.0000000000091,425.81204533475034,True
dp=0.010,0.01,smooth_quartic,0.7483314773547889,105.81204533475534,-319.9999999999927,425.81204533474806,True
dp=0.010,0.01,smooth_quartic,0.7483314773547889,105.81204533475488,-319.9999999999927,425.8120453347476,True
dp=0.010,0.01,smooth_quartic,0.7483314773547889,105.81204533475534,-319.9999999999927,425.81204533474806,True
dp=0.010,0.01,smooth_quartic,0.7483314773547889,105.81204533475557,-319.9999999999927,425.8120453347483,True
dp=0.010,0.01,smooth_quartic,0.7483314773547889,105.8120453347558,-319.9999999999927,425.8120453347485,True
dp=0.010,0.01,smooth_quartic,0.7483314773547889,105.81204533475488,-319.9999999999927,425.8120453347476,True
dp=0.010,0.01,smooth_quartic,0.7483314773547889,105.81204533475534,-319.9999999999927,425.81204533474806,True
dp=0.010,0.01,smooth_quartic,0.7483314773547889,105.81204533475557,-319.9999999999927,425.8120453347483,True
dp=0.010,0.01,smooth_quartic,0.748331477354789,105.81204533475625,-319.9999999999909,425.81204533474715,True
dp=0.010,0.01,smooth_quartic,0.748331477354789,105.81204533475648,-319.9999999999909,425.8120453347474,True
dp=0.010,0.01,smooth_quartic,0.748331477354789,105.81204533475693,-319.9999999999909,425.81204533474784,True
dp=0.010,0.01,smooth_quartic,0.748331477354789,105.81204533475625,-319.9999999999909,425.81204533474715,True
dp=0.010,0.01,smooth_quartic,0.7483314773547903,105.81204533476694,-319.99999999997453,425.81204533474147,True
dp=0.010,0.01,smooth_quartic,0.7483314773547903,105.81204533476716,-319.99999999997453,425.8120453347417,True
dp=0.010,0.01,smooth_quartic,0.7483314773547903,105.81204533476694,-319.99999999997453,425.81204533474147,True
dp=0.010,0.01,smooth_quartic,0.7483314773547903,105.81204533476694,-319.99999999997453,425.81204533474147,True
dp=0.010,0.01,smooth_quartic,0.7483314773547903,105.81204533476716,-319.99999999997453,425.8120453347417,True
dp=0.010,0.01,smooth_quartic,0.7483314773547903,105.81204533476671,-319.99999999997453,425.81204533474124,True
dp=0.010,0.01,smooth_quartic,0.7483314773547919,105.81204533478103,-319.99999999995634,425.8120453347374,True
dp=0.010,0.01,smooth_quartic,0.7483314773547919,105.81204533478103,-319.99999999995634,425.8120453347374,True
dp=0.010,0.01,smooth_quartic,0.7483314773547919,105.81204533478103,-319.99999999995634,425.8120453347374,True
dp=0.010,0.01,smooth_quartic,0.7483314773547919,105.81204533478126,-319.99999999995634,425.8120453347376,True
dp=0.010,0.01,smooth_quartic,0.7483314773547919,105.81204533478103,-319.99999999995634,425.8120453347374,True
dp=0.010,0.01,smooth_quartic,0.7483314773547919,105.81204533478103,-319.99999999995634,425.8120453347374,True
dp=0.010,0.01,smooth_quartic,0.7483314773547933,105.81204533479445,-319.99999999993906,425.8120453347335,True
dp=0.010,0.01,smooth_quartic,0.7483314773547933,105.81204533479468,-319.99999999993906,425.81204533473374,True
dp=0.010,0.01,smooth_quartic,0.7483314773547933,105.8120453347949,-319.99999999993906,425.81204533473397,True
dp=0.010,0.01,smooth_quartic,0.7483314773547933,105.81204533479468,-319.99999999993906,425.81204533473374,True
dp=0.010,0.01,smooth_quartic,0.7483314773547934,105.81204533479604,-319.99999999993724,425.8120453347333,True
dp=0.010,0.01,smooth_quartic,0.7483314773547934,105.81204533479536,-319.99999999993724,425.8120453347326,True
dp=0.010,0.01,smooth_quartic,0.7999999999999979,562.9954418218956,319.9999999999736,242.995441821922,True
dp=0.010,0.01,smooth_quartic,0.7999999999999979,562.9954418218956,319.9999999999736,242.995441821922,True
dp=0.010,0.01,smooth_quartic,0.7999999999999979,562.9954418218957,319.9999999999736,242.9954418219221,True
dp=0.010,0.01,smooth_quartic,0.8000000000000035,562.9954418219419,320.00000000004457,242.99544182189732,True
dp=0.010,0.01,smooth_quartic,0.8000000000000035,562.9954418219418,320.00000000004457,242.9954418218972,True
dp=0.010,0.01,smooth_quartic,0.8000000000000035,562.9954418219418,320.00000000004457,242.9954418218972,True
dp=0.010,0.01,smooth_quartic,0.8246211251235281,796.4064878282257,639.9999999999482,156.4064878282776,True
dp=0.010,0.01,smooth_quartic,0.8246211251235281,796.4064878282259,639.9999999999482,156.4064878282777,True
dp=0.010,0.01,smooth_quartic,0.8246211251235281,796.4064878282257,639.9999999999482,156.4064878282776,True
dp=0.010,0.01,smooth_quartic,0.8246211251235295,776.258125079118,639.9999999999654,136.2581250791526,True
dp=0.010,0.01,smooth_quartic,0.8246211251235295,776.258125079118,639.9999999999654,136.2581250791526,True
dp=0.010,0.01,smooth_quartic,0.8246211251235295,776.2581250791181,639.9999999999654,136.2581250791527,True
dp=0.010,0.01,smooth_quartic,0.8246211251235295,776.2581250791179,639.9999999999654,136.25812507915248,True
dp=0.010,0.01,smooth_quartic,0.8246211251235295,776.2581250791181,639.9999999999654,136.2581250791527,True
dp=0.010,0.01,smooth_quartic,0.8246211251235295,776.258125079118,639.9999999999654,136.2581250791526,True
dp=0.010,0.01,smooth_quartic,0.8246211251235308,796.4064878282428,639.9999999999827,156.40648782826008,True
dp=0.010,0.01,smooth_quartic,0.8246211251235308,776.2581250791283,639.9999999999827,136.25812507914554,True
dp=0.010,0.01,smooth_quartic,0.8246211251235308,796.4064878282423,639.9999999999827,156.40648782825963,True
dp=0.010,0.01,smooth_quartic,0.8246211251235308,776.2581250791284,639.9999999999827,136.25812507914566,True
dp=0.010,0.01,smooth_quartic,0.8246211251235308,776.258125079128,639.9999999999827,136.25812507914532,True
dp=0.010,0.01,smooth_quartic,0.8246211251235308,776.2581250791283,639.9999999999827,136.25812507914554,True
dp=0.010,0.01,smooth_quartic,0.8246211251235308,796.4064878282425,639.9999999999827,156.40648782825974,True
dp=0.010,0.01,smooth_quartic,0.8246211251235308,796.4064878282423,639.9999999999827,156.40648782825963,True
dp=0.010,0.01,smooth_quartic,0.8246211251235308,776.2581250791281,639.9999999999827,136.25812507914543,True
dp=0.010,0.01,smooth_quartic,0.8246211251235308,796.4064878282423,639.9999999999827,156.40648782825963,True
dp=0.010,0.01,smooth_quartic,0.8246211251235308,796.4064878282428,639.9999999999827,156.40648782826008,True
dp=0.010,0.01,smooth_quartic,0.8246211251235308,776.2581250791281,639.9999999999827,136.25812507914543,True
dp=0.010,0.01,smooth_quartic,0.8246211251235321,796.4064878282514,640.0000000000018,156.40648782824962,True
dp=0.010,0.01,smooth_quartic,0.8246211251235321,796.4064878282521,640.0000000000018,156.4064878282503,True
dp=0.010,0.01,smooth_quartic,0.8246211251235321,796.4064878282516,640.0000000000018,156.40648782824974,True
dp=0.010,0.01,smooth_quartic,0.8246211251235334,796.4064878282586,640.0000000000182,156.40648782824042,True
dp=0.010,0.01,smooth_quartic,0.8246211251235334,796.4064878282584,640.0000000000182,156.4064878282402,True
dp=0.010,0.01,smooth_quartic,0.8246211251235334,796.4064878282586,640.0000000000182,156.40648782824042,True
dp=0.010,0.01,smooth_quartic,0.8246211251235348,776.2581250791584,640.0000000000355,136.25812507912292,True
dp=0.010,0.01,smooth_quartic,0.8246211251235348,796.4064878282702,640.0000000000355,156.40648782823473,True
dp=0.010,0.01,smooth_quartic,0.8246211251235348,776.2581250791586,640.0000000000355,136.25812507912315,True
dp=0.010,0.01,smooth_quartic,0.8246211251235348,796.40648782827,640.0000000000355,156.4064878282345,True
dp=0.010,0.01,smooth_quartic,0.8246211251235348,796.4064878282701,640.0000000000355,156.40648782823462,True
dp=0.010,0.01,smooth_quartic,0.8246211251235348,796.4064878282701,640.0000000000355,156.40648782823462,True
dp=0.010,0.01,smooth_quartic,0.8246211251235348,776.2581250791586,640.0000000000355,136.25812507912315,True
dp=0.010,0.01,smooth_quartic,0.8246211251235348,776.2581250791586,640.0000000000355,136.25812507912315,True
dp=0.010,0.01,smooth_quartic,0.8246211251235348,776.2581250791586,640.0000000000355,136.25812507912315,True
dp=0.010,0.01,smooth_quartic,0.8246211251235348,776.2581250791584,640.0000000000355,136.25812507912292,True
dp=0.010,0.01,smooth_quartic,0.8246211251235348,796.4064878282702,640.0000000000355,156.40648782823473,True
dp=0.010,0.01,smooth_quartic,0.8246211251235348,796.40648782827,640.0000000000355,156.4064878282345,True
dp=0.010,0.01,smooth_quartic,0.8246211251235361,776.2581250791677,640.0000000000546,136.25812507911314,True
dp=0.010,0.01,smooth_quartic,0.8246211251235361,776.2581250791677,640.0000000000546,136.25812507911314,True
dp=0.010,0.01,smooth_quartic,0.8246211251235361,776.2581250791677,640.0000000000546,136.25812507911314,True
dp=0.010,0.01,smooth_quartic,0.8246211251235361,776.2581250791677,640.0000000000546,136.25812507911314,True
dp=0.010,0.01,smooth_quartic,0.8246211251235361,776.2581250791673,640.0000000000546,136.2581250791127,True
dp=0.010,0.01,smooth_quartic,0.8246211251235361,776.2581250791677,640.0000000000546,136.25812507911314,True
dp=0.010,0.01,smooth_quartic,0.8246211251235376,796.4064878282893,640.0000000000728,156.40648782821654,True
dp=0.010,0.01,smooth_quartic,0.8246211251235376,796.406487828289,640.0000000000728,156.4064878282162,True
dp=0.010,0.01,smooth_quartic,0.8246211251235376,796.4064878282893,640.0000000000728,156.40648782821654,True
dp=0.010,0.01,smooth_quartic,0.8485281374238538,968.5147672110712,959.9999999999573,8.514767211113963,True
dp=0.010,0.01,smooth_quartic,0.8485281374238538,949.8158506984234,959.9999999999573,-10.184149301533807,True
dp=0.010,0.01,smooth_quartic,0.8485281374238538,968.5147672110713,959.9999999999573,8.514767211114076,True
dp=0.010,0.01,smooth_quartic,0.8485281374238538,968.5147672110713,959.9999999999573,8.514767211114076,True
dp=0.010,0.01,smooth_quartic,0.8485281374238538,949.8158506984232,959.9999999999573,-10.184149301534035,True
dp=0.010,0.01,smooth_quartic,0.8485281374238538,949.8158506984232,959.9999999999573,-10.184149301534035,True
dp=0.010,0.01,smooth_quartic,0.8485281374238551,949.8158506984317,959.9999999999736,-10.18414930154188,True
dp=0.010,0.01,smooth_quartic,0.8485281374238551,949.8158506984316,959.9999999999736,-10.184149301541993,True
dp=0.010,0.01,smooth_quartic,0.8485281374238551,949.8158506984317,959.9999999999736,-10.18414930154188,True
dp=0.010,0.01,smooth_quartic,0.8485281374238551,949.8158506984316,959.9999999999736,-10.184149301541993,True
dp=0.010,0.01,smooth_quartic,0.8485281374238551,949.8158506984316,959.9999999999736,-10.184149301541993,True
dp=0.010,0.01,smooth_quartic,0.8485281374238551,949.8158506984314,959.9999999999736,-10.18414930154222,True
dp=0.010,0.01,smooth_quartic,0.8485281374238565,949.8158506984414,959.9999999999927,-10.184149301551315,True
dp=0.010,0.01,smooth_quartic,0.8485281374238565,949.8158506984413,959.9999999999927,-10.184149301551429,True
dp=0.010,0.01,smooth_quartic,0.8485281374238565,949.8158506984412,959.9999999999927,-10.184149301551543,True
dp=0.010,0.01,smooth_quartic,0.8485281374238577,968.5147672110888,960.0000000000109,8.514767211077924,True
dp=0.010,0.01,smooth_quartic,0.8485281374238577,968.5147672110888,960.0000000000109,8.514767211077924,True
dp=0.010,0.01,smooth_quartic,0.8485281374238577,968.5147672110891,960.0000000000109,8.514767211078151,True
dp=0.010,0.01,smooth_quartic,0.8485281374238577,968.5147672110888,960.0000000000109,8.514767211077924,True
dp=0.010,0.01,smooth_quartic,0.8485281374238577,968.5147672110886,960.0000000000109,8.514767211077697,True
dp=0.010,0.01,smooth_quartic,0.8485281374238577,968.5147672110886,960.0000000000109,8.514767211077697,True
dp=0.010,0.01,smooth_quartic,0.8485281374238591,949.815850698458,960.0000000000291,-10.184149301571097,True
dp=0.010,0.01,smooth_quartic,0.8485281374238591,949.815850698458,960.0000000000291,-10.184149301571097,True
dp=0.010,0.01,smooth_quartic,0.8485281374238591,949.815850698458,960.0000000000291,-10.184149301571097,True
dp=0.010,0.01,smooth_quartic,0.8485281374238604,949.8158506984654,960.0000000000446,-10.184149301579168,True
dp=0.010,0.01,smooth_quartic,0.8485281374238604,949.8158506984655,960.0000000000446,-10.184149301579055,True
dp=0.010,0.01,smooth_quartic,0.8485281374238604,949.8158506984654,960.0000000000446,-10.184149301579168,True
dp=0.010,0.01,smooth_quartic,0.8485281374238604,949.8158506984655,960.0000000000446,-10.184149301579055,True
dp=0.010,0.01,smooth_quartic,0.8485281374238604,949.8158506984653,960.0000000000446,-10.184149301579282,True
dp=0.010,0.01,smooth_quartic,0.8485281374238604,949.8158506984653,960.0000000000446,-10.184149301579282,True
dp=0.010,0.01,smooth_quartic,0.8485281374238616,968.5147672111066,960.0000000000628,8.514767211043818,True
dp=0.010,0.01,smooth_quartic,0.8485281374238616,949.8158506984726,960.0000000000628,-10.184149301590196,True
dp=0.010,0.01,smooth_quartic,0.8485281374238616,949.8158506984722,960.0000000000628,-10.184149301590537,True
dp=0.010,0.01,smooth_quartic,0.8485281374238616,949.8158506984727,960.0000000000628,-10.184149301590082,True
dp=0.010,0.01,smooth_quartic,0.8485281374238616,968.5147672111068,960.0000000000628,8.514767211044045,True
dp=0.010,0.01,smooth_quartic,0.8485281374238616,968.5147672111067,960.0000000000628,8.514767211043932,True
dp=0.010,0.01,smooth_quartic,0.871779788708131,1076.2101426804766,1279.99999999995,-203.7898573194734,True
dp=0.010,0.01,smooth_quartic,0.871779788708131,1076.2101426804763,1279.99999999995,-203.78985731947364,True
dp=0.010,0.01,smooth_quartic,0.871779788708131,1076.2101426804766,1279.99999999995,-203.7898573194734,True
dp=0.010,0.01,smooth_quartic,0.8717797887081322,1076.2101426804809,1279.9999999999663,-203.78985731948546,True
dp=0.010,0.01,smooth_quartic,0.8717797887081322,1076.2101426804809,1279.9999999999663,-203.78985731948546,True
dp=0.010,0.01,smooth_quartic,0.8717797887081322,1076.2101426804809,1279.9999999999663,-203.78985731948546,True
dp=0.010,0.01,smooth_quartic,0.8717797887081348,1076.2101426804898,1280.000000000001,-203.78985731951116,True
dp=0.010,0.01,smooth_quartic,0.8717797887081348,1076.2101426804902,1280.000000000001,-203.7898573195107,True
dp=0.010,0.01,smooth_quartic,0.8717797887081348,1076.2101426804902,1280.000000000001,-203.7898573195107,True
dp=0.010,0.01,smooth_quartic,0.8717797887081348,1076.2101426804898,1280.000000000001,-203.78985731951116,True
dp=0.010,0.01,smooth_quartic,0.8717797887081348,1076.2101426804898,1280.000000000001,-203.78985731951116,True
dp=0.010,0.01,smooth_quartic,0.8717797887081348,1076.2101426804898,1280.000000000001,-203.78985731951116,True
dp=0.010,0.01,smooth_quartic,0.871779788708136,1076.2101426804948,1280.0000000000182,-203.78985731952343,True
dp=0.010,0.01,smooth_quartic,0.871779788708136,1076.2101426804948,1280.0000000000182,-203.78985731952343,True
dp=0.010,0.01,smooth_quartic,0.871779788708136,1076.2101426804945,1280.0000000000182,-203.78985731952366,True
dp=0.010,0.01,smooth_quartic,0.871779788708136,1076.2101426804945,1280.0000000000182,-203.78985731952366,True
dp=0.010,0.01,smooth_quartic,0.871779788708136,1076.2101426804945,1280.0000000000182,-203.78985731952366,True
dp=0.010,0.01,smooth_quartic,0.871779788708136,1076.2101426804945,1280.0000000000182,-203.78985731952366,True
dp=0.010,0.01,smooth_quartic,0.8717797887081387,1076.2101426805054,1280.0000000000555,-203.78985731955004,True
dp=0.010,0.01,smooth_quartic,0.8717797887081387,1076.2101426805057,1280.0000000000555,-203.7898573195498,True
dp=0.010,0.01,smooth_quartic,0.8717797887081387,1076.2101426805057,1280.0000000000555,-203.7898573195498,True
dp=0.010,0.01,smooth_quartic,0.8717797887081399,1076.2101426805098,1280.0000000000728,-203.789857319563,True
dp=0.010,0.01,smooth_quartic,0.8717797887081399,1076.2101426805098,1280.0000000000728,-203.789857319563,True
dp=0.010,0.01,smooth_quartic,0.8717797887081399,1076.2101426805095,1280.0000000000728,-203.78985731956323,True
dp=0.010,0.01,smooth_quartic,0.894427190999913,1157.993657553255,1599.999999999959,-442.00634244670414,True
dp=0.010,0.01,smooth_quartic,0.894427190999913,1157.993657553255,1599.999999999959,-442.00634244670414,True
dp=0.010,0.01,smooth_quartic,0.894427190999913,1157.9936575532554,1599.999999999959,-442.0063424467037,True
dp=0.010,0.01,smooth_quartic,0.894427190999913,1157.9936575532552,1599.999999999959,-442.0063424467039,True
dp=0.010,0.01,smooth_quartic,0.894427190999913,1157.9936575532554,1599.999999999959,-442.0063424467037,True
dp=0.010,0.01,smooth_quartic,0.894427190999913,1157.9936575532554,1599.999999999959,-442.0063424467037,True
dp=0.010,0.01,smooth_quartic,0.8944271909999154,1157.9936575532622,1599.9999999999945,-442.00634244673233,True
dp=0.010,0.01,smooth_quartic,0.8944271909999154,1157.993657553262,1599.9999999999945,-442.00634244673256,True
dp=0.010,0.01,smooth_quartic,0.8944271909999154,1157.9936575532622,1599.9999999999945,-442.00634244673233,True
dp=0.010,0.01,smooth_quartic,0.8944271909999154,1157.9936575532624,1599.9999999999945,-442.0063424467321,True
dp=0.010,0.01,smooth_quartic,0.8944271909999154,1157.9936575532622,1599.9999999999945,-442.00634244673233,True
dp=0.010,0.01,smooth_quartic,0.8944271909999154,1157.9936575532622,1599.9999999999945,-442.00634244673233,True
dp=0.010,0.01,smooth_quartic,0.894427190999918,1157.9936575532724,1600.000000000029,-442.00634244675666,True
dp=0.010,0.01,smooth_quartic,0.894427190999918,1157.9936575532727,1600.000000000029,-442.00634244675643,True
dp=0.010,0.01,smooth_quartic,0.894427190999918,1157.9936575532724,1600.000000000029,-442.00634244675666,True
dp=0.010,0.01,smooth_quartic,0.894427190999918,1157.9936575532722,1600.000000000029,-442.0063424467569,True
dp=0.010,0.01,smooth_quartic,0.894427190999918,1157.9936575532724,1600.000000000029,-442.00634244675666,True
dp=0.010,0.01,smooth_quartic,0.894427190999918,1157.9936575532727,1600.000000000029,-442.00634244675643,True
dp=0.010,0.01,smooth_quartic,0.8944271909999203,1157.993657553279,1600.0000000000628,-442.0063424467837,True
dp=0.010,0.01,smooth_quartic,0.8944271909999203,1157.993657553279,1600.0000000000628,-442.0063424467837,True
dp=0.010,0.01,smooth_quartic,0.8944271909999203,1157.9936575532786,1600.0000000000628,-442.0063424467842,True
dp=0.010,0.01,smooth_quartic,0.8944271909999203,1157.993657553279,1600.0000000000628,-442.0063424467837,True
dp=0.010,0.01,smooth_quartic,0.8944271909999203,1157.9936575532788,1600.0000000000628,-442.00634244678395,True
dp=0.010,0.01,smooth_quartic,0.8944271909999203,1157.993657553279,1600.0000000000628,-442.0063424467837,True
dp=0.010,0.01,smooth_quartic,0.9165151389911644,1194.974719220271,1919.9999999999482,-725.0252807796771,True
dp=0.010,0.01,smooth_quartic,0.9165151389911644,1194.9747192202708,1919.9999999999482,-725.0252807796774,True
dp=0.010,0.01,smooth_quartic,0.9165151389911644,1194.9747192202708,1919.9999999999482,-725.0252807796774,True
dp=0.010,0.01,smooth_quartic,0.9165151389911644,1194.9747192202708,1919.9999999999482,-725.0252807796774,True
dp=0.010,0.01,smooth_quartic,0.9165151389911644,1194.9747192202708,1919.9999999999482,-725.0252807796774,True
dp=0.010,0.01,smooth_quartic,0.9165151389911644,1194.974719220271,1919.9999999999482,-725.0252807796771,True
dp=0.010,0.01,smooth_quartic,0.9165151389911658,1194.9747192202744,1919.9999999999682,-725.0252807796937,True
dp=0.010,0.01,smooth_quartic,0.9165151389911658,1194.9747192202744,1919.9999999999682,-725.0252807796937,True
dp=0.010,0.01,smooth_quartic,0.9165151389911658,1194.974719220275,1919.9999999999682,-725.0252807796933,True
dp=0.010,0.01,smooth_quartic,0.9165151389911658,1194.974719220275,1919.9999999999682,-725.0252807796933,True
dp=0.010,0.01,smooth_quartic,0.9165151389911658,1194.9747192202744,1919.9999999999682,-725.0252807796937,True
dp=0.010,0.01,smooth_quartic,0.9165151389911658,1194.9747192202744,1919.9999999999682,-725.0252807796937,True
dp=0.010,0.01,smooth_quartic,0.916515138991167,1194.974719220277,1919.9999999999854,-725.0252807797085,True
dp=0.010,0.01,smooth_quartic,0.916515138991167,1194.974719220277,1919.9999999999854,-725.0252807797085,True
dp=0.010,0.01,smooth_quartic,0.916515138991167,1194.9747192202767,1919.9999999999854,-725.0252807797087,True
dp=0.010,0.01,smooth_quartic,0.916515138991167,1194.974719220277,1919.9999999999854,-725.0252807797085,True
dp=0.010,0.01,smooth_quartic,0.916515138991167,1194.974719220277,1919.9999999999854,-725.0252807797085,True
dp=0.010,0.01,smooth_quartic,0.916515138991167,1194.9747192202772,1919.9999999999854,-725.0252807797083,True
dp=0.010,0.01,smooth_quartic,0.9165151389911682,1194.9747192202797,1920.0000000000036,-725.025280779724,True
dp=0.010,0.01,smooth_quartic,0.9165151389911682,1194.9747192202797,1920.0000000000036,-725.025280779724,True
dp=0.010,0.01,smooth_quartic,0.9165151389911682,1194.9747192202797,1920.0000000000036,-725.025280779724,True
dp=0.010,0.01,smooth_quartic,0.9165151389911682,1194.9747192202797,1920.0000000000036,-725.025280779724,True
dp=0.010,0.01,smooth_quartic,0.9165151389911682,1194.9747192202797,1920.0000000000036,-725.025280779724,True
dp=0.010,0.01,smooth_quartic,0.9165151389911682,1194.9747192202797,1920.0000000000036,-725.025280779724,True
dp=0.010,0.01,smooth_quartic,0.9165151389911693,1194.9747192202813,1920.00000000002,-725.0252807797388,True
dp=0.010,0.01,smooth_quartic,0.9165151389911693,1194.9747192202813,1920.00000000002,-725.0252807797388,True
dp=0.010,0.01,smooth_quartic,0.9165151389911693,1194.9747192202815,1920.00000000002,-725.0252807797385,True
dp=0.010,0.01,smooth_quartic,0.9165151389911693,1194.9747192202813,1920.00000000002,-725.0252807797388,True
dp=0.010,0.01,smooth_quartic,0.9165151389911693,1194.9747192202813,1920.00000000002,-725.0252807797388,True
dp=0.010,0.01,smooth_quartic,0.9165151389911693,1194.9747192202815,1920.00000000002,-725.0252807797385,True
dp=0.010,0.01,smooth_quartic,0.9165151389911705,1194.9747192202842,1920.0000000000382,-725.025280779754,True
dp=0.010,0.01,smooth_quartic,0.9165151389911705,1194.974719220284,1920.0000000000382,-725.0252807797542,True
dp=0.010,0.01,smooth_quartic,0.9165151389911705,1194.9747192202842,1920.0000000000382,-725.025280779754,True
dp=0.010,0.01,smooth_quartic,0.9165151389911705,1194.974719220284,1920.0000000000382,-725.0252807797542,True
dp=0.010,0.01,smooth_quartic,0.9165151389911705,1194.9747192202844,1920.0000000000382,-725.0252807797538,True
dp=0.010,0.01,smooth_quartic,0.9165151389911705,1194.9747192202844,1920.0000000000382,-725.0252807797538,True
dp=0.010,0.01,smooth_quartic,0.9165151389911717,1194.9747192202854,1920.0000000000546,-725.0252807797692,True
dp=0.010,0.01,smooth_quartic,0.9165151389911717,1194.9747192202854,1920.0000000000546,-725.0252807797692,True
dp=0.010,0.01,smooth_quartic,0.9165151389911719,1194.974719220287,1920.0000000000564,-725.0252807797694,True
dp=0.010,0.01,smooth_quartic,0.9165151389911719,1194.9747192202872,1920.0000000000564,-725.0252807797692,True
dp=0.010,0.01,smooth_quartic,0.9165151389911719,1194.974719220287,1920.0000000000564,-725.0252807797694,True
dp=0.010,0.01,smooth_quartic,0.9165151389911719,1194.9747192202872,1920.0000000000564,-725.0252807797692,True
dp=0.010,0.01,smooth_quartic,0.916515138991173,1194.974719220289,1920.0000000000719,-725.0252807797829,True
dp=0.010,0.01,smooth_quartic,0.916515138991173,1194.9747192202892,1920.0000000000719,-725.0252807797826,True
dp=0.010,0.01,smooth_quartic,0.916515138991173,1194.9747192202892,1920.0000000000719,-725.0252807797826,True
dp=0.010,0.01,smooth_quartic,0.916515138991173,1194.974719220289,1920.0000000000719,-725.0252807797829,True
dp=0.010,0.01,smooth_quartic,0.9165151389911731,1194.9747192202892,1920.0000000000746,-725.0252807797854,True
dp=0.010,0.01,smooth_quartic,0.9165151389911731,1194.9747192202894,1920.0000000000746,-725.0252807797851,True
dp=0.010,0.01,smooth_quartic,0.9380831519646818,1172.298880519689,2239.99999999994,-1067.701119480251,True
dp=0.010,0.01,smooth_quartic,0.9380831519646818,1172.298880519689,2239.99999999994,-1067.701119480251,True
dp=0.010,0.01,smooth_quartic,0.9380831519646818,1172.298880519689,2239.99999999994,-1067.701119480251,True
dp=0.010,0.01,smooth_quartic,0.9380831519646844,1172.2988805196915,2239.999999999978,-1067.7011194802867,True
dp=0.010,0.01,smooth_quartic,0.9380831519646844,1172.2988805196915,2239.999999999978,-1067.7011194802867,True
dp=0.010,0.01,smooth_quartic,0.9380831519646844,1172.2988805196917,2239.999999999978,-1067.7011194802865,True
dp=0.010,0.01,smooth_quartic,0.9380831519646855,1172.2988805196908,2239.9999999999945,-1067.7011194803038,True
dp=0.010,0.01,smooth_quartic,0.9380831519646855,1172.2988805196906,2239.9999999999945,-1067.701119480304,True
dp=0.010,0.01,smooth_quartic,0.9380831519646855,1172.2988805196908,2239.9999999999945,-1067.7011194803038,True
dp=0.010,0.01,smooth_quartic,0.9380831519646855,1172.2988805196906,2239.9999999999945,-1067.701119480304,True
dp=0.010,0.01,smooth_quartic,0.9380831519646855,1172.2988805196906,2239.9999999999945,-1067.701119480304,True
dp=0.010,0.01,smooth_quartic,0.9380831519646855,1172.2988805196906,2239.9999999999945,-1067.701119480304,True
dp=0.010,0.01,smooth_quartic,0.9380831519646878,1172.2988805196912,2240.000000000029,-1067.7011194803379,True
dp=0.010,0.01,smooth_quartic,0.9380831519646878,1172.2988805196912,2240.000000000029,-1067.7011194803379,True
dp=0.010,0.01,smooth_quartic,0.9380831519646878,1172.298880519691,2240.000000000029,-1067.701119480338,True
dp=0.010,0.01,smooth_quartic,0.9380831519646878,1172.2988805196915,2240.000000000029,-1067.7011194803376,True
dp=0.010,0.01,smooth_quartic,0.9380831519646878,1172.2988805196912,2240.000000000029,-1067.7011194803379,True
dp=0.010,0.01,smooth_quartic,0.9380831519646878,1172.2988805196912,2240.000000000029,-1067.7011194803379,True
dp=0.010,0.01,smooth_quartic,0.938083151964689,1172.298880519691,2240.000000000048,-1067.7011194803572,True
dp=0.010,0.01,smooth_quartic,0.938083151964689,1172.2988805196912,2240.000000000048,-1067.701119480357,True
dp=0.010,0.01,smooth_quartic,0.938083151964689,1172.298880519691,2240.000000000048,-1067.7011194803572,True
dp=0.010,0.01,smooth_quartic,0.9380831519646915,1172.2988805196921,2240.0000000000837,-1067.7011194803915,True
dp=0.010,0.01,smooth_quartic,0.9380831519646915,1172.298880519692,2240.0000000000837,-1067.7011194803918,True
dp=0.010,0.01,smooth_quartic,0.9380831519646915,1172.298880519692,2240.0000000000837,-1067.7011194803918,True
dp=0.010,0.01,smooth_quartic,0.9797958971132675,1050.8360649155986,2879.999999999942,-1829.1639350843432,True
dp=0.010,0.01,smooth_quartic,0.9797958971132675,1050.8360649155989,2879.999999999942,-1829.163935084343,True
dp=0.010,0.01,smooth_quartic,0.9797958971132675,1050.8360649155986,2879.999999999942,-1829.1639350843432,True
dp=0.010,0.01,smooth_quartic,0.9797958971132699,1050.8360649155932,2879.9999999999773,-1829.163935084384,True
dp=0.010,0.01,smooth_quartic,0.9797958971132699,1050.836064915593,2879.9999999999773,-1829.1639350843843,True
dp=0.010,0.01,smooth_quartic,0.9797958971132699,1050.8360649155927,2879.9999999999773,-1829.1639350843845,True
dp=0.010,0.01,smooth_quartic,0.9797958971132699,1050.836064915593,2879.9999999999773,-1829.1639350843843,True
dp=0.010,0.01,smooth_quartic,0.9797958971132699,1050.836064915593,2879.9999999999773,-1829.1639350843843,True
dp=0.010,0.01,smooth_quartic,0.9797958971132699,1050.836064915593,2879.9999999999773,-1829.1639350843843,True
dp=0.010,0.01,smooth_quartic,0.9797958971132721,1050.8360649155868,2880.0000000000127,-1829.163935084426,True
dp=0.010,0.01,smooth_quartic,0.9797958971132721,1050.8360649155868,2880.0000000000127,-1829.163935084426,True
dp=0.010,0.01,smooth_quartic,0.9797958971132721,1050.8360649155868,2880.0000000000127,-1829.163935084426,True
dp=0.010,0.01,smooth_quartic,0.9797958971132721,1050.836064915587,2880.0000000000127,-1829.1639350844257,True
dp=0.010,0.01,smooth_quartic,0.9797958971132721,1050.836064915587,2880.0000000000127,-1829.1639350844257,True
dp=0.010,0.01,smooth_quartic,0.9797958971132721,1050.836064915587,2880.0000000000127,-1829.1639350844257,True
dp=0.010,0.01,smooth_quartic,0.9797958971132743,1050.8360649155813,2880.0000000000473,-1829.163935084466,True
dp=0.010,0.01,smooth_quartic,0.9797958971132743,1050.8360649155813,2880.0000000000473,-1829.163935084466,True
dp=0.010,0.01,smooth_quartic,0.9797958971132743,1050.8360649155811,2880.0000000000473,-1829.1639350844662,True
dp=0.010,0.01,smooth_quartic,0.9797958971132743,1050.8360649155813,2880.0000000000473,-1829.163935084466,True
dp=0.010,0.01,smooth_quartic,0.9797958971132743,1050.8360649155813,2880.0000000000473,-1829.163935084466,True
dp=0.010,0.01,smooth_quartic,0.9797958971132743,1050.8360649155811,2880.0000000000473,-1829.1639350844662,True
dp=0.010,0.01,smooth_quartic,0.9797958971132765,1050.8360649155752,2880.0000000000837,-1829.1639350845085,True
dp=0.010,0.01,smooth_quartic,0.9797958971132765,1050.8360649155752,2880.0000000000837,-1829.1639350845085,True
dp=0.010,0.01,smooth_quartic,0.9797958971132765,1050.8360649155752,2880.0000000000837,-1829.1639350845085,True
dp=0.010,0.01,smooth_quartic,0.999999999999997,889.3083387442886,3199.999999999951,-2310.6916612556624,True
dp=0.010,0.01,smooth_quartic,0.999999999999997,889.3083387442884,3199.999999999951,-2310.6916612556624,True
dp=0.010,0.01,smooth_quartic,0.999999999999997,889.3083387442887,3199.999999999951,-2310.6916612556624,True
dp=0.010,0.01,smooth_quartic,0.999999999999997,889.3083387442886,3199.999999999951,-2310.6916612556624,True
dp=0.010,0.01,smooth_quartic,0.999999999999997,889.3083387442886,3199.999999999951,-2310.6916612556624,True
dp=0.010,0.01,smooth_quartic,0.999999999999997,889.3083387442886,3199.999999999951,-2310.6916612556624,True
dp=0.010,0.01,smooth_quartic,0.9999999999999981,916.9992487720255,3199.999999999969,-2283.0007512279435,True
dp=0.010,0.01,smooth_quartic,0.9999999999999981,916.9992487720255,3199.999999999969,-2283.0007512279435,True
dp=0.010,0.01,smooth_quartic,0.9999999999999981,916.9992487720257,3199.999999999969,-2283.0007512279435,True
dp=0.010,0.01,smooth_quartic,1.0000000000000002,889.3083387442719,3200.0000000000055,-2310.6916612557334,True
dp=0.010,0.01,smooth_quartic,1.0000000000000002,889.3083387442717,3200.0000000000055,-2310.691661255734,True
dp=0.010,0.01,smooth_quartic,1.0000000000000002,889.3083387442719,3200.0000000000055,-2310.6916612557334,True
dp=0.010,0.01,smooth_quartic,1.0000000000000002,889.3083387442717,3200.0000000000055,-2310.691661255734,True
dp=0.010,0.01,smooth_quartic,1.0000000000000002,889.3083387442717,3200.0000000000055,-2310.691661255734,True
dp=0.010,0.01,smooth_quartic,1.0000000000000002,889.3083387442719,3200.0000000000055,-2310.6916612557334,True
dp=0.010,0.01,smooth_quartic,1.0000000000000013,889.3083387442678,3200.0000000000236,-2310.691661255756,True
dp=0.010,0.01,smooth_quartic,1.0000000000000013,889.3083387442675,3200.0000000000236,-2310.691661255756,True
dp=0.010,0.01,smooth_quartic,1.0000000000000013,889.3083387442675,3200.0000000000236,-2310.691661255756,True
dp=0.010,0.01,smooth_quartic,1.0000000000000013,889.3083387442675,3200.0000000000236,-2310.691661255756,True
dp=0.010,0.01,smooth_quartic,1.0000000000000013,889.3083387442675,3200.0000000000236,-2310.691661255756,True
dp=0.010,0.01,smooth_quartic,1.0000000000000013,889.3083387442676,3200.0000000000236,-2310.691661255756,True
dp=0.010,0.01,smooth_quartic,1.0000000000000036,916.9992487720042,3200.0000000000573,-2283.000751228053,True
dp=0.010,0.01,smooth_quartic,1.0000000000000036,916.9992487720042,3200.0000000000573,-2283.000751228053,True
dp=0.010,0.01,smooth_quartic,1.0000000000000036,916.9992487720042,3200.0000000000573,-2283.000751228053,True
dp=0.010,0.01,smooth_quartic,1.0000000000000047,889.3083387442506,3200.0000000000755,-2310.691661255825,True
dp=0.010,0.01,smooth_quartic,1.0000000000000047,889.3083387442506,3200.0000000000755,-2310.691661255825,True
dp=0.010,0.01,smooth_quartic,1.0000000000000047,889.3083387442506,3200.0000000000755,-2310.691661255825,True
dp=0.010,0.01,smooth_quartic,1.0000000000000047,889.3083387442507,3200.0000000000755,-2310.691661255825,True
dp=0.010,0.01,smooth_quartic,1.0000000000000047,889.3083387442506,3200.0000000000755,-2310.691661255825,True
dp=0.010,0.01,smooth_quartic,1.0000000000000047,889.3083387442505,3200.0000000000755,-2310.6916612558252,True
dp=0.010,0.01,smooth_quartic,1.0198039027185535,757.7917809812977,3519.9999999999427,-2762.2082190186447,True
dp=0.010,0.01,smooth_quartic,1.0198039027185535,757.7917809812977,3519.9999999999427,-2762.2082190186447,True
dp=0.010,0.01,smooth_quartic,1.0198039027185535,757.7917809812977,3519.9999999999427,-2762.2082190186447,True
dp=0.010,0.01,smooth_quartic,1.0198039027185535,757.7917809812977,3519.9999999999427,-2762.2082190186447,True
dp=0.010,0.01,smooth_quartic,1.0198039027185535,757.7917809812977,3519.9999999999427,-2762.2082190186447,True
dp=0.010,0.01,smooth_quartic,1.0198039027185535,757.7917809812977,3519.9999999999427,-2762.2082190186447,True
dp=0.010,0.01,smooth_quartic,1.0198039027185546,794.4679110371312,3519.999999999961,-2725.5320889628297,True
dp=0.010,0.01,smooth_quartic,1.0198039027185546,757.791780981292,3519.999999999961,-2762.208219018669,True
dp=0.010,0.01,smooth_quartic,1.0198039027185546,794.4679110371313,3519.999999999961,-2725.5320889628297,True
dp=0.010,0.01,smooth_quartic,1.0198039027185546,757.7917809812923,3519.999999999961,-2762.2082190186684,True
dp=0.010,0.01,smooth_quartic,1.0198039027185546,757.7917809812919,3519.999999999961,-2762.208219018669,True
dp=0.010,0.01,smooth_quartic,1.0198039027185546,794.4679110371312,3519.999999999961,-2725.5320889628297,True
dp=0.010,0.01,smooth_quartic,1.0198039027185546,794.4679110371312,3519.999999999961,-2725.5320889628297,True
dp=0.010,0.01,smooth_quartic,1.0198039027185546,794.4679110371314,3519.999999999961,-2725.532088962829,True
dp=0.010,0.01,smooth_quartic,1.0198039027185546,794.4679110371312,3519.999999999961,-2725.5320889628297,True
dp=0.010,0.01,smooth_quartic,1.0198039027185546,757.7917809812919,3519.999999999961,-2762.208219018669,True
dp=0.010,0.01,smooth_quartic,1.0198039027185546,757.791780981292,3519.999999999961,-2762.208219018669,True
dp=0.010,0.01,smooth_quartic,1.0198039027185546,757.7917809812919,3519.999999999961,-2762.208219018669,True
dp=0.010,0.01,smooth_quartic,1.0198039027185557,794.4679110371262,3519.9999999999773,-2725.532088962851,True
dp=0.010,0.01,smooth_quartic,1.0198039027185557,794.4679110371262,3519.9999999999773,-2725.532088962851,True
dp=0.010,0.01,smooth_quartic,1.0198039027185557,794.4679110371262,3519.9999999999773,-2725.532088962851,True
dp=0.010,0.01,smooth_quartic,1.0198039027185557,794.4679110371262,3519.9999999999773,-2725.532088962851,True
dp=0.010,0.01,smooth_quartic,1.0198039027185557,794.4679110371262,3519.9999999999773,-2725.532088962851,True
dp=0.010,0.01,smooth_quartic,1.0198039027185557,794.4679110371262,3519.9999999999773,-2725.532088962851,True
dp=0.010,0.01,smooth_quartic,1.0198039027185568,757.7917809812778,3519.9999999999955,-2762.2082190187175,True
dp=0.010,0.01,smooth_quartic,1.0198039027185568,757.7917809812781,3519.9999999999955,-2762.2082190187175,True
dp=0.010,0.01,smooth_quartic,1.0198039027185568,757.7917809812782,3519.9999999999955,-2762.2082190187175,True
dp=0.010,0.01,smooth_quartic,1.0198039027185568,757.791780981278,3519.9999999999955,-2762.2082190187175,True
dp=0.010,0.01,smooth_quartic,1.0198039027185568,757.7917809812782,3519.9999999999955,-2762.2082190187175,True
dp=0.010,0.01,smooth_quartic,1.0198039027185568,757.7917809812781,3519.9999999999955,-2762.2082190187175,True
dp=0.010,0.01,smooth_quartic,1.019803902718558,757.7917809812719,3520.0000000000136,-2762.2082190187416,True
dp=0.010,0.01,smooth_quartic,1.019803902718558,757.7917809812722,3520.0000000000136,-2762.2082190187416,True
dp=0.010,0.01,smooth_quartic,1.019803902718558,757.791780981272,3520.0000000000136,-2762.2082190187416,True
dp=0.010,0.01,smooth_quartic,1.019803902718558,757.7917809812719,3520.0000000000136,-2762.2082190187416,True
dp=0.010,0.01,smooth_quartic,1.019803902718558,757.7917809812722,3520.0000000000136,-2762.2082190187416,True
dp=0.010,0.01,smooth_quartic,1.019803902718558,757.7917809812723,3520.0000000000136,-2762.208219018741,True
dp=0.010,0.01,smooth_quartic,1.019803902718558,757.7917809812723,3520.0000000000136,-2762.208219018741,True
dp=0.010,0.01,smooth_quartic,1.019803902718558,757.791780981272,3520.0000000000136,-2762.2082190187416,True
dp=0.010,0.01,smooth_quartic,1.019803902718558,757.7917809812719,3520.0000000000136,-2762.2082190187416,True
dp=0.010,0.01,smooth_quartic,1.019803902718558,757.7917809812722,3520.0000000000136,-2762.2082190187416,True
dp=0.010,0.01,smooth_quartic,1.019803902718558,757.7917809812722,3520.0000000000136,-2762.2082190187416,True
dp=0.010,0.01,smooth_quartic,1.019803902718558,757.791780981272,3520.0000000000136,-2762.2082190187416,True
dp=0.010,0.01,smooth_quartic,1.019803902718559,757.7917809812666,3520.0000000000337,-2762.208219018767,True
dp=0.010,0.01,smooth_quartic,1.019803902718559,757.7917809812664,3520.0000000000337,-2762.2082190187675,True
dp=0.010,0.01,smooth_quartic,1.019803902718559,757.7917809812664,3520.0000000000337,-2762.2082190187675,True
dp=0.010,0.01,smooth_quartic,1.019803902718559,757.7917809812664,3520.0000000000337,-2762.2082190187675,True
dp=0.010,0.01,smooth_quartic,1.019803902718559,757.7917809812664,3520.0000000000337,-2762.2082190187675,True
dp=0.010,0.01,smooth_quartic,1.019803902718559,757.7917809812665,3520.0000000000337,-2762.208219018767,True
dp=0.010,0.01,smooth_quartic,1.01980390271856,794.4679110371039,3520.000000000048,-2725.5320889629443,True
dp=0.010,0.01,smooth_quartic,1.01980390271856,794.467911037104,3520.000000000048,-2725.5320889629443,True
dp=0.010,0.01,smooth_quartic,1.01980390271856,794.4679110371039,3520.000000000048,-2725.5320889629443,True
dp=0.010,0.01,smooth_quartic,1.01980390271856,794.4679110371039,3520.000000000048,-2725.5320889629443,True
dp=0.010,0.01,smooth_quartic,1.01980390271856,794.467911037104,3520.000000000048,-2725.5320889629443,True
dp=0.010,0.01,smooth_quartic,1.01980390271856,794.4679110371039,3520.000000000048,-2725.5320889629443,True
dp=0.010,0.01,smooth_quartic,1.019803902718561,794.4679110370992,3520.0000000000664,-2725.5320889629675,True
dp=0.010,0.01,smooth_quartic,1.019803902718561,794.4679110370992,3520.0000000000664,-2725.5320889629675,True
dp=0.010,0.01,smooth_quartic,1.019803902718561,794.4679110370992,3520.0000000000664,-2725.5320889629675,True
dp=0.010,0.01,smooth_quartic,1.019803902718561,794.4679110370992,3520.0000000000664,-2725.5320889629675,True
dp=0.010,0.01,smooth_quartic,1.019803902718561,794.4679110370992,3520.0000000000664,-2725.5320889629675,True
dp=0.010,0.01,smooth_quartic,1.019803902718561,794.4679110370992,3520.0000000000664,-2725.5320889629675,True
dp=0.010,0.01,smooth_quartic,1.019803902718561,757.7917809812528,3520.0000000000664,-2762.2082190188135,True
dp=0.010,0.01,smooth_quartic,1.019803902718561,757.7917809812529,3520.0000000000664,-2762.2082190188135,True
dp=0.010,0.01,smooth_quartic,1.0198039027185613,757.7917809812525,3520.00000000007,-2762.2082190188175,True
dp=0.010,0.01,smooth_quartic,1.0198039027185613,757.7917809812525,3520.00000000007,-2762.2082190188175,True
dp=0.010,0.01,smooth_quartic,1.0198039027185613,757.7917809812524,3520.00000000007,-2762.2082190188175,True
dp=0.010,0.01,smooth_quartic,1.0198039027185613,757.7917809812526,3520.00000000007,-2762.2082190188175,True
dp=0.010,0.01,smooth_quartic,1.0198039027185621,757.7917809812468,3520.0000000000846,-2762.2082190188376,True
dp=0.010,0.01,smooth_quartic,1.0198039027185621,757.7917809812468,3520.0000000000846,-2762.2082190188376,True
dp=0.010,0.01,smooth_quartic,1.0198039027185621,757.7917809812467,3520.0000000000846,-2762.208219018838,True
dp=0.010,0.01,smooth_quartic,1.0198039027185621,757.7917809812468,3520.0000000000846,-2762.2082190188376,True
dp=0.010,0.01,smooth_quartic,1.0198039027185621,757.7917809812468,3520.0000000000846,-2762.2082190188376,True
dp=0.010,0.01,smooth_quartic,1.0198039027185621,757.7917809812468,3520.0000000000846,-2762.2082190188376,True
dp=0.010,0.01,smooth_quartic,1.0392304845413225,604.69849024724,3839.9999999999354,-3235.3015097526954,True
dp=0.010,0.01,smooth_quartic,1.0392304845413234,640.8983916030384,3839.999999999952,-3199.1016083969134,True
dp=0.010,0.01,smooth_quartic,1.0392304845413234,640.8983916030384,3839.999999999952,-3199.1016083969134,True
dp=0.010,0.01,smooth_quartic,1.0392304845413236,640.8983916030377,3839.999999999952,-3199.1016083969143,True
dp=0.010,0.01,smooth_quartic,1.0392304845413245,640.8983916030319,3839.99999999997,-3199.101608396938,True
dp=0.010,0.01,smooth_quartic,1.0392304845413245,640.8983916030318,3839.99999999997,-3199.101608396938,True
dp=0.010,0.01,smooth_quartic,1.0392304845413245,640.8983916030318,3839.99999999997,-3199.101608396938,True
dp=0.010,0.01,smooth_quartic,1.0392304845413245,640.8983916030318,3839.99999999997,-3199.101608396938,True
dp=0.010,0.01,smooth_quartic,1.0392304845413247,640.8983916030311,3839.999999999972,-3199.1016083969407,True
dp=0.010,0.01,smooth_quartic,1.0392304845413247,640.8983916030311,3839.999999999972,-3199.1016083969407,True
dp=0.010,0.01,smooth_quartic,1.0392304845413256,640.8983916030254,3839.9999999999864,-3199.1016083969607,True
dp=0.010,0.01,smooth_quartic,1.0392304845413256,604.6984902472182,3839.9999999999864,-3235.301509752768,True
dp=0.010,0.01,smooth_quartic,1.0392304845413256,640.8983916030254,3839.9999999999864,-3199.1016083969607,True
dp=0.010,0.01,smooth_quartic,1.0392304845413256,640.8983916030254,3839.9999999999864,-3199.1016083969607,True
dp=0.010,0.01,smooth_quartic,1.0392304845413256,604.6984902472184,3839.9999999999864,-3235.3015097527677,True
dp=0.010,0.01,smooth_quartic,1.0392304845413256,604.6984902472182,3839.9999999999864,-3235.301509752768,True
dp=0.010,0.01,smooth_quartic,1.0392304845413287,640.8983916030047,3840.000000000041,-3199.101608397036,True
dp=0.010,0.01,smooth_quartic,1.0392304845413287,604.6984902471963,3840.000000000041,-3235.3015097528446,True
dp=0.010,0.01,smooth_quartic,1.0392304845413287,604.6984902471962,3840.000000000041,-3235.3015097528446,True
dp=0.010,0.01,smooth_quartic,1.0392304845413287,640.8983916030047,3840.000000000041,-3199.101608397036,True
dp=0.010,0.01,smooth_quartic,1.0392304845413287,604.6984902471963,3840.000000000041,-3235.3015097528446,True
dp=0.010,0.01,smooth_quartic,1.0392304845413287,640.8983916030048,3840.000000000041,-3199.101608397036,True
dp=0.010,0.01,smooth_quartic,1.0392304845413298,640.8983916029985,3840.0000000000573,-3199.101608397059,True
dp=0.010,0.01,smooth_quartic,1.0392304845413298,640.8983916029985,3840.0000000000573,-3199.101608397059,True
dp=0.010,0.01,smooth_quartic,1.0392304845413298,640.8983916029985,3840.0000000000573,-3199.101608397059,True
dp=0.010,0.01,smooth_quartic,1.0392304845413298,640.8983916029985,3840.0000000000573,-3199.101608397059,True
dp=0.010,0.01,smooth_quartic,1.0392304845413298,640.8983916029986,3840.000000000059,-3199.1016083970608,True
dp=0.010,0.01,smooth_quartic,1.0392304845413298,640.8983916029985,3840.000000000059,-3199.1016083970608,True
dp=0.010,0.01,smooth_quartic,1.039230484541331,640.8983916029923,3840.0000000000755,-3199.101608397083,True
dp=0.010,0.01,smooth_quartic,1.039230484541331,640.8983916029922,3840.0000000000755,-3199.1016083970835,True
dp=0.010,0.01,smooth_quartic,1.039230484541331,640.8983916029922,3840.0000000000755,-3199.1016083970835,True
dp=0.010,0.01,smooth_quartic,1.039230484541332,604.6984902471736,3840.0000000000937,-3235.30150975292,True
dp=0.010,0.01,smooth_quartic,1.077032961426897,233.53005611296703,4479.999999999937,-4246.46994388697,True
dp=0.010,0.01,smooth_quartic,1.077032961426897,233.53005611296697,4479.999999999937,-4246.46994388697,True
dp=0.010,0.01,smooth_quartic,1.077032961426897,233.53005611296697,4479.999999999937,-4246.46994388697,True
dp=0.010,0.01,smooth_quartic,1.077032961426897,233.53005611296697,4479.999999999937,-4246.46994388697,True
dp=0.010,0.01,smooth_quartic,1.077032961426897,233.53005611296697,4479.999999999937,-4246.46994388697,True
dp=0.010,0.01,smooth_quartic,1.077032961426897,233.53005611296697,4479.999999999937,-4246.46994388697,True
dp=0.010,0.01,smooth_quartic,1.077032961426898,256.9131982968902,4479.999999999954,-4223.086801703063,True
dp=0.010,0.01,smooth_quartic,1.077032961426898,256.9131982968902,4479.999999999954,-4223.086801703063,True
dp=0.010,0.01,smooth_quartic,1.077032961426898,256.9131982968902,4479.999999999954,-4223.086801703063,True
dp=0.010,0.01,smooth_quartic,1.077032961426898,256.91319829689036,4479.999999999954,-4223.086801703063,True
dp=0.010,0.01,smooth_quartic,1.077032961426898,256.91319829689036,4479.999999999954,-4223.086801703063,True
dp=0.010,0.01,smooth_quartic,1.077032961426898,256.9131982968902,4479.999999999954,-4223.086801703063,True
dp=0.010,0.01,smooth_quartic,1.0770329614268992,233.53005611294734,4479.99999999997,-4246.469943887023,True
dp=0.010,0.01,smooth_quartic,1.0770329614268992,233.53005611294736,4479.99999999997,-4246.469943887023,True
dp=0.010,0.01,smooth_quartic,1.0770329614268992,233.53005611294725,4479.99999999997,-4246.469943887023,True
dp=0.010,0.01,smooth_quartic,1.0770329614268992,233.53005611294725,4479.99999999997,-4246.469943887023,True
dp=0.010,0.01,smooth_quartic,1.0770329614268992,233.53005611294725,4479.99999999997,-4246.469943887023,True
dp=0.010,0.01,smooth_quartic,1.0770329614268992,233.53005611294728,4479.99999999997,-4246.469943887023,True
dp=0.010,0.01,smooth_quartic,1.0770329614269,256.9131982968724,4479.999999999988,-4223.086801703116,True
dp=0.010,0.01,smooth_quartic,1.0770329614269,256.9131982968724,4479.999999999988,-4223.086801703116,True
dp=0.010,0.01,smooth_quartic,1.0770329614269,256.9131982968724,4479.999999999988,-4223.086801703116,True
dp=0.010,0.01,smooth_quartic,1.0770329614269,256.91319829687234,4479.999999999988,-4223.086801703116,True
dp=0.010,0.01,smooth_quartic,1.0770329614269,256.91319829687234,4479.999999999988,-4223.086801703116,True
dp=0.010,0.01,smooth_quartic,1.0770329614269,233.53005611293878,4479.999999999988,-4246.469943887049,True
dp=0.010,0.01,smooth_quartic,1.0770329614269,233.5300561129388,4479.999999999988,-4246.469943887049,True
dp=0.010,0.01,smooth_quartic,1.0770329614269,256.9131982968724,4479.999999999988,-4223.086801703116,True
dp=0.010,0.01,smooth_quartic,1.0770329614269003,233.53005611293747,4479.99999999999,-4246.469943887052,True
dp=0.010,0.01,smooth_quartic,1.0770329614269003,233.53005611293744,4479.99999999999,-4246.469943887053,True
dp=0.010,0.01,smooth_quartic,1.0770329614269003,233.5300561129375,4479.99999999999,-4246.469943887052,True
dp=0.010,0.01,smooth_quartic,1.0770329614269003,233.53005611293747,4479.99999999999,-4246.469943887052,True
dp=0.010,0.01,smooth_quartic,1.0770329614269012,233.5300561129292,4480.000000000008,-4246.469943887079,True
dp=0.010,0.01,smooth_quartic,1.0770329614269012,233.53005611292906,4480.000000000008,-4246.469943887079,True
dp=0.010,0.01,smooth_quartic,1.0770329614269012,233.5300561129291,4480.000000000008,-4246.469943887079,True
dp=0.010,0.01,smooth_quartic,1.0770329614269012,233.53005611292915,4480.000000000008,-4246.469943887079,True
dp=0.010,0.01,smooth_quartic,1.0770329614269012,233.5300561129292,4480.000000000008,-4246.469943887079,True
dp=0.010,0.01,smooth_quartic,1.0770329614269012,233.53005611292912,4480.000000000008,-4246.469943887079,True
dp=0.010,0.01,smooth_quartic,1.077032961426902,233.53005611292042,4480.000000000023,-4246.469943887102,True
dp=0.010,0.01,smooth_quartic,1.077032961426902,233.53005611292048,4480.000000000023,-4246.469943887102,True
dp=0.010,0.01,smooth_quartic,1.077032961426902,233.53005611292045,4480.000000000023,-4246.469943887102,True
dp=0.010,0.01,smooth_quartic,1.077032961426902,233.5300561129204,4480.000000000023,-4246.469943887102,True
dp=0.010,0.01,smooth_quartic,1.0770329614269023,233.53005611291908,4480.000000000026,-4246.469943887108,True
dp=0.010,0.01,smooth_quartic,1.0770329614269023,233.5300561129191,4480.000000000026,-4246.469943887108,True
dp=0.010,0.01,smooth_quartic,1.0770329614269032,256.91319829684625,4480.000000000041,-4223.086801703194,True
dp=0.010,0.01,smooth_quartic,1.0770329614269032,256.91319829684636,4480.000000000041,-4223.086801703194,True
dp=0.010,0.01,smooth_quartic,1.0770329614269032,233.53005611291144,4480.000000000041,-4246.469943887129,True
dp=0.010,0.01,smooth_quartic,1.0770329614269032,256.91319829684625,4480.000000000041,-4223.086801703194,True
dp=0.010,0.01,smooth_quartic,1.0770329614269032,256.91319829684625,4480.000000000041,-4223.086801703194,True
dp=0.010,0.01,smooth_quartic,1.0770329614269032,256.9131982968462,4480.000000000041,-4223.086801703194,True
dp=0.010,0.01,smooth_quartic,1.0770329614269032,256.9131982968464,4480.000000000041,-4223.086801703194,True
dp=0.010,0.01,smooth_quartic,1.0770329614269032,233.53005611291144,4480.000000000041,-4246.469943887129,True
dp=0.010,0.01,smooth_quartic,1.0770329614269032,233.53005611291155,4480.000000000043,-4246.469943887131,True
dp=0.010,0.01,smooth_quartic,1.0770329614269032,233.53005611291144,4480.000000000043,-4246.469943887131,True
dp=0.010,0.01,smooth_quartic,1.0770329614269032,233.53005611291155,4480.000000000043,-4246.469943887131,True
dp=0.010,0.01,smooth_quartic,1.0770329614269032,233.53005611291144,4480.000000000043,-4246.469943887131,True
dp=0.010,0.01,smooth_quartic,1.0770329614269043,233.5300561129009,4480.000000000059,-4246.4699438871585,True
dp=0.010,0.01,smooth_quartic,1.0770329614269043,233.5300561129009,4480.000000000059,-4246.4699438871585,True
dp=0.010,0.01,smooth_quartic,1.0770329614269043,233.53005611290095,4480.000000000059,-4246.4699438871585,True
dp=0.010,0.01,smooth_quartic,1.0770329614269043,233.5300561129009,4480.000000000059,-4246.4699438871585,True
dp=0.010,0.01,smooth_quartic,1.0770329614269043,233.5300561129009,4480.000000000059,-4246.4699438871585,True
dp=0.010,0.01,smooth_quartic,1.0770329614269043,233.53005611290092,4480.000000000059,-4246.4699438871585,True
dp=0.010,0.01,smooth_quartic,1.0770329614269052,256.91319829682794,4480.0000000000755,-4223.086801703247,True
dp=0.010,0.01,smooth_quartic,1.0770329614269052,256.9131982968279,4480.0000000000755,-4223.086801703248,True
dp=0.010,0.01,smooth_quartic,1.0770329614269052,256.91319829682794,4480.0000000000755,-4223.086801703247,True
dp=0.010,0.01,smooth_quartic,1.0770329614269052,256.913198296828,4480.0000000000755,-4223.086801703247,True
dp=0.010,0.01,smooth_quartic,1.0770329614269052,256.9131982968279,4480.0000000000755,-4223.086801703248,True
dp=0.010,0.01,smooth_quartic,1.0770329614269052,256.9131982968279,4480.0000000000755,-4223.086801703248,True
dp=0.010,0.01,smooth_quartic,1.0770329614269063,233.53005611288248,4480.0000000000955,-4246.469943887213,True
dp=0.010,0.01,smooth_quartic,1.0770329614269063,233.53005611288248,4480.0000000000955,-4246.469943887213,True
dp=0.010,0.01,smooth_quartic,1.0770329614269063,233.53005611288248,4480.0000000000955,-4246.469943887213,True
dp=0.010,0.01,smooth_quartic,1.0770329614269063,233.53005611288248,4480.0000000000955,-4246.469943887213,True
dp=0.010,0.01,smooth_quartic,1.0770329614269063,233.53005611288236,4480.0000000000955,-4246.469943887213,True
dp=0.010,0.01,smooth_quartic,1.0770329614269063,233.5300561128824,4480.0000000000955,-4246.469943887213,True
dp=0.010,0.01,smooth_quartic,1.095445115010329,54.37931843539424,4799.999999999943,-4745.620681564548,True
dp=0.010,0.01,smooth_quartic,1.095445115010329,54.37931843539422,4799.999999999943,-4745.620681564548,True
dp=0.010,0.01,smooth_quartic,1.095445115010329,54.379318435394225,4799.999999999943,-4745.620681564548,True
dp=0.010,0.01,smooth_quartic,1.095445115010329,54.37931843539424,4799.999999999943,-4745.620681564548,True
dp=0.010,0.01,smooth_quartic,1.095445115010329,54.37931843539432,4799.999999999946,-4745.620681564552,True
dp=0.010,0.01,smooth_quartic,1.095445115010329,54.37931843539434,4799.999999999946,-4745.620681564552,True
dp=0.010,0.01,smooth_quartic,1.09544511501033,54.37931843538507,4799.999999999961,-4745.6206815645755,True
dp=0.010,0.01,smooth_quartic,1.09544511501033,54.37931843538509,4799.999999999961,-4745.6206815645755,True
dp=0.010,0.01,smooth_quartic,1.09544511501033,54.37931843538507,4799.999999999961,-4745.6206815645755,True
dp=0.010,0.01,smooth_quartic,1.09544511501033,54.37931843538508,4799.999999999961,-4745.6206815645755,True
dp=0.010,0.01,smooth_quartic,1.0954451150103302,54.37931843538354,4799.999999999963,-4745.620681564579,True
dp=0.010,0.01,smooth_quartic,1.0954451150103302,54.37931843538351,4799.999999999963,-4745.620681564579,True
dp=0.010,0.01,smooth_quartic,1.095445115010331,54.379318435374756,4799.999999999979,-4745.620681564605,True
dp=0.010,0.01,smooth_quartic,1.095445115010331,54.37931843537469,4799.999999999979,-4745.620681564605,True
dp=0.010,0.01,smooth_quartic,1.095445115010331,54.37931843537489,4799.999999999979,-4745.620681564605,True
dp=0.010,0.01,smooth_quartic,1.095445115010331,54.37931843537473,4799.999999999979,-4745.620681564605,True
dp=0.010,0.01,smooth_quartic,1.095445115010331,54.37931843537488,4799.999999999979,-4745.620681564605,True
dp=0.010,0.01,smooth_quartic,1.095445115010331,54.379318435374685,4799.999999999979,-4745.620681564605,True
dp=0.010,0.01,smooth_quartic,1.0954451150103321,54.3793184353639,4799.999999999997,-4745.620681564634,True
dp=0.010,0.01,smooth_quartic,1.0954451150103321,54.3793184353639,4799.999999999997,-4745.620681564634,True
dp=0.010,0.01,smooth_quartic,1.0954451150103321,54.3793184353639,4799.999999999997,-4745.620681564634,True
dp=0.010,0.01,smooth_quartic,1.0954451150103321,54.37931843536394,4799.999999999997,-4745.620681564634,True
dp=0.010,0.01,smooth_quartic,1.0954451150103321,54.37931843536393,4799.999999999997,-4745.620681564634,True
dp=0.010,0.01,smooth_quartic,1.0954451150103321,54.37931843536391,4799.999999999997,-4745.620681564634,True
dp=0.010,0.01,smooth_quartic,1.0954451150103341,54.37931843534523,4800.000000000034,-4745.620681564688,True
dp=0.010,0.01,smooth_quartic,1.0954451150103341,54.379318435345155,4800.000000000034,-4745.620681564688,True
dp=0.010,0.01,smooth_quartic,1.0954451150103341,54.379318435345176,4800.000000000034,-4745.620681564688,True
dp=0.010,0.01,smooth_quartic,1.0954451150103341,54.379318435345176,4800.000000000034,-4745.620681564688,True
dp=0.010,0.01,smooth_quartic,1.0954451150103341,54.379318435345176,4800.000000000034,-4745.620681564688,True
dp=0.010,0.01,smooth_quartic,1.0954451150103341,54.37931843534522,4800.000000000034,-4745.620681564688,True
dp=0.010,0.01,smooth_quartic,1.095445115010335,54.37931843533621,4800.000000000052,-4745.620681564716,True
dp=0.010,0.01,smooth_quartic,1.095445115010335,54.379318435336145,4800.000000000052,-4745.620681564716,True
dp=0.010,0.01,smooth_quartic,1.095445115010335,54.3793184353362,4800.000000000052,-4745.620681564716,True
dp=0.010,0.01,smooth_quartic,1.095445115010335,54.379318435336145,4800.000000000052,-4745.620681564716,True
dp=0.010,0.01,smooth_quartic,1.0954451150103353,54.379318435334525,4800.000000000054,-4745.620681564719,True
dp=0.010,0.01,smooth_quartic,1.0954451150103353,54.379318435334525,4800.000000000054,-4745.620681564719,True
dp=0.010,0.01,smooth_quartic,1.0954451150103361,54.37931843532506,4800.000000000068,-4745.620681564743,True
dp=0.010,0.01,smooth_quartic,1.0954451150103361,54.37931843532509,4800.000000000068,-4745.620681564743,True
dp=0.010,0.01,smooth_quartic,1.0954451150103361,54.37931843532509,4800.000000000068,-4745.620681564743,True
dp=0.010,0.01,smooth_quartic,1.0954451150103361,54.37931843532499,4800.000000000068,-4745.620681564743,True
dp=0.010,0.01,smooth_quartic,1.0954451150103361,54.379318435325,4800.000000000068,-4745.620681564743,True
dp=0.010,0.01,smooth_quartic,1.0954451150103361,54.379318435325104,4800.000000000068,-4745.620681564743,True
dp=0.010,0.01,smooth_quartic,1.0954451150103373,54.37931843531435,4800.000000000086,-4745.620681564772,True
dp=0.010,0.01,smooth_quartic,1.0954451150103373,54.37931843531425,4800.000000000086,-4745.620681564772,True
dp=0.010,0.01,smooth_quartic,1.0954451150103373,54.37931843531435,4800.000000000086,-4745.620681564772,True
dp=0.010,0.01,smooth_quartic,1.0954451150103373,54.379318435314346,4800.000000000086,-4745.620681564772,True
dp=0.010,0.01,smooth_quartic,1.0954451150103373,54.37931843531425,4800.000000000086,-4745.620681564772,True
dp=0.010,0.01,smooth_quartic,1.0954451150103373,54.37931843531437,4800.000000000086,-4745.620681564772,True
dp=0.008,0.008,constant,4.80740671595891e-15,0.0,0.0,0.0,True
dp=0.008,0.008,constant,0.15999999999999737,0.0,0.0,0.0,True
dp=0.008,0.008,constant,0.16000000000000292,0.0,0.0,0.0,True
dp=0.008,0.008,constant,0.2262741699796915,0.0,0.0,0.0,True
dp=0.008,0.008,constant,0.2262741699796954,0.0,0.0,0.0,True
dp=0.008,0.008,constant,0.2262741699796954,0.0,0.0,0.0,True
dp=0.008,0.008,constant,0.22627416997969932,0.0,0.0,0.0,True
dp=0.008,0.008,constant,0.27712812921101904,0.0,0.0,0.0,True
dp=0.008,0.008,constant,0.2771281292110222,0.0,0.0,0.0,True
dp=0.008,0.008,constant,0.3199999999999975,0.0,0.0,0.0,True
dp=0.008,0.008,constant,0.32000000000000306,0.0,0.0,0.0,True
dp=0.008,0.008,constant,0.3577708763999629,0.0,0.0,0.0,True
dp=0.008,0.008,constant,0.3577708763999629,0.0,0.0,0.0,True
dp=0.008,0.008,constant,0.3577708763999654,0.0,0.0,0.0,True
dp=0.008,0.008,constant,0.3577708763999654,0.0,0.0,0.0,True
dp=0.008,0.008,constant,0.3577708763999679,0.0,0.0,0.0,True
dp=0.008,0.008,constant,0.3577708763999679,0.0,0.0,0.0,True
dp=0.008,0.008,constant,0.3577708763999704,0.0,0.0,0.0,True
dp=0.008,0.008,constant,0.3577708763999704,0.0,0.0,0.0,True
dp=0.008,0.008,constant,0.3919183588453043,0.0,0.0,0.0,True
dp=0.008,0.008,constant,0.39191835884530657,0.0,0.0,0.0,True
dp=0.008,0.008,constant,0.39191835884530657,0.0,0.0,0.0,True
dp=0.008,0.008,constant,0.3919183588453088,0.0,0.0,0.0,True
dp=0.008,0.008,constant,0.3919183588453088,0.0,0.0,0.0,True
dp=0.008,0.008,constant,0.39191835884531107,0.0,0.0,0.0,True
dp=0.008,0.008,constant,0.39191835884531107,0.0,0.0,0.0,True
dp=0.008,0.008,constant,0.39191835884531334,0.0,0.0,0.0,True
dp=0.008,0.008,constant,0.4525483399593869,0.0,0.0,0.0,True
dp=0.008,0.008,constant,0.4525483399593908,0.0,0.0,0.0,True
dp=0.008,0.008,constant,0.4525483399593908,0.0,0.0,0.0,True
dp=0.008,0.008,constant,0.45254833995939475,0.0,0.0,0.0,True
dp=0.008,0.008,constant,0.47999999999999576,0.0,0.0,0.0,True
dp=0.008,0.008,constant,0.47999999999999765,0.0,0.0,0.0,True
dp=0.008,0.008,constant,0.47999999999999765,0.0,0.0,0.0,True
dp=0.008,0.008,constant,0.4799999999999995,0.0,0.0,0.0,True
dp=0.008,0.008,constant,0.4799999999999995,0.0,0.0,0.0,True
dp=0.008,0.008,constant,0.4800000000000013,0.0,0.0,0.0,True
dp=0.008,0.008,constant,0.4800000000000013,0.0,0.0,0.0,True
dp=0.008,0.008,constant,0.4800000000000032,0.0,0.0,0.0,True
dp=0.008,0.008,constant,0.4800000000000032,0.0,0.0,0.0,True
dp=0.008,0.008,constant,0.48000000000000503,0.0,0.0,0.0,True
dp=0.008,0.008,constant,0.5059644256269377,0.0,0.0,0.0,True
dp=0.008,0.008,constant,0.5059644256269377,0.0,0.0,0.0,True
dp=0.008,0.008,constant,0.5059644256269393,0.0,0.0,0.0,True
dp=0.008,0.008,constant,0.5059644256269393,0.0,0.0,0.0,True
dp=0.008,0.008,constant,0.5059644256269429,0.0,0.0,0.0,True
dp=0.008,0.008,constant,0.5059644256269429,0.0,0.0,0.0,True
dp=0.008,0.008,constant,0.5059644256269447,0.0,0.0,0.0,True
dp=0.008,0.008,constant,0.5059644256269447,0.0,0.0,0.0,True
dp=0.008,0.008,constant,0.5306599664568602,0.0,0.0,0.0,True
dp=0.008,0.008,constant,0.5306599664568619,0.0,0.0,0.0,True
dp=0.008,0.008,constant,0.5306599664568619,0.0,0.0,0.0,True
dp=0.008,0.008,constant,0.5306599664568636,0.0,0.0,0.0,True
dp=0.008,0.008,constant,0.5306599664568653,0.0,0.0,0.0,True
dp=0.008,0.008,constant,0.530659966456867,0.0,0.0,0.0,True
dp=0.008,0.008,constant,0.530659966456867,0.0,0.0,0.0,True
dp=0.008,0.008,constant,0.5306599664568686,0.0,0.0,0.0,True
dp=0.008,0.008,constant,0.5542562584220364,0.0,0.0,0.0,True
dp=0.008,0.008,constant,0.5542562584220396,0.0,0.0,0.0,True
dp=0.008,0.008,constant,0.5542562584220428,0.0,0.0,0.0,True
dp=0.008,0.008,constant,0.5768882040742349,0.0,0.0,0.0,True
dp=0.008,0.008,constant,0.5768882040742349,0.0,0.0,0.0,True
dp=0.008,0.008,constant,0.576888204074238,0.0,0.0,0.0,True
dp=0.008,0.008,constant,0.576888204074238,0.0,0.0,0.0,True
dp=0.008,0.008,constant,0.5768882040742396,0.0,0.0,0.0,True
dp=0.008,0.008,constant,0.5768882040742396,0.0,0.0,0.0,True
dp=0.008,0.008,constant,0.5768882040742427,0.0,0.0,0.0,True
dp=0.008,0.008,constant,0.5768882040742427,0.0,0.0,0.0,True
dp=0.008,0.008,constant,0.5986651818838267,0.0,0.0,0.0,True
dp=0.008,0.008,constant,0.5986651818838267,0.0,0.0,0.0,True
dp=0.008,0.008,constant,0.5986651818838281,0.0,0.0,0.0,True
dp=0.008,0.008,constant,0.5986651818838281,0.0,0.0,0.0,True
dp=0.008,0.008,constant,0.5986651818838297,0.0,0.0,0.0,True
dp=0.008,0.008,constant,0.5986651818838297,0.0,0.0,0.0,True
dp=0.008,0.008,constant,0.5986651818838311,0.0,0.0,0.0,True
dp=0.008,0.008,constant,0.5986651818838311,0.0,0.0,0.0,True
dp=0.008,0.008,constant,0.5986651818838311,0.0,0.0,0.0,True
dp=0.008,0.008,constant,0.5986651818838311,0.0,0.0,0.0,True
dp=0.008,0.008,constant,0.5986651818838327,0.0,0.0,0.0,True
dp=0.008,0.008,constant,0.5986651818838327,0.0,0.0,0.0,True
dp=0.008,0.008,constant,0.5986651818838341,0.0,0.0,0.0,True
dp=0.008,0.008,constant,0.5986651818838341,0.0,0.0,0.0,True
dp=0.008,0.008,constant,0.5986651818838356,0.0,0.0,0.0,True
dp=0.008,0.008,constant,0.5986651818838356,0.0,0.0,0.0,True
dp=0.008,0.008,constant,0.6399999999999978,0.0,0.0,0.0,True
dp=0.008,0.008,constant,0.6400000000000033,0.0,0.0,0.0,True
dp=0.008,0.008,constant,0.6596969000988215,0.0,0.0,0.0,True
dp=0.008,0.008,constant,0.6596969000988229,0.0,0.0,0.0,True
dp=0.008,0.008,constant,0.6596969000988229,0.0,0.0,0.0,True
dp=0.008,0.008,constant,0.6596969000988242,0.0,0.0,0.0,True
dp=0.008,0.008,constant,0.6596969000988242,0.0,0.0,0.0,True
dp=0.008,0.008,constant,0.6596969000988242,0.0,0.0,0.0,True
dp=0.008,0.008,constant,0.6596969000988242,0.0,0.0,0.0,True
dp=0.008,0.008,constant,0.6596969000988256,0.0,0.0,0.0,True
dp=0.008,0.008,constant,0.659696900098827,0.0,0.0,0.0,True
dp=0.008,0.008,constant,0.6596969000988282,0.0,0.0,0.0,True
dp=0.008,0.008,constant,0.6596969000988282,0.0,0.0,0.0,True
dp=0.008,0.008,constant,0.6596969000988282,0.0,0.0,0.0,True
dp=0.008,0.008,constant,0.6596969000988282,0.0,0.0,0.0,True
dp=0.008,0.008,constant,0.6596969000988296,0.0,0.0,0.0,True
dp=0.008,0.008,constant,0.6596969000988296,0.0,0.0,0.0,True
dp=0.008,0.008,constant,0.659696900098831,0.0,0.0,0.0,True
dp=0.008,0.008,constant,0.6788225099390822,0.0,0.0,0.0,True
dp=0.008,0.008,constant,0.6788225099390822,0.0,0.0,0.0,True
dp=0.008,0.008,constant,0.6788225099390836,0.0,0.0,0.0,True
dp=0.008,0.008,constant,0.6788225099390836,0.0,0.0,0.0,True
dp=0.008,0.008,constant,0.678822509939085,0.0,0.0,0.0,True
dp=0.008,0.008,constant,0.6788225099390862,0.0,0.0,0.0,True
dp=0.008,0.008,constant,0.6788225099390862,0.0,0.0,0.0,True
dp=0.008,0.008,constant,0.6788225099390874,0.0,0.0,0.0,True
dp=0.008,0.008,constant,0.6788225099390889,0.0,0.0,0.0,True
dp=0.008,0.008,constant,0.6788225099390889,0.0,0.0,0.0,True
dp=0.008,0.008,constant,0.6788225099390901,0.0,0.0,0.0,True
dp=0.008,0.008,constant,0.6788225099390902,0.0,0.0,0.0,True
dp=0.008,0.008,constant,0.6974238309665038,0.0,0.0,0.0,True
dp=0.008,0.008,constant,0.6974238309665051,0.0,0.0,0.0,True
dp=0.008,0.008,constant,0.6974238309665077,0.0,0.0,0.0,True
dp=0.008,0.008,constant,0.6974238309665077,0.0,0.0,0.0,True
dp=0.008,0.008,constant,0.697423830966509,0.0,0.0,0.0,True
dp=0.008,0.008,constant,0.697423830966509,0.0,0.0,0.0,True
dp=0.008,0.008,constant,0.6974238309665116,0.0,0.0,0.0,True
dp=0.008,0.008,constant,0.6974238309665128,0.0,0.0,0.0,True
dp=0.008,0.008,constant,0.7155417527999297,0.0,0.0,0.0,True
dp=0.008,0.008,constant,0.7155417527999297,0.0,0.0,0.0,True
dp=0.008,0.008,constant,0.715541752799932,0.0,0.0,0.0,True
dp=0.008,0.008,constant,0.715541752799932,0.0,0.0,0.0,True
dp=0.008,0.008,constant,0.7155417527999345,0.0,0.0,0.0,True
dp=0.008,0.008,constant,0.7155417527999345,0.0,0.0,0.0,True
dp=0.008,0.008,constant,0.715541752799937,0.0,0.0,0.0,True
dp=0.008,0.008,constant,0.715541752799937,0.0,0.0,0.0,True
dp=0.008,0.008,constant,0.7332121111929308,0.0,0.0,0.0,True
dp=0.008,0.008,constant,0.7332121111929308,0.0,0.0,0.0,True
dp=0.008,0.008,constant,0.7332121111929321,0.0,0.0,0.0,True
dp=0.008,0.008,constant,0.7332121111929321,0.0,0.0,0.0,True
dp=0.008,0.008,constant,0.7332121111929332,0.0,0.0,0.0,True
dp=0.008,0.008,constant,0.7332121111929332,0.0,0.0,0.0,True
dp=0.008,0.008,constant,0.7332121111929344,0.0,0.0,0.0,True
dp=0.008,0.008,constant,0.7332121111929344,0.0,0.0,0.0,True
dp=0.008,0.008,constant,0.7332121111929357,0.0,0.0,0.0,True
dp=0.008,0.008,constant,0.7332121111929357,0.0,0.0,0.0,True
dp=0.008,0.008,constant,0.7332121111929369,0.0,0.0,0.0,True
dp=0.008,0.008,constant,0.7332121111929369,0.0,0.0,0.0,True
dp=0.008,0.008,constant,0.733212111192938,0.0,0.0,0.0,True
dp=0.008,0.008,constant,0.733212111192938,0.0,0.0,0.0,True
dp=0.008,0.008,constant,0.7332121111929393,0.0,0.0,0.0,True
dp=0.008,0.008,constant,0.7332121111929393,0.0,0.0,0.0,True
dp=0.008,0.008,constant,0.7504665215717446,0.0,0.0,0.0,True
dp=0.008,0.008,constant,0.7504665215717471,0.0,0.0,0.0,True
dp=0.008,0.008,constant,0.7504665215717482,0.0,0.0,0.0,True
dp=0.008,0.008,constant,0.7504665215717482,0.0,0.0,0.0,True
dp=0.008,0.008,constant,0.7504665215717505,0.0,0.0,0.0,True
dp=0.008,0.008,constant,0.7504665215717505,0.0,0.0,0.0,True
dp=0.008,0.008,constant,0.7504665215717518,0.0,0.0,0.0,True
dp=0.008,0.008,constant,0.7504665215717541,0.0,0.0,0.0,True
dp=0.008,0.008,constant,0.7838367176906131,0.0,0.0,0.0,True
dp=0.008,0.008,constant,0.7838367176906154,0.0,0.0,0.0,True
dp=0.008,0.008,constant,0.7838367176906154,0.0,0.0,0.0,True
dp=0.008,0.008,constant,0.7838367176906177,0.0,0.0,0.0,True
dp=0.008,0.008,constant,0.7838367176906177,0.0,0.0,0.0,True
dp=0.008,0.008,constant,0.7838367176906199,0.0,0.0,0.0,True
dp=0.008,0.008,constant,0.7838367176906199,0.0,0.0,0.0,True
dp=0.008,0.008,constant,0.7838367176906222,0.0,0.0,0.0,True
dp=0.008,0.008,constant,0.7999999999999968,0.0,0.0,0.0,True
dp=0.008,0.008,constant,0.7999999999999968,0.0,0.0,0.0,True
dp=0.008,0.008,constant,0.7999999999999979,0.0,0.0,0.0,True
dp=0.008,0.008,constant,0.8000000000000002,0.0,0.0,0.0,True
dp=0.008,0.008,constant,0.8000000000000002,0.0,0.0,0.0,True
dp=0.008,0.008,constant,0.8000000000000013,0.0,0.0,0.0,True
dp=0.008,0.008,constant,0.8000000000000013,0.0,0.0,0.0,True
dp=0.008,0.008,constant,0.8000000000000035,0.0,0.0,0.0,True
dp=0.008,0.008,constant,0.8000000000000046,0.0,0.0,0.0,True
dp=0.008,0.008,constant,0.8000000000000046,0.0,0.0,0.0,True
dp=0.008,0.008,constant,0.8158431221748419,0.0,0.0,0.0,True
dp=0.008,0.008,constant,0.815843122174842,0.0,0.0,0.0,True
dp=0.008,0.008,constant,0.815843122174843,0.0,0.0,0.0,True
dp=0.008,0.008,constant,0.815843122174843,0.0,0.0,0.0,True
dp=0.008,0.008,constant,0.815843122174843,0.0,0.0,0.0,True
dp=0.008,0.008,constant,0.815843122174843,0.0,0.0,0.0,True
dp=0.008,0.008,constant,0.8158431221748441,0.0,0.0,0.0,True
dp=0.008,0.008,constant,0.8158431221748441,0.0,0.0,0.0,True
dp=0.008,0.008,constant,0.8158431221748452,0.0,0.0,0.0,True
dp=0.008,0.008,constant,0.8158431221748452,0.0,0.0,0.0,True
dp=0.008,0.008,constant,0.8158431221748463,0.0,0.0,0.0,True
dp=0.008,0.008,constant,0.8158431221748463,0.0,0.0,0.0,True
dp=0.008,0.008,constant,0.8158431221748463,0.0,0.0,0.0,True
dp=0.008,0.008,constant,0.8158431221748463,0.0,0.0,0.0,True
dp=0.008,0.008,constant,0.8158431221748474,0.0,0.0,0.0,True
dp=0.008,0.008,constant,0.8158431221748474,0.0,0.0,0.0,True
dp=0.008,0.008,constant,0.8158431221748483,0.0,0.0,0.0,True
dp=0.008,0.008,constant,0.8158431221748483,0.0,0.0,0.0,True
dp=0.008,0.008,constant,0.8158431221748494,0.0,0.0,0.0,True
dp=0.008,0.008,constant,0.8158431221748494,0.0,0.0,0.0,True
dp=0.008,0.008,constant,0.8158431221748494,0.0,0.0,0.0,True
dp=0.008,0.008,constant,0.8158431221748494,0.0,0.0,0.0,True
dp=0.008,0.008,constant,0.8158431221748506,0.0,0.0,0.0,True
dp=0.008,0.008,constant,0.8158431221748506,0.0,0.0,0.0,True
dp=0.008,0.008,constant,0.8313843876330581,0.0,0.0,0.0,True
dp=0.008,0.008,constant,0.8313843876330592,0.0,0.0,0.0,True
dp=0.008,0.008,constant,0.8313843876330592,0.0,0.0,0.0,True
dp=0.008,0.008,constant,0.8313843876330602,0.0,0.0,0.0,True
dp=0.008,0.008,constant,0.8313843876330602,0.0,0.0,0.0,True
dp=0.008,0.008,constant,0.8313843876330634,0.0,0.0,0.0,True
dp=0.008,0.008,constant,0.8313843876330634,0.0,0.0,0.0,True
dp=0.008,0.008,constant,0.8313843876330645,0.0,0.0,0.0,True
dp=0.008,0.008,constant,0.8313843876330645,0.0,0.0,0.0,True
dp=0.008,0.008,constant,0.8313843876330654,0.0,0.0,0.0,True
dp=0.008,0.008,constant,0.8313843876330665,0.0,0.0,0.0,True
dp=0.008,0.008,constant,0.8616263691415168,0.0,0.0,0.0,True
dp=0.008,0.008,constant,0.8616263691415168,0.0,0.0,0.0,True
dp=0.008,0.008,constant,0.8616263691415178,0.0,0.0,0.0,True
dp=0.008,0.008,constant,0.8616263691415178,0.0,0.0,0.0,True
dp=0.008,0.008,constant,0.8616263691415188,0.0,0.0,0.0,True
dp=0.008,0.008,constant,0.8616263691415188,0.0,0.0,0.0,True
dp=0.008,0.008,constant,0.8616263691415199,0.0,0.0,0.0,True
dp=0.008,0.008,constant,0.8616263691415199,0.0,0.0,0.0,True
dp=0.008,0.008,constant,0.8616263691415199,0.0,0.0,0.0,True
dp=0.008,0.008,constant,0.8616263691415199,0.0,0.0,0.0,True
dp=0.008,0.008,constant,0.8616263691415208,0.0,0.0,0.0,True
dp=0.008,0.008,constant,0.8616263691415208,0.0,0.0,0.0,True
dp=0.008,0.008,constant,0.8616263691415219,0.0,0.0,0.0,True
dp=0.008,0.008,constant,0.8616263691415219,0.0,0.0,0.0,True
dp=0.008,0.008,constant,0.8616263691415229,0.0,0.0,0.0,True
dp=0.008,0.008,constant,0.8616263691415229,0.0,0.0,0.0,True
dp=0.008,0.008,constant,0.8616263691415229,0.0,0.0,0.0,True
dp=0.008,0.008,constant,0.8616263691415229,0.0,0.0,0.0,True
dp=0.008,0.008,constant,0.861626369141524,0.0,0.0,0.0,True
dp=0.008,0.008,constant,0.861626369141524,0.0,0.0,0.0,True
dp=0.008,0.008,constant,0.861626369141525,0.0,0.0,0.0,True
dp=0.008,0.008,constant,0.861626369141525,0.0,0.0,0.0,True
dp=0.008,0.008,constant,0.861626369141526,0.0,0.0,0.0,True
dp=0.008,0.008,constant,0.861626369141526,0.0,0.0,0.0,True
dp=0.008,0.008,constant,0.8763560920082625,0.0,0.0,0.0,True
dp=0.008,0.008,constant,0.8763560920082625,0.0,0.0,0.0,True
dp=0.008,0.008,constant,0.8763560920082636,0.0,0.0,0.0,True
dp=0.008,0.008,constant,0.8763560920082636,0.0,0.0,0.0,True
dp=0.008,0.008,constant,0.8763560920082645,0.0,0.0,0.0,True
dp=0.008,0.008,constant,0.8763560920082645,0.0,0.0,0.0,True
dp=0.008,0.008,constant,0.8763560920082655,0.0,0.0,0.0,True
dp=0.008,0.008,constant,0.8763560920082655,0.0,0.0,0.0,True
dp=0.008,0.008,constant,0.8763560920082676,0.0,0.0,0.0,True
dp=0.008,0.008,constant,0.8763560920082676,0.0,0.0,0.0,True
dp=0.008,0.008,constant,0.8763560920082686,0.0,0.0,0.0,True
dp=0.008,0.008,constant,0.8763560920082686,0.0,0.0,0.0,True
dp=0.008,0.008,constant,0.8763560920082695,0.0,0.0,0.0,True
dp=0.008,0.008,constant,0.8763560920082695,0.0,0.0,0.0,True
dp=0.008,0.008,constant,0.8763560920082706,0.0,0.0,0.0,True
dp=0.008,0.008,constant,0.8763560920082706,0.0,0.0,0.0,True
dp=0.008,0.008,constant,0.9050966799187777,0.0,0.0,0.0,True
dp=0.008,0.008,constant,0.9050966799187816,0.0,0.0,0.0,True
dp=0.008,0.008,constant,0.9050966799187816,0.0,0.0,0.0,True
dp=0.008,0.008,constant,0.9050966799187855,0.0,0.0,0.0,True
dp=0.008,0.008,constant,0.919130023446081,0.0,0.0,0.0,True
dp=0.008,0.008,constant,0.9191300234460811,0.0,0.0,0.0,True
dp=0.008,0.008,constant,0.9191300234460821,0.0,0.0,0.0,True
dp=0.008,0.008,constant,0.9191300234460831,0.0,0.0,0.0,True
dp=0.008,0.008,constant,0.9191300234460831,0.0,0.0,0.0,True
dp=0.008,0.008,constant,0.919130023446085,0.0,0.0,0.0,True
dp=0.008,0.008,constant,0.919130023446085,0.0,0.0,0.0,True
dp=0.008,0.008,constant,0.919130023446085,0.0,0.0,0.0,True
dp=0.008,0.008,constant,0.919130023446086,0.0,0.0,0.0,True
dp=0.008,0.008,constant,0.919130023446086,0.0,0.0,0.0,True
dp=0.008,0.008,constant,0.919130023446086,0.0,0.0,0.0,True
dp=0.008,0.008,constant,0.9191300234460877,0.0,0.0,0.0,True
dp=0.008,0.008,constant,0.9191300234460877,0.0,0.0,0.0,True
dp=0.008,0.008,constant,0.9191300234460889,0.0,0.0,0.0,True
dp=0.008,0.008,constant,0.9191300234460897,0.0,0.0,0.0,True
dp=0.008,0.008,constant,0.9191300234460898,0.0,0.0,0.0,True
dp=0.008,0.008,constant,0.9329523031752441,0.0,0.0,0.0,True
dp=0.008,0.008,constant,0.9329523031752451,0.0,0.0,0.0,True
dp=0.008,0.008,constant,0.9329523031752451,0.0,0.0,0.0,True
dp=0.008,0.008,constant,0.9329523031752469,0.0,0.0,0.0,True
dp=0.008,0.008,constant,0.932952303175247,0.0,0.0,0.0,True
dp=0.008,0.008,constant,0.9329523031752479,0.0,0.0,0.0,True
dp=0.008,0.008,constant,0.9329523031752479,0.0,0.0,0.0,True
dp=0.008,0.008,constant,0.9329523031752479,0.0,0.0,0.0,True
dp=0.008,0.008,constant,0.9329523031752498,0.0,0.0,0.0,True
dp=0.008,0.008,constant,0.9329523031752498,0.0,0.0,0.0,True
dp=0.008,0.008,constant,0.9329523031752499,0.0,0.0,0.0,True
dp=0.008,0.008,constant,0.9329523031752508,0.0,0.0,0.0,True
dp=0.008,0.008,constant,0.9329523031752508,0.0,0.0,0.0,True
dp=0.008,0.008,constant,0.9329523031752527,0.0,0.0,0.0,True
dp=0.008,0.008,constant,0.9329523031752527,0.0,0.0,0.0,True
dp=0.008,0.008,constant,0.9329523031752536,0.0,0.0,0.0,True
dp=0.008,0.008,constant,0.9465727652959351,0.0,0.0,0.0,True
dp=0.008,0.008,constant,0.9465727652959351,0.0,0.0,0.0,True
dp=0.008,0.008,constant,0.9465727652959361,0.0,0.0,0.0,True
dp=0.008,0.008,constant,0.9465727652959361,0.0,0.0,0.0,True
dp=0.008,0.008,constant,0.9465727652959379,0.0,0.0,0.0,True
dp=0.008,0.008,constant,0.946572765295938,0.0,0.0,0.0,True
dp=0.008,0.008,constant,0.9465727652959389,0.0,0.0,0.0,True
dp=0.008,0.008,constant,0.9465727652959389,0.0,0.0,0.0,True
dp=0.008,0.008,constant,0.9465727652959399,0.0,0.0,0.0,True
dp=0.008,0.008,constant,0.9465727652959399,0.0,0.0,0.0,True
dp=0.008,0.008,constant,0.9465727652959407,0.0,0.0,0.0,True
dp=0.008,0.008,constant,0.9465727652959407,0.0,0.0,0.0,True
dp=0.008,0.008,constant,0.9465727652959427,0.0,0.0,0.0,True
dp=0.008,0.008,constant,0.9465727652959427,0.0,0.0,0.0,True
dp=0.008,0.008,constant,0.9465727652959436,0.0,0.0,0.0,True
dp=0.008,0.008,constant,0.9465727652959436,0.0,0.0,0.0,True
dp=0.008,0.008,constant,0.9599999999999962,0.0,0.0,0.0,True
dp=0.008,0.008,constant,0.9599999999999981,0.0,0.0,0.0,True
dp=0.008,0.008,constant,0.9599999999999981,0.0,0.0,0.0,True
dp=0.008,0.008,constant,0.9599999999999999,0.0,0.0,0.0,True
dp=0.008,0.008,constant,0.9599999999999999,0.0,0.0,0.0,True
dp=0.008,0.008,constant,0.9600000000000017,0.0,0.0,0.0,True
dp=0.008,0.008,constant,0.9600000000000017,0.0,0.0,0.0,True
dp=0.008,0.008,constant,0.9600000000000036,0.0,0.0,0.0,True
dp=0.008,0.008,constant,0.9600000000000037,0.0,0.0,0.0,True
dp=0.008,0.008,constant,0.9600000000000055,0.0,0.0,0.0,True
dp=0.008,0.008,constant,0.9732420048477128,0.0,0.0,0.0,True
dp=0.008,0.008,constant,0.9732420048477128,0.0,0.0,0.0,True
dp=0.008,0.008,constant,0.9732420048477137,0.0,0.0,0.0,True
dp=0.008,0.008,constant,0.9732420048477137,0.0,0.0,0.0,True
dp=0.008,0.008,constant,0.9732420048477183,0.0,0.0,0.0,True
dp=0.008,0.008,constant,0.9732420048477183,0.0,0.0,0.0,True
dp=0.008,0.008,constant,0.9732420048477192,0.0,0.0,0.0,True
dp=0.008,0.008,constant,0.9732420048477192,0.0,0.0,0.0,True
dp=0.008,0.008,constant,0.9863062404750326,0.0,0.0,0.0,True
dp=0.008,0.008,constant,0.9863062404750326,0.0,0.0,0.0,True
dp=0.008,0.008,constant,0.9863062404750336,0.0,0.0,0.0,True
dp=0.008,0.008,constant,0.9863062404750345,0.0,0.0,0.0,True
dp=0.008,0.008,constant,0.9863062404750345,0.0,0.0,0.0,True
dp=0.008,0.008,constant,0.9863062404750345,0.0,0.0,0.0,True
dp=0.008,0.008,constant,0.9863062404750345,0.0,0.0,0.0,True
dp=0.008,0.008,constant,0.9863062404750353,0.0,0.0,0.0,True
dp=0.008,0.008,constant,0.9863062404750353,0.0,0.0,0.0,True
dp=0.008,0.008,constant,0.9863062404750353,0.0,0.0,0.0,True
dp=0.008,0.008,constant,0.986306240475037,0.0,0.0,0.0,True
dp=0.008,0.008,constant,0.986306240475037,0.0,0.0,0.0,True
dp=0.008,0.008,constant,0.986306240475037,0.0,0.0,0.0,True
dp=0.008,0.008,constant,0.986306240475037,0.0,0.0,0.0,True
dp=0.008,0.008,constant,0.9863062404750389,0.0,0.0,0.0,True
dp=0.008,0.008,constant,0.9863062404750389,0.0,0.0,0.0,True
dp=0.008,0.008,constant,0.986306240475039,0.0,0.0,0.0,True
dp=0.008,0.008,constant,0.9863062404750397,0.0,0.0,0.0,True
dp=0.008,0.008,constant,0.9863062404750397,0.0,0.0,0.0,True
dp=0.008,0.008,constant,0.9863062404750398,0.0,0.0,0.0,True
dp=0.008,0.008,constant,0.9863062404750398,0.0,0.0,0.0,True
dp=0.008,0.008,constant,0.9863062404750407,0.0,0.0,0.0,True
dp=0.008,0.008,constant,0.9863062404750417,0.0,0.0,0.0,True
dp=0.008,0.008,constant,0.9863062404750417,0.0,0.0,0.0,True
dp=0.008,0.008,constant,1.0119288512538787,0.0,0.0,0.0,True
dp=0.008,0.008,constant,1.0119288512538787,0.0,0.0,0.0,True
dp=0.008,0.008,constant,1.0119288512538804,0.0,0.0,0.0,True
dp=0.008,0.008,constant,1.0119288512538804,0.0,0.0,0.0,True
dp=0.008,0.008,constant,1.011928851253884,0.0,0.0,0.0,True
dp=0.008,0.008,constant,1.011928851253884,0.0,0.0,0.0,True
dp=0.008,0.008,constant,1.0119288512538858,0.0,0.0,0.0,True
dp=0.008,0.008,constant,1.0119288512538858,0.0,0.0,0.0,True
dp=0.008,0.008,constant,1.0244998779892518,0.0,0.0,0.0,True
dp=0.008,0.008,constant,1.0244998779892527,0.0,0.0,0.0,True
dp=0.008,0.008,constant,1.0244998779892527,0.0,0.0,0.0,True
dp=0.008,0.008,constant,1.0244998779892527,0.0,0.0,0.0,True
dp=0.008,0.008,constant,1.0244998779892527,0.0,0.0,0.0,True
dp=0.008,0.008,constant,1.0244998779892536,0.0,0.0,0.0,True
dp=0.008,0.008,constant,1.0244998779892536,0.0,0.0,0.0,True
dp=0.008,0.008,constant,1.0244998779892545,0.0,0.0,0.0,True
dp=0.008,0.008,constant,1.0244998779892545,0.0,0.0,0.0,True
dp=0.008,0.008,constant,1.0244998779892545,0.0,0.0,0.0,True
dp=0.008,0.008,constant,1.0244998779892553,0.0,0.0,0.0,True
dp=0.008,0.008,constant,1.0244998779892553,0.0,0.0,0.0,True
dp=0.008,0.008,constant,1.0244998779892553,0.0,0.0,0.0,True
dp=0.008,0.008,constant,1.0244998779892553,0.0,0.0,0.0,True
dp=0.008,0.008,constant,1.0244998779892562,0.0,0.0,0.0,True
dp=0.008,0.008,constant,1.0244998779892562,0.0,0.0,0.0,True
dp=0.008,0.008,constant,1.0244998779892571,0.0,0.0,0.0,True
dp=0.008,0.008,constant,1.0244998779892571,0.0,0.0,0.0,True
dp=0.008,0.008,constant,1.024499877989258,0.0,0.0,0.0,True
dp=0.008,0.008,constant,1.024499877989258,0.0,0.0,0.0,True
dp=0.008,0.008,constant,1.024499877989258,0.0,0.0,0.0,True
dp=0.008,0.008,constant,1.024499877989258,0.0,0.0,0.0,True
dp=0.008,0.008,constant,1.024499877989259,0.0,0.0,0.0,True
dp=0.008,0.008,constant,1.024499877989259,0.0,0.0,0.0,True
dp=0.008,0.008,constant,1.024499877989259,0.0,0.0,0.0,True
dp=0.008,0.008,constant,1.0244998779892596,0.0,0.0,0.0,True
dp=0.008,0.008,constant,1.0244998779892596,0.0,0.0,0.0,True
dp=0.008,0.008,constant,1.0244998779892605,0.0,0.0,0.0,True
dp=0.008,0.008,constant,1.0244998779892605,0.0,0.0,0.0,True
dp=0.008,0.008,constant,1.0244998779892605,0.0,0.0,0.0,True
dp=0.008,0.008,constant,1.0244998779892605,0.0,0.0,0.0,True
dp=0.008,0.008,constant,1.0244998779892616,0.0,0.0,0.0,True
dp=0.008,0.008,constant,1.0369185117452544,0.0,0.0,0.0,True
dp=0.008,0.008,constant,1.0369185117452544,0.0,0.0,0.0,True
dp=0.008,0.008,constant,1.036918511745255,0.0,0.0,0.0,True
dp=0.008,0.008,constant,1.036918511745255,0.0,0.0,0.0,True
dp=0.008,0.008,constant,1.0369185117452577,0.0,0.0,0.0,True
dp=0.008,0.008,constant,1.0369185117452577,0.0,0.0,0.0,True
dp=0.008,0.008,constant,1.0369185117452584,0.0,0.0,0.0,True
dp=0.008,0.008,constant,1.0369185117452586,0.0,0.0,0.0,True
dp=0.008,0.008,constant,1.0369185117452586,0.0,0.0,0.0,True
dp=0.008,0.008,constant,1.0369185117452586,0.0,0.0,0.0,True
dp=0.008,0.008,constant,1.0369185117452595,0.0,0.0,0.0,True
dp=0.008,0.008,constant,1.0369185117452595,0.0,0.0,0.0,True
dp=0.008,0.008,constant,1.036918511745262,0.0,0.0,0.0,True
dp=0.008,0.008,constant,1.036918511745262,0.0,0.0,0.0,True
dp=0.008,0.008,constant,1.0369185117452628,0.0,0.0,0.0,True
dp=0.008,0.008,constant,1.0369185117452628,0.0,0.0,0.0,True
dp=0.008,0.008,constant,1.0491901638883163,0.0,0.0,0.0,True
dp=0.008,0.008,constant,1.049190163888319,0.0,0.0,0.0,True
dp=0.008,0.008,constant,1.049190163888319,0.0,0.0,0.0,True
dp=0.008,0.008,constant,1.0491901638883205,0.0,0.0,0.0,True
dp=0.008,0.008,constant,1.0491901638883214,0.0,0.0,0.0,True
dp=0.008,0.008,constant,1.049190163888323,0.0,0.0,0.0,True
dp=0.008,0.008,constant,1.0491901638883232,0.0,0.0,0.0,True
dp=0.008,0.008,constant,1.0491901638883256,0.0,0.0,0.0,True
dp=0.008,0.008,quadratic_r2,4.80740671595891e-15,5.987094229878938,6.0,-0.012905770121061977,True
dp=0.008,0.008,quadratic_r2,0.15999999999999737,5.987094229878938,6.0,-0.012905770121061977,True
dp=0.008,0.008,quadratic_r2,0.16000000000000292,5.987094229878939,6.0,-0.012905770121061089,True
dp=0.008,0.008,quadratic_r2,0.2262741699796915,5.987094229878938,6.0,-0.012905770121061977,True
dp=0.008,0.008,quadratic_r2,0.2262741699796954,5.987094229878938,6.0,-0.012905770121061977,True
dp=0.008,0.008,quadratic_r2,0.2262741699796954,5.987094229878938,6.0,-0.012905770121061977,True
dp=0.008,0.008,quadratic_r2,0.22627416997969932,5.987094229878939,6.0,-0.012905770121061089,True
dp=0.008,0.008,quadratic_r2,0.27712812921101904,5.987094229878938,6.0,-0.012905770121061977,True
dp=0.008,0.008,quadratic_r2,0.2771281292110222,5.987094229878938,6.0,-0.012905770121061977,True
dp=0.008,0.008,quadratic_r2,0.3199999999999975,5.987094229878938,6.0,-0.012905770121061977,True
dp=0.008,0.008,quadratic_r2,0.32000000000000306,5.987094229878938,6.0,-0.012905770121061977,True
dp=0.008,0.008,quadratic_r2,0.3577708763999629,5.98709422987894,6.0,-0.0129057701210602,True
dp=0.008,0.008,quadratic_r2,0.3577708763999629,5.98709422987894,6.0,-0.0129057701210602,True
dp=0.008,0.008,quadratic_r2,0.3577708763999654,5.987094229878942,6.0,-0.012905770121058424,True
dp=0.008,0.008,quadratic_r2,0.3577708763999654,5.98709422987894,6.0,-0.0129057701210602,True
dp=0.008,0.008,quadratic_r2,0.3577708763999679,5.987094229878938,6.0,-0.012905770121061977,True
dp=0.008,0.008,quadratic_r2,0.3577708763999679,5.987094229878939,6.0,-0.012905770121061089,True
dp=0.008,0.008,quadratic_r2,0.3577708763999704,5.987094229878938,6.0,-0.012905770121061977,True
dp=0.008,0.008,quadratic_r2,0.3577708763999704,5.987094229878938,6.0,-0.012905770121061977,True
dp=0.008,0.008,quadratic_r2,0.3919183588453043,5.98709422987894,6.0,-0.0129057701210602,True
dp=0.008,0.008,quadratic_r2,0.39191835884530657,5.987094229878938,6.0,-0.012905770121061977,True
dp=0.008,0.008,quadratic_r2,0.39191835884530657,5.987094229878939,6.0,-0.012905770121061089,True
dp=0.008,0.008,quadratic_r2,0.3919183588453088,5.987094229878941,6.0,-0.012905770121059312,True
dp=0.008,0.008,quadratic_r2,0.3919183588453088,5.987094229878941,6.0,-0.012905770121059312,True
dp=0.008,0.008,quadratic_r2,0.39191835884531107,5.98709422987894,6.0,-0.0129057701210602,True
dp=0.008,0.008,quadratic_r2,0.39191835884531107,5.98709422987894,6.0,-0.0129057701210602,True
dp=0.008,0.008,quadratic_r2,0.39191835884531334,5.98709422987894,6.0,-0.0129057701210602,True
dp=0.008,0.008,quadratic_r2,0.4525483399593869,5.987094229878935,6.0,-0.012905770121064641,True
dp=0.008,0.008,quadratic_r2,0.4525483399593908,5.98709422987894,6.0,-0.0129057701210602,True
dp=0.008,0.008,quadratic_r2,0.4525483399593908,5.98709422987894,6.0,-0.0129057701210602,True
dp=0.008,0.008,quadratic_r2,0.45254833995939475,5.987094229878939,6.0,-0.012905770121061089,True
dp=0.008,0.008,quadratic_r2,0.47999999999999576,5.987094229878942,6.0,-0.012905770121058424,True
dp=0.008,0.008,quadratic_r2,0.47999999999999765,5.987094229878937,6.0,-0.012905770121062865,True
dp=0.008,0.008,quadratic_r2,0.47999999999999765,5.987094229878938,6.0,-0.012905770121061977,True
dp=0.008,0.008,quadratic_r2,0.4799999999999995,5.987094229878939,6.0,-0.012905770121061089,True
dp=0.008,0.008,quadratic_r2,0.4799999999999995,5.987094229878939,6.0,-0.012905770121061089,True
dp=0.008,0.008,quadratic_r2,0.4800000000000013,5.9870942298789425,6.0,-0.012905770121057536,True
dp=0.008,0.008,quadratic_r2,0.4800000000000013,5.9870942298789425,6.0,-0.012905770121057536,True
dp=0.008,0.008,quadratic_r2,0.4800000000000032,5.987094229878939,6.0,-0.012905770121061089,True
dp=0.008,0.008,quadratic_r2,0.4800000000000032,5.987094229878939,6.0,-0.012905770121061089,True
dp=0.008,0.008,quadratic_r2,0.48000000000000503,5.987094229878941,6.0,-0.012905770121059312,True
dp=0.008,0.008,quadratic_r2,0.5059644256269377,5.987094229878936,6.0,-0.012905770121063753,True
dp=0.008,0.008,quadratic_r2,0.5059644256269377,5.987094229878936,6.0,-0.012905770121063753,True
dp=0.008,0.008,quadratic_r2,0.5059644256269393,5.98709422987894,6.0,-0.0129057701210602,True
dp=0.008,0.008,quadratic_r2,0.5059644256269393,5.98709422987894,6.0,-0.0129057701210602,True
dp=0.008,0.008,quadratic_r2,0.5059644256269429,5.987094229878935,6.0,-0.012905770121064641,True
dp=0.008,0.008,quadratic_r2,0.5059644256269429,5.9870942298789345,6.0,-0.01290577012106553,True
dp=0.008,0.008,quadratic_r2,0.5059644256269447,5.98709422987894,6.0,-0.0129057701210602,True
dp=0.008,0.008,quadratic_r2,0.5059644256269447,5.987094229878938,6.0,-0.012905770121061977,True
dp=0.008,0.008,quadratic_r2,0.5306599664568602,5.983535629669597,6.0,-0.016464370330402822,True
dp=0.008,0.008,quadratic_r2,0.5306599664568619,5.983535629669598,6.0,-0.016464370330401934,True
dp=0.008,0.008,quadratic_r2,0.5306599664568619,5.983535629669596,6.0,-0.01646437033040371,True
dp=0.008,0.008,quadratic_r2,0.5306599664568636,5.98353562966959,6.0,-0.016464370330409928,True
dp=0.008,0.008,quadratic_r2,0.5306599664568653,5.983535629669594,6.0,-0.016464370330406375,True
dp=0.008,0.008,quadratic_r2,0.530659966456867,5.9835356296695945,6.0,-0.016464370330405487,True
dp=0.008,0.008,quadratic_r2,0.530659966456867,5.983535629669594,6.0,-0.016464370330406375,True
dp=0.008,0.008,quadratic_r2,0.5306599664568686,5.9835356296695945,6.0,-0.016464370330405487,True
dp=0.008,0.008,quadratic_r2,0.5542562584220364,5.986666051155314,6.0,-0.01333394884468575,True
dp=0.008,0.008,quadratic_r2,0.5542562584220396,5.986666051155316,6.0,-0.013333948844683974,True
dp=0.008,0.008,quadratic_r2,0.5542562584220428,5.986666051155316,6.0,-0.013333948844683974,True
dp=0.008,0.008,quadratic_r2,0.5768882040742349,5.966497618122409,6.0,-0.03350238187759125,True
dp=0.008,0.008,quadratic_r2,0.5768882040742349,5.96649761812241,6.0,-0.03350238187759036,True
dp=0.008,0.008,quadratic_r2,0.576888204074238,5.966497618122413,6.0,-0.033502381877586807,True
dp=0.008,0.008,quadratic_r2,0.576888204074238,5.966497618122413,6.0,-0.033502381877586807,True
dp=0.008,0.008,quadratic_r2,0.5768882040742396,5.966497618122413,6.0,-0.033502381877586807,True
dp=0.008,0.008,quadratic_r2,0.5768882040742396,5.966497618122412,6.0,-0.033502381877587695,True
dp=0.008,0.008,quadratic_r2,0.5768882040742427,5.966497618122409,6.0,-0.03350238187759125,True
dp=0.008,0.008,quadratic_r2,0.5768882040742427,5.96649761812241,6.0,-0.03350238187759036,True
dp=0.008,0.008,quadratic_r2,0.5986651818838267,5.919832569956691,6.0,-0.08016743004330884,True
dp=0.008,0.008,quadratic_r2,0.5986651818838267,5.919832569956694,6.0,-0.08016743004330618,True
dp=0.008,0.008,quadratic_r2,0.5986651818838281,5.919832569956695,6.0,-0.08016743004330529,True
dp=0.008,0.008,quadratic_r2,0.5986651818838281,5.919832569956696,6.0,-0.0801674300433044,True
dp=0.008,0.008,quadratic_r2,0.5986651818838297,5.919832569956688,6.0,-0.0801674300433124,True
dp=0.008,0.008,quadratic_r2,0.5986651818838297,5.9198325699566885,6.0,-0.0801674300433115,True
dp=0.008,0.008,quadratic_r2,0.5986651818838311,5.919832569956692,6.0,-0.08016743004330795,True
dp=0.008,0.008,quadratic_r2,0.5986651818838311,5.919832569956693,6.0,-0.08016743004330706,True
dp=0.008,0.008,quadratic_r2,0.5986651818838311,5.919832569956693,6.0,-0.08016743004330706,True
dp=0.008,0.008,quadratic_r2,0.5986651818838311,5.919832569956691,6.0,-0.08016743004330884,True
dp=0.008,0.008,quadratic_r2,0.5986651818838327,5.91983256995669,6.0,-0.08016743004330973,True
dp=0.008,0.008,quadratic_r2,0.5986651818838327,5.919832569956688,6.0,-0.0801674300433124,True
dp=0.008,0.008,quadratic_r2,0.5986651818838341,5.919832569956691,6.0,-0.08016743004330884,True
dp=0.008,0.008,quadratic_r2,0.5986651818838341,5.919832569956692,6.0,-0.08016743004330795,True
dp=0.008,0.008,quadratic_r2,0.5986651818838356,5.919832569956696,6.0,-0.0801674300433044,True
dp=0.008,0.008,quadratic_r2,0.5986651818838356,5.919832569956696,6.0,-0.0801674300433044,True
dp=0.008,0.008,quadratic_r2,0.6399999999999978,5.882833609829642,6.0,-0.11716639017035835,True
dp=0.008,0.008,quadratic_r2,0.6400000000000033,5.882833609829641,6.0,-0.11716639017035924,True
dp=0.008,0.008,quadratic_r2,0.6596969000988215,5.672737664907356,6.0,-0.3272623350926436,True
dp=0.008,0.008,quadratic_r2,0.6596969000988229,5.707811197346969,6.0,-0.2921888026530306,True
dp=0.008,0.008,quadratic_r2,0.6596969000988229,5.70781119734697,6.0,-0.2921888026530297,True
dp=0.008,0.008,quadratic_r2,0.6596969000988242,5.672737664907361,6.0,-0.32726233509263913,True
dp=0.008,0.008,quadratic_r2,0.6596969000988242,5.672737664907361,6.0,-0.32726233509263913,True
dp=0.008,0.008,quadratic_r2,0.6596969000988242,5.672737664907359,6.0,-0.3272623350926409,True
dp=0.008,0.008,quadratic_r2,0.6596969000988242,5.707811197346964,6.0,-0.29218880265303593,True
dp=0.008,0.008,quadratic_r2,0.6596969000988256,5.6727376649073555,6.0,-0.32726233509264446,True
dp=0.008,0.008,quadratic_r2,0.659696900098827,5.672737664907354,6.0,-0.32726233509264624,True
dp=0.008,0.008,quadratic_r2,0.6596969000988282,5.707811197346968,6.0,-0.2921888026530324,True
dp=0.008,0.008,quadratic_r2,0.6596969000988282,5.672737664907361,6.0,-0.32726233509263913,True
dp=0.008,0.008,quadratic_r2,0.6596969000988282,5.707811197346968,6.0,-0.2921888026530324,True
dp=0.008,0.008,quadratic_r2,0.6596969000988282,5.672737664907363,6.0,-0.32726233509263736,True
dp=0.008,0.008,quadratic_r2,0.6596969000988296,5.707811197346956,6.0,-0.2921888026530439,True
dp=0.008,0.008,quadratic_r2,0.6596969000988296,5.707811197346954,6.0,-0.2921888026530457,True
dp=0.008,0.008,quadratic_r2,0.659696900098831,5.67273766490735,6.0,-0.3272623350926498,True
dp=0.008,0.008,quadratic_r2,0.6788225099390822,5.448971681719602,6.0,-0.5510283182803981,True
dp=0.008,0.008,quadratic_r2,0.6788225099390822,5.596562054692184,6.0,-0.4034379453078163,True
dp=0.008,0.008,quadratic_r2,0.6788225099390836,5.448971681719592,6.0,-0.5510283182804079,True
dp=0.008,0.008,quadratic_r2,0.6788225099390836,5.448971681719593,6.0,-0.551028318280407,True
dp=0.008,0.008,quadratic_r2,0.678822509939085,5.448971681719587,6.0,-0.5510283182804132,True
dp=0.008,0.008,quadratic_r2,0.6788225099390862,5.596562054692177,6.0,-0.4034379453078234,True
dp=0.008,0.008,quadratic_r2,0.6788225099390862,5.596562054692175,6.0,-0.4034379453078252,True
dp=0.008,0.008,quadratic_r2,0.6788225099390874,5.448971681719592,6.0,-0.5510283182804079,True
dp=0.008,0.008,quadratic_r2,0.6788225099390889,5.448971681719588,6.0,-0.5510283182804123,True
dp=0.008,0.008,quadratic_r2,0.6788225099390889,5.448971681719589,6.0,-0.5510283182804114,True
dp=0.008,0.008,quadratic_r2,0.6788225099390901,5.596562054692175,6.0,-0.4034379453078252,True
dp=0.008,0.008,quadratic_r2,0.6788225099390902,5.448971681719579,6.0,-0.5510283182804212,True
dp=0.008,0.008,quadratic_r2,0.6974238309665038,5.259849698409629,6.0,-0.7401503015903712,True
dp=0.008,0.008,quadratic_r2,0.6974238309665051,5.2598496984096315,6.0,-0.7401503015903685,True
dp=0.008,0.008,quadratic_r2,0.6974238309665077,5.259849698409616,6.0,-0.7401503015903836,True
dp=0.008,0.008,quadratic_r2,0.6974238309665077,5.2598496984096155,6.0,-0.7401503015903845,True
dp=0.008,0.008,quadratic_r2,0.697423830966509,5.259849698409617,6.0,-0.7401503015903828,True
dp=0.008,0.008,quadratic_r2,0.697423830966509,5.259849698409617,6.0,-0.7401503015903828,True
dp=0.008,0.008,quadratic_r2,0.6974238309665116,5.259849698409608,6.0,-0.7401503015903916,True
dp=0.008,0.008,quadratic_r2,0.6974238309665128,5.25984969840961,6.0,-0.7401503015903899,True
dp=0.008,0.008,quadratic_r2,0.7155417527999297,4.836566298615217,6.0,-1.1634337013847826,True
dp=0.008,0.008,quadratic_r2,0.7155417527999297,4.8365662986152165,6.0,-1.1634337013847835,True
dp=0.008,0.008,quadratic_r2,0.715541752799932,4.836566298615226,6.0,-1.1634337013847738,True
dp=0.008,0.008,quadratic_r2,0.715541752799932,4.836566298615226,6.0,-1.1634337013847738,True
dp=0.008,0.008,quadratic_r2,0.7155417527999345,4.8365662986152245,6.0,-1.1634337013847755,True
dp=0.008,0.008,quadratic_r2,0.7155417527999345,4.8365662986152245,6.0,-1.1634337013847755,True
dp=0.008,0.008,quadratic_r2,0.715541752799937,4.83656629861522,6.0,-1.16343370138478,True
dp=0.008,0.008,quadratic_r2,0.715541752799937,4.836566298615221,6.0,-1.163433701384779,True
dp=0.008,0.008,quadratic_r2,0.7332121111929308,4.40375358591452,6.0,-1.5962464140854804,True
dp=0.008,0.008,quadratic_r2,0.7332121111929308,4.403753585914519,6.0,-1.5962464140854813,True
dp=0.008,0.008,quadratic_r2,0.7332121111929321,4.403753585914513,6.0,-1.5962464140854866,True
dp=0.008,0.008,quadratic_r2,0.7332121111929321,4.403753585914512,6.0,-1.5962464140854884,True
dp=0.008,0.008,quadratic_r2,0.7332121111929332,4.403753585914528,6.0,-1.5962464140854724,True
dp=0.008,0.008,quadratic_r2,0.7332121111929332,4.4037535859145285,6.0,-1.5962464140854715,True
dp=0.008,0.008,quadratic_r2,0.7332121111929344,4.403753585914513,6.0,-1.5962464140854866,True
dp=0.008,0.008,quadratic_r2,0.7332121111929344,4.403753585914515,6.0,-1.5962464140854848,True
dp=0.008,0.008,quadratic_r2,0.7332121111929357,4.403753585914509,6.0,-1.596246414085491,True
dp=0.008,0.008,quadratic_r2,0.7332121111929357,4.403753585914508,6.0,-1.596246414085492,True
dp=0.008,0.008,quadratic_r2,0.7332121111929369,4.403753585914503,6.0,-1.5962464140854973,True
dp=0.008,0.008,quadratic_r2,0.7332121111929369,4.403753585914503,6.0,-1.5962464140854973,True
dp=0.008,0.008,quadratic_r2,0.733212111192938,4.403753585914512,6.0,-1.5962464140854884,True
dp=0.008,0.008,quadratic_r2,0.733212111192938,4.403753585914511,6.0,-1.5962464140854893,True
dp=0.008,0.008,quadratic_r2,0.7332121111929393,4.403753585914508,6.0,-1.596246414085492,True
dp=0.008,0.008,quadratic_r2,0.7332121111929393,4.403753585914508,6.0,-1.596246414085492,True
dp=0.008,0.008,quadratic_r2,0.7504665215717446,4.267270517563267,6.0,-1.7327294824367332,True
dp=0.008,0.008,quadratic_r2,0.7504665215717471,4.267270517563257,6.0,-1.732729482436743,True
dp=0.008,0.008,quadratic_r2,0.7504665215717482,4.267270517563265,6.0,-1.732729482436735,True
dp=0.008,0.008,quadratic_r2,0.7504665215717482,4.267270517563268,6.0,-1.7327294824367323,True
dp=0.008,0.008,quadratic_r2,0.7504665215717505,4.267270517563265,6.0,-1.732729482436735,True
dp=0.008,0.008,quadratic_r2,0.7504665215717505,4.267270517563263,6.0,-1.7327294824367367,True
dp=0.008,0.008,quadratic_r2,0.7504665215717518,4.26727051756326,6.0,-1.7327294824367403,True
dp=0.008,0.008,quadratic_r2,0.7504665215717541,4.267270517563252,6.0,-1.7327294824367483,True
dp=0.008,0.008,quadratic_r2,0.7838367176906131,2.974884033781718,6.0,-3.025115966218282,True
dp=0.008,0.008,quadratic_r2,0.7838367176906154,2.9748840337817217,6.0,-3.0251159662182783,True
dp=0.008,0.008,quadratic_r2,0.7838367176906154,2.974884033781719,6.0,-3.025115966218281,True
dp=0.008,0.008,quadratic_r2,0.7838367176906177,2.9748840337817075,6.0,-3.0251159662182925,True
dp=0.008,0.008,quadratic_r2,0.7838367176906177,2.974884033781702,6.0,-3.025115966218298,True
dp=0.008,0.008,quadratic_r2,0.7838367176906199,2.974884033781697,6.0,-3.025115966218303,True
dp=0.008,0.008,quadratic_r2,0.7838367176906199,2.974884033781697,6.0,-3.025115966218303,True
dp=0.008,0.008,quadratic_r2,0.7838367176906222,2.9748840337816835,6.0,-3.0251159662183165,True
dp=0.008,0.008,quadratic_r2,0.7999999999999968,2.6991728742200234,6.0,-3.3008271257799766,True
dp=0.008,0.008,quadratic_r2,0.7999999999999968,2.6991728742200234,6.0,-3.3008271257799766,True
dp=0.008,0.008,quadratic_r2,0.7999999999999979,2.8365564431143877,6.0,-3.1634435568856123,True
dp=0.008,0.008,quadratic_r2,0.8000000000000002,2.699172874220011,6.0,-3.300827125779989,True
dp=0.008,0.008,quadratic_r2,0.8000000000000002,2.699172874220011,6.0,-3.300827125779989,True
dp=0.008,0.008,quadratic_r2,0.8000000000000013,2.6991728742200074,6.0,-3.3008271257799926,True
dp=0.008,0.008,quadratic_r2,0.8000000000000013,2.6991728742200074,6.0,-3.3008271257799926,True
dp=0.008,0.008,quadratic_r2,0.8000000000000035,2.8365564431143717,6.0,-3.1634435568856283,True
dp=0.008,0.008,quadratic_r2,0.8000000000000046,2.699172874220001,6.0,-3.300827125779999,True
dp=0.008,0.008,quadratic_r2,0.8000000000000046,2.699172874220001,6.0,-3.300827125779999,True
dp=0.008,0.008,quadratic_r2,0.8158431221748419,1.8990396101279345,6.0,-4.100960389872066,True
dp=0.008,0.008,quadratic_r2,0.815843122174842,1.8990396101279179,6.0,-4.100960389872082,True
dp=0.008,0.008,quadratic_r2,0.815843122174843,1.8990396101279265,6.0,-4.100960389872073,True
dp=0.008,0.008,quadratic_r2,0.815843122174843,2.0991182637209143,6.0,-3.9008817362790857,True
dp=0.008,0.008,quadratic_r2,0.815843122174843,1.899039610127927,6.0,-4.100960389872073,True
dp=0.008,0.008,quadratic_r2,0.815843122174843,2.0991182637209134,6.0,-3.9008817362790866,True
dp=0.008,0.008,quadratic_r2,0.8158431221748441,2.0991182637209067,6.0,-3.9008817362790933,True
dp=0.008,0.008,quadratic_r2,0.8158431221748441,2.099118263720907,6.0,-3.900881736279093,True
dp=0.008,0.008,quadratic_r2,0.8158431221748452,1.8990396101279166,6.0,-4.100960389872084,True
dp=0.008,0.008,quadratic_r2,0.8158431221748452,1.899039610127915,6.0,-4.100960389872085,True
dp=0.008,0.008,quadratic_r2,0.8158431221748463,1.8990396101279088,6.0,-4.100960389872091,True
dp=0.008,0.008,quadratic_r2,0.8158431221748463,1.8990396101279088,6.0,-4.100960389872091,True
dp=0.008,0.008,quadratic_r2,0.8158431221748463,1.8990396101279061,6.0,-4.100960389872094,True
dp=0.008,0.008,quadratic_r2,0.8158431221748463,1.8990396101279088,6.0,-4.100960389872091,True
dp=0.008,0.008,quadratic_r2,0.8158431221748474,1.8990396101278963,6.0,-4.100960389872103,True
dp=0.008,0.008,quadratic_r2,0.8158431221748474,1.8990396101278975,6.0,-4.100960389872102,True
dp=0.008,0.008,quadratic_r2,0.8158431221748483,2.0991182637208965,6.0,-3.9008817362791035,True
dp=0.008,0.008,quadratic_r2,0.8158431221748483,2.0991182637208943,6.0,-3.9008817362791057,True
dp=0.008,0.008,quadratic_r2,0.8158431221748494,1.8990396101279026,6.0,-4.100960389872098,True
dp=0.008,0.008,quadratic_r2,0.8158431221748494,2.099118263720885,6.0,-3.900881736279115,True
dp=0.008,0.008,quadratic_r2,0.8158431221748494,1.8990396101279023,6.0,-4.100960389872098,True
dp=0.008,0.008,quadratic_r2,0.8158431221748494,2.0991182637208876,6.0,-3.9008817362791124,True
dp=0.008,0.008,quadratic_r2,0.8158431221748506,1.8990396101278955,6.0,-4.100960389872105,True
dp=0.008,0.008,quadratic_r2,0.8158431221748506,1.8990396101278955,6.0,-4.100960389872105,True
dp=0.008,0.008,quadratic_r2,0.8313843876330581,1.2880883236781562,6.0,-4.711911676321844,True
dp=0.008,0.008,quadratic_r2,0.8313843876330592,1.2880883236781488,6.0,-4.711911676321851,True
dp=0.008,0.008,quadratic_r2,0.8313843876330592,1.2880883236781477,6.0,-4.7119116763218525,True
dp=0.008,0.008,quadratic_r2,0.8313843876330602,1.5831237324706027,6.0,-4.416876267529397,True
dp=0.008,0.008,quadratic_r2,0.8313843876330602,1.5831237324706027,6.0,-4.416876267529397,True
dp=0.008,0.008,quadratic_r2,0.8313843876330634,1.5831237324705953,6.0,-4.416876267529405,True
dp=0.008,0.008,quadratic_r2,0.8313843876330634,1.5831237324705962,6.0,-4.416876267529403,True
dp=0.008,0.008,quadratic_r2,0.8313843876330645,1.2880883236781318,6.0,-4.7119116763218685,True
dp=0.008,0.008,quadratic_r2,0.8313843876330645,1.2880883236781309,6.0,-4.711911676321869,True
dp=0.008,0.008,quadratic_r2,0.8313843876330654,1.2880883236781338,6.0,-4.711911676321867,True
dp=0.008,0.008,quadratic_r2,0.8313843876330665,1.5831237324705838,6.0,-4.416876267529416,True
dp=0.008,0.008,quadratic_r2,0.8616263691415168,-0.19534214519216997,6.0,-6.1953421451921695,True
dp=0.008,0.008,quadratic_r2,0.8616263691415168,-0.19534214519216928,6.0,-6.1953421451921695,True
dp=0.008,0.008,quadratic_r2,0.8616263691415178,-0.35878554878405444,6.0,-6.358785548784055,True
dp=0.008,0.008,quadratic_r2,0.8616263691415178,-0.358785548784055,6.0,-6.358785548784055,True
dp=0.008,0.008,quadratic_r2,0.8616263691415188,-0.19534214519216353,6.0,-6.195342145192163,True
dp=0.008,0.008,quadratic_r2,0.8616263691415188,-0.19534214519216456,6.0,-6.195342145192164,True
dp=0.008,0.008,quadratic_r2,0.8616263691415199,-0.19534214519218032,6.0,-6.19534214519218,True
dp=0.008,0.008,quadratic_r2,0.8616263691415199,-0.19534214519218004,6.0,-6.19534214519218,True
dp=0.008,0.008,quadratic_r2,0.8616263691415199,-0.19534214519217788,6.0,-6.1953421451921775,True
dp=0.008,0.008,quadratic_r2,0.8616263691415199,-0.19534214519218004,6.0,-6.19534214519218,True
dp=0.008,0.008,quadratic_r2,0.8616263691415208,-0.19534214519218385,6.0,-6.195342145192184,True
dp=0.008,0.008,quadratic_r2,0.8616263691415208,-0.1953421451921844,6.0,-6.195342145192185,True
dp=0.008,0.008,quadratic_r2,0.8616263691415219,-0.19534214519219412,6.0,-6.195342145192194,True
dp=0.008,0.008,quadratic_r2,0.8616263691415219,-0.19534214519219456,6.0,-6.195342145192194,True
dp=0.008,0.008,quadratic_r2,0.8616263691415229,-0.3587855487840829,6.0,-6.358785548784083,True
dp=0.008,0.008,quadratic_r2,0.8616263691415229,-0.1953421451921932,6.0,-6.1953421451921935,True
dp=0.008,0.008,quadratic_r2,0.8616263691415229,-0.19534214519219387,6.0,-6.1953421451921935,True
dp=0.008,0.008,quadratic_r2,0.8616263691415229,-0.35878554878408087,6.0,-6.3587855487840805,True
dp=0.008,0.008,quadratic_r2,0.861626369141524,-0.19534214519221094,6.0,-6.195342145192211,True
dp=0.008,0.008,quadratic_r2,0.861626369141524,-0.19534214519221094,6.0,-6.195342145192211,True
dp=0.008,0.008,quadratic_r2,0.861626369141525,-0.3587855487840974,6.0,-6.358785548784097,True
dp=0.008,0.008,quadratic_r2,0.861626369141525,-0.35878554878409563,6.0,-6.358785548784096,True
dp=0.008,0.008,quadratic_r2,0.861626369141526,-0.19534214519220794,6.0,-6.195342145192208,True
dp=0.008,0.008,quadratic_r2,0.861626369141526,-0.19534214519220797,6.0,-6.195342145192208,True
dp=0.008,0.008,quadratic_r2,0.8763560920082625,-1.2281571398458013,6.0,-7.228157139845801,True
dp=0.008,0.008,quadratic_r2,0.8763560920082625,-1.2281571398458004,6.0,-7.2281571398458,True
dp=0.008,0.008,quadratic_r2,0.8763560920082636,-1.2281571398458153,6.0,-7.228157139845815,True
dp=0.008,0.008,quadratic_r2,0.8763560920082636,-1.2281571398458166,6.0,-7.228157139845816,True
dp=0.008,0.008,quadratic_r2,0.8763560920082645,-1.2281571398458204,6.0,-7.228157139845821,True
dp=0.008,0.008,quadratic_r2,0.8763560920082645,-1.228157139845819,6.0,-7.228157139845819,True
dp=0.008,0.008,quadratic_r2,0.8763560920082655,-1.228157139845825,6.0,-7.228157139845825,True
dp=0.008,0.008,quadratic_r2,0.8763560920082655,-1.2281571398458242,6.0,-7.228157139845824,True
dp=0.008,0.008,quadratic_r2,0.8763560920082676,-1.2281571398458404,6.0,-7.22815713984584,True
dp=0.008,0.008,quadratic_r2,0.8763560920082676,-1.2281571398458409,6.0,-7.228157139845841,True
dp=0.008,0.008,quadratic_r2,0.8763560920082686,-1.2281571398458422,6.0,-7.228157139845842,True
dp=0.008,0.008,quadratic_r2,0.8763560920082686,-1.2281571398458422,6.0,-7.228157139845842,True
dp=0.008,0.008,quadratic_r2,0.8763560920082695,-1.2281571398458462,6.0,-7.228157139845846,True
dp=0.008,0.008,quadratic_r2,0.8763560920082695,-1.228157139845847,6.0,-7.228157139845847,True
dp=0.008,0.008,quadratic_r2,0.8763560920082706,-1.2281571398458615,6.0,-7.2281571398458615,True
dp=0.008,0.008,quadratic_r2,0.8763560920082706,-1.2281571398458613,6.0,-7.2281571398458615,True
dp=0.008,0.008,quadratic_r2,0.9050966799187777,-1.9134892239530625,6.0,-7.9134892239530625,True
dp=0.008,0.008,quadratic_r2,0.9050966799187816,-1.913489223953089,6.0,-7.913489223953089,True
dp=0.008,0.008,quadratic_r2,0.9050966799187816,-1.913489223953089,6.0,-7.913489223953089,True
dp=0.008,0.008,quadratic_r2,0.9050966799187855,-1.9134892239531043,6.0,-7.913489223953104,True
dp=0.008,0.008,quadratic_r2,0.919130023446081,-2.92612253236522,6.0,-8.92612253236522,True
dp=0.008,0.008,quadratic_r2,0.9191300234460811,-2.9261225323652336,6.0,-8.926122532365234,True
dp=0.008,0.008,quadratic_r2,0.9191300234460821,-2.926122532365241,6.0,-8.926122532365241,True
dp=0.008,0.008,quadratic_r2,0.9191300234460831,-3.5570446428708165,6.0,-9.557044642870817,True
dp=0.008,0.008,quadratic_r2,0.9191300234460831,-3.5570446428708147,6.0,-9.557044642870814,True
dp=0.008,0.008,quadratic_r2,0.919130023446085,-2.926122532365262,6.0,-8.926122532365262,True
dp=0.008,0.008,quadratic_r2,0.919130023446085,-2.9261225323652598,6.0,-8.926122532365259,True
dp=0.008,0.008,quadratic_r2,0.919130023446085,-2.926122532365263,6.0,-8.926122532365262,True
dp=0.008,0.008,quadratic_r2,0.919130023446086,-2.926122532365279,6.0,-8.926122532365278,True
dp=0.008,0.008,quadratic_r2,0.919130023446086,-3.5570446428708467,6.0,-9.557044642870846,True
dp=0.008,0.008,quadratic_r2,0.919130023446086,-2.926122532365279,6.0,-8.926122532365278,True
dp=0.008,0.008,quadratic_r2,0.9191300234460877,-3.557044642870848,6.0,-9.557044642870848,True
dp=0.008,0.008,quadratic_r2,0.9191300234460877,-3.557044642870848,6.0,-9.557044642870848,True
dp=0.008,0.008,quadratic_r2,0.9191300234460889,-2.926122532365291,6.0,-8.92612253236529,True
dp=0.008,0.008,quadratic_r2,0.9191300234460897,-3.5570446428708538,6.0,-9.557044642870853,True
dp=0.008,0.008,quadratic_r2,0.9191300234460898,-2.9261225323653095,6.0,-8.926122532365309,True
dp=0.008,0.008,quadratic_r2,0.9329523031752441,-3.601787256961464,6.0,-9.601787256961464,True
dp=0.008,0.008,quadratic_r2,0.9329523031752451,-4.0348825322962965,6.0,-10.034882532296297,True
dp=0.008,0.008,quadratic_r2,0.9329523031752451,-4.0348825322962965,6.0,-10.034882532296297,True
dp=0.008,0.008,quadratic_r2,0.9329523031752469,-3.6017872569614795,6.0,-9.60178725696148,True
dp=0.008,0.008,quadratic_r2,0.932952303175247,-3.6017872569614897,6.0,-9.60178725696149,True
dp=0.008,0.008,quadratic_r2,0.9329523031752479,-4.034882532296309,6.0,-10.034882532296308,True
dp=0.008,0.008,quadratic_r2,0.9329523031752479,-4.034882532296309,6.0,-10.034882532296308,True
dp=0.008,0.008,quadratic_r2,0.9329523031752479,-4.034882532296306,6.0,-10.034882532296306,True
dp=0.008,0.008,quadratic_r2,0.9329523031752498,-4.0348825322963355,6.0,-10.034882532296336,True
dp=0.008,0.008,quadratic_r2,0.9329523031752498,-4.034882532296337,6.0,-10.034882532296336,True
dp=0.008,0.008,quadratic_r2,0.9329523031752499,-3.601787256961522,6.0,-9.601787256961522,True
dp=0.008,0.008,quadratic_r2,0.9329523031752508,-3.6017872569615204,6.0,-9.60178725696152,True
dp=0.008,0.008,quadratic_r2,0.9329523031752508,-3.601787256961522,6.0,-9.601787256961522,True
dp=0.008,0.008,quadratic_r2,0.9329523031752527,-4.03488253229637,6.0,-10.03488253229637,True
dp=0.008,0.008,quadratic_r2,0.9329523031752527,-4.034882532296372,6.0,-10.034882532296372,True
dp=0.008,0.008,quadratic_r2,0.9329523031752536,-3.601787256961525,6.0,-9.601787256961526,True
dp=0.008,0.008,quadratic_r2,0.9465727652959351,-4.777271136555582,6.0,-10.777271136555582,True
dp=0.008,0.008,quadratic_r2,0.9465727652959351,-4.777271136555584,6.0,-10.777271136555584,True
dp=0.008,0.008,quadratic_r2,0.9465727652959361,-4.777271136555589,6.0,-10.777271136555589,True
dp=0.008,0.008,quadratic_r2,0.9465727652959361,-4.777271136555589,6.0,-10.777271136555589,True
dp=0.008,0.008,quadratic_r2,0.9465727652959379,-4.777271136555598,6.0,-10.777271136555598,True
dp=0.008,0.008,quadratic_r2,0.946572765295938,-4.777271136555615,6.0,-10.777271136555616,True
dp=0.008,0.008,quadratic_r2,0.9465727652959389,-4.777271136555612,6.0,-10.777271136555612,True
dp=0.008,0.008,quadratic_r2,0.9465727652959389,-4.777271136555614,6.0,-10.777271136555614,True
dp=0.008,0.008,quadratic_r2,0.9465727652959399,-4.777271136555626,6.0,-10.777271136555626,True
dp=0.008,0.008,quadratic_r2,0.9465727652959399,-4.777271136555624,6.0,-10.777271136555624,True
dp=0.008,0.008,quadratic_r2,0.9465727652959407,-4.777271136555622,6.0,-10.777271136555623,True
dp=0.008,0.008,quadratic_r2,0.9465727652959407,-4.777271136555622,6.0,-10.777271136555623,True
dp=0.008,0.008,quadratic_r2,0.9465727652959427,-4.777271136555649,6.0,-10.77727113655565,True
dp=0.008,0.008,quadratic_r2,0.9465727652959427,-4.77727113655565,6.0,-10.777271136555651,True
dp=0.008,0.008,quadratic_r2,0.9465727652959436,-4.7772711365556555,6.0,-10.777271136555655,True
dp=0.008,0.008,quadratic_r2,0.9465727652959436,-4.777271136555656,6.0,-10.777271136555656,True
dp=0.008,0.008,quadratic_r2,0.9599999999999962,-5.225752063096699,6.0,-11.2257520630967,True
dp=0.008,0.008,quadratic_r2,0.9599999999999981,-5.2257520630967145,6.0,-11.225752063096714,True
dp=0.008,0.008,quadratic_r2,0.9599999999999981,-5.350616366593586,6.0,-11.350616366593586,True
dp=0.008,0.008,quadratic_r2,0.9599999999999999,-5.225752063096728,6.0,-11.225752063096728,True
dp=0.008,0.008,quadratic_r2,0.9599999999999999,-5.225752063096728,6.0,-11.225752063096728,True
dp=0.008,0.008,quadratic_r2,0.9600000000000017,-5.2257520630967464,6.0,-11.225752063096746,True
dp=0.008,0.008,quadratic_r2,0.9600000000000017,-5.2257520630967464,6.0,-11.225752063096746,True
dp=0.008,0.008,quadratic_r2,0.9600000000000036,-5.350616366593637,6.0,-11.350616366593638,True
dp=0.008,0.008,quadratic_r2,0.9600000000000037,-5.225752063096782,6.0,-11.225752063096781,True
dp=0.008,0.008,quadratic_r2,0.9600000000000055,-5.225752063096791,6.0,-11.225752063096792,True
dp=0.008,0.008,quadratic_r2,0.9732420048477128,-5.867012848952538,6.0,-11.867012848952537,True
dp=0.008,0.008,quadratic_r2,0.9732420048477128,-5.867012848952538,6.0,-11.867012848952537,True
dp=0.008,0.008,quadratic_r2,0.9732420048477137,-5.867012848952544,6.0,-11.867012848952545,True
dp=0.008,0.008,quadratic_r2,0.9732420048477137,-5.867012848952544,6.0,-11.867012848952545,True
dp=0.008,0.008,quadratic_r2,0.9732420048477183,-5.867012848952587,6.0,-11.867012848952587,True
dp=0.008,0.008,quadratic_r2,0.9732420048477183,-5.867012848952591,6.0,-11.86701284895259,True
dp=0.008,0.008,quadratic_r2,0.9732420048477192,-5.867012848952588,6.0,-11.867012848952587,True
dp=0.008,0.008,quadratic_r2,0.9732420048477192,-5.867012848952586,6.0,-11.867012848952587,True
dp=0.008,0.008,quadratic_r2,0.9863062404750326,-6.462431428391929,6.0,-12.462431428391929,True
dp=0.008,0.008,quadratic_r2,0.9863062404750326,-6.462431428391928,6.0,-12.462431428391927,True
dp=0.008,0.008,quadratic_r2,0.9863062404750336,-6.384767656615786,6.0,-12.384767656615786,True
dp=0.008,0.008,quadratic_r2,0.9863062404750345,-6.384767656615794,6.0,-12.384767656615793,True
dp=0.008,0.008,quadratic_r2,0.9863062404750345,-6.462431428391948,6.0,-12.462431428391948,True
dp=0.008,0.008,quadratic_r2,0.9863062404750345,-6.462431428391947,6.0,-12.462431428391948,True
dp=0.008,0.008,quadratic_r2,0.9863062404750345,-6.462431428391948,6.0,-12.462431428391948,True
dp=0.008,0.008,quadratic_r2,0.9863062404750353,-6.462431428391963,6.0,-12.462431428391962,True
dp=0.008,0.008,quadratic_r2,0.9863062404750353,-6.462431428391964,6.0,-12.462431428391964,True
dp=0.008,0.008,quadratic_r2,0.9863062404750353,-6.384767656615812,6.0,-12.38476765661581,True
dp=0.008,0.008,quadratic_r2,0.986306240475037,-6.462431428391964,6.0,-12.462431428391964,True
dp=0.008,0.008,quadratic_r2,0.986306240475037,-6.462431428391957,6.0,-12.462431428391957,True
dp=0.008,0.008,quadratic_r2,0.986306240475037,-6.462431428391963,6.0,-12.462431428391962,True
dp=0.008,0.008,quadratic_r2,0.986306240475037,-6.462431428391958,6.0,-12.462431428391959,True
dp=0.008,0.008,quadratic_r2,0.9863062404750389,-6.4624314283919855,6.0,-12.462431428391985,True
dp=0.008,0.008,quadratic_r2,0.9863062404750389,-6.462431428391986,6.0,-12.462431428391987,True
dp=0.008,0.008,quadratic_r2,0.986306240475039,-6.384767656615843,6.0,-12.384767656615843,True
dp=0.008,0.008,quadratic_r2,0.9863062404750397,-6.4624314283919855,6.0,-12.462431428391985,True
dp=0.008,0.008,quadratic_r2,0.9863062404750397,-6.462431428391985,6.0,-12.462431428391984,True
dp=0.008,0.008,quadratic_r2,0.9863062404750398,-6.384767656615844,6.0,-12.384767656615843,True
dp=0.008,0.008,quadratic_r2,0.9863062404750398,-6.3847676566158444,6.0,-12.384767656615844,True
dp=0.008,0.008,quadratic_r2,0.9863062404750407,-6.384767656615856,6.0,-12.384767656615857,True
dp=0.008,0.008,quadratic_r2,0.9863062404750417,-6.462431428392019,6.0,-12.46243142839202,True
dp=0.008,0.008,quadratic_r2,0.9863062404750417,-6.462431428392019,6.0,-12.46243142839202,True
dp=0.008,0.008,quadratic_r2,1.0119288512538787,-7.299456004943683,6.0,-13.299456004943682,True
dp=0.008,0.008,quadratic_r2,1.0119288512538787,-7.299456004943683,6.0,-13.299456004943682,True
dp=0.008,0.008,quadratic_r2,1.0119288512538804,-7.299456004943707,6.0,-13.299456004943707,True
dp=0.008,0.008,quadratic_r2,1.0119288512538804,-7.299456004943706,6.0,-13.299456004943707,True
dp=0.008,0.008,quadratic_r2,1.011928851253884,-7.299456004943738,6.0,-13.299456004943739,True
dp=0.008,0.008,quadratic_r2,1.011928851253884,-7.299456004943742,6.0,-13.299456004943742,True
dp=0.008,0.008,quadratic_r2,1.0119288512538858,-7.2994560049437665,6.0,-13.299456004943767,True
dp=0.008,0.008,quadratic_r2,1.0119288512538858,-7.2994560049437665,6.0,-13.299456004943767,True
dp=0.008,0.008,quadratic_r2,1.0244998779892518,-7.518670111841673,6.0,-13.518670111841672,True
dp=0.008,0.008,quadratic_r2,1.0244998779892527,-7.648562563921662,6.0,-13.648562563921661,True
dp=0.008,0.008,quadratic_r2,1.0244998779892527,-7.449167920375693,6.0,-13.449167920375693,True
dp=0.008,0.008,quadratic_r2,1.0244998779892527,-7.648562563921663,6.0,-13.648562563921663,True
dp=0.008,0.008,quadratic_r2,1.0244998779892527,-7.449167920375691,6.0,-13.449167920375691,True
dp=0.008,0.008,quadratic_r2,1.0244998779892536,-7.648562563921664,6.0,-13.648562563921665,True
dp=0.008,0.008,quadratic_r2,1.0244998779892536,-7.648562563921663,6.0,-13.648562563921663,True
dp=0.008,0.008,quadratic_r2,1.0244998779892545,-7.648562563921672,6.0,-13.648562563921672,True
dp=0.008,0.008,quadratic_r2,1.0244998779892545,-7.648562563921685,6.0,-13.648562563921686,True
dp=0.008,0.008,quadratic_r2,1.0244998779892545,-7.648562563921685,6.0,-13.648562563921686,True
dp=0.008,0.008,quadratic_r2,1.0244998779892553,-7.648562563921695,6.0,-13.648562563921695,True
dp=0.008,0.008,quadratic_r2,1.0244998779892553,-7.648562563921695,6.0,-13.648562563921695,True
dp=0.008,0.008,quadratic_r2,1.0244998779892553,-7.518670111841711,6.0,-13.518670111841711,True
dp=0.008,0.008,quadratic_r2,1.0244998779892553,-7.648562563921695,6.0,-13.648562563921695,True
dp=0.008,0.008,quadratic_r2,1.0244998779892562,-7.449167920375723,6.0,-13.449167920375723,True
dp=0.008,0.008,quadratic_r2,1.0244998779892562,-7.449167920375722,6.0,-13.449167920375722,True
dp=0.008,0.008,quadratic_r2,1.0244998779892571,-7.44916792037573,6.0,-13.44916792037573,True
dp=0.008,0.008,quadratic_r2,1.0244998779892571,-7.449167920375729,6.0,-13.449167920375729,True
dp=0.008,0.008,quadratic_r2,1.024499877989258,-7.6485625639217165,6.0,-13.648562563921717,True
dp=0.008,0.008,quadratic_r2,1.024499877989258,-7.648562563921717,6.0,-13.648562563921718,True
dp=0.008,0.008,quadratic_r2,1.024499877989258,-7.648562563921717,6.0,-13.648562563921718,True
dp=0.008,0.008,quadratic_r2,1.024499877989258,-7.518670111841736,6.0,-13.518670111841736,True
dp=0.008,0.008,quadratic_r2,1.024499877989259,-7.518670111841747,6.0,-13.518670111841747,True
dp=0.008,0.008,quadratic_r2,1.024499877989259,-7.648562563921727,6.0,-13.648562563921727,True
dp=0.008,0.008,quadratic_r2,1.024499877989259,-7.518670111841747,6.0,-13.518670111841747,True
dp=0.008,0.008,quadratic_r2,1.0244998779892596,-7.648562563921736,6.0,-13.648562563921736,True
dp=0.008,0.008,quadratic_r2,1.0244998779892596,-7.648562563921739,6.0,-13.64856256392174,True
dp=0.008,0.008,quadratic_r2,1.0244998779892605,-7.449167920375763,6.0,-13.449167920375764,True
dp=0.008,0.008,quadratic_r2,1.0244998779892605,-7.64856256392174,6.0,-13.64856256392174,True
dp=0.008,0.008,quadratic_r2,1.0244998779892605,-7.4491679203757615,6.0,-13.44916792037576,True
dp=0.008,0.008,quadratic_r2,1.0244998779892605,-7.648562563921738,6.0,-13.648562563921738,True
dp=0.008,0.008,quadratic_r2,1.0244998779892616,-7.518670111841773,6.0,-13.518670111841773,True
dp=0.008,0.008,quadratic_r2,1.0369185117452544,-7.812724334435514,6.0,-13.812724334435515,True
dp=0.008,0.008,quadratic_r2,1.0369185117452544,-7.812724334435512,6.0,-13.812724334435512,True
dp=0.008,0.008,quadratic_r2,1.036918511745255,-7.812724334435524,6.0,-13.812724334435524,True
dp=0.008,0.008,quadratic_r2,1.036918511745255,-7.812724334435524,6.0,-13.812724334435524,True
dp=0.008,0.008,quadratic_r2,1.0369185117452577,-7.812724334435538,6.0,-13.812724334435538,True
dp=0.008,0.008,quadratic_r2,1.0369185117452577,-7.81272433443555,6.0,-13.81272433443555,True
dp=0.008,0.008,quadratic_r2,1.0369185117452584,-7.812724334435552,6.0,-13.812724334435552,True
dp=0.008,0.008,quadratic_r2,1.0369185117452586,-7.812724334435562,6.0,-13.812724334435561,True
dp=0.008,0.008,quadratic_r2,1.0369185117452586,-7.812724334435562,6.0,-13.812724334435561,True
dp=0.008,0.008,quadratic_r2,1.0369185117452586,-7.812724334435564,6.0,-13.812724334435565,True
dp=0.008,0.008,quadratic_r2,1.0369185117452595,-7.8127243344355755,6.0,-13.812724334435575,True
dp=0.008,0.008,quadratic_r2,1.0369185117452595,-7.812724334435575,6.0,-13.812724334435575,True
dp=0.008,0.008,quadratic_r2,1.036918511745262,-7.812724334435591,6.0,-13.81272433443559,True
dp=0.008,0.008,quadratic_r2,1.036918511745262,-7.81272433443559,6.0,-13.81272433443559,True
dp=0.008,0.008,quadratic_r2,1.0369185117452628,-7.812724334435601,6.0,-13.8127243344356,True
dp=0.008,0.008,quadratic_r2,1.0369185117452628,-7.8127243344356,6.0,-13.8127243344356,True
dp=0.008,0.008,quadratic_r2,1.0491901638883163,-8.05527397413723,6.0,-14.05527397413723,True
dp=0.008,0.008,quadratic_r2,1.049190163888319,-8.05527397413726,6.0,-14.05527397413726,True
dp=0.008,0.008,quadratic_r2,1.049190163888319,-8.05527397413726,6.0,-14.05527397413726,True
dp=0.008,0.008,quadratic_r2,1.0491901638883205,-8.055273974137277,6.0,-14.055273974137277,True
dp=0.008,0.008,quadratic_r2,1.0491901638883214,-8.055273974137279,6.0,-14.055273974137279,True
dp=0.008,0.008,quadratic_r2,1.049190163888323,-8.055273974137284,6.0,-14.055273974137284,True
dp=0.008,0.008,quadratic_r2,1.0491901638883232,-8.055273974137297,6.0,-14.055273974137297,True
dp=0.008,0.008,quadratic_r2,1.0491901638883256,-8.055273974137329,6.0,-14.055273974137329,True
dp=0.008,0.008,linear_gap,4.80740671595891e-15,-409.39256842891814,-2000000000000.0,1999999999590.6074,False
dp=0.008,0.008,linear_gap,0.15999999999999737,-213.83814889273725,-250.00000000000412,36.16185110726687,True
dp=0.008,0.008,linear_gap,0.16000000000000292,-213.8381488927325,-249.99999999999545,36.16185110726295,True
dp=0.008,0.008,linear_gap,0.2262741699796915,-167.28440242456844,-176.7766952966398,9.492292872071346,True
dp=0.008,0.008,linear_gap,0.2262741699796954,-167.28440242456608,-176.77669529663672,9.492292872070635,True
dp=0.008,0.008,linear_gap,0.2262741699796954,-167.2844024245661,-176.77669529663672,9.492292872070607,True
dp=0.008,0.008,linear_gap,0.22627416997969932,-167.28440242456355,-176.77669529663365,9.492292872070095,True
dp=0.008,0.008,linear_gap,0.27712812921101904,-140.9058096338236,-144.33756729740713,3.4317576635835394,True
dp=0.008,0.008,linear_gap,0.2771281292110222,-140.90580963382214,-144.33756729740549,3.4317576635833404,True
dp=0.008,0.008,linear_gap,0.3199999999999975,-123.38415410292885,-125.00000000000097,1.61584589707212,True
dp=0.008,0.008,linear_gap,0.32000000000000306,-123.38415410292681,-124.9999999999988,1.615845897071992,True
dp=0.008,0.008,linear_gap,0.3577708763999629,-110.97029724394585,-111.80339887499056,0.8331016310447126,True
dp=0.008,0.008,linear_gap,0.3577708763999629,-110.97029724394585,-111.80339887499056,0.8331016310447126,True
dp=0.008,0.008,linear_gap,0.3577708763999654,-110.97029724394505,-111.80339887498978,0.8331016310447268,True
dp=0.008,0.008,linear_gap,0.3577708763999654,-110.97029724394505,-111.80339887498978,0.8331016310447268,True
dp=0.008,0.008,linear_gap,0.3577708763999679,-110.97029724394429,-111.803398874989,0.8331016310447126,True
dp=0.008,0.008,linear_gap,0.3577708763999679,-110.97029724394429,-111.803398874989,0.8331016310447126,True
dp=0.008,0.008,linear_gap,0.3577708763999704,-110.97029724394352,-111.80339887498822,0.8331016310446984,True
dp=0.008,0.008,linear_gap,0.3577708763999704,-110.97029724394352,-111.80339887498822,0.8331016310446984,True
dp=0.008,0.008,linear_gap,0.3919183588453043,-101.57242339902473,-102.06207261596685,0.4896492169421265,True
dp=0.008,0.008,linear_gap,0.39191835884530657,-101.5724233990241,-102.06207261596626,0.4896492169421549,True
dp=0.008,0.008,linear_gap,0.39191835884530657,-101.57242339902409,-102.06207261596626,0.4896492169421691,True
dp=0.008,0.008,linear_gap,0.3919183588453088,-101.57242339902359,-102.06207261596568,0.48964921694208385,True
dp=0.008,0.008,linear_gap,0.3919183588453088,-101.57242339902358,-102.06207261596568,0.48964921694209806,True
dp=0.008,0.008,linear_gap,0.39191835884531107,-101.57242339902298,-102.06207261596508,0.48964921694209806,True
dp=0.008,0.008,linear_gap,0.39191835884531107,-101.57242339902297,-102.06207261596508,0.4896492169421123,True
dp=0.008,0.008,linear_gap,0.39191835884531334,-101.57242339902237,-102.06207261596448,0.4896492169421123,True
dp=0.008,0.008,linear_gap,0.4525483399593869,-88.1355775736066,-88.38834764831913,0.25277007471252944,True
dp=0.008,0.008,linear_gap,0.4525483399593908,-88.13557757360591,-88.38834764831836,0.25277007471244417,True
dp=0.008,0.008,linear_gap,0.4525483399593908,-88.1355775736059,-88.38834764831836,0.2527700747124584,True
dp=0.008,0.008,linear_gap,0.45254833995939475,-88.13557757360509,-88.38834764831759,0.252770074712501,True
dp=0.008,0.008,linear_gap,0.47999999999999576,-83.13590215356014,-83.33333333333407,0.197431179773929,True
dp=0.008,0.008,linear_gap,0.47999999999999765,-83.12481814302062,-83.33333333333374,0.20851519031312193,True
dp=0.008,0.008,linear_gap,0.47999999999999765,-83.13590215355978,-83.33333333333374,0.1974311797739574,True
dp=0.008,0.008,linear_gap,0.4799999999999995,-83.13590215355943,-83.33333333333341,0.19743117977398583,True
dp=0.008,0.008,linear_gap,0.4799999999999995,-83.13590215355943,-83.33333333333341,0.19743117977398583,True
dp=0.008,0.008,linear_gap,0.4800000000000013,-83.13590215355917,-83.3333333333331,0.197431179773929,True
dp=0.008,0.008,linear_gap,0.4800000000000013,-83.13590215355917,-83.3333333333331,0.197431179773929,True
dp=0.008,0.008,linear_gap,0.4800000000000032,-83.13590215355883,-83.33333333333277,0.1974311797739432,True
dp=0.008,0.008,linear_gap,0.4800000000000032,-83.12481814301964,-83.33333333333277,0.20851519031313615,True
dp=0.008,0.008,linear_gap,0.48000000000000503,-83.13590215355849,-83.33333333333245,0.1974311797739574,True
dp=0.008,0.008,linear_gap,0.5059644256269377,-78.87998710354796,-79.05694150420996,0.17695440066199808,True
dp=0.008,0.008,linear_gap,0.5059644256269377,-78.87998710354799,-79.05694150420996,0.17695440066196966,True
dp=0.008,0.008,linear_gap,0.5059644256269393,-78.87998710354772,-79.05694150420969,0.17695440066196966,True
dp=0.008,0.008,linear_gap,0.5059644256269393,-78.87998710354773,-79.05694150420969,0.17695440066195545,True
dp=0.008,0.008,linear_gap,0.5059644256269429,-78.87998710354717,-79.05694150420914,0.17695440066196966,True
dp=0.008,0.008,linear_gap,0.5059644256269429,-78.87998710354715,-79.05694150420914,0.17695440066198387,True
dp=0.008,0.008,linear_gap,0.5059644256269447,-78.87998710354694,-79.05694150420887,0.17695440066192702,True
dp=0.008,0.008,linear_gap,0.5059644256269447,-78.87998710354694,-79.05694150420887,0.17695440066192702,True
dp=0.008,0.008,linear_gap,0.5306599664568602,-75.17277570731454,-75.37783614444143,0.20506043712688893,True
dp=0.008,0.008,linear_gap,0.5306599664568619,-75.17277570731432,-75.3778361444412,0.20506043712688893,True
dp=0.008,0.008,linear_gap,0.5306599664568619,-75.17277570731432,-75.3778361444412,0.20506043712688893,True
dp=0.008,0.008,linear_gap,0.5306599664568636,-75.172775707314,-75.37783614444095,0.20506043712694577,True
dp=0.008,0.008,linear_gap,0.5306599664568653,-75.17277570731378,-75.37783614444072,0.20506043712694577,True
dp=0.008,0.008,linear_gap,0.530659966456867,-75.17277570731355,-75.37783614444048,0.20506043712693156,True
dp=0.008,0.008,linear_gap,0.530659966456867,-75.17277570731355,-75.37783614444048,0.20506043712693156,True
dp=0.008,0.008,linear_gap,0.5306599664568686,-75.17277570731332,-75.37783614444025,0.20506043712693156,True
dp=0.008,0.008,linear_gap,0.5542562584220364,-72.01337598716344,-72.16878364870378,0.15540766154033747,True
dp=0.008,0.008,linear_gap,0.5542562584220396,-72.013375987163,-72.16878364870337,0.1554076615403659,True
dp=0.008,0.008,linear_gap,0.5542562584220428,-72.0133759871626,-72.16878364870294,0.15540766154033747,True
dp=0.008,0.008,linear_gap,0.5768882040742349,-68.93586602588663,-69.33752452815403,0.4016585022674093,True
dp=0.008,0.008,linear_gap,0.5768882040742349,-68.93586602588664,-69.33752452815403,0.4016585022673951,True
dp=0.008,0.008,linear_gap,0.576888204074238,-68.93586602588627,-69.33752452815366,0.4016585022673951,True
dp=0.008,0.008,linear_gap,0.576888204074238,-68.9358660258863,-69.33752452815366,0.40165850226736666,True
dp=0.008,0.008,linear_gap,0.5768882040742396,-68.93586602588616,-69.33752452815348,0.401658502267324,True
dp=0.008,0.008,linear_gap,0.5768882040742396,-68.93586602588613,-69.33752452815348,0.40165850226735245,True
dp=0.008,0.008,linear_gap,0.5768882040742427,-68.93586602588572,-69.33752452815311,0.4016585022673951,True
dp=0.008,0.008,linear_gap,0.5768882040742427,-68.9358660258857,-69.33752452815311,0.4016585022674093,True
dp=0.008,0.008,linear_gap,0.5986651818838267,-65.86547887944991,-66.81531047810654,0.9498315986566297,True
dp=0.008,0.008,linear_gap,0.5986651818838267,-65.86547887944988,-66.81531047810654,0.9498315986566581,True
dp=0.008,0.008,linear_gap,0.5986651818838281,-65.86547887944975,-66.81531047810637,0.9498315986566155,True
dp=0.008,0.008,linear_gap,0.5986651818838281,-65.86547887944977,-66.81531047810637,0.9498315986566013,True
dp=0.008,0.008,linear_gap,0.5986651818838297,-65.86547887944954,-66.8153104781062,0.9498315986566581,True
dp=0.008,0.008,linear_gap,0.5986651818838297,-65.86547887944954,-66.8153104781062,0.9498315986566581,True
dp=0.008,0.008,linear_gap,0.5986651818838311,-65.86547887944941,-66.81531047810604,0.9498315986566297,True
dp=0.008,0.008,linear_gap,0.5986651818838311,-65.86547887944941,-66.81531047810604,0.9498315986566297,True
dp=0.008,0.008,linear_gap,0.5986651818838311,-65.86547887944943,-66.81531047810604,0.9498315986566155,True
dp=0.008,0.008,linear_gap,0.5986651818838311,-65.86547887944941,-66.81531047810604,0.9498315986566297,True
dp=0.008,0.008,linear_gap,0.5986651818838327,-65.86547887944919,-66.81531047810587,0.9498315986566865,True
dp=0.008,0.008,linear_gap,0.5986651818838327,-65.86547887944921,-66.81531047810587,0.9498315986566581,True
dp=0.008,0.008,linear_gap,0.5986651818838341,-65.86547887944906,-66.8153104781057,0.9498315986566439,True
dp=0.008,0.008,linear_gap,0.5986651818838341,-65.86547887944909,-66.8153104781057,0.9498315986566155,True
dp=0.008,0.008,linear_gap,0.5986651818838356,-65.86547887944897,-66.81531047810554,0.9498315986565729,True
dp=0.008,0.008,linear_gap,0.5986651818838356,-65.86547887944897,-66.81531047810554,0.9498315986565729,True
dp=0.008,0.008,linear_gap,0.6399999999999978,-61.19588836576194,-62.50000000000021,1.304111634238275,True
dp=0.008,0.008,linear_gap,0.6400000000000033,-61.195888365761405,-62.49999999999967,1.304111634238268,True
dp=0.008,0.008,linear_gap,0.6596969000988215,-56.91602295333699,-60.633906259083616,3.717883305746625,True
dp=0.008,0.008,linear_gap,0.6596969000988229,-57.33322350210568,-60.6339062590835,3.300682756977821,True
dp=0.008,0.008,linear_gap,0.6596969000988229,-57.3332235021057,-60.6339062590835,3.3006827569777997,True
dp=0.008,0.008,linear_gap,0.6596969000988242,-56.91602295333681,-60.633906259083375,3.717883305746568,True
dp=0.008,0.008,linear_gap,0.6596969000988242,-56.916022953336835,-60.633906259083375,3.7178833057465397,True
dp=0.008,0.008,linear_gap,0.6596969000988242,-56.91602295333681,-60.633906259083375,3.717883305746568,True
dp=0.008,0.008,linear_gap,0.6596969000988242,-57.33322350210548,-60.633906259083375,3.300682756977892,True
dp=0.008,0.008,linear_gap,0.6596969000988256,-56.91602295333665,-60.63390625908325,3.7178833057465965,True
dp=0.008,0.008,linear_gap,0.659696900098827,-56.91602295333644,-60.63390625908312,3.717883305746682,True
dp=0.008,0.008,linear_gap,0.6596969000988282,-57.33322350210514,-60.633906259083005,3.3006827569778636,True
dp=0.008,0.008,linear_gap,0.6596969000988282,-56.91602295333648,-60.633906259083005,3.7178833057465255,True
dp=0.008,0.008,linear_gap,0.6596969000988282,-57.33322350210514,-60.633906259083005,3.3006827569778636,True
dp=0.008,0.008,linear_gap,0.6596969000988282,-56.91602295333648,-60.633906259083005,3.7178833057465255,True
dp=0.008,0.008,linear_gap,0.6596969000988296,-57.333223502104936,-60.63390625908288,3.300682756977942,True
dp=0.008,0.008,linear_gap,0.6596969000988296,-57.33322350210495,-60.63390625908288,3.3006827569779276,True
dp=0.008,0.008,linear_gap,0.659696900098831,-56.916022953336096,-60.63390625908275,3.7178833057466534,True
dp=0.008,0.008,linear_gap,0.6788225099390822,-52.72681311537352,-58.925565098879254,6.198751983505737,True
dp=0.008,0.008,linear_gap,0.6788225099390822,-54.41619950220955,-58.925565098879254,4.509365596669703,True
dp=0.008,0.008,linear_gap,0.6788225099390836,-52.72681311537329,-58.92556509887913,6.1987519835058436,True
dp=0.008,0.008,linear_gap,0.6788225099390836,-52.726813115373275,-58.92556509887913,6.198751983505858,True
dp=0.008,0.008,linear_gap,0.678822509939085,-52.726813115373034,-58.92556509887901,6.198751983505979,True
dp=0.008,0.008,linear_gap,0.6788225099390862,-54.41619950220907,-58.925565098878906,4.509365596669838,True
dp=0.008,0.008,linear_gap,0.6788225099390862,-54.41619950220907,-58.925565098878906,4.509365596669838,True
dp=0.008,0.008,linear_gap,0.6788225099390874,-52.72681311537302,-58.9255650988788,6.19875198350578,True
dp=0.008,0.008,linear_gap,0.6788225099390889,-52.72681311537278,-58.92556509887868,6.1987519835059,True
dp=0.008,0.008,linear_gap,0.6788225099390889,-52.726813115372764,-58.92556509887868,6.198751983505915,True
dp=0.008,0.008,linear_gap,0.6788225099390901,-54.41619950220877,-58.925565098878565,4.509365596669795,True
dp=0.008,0.008,linear_gap,0.6788225099390902,-52.72681311537255,-58.92556509887856,6.198751983506007,True
dp=0.008,0.008,linear_gap,0.6974238309665038,-49.13384094374116,-57.353933467640765,8.220092523899602,True
dp=0.008,0.008,linear_gap,0.6974238309665051,-49.13384094374109,-57.35393346764066,8.220092523899567,True
dp=0.008,0.008,linear_gap,0.6974238309665077,-49.133840943740765,-57.353933467640445,8.22009252389968,True
dp=0.008,0.008,linear_gap,0.6974238309665077,-49.133840943740736,-57.353933467640445,8.220092523899709,True
dp=0.008,0.008,linear_gap,0.697423830966509,-49.13384094374068,-57.35393346764034,8.220092523899659,True
dp=0.008,0.008,linear_gap,0.697423830966509,-49.13384094374068,-57.35393346764034,8.220092523899659,True
dp=0.008,0.008,linear_gap,0.6974238309665116,-49.133840943740324,-57.353933467640125,8.220092523899801,True
dp=0.008,0.008,linear_gap,0.6974238309665128,-49.13384094374027,-57.35393346764002,8.220092523899751,True
dp=0.008,0.008,linear_gap,0.7155417527999297,-43.096216278435875,-55.901699437494976,12.8054831590591,True
dp=0.008,0.008,linear_gap,0.7155417527999297,-43.09621627843589,-55.901699437494976,12.805483159059087,True
dp=0.008,0.008,linear_gap,0.715541752799932,-43.09621627843586,-55.90169943749479,12.80548315905893,True
dp=0.008,0.008,linear_gap,0.715541752799932,-43.09621627843585,-55.90169943749479,12.805483159058944,True
dp=0.008,0.008,linear_gap,0.7155417527999345,-43.09621627843565,-55.9016994374946,12.805483159058952,True
dp=0.008,0.008,linear_gap,0.7155417527999345,-43.09621627843565,-55.9016994374946,12.805483159058952,True
dp=0.008,0.008,linear_gap,0.715541752799937,-43.096216278435435,-55.9016994374944,12.805483159058966,True
dp=0.008,0.008,linear_gap,0.715541752799937,-43.09621627843539,-55.9016994374944,12.805483159059008,True
dp=0.008,0.008,linear_gap,0.7332121111929308,-37.17179074261372,-54.554472558998356,17.382681816384633,True
dp=0.008,0.008,linear_gap,0.7332121111929308,-37.17179074261371,-54.554472558998356,17.382681816384647,True
dp=0.008,0.008,linear_gap,0.7332121111929321,-37.17179074261358,-54.55447255899826,17.382681816384682,True
dp=0.008,0.008,linear_gap,0.7332121111929321,-37.17179074261357,-54.55447255899826,17.382681816384697,True
dp=0.008,0.008,linear_gap,0.7332121111929332,-37.17179074261364,-54.554472558998185,17.382681816384547,True
dp=0.008,0.008,linear_gap,0.7332121111929332,-37.17179074261364,-54.554472558998185,17.382681816384547,True
dp=0.008,0.008,linear_gap,0.7332121111929344,-37.17179074261348,-54.55447255899809,17.38268181638461,True
dp=0.008,0.008,linear_gap,0.7332121111929344,-37.17179074261351,-54.55447255899809,17.382681816384583,True
dp=0.008,0.008,linear_gap,0.7332121111929357,-37.17179074261334,-54.554472558998,17.38268181638466,True
dp=0.008,0.008,linear_gap,0.7332121111929357,-37.17179074261334,-54.554472558998,17.38268181638466,True
dp=0.008,0.008,linear_gap,0.7332121111929369,-37.17179074261318,-54.5544725589979,17.382681816384718,True
dp=0.008,0.008,linear_gap,0.7332121111929369,-37.171790742613226,-54.5544725589979,17.382681816384675,True
dp=0.008,0.008,linear_gap,0.733212111192938,-37.17179074261324,-54.55447255899782,17.382681816384583,True
dp=0.008,0.008,linear_gap,0.733212111192938,-37.17179074261324,-54.55447255899782,17.382681816384583,True
dp=0.008,0.008,linear_gap,0.7332121111929393,-37.171790742613126,-54.55447255899773,17.382681816384604,True
dp=0.008,0.008,linear_gap,0.7332121111929393,-37.171790742613126,-54.55447255899773,17.382681816384604,True
dp=0.008,0.008,linear_gap,0.7504665215717446,-34.750969484248685,-53.300179088902894,18.54920960465421,True
dp=0.008,0.008,linear_gap,0.7504665215717471,-34.75096948424854,-53.30017908890272,18.54920960465418,True
dp=0.008,0.008,linear_gap,0.7504665215717482,-34.75096948424856,-53.300179088902645,18.549209604654088,True
dp=0.008,0.008,linear_gap,0.7504665215717482,-34.75096948424856,-53.300179088902645,18.549209604654088,True
dp=0.008,0.008,linear_gap,0.7504665215717505,-34.750969484248415,-53.30017908890248,18.549209604654067,True
dp=0.008,0.008,linear_gap,0.7504665215717505,-34.75096948424843,-53.30017908890248,18.549209604654052,True
dp=0.008,0.008,linear_gap,0.7504665215717518,-34.7509694842482,-53.30017908890239,18.549209604654187,True
dp=0.008,0.008,linear_gap,0.7504665215717541,-34.75096948424809,-53.30017908890222,18.54920960465413,True
dp=0.008,0.008,linear_gap,0.7838367176906131,-19.21862490233795,-51.03103630798313,31.81241140564518,True
dp=0.008,0.008,linear_gap,0.7838367176906154,-19.218624902337908,-51.03103630798298,31.812411405645072,True
dp=0.008,0.008,linear_gap,0.7838367176906154,-19.21862490233788,-51.03103630798298,31.8124114056451,True
dp=0.008,0.008,linear_gap,0.7838367176906177,-19.218624902337623,-51.03103630798283,31.812411405645207,True
dp=0.008,0.008,linear_gap,0.7838367176906177,-19.21862490233758,-51.03103630798283,31.81241140564525,True
dp=0.008,0.008,linear_gap,0.7838367176906199,-19.218624902337524,-51.03103630798268,31.812411405645157,True
dp=0.008,0.008,linear_gap,0.7838367176906199,-19.218624902337524,-51.03103630798268,31.812411405645157,True
dp=0.008,0.008,linear_gap,0.7838367176906222,-19.21862490233724,-51.03103630798253,31.812411405645292,True
dp=0.008,0.008,linear_gap,0.7999999999999968,-15.781235142347526,-50.0000000000002,34.21876485765267,True
dp=0.008,0.008,linear_gap,0.7999999999999968,-15.781235142347512,-50.0000000000002,34.21876485765269,True
dp=0.008,0.008,linear_gap,0.7999999999999979,-17.43915537124525,-50.00000000000013,32.56084462875488,True
dp=0.008,0.008,linear_gap,0.8000000000000002,-15.781235142347313,-49.99999999999999,34.21876485765268,True
dp=0.008,0.008,linear_gap,0.8000000000000002,-15.781235142347299,-49.99999999999999,34.218764857652694,True
dp=0.008,0.008,linear_gap,0.8000000000000013,-15.781235142347242,-49.99999999999992,34.21876485765268,True
dp=0.008,0.008,linear_gap,0.8000000000000013,-15.781235142347242,-49.99999999999992,34.21876485765268,True
dp=0.008,0.008,linear_gap,0.8000000000000035,-17.439155371244897,-49.99999999999978,32.56084462875488,True
dp=0.008,0.008,linear_gap,0.8000000000000046,-15.781235142347057,-49.999999999999716,34.21876485765266,True
dp=0.008,0.008,linear_gap,0.8000000000000046,-15.781235142347057,-49.999999999999716,34.21876485765266,True
dp=0.008,0.008,linear_gap,0.8158431221748419,-6.87989754660536,-49.02903378454623,42.149136237940866,True
dp=0.008,0.008,linear_gap,0.815843122174842,-6.879897546605177,-49.02903378454622,42.14913623794104,True
dp=0.008,0.008,linear_gap,0.815843122174843,-6.879897546605282,-49.029033784546165,42.14913623794088,True
dp=0.008,0.008,linear_gap,0.815843122174843,-9.14129412471126,-49.029033784546165,39.88773965983491,True
dp=0.008,0.008,linear_gap,0.815843122174843,-6.879897546605269,-49.029033784546165,42.149136237940894,True
dp=0.008,0.008,linear_gap,0.815843122174843,-9.141294124711255,-49.029033784546165,39.88773965983491,True
dp=0.008,0.008,linear_gap,0.8158431221748441,-9.141294124711163,-49.029033784546094,39.887739659834935,True
dp=0.008,0.008,linear_gap,0.8158431221748441,-9.141294124711159,-49.029033784546094,39.887739659834935,True
dp=0.008,0.008,linear_gap,0.8158431221748452,-6.8798975466051155,-49.02903378454603,42.149136237940915,True
dp=0.008,0.008,linear_gap,0.8158431221748452,-6.8798975466050845,-49.02903378454603,42.149136237940944,True
dp=0.008,0.008,linear_gap,0.8158431221748463,-6.879897546605012,-49.02903378454596,42.14913623794095,True
dp=0.008,0.008,linear_gap,0.8158431221748463,-6.879897546605017,-49.02903378454596,42.149136237940944,True
dp=0.008,0.008,linear_gap,0.8158431221748463,-6.8798975466050045,-49.02903378454596,42.14913623794095,True
dp=0.008,0.008,linear_gap,0.8158431221748463,-6.879897546605018,-49.02903378454596,42.149136237940944,True
dp=0.008,0.008,linear_gap,0.8158431221748474,-6.879897546604884,-49.029033784545895,42.14913623794101,True
dp=0.008,0.008,linear_gap,0.8158431221748474,-6.879897546604891,-49.029033784545895,42.14913623794101,True
dp=0.008,0.008,linear_gap,0.8158431221748483,-9.141294124710988,-49.02903378454584,39.88773965983485,True
dp=0.008,0.008,linear_gap,0.8158431221748483,-9.14129412471097,-49.02903378454584,39.887739659834864,True
dp=0.008,0.008,linear_gap,0.8158431221748494,-6.879897546604919,-49.02903378454577,42.14913623794085,True
dp=0.008,0.008,linear_gap,0.8158431221748494,-9.141294124710853,-49.02903378454577,39.887739659834914,True
dp=0.008,0.008,linear_gap,0.8158431221748494,-6.8798975466049095,-49.02903378454577,42.14913623794086,True
dp=0.008,0.008,linear_gap,0.8158431221748494,-9.141294124710885,-49.02903378454577,39.88773965983488,True
dp=0.008,0.008,linear_gap,0.8158431221748506,-6.879897546604841,-49.0290337845457,42.149136237940866,True
dp=0.008,0.008,linear_gap,0.8158431221748506,-6.879897546604834,-49.0290337845457,42.149136237940866,True
dp=0.008,0.008,linear_gap,0.8313843876330581,-0.29115186232638907,-48.112522432468985,47.8213705701426,True
dp=0.008,0.008,linear_gap,0.8313843876330592,-0.2911518623262655,-48.11252243246892,47.821370570142655,True
dp=0.008,0.008,linear_gap,0.8313843876330592,-0.29115186232624773,-48.11252243246892,47.821370570142676,True
dp=0.008,0.008,linear_gap,0.8313843876330602,-3.353972906268488,-48.112522432468865,44.758549526200376,True
dp=0.008,0.008,linear_gap,0.8313843876330602,-3.353972906268488,-48.112522432468865,44.758549526200376,True
dp=0.008,0.008,linear_gap,0.8313843876330634,-3.353972906268358,-48.11252243246868,44.75854952620032,True
dp=0.008,0.008,linear_gap,0.8313843876330634,-3.3539729062683614,-48.11252243246868,44.75854952620032,True
dp=0.008,0.008,linear_gap,0.8313843876330645,-0.2911518623260663,-48.112522432468616,47.82137057014255,True
dp=0.008,0.008,linear_gap,0.8313843876330645,-0.29115186232604473,-48.112522432468616,47.82137057014257,True
dp=0.008,0.008,linear_gap,0.8313843876330654,-0.2911518623260991,-48.11252243246856,47.82137057014246,True
dp=0.008,0.008,linear_gap,0.8313843876330665,-3.3539729062681944,-48.112522432468495,44.7585495262003,True
dp=0.008,0.008,linear_gap,0.8616263691415168,15.323051226667355,-46.42383454426317,61.746885770930525,True
dp=0.008,0.008,linear_gap,0.8616263691415168,15.323051226667344,-46.42383454426317,61.74688577093052,True
dp=0.008,0.008,linear_gap,0.8616263691415178,16.99680194568274,-46.423834544263116,63.420636489945856,True
dp=0.008,0.008,linear_gap,0.8616263691415178,16.996801945682744,-46.423834544263116,63.42063648994586,True
dp=0.008,0.008,linear_gap,0.8616263691415188,15.323051226667282,-46.423834544263066,61.74688577093035,True
dp=0.008,0.008,linear_gap,0.8616263691415188,15.323051226667284,-46.423834544263066,61.74688577093035,True
dp=0.008,0.008,linear_gap,0.8616263691415199,15.32305122666747,-46.423834544263,61.746885770930476,True
dp=0.008,0.008,linear_gap,0.8616263691415199,15.32305122666746,-46.423834544263,61.74688577093046,True
dp=0.008,0.008,linear_gap,0.8616263691415199,15.323051226667449,-46.423834544263,61.74688577093045,True
dp=0.008,0.008,linear_gap,0.8616263691415199,15.32305122666747,-46.423834544263,61.746885770930476,True
dp=0.008,0.008,linear_gap,0.8616263691415208,15.323051226667438,-46.42383454426295,61.74688577093039,True
dp=0.008,0.008,linear_gap,0.8616263691415208,15.323051226667445,-46.42383454426295,61.7468857709304,True
dp=0.008,0.008,linear_gap,0.8616263691415219,15.323051226667548,-46.423834544262895,61.74688577093045,True
dp=0.008,0.008,linear_gap,0.8616263691415219,15.323051226667546,-46.423834544262895,61.74688577093044,True
dp=0.008,0.008,linear_gap,0.8616263691415229,16.99680194568298,-46.42383454426284,63.42063648994582,True
dp=0.008,0.008,linear_gap,0.8616263691415229,15.323051226667552,-46.42383454426284,61.74688577093039,True
dp=0.008,0.008,linear_gap,0.8616263691415229,15.323051226667552,-46.42383454426284,61.74688577093039,True
dp=0.008,0.008,linear_gap,0.8616263691415229,16.996801945682964,-46.42383454426284,63.42063648994581,True
dp=0.008,0.008,linear_gap,0.861626369141524,15.323051226667728,-46.42383454426278,61.74688577093051,True
dp=0.008,0.008,linear_gap,0.861626369141524,15.323051226667735,-46.42383454426278,61.74688577093052,True
dp=0.008,0.008,linear_gap,0.861626369141525,16.996801945683135,-46.42383454426273,63.42063648994586,True
dp=0.008,0.008,linear_gap,0.861626369141525,16.996801945683114,-46.42383454426273,63.42063648994585,True
dp=0.008,0.008,linear_gap,0.861626369141526,15.32305122666763,-46.423834544262675,61.746885770930305,True
dp=0.008,0.008,linear_gap,0.861626369141526,15.323051226667637,-46.423834544262675,61.74688577093031,True
dp=0.008,0.008,linear_gap,0.8763560920082625,25.81421748850181,-45.643546458764014,71.45776394726582,True
dp=0.008,0.008,linear_gap,0.8763560920082625,25.8142174885018,-45.643546458764014,71.45776394726582,True
dp=0.008,0.008,linear_gap,0.8763560920082636,25.81421748850197,-45.64354645876396,71.45776394726593,True
dp=0.008,0.008,linear_gap,0.8763560920082636,25.814217488501978,-45.64354645876396,71.45776394726593,True
dp=0.008,0.008,linear_gap,0.8763560920082645,25.814217488501964,-45.64354645876391,71.45776394726587,True
dp=0.008,0.008,linear_gap,0.8763560920082645,25.814217488501956,-45.64354645876391,71.45776394726586,True
dp=0.008,0.008,linear_gap,0.8763560920082655,25.814217488501967,-45.64354645876386,71.45776394726582,True
dp=0.008,0.008,linear_gap,0.8763560920082655,25.814217488501974,-45.64354645876386,71.45776394726583,True
dp=0.008,0.008,linear_gap,0.8763560920082676,25.814217488502106,-45.643546458763744,71.45776394726585,True
dp=0.008,0.008,linear_gap,0.8763560920082676,25.814217488502106,-45.643546458763744,71.45776394726585,True
dp=0.008,0.008,linear_gap,0.8763560920082686,25.81421748850213,-45.643546458763694,71.45776394726582,True
dp=0.008,0.008,linear_gap,0.8763560920082686,25.814217488502123,-45.643546458763694,71.45776394726582,True
dp=0.008,0.008,linear_gap,0.8763560920082695,25.81421748850212,-45.643546458763645,71.45776394726576,True
dp=0.008,0.008,linear_gap,0.8763560920082695,25.81421748850213,-45.643546458763645,71.45776394726578,True
dp=0.008,0.008,linear_gap,0.8763560920082706,25.814217488502297,-45.64354645876359,71.45776394726589,True
dp=0.008,0.008,linear_gap,0.8763560920082706,25.814217488502294,-45.64354645876359,71.45776394726587,True
dp=0.008,0.008,linear_gap,0.9050966799187777,32.11419130987528,-44.19417382415937,76.30836513403466,True
dp=0.008,0.008,linear_gap,0.9050966799187816,32.11419130987539,-44.19417382415918,76.30836513403457,True
dp=0.008,0.008,linear_gap,0.9050966799187816,32.11419130987539,-44.19417382415918,76.30836513403457,True
dp=0.008,0.008,linear_gap,0.9050966799187855,32.11419130987551,-44.19417382415899,76.30836513403449,True
dp=0.008,0.008,linear_gap,0.919130023446081,41.91299038143538,-43.51941398892463,85.43240437036002,True
dp=0.008,0.008,linear_gap,0.9191300234460811,41.912990381435556,-43.519413988924626,85.43240437036019,True
dp=0.008,0.008,linear_gap,0.9191300234460821,41.912990381435634,-43.519413988924576,85.43240437036022,True
dp=0.008,0.008,linear_gap,0.9191300234460831,48.3098466164755,-43.51941398892453,91.82926060540004,True
dp=0.008,0.008,linear_gap,0.9191300234460831,48.30984661647548,-43.51941398892453,91.82926060540001,True
dp=0.008,0.008,linear_gap,0.919130023446085,41.91299038143573,-43.51941398892444,85.43240437036017,True
dp=0.008,0.008,linear_gap,0.919130023446085,41.91299038143571,-43.51941398892444,85.43240437036016,True
dp=0.008,0.008,linear_gap,0.919130023446085,41.912990381435726,-43.51941398892444,85.43240437036016,True
dp=0.008,0.008,linear_gap,0.919130023446086,41.91299038143579,-43.51941398892439,85.43240437036019,True
dp=0.008,0.008,linear_gap,0.919130023446086,48.30984661647566,-43.51941398892439,91.82926060540005,True
dp=0.008,0.008,linear_gap,0.919130023446086,41.91299038143579,-43.51941398892439,85.43240437036019,True
dp=0.008,0.008,linear_gap,0.9191300234460877,48.309846616475596,-43.519413988924306,91.8292606053999,True
dp=0.008,0.008,linear_gap,0.9191300234460877,48.30984661647559,-43.519413988924306,91.8292606053999,True
dp=0.008,0.008,linear_gap,0.9191300234460889,41.91299038143589,-43.519413988924256,85.43240437036015,True
dp=0.008,0.008,linear_gap,0.9191300234460897,48.30984661647563,-43.519413988924214,91.82926060539984,True
dp=0.008,0.008,linear_gap,0.9191300234460898,41.91299038143597,-43.51941398892421,85.43240437036017,True
dp=0.008,0.008,linear_gap,0.9329523031752441,48.12619864886355,-42.87464628562739,91.00084493449094,True
dp=0.008,0.008,linear_gap,0.9329523031752451,52.486157181867185,-42.87464628562734,95.36080346749452,True
dp=0.008,0.008,linear_gap,0.9329523031752451,52.486157181867185,-42.87464628562734,95.36080346749452,True
dp=0.008,0.008,linear_gap,0.9329523031752469,48.12619864886355,-42.874646285627264,91.00084493449081,True
dp=0.008,0.008,linear_gap,0.932952303175247,48.1261986488637,-42.87464628562726,91.00084493449096,True
dp=0.008,0.008,linear_gap,0.9329523031752479,52.48615718186717,-42.874646285627215,95.36080346749438,True
dp=0.008,0.008,linear_gap,0.9329523031752479,52.48615718186718,-42.874646285627215,95.36080346749439,True
dp=0.008,0.008,linear_gap,0.9329523031752479,52.486157181867156,-42.874646285627215,95.36080346749438,True
dp=0.008,0.008,linear_gap,0.9329523031752498,52.48615718186732,-42.87464628562713,95.36080346749445,True
dp=0.008,0.008,linear_gap,0.9329523031752498,52.486157181867334,-42.87464628562713,95.36080346749446,True
dp=0.008,0.008,linear_gap,0.9329523031752499,48.12619864886385,-42.87464628562712,91.00084493449097,True
dp=0.008,0.008,linear_gap,0.9329523031752508,48.12619864886378,-42.87464628562708,91.00084493449086,True
dp=0.008,0.008,linear_gap,0.9329523031752508,48.12619864886378,-42.87464628562708,91.00084493449086,True
dp=0.008,0.008,linear_gap,0.9329523031752527,52.48615718186748,-42.874646285626994,95.36080346749448,True
dp=0.008,0.008,linear_gap,0.9329523031752527,52.48615718186748,-42.874646285626994,95.36080346749448,True
dp=0.008,0.008,linear_gap,0.9329523031752536,48.12619864886377,-42.87464628562696,91.00084493449073,True
dp=0.008,0.008,linear_gap,0.9465727652959351,59.223814132143914,-42.25771273642598,101.48152686856989,True
dp=0.008,0.008,linear_gap,0.9465727652959351,59.22381413214393,-42.25771273642598,101.48152686856992,True
dp=0.008,0.008,linear_gap,0.9465727652959361,59.22381413214397,-42.25771273642594,101.48152686856992,True
dp=0.008,0.008,linear_gap,0.9465727652959361,59.22381413214398,-42.25771273642594,101.48152686856992,True
dp=0.008,0.008,linear_gap,0.9465727652959379,59.223814132143936,-42.25771273642585,101.48152686856979,True
dp=0.008,0.008,linear_gap,0.946572765295938,59.22381413214407,-42.25771273642585,101.48152686856992,True
dp=0.008,0.008,linear_gap,0.9465727652959389,59.22381413214401,-42.25771273642581,101.48152686856982,True
dp=0.008,0.008,linear_gap,0.9465727652959389,59.223814132144014,-42.25771273642581,101.48152686856983,True
dp=0.008,0.008,linear_gap,0.9465727652959399,59.22381413214413,-42.257712736425766,101.48152686856989,True
dp=0.008,0.008,linear_gap,0.9465727652959399,59.22381413214411,-42.257712736425766,101.48152686856989,True
dp=0.008,0.008,linear_gap,0.9465727652959407,59.22381413214404,-42.25771273642573,101.48152686856977,True
dp=0.008,0.008,linear_gap,0.9465727652959407,59.22381413214404,-42.25771273642573,101.48152686856977,True
dp=0.008,0.008,linear_gap,0.9465727652959427,59.22381413214416,-42.257712736425646,101.4815268685698,True
dp=0.008,0.008,linear_gap,0.9465727652959427,59.22381413214417,-42.257712736425646,101.48152686856982,True
dp=0.008,0.008,linear_gap,0.9465727652959436,59.22381413214422,-42.2577127364256,101.48152686856983,True
dp=0.008,0.008,linear_gap,0.9465727652959436,59.22381413214423,-42.2577127364256,101.48152686856983,True
dp=0.008,0.008,linear_gap,0.9599999999999962,62.91971812242028,-41.66666666666683,104.5863847890871,True
dp=0.008,0.008,linear_gap,0.9599999999999981,62.91971812242029,-41.66666666666675,104.58638478908705,True
dp=0.008,0.008,linear_gap,0.9599999999999981,63.941028598172025,-41.66666666666675,105.60769526483878,True
dp=0.008,0.008,linear_gap,0.9599999999999999,62.91971812242035,-41.66666666666667,104.58638478908702,True
dp=0.008,0.008,linear_gap,0.9599999999999999,62.91971812242035,-41.66666666666667,104.58638478908702,True
dp=0.008,0.008,linear_gap,0.9600000000000017,62.919718122420484,-41.666666666666586,104.58638478908708,True
dp=0.008,0.008,linear_gap,0.9600000000000017,62.91971812242047,-41.666666666666586,104.58638478908705,True
dp=0.008,0.008,linear_gap,0.9600000000000036,63.94102859817223,-41.66666666666651,105.60769526483874,True
dp=0.008,0.008,linear_gap,0.9600000000000037,62.91971812242067,-41.6666666666665,104.58638478908716,True
dp=0.008,0.008,linear_gap,0.9600000000000055,62.91971812242066,-41.66666666666642,104.58638478908708,True
dp=0.008,0.008,linear_gap,0.9732420048477128,68.2743449364234,-41.09974682633942,109.37409176276282,True
dp=0.008,0.008,linear_gap,0.9732420048477128,68.2743449364234,-41.09974682633942,109.37409176276282,True
dp=0.008,0.008,linear_gap,0.9732420048477137,68.27434493642333,-41.099746826339384,109.37409176276272,True
dp=0.008,0.008,linear_gap,0.9732420048477137,68.27434493642335,-41.099746826339384,109.37409176276273,True
dp=0.008,0.008,linear_gap,0.9732420048477183,68.27434493642352,-41.099746826339185,109.3740917627627,True
dp=0.008,0.008,linear_gap,0.9732420048477183,68.27434493642356,-41.099746826339185,109.37409176276275,True
dp=0.008,0.008,linear_gap,0.9732420048477192,68.27434493642349,-41.09974682633915,109.37409176276265,True
dp=0.008,0.008,linear_gap,0.9732420048477192,68.27434493642346,-41.09974682633915,109.37409176276262,True
dp=0.008,0.008,linear_gap,0.9863062404750326,73.42237982952187,-40.55535528269078,113.97773511221266,True
dp=0.008,0.008,linear_gap,0.9863062404750326,73.42237982952187,-40.55535528269078,113.97773511221266,True
dp=0.008,0.008,linear_gap,0.9863062404750336,72.53572279522132,-40.55535528269074,113.09107807791206,True
dp=0.008,0.008,linear_gap,0.9863062404750345,72.53572279522129,-40.555355282690705,113.09107807791199,True
dp=0.008,0.008,linear_gap,0.9863062404750345,73.42237982952189,-40.555355282690705,113.9777351122126,True
dp=0.008,0.008,linear_gap,0.9863062404750345,73.42237982952189,-40.555355282690705,113.9777351122126,True
dp=0.008,0.008,linear_gap,0.9863062404750345,73.42237982952189,-40.555355282690705,113.9777351122126,True
dp=0.008,0.008,linear_gap,0.9863062404750353,73.422379829522,-40.55535528269067,113.97773511221267,True
dp=0.008,0.008,linear_gap,0.9863062404750353,73.42237982952201,-40.55535528269067,113.97773511221268,True
dp=0.008,0.008,linear_gap,0.9863062404750353,72.53572279522139,-40.55535528269067,113.09107807791206,True
dp=0.008,0.008,linear_gap,0.986306240475037,73.42237982952194,-40.5553552826906,113.97773511221254,True
dp=0.008,0.008,linear_gap,0.986306240475037,73.4223798295219,-40.5553552826906,113.9777351122125,True
dp=0.008,0.008,linear_gap,0.986306240475037,73.42237982952196,-40.5553552826906,113.97773511221256,True
dp=0.008,0.008,linear_gap,0.986306240475037,73.4223798295219,-40.5553552826906,113.9777351122125,True
dp=0.008,0.008,linear_gap,0.9863062404750389,73.42237982952199,-40.55535528269053,113.97773511221251,True
dp=0.008,0.008,linear_gap,0.9863062404750389,73.42237982952201,-40.55535528269053,113.97773511221254,True
dp=0.008,0.008,linear_gap,0.986306240475039,72.53572279522149,-40.55535528269052,113.09107807791202,True
dp=0.008,0.008,linear_gap,0.9863062404750397,73.42237982952197,-40.55535528269049,113.97773511221246,True
dp=0.008,0.008,linear_gap,0.9863062404750397,73.42237982952196,-40.55535528269049,113.97773511221246,True
dp=0.008,0.008,linear_gap,0.9863062404750398,72.53572279522145,-40.555355282690485,113.09107807791193,True
dp=0.008,0.008,linear_gap,0.9863062404750398,72.53572279522145,-40.555355282690485,113.09107807791193,True
dp=0.008,0.008,linear_gap,0.9863062404750407,72.53572279522146,-40.55535528269045,113.0910780779119,True
dp=0.008,0.008,linear_gap,0.9863062404750417,73.42237982952213,-40.555355282690414,113.97773511221254,True
dp=0.008,0.008,linear_gap,0.9863062404750417,73.42237982952211,-40.555355282690414,113.97773511221253,True
dp=0.008,0.008,linear_gap,1.0119288512538787,79.66065184551046,-39.528470752104845,119.1891225976153,True
dp=0.008,0.008,linear_gap,1.0119288512538787,79.66065184551046,-39.528470752104845,119.1891225976153,True
dp=0.008,0.008,linear_gap,1.0119288512538804,79.66065184551059,-39.528470752104774,119.18912259761535,True
dp=0.008,0.008,linear_gap,1.0119288512538804,79.6606518455106,-39.528470752104774,119.18912259761538,True
dp=0.008,0.008,linear_gap,1.011928851253884,79.66065184551059,-39.52847075210464,119.18912259761522,True
dp=0.008,0.008,linear_gap,1.011928851253884,79.6606518455106,-39.52847075210464,119.18912259761524,True
dp=0.008,0.008,linear_gap,1.0119288512538858,79.66065184551074,-39.52847075210457,119.18912259761531,True
dp=0.008,0.008,linear_gap,1.0119288512538858,79.66065184551071,-39.52847075210457,119.18912259761528,True
dp=0.008,0.008,linear_gap,1.0244998779892518,80.87942416082373,-39.043440472151666,119.9228646329754,True
dp=0.008,0.008,linear_gap,1.0244998779892527,82.0971807794608,-39.04344047215163,121.14062125161243,True
dp=0.008,0.008,linear_gap,1.0244998779892527,80.1985228953512,-39.04344047215163,119.24196336750283,True
dp=0.008,0.008,linear_gap,1.0244998779892527,82.0971807794608,-39.04344047215163,121.14062125161243,True
dp=0.008,0.008,linear_gap,1.0244998779892527,80.19852289535119,-39.04344047215163,119.24196336750282,True
dp=0.008,0.008,linear_gap,1.0244998779892536,82.09718077946079,-39.0434404721516,121.14062125161239,True
dp=0.008,0.008,linear_gap,1.0244998779892536,82.09718077946079,-39.0434404721516,121.14062125161239,True
dp=0.008,0.008,linear_gap,1.0244998779892545,82.09718077946079,-39.043440472151566,121.14062125161234,True
dp=0.008,0.008,linear_gap,1.0244998779892545,82.0971807794609,-39.04344047215156,121.14062125161246,True
dp=0.008,0.008,linear_gap,1.0244998779892545,82.0971807794609,-39.04344047215156,121.14062125161246,True
dp=0.008,0.008,linear_gap,1.0244998779892553,82.09718077946093,-39.04344047215153,121.14062125161246,True
dp=0.008,0.008,linear_gap,1.0244998779892553,82.09718077946093,-39.04344047215153,121.14062125161246,True
dp=0.008,0.008,linear_gap,1.0244998779892553,80.87942416082383,-39.04344047215153,119.92286463297536,True
dp=0.008,0.008,linear_gap,1.0244998779892553,82.09718077946093,-39.04344047215153,121.14062125161246,True
dp=0.008,0.008,linear_gap,1.0244998779892562,80.19852289535125,-39.043440472151495,119.24196336750273,True
dp=0.008,0.008,linear_gap,1.0244998779892562,80.19852289535123,-39.043440472151495,119.24196336750273,True
dp=0.008,0.008,linear_gap,1.0244998779892571,80.19852289535129,-39.04344047215147,119.24196336750276,True
dp=0.008,0.008,linear_gap,1.0244998779892571,80.19852289535129,-39.04344047215147,119.24196336750276,True
dp=0.008,0.008,linear_gap,1.024499877989258,82.09718077946094,-39.04344047215143,121.14062125161237,True
dp=0.008,0.008,linear_gap,1.024499877989258,82.09718077946094,-39.04344047215143,121.14062125161237,True
dp=0.008,0.008,linear_gap,1.024499877989258,82.09718077946094,-39.04344047215143,121.14062125161237,True
dp=0.008,0.008,linear_gap,1.024499877989258,80.87942416082389,-39.04344047215143,119.92286463297532,True
dp=0.008,0.008,linear_gap,1.024499877989259,80.87942416082392,-39.043440472151396,119.92286463297532,True
dp=0.008,0.008,linear_gap,1.024499877989259,82.09718077946097,-39.043440472151396,121.14062125161237,True
dp=0.008,0.008,linear_gap,1.024499877989259,80.87942416082392,-39.043440472151396,119.92286463297532,True
dp=0.008,0.008,linear_gap,1.0244998779892596,82.097180779461,-39.04344047215137,121.14062125161237,True
dp=0.008,0.008,linear_gap,1.0244998779892596,82.09718077946101,-39.04344047215137,121.14062125161237,True
dp=0.008,0.008,linear_gap,1.0244998779892605,80.19852289535133,-39.04344047215133,119.24196336750266,True
dp=0.008,0.008,linear_gap,1.0244998779892605,82.097180779461,-39.04344047215133,121.14062125161233,True
dp=0.008,0.008,linear_gap,1.0244998779892605,80.19852289535135,-39.04344047215133,119.24196336750268,True
dp=0.008,0.008,linear_gap,1.0244998779892605,82.097180779461,-39.04344047215133,121.14062125161233,True
dp=0.008,0.008,linear_gap,1.0244998779892616,80.87942416082397,-39.043440472151296,119.92286463297526,True
dp=0.008,0.008,linear_gap,1.0369185117452544,82.74362645569357,-38.5758374905231,121.31946394621667,True
dp=0.008,0.008,linear_gap,1.0369185117452544,82.74362645569356,-38.5758374905231,121.31946394621666,True
dp=0.008,0.008,linear_gap,1.036918511745255,82.74362645569359,-38.57583749052307,121.31946394621666,True
dp=0.008,0.008,linear_gap,1.036918511745255,82.74362645569359,-38.57583749052307,121.31946394621666,True
dp=0.008,0.008,linear_gap,1.0369185117452577,82.74362645569354,-38.57583749052298,121.31946394621653,True
dp=0.008,0.008,linear_gap,1.0369185117452577,82.74362645569363,-38.57583749052297,121.3194639462166,True
dp=0.008,0.008,linear_gap,1.0369185117452584,82.7436264556936,-38.57583749052294,121.31946394621654,True
dp=0.008,0.008,linear_gap,1.0369185117452586,82.74362645569367,-38.575837490522936,121.31946394621662,True
dp=0.008,0.008,linear_gap,1.0369185117452586,82.74362645569366,-38.575837490522936,121.31946394621659,True
dp=0.008,0.008,linear_gap,1.0369185117452586,82.74362645569369,-38.575837490522936,121.31946394621662,True
dp=0.008,0.008,linear_gap,1.0369185117452595,82.74362645569373,-38.57583749052291,121.31946394621664,True
dp=0.008,0.008,linear_gap,1.0369185117452595,82.74362645569373,-38.57583749052291,121.31946394621664,True
dp=0.008,0.008,linear_gap,1.036918511745262,82.74362645569369,-38.575837490522815,121.3194639462165,True
dp=0.008,0.008,linear_gap,1.036918511745262,82.74362645569367,-38.575837490522815,121.31946394621649,True
dp=0.008,0.008,linear_gap,1.0369185117452628,82.7436264556937,-38.57583749052279,121.31946394621649,True
dp=0.008,0.008,linear_gap,1.0369185117452628,82.7436264556937,-38.57583749052279,121.31946394621649,True
dp=0.008,0.008,linear_gap,1.0491901638883163,84.11241361710483,-38.1246425831513,122.23705620025613,True
dp=0.008,0.008,linear_gap,1.049190163888319,84.11241361710496,-38.12464258315121,122.23705620025618,True
dp=0.008,0.008,linear_gap,1.049190163888319,84.11241361710496,-38.12464258315121,122.23705620025618,True
dp=0.008,0.008,linear_gap,1.0491901638883205,84.112413617105,-38.12464258315114,122.23705620025615,True
dp=0.008,0.008,linear_gap,1.0491901638883214,84.11241361710495,-38.124642583151115,122.23705620025606,True
dp=0.008,0.008,linear_gap,1.049190163888323,84.1124136171049,-38.12464258315106,122.23705620025596,True
dp=0.008,0.008,linear_gap,1.0491901638883232,84.112413617105,-38.12464258315106,122.23705620025606,True
dp=0.008,0.008,linear_gap,1.0491901638883256,84.11241361710509,-38.12464258315096,122.23705620025605,True
dp=0.008,0.008,smooth_quartic,4.80740671595891e-15,-4524.94817235337,-4799.999999999999,275.05182764662914,True
dp=0.008,0.008,smooth_quartic,0.15999999999999737,-4320.588689306842,-4595.200000000006,274.61131069316434,True
dp=0.008,0.008,smooth_quartic,0.16000000000000292,-4320.5886893068255,-4595.199999999992,274.61131069316616,True
dp=0.008,0.008,smooth_quartic,0.2262741699796915,-4116.229206260313,-4390.400000000012,274.17079373969955,True
dp=0.008,0.008,smooth_quartic,0.2262741699796954,-4116.229206260296,-4390.399999999999,274.1707937397023,True
dp=0.008,0.008,smooth_quartic,0.2262741699796954,-4116.229206260296,-4390.399999999999,274.1707937397023,True
dp=0.008,0.008,smooth_quartic,0.22627416997969932,-4116.229206260283,-4390.399999999984,274.17079373970137,True
dp=0.008,0.008,smooth_quartic,0.27712812921101904,-3911.8697232137706,-4185.600000000005,273.7302767862343,True
dp=0.008,0.008,smooth_quartic,0.2771281292110222,-3911.869723213762,-4185.599999999991,273.7302767862293,True
dp=0.008,0.008,smooth_quartic,0.3199999999999975,-3707.510240167246,-3980.800000000012,273.28975983276587,True
dp=0.008,0.008,smooth_quartic,0.32000000000000306,-3707.5102401672157,-3980.7999999999834,273.2897598327677,True
dp=0.008,0.008,smooth_quartic,0.3577708763999629,-3503.1507571207176,-3776.000000000019,272.8492428793015,True
dp=0.008,0.008,smooth_quartic,0.3577708763999629,-3503.1507571207176,-3776.000000000019,272.8492428793015,True
dp=0.008,0.008,smooth_quartic,0.3577708763999654,-3503.150757120702,-3776.0000000000045,272.84924287930244,True
dp=0.008,0.008,smooth_quartic,0.3577708763999654,-3503.150757120702,-3776.0000000000045,272.84924287930244,True
dp=0.008,0.008,smooth_quartic,0.3577708763999679,-3503.1507571206885,-3775.9999999999905,272.849242879302,True
dp=0.008,0.008,smooth_quartic,0.3577708763999679,-3503.150757120689,-3775.9999999999905,272.8492428793015,True
dp=0.008,0.008,smooth_quartic,0.3577708763999704,-3503.150757120674,-3775.9999999999764,272.84924287930244,True
dp=0.008,0.008,smooth_quartic,0.3577708763999704,-3503.150757120674,-3775.9999999999764,272.84924287930244,True
dp=0.008,0.008,smooth_quartic,0.3919183588453043,-3298.7912740741876,-3571.2000000000257,272.4087259258381,True
dp=0.008,0.008,smooth_quartic,0.39191835884530657,-3298.791274074174,-3571.200000000011,272.4087259258372,True
dp=0.008,0.008,smooth_quartic,0.39191835884530657,-3298.791274074174,-3571.200000000011,272.4087259258372,True
dp=0.008,0.008,smooth_quartic,0.3919183588453088,-3298.791274074167,-3571.199999999997,272.4087259258299,True
dp=0.008,0.008,smooth_quartic,0.3919183588453088,-3298.7912740741676,-3571.199999999997,272.40872592582946,True
dp=0.008,0.008,smooth_quartic,0.39191835884531107,-3298.79127407415,-3571.199999999983,272.4087259258331,True
dp=0.008,0.008,smooth_quartic,0.39191835884531107,-3298.79127407415,-3571.199999999983,272.4087259258331,True
dp=0.008,0.008,smooth_quartic,0.39191835884531334,-3298.791274074135,-3571.199999999969,272.408725925834,True
dp=0.008,0.008,smooth_quartic,0.4525483399593869,-2890.072307981116,-3161.6000000000245,271.5276920189085,True
dp=0.008,0.008,smooth_quartic,0.4525483399593908,-2890.072307981095,-3161.5999999999963,271.52769201890123,True
dp=0.008,0.008,smooth_quartic,0.4525483399593908,-2890.072307981095,-3161.5999999999963,271.52769201890123,True
dp=0.008,0.008,smooth_quartic,0.45254833995939475,-2890.072307981066,-3161.5999999999676,271.5276920189017,True
dp=0.008,0.008,smooth_quartic,0.47999999999999576,-2685.7128249345938,-2956.800000000032,271.08717506543826,True
dp=0.008,0.008,smooth_quartic,0.47999999999999765,-2685.7128249345787,-2956.8000000000175,271.0871750654387,True
dp=0.008,0.008,smooth_quartic,0.47999999999999765,-2685.712824934578,-2956.8000000000175,271.0871750654396,True
dp=0.008,0.008,smooth_quartic,0.4799999999999995,-2685.7128249345624,-2956.800000000003,271.08717506544053,True
dp=0.008,0.008,smooth_quartic,0.4799999999999995,-2685.7128249345624,-2956.800000000003,271.08717506544053,True
dp=0.008,0.008,smooth_quartic,0.4800000000000013,-2685.712824934551,-2956.7999999999893,271.08717506543826,True
dp=0.008,0.008,smooth_quartic,0.4800000000000013,-2685.712824934551,-2956.7999999999893,271.08717506543826,True
dp=0.008,0.008,smooth_quartic,0.4800000000000032,-2685.712824934535,-2956.7999999999747,271.0871750654396,True
dp=0.008,0.008,smooth_quartic,0.4800000000000032,-2685.712824934536,-2956.7999999999747,271.0871750654387,True
dp=0.008,0.008,smooth_quartic,0.48000000000000503,-2685.7128249345224,-2956.79999999996,271.0871750654378,True
dp=0.008,0.008,smooth_quartic,0.5059644256269377,-2481.353341888049,-2752.000000000024,270.6466581119753,True
dp=0.008,0.008,smooth_quartic,0.5059644256269377,-2481.3533418880484,-2752.000000000024,270.64665811197574,True
dp=0.008,0.008,smooth_quartic,0.5059644256269393,-2481.353341888037,-2752.00000000001,270.646658111973,True
dp=0.008,0.008,smooth_quartic,0.5059644256269393,-2481.3533418880374,-2752.00000000001,270.64665811197256,True
dp=0.008,0.008,smooth_quartic,0.5059644256269429,-2481.3533418880083,-2751.9999999999814,270.646658111973,True
dp=0.008,0.008,smooth_quartic,0.5059644256269429,-2481.353341888008,-2751.9999999999814,270.64665811197347,True
dp=0.008,0.008,smooth_quartic,0.5059644256269447,-2481.353341887993,-2751.9999999999673,270.6466581119744,True
dp=0.008,0.008,smooth_quartic,0.5059644256269447,-2481.3533418879933,-2751.9999999999673,270.6466581119739,True
dp=0.008,0.008,smooth_quartic,0.5306599664568602,-2276.151182311951,-2547.200000000031,271.04881768808036,True
dp=0.008,0.008,smooth_quartic,0.5306599664568619,-2276.151182311937,-2547.200000000017,271.0488176880799,True
dp=0.008,0.008,smooth_quartic,0.5306599664568619,-2276.151182311937,-2547.200000000017,271.0488176880799,True
dp=0.008,0.008,smooth_quartic,0.5306599664568636,-2276.151182311919,-2547.2000000000025,271.04881768808355,True
dp=0.008,0.008,smooth_quartic,0.5306599664568653,-2276.1511823119054,-2547.1999999999884,271.0488176880831,True
dp=0.008,0.008,smooth_quartic,0.530659966456867,-2276.1511823118917,-2547.1999999999744,271.04881768808264,True
dp=0.008,0.008,smooth_quartic,0.530659966456867,-2276.1511823118917,-2547.1999999999744,271.04881768808264,True
dp=0.008,0.008,smooth_quartic,0.5306599664568686,-2276.1511823118763,-2547.19999999996,271.04881768808355,True
dp=0.008,0.008,smooth_quartic,0.5542562584220364,-2072.554905823889,-2342.4000000000374,269.84509417614845,True
dp=0.008,0.008,smooth_quartic,0.5542562584220396,-2072.55490582386,-2342.400000000009,269.84509417614936,True
dp=0.008,0.008,smooth_quartic,0.5542562584220428,-2072.5549058238303,-2342.399999999981,269.8450941761507,True
dp=0.008,0.008,smooth_quartic,0.5768882040742349,-1864.1032231299564,-2137.60000000003,273.4967768700735,True
dp=0.008,0.008,smooth_quartic,0.5768882040742349,-1864.103223129956,-2137.60000000003,273.496776870074,True
dp=0.008,0.008,smooth_quartic,0.576888204074238,-1864.1032231299234,-2137.600000000002,273.49677687007875,True
dp=0.008,0.008,smooth_quartic,0.576888204074238,-1864.1032231299232,-2137.600000000002,273.496776870079,True
dp=0.008,0.008,smooth_quartic,0.5768882040742396,-1864.1032231299116,-2137.5999999999876,273.496776870076,True
dp=0.008,0.008,smooth_quartic,0.5768882040742396,-1864.1032231299114,-2137.5999999999876,273.49677687007625,True
dp=0.008,0.008,smooth_quartic,0.5768882040742427,-1864.1032231298811,-2137.5999999999585,273.4967768700774,True
dp=0.008,0.008,smooth_quartic,0.5768882040742427,-1864.1032231298814,-2137.5999999999585,273.49677687007716,True
dp=0.008,0.008,smooth_quartic,0.5986651818838267,-1650.9275428444255,-1932.800000000037,281.8724571556115,True
dp=0.008,0.008,smooth_quartic,0.5986651818838267,-1650.9275428444248,-1932.800000000037,281.8724571556122,True
dp=0.008,0.008,smooth_quartic,0.5986651818838281,-1650.9275428444157,-1932.8000000000234,281.87245715560766,True
dp=0.008,0.008,smooth_quartic,0.5986651818838281,-1650.9275428444166,-1932.8000000000234,281.87245715560675,True
dp=0.008,0.008,smooth_quartic,0.5986651818838297,-1650.927542844397,-1932.8000000000084,281.8724571556113,True
dp=0.008,0.008,smooth_quartic,0.5986651818838297,-1650.9275428443966,-1932.8000000000084,281.87245715561176,True
dp=0.008,0.008,smooth_quartic,0.5986651818838311,-1650.927542844383,-1932.7999999999943,281.8724571556113,True
dp=0.008,0.008,smooth_quartic,0.5986651818838311,-1650.927542844383,-1932.7999999999943,281.8724571556113,True
dp=0.008,0.008,smooth_quartic,0.5986651818838311,-1650.927542844383,-1932.7999999999943,281.8724571556113,True
dp=0.008,0.008,smooth_quartic,0.5986651818838311,-1650.9275428443827,-1932.7999999999943,281.8724571556115,True
dp=0.008,0.008,smooth_quartic,0.5986651818838327,-1650.9275428443648,-1932.7999999999797,281.87245715561494,True
dp=0.008,0.008,smooth_quartic,0.5986651818838327,-1650.9275428443643,-1932.7999999999797,281.8724571556154,True
dp=0.008,0.008,smooth_quartic,0.5986651818838341,-1650.9275428443557,-1932.799999999966,281.8724571556104,True
dp=0.008,0.008,smooth_quartic,0.5986651818838341,-1650.9275428443557,-1932.799999999966,281.8724571556104,True
dp=0.008,0.008,smooth_quartic,0.5986651818838356,-1650.9275428443445,-1932.799999999952,281.87245715560744,True
dp=0.008,0.008,smooth_quartic,0.5986651818838356,-1650.9275428443445,-1932.799999999952,281.87245715560744,True
dp=0.008,0.008,smooth_quartic,0.6399999999999978,-1241.9782968704185,-1523.200000000022,281.2217031296036,True
dp=0.008,0.008,smooth_quartic,0.6400000000000033,-1241.978296870364,-1523.1999999999648,281.2217031296009,True
dp=0.008,0.008,smooth_quartic,0.6596969000988215,-1004.9776700342804,-1318.4000000000428,313.4223299657624,True
dp=0.008,0.008,smooth_quartic,0.6596969000988229,-1010.9777030735484,-1318.4000000000296,307.4222969264813,True
dp=0.008,0.008,smooth_quartic,0.6596969000988229,-1010.9777030735481,-1318.4000000000296,307.4222969264815,True
dp=0.008,0.008,smooth_quartic,0.6596969000988242,-1004.9776700342532,-1318.400000000015,313.42232996576195,True
dp=0.008,0.008,smooth_quartic,0.6596969000988242,-1004.9776700342527,-1318.400000000015,313.4223299657624,True
dp=0.008,0.008,smooth_quartic,0.6596969000988242,-1004.9776700342525,-1318.400000000015,313.42232996576263,True
dp=0.008,0.008,smooth_quartic,0.6596969000988242,-1010.9777030735343,-1318.400000000015,307.42229692648084,True
dp=0.008,0.008,smooth_quartic,0.6596969000988256,-1004.977670034235,-1318.4000000000005,313.4223299657656,True
dp=0.008,0.008,smooth_quartic,0.659696900098827,-1004.9776700342213,-1318.399999999986,313.4223299657647,True
dp=0.008,0.008,smooth_quartic,0.6596969000988282,-1010.9777030734924,-1318.3999999999728,307.4222969264804,True
dp=0.008,0.008,smooth_quartic,0.6596969000988282,-1004.9776700342118,-1318.3999999999728,313.42232996576104,True
dp=0.008,0.008,smooth_quartic,0.6596969000988282,-1010.9777030734931,-1318.3999999999728,307.4222969264797,True
dp=0.008,0.008,smooth_quartic,0.6596969000988282,-1004.9776700342118,-1318.3999999999728,313.42232996576104,True
dp=0.008,0.008,smooth_quartic,0.6596969000988296,-1010.9777030734792,-1318.3999999999573,307.4222969264781,True
dp=0.008,0.008,smooth_quartic,0.6596969000988296,-1010.9777030734792,-1318.3999999999573,307.4222969264781,True
dp=0.008,0.008,smooth_quartic,0.659696900098831,-1004.9776700341836,-1318.3999999999428,313.4223299657592,True
dp=0.008,0.008,smooth_quartic,0.6788225099390822,-772.3926871912417,-1113.6000000000367,341.207312808795,True
dp=0.008,0.008,smooth_quartic,0.6788225099390822,-797.4177601433732,-1113.6000000000367,316.1822398566635,True
dp=0.008,0.008,smooth_quartic,0.6788225099390836,-772.3926871912267,-1113.6000000000213,341.20731280879454,True
dp=0.008,0.008,smooth_quartic,0.6788225099390836,-772.3926871912267,-1113.6000000000213,341.20731280879454,True
dp=0.008,0.008,smooth_quartic,0.678822509939085,-772.3926871912076,-1113.6000000000067,341.2073128087991,True
dp=0.008,0.008,smooth_quartic,0.6788225099390862,-797.4177601433319,-1113.599999999993,316.1822398566612,True
dp=0.008,0.008,smooth_quartic,0.6788225099390862,-797.4177601433323,-1113.599999999993,316.1822398566608,True
dp=0.008,0.008,smooth_quartic,0.6788225099390874,-772.3926871911885,-1113.599999999979,341.20731280879045,True
dp=0.008,0.008,smooth_quartic,0.6788225099390889,-772.3926871911708,-1113.5999999999644,341.20731280879363,True
dp=0.008,0.008,smooth_quartic,0.6788225099390889,-772.3926871911708,-1113.5999999999644,341.20731280879363,True
dp=0.008,0.008,smooth_quartic,0.6788225099390901,-797.417760143293,-1113.5999999999503,316.18223985665736,True
dp=0.008,0.008,smooth_quartic,0.6788225099390902,-772.3926871911585,-1113.599999999949,341.20731280879045,True
dp=0.008,0.008,smooth_quartic,0.6974238309665038,-554.6830058831019,-908.8000000000434,354.11699411694144,True
dp=0.008,0.008,smooth_quartic,0.6974238309665051,-554.6830058830942,-908.8000000000297,354.11699411693553,True
dp=0.008,0.008,smooth_quartic,0.6974238309665077,-554.6830058830619,-908.7999999999997,354.1169941169378,True
dp=0.008,0.008,smooth_quartic,0.6974238309665077,-554.6830058830615,-908.7999999999997,354.11699411693826,True
dp=0.008,0.008,smooth_quartic,0.697423830966509,-554.6830058830483,-908.7999999999856,354.11699411693735,True
dp=0.008,0.008,smooth_quartic,0.697423830966509,-554.6830058830478,-908.7999999999856,354.1169941169378,True
dp=0.008,0.008,smooth_quartic,0.6974238309665116,-554.6830058830174,-908.7999999999561,354.1169941169387,True
dp=0.008,0.008,smooth_quartic,0.6974238309665128,-554.6830058830074,-908.7999999999429,354.11699411693553,True
dp=0.008,0.008,smooth_quartic,0.7155417527999297,-309.47279055352783,-704.0000000000341,394.5272094465063,True
dp=0.008,0.008,smooth_quartic,0.7155417527999297,-309.4727905535283,-704.0000000000341,394.5272094465058,True
dp=0.008,0.008,smooth_quartic,0.715541752799932,-309.4727905535101,-704.0000000000068,394.5272094464967,True
dp=0.008,0.008,smooth_quartic,0.715541752799932,-309.4727905535101,-704.0000000000068,394.5272094464967,True
dp=0.008,0.008,smooth_quartic,0.7155417527999345,-309.47279055348554,-703.9999999999782,394.52720944649263,True
dp=0.008,0.008,smooth_quartic,0.7155417527999345,-309.472790553486,-703.9999999999782,394.5272094464922,True
dp=0.008,0.008,smooth_quartic,0.715541752799937,-309.4727905534578,-703.99999999995,394.5272094464922,True
dp=0.008,0.008,smooth_quartic,0.715541752799937,-309.47279055345734,-703.99999999995,394.52720944649263,True
dp=0.008,0.008,smooth_quartic,0.7332121111929308,-77.09398599275801,-499.20000000004075,422.10601400728274,True
dp=0.008,0.008,smooth_quartic,0.7332121111929308,-77.09398599275846,-499.20000000004075,422.1060140072823,True
dp=0.008,0.008,smooth_quartic,0.7332121111929321,-77.09398599274664,-499.2000000000262,422.10601400727955,True
dp=0.008,0.008,smooth_quartic,0.7332121111929321,-77.0939859927471,-499.2000000000262,422.1060140072791,True
dp=0.008,0.008,smooth_quartic,0.7332121111929332,-77.09398599273891,-499.20000000001437,422.10601400727546,True
dp=0.008,0.008,smooth_quartic,0.7332121111929332,-77.09398599273891,-499.20000000001437,422.10601400727546,True
dp=0.008,0.008,smooth_quartic,0.7332121111929344,-77.09398599272663,-499.1999999999989,422.1060140072723,True
dp=0.008,0.008,smooth_quartic,0.7332121111929344,-77.09398599272708,-499.1999999999989,422.1060140072718,True
dp=0.008,0.008,smooth_quartic,0.7332121111929357,-77.09398599270935,-499.19999999998436,422.106014007275,True
dp=0.008,0.008,smooth_quartic,0.7332121111929357,-77.0939859927098,-499.19999999998436,422.10601400727455,True
dp=0.008,0.008,smooth_quartic,0.7332121111929369,-77.09398599269798,-499.1999999999698,422.1060140072718,True
dp=0.008,0.008,smooth_quartic,0.7332121111929369,-77.09398599269844,-499.1999999999698,422.10601400727137,True
dp=0.008,0.008,smooth_quartic,0.733212111192938,-77.09398599268889,-499.19999999995616,422.1060140072673,True
dp=0.008,0.008,smooth_quartic,0.733212111192938,-77.09398599268934,-499.19999999995616,422.1060140072668,True
dp=0.008,0.008,smooth_quartic,0.7332121111929393,-77.09398599267752,-499.1999999999416,422.1060140072641,True
dp=0.008,0.008,smooth_quartic,0.7332121111929393,-77.09398599267706,-499.1999999999416,422.10601400726455,True
dp=0.008,0.008,smooth_quartic,0.7504665215717446,100.14137960919106,-294.40000000004784,394.5413796092389,True
dp=0.008,0.008,smooth_quartic,0.7504665215717471,100.14137960921698,-294.40000000001874,394.5413796092357,True
dp=0.008,0.008,smooth_quartic,0.7504665215717482,100.14137960922517,-294.400000000006,394.54137960923117,True
dp=0.008,0.008,smooth_quartic,0.7504665215717482,100.14137960922517,-294.400000000006,394.54137960923117,True
dp=0.008,0.008,smooth_quartic,0.7504665215717505,100.14137960924381,-294.3999999999778,394.5413796092216,True
dp=0.008,0.008,smooth_quartic,0.7504665215717505,100.14137960924381,-294.3999999999778,394.5413796092216,True
dp=0.008,0.008,smooth_quartic,0.7504665215717518,100.14137960925837,-294.39999999996326,394.5413796092216,True
dp=0.008,0.008,smooth_quartic,0.7504665215717541,100.14137960927974,-294.39999999993506,394.5413796092148,True
dp=0.008,0.008,smooth_quartic,0.7838367176906131,540.569847513337,115.19999999995252,425.36984751338446,True
dp=0.008,0.008,smooth_quartic,0.7838367176906154,540.5698475133527,115.19999999997981,425.36984751337286,True
dp=0.008,0.008,smooth_quartic,0.7838367176906154,540.5698475133524,115.19999999997981,425.36984751337263,True
dp=0.008,0.008,smooth_quartic,0.7838367176906177,540.5698475133734,115.20000000000891,425.36984751336445,True
dp=0.008,0.008,smooth_quartic,0.7838367176906177,540.5698475133729,115.20000000000891,425.369847513364,True
dp=0.008,0.008,smooth_quartic,0.7838367176906199,540.569847513392,115.20000000003711,425.3698475133549,True
dp=0.008,0.008,smooth_quartic,0.7838367176906199,540.5698475133922,115.20000000003711,425.3698475133551,True
dp=0.008,0.008,smooth_quartic,0.7838367176906222,540.5698475134145,115.20000000006712,425.3698475133474,True
dp=0.008,0.008,smooth_quartic,0.7999999999999968,691.997383835185,319.9999999999591,371.99738383522595,True
dp=0.008,0.008,smooth_quartic,0.7999999999999968,691.997383835185,319.9999999999591,371.99738383522595,True
dp=0.008,0.008,smooth_quartic,0.7999999999999979,653.376628836327,319.9999999999736,333.37662883635335,True
dp=0.008,0.008,smooth_quartic,0.8000000000000002,691.9973838352107,320.00000000000273,371.997383835208,True
dp=0.008,0.008,smooth_quartic,0.8000000000000002,691.9973838352109,320.00000000000273,371.9973838352082,True
dp=0.008,0.008,smooth_quartic,0.8000000000000013,691.9973838352191,320.00000000001546,371.99738383520366,True
dp=0.008,0.008,smooth_quartic,0.8000000000000013,691.9973838352194,320.00000000001546,371.9973838352039,True
dp=0.008,0.008,smooth_quartic,0.8000000000000035,653.3766288363717,320.00000000004457,333.3766288363271,True
dp=0.008,0.008,smooth_quartic,0.8000000000000046,691.9973838352462,320.0000000000591,371.99738383518707,True
dp=0.008,0.008,smooth_quartic,0.8000000000000046,691.9973838352462,320.0000000000591,371.99738383518707,True
dp=0.008,0.008,smooth_quartic,0.8158431221748419,875.4898778743674,524.799999999952,350.6898778744154,True
dp=0.008,0.008,smooth_quartic,0.815843122174842,875.4898778743717,524.7999999999538,350.6898778744179,True
dp=0.008,0.008,smooth_quartic,0.815843122174843,875.4898778743769,524.7999999999665,350.6898778744104,True
dp=0.008,0.008,smooth_quartic,0.815843122174843,840.1279533418896,524.7999999999665,315.32795334192303,True
dp=0.008,0.008,smooth_quartic,0.815843122174843,875.4898778743769,524.7999999999665,350.6898778744104,True
dp=0.008,0.008,smooth_quartic,0.815843122174843,840.1279533418895,524.7999999999665,315.3279533419229,True
dp=0.008,0.008,smooth_quartic,0.8158431221748441,840.1279533418972,524.7999999999802,315.327953341917,True
dp=0.008,0.008,smooth_quartic,0.8158431221748441,840.1279533418973,524.7999999999802,315.3279533419171,True
dp=0.008,0.008,smooth_quartic,0.8158431221748452,875.489877874392,524.7999999999947,350.6898778743973,True
dp=0.008,0.008,smooth_quartic,0.8158431221748452,875.4898778743923,524.7999999999947,350.68987787439755,True
dp=0.008,0.008,smooth_quartic,0.8158431221748463,875.489877874399,524.8000000000093,350.6898778743897,True
dp=0.008,0.008,smooth_quartic,0.8158431221748463,875.4898778743991,524.8000000000093,350.6898778743898,True
dp=0.008,0.008,smooth_quartic,0.8158431221748463,875.4898778743985,524.8000000000093,350.68987787438925,True
dp=0.008,0.008,smooth_quartic,0.8158431221748463,875.4898778743991,524.8000000000093,350.6898778743898,True
dp=0.008,0.008,smooth_quartic,0.8158431221748474,875.4898778744086,524.8000000000247,350.6898778743839,True
dp=0.008,0.008,smooth_quartic,0.8158431221748474,875.4898778744083,524.8000000000247,350.68987787438357,True
dp=0.008,0.008,smooth_quartic,0.8158431221748483,840.127953341924,524.8000000000375,315.32795334188654,True
dp=0.008,0.008,smooth_quartic,0.8158431221748483,840.1279533419241,524.8000000000375,315.32795334188665,True
dp=0.008,0.008,smooth_quartic,0.8158431221748494,875.4898778744171,524.800000000052,350.68987787436504,True
dp=0.008,0.008,smooth_quartic,0.8158431221748494,840.1279533419321,524.800000000052,315.32795334188006,True
dp=0.008,0.008,smooth_quartic,0.8158431221748494,875.4898778744172,524.800000000052,350.68987787436515,True
dp=0.008,0.008,smooth_quartic,0.8158431221748494,840.1279533419314,524.800000000052,315.3279533418794,True
dp=0.008,0.008,smooth_quartic,0.8158431221748506,875.4898778744249,524.8000000000657,350.68987787435924,True
dp=0.008,0.008,smooth_quartic,0.8158431221748506,875.4898778744248,524.8000000000657,350.6898778743591,True
dp=0.008,0.008,smooth_quartic,0.8313843876330581,1006.618696900211,729.5999999999613,277.0186969002498,True
dp=0.008,0.008,smooth_quartic,0.8313843876330592,1006.6186969002179,729.5999999999758,277.01869690024205,True
dp=0.008,0.008,smooth_quartic,0.8313843876330592,1006.618696900218,729.5999999999758,277.01869690024216,True
dp=0.008,0.008,smooth_quartic,0.8313843876330602,992.4416748733197,729.5999999999885,262.84167487333116,True
dp=0.008,0.008,smooth_quartic,0.8313843876330602,992.4416748733197,729.5999999999885,262.84167487333116,True
dp=0.008,0.008,smooth_quartic,0.8313843876330634,992.4416748733415,729.6000000000313,262.84167487331024,True
dp=0.008,0.008,smooth_quartic,0.8313843876330634,992.4416748733418,729.6000000000313,262.84167487331047,True
dp=0.008,0.008,smooth_quartic,0.8313843876330645,1006.61869690025,729.6000000000458,277.0186969002042,True
dp=0.008,0.008,smooth_quartic,0.8313843876330645,1006.6186969002503,729.6000000000458,277.0186969002044,True
dp=0.008,0.008,smooth_quartic,0.8313843876330654,1006.6186969002526,729.6000000000586,277.0186969001941,True
dp=0.008,0.008,smooth_quartic,0.8313843876330665,992.4416748733595,729.6000000000731,262.84167487328637,True
dp=0.008,0.008,smooth_quartic,0.8616263691415168,1252.1911936873316,1139.199999999948,112.99119368738366,True
dp=0.008,0.008,smooth_quartic,0.8616263691415168,1252.1911936873314,1139.199999999948,112.99119368738343,True
dp=0.008,0.008,smooth_quartic,0.8616263691415178,1257.209222359987,1139.1999999999607,118.00922236002634,True
dp=0.008,0.008,smooth_quartic,0.8616263691415178,1257.2092223599875,1139.1999999999607,118.0092223600268,True
dp=0.008,0.008,smooth_quartic,0.8616263691415188,1252.191193687338,1139.1999999999744,112.99119368736365,True
dp=0.008,0.008,smooth_quartic,0.8616263691415188,1252.1911936873378,1139.1999999999744,112.99119368736342,True
dp=0.008,0.008,smooth_quartic,0.8616263691415199,1252.1911936873437,1139.1999999999898,112.99119368735387,True
dp=0.008,0.008,smooth_quartic,0.8616263691415199,1252.191193687344,1139.1999999999898,112.9911936873541,True
dp=0.008,0.008,smooth_quartic,0.8616263691415199,1252.1911936873437,1139.1999999999898,112.99119368735387,True
dp=0.008,0.008,smooth_quartic,0.8616263691415199,1252.1911936873437,1139.1999999999898,112.99119368735387,True
dp=0.008,0.008,smooth_quartic,0.8616263691415208,1252.1911936873441,1139.2000000000035,112.99119368734068,True
dp=0.008,0.008,smooth_quartic,0.8616263691415208,1252.191193687344,1139.2000000000035,112.99119368734046,True
dp=0.008,0.008,smooth_quartic,0.8616263691415219,1252.1911936873503,1139.200000000019,112.99119368733136,True
dp=0.008,0.008,smooth_quartic,0.8616263691415219,1252.19119368735,1139.200000000019,112.99119368733113,True
dp=0.008,0.008,smooth_quartic,0.8616263691415229,1257.2092223600062,1139.2000000000317,118.0092223599745,True
dp=0.008,0.008,smooth_quartic,0.8616263691415229,1252.191193687354,1139.2000000000317,112.99119368732227,True
dp=0.008,0.008,smooth_quartic,0.8616263691415229,1252.1911936873535,1139.2000000000317,112.99119368732181,True
dp=0.008,0.008,smooth_quartic,0.8616263691415229,1257.2092223600062,1139.2000000000317,118.0092223599745,True
dp=0.008,0.008,smooth_quartic,0.861626369141524,1252.191193687359,1139.2000000000462,112.99119368731272,True
dp=0.008,0.008,smooth_quartic,0.861626369141524,1252.1911936873594,1139.2000000000462,112.99119368731317,True
dp=0.008,0.008,smooth_quartic,0.861626369141525,1257.2092223600139,1139.2000000000598,118.00922235995404,True
dp=0.008,0.008,smooth_quartic,0.861626369141525,1257.2092223600134,1139.2000000000598,118.00922235995358,True
dp=0.008,0.008,smooth_quartic,0.861626369141526,1252.1911936873662,1139.2000000000744,112.9911936872918,True
dp=0.008,0.008,smooth_quartic,0.861626369141526,1252.1911936873664,1139.2000000000744,112.99119368729203,True
dp=0.008,0.008,smooth_quartic,0.8763560920082625,1343.9157316551727,1343.9999999999536,-0.08426834478086676,True
dp=0.008,0.008,smooth_quartic,0.8763560920082625,1343.9157316551727,1343.9999999999536,-0.08426834478086676,True
dp=0.008,0.008,smooth_quartic,0.8763560920082636,1343.9157316551764,1343.999999999969,-0.08426834479269019,True
dp=0.008,0.008,smooth_quartic,0.8763560920082636,1343.9157316551764,1343.999999999969,-0.08426834479269019,True
dp=0.008,0.008,smooth_quartic,0.8763560920082645,1343.915731655176,1343.9999999999827,-0.08426834480678735,True
dp=0.008,0.008,smooth_quartic,0.8763560920082645,1343.9157316551762,1343.9999999999827,-0.08426834480655998,True
dp=0.008,0.008,smooth_quartic,0.8763560920082655,1343.915731655178,1343.9999999999964,-0.08426834481838341,True
dp=0.008,0.008,smooth_quartic,0.8763560920082655,1343.915731655178,1343.9999999999964,-0.08426834481838341,True
dp=0.008,0.008,smooth_quartic,0.8763560920082676,1343.915731655184,1344.0000000000255,-0.08426834484157553,True
dp=0.008,0.008,smooth_quartic,0.8763560920082676,1343.9157316551837,1344.0000000000255,-0.0842683448418029,True
dp=0.008,0.008,smooth_quartic,0.8763560920082686,1343.915731655186,1344.000000000039,-0.08426834485317158,True
dp=0.008,0.008,smooth_quartic,0.8763560920082686,1343.915731655186,1344.000000000039,-0.08426834485317158,True
dp=0.008,0.008,smooth_quartic,0.8763560920082695,1343.915731655186,1344.0000000000528,-0.084268344866814,True
dp=0.008,0.008,smooth_quartic,0.8763560920082695,1343.9157316551857,1344.0000000000528,-0.08426834486704138,True
dp=0.008,0.008,smooth_quartic,0.8763560920082706,1343.915731655191,1344.0000000000682,-0.0842683448772732,True
dp=0.008,0.008,smooth_quartic,0.8763560920082706,1343.915731655191,1344.0000000000682,-0.0842683448772732,True
dp=0.008,0.008,smooth_quartic,0.9050966799187777,1400.7092617366293,1753.599999999955,-352.8907382633256,True
dp=0.008,0.008,smooth_quartic,0.9050966799187816,1400.709261736633,1753.6000000000122,-352.89073826337926,True
dp=0.008,0.008,smooth_quartic,0.9050966799187816,1400.709261736633,1753.6000000000122,-352.89073826337926,True
dp=0.008,0.008,smooth_quartic,0.9050966799187855,1400.7092617366366,1753.6000000000677,-352.8907382634311,True
dp=0.008,0.008,smooth_quartic,0.919130023446081,1416.7354649010463,1958.3999999999478,-541.6645350989015,True
dp=0.008,0.008,smooth_quartic,0.9191300234460811,1416.7354649010488,1958.3999999999487,-541.6645350988999,True
dp=0.008,0.008,smooth_quartic,0.9191300234460821,1416.7354649010479,1958.3999999999633,-541.6645350989154,True
dp=0.008,0.008,smooth_quartic,0.9191300234460831,1428.8232753234406,1958.3999999999778,-529.5767246765372,True
dp=0.008,0.008,smooth_quartic,0.9191300234460831,1428.8232753234406,1958.3999999999778,-529.5767246765372,True
dp=0.008,0.008,smooth_quartic,0.919130023446085,1416.7354649010454,1958.400000000006,-541.6645350989606,True
dp=0.008,0.008,smooth_quartic,0.919130023446085,1416.7354649010456,1958.400000000006,-541.6645350989604,True
dp=0.008,0.008,smooth_quartic,0.919130023446085,1416.7354649010456,1958.400000000006,-541.6645350989604,True
dp=0.008,0.008,smooth_quartic,0.919130023446086,1416.7354649010454,1958.4000000000206,-541.6645350989752,True
dp=0.008,0.008,smooth_quartic,0.919130023446086,1428.823275323435,1958.4000000000206,-529.5767246765856,True
dp=0.008,0.008,smooth_quartic,0.919130023446086,1416.7354649010456,1958.4000000000206,-541.664535098975,True
dp=0.008,0.008,smooth_quartic,0.9191300234460877,1428.8232753234292,1958.400000000047,-529.5767246766177,True
dp=0.008,0.008,smooth_quartic,0.9191300234460877,1428.8232753234292,1958.400000000047,-529.5767246766177,True
dp=0.008,0.008,smooth_quartic,0.9191300234460889,1416.7354649010442,1958.4000000000633,-541.6645350990191,True
dp=0.008,0.008,smooth_quartic,0.9191300234460897,1428.8232753234267,1958.4000000000751,-529.5767246766484,True
dp=0.008,0.008,smooth_quartic,0.9191300234460898,1416.735464901043,1958.400000000077,-541.6645350990339,True
dp=0.008,0.008,smooth_quartic,0.9329523031752441,1397.8381986200402,2163.1999999999416,-765.3618013799014,True
dp=0.008,0.008,smooth_quartic,0.9329523031752451,1401.6423706787655,2163.199999999956,-761.5576293211907,True
dp=0.008,0.008,smooth_quartic,0.9329523031752451,1401.6423706787655,2163.199999999956,-761.5576293211907,True
dp=0.008,0.008,smooth_quartic,0.9329523031752469,1397.8381986200338,2163.1999999999825,-765.3618013799487,True
dp=0.008,0.008,smooth_quartic,0.932952303175247,1397.838198620035,2163.1999999999844,-765.3618013799494,True
dp=0.008,0.008,smooth_quartic,0.9329523031752479,1401.642370678758,2163.199999999997,-761.5576293212391,True
dp=0.008,0.008,smooth_quartic,0.9329523031752479,1401.642370678758,2163.199999999997,-761.5576293212391,True
dp=0.008,0.008,smooth_quartic,0.9329523031752479,1401.642370678758,2163.199999999997,-761.5576293212391,True
dp=0.008,0.008,smooth_quartic,0.9329523031752498,1401.6423706787516,2163.2000000000253,-761.5576293212737,True
dp=0.008,0.008,smooth_quartic,0.9329523031752498,1401.6423706787511,2163.2000000000253,-761.5576293212741,True
dp=0.008,0.008,smooth_quartic,0.9329523031752499,1397.8381986200297,2163.200000000029,-765.3618013799992,True
dp=0.008,0.008,smooth_quartic,0.9329523031752508,1397.8381986200266,2163.2000000000417,-765.3618013800151,True
dp=0.008,0.008,smooth_quartic,0.9329523031752508,1397.8381986200266,2163.2000000000417,-765.3618013800151,True
dp=0.008,0.008,smooth_quartic,0.9329523031752527,1401.642370678745,2163.20000000007,-761.5576293213248,True
dp=0.008,0.008,smooth_quartic,0.9329523031752527,1401.6423706787452,2163.20000000007,-761.5576293213246,True
dp=0.008,0.008,smooth_quartic,0.9329523031752536,1397.838198620021,2163.2000000000808,-765.3618013800597,True
dp=0.008,0.008,smooth_quartic,0.9465727652959351,1357.0933637657934,2367.99999999995,-1010.9066362341566,True
dp=0.008,0.008,smooth_quartic,0.9465727652959351,1357.0933637657936,2367.99999999995,-1010.9066362341564,True
dp=0.008,0.008,smooth_quartic,0.9465727652959361,1357.0933637657897,2367.9999999999627,-1010.906636234173,True
dp=0.008,0.008,smooth_quartic,0.9465727652959361,1357.0933637657897,2367.9999999999627,-1010.906636234173,True
dp=0.008,0.008,smooth_quartic,0.9465727652959379,1357.0933637657815,2367.999999999991,-1010.9066362342094,True
dp=0.008,0.008,smooth_quartic,0.946572765295938,1357.0933637657824,2367.9999999999936,-1010.9066362342112,True
dp=0.008,0.008,smooth_quartic,0.9465727652959389,1357.0933637657781,2368.0000000000064,-1010.9066362342282,True
dp=0.008,0.008,smooth_quartic,0.9465727652959389,1357.0933637657783,2368.0000000000064,-1010.906636234228,True
dp=0.008,0.008,smooth_quartic,0.9465727652959399,1357.0933637657743,2368.000000000019,-1010.9066362342448,True
dp=0.008,0.008,smooth_quartic,0.9465727652959399,1357.0933637657747,2368.000000000019,-1010.9066362342444,True
dp=0.008,0.008,smooth_quartic,0.9465727652959407,1357.0933637657693,2368.000000000032,-1010.9066362342626,True
dp=0.008,0.008,smooth_quartic,0.9465727652959407,1357.0933637657693,2368.000000000032,-1010.9066362342626,True
dp=0.008,0.008,smooth_quartic,0.9465727652959427,1357.0933637657633,2368.0000000000628,-1010.9066362342994,True
dp=0.008,0.008,smooth_quartic,0.9465727652959427,1357.0933637657633,2368.0000000000628,-1010.9066362342994,True
dp=0.008,0.008,smooth_quartic,0.9465727652959436,1357.0933637657588,2368.0000000000764,-1010.9066362343176,True
dp=0.008,0.008,smooth_quartic,0.9465727652959436,1357.0933637657588,2368.0000000000764,-1010.9066362343176,True
dp=0.008,0.008,smooth_quartic,0.9599999999999962,1292.2780064875717,2572.799999999944,-1280.521993512372,True
dp=0.008,0.008,smooth_quartic,0.9599999999999981,1292.2780064875633,2572.79999999997,-1280.5219935124069,True
dp=0.008,0.008,smooth_quartic,0.9599999999999981,1254.9539201011823,2572.79999999997,-1317.8460798987878,True
dp=0.008,0.008,smooth_quartic,0.9599999999999999,1292.2780064875533,2572.7999999999993,-1280.521993512446,True
dp=0.008,0.008,smooth_quartic,0.9599999999999999,1292.2780064875533,2572.7999999999993,-1280.521993512446,True
dp=0.008,0.008,smooth_quartic,0.9600000000000017,1292.278006487544,2572.8000000000275,-1280.5219935124835,True
dp=0.008,0.008,smooth_quartic,0.9600000000000017,1292.278006487544,2572.8000000000275,-1280.5219935124835,True
dp=0.008,0.008,smooth_quartic,0.9600000000000036,1254.9539201011535,2572.8000000000557,-1317.8460798989022,True
dp=0.008,0.008,smooth_quartic,0.9600000000000037,1292.278006487536,2572.8000000000575,-1280.5219935125215,True
dp=0.008,0.008,smooth_quartic,0.9600000000000055,1292.278006487526,2572.8000000000857,-1280.5219935125597,True
dp=0.008,0.008,smooth_quartic,0.9732420048477128,1178.4161835850084,2777.599999999964,-1599.1838164149556,True
dp=0.008,0.008,smooth_quartic,0.9732420048477128,1178.4161835850084,2777.599999999964,-1599.1838164149556,True
dp=0.008,0.008,smooth_quartic,0.9732420048477137,1178.4161835850027,2777.5999999999785,-1599.1838164149758,True
dp=0.008,0.008,smooth_quartic,0.9732420048477137,1178.4161835850027,2777.5999999999785,-1599.1838164149758,True
dp=0.008,0.008,smooth_quartic,0.9732420048477183,1178.4161835849736,2777.6000000000495,-1599.1838164150759,True
dp=0.008,0.008,smooth_quartic,0.9732420048477183,1178.4161835849736,2777.6000000000495,-1599.1838164150759,True
dp=0.008,0.008,smooth_quartic,0.9732420048477192,1178.4161835849684,2777.6000000000613,-1599.183816415093,True
dp=0.008,0.008,smooth_quartic,0.9732420048477192,1178.416183584968,2777.6000000000613,-1599.1838164150934,True
dp=0.008,0.008,smooth_quartic,0.9863062404750326,1101.705242782063,2982.3999999999432,-1880.6947572178804,True
dp=0.008,0.008,smooth_quartic,0.9863062404750326,1101.705242782063,2982.3999999999432,-1880.6947572178804,True
dp=0.008,0.008,smooth_quartic,0.9863062404750336,1082.9134267339946,2982.399999999958,-1899.4865732659632,True
dp=0.008,0.008,smooth_quartic,0.9863062404750345,1082.9134267339875,2982.3999999999724,-1899.4865732659848,True
dp=0.008,0.008,smooth_quartic,0.9863062404750345,1101.7052427820495,2982.3999999999724,-1880.6947572179229,True
dp=0.008,0.008,smooth_quartic,0.9863062404750345,1101.7052427820495,2982.3999999999724,-1880.6947572179229,True
dp=0.008,0.008,smooth_quartic,0.9863062404750345,1101.7052427820495,2982.3999999999724,-1880.6947572179229,True
dp=0.008,0.008,smooth_quartic,0.9863062404750353,1101.7052427820427,2982.399999999988,-1880.6947572179452,True
dp=0.008,0.008,smooth_quartic,0.9863062404750353,1101.7052427820427,2982.399999999988,-1880.6947572179452,True
dp=0.008,0.008,smooth_quartic,0.9863062404750353,1082.913426733981,2982.399999999988,-1899.4865732660069,True
dp=0.008,0.008,smooth_quartic,0.986306240475037,1101.7052427820286,2982.4000000000124,-1880.6947572179838,True
dp=0.008,0.008,smooth_quartic,0.986306240475037,1101.705242782029,2982.4000000000124,-1880.6947572179834,True
dp=0.008,0.008,smooth_quartic,0.986306240475037,1101.7052427820286,2982.4000000000124,-1880.6947572179838,True
dp=0.008,0.008,smooth_quartic,0.986306240475037,1101.7052427820292,2982.4000000000124,-1880.6947572179831,True
dp=0.008,0.008,smooth_quartic,0.9863062404750389,1101.7052427820154,2982.4000000000424,-1880.694757218027,True
dp=0.008,0.008,smooth_quartic,0.9863062404750389,1101.7052427820154,2982.4000000000424,-1880.694757218027,True
dp=0.008,0.008,smooth_quartic,0.986306240475039,1082.9134267339543,2982.400000000044,-1899.4865732660899,True
dp=0.008,0.008,smooth_quartic,0.9863062404750397,1101.705242782008,2982.400000000054,-1880.694757218046,True
dp=0.008,0.008,smooth_quartic,0.9863062404750397,1101.7052427820083,2982.400000000054,-1880.6947572180459,True
dp=0.008,0.008,smooth_quartic,0.9863062404750398,1082.9134267339475,2982.400000000057,-1899.4865732661094,True
dp=0.008,0.008,smooth_quartic,0.9863062404750398,1082.9134267339475,2982.400000000057,-1899.4865732661094,True
dp=0.008,0.008,smooth_quartic,0.9863062404750407,1082.9134267339414,2982.4000000000706,-1899.4865732661292,True
dp=0.008,0.008,smooth_quartic,0.9863062404750417,1101.7052427819956,2982.400000000087,-1880.6947572180914,True
dp=0.008,0.008,smooth_quartic,0.9863062404750417,1101.7052427819954,2982.400000000087,-1880.6947572180916,True
dp=0.008,0.008,smooth_quartic,1.0119288512538787,843.8932199587834,3391.9999999999563,-2548.106780041173,True
dp=0.008,0.008,smooth_quartic,1.0119288512538787,843.8932199587836,3391.9999999999563,-2548.106780041173,True
dp=0.008,0.008,smooth_quartic,1.0119288512538804,843.893219958767,3391.9999999999864,-2548.1067800412193,True
dp=0.008,0.008,smooth_quartic,1.0119288512538804,843.8932199587668,3391.9999999999864,-2548.1067800412193,True
dp=0.008,0.008,smooth_quartic,1.011928851253884,843.8932199587334,3392.0000000000427,-2548.1067800413093,True
dp=0.008,0.008,smooth_quartic,1.011928851253884,843.8932199587333,3392.0000000000427,-2548.1067800413093,True
dp=0.008,0.008,smooth_quartic,1.0119288512538858,843.8932199587168,3392.000000000072,-2548.106780041355,True
dp=0.008,0.008,smooth_quartic,1.0119288512538858,843.8932199587165,3392.000000000072,-2548.1067800413553,True
dp=0.008,0.008,smooth_quartic,1.0244998779892518,721.9648505284348,3596.7999999999365,-2874.8351494715016,True
dp=0.008,0.008,smooth_quartic,1.0244998779892527,708.1989913189782,3596.799999999951,-2888.601008680973,True
dp=0.008,0.008,smooth_quartic,1.0244998779892527,724.1885619134249,3596.799999999951,-2872.611438086526,True
dp=0.008,0.008,smooth_quartic,1.0244998779892527,708.1989913189783,3596.799999999951,-2888.601008680973,True
dp=0.008,0.008,smooth_quartic,1.0244998779892527,724.1885619134249,3596.799999999951,-2872.611438086526,True
dp=0.008,0.008,smooth_quartic,1.0244998779892536,708.198991318969,3596.799999999964,-2888.6010086809947,True
dp=0.008,0.008,smooth_quartic,1.0244998779892536,708.198991318969,3596.799999999964,-2888.6010086809947,True
dp=0.008,0.008,smooth_quartic,1.0244998779892545,708.19899131896,3596.7999999999765,-2888.6010086810165,True
dp=0.008,0.008,smooth_quartic,1.0244998779892545,708.1989913189599,3596.79999999998,-2888.60100868102,True
dp=0.008,0.008,smooth_quartic,1.0244998779892545,708.1989913189598,3596.79999999998,-2888.60100868102,True
dp=0.008,0.008,smooth_quartic,1.0244998779892553,708.1989913189506,3596.799999999993,-2888.6010086810425,True
dp=0.008,0.008,smooth_quartic,1.0244998779892553,708.1989913189506,3596.799999999993,-2888.6010086810425,True
dp=0.008,0.008,smooth_quartic,1.0244998779892553,721.964850528399,3596.799999999993,-2874.835149471594,True
dp=0.008,0.008,smooth_quartic,1.0244998779892553,708.1989913189506,3596.799999999993,-2888.6010086810425,True
dp=0.008,0.008,smooth_quartic,1.0244998779892562,724.1885619133901,3596.8000000000075,-2872.6114380866175,True
dp=0.008,0.008,smooth_quartic,1.0244998779892562,724.18856191339,3596.8000000000075,-2872.6114380866175,True
dp=0.008,0.008,smooth_quartic,1.0244998779892571,724.1885619133806,3596.80000000002,-2872.6114380866397,True
dp=0.008,0.008,smooth_quartic,1.0244998779892571,724.1885619133807,3596.80000000002,-2872.6114380866393,True
dp=0.008,0.008,smooth_quartic,1.024499877989258,708.1989913189237,3596.8000000000366,-2888.601008681113,True
dp=0.008,0.008,smooth_quartic,1.024499877989258,708.1989913189236,3596.8000000000366,-2888.601008681113,True
dp=0.008,0.008,smooth_quartic,1.024499877989258,708.1989913189237,3596.8000000000366,-2888.601008681113,True
dp=0.008,0.008,smooth_quartic,1.024499877989258,721.9648505283725,3596.8000000000366,-2874.835149471664,True
dp=0.008,0.008,smooth_quartic,1.024499877989259,721.9648505283633,3596.800000000051,-2874.835149471688,True
dp=0.008,0.008,smooth_quartic,1.024499877989259,708.1989913189146,3596.800000000051,-2888.6010086811366,True
dp=0.008,0.008,smooth_quartic,1.024499877989259,721.9648505283633,3596.800000000051,-2874.835149471688,True
dp=0.008,0.008,smooth_quartic,1.0244998779892596,708.1989913189062,3596.800000000064,-2888.6010086811575,True
dp=0.008,0.008,smooth_quartic,1.0244998779892596,708.1989913189063,3596.800000000064,-2888.6010086811575,True
dp=0.008,0.008,smooth_quartic,1.0244998779892605,724.1885619133466,3596.8000000000766,-2872.6114380867302,True
dp=0.008,0.008,smooth_quartic,1.0244998779892605,708.1989913188971,3596.8000000000766,-2888.6010086811793,True
dp=0.008,0.008,smooth_quartic,1.0244998779892605,724.1885619133466,3596.8000000000766,-2872.6114380867302,True
dp=0.008,0.008,smooth_quartic,1.0244998779892605,708.1989913188968,3596.8000000000766,-2888.60100868118,True
dp=0.008,0.008,smooth_quartic,1.0244998779892616,721.964850528337,3596.800000000093,-2874.835149471756,True
dp=0.008,0.008,smooth_quartic,1.0369185117452544,576.4016949447811,3801.599999999945,-3225.198305055164,True
dp=0.008,0.008,smooth_quartic,1.0369185117452544,576.401694944781,3801.599999999945,-3225.198305055164,True
dp=0.008,0.008,smooth_quartic,1.036918511745255,576.4016949447722,3801.5999999999594,-3225.198305055187,True
dp=0.008,0.008,smooth_quartic,1.036918511745255,576.4016949447722,3801.5999999999594,-3225.198305055187,True
dp=0.008,0.008,smooth_quartic,1.0369185117452577,576.4016949447441,3801.5999999999995,-3225.1983050552553,True
dp=0.008,0.008,smooth_quartic,1.0369185117452577,576.4016949447441,3801.600000000003,-3225.198305055259,True
dp=0.008,0.008,smooth_quartic,1.0369185117452584,576.4016949447351,3801.600000000014,-3225.198305055279,True
dp=0.008,0.008,smooth_quartic,1.0369185117452586,576.4016949447342,3801.6000000000176,-3225.1983050552835,True
dp=0.008,0.008,smooth_quartic,1.0369185117452586,576.4016949447343,3801.6000000000176,-3225.1983050552835,True
dp=0.008,0.008,smooth_quartic,1.0369185117452586,576.4016949447342,3801.6000000000176,-3225.1983050552835,True
dp=0.008,0.008,smooth_quartic,1.0369185117452595,576.4016949447239,3801.6000000000304,-3225.1983050553063,True
dp=0.008,0.008,smooth_quartic,1.0369185117452595,576.4016949447239,3801.6000000000304,-3225.1983050553063,True
dp=0.008,0.008,smooth_quartic,1.036918511745262,576.4016949446968,3801.600000000072,-3225.1983050553754,True
dp=0.008,0.008,smooth_quartic,1.036918511745262,576.4016949446966,3801.600000000072,-3225.1983050553754,True
dp=0.008,0.008,smooth_quartic,1.0369185117452628,576.401694944687,3801.6000000000868,-3225.1983050554,True
dp=0.008,0.008,smooth_quartic,1.0369185117452628,576.401694944687,3801.6000000000868,-3225.1983050554,True
dp=0.008,0.008,smooth_quartic,1.0491901638883163,428.36299066752025,4006.399999999937,-3578.037009332417,True
dp=0.008,0.008,smooth_quartic,1.049190163888319,428.36299066748995,4006.3999999999805,-3578.0370093324905,True
dp=0.008,0.008,smooth_quartic,1.049190163888319,428.36299066749,4006.3999999999805,-3578.0370093324905,True
dp=0.008,0.008,smooth_quartic,1.0491901638883205,428.3629906674705,4006.4000000000096,-3578.037009332539,True
dp=0.008,0.008,smooth_quartic,1.0491901638883214,428.36299066746096,4006.400000000024,-3578.0370093325632,True
dp=0.008,0.008,smooth_quartic,1.049190163888323,428.36299066744135,4006.400000000048,-3578.0370093326064,True
dp=0.008,0.008,smooth_quartic,1.0491901638883232,428.36299066744016,4006.4000000000515,-3578.0370093326114,True
dp=0.008,0.008,smooth_quartic,1.0491901638883256,428.36299066741117,4006.400000000095,-3578.0370093326837,True
dp=0.0065,0.0065,constant,0.0006495190528329692,0.0,0.0,0.0,True
dp=0.0065,0.0065,constant,0.1303760786149024,0.0,0.0,0.0,True
dp=0.0065,0.0065,constant,0.18384891045366586,0.0,0.0,0.0,True
dp=0.0065,0.0065,constant,0.18437847454352813,0.0,0.0,0.0,True
dp=0.0065,0.0065,constant,0.2253839432501776,0.0,0.0,0.0,True
dp=0.0065,0.0065,constant,0.2603755400858508,0.0,0.0,0.0,True
dp=0.0065,0.0065,constant,0.29018601254195997,0.0,0.0,0.0,True
dp=0.0065,0.0065,constant,0.2905218096374194,0.0,0.0,0.0,True
dp=0.0065,0.0065,constant,0.290857219052578,0.0,0.0,0.0,True
dp=0.0065,0.0065,constant,0.291192242127083,0.0,0.0,0.0,True
dp=0.0065,0.0065,constant,0.31812799605662145,0.0,0.0,0.0,True
dp=0.0065,0.0065,constant,0.3184343289832304,0.0,0.0,0.0,True
dp=0.0065,0.0065,constant,0.3187403675015114,0.0,0.0,0.0,True
dp=0.0065,0.0065,constant,0.31904611245868036,0.0,0.0,0.0,True
dp=0.0065,0.0065,constant,0.3676960998909293,0.0,0.0,0.0,True
dp=0.0065,0.0065,constant,0.3682260472522239,0.0,0.0,0.0,True
dp=0.0065,0.0065,constant,0.38962536092380157,0.0,0.0,0.0,True
dp=0.0065,0.0065,constant,0.38987552099997386,0.0,0.0,0.0,True
dp=0.0065,0.0065,constant,0.3901255206661049,0.0,0.0,0.0,True
dp=0.0065,0.0065,constant,0.3903753602303786,0.0,0.0,0.0,True
dp=0.0065,0.0065,constant,0.39062503999999315,0.0,0.0,0.0,True
dp=0.0065,0.0065,constant,0.4106219939007207,0.0,0.0,0.0,True
dp=0.0065,0.0065,constant,0.4108593699491371,0.0,0.0,0.0,True
dp=0.0065,0.0065,constant,0.4113337110850491,0.0,0.0,0.0,True
dp=0.0065,0.0065,constant,0.41157067664618313,0.0,0.0,0.0,True
dp=0.0065,0.0065,constant,0.4308223785680158,0.0,0.0,0.0,True
dp=0.0065,0.0065,constant,0.431048630522127,0.0,0.0,0.0,True
dp=0.0065,0.0065,constant,0.4315007785334783,0.0,0.0,0.0,True
dp=0.0065,0.0065,constant,0.4317266749634499,0.0,0.0,0.0,True
dp=0.0065,0.0065,constant,0.45011712017540717,0.0,0.0,0.0,True
dp=0.0065,0.0065,constant,0.4682017961039923,0.0,0.0,0.0,True
dp=0.0065,0.0065,constant,0.46861809810868504,0.0,0.0,0.0,True
dp=0.0065,0.0065,constant,0.46882611048767275,0.0,0.0,0.0,True
dp=0.0065,0.0065,constant,0.46924185861344075,0.0,0.0,0.0,True
dp=0.0065,0.0065,constant,0.4858141845140025,0.0,0.0,0.0,True
dp=0.0065,0.0065,constant,0.48601483709348176,0.0,0.0,0.0,True
dp=0.0065,0.0065,constant,0.48621540686716413,0.0,0.0,0.0,True
dp=0.0065,0.0065,constant,0.4864158939374827,0.0,0.0,0.0,True
dp=0.0065,0.0065,constant,0.4864158939374827,0.0,0.0,0.0,True
dp=0.0065,0.0065,constant,0.4866162984066592,0.0,0.0,0.0,True
dp=0.0065,0.0065,constant,0.4868166203767053,0.0,0.0,0.0,True
dp=0.0065,0.0065,constant,0.4870168599494227,0.0,0.0,0.0,True
dp=0.0065,0.0065,constant,0.5196252706277896,0.0,0.0,0.0,True
dp=0.0065,0.0065,constant,0.5353670907657717,0.0,0.0,0.0,True
dp=0.0065,0.0065,constant,0.5355491778305747,0.0,0.0,0.0,True
dp=0.0065,0.0065,constant,0.5357312030066971,0.0,0.0,0.0,True
dp=0.0065,0.0065,constant,0.5357312030066971,0.0,0.0,0.0,True
dp=0.0065,0.0065,constant,0.5360950679450425,0.0,0.0,0.0,True
dp=0.0065,0.0065,constant,0.536276907833069,0.0,0.0,0.0,True
dp=0.0065,0.0065,constant,0.536276907833069,0.0,0.0,0.0,True
dp=0.0065,0.0065,constant,0.5364586860840231,0.0,0.0,0.0,True
dp=0.0065,0.0065,constant,0.551013086845499,0.0,0.0,0.0,True
dp=0.0065,0.0065,constant,0.5511900052386688,0.0,0.0,0.0,True
dp=0.0065,0.0065,constant,0.5513668668636175,0.0,0.0,0.0,True
dp=0.0065,0.0065,constant,0.5515436717749561,0.0,0.0,0.0,True
dp=0.0065,0.0065,constant,0.5518971116748096,0.0,0.0,0.0,True
dp=0.0065,0.0065,constant,0.5520737467721099,0.0,0.0,0.0,True
dp=0.0065,0.0065,constant,0.5660546986599494,0.0,0.0,0.0,True
dp=0.0065,0.0065,constant,0.5665711975339034,0.0,0.0,0.0,True
dp=0.0065,0.0065,constant,0.5667432592232569,0.0,0.0,0.0,True
dp=0.0065,0.0065,constant,0.5670872259846773,0.0,0.0,0.0,True
dp=0.0065,0.0065,constant,0.5808747041101079,0.0,0.0,0.0,True
dp=0.0065,0.0065,constant,0.5812103077845421,0.0,0.0,0.0,True
dp=0.0065,0.0065,constant,0.581545717785798,0.0,0.0,0.0,True
dp=0.0065,0.0065,constant,0.5818809344487889,0.0,0.0,0.0,True
dp=0.0065,0.0065,constant,0.5951620971424559,0.0,0.0,0.0,True
dp=0.0065,0.0065,constant,0.5953258955185845,0.0,0.0,0.0,True
dp=0.0065,0.0065,constant,0.59548964883951,0.0,0.0,0.0,True
dp=0.0065,0.0065,constant,0.5956533571423914,0.0,0.0,0.0,True
dp=0.0065,0.0065,constant,0.5958170204643367,0.0,0.0,0.0,True
dp=0.0065,0.0065,constant,0.5959806388424025,0.0,0.0,0.0,True
dp=0.0065,0.0065,constant,0.5961442123135949,0.0,0.0,0.0,True
dp=0.0065,0.0065,constant,0.5963077409148693,0.0,0.0,0.0,True
dp=0.0065,0.0065,constant,0.6091144571219822,0.0,0.0,0.0,True
dp=0.0065,0.0065,constant,0.6095944732976196,0.0,0.0,0.0,True
dp=0.0065,0.0065,constant,0.6099142742017103,0.0,0.0,0.0,True
dp=0.0065,0.0065,constant,0.6100741117888854,0.0,0.0,0.0,True
dp=0.0065,0.0065,constant,0.636254997524583,0.0,0.0,0.0,True
dp=0.0065,0.0065,constant,0.6365614046382359,0.0,0.0,0.0,True
dp=0.0065,0.0065,constant,0.6368676643345936,0.0,0.0,0.0,True
dp=0.0065,0.0065,constant,0.6371737768262261,0.0,0.0,0.0,True
dp=0.0065,0.0065,constant,0.6494751125909339,0.0,0.0,0.0,True
dp=0.0065,0.0065,constant,0.6496252164710087,0.0,0.0,0.0,True
dp=0.0065,0.0065,constant,0.6499253202291795,0.0,0.0,0.0,True
dp=0.0065,0.0065,constant,0.6500753201552878,0.0,0.0,0.0,True
dp=0.0065,0.0065,constant,0.6505251124091944,0.0,0.0,0.0,True
dp=0.0065,0.0065,constant,0.6622842455283132,0.0,0.0,0.0,True
dp=0.0065,0.0065,constant,0.6624314469248916,0.0,0.0,0.0,True
dp=0.0065,0.0065,constant,0.6624314469248916,0.0,0.0,0.0,True
dp=0.0065,0.0065,constant,0.6625786156185574,0.0,0.0,0.0,True
dp=0.0065,0.0065,constant,0.6627257516310969,0.0,0.0,0.0,True
dp=0.0065,0.0065,constant,0.6628728549842728,0.0,0.0,0.0,True
dp=0.0065,0.0065,constant,0.6628728549842728,0.0,0.0,0.0,True
dp=0.0065,0.0065,constant,0.6630199256998232,0.0,0.0,0.0,True
dp=0.0065,0.0065,constant,0.6631669637994625,0.0,0.0,0.0,True
dp=0.0065,0.0065,constant,0.6633139693048804,0.0,0.0,0.0,True
dp=0.0065,0.0065,constant,0.6633139693048804,0.0,0.0,0.0,True
dp=0.0065,0.0065,constant,0.6634609422377433,0.0,0.0,0.0,True
dp=0.0065,0.0065,constant,0.6749947569240863,0.0,0.0,0.0,True
dp=0.0065,0.0065,constant,0.6751391870384985,0.0,0.0,0.0,True
dp=0.0065,0.0065,constant,0.6752835862621,0.0,0.0,0.0,True
dp=0.0065,0.0065,constant,0.6757165987860578,0.0,0.0,0.0,True
dp=0.0065,0.0065,constant,0.6758608746443285,0.0,0.0,0.0,True
dp=0.0065,0.0065,constant,0.6761493340046957,0.0,0.0,0.0,True
dp=0.0065,0.0065,constant,0.6994447239596622,0.0,0.0,0.0,True
dp=0.0065,0.0065,constant,0.699584106362492,0.0,0.0,0.0,True
dp=0.0065,0.0065,constant,0.6997234610008477,0.0,0.0,0.0,True
dp=0.0065,0.0065,constant,0.6998627878913146,0.0,0.0,0.0,True
dp=0.0065,0.0065,constant,0.6998627878913146,0.0,0.0,0.0,True
dp=0.0065,0.0065,constant,0.7000020870504614,0.0,0.0,0.0,True
dp=0.0065,0.0065,constant,0.7001413584948399,0.0,0.0,0.0,True
dp=0.0065,0.0065,constant,0.7002806022409863,0.0,0.0,0.0,True
dp=0.0065,0.0065,constant,0.7002806022409863,0.0,0.0,0.0,True
dp=0.0065,0.0065,constant,0.7004198183054196,0.0,0.0,0.0,True
dp=0.0065,0.0065,constant,0.7005590067046424,0.0,0.0,0.0,True
dp=0.0065,0.0065,constant,0.7006981674551416,0.0,0.0,0.0,True
dp=0.0065,0.0065,constant,0.7114916878467431,0.0,0.0,0.0,True
dp=0.0065,0.0065,constant,0.7116287106876771,0.0,0.0,0.0,True
dp=0.0065,0.0065,constant,0.7117657071501859,0.0,0.0,0.0,True
dp=0.0065,0.0065,constant,0.7119026772494977,0.0,0.0,0.0,True
dp=0.0065,0.0065,constant,0.712176538419372,0.0,0.0,0.0,True
dp=0.0065,0.0065,constant,0.7123134295203184,0.0,0.0,0.0,True
dp=0.0065,0.0065,constant,0.712450294318836,0.0,0.0,0.0,True
dp=0.0065,0.0065,constant,0.7125871328300803,0.0,0.0,0.0,True
dp=0.0065,0.0065,constant,0.73539133927114,0.0,0.0,0.0,True
dp=0.0065,0.0065,constant,0.735921478063383,0.0,0.0,0.0,True
dp=0.0065,0.0065,constant,0.7462056833574829,0.0,0.0,0.0,True
dp=0.0065,0.0065,constant,0.7464669596673419,0.0,0.0,0.0,True
dp=0.0065,0.0065,constant,0.7467281445579789,0.0,0.0,0.0,True
dp=0.0065,0.0065,constant,0.7467281445579789,0.0,0.0,0.0,True
dp=0.0065,0.0065,constant,0.7468587027510627,0.0,0.0,0.0,True
dp=0.0065,0.0065,constant,0.7471197506926162,0.0,0.0,0.0,True
dp=0.0065,0.0065,constant,0.7472502404649967,0.0,0.0,0.0,True
dp=0.0065,0.0065,constant,0.7473807074543695,0.0,0.0,0.0,True
dp=0.0065,0.0065,constant,0.7575093543151843,0.0,0.0,0.0,True
dp=0.0065,0.0065,constant,0.7577667331540784,0.0,0.0,0.0,True
dp=0.0065,0.0065,constant,0.7578953897966412,0.0,0.0,0.0,True
dp=0.0065,0.0065,constant,0.7578953897966412,0.0,0.0,0.0,True
dp=0.0065,0.0065,constant,0.7581526375836197,0.0,0.0,0.0,True
dp=0.0065,0.0065,constant,0.7582812287502558,0.0,0.0,0.0,True
dp=0.0065,0.0065,constant,0.7585383456853019,0.0,0.0,0.0,True
dp=0.0065,0.0065,constant,0.7586668714758756,0.0,0.0,0.0,True
dp=0.0065,0.0065,constant,0.7685199554175599,0.0,0.0,0.0,True
dp=0.0065,0.0065,constant,0.768646812180345,0.0,0.0,0.0,True
dp=0.0065,0.0065,constant,0.7689004629176674,0.0,0.0,0.0,True
dp=0.0065,0.0065,constant,0.7690272569129145,0.0,0.0,0.0,True
dp=0.0065,0.0065,constant,0.7691540300063441,0.0,0.0,0.0,True
dp=0.0065,0.0065,constant,0.76928078220829,0.0,0.0,0.0,True
dp=0.0065,0.0065,constant,0.7695342239790218,0.0,0.0,0.0,True
dp=0.0065,0.0065,constant,0.7696609135684324,0.0,0.0,0.0,True
dp=0.0065,0.0065,constant,0.7796251803751633,0.0,0.0,0.0,True
dp=0.0065,0.0065,constant,0.779875260458365,0.0,0.0,0.0,True
dp=0.0065,0.0065,constant,0.780125260374896,0.0,0.0,0.0,True
dp=0.0065,0.0065,constant,0.7803751802018029,0.0,0.0,0.0,True
dp=0.0065,0.0065,constant,0.7806250200160081,0.0,0.0,0.0,True
dp=0.0065,0.0065,constant,0.790327730675703,0.0,0.0,0.0,True
dp=0.0065,0.0065,constant,0.7904510875917656,0.0,0.0,0.0,True
dp=0.0065,0.0065,constant,0.7910675836330275,0.0,0.0,0.0,True
dp=0.0065,0.0065,constant,0.7911908251964223,0.0,0.0,0.0,True
dp=0.0065,0.0065,constant,0.8007655224065339,0.0,0.0,0.0,True
dp=0.0065,0.0065,constant,0.8010090023682667,0.0,0.0,0.0,True
dp=0.0065,0.0065,constant,0.8010090023682667,0.0,0.0,0.0,True
dp=0.0065,0.0065,constant,0.8011307145996865,0.0,0.0,0.0,True
dp=0.0065,0.0065,constant,0.8011307145996865,0.0,0.0,0.0,True
dp=0.0065,0.0065,constant,0.8013740836057783,0.0,0.0,0.0,True
dp=0.0065,0.0065,constant,0.8013740836057784,0.0,0.0,0.0,True
dp=0.0065,0.0065,constant,0.8016173787256599,0.0,0.0,0.0,True
dp=0.0065,0.0065,constant,0.8017389985992924,0.0,0.0,0.0,True
dp=0.0065,0.0065,constant,0.8017389985992924,0.0,0.0,0.0,True
dp=0.0065,0.0065,constant,0.8018606000265849,0.0,0.0,0.0,True
dp=0.0065,0.0065,constant,0.8019821830159277,0.0,0.0,0.0,True
dp=0.0065,0.0065,constant,0.8217179697895183,0.0,0.0,0.0,True
dp=0.0065,0.0065,constant,0.8219552432310437,0.0,0.0,0.0,True
dp=0.0065,0.0065,constant,0.8224295847517877,0.0,0.0,0.0,True
dp=0.0065,0.0065,constant,0.822666652949416,0.0,0.0,0.0,True
dp=0.0065,0.0065,constant,0.8318791510039234,0.0,0.0,0.0,True
dp=0.0065,0.0065,constant,0.8318791510039234,0.0,0.0,0.0,True
dp=0.0065,0.0065,constant,0.8319963472726349,0.0,0.0,0.0,True
dp=0.0065,0.0065,constant,0.8321135270352268,0.0,0.0,0.0,True
dp=0.0065,0.0065,constant,0.8321135270352268,0.0,0.0,0.0,True
dp=0.0065,0.0065,constant,0.8322306902986717,0.0,0.0,0.0,True
dp=0.0065,0.0065,constant,0.8322306902986717,0.0,0.0,0.0,True
dp=0.0065,0.0065,constant,0.8323478370699368,0.0,0.0,0.0,True
dp=0.0065,0.0065,constant,0.8324649673559845,0.0,0.0,0.0,True
dp=0.0065,0.0065,constant,0.8325820811637725,0.0,0.0,0.0,True
dp=0.0065,0.0065,constant,0.8325820811637725,0.0,0.0,0.0,True
dp=0.0065,0.0065,constant,0.8326991785002537,0.0,0.0,0.0,True
dp=0.0065,0.0065,constant,0.8328162593723754,0.0,0.0,0.0,True
dp=0.0065,0.0065,constant,0.8329333237870807,0.0,0.0,0.0,True
dp=0.0065,0.0065,constant,0.8329333237870808,0.0,0.0,0.0,True
dp=0.0065,0.0065,constant,0.8330503717513079,0.0,0.0,0.0,True
dp=0.0065,0.0065,constant,0.841917704930244,0.0,0.0,0.0,True
dp=0.0065,0.0065,constant,0.8420335040097916,0.0,0.0,0.0,True
dp=0.0065,0.0065,constant,0.8423808057375256,0.0,0.0,0.0,True
dp=0.0065,0.0065,constant,0.8424965411650076,0.0,0.0,0.0,True
dp=0.0065,0.0065,constant,0.8424965411650076,0.0,0.0,0.0,True
dp=0.0065,0.0065,constant,0.8426122606958669,0.0,0.0,0.0,True
dp=0.0065,0.0065,constant,0.842959323974173,0.0,0.0,0.0,True
dp=0.0065,0.0065,constant,0.8430749799839828,0.0,0.0,0.0,True
dp=0.0065,0.0065,constant,0.8521812728962104,0.0,0.0,0.0,True
dp=0.0065,0.0065,constant,0.8524100667372494,0.0,0.0,0.0,True
dp=0.0065,0.0065,constant,0.8527531424011272,0.0,0.0,0.0,True
dp=0.0065,0.0065,constant,0.8530960800959012,0.0,0.0,0.0,True
dp=0.0065,0.0065,constant,0.8619834232019814,0.0,0.0,0.0,True
dp=0.0065,0.0065,constant,0.8622096159722431,0.0,0.0,0.0,True
dp=0.0065,0.0065,constant,0.8626618235873177,0.0,0.0,0.0,True
dp=0.0065,0.0065,constant,0.8628878385253748,0.0,0.0,0.0,True
dp=0.0065,0.0065,constant,0.8714516176329069,0.0,0.0,0.0,True
dp=0.0065,0.0065,constant,0.8715634927387725,0.0,0.0,0.0,True
dp=0.0065,0.0065,constant,0.8716753534860366,0.0,0.0,0.0,True
dp=0.0065,0.0065,constant,0.8718990319268646,0.0,0.0,0.0,True
dp=0.0065,0.0065,constant,0.8718990319268647,0.0,0.0,0.0,True
dp=0.0065,0.0065,constant,0.8720108496314722,0.0,0.0,0.0,True
dp=0.0065,0.0065,constant,0.8721226529995655,0.0,0.0,0.0,True
dp=0.0065,0.0065,constant,0.8722344420366573,0.0,0.0,0.0,True
dp=0.0065,0.0065,constant,0.8722344420366573,0.0,0.0,0.0,True
dp=0.0065,0.0065,constant,0.872457977139871,0.0,0.0,0.0,True
dp=0.0065,0.0065,constant,0.8725697232170012,0.0,0.0,0.0,True
dp=0.0065,0.0065,constant,0.8726814549851466,0.0,0.0,0.0,True
dp=0.0065,0.0065,constant,0.881150056389381,0.0,0.0,0.0,True
dp=0.0065,0.0065,constant,0.881260700289652,0.0,0.0,0.0,True
dp=0.0065,0.0065,constant,0.88148194642602,0.0,0.0,0.0,True
dp=0.0065,0.0065,constant,0.881592548672573,0.0,0.0,0.0,True
dp=0.0065,0.0065,constant,0.8818137115485332,0.0,0.0,0.0,True
dp=0.0065,0.0065,constant,0.8819242721883769,0.0,0.0,0.0,True
dp=0.0065,0.0065,constant,0.8821453518978576,0.0,0.0,0.0,True
dp=0.0065,0.0065,constant,0.8822558709779116,0.0,0.0,0.0,True
dp=0.0065,0.0065,constant,0.9008831344158897,0.0,0.0,0.0,True
dp=0.0065,0.0065,constant,0.9094107553108278,0.0,0.0,0.0,True
dp=0.0065,0.0065,constant,0.9096251545966652,0.0,0.0,0.0,True
dp=0.0065,0.0065,constant,0.9097323352915435,0.0,0.0,0.0,True
dp=0.0065,0.0065,constant,0.9099466588075381,0.0,0.0,0.0,True
dp=0.0065,0.0065,constant,0.9100538016375738,0.0,0.0,0.0,True
dp=0.0065,0.0065,constant,0.9102680494640012,0.0,0.0,0.0,True
dp=0.0065,0.0065,constant,0.9103751544692967,0.0,0.0,0.0,True
dp=0.0065,0.0065,constant,0.9103751544692967,0.0,0.0,0.0,True
dp=0.0065,0.0065,constant,0.9105893266862909,0.0,0.0,0.0,True
dp=0.0065,0.0065,constant,0.9186024286245988,0.0,0.0,0.0,True
dp=0.0065,0.0065,constant,0.9188146830971999,0.0,0.0,0.0,True
dp=0.0065,0.0065,constant,0.9189207919483627,0.0,0.0,0.0,True
dp=0.0065,0.0065,constant,0.9189207919483628,0.0,0.0,0.0,True
dp=0.0065,0.0065,constant,0.919026888548428,0.0,0.0,0.0,True
dp=0.0065,0.0065,constant,0.919132972901638,0.0,0.0,0.0,True
dp=0.0065,0.0065,constant,0.9192390450122326,0.0,0.0,0.0,True
dp=0.0065,0.0065,constant,0.9193451048844498,0.0,0.0,0.0,True
dp=0.0065,0.0065,constant,0.9194511525225242,0.0,0.0,0.0,True
dp=0.0065,0.0065,constant,0.9195571879306891,0.0,0.0,0.0,True
dp=0.0065,0.0065,constant,0.9195571879306891,0.0,0.0,0.0,True
dp=0.0065,0.0065,constant,0.9196632111131744,0.0,0.0,0.0,True
dp=0.0065,0.0065,constant,0.9197692220742079,0.0,0.0,0.0,True
dp=0.0065,0.0065,constant,0.919875220818015,0.0,0.0,0.0,True
dp=0.0065,0.0065,constant,0.9279132081585048,0.0,0.0,0.0,True
dp=0.0065,0.0065,constant,0.9280182766923328,0.0,0.0,0.0,True
dp=0.0065,0.0065,constant,0.9281233333318398,0.0,0.0,0.0,True
dp=0.0065,0.0065,constant,0.9283334109440435,0.0,0.0,0.0,True
dp=0.0065,0.0065,constant,0.9284384319248103,0.0,0.0,0.0,True
dp=0.0065,0.0065,constant,0.9287534236141451,0.0,0.0,0.0,True
dp=0.0065,0.0065,constant,0.9288583971063588,0.0,0.0,0.0,True
dp=0.0065,0.0065,constant,0.9289633587364965,0.0,0.0,0.0,True
dp=0.0065,0.0065,constant,0.936923381005624,0.0,0.0,0.0,True
dp=0.0065,0.0065,constant,0.9373395446021698,0.0,0.0,0.0,True
dp=0.0065,0.0065,constant,0.9375475571271038,0.0,0.0,0.0,True
dp=0.0065,0.0065,constant,0.9379634437839214,0.0,0.0,0.0,True
dp=0.0065,0.0065,constant,0.9458477265791838,0.0,0.0,0.0,True
dp=0.0065,0.0065,constant,0.9459508030944361,0.0,0.0,0.0,True
dp=0.0065,0.0065,constant,0.9459508030944361,0.0,0.0,0.0,True
dp=0.0065,0.0065,constant,0.9461569224367623,0.0,0.0,0.0,True
dp=0.0065,0.0065,constant,0.9462599652711742,0.0,0.0,0.0,True
dp=0.0065,0.0065,constant,0.9463629968859741,0.0,0.0,0.0,True
dp=0.0065,0.0065,constant,0.9464660172848262,0.0,0.0,0.0,True
dp=0.0065,0.0065,constant,0.9465690264713922,0.0,0.0,0.0,True
dp=0.0065,0.0065,constant,0.9466720244493324,0.0,0.0,0.0,True
dp=0.0065,0.0065,constant,0.9468779867939661,0.0,0.0,0.0,True
dp=0.0065,0.0065,constant,0.9468779867939661,0.0,0.0,0.0,True
dp=0.0065,0.0065,constant,0.9469809511679697,0.0,0.0,0.0,True
dp=0.0065,0.0065,constant,0.9546886517996384,0.0,0.0,0.0,True
dp=0.0065,0.0065,constant,0.9547907738740511,0.0,0.0,0.0,True
dp=0.0065,0.0065,constant,0.954892885026906,0.0,0.0,0.0,True
dp=0.0065,0.0065,constant,0.954994985261706,0.0,0.0,0.0,True
dp=0.0065,0.0065,constant,0.9549949852617062,0.0,0.0,0.0,True
dp=0.0065,0.0065,constant,0.9550970745819529,0.0,0.0,0.0,True
dp=0.0065,0.0065,constant,0.9551991529911461,0.0,0.0,0.0,True
dp=0.0065,0.0065,constant,0.9553012204927833,0.0,0.0,0.0,True
dp=0.0065,0.0065,constant,0.9554032770903604,0.0,0.0,0.0,True
dp=0.0065,0.0065,constant,0.9555053227873712,0.0,0.0,0.0,True
dp=0.0065,0.0065,constant,0.9556073575873077,0.0,0.0,0.0,True
dp=0.0065,0.0065,constant,0.9556073575873077,0.0,0.0,0.0,True
dp=0.0065,0.0065,constant,0.9557093814936605,0.0,0.0,0.0,True
dp=0.0065,0.0065,constant,0.9557093814936605,0.0,0.0,0.0,True
dp=0.0065,0.0065,constant,0.9558113945099176,0.0,0.0,0.0,True
dp=0.0065,0.0065,constant,0.9559133966395659,0.0,0.0,0.0,True
dp=0.0065,0.0065,constant,0.9722296137615904,0.0,0.0,0.0,True
dp=0.0065,0.0065,constant,0.9724301629808735,0.0,0.0,0.0,True
dp=0.0065,0.0065,constant,0.972630670848398,0.0,0.0,0.0,True
dp=0.0065,0.0065,constant,0.972831137389733,0.0,0.0,0.0,True
dp=0.0065,0.0065,constant,0.972831137389733,0.0,0.0,0.0,True
dp=0.0065,0.0065,constant,0.9730315626304207,0.0,0.0,0.0,True
dp=0.0065,0.0065,constant,0.9732319465959772,0.0,0.0,0.0,True
dp=0.0065,0.0065,constant,0.9734322893118925,0.0,0.0,0.0,True
dp=0.0065,0.0065,constant,0.9809321698644665,0.0,0.0,0.0,True
dp=0.0065,0.0065,constant,0.9811309402291863,0.0,0.0,0.0,True
dp=0.0065,0.0065,constant,0.981230310312011,0.0,0.0,0.0,True
dp=0.0065,0.0065,constant,0.9813296703325566,0.0,0.0,0.0,True
dp=0.0065,0.0065,constant,0.9816276900510699,0.0,0.0,0.0,True
dp=0.0065,0.0065,constant,0.9817270098530434,0.0,0.0,0.0,True
dp=0.0065,0.0065,constant,0.9818263196080027,0.0,0.0,0.0,True
dp=0.0065,0.0065,constant,0.9821241886212715,0.0,0.0,0.0,True
dp=0.0065,0.0065,constant,0.9895581952947536,0.0,0.0,0.0,True
dp=0.0065,0.0065,constant,0.9898537376173335,0.0,0.0,0.0,True
dp=0.0065,0.0065,constant,0.9902476568389337,0.0,0.0,0.0,True
dp=0.0065,0.0065,constant,0.9905429934510636,0.0,0.0,0.0,True
dp=0.0065,0.0065,constant,0.9980119848353578,0.0,0.0,0.0,True
dp=0.0065,0.0065,constant,0.9981096742718252,0.0,0.0,0.0,True
dp=0.0065,0.0065,constant,0.9982073541479282,0.0,0.0,0.0,True
dp=0.0065,0.0065,constant,0.9983050244664732,0.0,0.0,0.0,True
dp=0.0065,0.0065,constant,0.9984026852302653,0.0,0.0,0.0,True
dp=0.0065,0.0065,constant,0.9984026852302653,0.0,0.0,0.0,True
dp=0.0065,0.0065,constant,0.998695610221152,0.0,0.0,0.0,True
dp=0.0065,0.0065,constant,0.998695610221152,0.0,0.0,0.0,True
dp=0.0065,0.0065,constant,0.9987932327939542,0.0,0.0,0.0,True
dp=0.0065,0.0065,constant,0.9989884493201082,0.0,0.0,0.0,True
dp=0.0065,0.0065,constant,0.9990860432790525,0.0,0.0,0.0,True
dp=0.0065,0.0065,constant,0.9991836277056341,0.0,0.0,0.0,True
dp=0.0065,0.0065,constant,1.0147082939815817,0.0,0.0,0.0,True
dp=0.0065,0.0065,constant,1.0148043761607508,0.0,0.0,0.0,True
dp=0.0065,0.0065,constant,1.0149965132329308,0.0,0.0,0.0,True
dp=0.0065,0.0065,constant,1.0150925681311067,0.0,0.0,0.0,True
dp=0.0065,0.0065,constant,1.0152846506645328,0.0,0.0,0.0,True
dp=0.0065,0.0065,constant,1.0152846506645328,0.0,0.0,0.0,True
dp=0.0065,0.0065,constant,1.0153806783049404,0.0,0.0,0.0,True
dp=0.0065,0.0065,constant,1.0153806783049406,0.0,0.0,0.0,True
dp=0.0065,0.0065,constant,1.015572706346029,0.0,0.0,0.0,True
dp=0.0065,0.0065,constant,1.0156687067518602,0.0,0.0,0.0,True
dp=0.0065,0.0065,constant,1.0158606803469623,0.0,0.0,0.0,True
dp=0.0065,0.0065,constant,1.015956653541376,0.0,0.0,0.0,True
dp=0.0065,0.0065,constant,1.0230495696079498,0.0,0.0,0.0,True
dp=0.0065,0.0065,constant,1.0230495696079498,0.0,0.0,0.0,True
dp=0.0065,0.0065,constant,1.023144868469275,0.0,0.0,0.0,True
dp=0.0065,0.0065,constant,1.0232401584549973,0.0,0.0,0.0,True
dp=0.0065,0.0065,constant,1.0233354395675969,0.0,0.0,0.0,True
dp=0.0065,0.0065,constant,1.023525975183338,0.0,0.0,0.0,True
dp=0.0065,0.0065,constant,1.023525975183338,0.0,0.0,0.0,True
dp=0.0065,0.0065,constant,1.023621229691433,0.0,0.0,0.0,True
dp=0.0065,0.0065,constant,1.023621229691433,0.0,0.0,0.0,True
dp=0.0065,0.0065,constant,1.023716475336311,0.0,0.0,0.0,True
dp=0.0065,0.0065,constant,1.023716475336311,0.0,0.0,0.0,True
dp=0.0065,0.0065,constant,1.0239069400463094,0.0,0.0,0.0,True
dp=0.0065,0.0065,constant,1.024002159116374,0.0,0.0,0.0,True
dp=0.0065,0.0065,constant,1.0240973693331086,0.0,0.0,0.0,True
dp=0.0065,0.0065,constant,1.0241925706989834,0.0,0.0,0.0,True
dp=0.0065,0.0065,constant,1.0241925706989834,0.0,0.0,0.0,True
dp=0.0065,0.0065,constant,1.0403751351675967,0.0,0.0,0.0,True
dp=0.0065,0.0065,constant,1.0474888647976228,0.0,0.0,0.0,True
dp=0.0065,0.0065,constant,1.0475819404108733,0.0,0.0,0.0,True
dp=0.0065,0.0065,constant,1.047675007755272,0.0,0.0,0.0,True
dp=0.0065,0.0065,constant,1.047675007755272,0.0,0.0,0.0,True
dp=0.0065,0.0065,constant,1.0477680668330218,0.0,0.0,0.0,True
dp=0.0065,0.0065,constant,1.047954160197384,0.0,0.0,0.0,True
dp=0.0065,0.0065,constant,1.047954160197384,0.0,0.0,0.0,True
dp=0.0065,0.0065,constant,1.0480471944883984,0.0,0.0,0.0,True
dp=0.0065,0.0065,constant,1.048140220521568,0.0,0.0,0.0,True
dp=0.0065,0.0065,constant,1.0482332382990913,0.0,0.0,0.0,True
dp=0.0065,0.0065,constant,1.0482332382990913,0.0,0.0,0.0,True
dp=0.0065,0.0065,constant,1.0484192490959883,0.0,0.0,0.0,True
dp=0.0065,0.0065,constant,1.0485122421197546,0.0,0.0,0.0,True
dp=0.0065,0.0065,constant,1.0485122421197546,0.0,0.0,0.0,True
dp=0.0065,0.0065,constant,1.0486052268966586,0.0,0.0,0.0,True
dp=0.0065,0.0065,constant,1.0486982034288947,0.0,0.0,0.0,True
dp=0.0065,0.0065,constant,1.0555711353930683,0.0,0.0,0.0,True
dp=0.0065,0.0065,constant,1.055663498409891,0.0,0.0,0.0,True
dp=0.0065,0.0065,constant,1.055663498409891,0.0,0.0,0.0,True
dp=0.0065,0.0065,constant,1.0557558533463163,0.0,0.0,0.0,True
dp=0.0065,0.0065,constant,1.0558482002044645,0.0,0.0,0.0,True
dp=0.0065,0.0065,constant,1.055940538986455,0.0,0.0,0.0,True
dp=0.0065,0.0065,constant,1.055940538986455,0.0,0.0,0.0,True
dp=0.0065,0.0065,constant,1.0560328696944066,0.0,0.0,0.0,True
dp=0.0065,0.0065,constant,1.056217506896662,0.0,0.0,0.0,True
dp=0.0065,0.0065,constant,1.0563098133951982,0.0,0.0,0.0,True
dp=0.0065,0.0065,constant,1.0563098133951982,0.0,0.0,0.0,True
dp=0.0065,0.0065,constant,1.0564021118281604,0.0,0.0,0.0,True
dp=0.0065,0.0065,constant,1.056494402197662,0.0,0.0,0.0,True
dp=0.0065,0.0065,constant,1.0565866845058165,0.0,0.0,0.0,True
dp=0.0065,0.0065,constant,1.0566789587547356,0.0,0.0,0.0,True
dp=0.0065,0.0065,constant,1.0567712249465304,0.0,0.0,0.0,True
dp=0.0065,0.0065,constant,1.063775315503705,0.0,0.0,0.0,True
dp=0.0065,0.0065,constant,1.0640502440557038,0.0,0.0,0.0,True
dp=0.0065,0.0065,constant,1.0644167049962134,0.0,0.0,0.0,True
dp=0.0065,0.0065,constant,1.064691467926268,0.0,0.0,0.0,True
dp=0.0065,0.0065,constant,1.0715528087196682,0.0,0.0,0.0,True
dp=0.0065,0.0065,constant,1.071734772168472,0.0,0.0,0.0,True
dp=0.0065,0.0065,constant,1.071734772168472,0.0,0.0,0.0,True
dp=0.0065,0.0065,constant,1.0719167047280322,0.0,0.0,0.0,True
dp=0.0065,0.0065,constant,1.0722804772423105,0.0,0.0,0.0,True
dp=0.0065,0.0065,constant,1.0722804772423105,0.0,0.0,0.0,True
dp=0.0065,0.0065,constant,1.0724623172284393,0.0,0.0,0.0,True
dp=0.0065,0.0065,constant,1.0726441263881468,0.0,0.0,0.0,True
dp=0.0065,0.0065,constant,1.0792742570241414,0.0,0.0,0.0,True
dp=0.0065,0.0065,constant,1.0793645917274712,0.0,0.0,0.0,True
dp=0.0065,0.0065,constant,1.0794549188710982,0.0,0.0,0.0,True
dp=0.0065,0.0065,constant,1.0794549188710982,0.0,0.0,0.0,True
dp=0.0065,0.0065,constant,1.0795452384569197,0.0,0.0,0.0,True
dp=0.0065,0.0065,constant,1.0796355504868325,0.0,0.0,0.0,True
dp=0.0065,0.0065,constant,1.0796355504868325,0.0,0.0,0.0,True
dp=0.0065,0.0065,constant,1.0798161518865157,0.0,0.0,0.0,True
dp=0.0065,0.0065,constant,1.0799064412600756,0.0,0.0,0.0,True
dp=0.0065,0.0065,constant,1.0800869973641003,0.0,0.0,0.0,True
dp=0.0065,0.0065,constant,1.0800869973641003,0.0,0.0,0.0,True
dp=0.0065,0.0065,constant,1.0801772640983498,0.0,0.0,0.0,True
dp=0.0065,0.0065,constant,1.0802675232899461,0.0,0.0,0.0,True
dp=0.0065,0.0065,constant,1.0802675232899464,0.0,0.0,0.0,True
dp=0.0065,0.0065,constant,1.08035777494078,0.0,0.0,0.0,True
dp=0.0065,0.0065,constant,1.0804480190527406,0.0,0.0,0.0,True
dp=0.0065,0.0065,constant,1.0870305524110229,0.0,0.0,0.0,True
dp=0.0065,0.0065,constant,1.0872996007885813,0.0,0.0,0.0,True
dp=0.0065,0.0065,constant,1.0874789293935792,0.0,0.0,0.0,True
dp=0.0065,0.0065,constant,1.0875685826075538,0.0,0.0,0.0,True
dp=0.0065,0.0065,constant,1.0877478668675937,0.0,0.0,0.0,True
dp=0.0065,0.0065,constant,1.0878374979173124,0.0,0.0,0.0,True
dp=0.0065,0.0065,constant,1.0880167378652754,0.0,0.0,0.0,True
dp=0.0065,0.0065,constant,1.0882855424358953,0.0,0.0,0.0,True
dp=0.0065,0.0065,constant,1.1025563123373843,0.0,0.0,0.0,True
dp=0.0065,0.0065,constant,1.1027331598691537,0.0,0.0,0.0,True
dp=0.0065,0.0065,constant,1.1030867698757891,0.0,0.0,0.0,True
dp=0.0065,0.0065,constant,1.1032635323779167,0.0,0.0,0.0,True
dp=0.0065,0.0065,constant,1.1034402665640746,0.0,0.0,0.0,True
dp=0.0065,0.0065,constant,1.1036169724478655,0.0,0.0,0.0,True
dp=0.0065,0.0065,constant,1.1102377771788396,0.0,0.0,0.0,True
dp=0.0065,0.0065,constant,1.1102377771788396,0.0,0.0,0.0,True
dp=0.0065,0.0065,constant,1.110501203004754,0.0,0.0,0.0,True
dp=0.0065,0.0065,constant,1.11067678551188,0.0,0.0,0.0,True
dp=0.0065,0.0065,constant,1.1107645663573362,0.0,0.0,0.0,True
dp=0.0065,0.0065,constant,1.110940107240259,0.0,0.0,0.0,True
dp=0.0065,0.0065,constant,1.111203366569321,0.0,0.0,0.0,True
dp=0.0065,0.0065,constant,1.1112911058201589,0.0,0.0,0.0,True
dp=0.0065,0.0065,quadratic_r2,0.0006495190528329692,5.987094229878922,6.0,-0.012905770121077964,True
dp=0.0065,0.0065,quadratic_r2,0.1303760786149024,5.987094229878922,6.0,-0.012905770121077964,True
dp=0.0065,0.0065,quadratic_r2,0.18384891045366586,5.987094229878923,6.0,-0.012905770121077076,True
dp=0.0065,0.0065,quadratic_r2,0.18437847454352813,5.987094229878922,6.0,-0.012905770121077964,True
dp=0.0065,0.0065,quadratic_r2,0.2253839432501776,5.987094229878921,6.0,-0.012905770121078852,True
dp=0.0065,0.0065,quadratic_r2,0.2603755400858508,5.987094229878923,6.0,-0.012905770121077076,True
dp=0.0065,0.0065,quadratic_r2,0.29018601254195997,5.987094229878922,6.0,-0.012905770121077964,True
dp=0.0065,0.0065,quadratic_r2,0.2905218096374194,5.987094229878922,6.0,-0.012905770121077964,True
dp=0.0065,0.0065,quadratic_r2,0.290857219052578,5.987094229878922,6.0,-0.012905770121077964,True
dp=0.0065,0.0065,quadratic_r2,0.291192242127083,5.987094229878922,6.0,-0.012905770121077964,True
dp=0.0065,0.0065,quadratic_r2,0.31812799605662145,5.987094229878924,6.0,-0.012905770121076188,True
dp=0.0065,0.0065,quadratic_r2,0.3184343289832304,5.987094229878919,6.0,-0.012905770121080629,True
dp=0.0065,0.0065,quadratic_r2,0.3187403675015114,5.987094229878922,6.0,-0.012905770121077964,True
dp=0.0065,0.0065,quadratic_r2,0.31904611245868036,5.987094229878926,6.0,-0.012905770121074411,True
dp=0.0065,0.0065,quadratic_r2,0.3676960998909293,5.987094229878922,6.0,-0.012905770121077964,True
dp=0.0065,0.0065,quadratic_r2,0.3682260472522239,5.987094229878921,6.0,-0.012905770121078852,True
dp=0.0065,0.0065,quadratic_r2,0.38962536092380157,5.987094229878927,6.0,-0.012905770121072635,True
dp=0.0065,0.0065,quadratic_r2,0.38987552099997386,5.987094229878923,6.0,-0.012905770121077076,True
dp=0.0065,0.0065,quadratic_r2,0.3901255206661049,5.98709422987892,6.0,-0.01290577012107974,True
dp=0.0065,0.0065,quadratic_r2,0.3903753602303786,5.98709422987892,6.0,-0.01290577012107974,True
dp=0.0065,0.0065,quadratic_r2,0.39062503999999315,5.987094229878919,6.0,-0.012905770121080629,True
dp=0.0065,0.0065,quadratic_r2,0.4106219939007207,5.98709422987892,6.0,-0.01290577012107974,True
dp=0.0065,0.0065,quadratic_r2,0.4108593699491371,5.987094229878923,6.0,-0.012905770121077076,True
dp=0.0065,0.0065,quadratic_r2,0.4113337110850491,5.98709422987892,6.0,-0.01290577012107974,True
dp=0.0065,0.0065,quadratic_r2,0.41157067664618313,5.987094229878926,6.0,-0.012905770121074411,True
dp=0.0065,0.0065,quadratic_r2,0.4308223785680158,5.98709422987892,6.0,-0.01290577012107974,True
dp=0.0065,0.0065,quadratic_r2,0.431048630522127,5.987094229878919,6.0,-0.012905770121080629,True
dp=0.0065,0.0065,quadratic_r2,0.4315007785334783,5.987094229878924,6.0,-0.012905770121076188,True
dp=0.0065,0.0065,quadratic_r2,0.4317266749634499,5.98709422987892,6.0,-0.01290577012107974,True
dp=0.0065,0.0065,quadratic_r2,0.45011712017540717,5.987094229878923,6.0,-0.012905770121077076,True
dp=0.0065,0.0065,quadratic_r2,0.4682017961039923,5.987094229878922,6.0,-0.012905770121077964,True
dp=0.0065,0.0065,quadratic_r2,0.46861809810868504,5.987094229878922,6.0,-0.012905770121077964,True
dp=0.0065,0.0065,quadratic_r2,0.46882611048767275,5.987094229878924,6.0,-0.012905770121076188,True
dp=0.0065,0.0065,quadratic_r2,0.46924185861344075,5.987094229878921,6.0,-0.012905770121078852,True
dp=0.0065,0.0065,quadratic_r2,0.4858141845140025,5.987094229878917,6.0,-0.012905770121083293,True
dp=0.0065,0.0065,quadratic_r2,0.48601483709348176,5.987094229878924,6.0,-0.012905770121076188,True
dp=0.0065,0.0065,quadratic_r2,0.48621540686716413,5.987094229878927,6.0,-0.012905770121072635,True
dp=0.0065,0.0065,quadratic_r2,0.4864158939374827,5.987094229878926,6.0,-0.012905770121074411,True
dp=0.0065,0.0065,quadratic_r2,0.4864158939374827,5.987094229878926,6.0,-0.012905770121074411,True
dp=0.0065,0.0065,quadratic_r2,0.4866162984066592,5.9870942298789185,6.0,-0.012905770121081517,True
dp=0.0065,0.0065,quadratic_r2,0.4868166203767053,5.987094229878915,6.0,-0.01290577012108507,True
dp=0.0065,0.0065,quadratic_r2,0.4870168599494227,5.9870942298789185,6.0,-0.012905770121081517,True
dp=0.0065,0.0065,quadratic_r2,0.5196252706277896,5.987094229878925,6.0,-0.0129057701210753,True
dp=0.0065,0.0065,quadratic_r2,0.5353670907657717,5.987094229878927,6.0,-0.012905770121072635,True
dp=0.0065,0.0065,quadratic_r2,0.5355491778305747,5.987094229878922,6.0,-0.012905770121077964,True
dp=0.0065,0.0065,quadratic_r2,0.5357312030066971,5.987094229878924,6.0,-0.012905770121076188,True
dp=0.0065,0.0065,quadratic_r2,0.5357312030066971,5.987094229878922,6.0,-0.012905770121077964,True
dp=0.0065,0.0065,quadratic_r2,0.5360950679450425,5.9870942298789185,6.0,-0.012905770121081517,True
dp=0.0065,0.0065,quadratic_r2,0.536276907833069,5.987094229878922,6.0,-0.012905770121077964,True
dp=0.0065,0.0065,quadratic_r2,0.536276907833069,5.987094229878922,6.0,-0.012905770121077964,True
dp=0.0065,0.0065,quadratic_r2,0.5364586860840231,5.987094229878927,6.0,-0.012905770121072635,True
dp=0.0065,0.0065,quadratic_r2,0.551013086845499,5.98709422987892,6.0,-0.01290577012107974,True
dp=0.0065,0.0065,quadratic_r2,0.5511900052386688,5.9870942298789265,6.0,-0.012905770121073523,True
dp=0.0065,0.0065,quadratic_r2,0.5513668668636175,5.987094229878931,6.0,-0.012905770121069082,True
dp=0.0065,0.0065,quadratic_r2,0.5515436717749561,5.9870942298789185,6.0,-0.012905770121081517,True
dp=0.0065,0.0065,quadratic_r2,0.5518971116748096,5.987094229878926,6.0,-0.012905770121074411,True
dp=0.0065,0.0065,quadratic_r2,0.5520737467721099,5.987094229878932,6.0,-0.012905770121068194,True
dp=0.0065,0.0065,quadratic_r2,0.5660546986599494,5.987094229878922,6.0,-0.012905770121077964,True
dp=0.0065,0.0065,quadratic_r2,0.5665711975339034,5.987094229878915,6.0,-0.01290577012108507,True
dp=0.0065,0.0065,quadratic_r2,0.5667432592232569,5.987094229878929,6.0,-0.012905770121070859,True
dp=0.0065,0.0065,quadratic_r2,0.5670872259846773,5.987094229878924,6.0,-0.012905770121076188,True
dp=0.0065,0.0065,quadratic_r2,0.5808747041101079,5.987094229878927,6.0,-0.012905770121072635,True
dp=0.0065,0.0065,quadratic_r2,0.5812103077845421,5.987094229878926,6.0,-0.012905770121074411,True
dp=0.0065,0.0065,quadratic_r2,0.581545717785798,5.987094229878917,6.0,-0.012905770121083293,True
dp=0.0065,0.0065,quadratic_r2,0.5818809344487889,5.987094229878933,6.0,-0.012905770121067306,True
dp=0.0065,0.0065,quadratic_r2,0.5951620971424559,5.987094229878927,6.0,-0.012905770121072635,True
dp=0.0065,0.0065,quadratic_r2,0.5953258955185845,5.98709422987893,6.0,-0.01290577012106997,True
dp=0.0065,0.0065,quadratic_r2,0.59548964883951,5.987094229878929,6.0,-0.012905770121070859,True
dp=0.0065,0.0065,quadratic_r2,0.5956533571423914,5.987094229878927,6.0,-0.012905770121072635,True
dp=0.0065,0.0065,quadratic_r2,0.5958170204643367,5.987094229878922,6.0,-0.012905770121077964,True
dp=0.0065,0.0065,quadratic_r2,0.5959806388424025,5.987094229878922,6.0,-0.012905770121077964,True
dp=0.0065,0.0065,quadratic_r2,0.5961442123135949,5.987094229878926,6.0,-0.012905770121074411,True
dp=0.0065,0.0065,quadratic_r2,0.5963077409148693,5.987094229878927,6.0,-0.012905770121072635,True
dp=0.0065,0.0065,quadratic_r2,0.6091144571219822,5.987094229878923,6.0,-0.012905770121077076,True
dp=0.0065,0.0065,quadratic_r2,0.6095944732976196,5.987094229878922,6.0,-0.012905770121077964,True
dp=0.0065,0.0065,quadratic_r2,0.6099142742017103,5.987094229878922,6.0,-0.012905770121077964,True
dp=0.0065,0.0065,quadratic_r2,0.6100741117888854,5.98709422987892,6.0,-0.01290577012107974,True
dp=0.0065,0.0065,quadratic_r2,0.636254997524583,5.987094229878923,6.0,-0.012905770121077076,True
dp=0.0065,0.0065,quadratic_r2,0.6365614046382359,5.98709422987893,6.0,-0.01290577012106997,True
dp=0.0065,0.0065,quadratic_r2,0.6368676643345936,5.987094229878927,6.0,-0.012905770121072635,True
dp=0.0065,0.0065,quadratic_r2,0.6371737768262261,5.987094229878929,6.0,-0.012905770121070859,True
dp=0.0065,0.0065,quadratic_r2,0.6494751125909339,5.987094229878922,6.0,-0.012905770121077964,True
dp=0.0065,0.0065,quadratic_r2,0.6496252164710087,5.987094229878911,6.0,-0.012905770121088622,True
dp=0.0065,0.0065,quadratic_r2,0.6499253202291795,5.987094229878931,6.0,-0.012905770121069082,True
dp=0.0065,0.0065,quadratic_r2,0.6500753201552878,5.987094229878926,6.0,-0.012905770121074411,True
dp=0.0065,0.0065,quadratic_r2,0.6505251124091944,5.9870942298789265,6.0,-0.012905770121073523,True
dp=0.0065,0.0065,quadratic_r2,0.6622842455283132,5.987094229878924,6.0,-0.012905770121076188,True
dp=0.0065,0.0065,quadratic_r2,0.6624314469248916,5.987094229878931,6.0,-0.012905770121069082,True
dp=0.0065,0.0065,quadratic_r2,0.6624314469248916,5.98709422987893,6.0,-0.01290577012106997,True
dp=0.0065,0.0065,quadratic_r2,0.6625786156185574,5.98709422987891,6.0,-0.012905770121090399,True
dp=0.0065,0.0065,quadratic_r2,0.6627257516310969,5.987094229878927,6.0,-0.012905770121072635,True
dp=0.0065,0.0065,quadratic_r2,0.6628728549842728,5.987094229878914,6.0,-0.012905770121085958,True
dp=0.0065,0.0065,quadratic_r2,0.6628728549842728,5.987094229878915,6.0,-0.01290577012108507,True
dp=0.0065,0.0065,quadratic_r2,0.6630199256998232,5.987094229878943,6.0,-0.012905770121056648,True
dp=0.0065,0.0065,quadratic_r2,0.6631669637994625,5.987094229878922,6.0,-0.012905770121077964,True
dp=0.0065,0.0065,quadratic_r2,0.6633139693048804,5.987094229878931,6.0,-0.012905770121069082,True
dp=0.0065,0.0065,quadratic_r2,0.6633139693048804,5.987094229878929,6.0,-0.012905770121070859,True
dp=0.0065,0.0065,quadratic_r2,0.6634609422377433,5.987094229878926,6.0,-0.012905770121074411,True
dp=0.0065,0.0065,quadratic_r2,0.6749947569240863,5.987094229878931,6.0,-0.012905770121069082,True
dp=0.0065,0.0065,quadratic_r2,0.6751391870384985,5.987094229878929,6.0,-0.012905770121070859,True
dp=0.0065,0.0065,quadratic_r2,0.6752835862621,5.987094229878931,6.0,-0.012905770121069082,True
dp=0.0065,0.0065,quadratic_r2,0.6757165987860578,5.987094229878933,6.0,-0.012905770121067306,True
dp=0.0065,0.0065,quadratic_r2,0.6758608746443285,5.98709422987892,6.0,-0.01290577012107974,True
dp=0.0065,0.0065,quadratic_r2,0.6761493340046957,5.986522913203775,6.0,-0.01347708679622528,True
dp=0.0065,0.0065,quadratic_r2,0.6994447239596622,5.981674210639817,6.0,-0.018325789360183364,True
dp=0.0065,0.0065,quadratic_r2,0.699584106362492,5.977393933643921,6.0,-0.022606066356079424,True
dp=0.0065,0.0065,quadratic_r2,0.6997234610008477,5.981672691900465,6.0,-0.018327308099535422,True
dp=0.0065,0.0065,quadratic_r2,0.6998627878913146,5.977391445112318,6.0,-0.02260855488768243,True
dp=0.0065,0.0065,quadratic_r2,0.6998627878913146,5.977391445112318,6.0,-0.02260855488768243,True
dp=0.0065,0.0065,quadratic_r2,0.7000020870504614,5.981670203368845,6.0,-0.018329796631155304,True
dp=0.0065,0.0065,quadratic_r2,0.7001413584948399,5.981671173161121,6.0,-0.018328826838878598,True
dp=0.0065,0.0065,quadratic_r2,0.7002806022409863,5.981668684629501,6.0,-0.018331315370499368,True
dp=0.0065,0.0065,quadratic_r2,0.7002806022409863,5.977386468049085,6.0,-0.02261353195091509,True
dp=0.0065,0.0065,quadratic_r2,0.7004198183054196,5.981668684629489,6.0,-0.018331315370510914,True
dp=0.0065,0.0065,quadratic_r2,0.7005590067046424,5.977383979517466,6.0,-0.022616020482534083,True
dp=0.0065,0.0065,quadratic_r2,0.7006981674551416,5.981667165890157,6.0,-0.018332834109843432,True
dp=0.0065,0.0065,quadratic_r2,0.7114916878467431,5.964027753608505,6.0,-0.03597224639149488,True
dp=0.0065,0.0065,quadratic_r2,0.7116287106876771,5.964026234869156,6.0,-0.03597376513084427,True
dp=0.0065,0.0065,quadratic_r2,0.7117657071501859,5.96402164897802,6.0,-0.03597835102198044,True
dp=0.0065,0.0065,quadratic_r2,0.7119026772494977,5.964020130238669,6.0,-0.03597986976133072,True
dp=0.0065,0.0065,quadratic_r2,0.712176538419372,5.96400998866417,6.0,-0.03599001133583002,True
dp=0.0065,0.0065,quadratic_r2,0.7123134295203184,5.964008469924824,6.0,-0.03599153007517586,True
dp=0.0065,0.0065,quadratic_r2,0.712450294318836,5.964003884033705,6.0,-0.03599611596629515,True
dp=0.0065,0.0065,quadratic_r2,0.7125871328300803,5.964002365294336,6.0,-0.03599763470566408,True
dp=0.0065,0.0065,quadratic_r2,0.73539133927114,5.934114427755235,6.0,-0.0658855722447651,True
dp=0.0065,0.0065,quadratic_r2,0.735921478063383,5.934085581117197,6.0,-0.06591441888280336,True
dp=0.0065,0.0065,quadratic_r2,0.7462056833574829,5.890633297084762,6.0,-0.10936670291523765,True
dp=0.0065,0.0065,quadratic_r2,0.7464669596673419,5.853529000486542,6.0,-0.14647099951345766,True
dp=0.0065,0.0065,quadratic_r2,0.7467281445579789,5.853487463289683,6.0,-0.1465125367103166,True
dp=0.0065,0.0065,quadratic_r2,0.7467281445579789,5.8905811032093425,6.0,-0.10941889679065753,True
dp=0.0065,0.0065,quadratic_r2,0.7468587027510627,5.85348430604899,6.0,-0.14651569395101038,True
dp=0.0065,0.0065,quadratic_r2,0.7471197506926162,5.853442768852149,6.0,-0.1465572311478507,True
dp=0.0065,0.0065,quadratic_r2,0.7472502404649967,5.890528909333932,6.0,-0.10947109066606764,True
dp=0.0065,0.0065,quadratic_r2,0.7473807074543695,5.85340123165528,6.0,-0.1465987683447203,True
dp=0.0065,0.0065,quadratic_r2,0.7575093543151843,5.754952739288721,6.0,-0.2450472607112788,True
dp=0.0065,0.0065,quadratic_r2,0.7577667331540784,5.810386384114322,6.0,-0.18961361588567804,True
dp=0.0065,0.0065,quadratic_r2,0.7578953897966412,5.754847639573615,6.0,-0.24515236042638477,True
dp=0.0065,0.0065,quadratic_r2,0.7578953897966412,5.7548476395736206,6.0,-0.24515236042637945,True
dp=0.0065,0.0065,quadratic_r2,0.7581526375836197,5.754805975381391,6.0,-0.24519402461860906,True
dp=0.0065,0.0065,quadratic_r2,0.7582812287502558,5.810293318687688,6.0,-0.1897066813123116,True
dp=0.0065,0.0065,quadratic_r2,0.7585383456853019,5.754700875666295,6.0,-0.24529912433370527,True
dp=0.0065,0.0065,quadratic_r2,0.7586668714758756,5.810223182716712,6.0,-0.18977681728328832,True
dp=0.0065,0.0065,quadratic_r2,0.7685199554175599,5.685838701507614,6.0,-0.31416129849238583,True
dp=0.0065,0.0065,quadratic_r2,0.768646812180345,5.685809249639757,6.0,-0.31419075036024324,True
dp=0.0065,0.0065,quadratic_r2,0.7689004629176674,5.685718058139627,6.0,-0.31428194186037306,True
dp=0.0065,0.0065,quadratic_r2,0.7690272569129145,5.685688606271764,6.0,-0.3143113937282358,True
dp=0.0065,0.0065,quadratic_r2,0.7691540300063441,5.685645396730557,6.0,-0.3143546032694431,True
dp=0.0065,0.0065,quadratic_r2,0.76928078220829,5.685615944862703,6.0,-0.31438405513729695,True
dp=0.0065,0.0065,quadratic_r2,0.7695342239790218,5.685524753362548,6.0,-0.31447524663745163,True
dp=0.0065,0.0065,quadratic_r2,0.7696609135684324,5.685495301494699,6.0,-0.31450469850530105,True
dp=0.0065,0.0065,quadratic_r2,0.7796251803751633,5.847681676124426,6.0,-0.15231832387557365,True
dp=0.0065,0.0065,quadratic_r2,0.779875260458365,5.683098818771618,6.0,-0.3169011812283822,True
dp=0.0065,0.0065,quadratic_r2,0.780125260374896,5.683026585441116,6.0,-0.31697341455888406,True
dp=0.0065,0.0065,quadratic_r2,0.7803751802018029,5.8475762816748675,6.0,-0.15242371832513246,True
dp=0.0065,0.0065,quadratic_r2,0.7806250200160081,5.682873724136677,6.0,-0.3171262758633233,True
dp=0.0065,0.0065,quadratic_r2,0.790327730675703,5.771031007201597,6.0,-0.22896899279840266,True
dp=0.0065,0.0065,quadratic_r2,0.7904510875917656,5.770983214832656,6.0,-0.22901678516734414,True
dp=0.0065,0.0065,quadratic_r2,0.7910675836330275,5.770877820383104,6.0,-0.22912217961689585,True
dp=0.0065,0.0065,quadratic_r2,0.7911908251964223,5.770830028014175,6.0,-0.2291699719858249,True
dp=0.0065,0.0065,quadratic_r2,0.8007655224065339,5.265083917121592,6.0,-0.7349160828784083,True
dp=0.0065,0.0065,quadratic_r2,0.8010090023682667,5.6098081514070275,6.0,-0.3901918485929725,True
dp=0.0065,0.0065,quadratic_r2,0.8010090023682667,5.2648969474294915,6.0,-0.7351030525705085,True
dp=0.0065,0.0065,quadratic_r2,0.8011307145996865,5.264842622351521,6.0,-0.7351573776484788,True
dp=0.0065,0.0065,quadratic_r2,0.8011307145996865,5.264842622351518,6.0,-0.7351573776484823,True
dp=0.0065,0.0065,quadratic_r2,0.8013740836057783,5.26463870390233,6.0,-0.7353612960976701,True
dp=0.0065,0.0065,quadratic_r2,0.8013740836057784,5.264655652659394,6.0,-0.7353443473406056,True
dp=0.0065,0.0065,quadratic_r2,0.8016173787256599,5.2644517342102,6.0,-0.7355482657897996,True
dp=0.0065,0.0065,quadratic_r2,0.8017389985992924,5.609554224268111,6.0,-0.3904457757318891,True
dp=0.0065,0.0065,quadratic_r2,0.8017389985992924,5.609554224268111,6.0,-0.3904457757318891,True
dp=0.0065,0.0065,quadratic_r2,0.8018606000265849,5.609468284304733,6.0,-0.3905317156952668,True
dp=0.0065,0.0065,quadratic_r2,0.8019821830159277,5.264210439440146,6.0,-0.7357895605598541,True
dp=0.0065,0.0065,quadratic_r2,0.8217179697895183,5.088467876756335,6.0,-0.9115321232436653,True
dp=0.0065,0.0065,quadratic_r2,0.8219552432310437,5.088158462449265,6.0,-0.9118415375507354,True
dp=0.0065,0.0065,quadratic_r2,0.8224295847517877,5.087877051098689,6.0,-0.9121229489013114,True
dp=0.0065,0.0065,quadratic_r2,0.822666652949416,5.087567636791599,6.0,-0.912432363208401,True
dp=0.0065,0.0065,quadratic_r2,0.8318791510039234,4.773354174485911,6.0,-1.2266458255140886,True
dp=0.0065,0.0065,quadratic_r2,0.8318791510039234,4.773354174485915,6.0,-1.226645825514085,True
dp=0.0065,0.0065,quadratic_r2,0.8319963472726349,4.773169693325421,6.0,-1.2268303066745787,True
dp=0.0065,0.0065,quadratic_r2,0.8321135270352268,4.772976235768429,6.0,-1.2270237642315713,True
dp=0.0065,0.0065,quadratic_r2,0.8321135270352268,4.772976235768429,6.0,-1.2270237642315713,True
dp=0.0065,0.0065,quadratic_r2,0.8322306902986717,4.609967741245743,6.0,-1.3900322587542568,True
dp=0.0065,0.0065,quadratic_r2,0.8322306902986717,4.7727917546079235,6.0,-1.2272082453920765,True
dp=0.0065,0.0065,quadratic_r2,0.8323478370699368,4.566781842802292,6.0,-1.4332181571977083,True
dp=0.0065,0.0065,quadratic_r2,0.8324649673559845,4.566466603333305,6.0,-1.4335333966666948,True
dp=0.0065,0.0065,quadratic_r2,0.8325820811637725,4.772565500494334,6.0,-1.2274344995056659,True
dp=0.0065,0.0065,quadratic_r2,0.8325820811637725,4.60944376097431,6.0,-1.39055623902569,True
dp=0.0065,0.0065,quadratic_r2,0.8326991785002537,4.772381019333819,6.0,-1.2276189806661808,True
dp=0.0065,0.0065,quadratic_r2,0.8328162593723754,4.77218756177683,6.0,-1.2278124382231699,True
dp=0.0065,0.0065,quadratic_r2,0.8329333237870807,4.565903670493214,6.0,-1.4340963295067857,True
dp=0.0065,0.0065,quadratic_r2,0.8329333237870808,4.7720030806163125,6.0,-1.2279969193836875,True
dp=0.0065,0.0065,quadratic_r2,0.8330503717513079,4.608841449975252,6.0,-1.3911585500247483,True
dp=0.0065,0.0065,quadratic_r2,0.841917704930244,4.271113803479318,6.0,-1.7288861965206817,True
dp=0.0065,0.0065,quadratic_r2,0.8420335040097916,4.270951699763927,6.0,-1.729048300236073,True
dp=0.0065,0.0065,quadratic_r2,0.8423808057375256,4.270410045674067,6.0,-1.7295899543259328,True
dp=0.0065,0.0065,quadratic_r2,0.8424965411650076,4.270102667942698,6.0,-1.729897332057302,True
dp=0.0065,0.0065,quadratic_r2,0.8424965411650076,4.270247941958685,6.0,-1.7297520580413153,True
dp=0.0065,0.0065,quadratic_r2,0.8426122606958669,4.2699405642273405,6.0,-1.7300594357726595,True
dp=0.0065,0.0065,quadratic_r2,0.842959323974173,4.269398910137473,6.0,-1.7306010898625273,True
dp=0.0065,0.0065,quadratic_r2,0.8430749799839828,4.269236806422087,6.0,-1.7307631935779133,True
dp=0.0065,0.0065,quadratic_r2,0.8521812728962104,3.827969244779304,6.0,-2.172030755220696,True
dp=0.0065,0.0065,quadratic_r2,0.8524100667372494,3.8274420399459306,6.0,-2.1725579600540694,True
dp=0.0065,0.0065,quadratic_r2,0.8527531424011272,3.8267577940161353,6.0,-2.1732422059838647,True
dp=0.0065,0.0065,quadratic_r2,0.8530960800959012,3.8260735480863257,6.0,-2.1739264519136743,True
dp=0.0065,0.0065,quadratic_r2,0.8619834232019814,3.491047324060988,6.0,-2.508952675939012,True
dp=0.0065,0.0065,quadratic_r2,0.8622096159722431,3.490432898884947,6.0,-2.509567101115053,True
dp=0.0065,0.0065,quadratic_r2,0.8626618235873177,3.4894990524292346,6.0,-2.5105009475707654,True
dp=0.0065,0.0065,quadratic_r2,0.8628878385253748,3.4888846272531886,6.0,-2.5111153727468114,True
dp=0.0065,0.0065,quadratic_r2,0.8714516176329069,3.161054548293029,6.0,-2.838945451706971,True
dp=0.0065,0.0065,quadratic_r2,0.8715634927387725,2.922769918498286,6.0,-3.077230081501714,True
dp=0.0065,0.0065,quadratic_r2,0.8716753534860366,3.1604857892540226,6.0,-2.8395142107459774,True
dp=0.0065,0.0065,quadratic_r2,0.8718990319268646,3.1599445393653784,6.0,-2.8400554606346216,True
dp=0.0065,0.0065,quadratic_r2,0.8718990319268647,2.921661460245762,6.0,-3.078338539754238,True
dp=0.0065,0.0065,quadratic_r2,0.8720108496314722,3.1595132206841336,6.0,-2.8404867793158664,True
dp=0.0065,0.0065,quadratic_r2,0.8721226529995655,3.159375780326359,6.0,-2.840624219673641,True
dp=0.0065,0.0065,quadratic_r2,0.8722344420366573,2.920914783567021,6.0,-3.079085216432979,True
dp=0.0065,0.0065,quadratic_r2,0.8722344420366573,3.158944461645122,6.0,-2.841055538354878,True
dp=0.0065,0.0065,quadratic_r2,0.872457977139871,3.1584032117564753,6.0,-2.8415967882435247,True
dp=0.0065,0.0065,quadratic_r2,0.8725697232170012,2.919806325314509,6.0,-3.080193674685491,True
dp=0.0065,0.0065,quadratic_r2,0.8726814549851466,3.1578344527174744,6.0,-2.8421655472825256,True
dp=0.0065,0.0065,quadratic_r2,0.881150056389381,2.4495750823477422,6.0,-3.5504249176522578,True
dp=0.0065,0.0065,quadratic_r2,0.881260700289652,2.44922382445883,6.0,-3.55077617554117,True
dp=0.0065,0.0065,quadratic_r2,0.88148194642602,2.4483829239988655,6.0,-3.5516170760011345,True
dp=0.0065,0.0065,quadratic_r2,0.881592548672573,2.4480316661099923,6.0,-3.5519683338900077,True
dp=0.0065,0.0065,quadratic_r2,0.8818137115485332,2.447438982573521,6.0,-3.552561017426479,True
dp=0.0065,0.0065,quadratic_r2,0.8819242721883769,2.4470877246846072,6.0,-3.5529122753153928,True
dp=0.0065,0.0065,quadratic_r2,0.8821453518978576,2.446246824224641,6.0,-3.553753175775359,True
dp=0.0065,0.0065,quadratic_r2,0.8822558709779116,2.445895566335764,6.0,-3.554104433664236,True
dp=0.0065,0.0065,quadratic_r2,0.9008831344158897,1.4199194283075194,6.0,-4.580080571692481,True
dp=0.0065,0.0065,quadratic_r2,0.9094107553108278,0.7380210550669535,6.0,-5.2619789449330465,True
dp=0.0065,0.0065,quadratic_r2,0.9096251545966652,0.7369616289187135,6.0,-5.2630383710812865,True
dp=0.0065,0.0065,quadratic_r2,0.9097323352915435,0.7364903955702005,6.0,-5.2635096044297995,True
dp=0.0065,0.0065,quadratic_r2,0.9099466588075381,0.7354309694219676,6.0,-5.264569030578032,True
dp=0.0065,0.0065,quadratic_r2,0.9100538016375738,0.7349711665216017,6.0,-5.265028833478398,True
dp=0.0065,0.0065,quadratic_r2,0.9102680494640012,0.733911740373351,6.0,-5.266088259626649,True
dp=0.0065,0.0065,quadratic_r2,0.9103751544692967,1.9982436176263914,6.0,-4.001756382373609,True
dp=0.0065,0.0065,quadratic_r2,0.9103751544692967,0.7334405070248167,6.0,-5.266559492975183,True
dp=0.0065,0.0065,quadratic_r2,0.9105893266862909,0.7323810808765963,6.0,-5.267618919123404,True
dp=0.0065,0.0065,quadratic_r2,0.9186024286245988,0.3820985843568785,6.0,-5.6179014156431215,True
dp=0.0065,0.0065,quadratic_r2,0.9188146830971999,1.5776467420656193,6.0,-4.422353257934381,True
dp=0.0065,0.0065,quadratic_r2,0.9189207919483627,0.3804129366760167,6.0,-5.6195870633239835,True
dp=0.0065,0.0065,quadratic_r2,0.9189207919483628,0.3804129366759972,6.0,-5.619587063324003,True
dp=0.0065,0.0065,quadratic_r2,0.919026888548428,0.38009558681840405,6.0,-5.619904413181596,True
dp=0.0065,0.0065,quadratic_r2,0.919132972901638,0.37938049626996967,6.0,-5.620619503730031,True
dp=0.0065,0.0065,quadratic_r2,0.9192390450122326,0.7381535539178188,6.0,-5.261846446082181,True
dp=0.0065,0.0065,quadratic_r2,0.9193451048844498,0.3784099391375102,6.0,-5.62159006086249,True
dp=0.0065,0.0065,quadratic_r2,0.9194511525225242,0.3776948485891125,6.0,-5.622305151410887,True
dp=0.0065,0.0065,quadratic_r2,0.9195571879306891,1.574717399630524,6.0,-4.425282600369476,True
dp=0.0065,0.0065,quadratic_r2,0.9195571879306891,1.574717399630524,6.0,-4.425282600369476,True
dp=0.0065,0.0065,quadratic_r2,0.9196632111131744,1.5743133563376848,6.0,-4.425686643662315,True
dp=0.0065,0.0065,quadratic_r2,0.9197692220742079,0.7356910117444375,6.0,-5.2643089882555625,True
dp=0.0065,0.0065,quadratic_r2,0.919875220818015,0.37569185105062086,6.0,-5.624308148949379,True
dp=0.0065,0.0065,quadratic_r2,0.9279132081585048,0.05945223426819224,6.0,-5.940547765731807,True
dp=0.0065,0.0065,quadratic_r2,0.9280182766923328,0.9783524249963591,6.0,-5.021647575003641,True
dp=0.0065,0.0065,quadratic_r2,0.9281233333318398,0.9777802813499878,6.0,-5.022219718650012,True
dp=0.0065,0.0065,quadratic_r2,0.9283334109440435,0.057297870170144455,6.0,-5.942702129829856,True
dp=0.0065,0.0065,quadratic_r2,0.9284384319248103,0.05670017960453233,6.0,-5.943299820395468,True
dp=0.0065,0.0065,quadratic_r2,0.9287534236141451,0.9751383749830609,6.0,-5.024861625016939,True
dp=0.0065,0.0065,quadratic_r2,0.9288583971063588,0.05454581550651158,6.0,-5.945454184493489,True
dp=0.0065,0.0065,quadratic_r2,0.9289633587364965,0.05394812494088774,6.0,-5.946051875059112,True
dp=0.0065,0.0065,quadratic_r2,0.936923381005624,-1.2610254555878613,6.0,-7.261025455587861,True
dp=0.0065,0.0065,quadratic_r2,0.9373395446021698,-1.263578723976652,6.0,-7.263578723976652,True
dp=0.0065,0.0065,quadratic_r2,0.9375475571271038,-1.2651612958554508,6.0,-7.265161295855451,True
dp=0.0065,0.0065,quadratic_r2,0.9379634437839214,-1.2677145642442424,6.0,-7.267714564244242,True
dp=0.0065,0.0065,quadratic_r2,0.9458477265791838,-1.859956331780621,6.0,-7.859956331780621,True
dp=0.0065,0.0065,quadratic_r2,0.9459508030944361,-0.5030986431526536,6.0,-6.503098643152653,True
dp=0.0065,0.0065,quadratic_r2,0.9459508030944361,-0.5030986431526538,6.0,-6.503098643152654,True
dp=0.0065,0.0065,quadratic_r2,0.9461569224367623,-0.5047199479993446,6.0,-6.5047199479993445,True
dp=0.0065,0.0065,quadratic_r2,0.9462599652711742,-1.8626844477224758,6.0,-7.862684447722476,True
dp=0.0065,0.0065,quadratic_r2,0.9463629968859741,-1.8632656992022594,6.0,-7.863265699202259,True
dp=0.0065,0.0065,quadratic_r2,0.9464660172848262,-1.8643387847817163,6.0,-7.864338784781716,True
dp=0.0065,0.0065,quadratic_r2,0.9465690264713922,-1.8649200362614826,6.0,-7.864920036261482,True
dp=0.0065,0.0065,quadratic_r2,0.9466720244493324,-0.5070485349848027,6.0,-6.507048534984802,True
dp=0.0065,0.0065,quadratic_r2,0.9468779867939661,-1.867066900723573,6.0,-7.867066900723573,True
dp=0.0065,0.0065,quadratic_r2,0.9468779867939661,-0.5086698398315104,6.0,-6.50866983983151,True
dp=0.0065,0.0065,quadratic_r2,0.9469809511679697,-1.867648152203342,6.0,-7.867648152203342,True
dp=0.0065,0.0065,quadratic_r2,0.9546886517996384,-1.9977918631760847,6.0,-7.997791863176085,True
dp=0.0065,0.0065,quadratic_r2,0.9547907738740511,-1.3688718879690078,6.0,-7.368871887969008,True
dp=0.0065,0.0065,quadratic_r2,0.954892885026906,-1.3697537834475526,6.0,-7.369753783447552,True
dp=0.0065,0.0065,quadratic_r2,0.954994985261706,-1.3706806154128937,6.0,-7.370680615412894,True
dp=0.0065,0.0065,quadratic_r2,0.9549949852617062,-2.60866716120015,6.0,-8.60866716120015,True
dp=0.0065,0.0065,quadratic_r2,0.9550970745819529,-1.371562510891435,6.0,-7.371562510891435,True
dp=0.0065,0.0065,quadratic_r2,0.9551991529911461,-2.001335706194715,6.0,-8.001335706194714,True
dp=0.0065,0.0065,quadratic_r2,0.9553012204927833,-2.6110580149736453,6.0,-8.611058014973645,True
dp=0.0065,0.0065,quadratic_r2,0.9554032770903604,-2.0027020859294304,6.0,-8.00270208592943,True
dp=0.0065,0.0065,quadratic_r2,0.9555053227873712,-1.373252594503568,6.0,-7.373252594503568,True
dp=0.0065,0.0065,quadratic_r2,0.9556073575873077,-1.374134489982099,6.0,-7.374134489982099,True
dp=0.0065,0.0065,quadratic_r2,0.9556073575873077,-1.3741344899820989,6.0,-7.374134489982099,True
dp=0.0065,0.0065,quadratic_r2,0.9557093814936605,-1.375061321947471,6.0,-7.375061321947471,True
dp=0.0065,0.0065,quadratic_r2,0.9557093814936605,-2.0048795492133626,6.0,-8.004879549213364,True
dp=0.0065,0.0065,quadratic_r2,0.9558113945099176,-1.3759432174259814,6.0,-7.375943217425982,True
dp=0.0065,0.0065,quadratic_r2,0.9559133966395659,-2.0062459289480548,6.0,-8.006245928948054,True
dp=0.0065,0.0065,quadratic_r2,0.9722296137615904,-3.800026529216087,6.0,-9.800026529216087,True
dp=0.0065,0.0065,quadratic_r2,0.9724301629808735,-3.8016377742647056,6.0,-9.801637774264705,True
dp=0.0065,0.0065,quadratic_r2,0.972630670848398,-3.8031878351799,6.0,-9.8031878351799,True
dp=0.0065,0.0065,quadratic_r2,0.972831137389733,-3.8047990802284923,6.0,-9.804799080228491,True
dp=0.0065,0.0065,quadratic_r2,0.972831137389733,-3.8052167624453146,6.0,-9.805216762445315,True
dp=0.0065,0.0065,quadratic_r2,0.9730315626304207,-3.8068280074939285,6.0,-9.806828007493928,True
dp=0.0065,0.0065,quadratic_r2,0.9732319465959772,-3.8083780684091035,6.0,-9.808378068409104,True
dp=0.0065,0.0065,quadratic_r2,0.9734322893118925,-3.809989313457733,6.0,-9.809989313457733,True
dp=0.0065,0.0065,quadratic_r2,0.9809321698644665,-3.9076650618331503,6.0,-9.90766506183315,True
dp=0.0065,0.0065,quadratic_r2,0.9811309402291863,-3.9097748007806,6.0,-9.9097748007806,True
dp=0.0065,0.0065,quadratic_r2,0.981230310312011,-4.5127701767516495,6.0,-10.51277017675165,True
dp=0.0065,0.0065,quadratic_r2,0.9813296703325566,-4.513546559274616,6.0,-10.513546559274616,True
dp=0.0065,0.0065,quadratic_r2,0.9816276900510699,-3.913259346290164,6.0,-9.913259346290165,True
dp=0.0065,0.0065,quadratic_r2,0.9817270098530434,-4.517141891166228,6.0,-10.51714189116623,True
dp=0.0065,0.0065,quadratic_r2,0.9818263196080027,-3.9153690852376095,6.0,-9.915369085237609,True
dp=0.0065,0.0065,quadratic_r2,0.9821241886212715,-4.5207372230578535,6.0,-10.520737223057854,True
dp=0.0065,0.0065,quadratic_r2,0.9895581952947536,-4.730762522371845,6.0,-10.730762522371844,True
dp=0.0065,0.0065,quadratic_r2,0.9898537376173335,-4.734067387000841,6.0,-10.734067387000842,True
dp=0.0065,0.0065,quadratic_r2,0.9902476568389337,-4.736702954706064,6.0,-10.736702954706065,True
dp=0.0065,0.0065,quadratic_r2,0.9905429934510636,-4.740007819335043,6.0,-10.740007819335043,True
dp=0.0065,0.0065,quadratic_r2,0.9980119848353578,-5.623924890864185,6.0,-11.623924890864185,True
dp=0.0065,0.0065,quadratic_r2,0.9981096742718252,-5.625017725823616,6.0,-11.625017725823616,True
dp=0.0065,0.0065,quadratic_r2,0.9982073541479282,-5.518525301229741,6.0,-11.51852530122974,True
dp=0.0065,0.0065,quadratic_r2,0.9983050244664732,-5.627261994243514,6.0,-11.627261994243515,True
dp=0.0065,0.0065,quadratic_r2,0.9984026852302653,-5.520146513398272,6.0,-11.520146513398272,True
dp=0.0065,0.0065,quadratic_r2,0.9984026852302653,-5.628354829202957,6.0,-11.628354829202957,True
dp=0.0065,0.0065,quadratic_r2,0.998695610221152,-5.523130706721708,6.0,-11.523130706721709,True
dp=0.0065,0.0065,quadratic_r2,0.998695610221152,-5.630347951927144,6.0,-11.630347951927144,True
dp=0.0065,0.0065,quadratic_r2,0.9987932327939542,-5.63144078688657,6.0,-11.63144078688657,True
dp=0.0065,0.0065,quadratic_r2,0.9989884493201082,-5.633685055306479,6.0,-11.63368505530648,True
dp=0.0065,0.0065,quadratic_r2,0.9990860432790525,-5.634777890265898,6.0,-11.634777890265898,True
dp=0.0065,0.0065,quadratic_r2,0.9991836277056341,-5.527736112213686,6.0,-11.527736112213686,True
dp=0.0065,0.0065,quadratic_r2,1.0147082939815817,-7.141216557941624,6.0,-13.141216557941624,True
dp=0.0065,0.0065,quadratic_r2,1.0148043761607508,-6.673950848962039,6.0,-12.67395084896204,True
dp=0.0065,0.0065,quadratic_r2,1.0149965132329308,-7.144342012243737,6.0,-13.144342012243737,True
dp=0.0065,0.0065,quadratic_r2,1.0150925681311067,-7.145029817199835,6.0,-13.145029817199834,True
dp=0.0065,0.0065,quadratic_r2,1.0152846506645328,-6.678262466503426,6.0,-12.678262466503426,True
dp=0.0065,0.0065,quadratic_r2,1.0152846506645328,-6.6782624665034245,6.0,-12.678262466503424,True
dp=0.0065,0.0065,quadratic_r2,1.0153806783049404,-6.680466120579794,6.0,-12.680466120579794,True
dp=0.0065,0.0065,quadratic_r2,1.0153806783049406,-7.148155271501986,6.0,-13.148155271501986,True
dp=0.0065,0.0065,quadratic_r2,1.015572706346029,-7.150763948007192,6.0,-13.150763948007192,True
dp=0.0065,0.0065,quadratic_r2,1.0156687067518602,-7.151451752963315,6.0,-13.151451752963315,True
dp=0.0065,0.0065,quadratic_r2,1.0158606803469623,-6.684777738121213,6.0,-12.684777738121213,True
dp=0.0065,0.0065,quadratic_r2,1.015956653541376,-7.154577207265434,6.0,-13.154577207265433,True
dp=0.0065,0.0065,quadratic_r2,1.0230495696079498,-7.679461263457929,6.0,-13.67946126345793,True
dp=0.0065,0.0065,quadratic_r2,1.0230495696079498,-7.351593594303298,6.0,-13.3515935943033,True
dp=0.0065,0.0065,quadratic_r2,1.023144868469275,-7.352663623739055,6.0,-13.352663623739055,True
dp=0.0065,0.0065,quadratic_r2,1.0232401584549973,-7.681760290621504,6.0,-13.681760290621504,True
dp=0.0065,0.0065,quadratic_r2,1.0233354395675969,-7.6828804920952605,6.0,-13.682880492095261,True
dp=0.0065,0.0065,quadratic_r2,1.023525975183338,-7.356230369608675,6.0,-13.356230369608674,True
dp=0.0065,0.0065,quadratic_r2,1.023525975183338,-7.356230369608677,6.0,-13.356230369608678,True
dp=0.0065,0.0065,quadratic_r2,1.023621229691433,-7.357300399044414,6.0,-13.357300399044414,True
dp=0.0065,0.0065,quadratic_r2,1.023621229691433,-7.35821598614622,6.0,-13.35821598614622,True
dp=0.0065,0.0065,quadratic_r2,1.023716475336311,-7.359286015581961,6.0,-13.359286015581961,True
dp=0.0065,0.0065,quadratic_r2,1.023716475336311,-7.359286015581961,6.0,-13.359286015581961,True
dp=0.0065,0.0065,quadratic_r2,1.0239069400463094,-7.689037648440412,6.0,-13.689037648440411,True
dp=0.0065,0.0065,quadratic_r2,1.024002159116374,-7.690157849914196,6.0,-13.690157849914197,True
dp=0.0065,0.0065,quadratic_r2,1.0240973693331086,-7.362852761451573,6.0,-13.362852761451574,True
dp=0.0065,0.0065,quadratic_r2,1.0241925706989834,-7.363922790887318,6.0,-13.363922790887319,True
dp=0.0065,0.0065,quadratic_r2,1.0241925706989834,-7.3639227908873375,6.0,-13.363922790887337,True
dp=0.0065,0.0065,quadratic_r2,1.0403751351675967,-8.26022694758955,6.0,-14.26022694758955,True
dp=0.0065,0.0065,quadratic_r2,1.0474888647976228,-9.082903497756284,6.0,-15.082903497756284,True
dp=0.0065,0.0065,quadratic_r2,1.0475819404108733,-9.385897886963972,6.0,-15.385897886963972,True
dp=0.0065,0.0065,quadratic_r2,1.047675007755272,-8.54409443815339,6.0,-14.54409443815339,True
dp=0.0065,0.0065,quadratic_r2,1.047675007755272,-9.085009565822919,6.0,-15.085009565822919,True
dp=0.0065,0.0065,quadratic_r2,1.0477680668330218,-8.544821988923442,6.0,-14.544821988923442,True
dp=0.0065,0.0065,quadratic_r2,1.047954160197384,-9.390772473613705,6.0,-15.390772473613705,True
dp=0.0065,0.0065,quadratic_r2,1.047954160197384,-9.088195691981499,6.0,-15.088195691981499,True
dp=0.0065,0.0065,quadratic_r2,1.0480471944883984,-9.089805955833674,6.0,-15.089805955833674,True
dp=0.0065,0.0065,quadratic_r2,1.048140220521568,-9.090301760048142,6.0,-15.090301760048142,True
dp=0.0065,0.0065,quadratic_r2,1.0482332382990913,-9.3936479964062,6.0,-15.3936479964062,True
dp=0.0065,0.0065,quadratic_r2,1.0482332382990913,-9.091912023900312,6.0,-15.091912023900312,True
dp=0.0065,0.0065,quadratic_r2,1.0484192490959883,-8.552782244501499,6.0,-14.552782244501499,True
dp=0.0065,0.0065,quadratic_r2,1.0485122421197546,-8.553509795271562,6.0,-14.553509795271562,True
dp=0.0065,0.0065,quadratic_r2,1.0485122421197546,-8.553509795271564,6.0,-14.553509795271564,True
dp=0.0065,0.0065,quadratic_r2,1.0486052268966586,-9.398522583055902,6.0,-15.398522583055902,True
dp=0.0065,0.0065,quadratic_r2,1.0486982034288947,-9.097204218125547,6.0,-15.097204218125547,True
dp=0.0065,0.0065,quadratic_r2,1.0555711353930683,-9.797918095098872,6.0,-15.797918095098872,True
dp=0.0065,0.0065,quadratic_r2,1.055663498409891,-9.79890585896643,6.0,-15.79890585896643,True
dp=0.0065,0.0065,quadratic_r2,1.055663498409891,-8.919670756095117,6.0,-14.919670756095117,True
dp=0.0065,0.0065,quadratic_r2,1.0557558533463163,-8.92064809848184,6.0,-14.92064809848184,True
dp=0.0065,0.0065,quadratic_r2,1.0558482002044645,-8.921625440868533,6.0,-14.921625440868533,True
dp=0.0065,0.0065,quadratic_r2,1.055940538986455,-9.802694009202401,6.0,-15.802694009202401,True
dp=0.0065,0.0065,quadratic_r2,1.055940538986455,-9.817303877487927,6.0,-15.817303877487927,True
dp=0.0065,0.0065,quadratic_r2,1.0560328696944066,-9.803681773069966,6.0,-15.803681773069966,True
dp=0.0065,0.0065,quadratic_r2,1.056217506896662,-9.805821941503009,6.0,-15.805821941503009,True
dp=0.0065,0.0065,quadratic_r2,1.0563098133951982,-9.822234753393378,6.0,-15.822234753393378,True
dp=0.0065,0.0065,quadratic_r2,1.0563098133951982,-9.806809705370581,6.0,-15.806809705370581,True
dp=0.0065,0.0065,quadratic_r2,1.0564021118281604,-8.928358562443224,6.0,-14.928358562443224,True
dp=0.0065,0.0065,quadratic_r2,1.056494402197662,-8.92933590482993,6.0,-14.92933590482993,True
dp=0.0065,0.0065,quadratic_r2,1.0565866845058165,-9.810597855606547,6.0,-15.810597855606547,True
dp=0.0065,0.0065,quadratic_r2,1.0566789587547356,-9.811585619474114,6.0,-15.811585619474114,True
dp=0.0065,0.0065,quadratic_r2,1.0567712249465304,-9.827815960175876,6.0,-15.827815960175876,True
dp=0.0065,0.0065,quadratic_r2,1.063775315503705,-10.210420697026802,6.0,-16.2104206970268,True
dp=0.0065,0.0065,quadratic_r2,1.0640502440557038,-10.214012349468051,6.0,-16.21401234946805,True
dp=0.0065,0.0065,quadratic_r2,1.0644167049962134,-10.218369322198509,6.0,-16.21836932219851,True
dp=0.0065,0.0065,quadratic_r2,1.064691467926268,-10.22196097463976,6.0,-16.22196097463976,True
dp=0.0065,0.0065,quadratic_r2,1.0715528087196682,-9.72115479365785,6.0,-15.72115479365785,True
dp=0.0065,0.0065,quadratic_r2,1.071734772168472,-9.72376185474919,6.0,-15.72376185474919,True
dp=0.0065,0.0065,quadratic_r2,1.071734772168472,-9.723761854749187,6.0,-15.723761854749187,True
dp=0.0065,0.0065,quadratic_r2,1.0719167047280322,-10.507669537511445,6.0,-16.507669537511447,True
dp=0.0065,0.0065,quadratic_r2,1.0722804772423105,-10.512208249981848,6.0,-16.512208249981846,True
dp=0.0065,0.0065,quadratic_r2,1.0722804772423105,-9.729835525583221,6.0,-15.729835525583221,True
dp=0.0065,0.0065,quadratic_r2,1.0724623172284393,-9.732442586674555,6.0,-15.732442586674555,True
dp=0.0065,0.0065,quadratic_r2,1.0726441263881468,-10.516746962452272,6.0,-16.516746962452274,True
dp=0.0065,0.0065,quadratic_r2,1.0792742570241414,-10.77411781376664,6.0,-16.77411781376664,True
dp=0.0065,0.0065,quadratic_r2,1.0793645917274712,-10.156830371303746,6.0,-16.156830371303748,True
dp=0.0065,0.0065,quadratic_r2,1.0794549188710982,-10.15820335559108,6.0,-16.15820335559108,True
dp=0.0065,0.0065,quadratic_r2,1.0794549188710982,-10.15820335559108,6.0,-16.15820335559108,True
dp=0.0065,0.0065,quadratic_r2,1.0795452384569197,-10.159718177343073,6.0,-16.159718177343073,True
dp=0.0065,0.0065,quadratic_r2,1.0796355504868325,-10.161091161630404,6.0,-16.161091161630402,True
dp=0.0065,0.0065,quadratic_r2,1.0796355504868325,-10.778672623091762,6.0,-16.77867262309176,True
dp=0.0065,0.0065,quadratic_r2,1.0798161518865157,-10.78097417199656,6.0,-16.78097417199656,True
dp=0.0065,0.0065,quadratic_r2,1.0799064412600756,-10.782152418508662,6.0,-16.782152418508662,True
dp=0.0065,0.0065,quadratic_r2,1.0800869973641003,-10.165498048107844,6.0,-16.165498048107843,True
dp=0.0065,0.0065,quadratic_r2,1.0800869973641003,-10.784453967413448,6.0,-16.784453967413448,True
dp=0.0065,0.0065,quadratic_r2,1.0801772640983498,-10.166871032395182,6.0,-16.166871032395182,True
dp=0.0065,0.0065,quadratic_r2,1.0802675232899461,-10.16838585414717,6.0,-16.168385854147168,True
dp=0.0065,0.0065,quadratic_r2,1.0802675232899464,-10.168385854147179,6.0,-16.16838585414718,True
dp=0.0065,0.0065,quadratic_r2,1.08035777494078,-10.169758838434506,6.0,-16.169758838434504,True
dp=0.0065,0.0065,quadratic_r2,1.0804480190527406,-10.789008776738594,6.0,-16.789008776738594,True
dp=0.0065,0.0065,quadratic_r2,1.0870305524110229,-10.931115957732391,6.0,-16.93111595773239,True
dp=0.0065,0.0065,quadratic_r2,1.0872996007885813,-10.934633765227971,6.0,-16.93463376522797,True
dp=0.0065,0.0065,quadratic_r2,1.0874789293935792,-10.936519779416116,6.0,-16.936519779416116,True
dp=0.0065,0.0065,quadratic_r2,1.0875685826075538,-10.938102753628588,6.0,-16.938102753628588,True
dp=0.0065,0.0065,quadratic_r2,1.0877478668675937,-10.940037586911707,6.0,-16.940037586911707,True
dp=0.0065,0.0065,quadratic_r2,1.0878374979173124,-10.94162056112416,6.0,-16.94162056112416,True
dp=0.0065,0.0065,quadratic_r2,1.0880167378652754,-10.943506575312307,6.0,-16.943506575312306,True
dp=0.0065,0.0065,quadratic_r2,1.0882855424358953,-10.9470243828079,6.0,-16.9470243828079,True
dp=0.0065,0.0065,quadratic_r2,1.1025563123373843,-10.860130336458592,6.0,-16.860130336458592,True
dp=0.0065,0.0065,quadratic_r2,1.1027331598691537,-11.049201375363467,6.0,-17.049201375363467,True
dp=0.0065,0.0065,quadratic_r2,1.1030867698757891,-10.866595327175824,6.0,-16.866595327175823,True
dp=0.0065,0.0065,quadratic_r2,1.1032635323779167,-11.05476303205197,6.0,-17.05476303205197,True
dp=0.0065,0.0065,quadratic_r2,1.1034402665640746,-11.057696677975095,6.0,-17.057696677975095,True
dp=0.0065,0.0065,quadratic_r2,1.1036169724478655,-10.87306031789305,6.0,-16.87306031789305,True
dp=0.0065,0.0065,quadratic_r2,1.1102377771788396,-11.12865094706109,6.0,-17.12865094706109,True
dp=0.0065,0.0065,quadratic_r2,1.1102377771788396,-11.115989331996927,6.0,-17.11598933199693,True
dp=0.0065,0.0065,quadratic_r2,1.110501203004754,-11.132879364474046,6.0,-17.132879364474046,True
dp=0.0065,0.0065,quadratic_r2,1.11067678551188,-11.120954175886517,6.0,-17.120954175886517,True
dp=0.0065,0.0065,quadratic_r2,1.1107645663573362,-11.122437925967574,6.0,-17.122437925967574,True
dp=0.0065,0.0065,quadratic_r2,1.110940107240259,-11.13700028340141,6.0,-17.13700028340141,True
dp=0.0065,0.0065,quadratic_r2,1.111203366569321,-11.141228700814366,6.0,-17.141228700814366,True
dp=0.0065,0.0065,quadratic_r2,1.1112911058201589,-11.128886519938213,6.0,-17.128886519938213,True
dp=0.0065,0.0065,linear_gap,0.0006495190528329692,-502.34139253824,-61584.02871406826,61081.68732153002,False
dp=0.0065,0.0065,linear_gap,0.1303760786149024,-262.762925898922,-306.8047484243621,44.041822525440125,True
dp=0.0065,0.0065,linear_gap,0.18384891045366586,-205.92529400071362,-217.56995949171488,11.644665491001263,True
dp=0.0065,0.0065,linear_gap,0.18437847454352813,-205.43556932350538,-216.94506421657582,11.509494893070439,True
dp=0.0065,0.0065,linear_gap,0.2253839432501776,-173.29199930271426,-177.47493199016287,4.182932687448613,True
dp=0.0065,0.0065,linear_gap,0.2603755400858508,-151.6610482984459,-153.6242612758911,1.9632129774451812,True
dp=0.0065,0.0065,linear_gap,0.29018601254195997,-136.82210157685518,-137.84261911733643,1.0205175404812508,True
dp=0.0065,0.0065,linear_gap,0.2905218096374194,-136.6654285027331,-137.6832949303231,1.0178664275899791,True
dp=0.0065,0.0065,linear_gap,0.290857219052578,-136.5100708153231,-137.5245219296731,1.0144511143500097,True
dp=0.0065,0.0065,linear_gap,0.291192242127083,-136.35441534911476,-137.3662969446249,1.0118815955101468,True
dp=0.0065,0.0065,linear_gap,0.31812799605662145,-125.13775474683463,-125.73555454352615,0.5977997966915183,True
dp=0.0065,0.0065,linear_gap,0.3184343289832304,-125.01775025466536,-125.61459729458537,0.5968470399200072,True
dp=0.0065,0.0065,linear_gap,0.3187403675015114,-124.89752485748532,-125.49398845695414,0.5964635994688194,True
dp=0.0065,0.0065,linear_gap,0.31904611245868036,-124.77763677444062,-125.37372636120239,0.5960895867617637,True
dp=0.0065,0.0065,linear_gap,0.3676960998909293,-108.47605014265129,-108.78548891833586,0.3094387756845691,True
dp=0.0065,0.0065,linear_gap,0.3682260472522239,-108.31943355303075,-108.62892589616614,0.3094923431353891,True
dp=0.0065,0.0065,linear_gap,0.38962536092380157,-102.40653981227601,-102.66272171082502,0.2561818985490163,True
dp=0.0065,0.0065,linear_gap,0.38987552099997386,-102.35471761062858,-102.59684911072598,0.24213150009740048,True
dp=0.0065,0.0065,linear_gap,0.3901255206661049,-102.2888119993362,-102.53110314778569,0.24229114844948185,True
dp=0.0065,0.0065,linear_gap,0.3903753602303786,-102.20996179472321,-102.46548341676622,0.25552162204300544,True
dp=0.0065,0.0065,linear_gap,0.39062503999999315,-102.15760619649498,-102.39998951424286,0.2423833177478798,True
dp=0.0065,0.0065,linear_gap,0.4106219939007207,-97.19550874787848,-97.41319411563501,0.21768536775653047,True
dp=0.0065,0.0065,linear_gap,0.4108593699491371,-97.13912295380173,-97.35691315729724,0.21779020349551104,True
dp=0.0065,0.0065,linear_gap,0.4113337110850491,-97.02745976195314,-97.24464327148091,0.21718350952777143,True
dp=0.0065,0.0065,linear_gap,0.41157067664618313,-96.97136697435076,-97.18865378348366,0.21728680913290077,True
dp=0.0065,0.0065,linear_gap,0.4308223785680158,-92.64820716437833,-92.84568766588578,0.19748050150744234,True
dp=0.0065,0.0065,linear_gap,0.431048630522127,-92.59941946304585,-92.79695414308173,0.19753468003588637,True
dp=0.0065,0.0065,linear_gap,0.4315007785334783,-92.50264403546583,-92.6997168717659,0.197072836300066,True
dp=0.0065,0.0065,linear_gap,0.4317266749634499,-92.4540867265394,-92.65121272246245,0.19712599592304514,True
dp=0.0065,0.0065,linear_gap,0.45011712017540717,-88.68080003018348,-88.86576005909818,0.18496002891470198,True
dp=0.0065,0.0065,linear_gap,0.4682017961039923,-85.2451623276184,-85.43324765699019,0.18808532937178768,True
dp=0.0065,0.0065,linear_gap,0.46861809810868504,-85.16936992984438,-85.35735209851612,0.18798216867173778,True
dp=0.0065,0.0065,linear_gap,0.46882611048767275,-85.13171226855258,-85.31948009122617,0.18776782267359238,True
dp=0.0065,0.0065,linear_gap,0.46924185861344075,-85.05622197560024,-85.24388706113238,0.18766508553214578,True
dp=0.0065,0.0065,linear_gap,0.4858141845140025,-82.15525785072494,-82.33600680065588,0.18074894993094404,True
dp=0.0065,0.0065,linear_gap,0.48601483709348176,-82.12130855215095,-82.30201415086894,0.1807055987179922,True
dp=0.0065,0.0065,linear_gap,0.48621540686716413,-82.0874205285557,-82.26806356822861,0.1806430396729155,True
dp=0.0065,0.0065,linear_gap,0.4864158939374827,-82.05365920446006,-82.23415496604035,0.18049576158028913,True
dp=0.0065,0.0065,linear_gap,0.4864158939374827,-82.05365920446005,-82.23415496604035,0.18049576158030334,True
dp=0.0065,0.0065,linear_gap,0.4866162984066592,-82.01983583913702,-82.20028825785957,0.18045241872255247,True
dp=0.0065,0.0065,linear_gap,0.4868166203767053,-81.986072994907,-82.16646335749066,0.18039036258365115,True
dp=0.0065,0.0065,linear_gap,0.4870168599494227,-81.95233348385531,-82.1326801789861,0.18034669513079393,True
dp=0.0065,0.0065,linear_gap,0.5196252706277896,-76.82466959083477,-76.97855023808533,0.15388064725055983,True
dp=0.0065,0.0065,linear_gap,0.5353670907657717,-74.54975970748146,-74.71508930962733,0.16532960214587433,True
dp=0.0065,0.0065,linear_gap,0.5355491778305747,-74.53869171231732,-74.6896861312227,0.150994418905384,True
dp=0.0065,0.0065,linear_gap,0.5357312030066971,-74.51332777493674,-74.66430884650183,0.15098107156508433,True
dp=0.0065,0.0065,linear_gap,0.5357312030066971,-74.49908752270832,-74.66430884650183,0.16522132379350296,True
dp=0.0065,0.0065,linear_gap,0.5360950679450425,-74.44851862574893,-74.61363178237741,0.16511315662847892,True
dp=0.0065,0.0065,linear_gap,0.536276907833069,-74.42327677216065,-74.58833191536768,0.1650551432070273,True
dp=0.0065,0.0065,linear_gap,0.536276907833069,-74.43754602718786,-74.58833191536768,0.15078588817981142,True
dp=0.0065,0.0065,linear_gap,0.5364586860840231,-74.4122852550149,-74.56305776682862,0.1507725118137273,True
dp=0.0065,0.0065,linear_gap,0.551013086845499,-72.44487759520955,-72.59355713127695,0.14867953606740514,True
dp=0.0065,0.0065,linear_gap,0.5511900052386688,-72.42159177940135,-72.57025639040705,0.1486646110056995,True
dp=0.0065,0.0065,linear_gap,0.5513668668636175,-72.3983284526085,-72.54697807203227,0.14864961942377874,True
dp=0.0065,0.0065,linear_gap,0.5515436717749561,-72.36066810240668,-72.52372214021344,0.1630540378067593,True
dp=0.0065,0.0065,linear_gap,0.5518971116748096,-72.32880261911012,-72.47727729288954,0.14847467377941825,True
dp=0.0065,0.0065,linear_gap,0.5520737467721099,-72.30562863493128,-72.45408830590812,0.148459670976834,True
dp=0.0065,0.0065,linear_gap,0.5660546986599494,-70.50646987812317,-70.66454901742546,0.15807913930228779,True
dp=0.0065,0.0065,linear_gap,0.5665711975339034,-70.4422036230236,-70.60012964673591,0.15792602371230657,True
dp=0.0065,0.0065,linear_gap,0.5667432592232569,-70.42082088742805,-70.57869564222347,0.15787475479541513,True
dp=0.0065,0.0065,linear_gap,0.5670872259846773,-70.3781126252492,-70.53588613382166,0.1577735085724612,True
dp=0.0065,0.0065,linear_gap,0.5808747041101079,-68.7155415684374,-68.86166623709231,0.14612466865490603,True
dp=0.0065,0.0065,linear_gap,0.5812103077845421,-68.67582456355011,-68.8219039894045,0.1460794258543956,True
dp=0.0065,0.0065,linear_gap,0.581545717785798,-68.63627269455148,-68.78221054106925,0.14593784651776787,True
dp=0.0065,0.0065,linear_gap,0.5818809344487889,-68.59669289048308,-68.74258569391293,0.14589280342984523,True
dp=0.0065,0.0065,linear_gap,0.5951620971424559,-67.06488274663347,-67.20858097659692,0.14369822996344794,True
dp=0.0065,0.0065,linear_gap,0.5953258955185845,-67.04641642530932,-67.19008916142688,0.1436727361175656,True
dp=0.0065,0.0065,linear_gap,0.59548964883951,-67.02796078071846,-67.17161260141462,0.14365182069616367,True
dp=0.0065,0.0065,linear_gap,0.5956533571423914,-67.00952499011288,-67.15315127559663,0.143626285483748,True
dp=0.0065,0.0065,linear_gap,0.5958170204643367,-66.99118139834623,-67.13470516304972,0.14352376470348815,True
dp=0.0065,0.0065,linear_gap,0.5959806388424025,-66.97277587173656,-67.1162742428909,0.14349837115433672,True
dp=0.0065,0.0065,linear_gap,0.5961442123135949,-66.95438095417894,-67.0978584942773,0.14347754009835967,True
dp=0.0065,0.0065,linear_gap,0.5963077409148693,-66.936005790899,-67.07945789640607,0.1434521055070661,True
dp=0.0065,0.0065,linear_gap,0.6091144571219822,-65.52291231991332,-65.669102961366,0.14619064145267657,True
dp=0.0065,0.0065,linear_gap,0.6095944732976196,-65.47131824788181,-65.61739279494907,0.14607454706725775,True
dp=0.0065,0.0065,linear_gap,0.6099142742017103,-65.43699213129189,-65.58298713758458,0.14599500629269357,True
dp=0.0065,0.0065,linear_gap,0.6100741117888854,-65.41984585547283,-65.5658045916918,0.14595873621897226,True
dp=0.0065,0.0065,linear_gap,0.636254997524583,-62.73087573864743,-62.86787554616342,0.13699980751599128,True
dp=0.0065,0.0065,linear_gap,0.6365614046382359,-62.700666591228355,-62.837614263988236,0.13694767275988085,True
dp=0.0065,0.0065,linear_gap,0.6368676643345936,-62.670501106468706,-62.80739663834627,0.13689553187756331,True
dp=0.0065,0.0065,linear_gap,0.6371737768262261,-62.640421941670255,-62.77722256436965,0.13680062269939697,True
dp=0.0065,0.0065,linear_gap,0.6494751125909339,-61.4531020271464,-61.588195181843155,0.13509315469675443,True
dp=0.0065,0.0065,linear_gap,0.6496252164710087,-61.45041326850253,-61.57396447338357,0.12355120488103921,True
dp=0.0065,0.0065,linear_gap,0.6499253202291795,-61.41052072089603,-61.54553262503302,0.13501190413698794,True
dp=0.0065,0.0065,linear_gap,0.6500753201552878,-61.396381079586675,-61.53133146239875,0.13495038281207172,True
dp=0.0065,0.0065,linear_gap,0.6505251124091944,-61.35391743793852,-61.48878688458552,0.13486944664700218,True
dp=0.0065,0.0065,linear_gap,0.6622842455283132,-60.26433519868624,-60.39702781709906,0.13269261841281832,True
dp=0.0065,0.0065,linear_gap,0.6624314469248916,-60.260922150839136,-60.383606765177184,0.12268461433804845,True
dp=0.0065,0.0065,linear_gap,0.6624314469248916,-60.26092215083915,-60.383606765177184,0.12268461433803424,True
dp=0.0065,0.0065,linear_gap,0.6625786156185574,-60.24751979658677,-60.370194656308925,0.12267485972215297,True
dp=0.0065,0.0065,linear_gap,0.6627257516310969,-60.22417744875085,-60.35679148056677,0.13261403181591902,True
dp=0.0065,0.0065,linear_gap,0.6628728549842728,-60.210810046640816,-60.34339722803859,0.13258718139777415,True
dp=0.0065,0.0065,linear_gap,0.6628728549842728,-60.2108100466409,-60.34339722803859,0.13258718139768888,True
dp=0.0065,0.0065,linear_gap,0.6630199256998232,-60.197479039277184,-60.33001188882772,0.132532849550536,True
dp=0.0065,0.0065,linear_gap,0.6631669637994625,-60.19408048747914,-60.31663545305273,0.1225549655735918,True
dp=0.0065,0.0065,linear_gap,0.6633139693048804,-60.170786589790566,-60.30326791084768,0.13248132105711363,True
dp=0.0065,0.0065,linear_gap,0.6633139693048804,-60.18072267763233,-60.30326791084768,0.12254523321534805,True
dp=0.0065,0.0065,linear_gap,0.6634609422377433,-60.15745468000614,-60.289909252361795,0.1324545723556554,True
dp=0.0065,0.0065,linear_gap,0.6749947569240863,-59.13797849018786,-59.25971956030856,0.12174107012069868,True
dp=0.0065,0.0065,linear_gap,0.6751391870384985,-59.12531211073262,-59.24704234020277,0.12173022947014545,True
dp=0.0065,0.0065,linear_gap,0.6752835862621,-59.11265387770197,-59.23437325259474,0.12171937489276985,True
dp=0.0065,0.0065,linear_gap,0.6757165987860578,-59.074800367413644,-59.196414697908885,0.12161433049524106,True
dp=0.0065,0.0065,linear_gap,0.6758608746443285,-59.06217453827148,-59.18377805350839,0.12160351523691304,True
dp=0.0065,0.0065,linear_gap,0.6761493340046957,-59.02060223812967,-59.15852902359319,0.13792678546352022,True
dp=0.0065,0.0065,linear_gap,0.6994447239596622,-57.00248165718659,-57.18822178478087,0.18574012759427916,True
dp=0.0065,0.0065,linear_gap,0.699584106362492,-56.95025830201135,-57.17682782700877,0.2265695249974229,True
dp=0.0065,0.0065,linear_gap,0.6997234610008477,-56.97974906838559,-57.165440676786936,0.18569160840134913,True
dp=0.0065,0.0065,linear_gap,0.6998627878913146,-56.92752020083948,-57.1540603273392,0.22654012649972088,True
dp=0.0065,0.0065,linear_gap,0.6998627878913146,-56.92752020083948,-57.1540603273392,0.22654012649972088,True
dp=0.0065,0.0065,linear_gap,0.7000020870504614,-56.957050955968384,-57.142686771898866,0.18563581593048184,True
dp=0.0065,0.0065,linear_gap,0.7001413584948399,-56.94570812382112,-57.131320003708645,0.18561187988752437,True
dp=0.0065,0.0065,linear_gap,0.7002806022409863,-56.93437256130281,-57.11996001602065,0.18558745471784022,True
dp=0.0065,0.0065,linear_gap,0.7002806022409863,-56.89351323837768,-57.11996001602065,0.22644677764296972,True
dp=0.0065,0.0065,linear_gap,0.7004198183054196,-56.923050552149505,-57.10860680209639,0.18555624994688458,True
dp=0.0065,0.0065,linear_gap,0.7005590067046424,-56.87084288049482,-57.09726035520675,0.22641747471192986,True
dp=0.0065,0.0065,linear_gap,0.7006981674551416,-56.90041270960832,-57.08592066863196,0.1855079590236386,True
dp=0.0065,0.0065,linear_gap,0.7114916878467431,-55.84975028102153,-56.219911888297545,0.37016160727601743,True
dp=0.0065,0.0065,linear_gap,0.7116287106876771,-55.838956288001995,-56.20908684438307,0.3701305563810777,True
dp=0.0065,0.0065,linear_gap,0.7117657071501859,-55.82813978144573,-56.19826805109032,0.37012826964458867,True
dp=0.0065,0.0065,linear_gap,0.7119026772494977,-55.8173582817125,-56.187455502406195,0.3700972206936939,True
dp=0.0065,0.0065,linear_gap,0.712176538419372,-55.79580184680067,-56.16584911485193,0.370047268051259,True
dp=0.0065,0.0065,linear_gap,0.7123134295203184,-55.78503896480716,-56.155055263996,0.3700162991888405,True
dp=0.0065,0.0065,linear_gap,0.712450294318836,-55.774253569451474,-56.14426763377711,0.37001406432563755,True
dp=0.0065,0.0065,linear_gap,0.7125871328300803,-55.76350312080008,-56.1334862182225,0.36998309742241986,True
dp=0.0065,0.0065,linear_gap,0.73539133927114,-53.70247958212151,-54.392808106286296,0.6903285241647836,True
dp=0.0065,0.0065,linear_gap,0.735921478063383,-53.66339950199129,-54.35362493463589,0.6902254326445956,True
dp=0.0065,0.0065,linear_gap,0.7462056833574829,-52.458526336440116,-53.60452338023442,1.1459970437943028,True
dp=0.0065,0.0065,linear_gap,0.7464669596673419,-52.04441030725803,-53.58576087255856,1.541350565300526,True
dp=0.0065,0.0065,linear_gap,0.7467281445579789,-52.02565712298737,-53.56701805270478,1.5413609297174133,True
dp=0.0065,0.0065,linear_gap,0.7467281445579789,-52.421120976291576,-53.56701805270478,1.1458970764132062,True
dp=0.0065,0.0065,linear_gap,0.7468587027510627,-52.0164843996364,-53.55765401495562,1.5411696153192196,True
dp=0.0065,0.0065,linear_gap,0.7471197506926162,-51.99776039839695,-53.53894066234771,1.5411802639507641,True
dp=0.0065,0.0065,linear_gap,0.7472502404649967,-52.38379364532486,-53.5295913389187,1.1457976935938419,True
dp=0.0065,0.0065,linear_gap,0.7473807074543695,-51.97905591181946,-53.5202469117015,1.5411909998820406,True
dp=0.0065,0.0065,linear_gap,0.7575093543151843,-50.2262746488865,-52.804628447342985,2.578353798456483,True
dp=0.0065,0.0065,linear_gap,0.7577667331540784,-50.801622295666974,-52.78669312059482,1.9850708249278455,True
dp=0.0065,0.0065,linear_gap,0.7578953897966412,-50.1993335710612,-52.77773230779622,2.578398736735018,True
dp=0.0065,0.0065,linear_gap,0.7578953897966412,-50.19933357106129,-52.77773230779622,2.5783987367349326,True
dp=0.0065,0.0065,linear_gap,0.7581526375836197,-50.18168132113061,-52.75982436398005,2.5781430428494403,True
dp=0.0065,0.0065,linear_gap,0.7582812287502558,-50.76591810262087,-52.750877225228294,1.984959122607421,True
dp=0.0065,0.0065,linear_gap,0.7585383456853019,-50.15480776414206,-52.73299659473639,2.5781888305943284,True
dp=0.0065,0.0065,linear_gap,0.7586668714758756,-50.739179928249996,-52.72406309528955,1.9848831670395555,True
dp=0.0065,0.0065,linear_gap,0.7685199554175599,-48.76348088035249,-52.048095456762475,3.284614576409986,True
dp=0.0065,0.0065,linear_gap,0.768646812180345,-48.755002185805836,-52.03950548696861,3.284503301162772,True
dp=0.0065,0.0065,linear_gap,0.7689004629176674,-48.737768596576274,-52.02233829879113,3.284569702214853,True
dp=0.0065,0.0065,linear_gap,0.7690272569129145,-48.729302423220645,-52.0137610733993,3.2844586501786566,True
dp=0.0065,0.0065,linear_gap,0.7691540300063441,-48.72074431440372,-52.005188089140056,3.2844437747363386,True
dp=0.0065,0.0065,linear_gap,0.76928078220829,-48.71228643901438,-51.99661934251937,3.284332903504989,True
dp=0.0065,0.0065,linear_gap,0.7695342239790218,-48.69509459496457,-51.97949454823783,3.284399953273258,True
dp=0.0065,0.0065,linear_gap,0.7696609135684324,-48.686649189221356,-51.97093849360912,3.2842893043877623,True
dp=0.0065,0.0065,linear_gap,0.7796251803751633,-49.77614764902654,-51.30670610299119,1.5305584539646517,True
dp=0.0065,0.0065,linear_gap,0.779875260458365,-48.01419640603207,-51.2902537471061,3.2760573410740292,True
dp=0.0065,0.0065,linear_gap,0.780125260374896,-47.997855553153784,-51.2738172082489,3.2759616550951165,True
dp=0.0065,0.0065,linear_gap,0.7803751802018029,-49.72694356395226,-51.2573964610921,1.5304528971398383,True
dp=0.0065,0.0065,linear_gap,0.7806250200160081,-47.965151333821524,-51.24099148036496,3.2758401465434375,True
dp=0.0065,0.0065,linear_gap,0.790327730675703,-48.291673047979145,-50.61191509223822,2.320242044259075,True
dp=0.0065,0.0065,linear_gap,0.7904510875917656,-48.283591764302145,-50.60401665315729,2.3204248888551433,True
dp=0.0065,0.0065,linear_gap,0.7910675836330275,-48.244525911675964,-50.56457985081058,2.320053939134617,True
dp=0.0065,0.0065,linear_gap,0.7911908251964223,-48.23646663914448,-50.556703548817744,2.3202369096732625,True
dp=0.0065,0.0065,linear_gap,0.8007655224065339,-42.39021554947607,-49.95220058899181,7.56198503951574,True
dp=0.0065,0.0065,linear_gap,0.8010090023682667,-45.964091565757656,-49.937016789743716,3.97292522398606,True
dp=0.0065,0.0065,linear_gap,0.8010090023682667,-42.375007309995596,-49.937016789743716,7.56200947974812,True
dp=0.0065,0.0065,linear_gap,0.8011307145996865,-42.367765862206625,-49.92943008056734,7.561664218360718,True
dp=0.0065,0.0065,linear_gap,0.8011307145996865,-42.367765862206596,-49.92943008056734,7.561664218360747,True
dp=0.0065,0.0065,linear_gap,0.8013740836057783,-42.3524440261084,-49.91426702997458,7.561823003866181,True
dp=0.0065,0.0065,linear_gap,0.8013740836057784,-42.35257755141953,-49.914267029974575,7.561689478555046,True
dp=0.0065,0.0065,linear_gap,0.8016173787256599,-42.33726904487308,-49.89911778558051,7.5618487407074255,True
dp=0.0065,0.0065,linear_gap,0.8017389985992924,-45.91896779026834,-49.89154833416295,3.9725805438946082,True
dp=0.0065,0.0065,linear_gap,0.8017389985992924,-45.918967790268354,-49.89154833416295,3.972580543894594,True
dp=0.0065,0.0065,linear_gap,0.8018606000265849,-45.91105857255816,-49.88398232644657,3.9729237538884092,True
dp=0.0065,0.0065,linear_gap,0.8019821830159277,-42.3148888797443,-49.876419759821,7.561530880076695,True
dp=0.0065,0.0065,linear_gap,0.8217179697895183,-39.423979112617815,-48.67850219978265,9.254523087164834,True
dp=0.0065,0.0065,linear_gap,0.8219552432310437,-39.40912293955077,-48.66445019897073,9.255327259419957,True
dp=0.0065,0.0065,linear_gap,0.8224295847517877,-39.382481562171506,-48.63638266620983,9.253901104038327,True
dp=0.0065,0.0065,linear_gap,0.822666652949416,-39.36766050810725,-48.622367099228356,9.254706591121106,True
dp=0.0065,0.0065,linear_gap,0.8318791510039234,-35.69979403112282,-48.08390732202801,12.38411329090519,True
dp=0.0065,0.0065,linear_gap,0.8318791510039234,-35.69979403112282,-48.08390732202801,12.38411329090519,True
dp=0.0065,0.0065,linear_gap,0.8319963472726349,-35.692676291737044,-48.07713414983599,12.384457858098948,True
dp=0.0065,0.0065,linear_gap,0.8321135270352268,-35.685469979378695,-48.07036383907581,12.384893859697115,True
dp=0.0065,0.0065,linear_gap,0.8321135270352268,-35.68546997937867,-48.07036383907581,12.384893859697144,True
dp=0.0065,0.0065,linear_gap,0.8322306902986717,-34.04772314195242,-48.06359638773326,14.015873245780845,True
dp=0.0065,0.0065,linear_gap,0.8322306902986717,-35.67835772534572,-48.06359638773326,12.385238662387543,True
dp=0.0065,0.0065,linear_gap,0.8323478370699368,-33.55187000175407,-48.05683179379616,14.504961792042089,True
dp=0.0065,0.0065,linear_gap,0.8324649673559845,-33.54382968474947,-48.050070055254245,14.506240370504777,True
dp=0.0065,0.0065,linear_gap,0.8325820811637725,-35.65994075964727,-48.04331117009931,12.383370410452038,True
dp=0.0065,0.0065,linear_gap,0.8325820811637725,-34.02716424676183,-48.04331117009931,14.01614692333748,True
dp=0.0065,0.0065,linear_gap,0.8326991785002537,-35.65283919486478,-48.036555136325035,12.383715941460252,True
dp=0.0065,0.0065,linear_gap,0.8328162593723754,-35.64564912478333,-48.02980195192717,12.384152827143836,True
dp=0.0065,0.0065,linear_gap,0.8329333237870807,-33.51785474615873,-48.023051614903366,14.505196868744633,True
dp=0.0065,0.0065,linear_gap,0.8329333237870808,-35.63855302263849,-48.02305161490336,12.384498592264869,True
dp=0.0065,0.0065,linear_gap,0.8330503717513079,-34.000652841857146,-48.01630412325327,14.015651281396124,True
dp=0.0065,0.0065,linear_gap,0.841917704930244,-30.133055936603597,-47.510581813116936,17.37752587651334,True
dp=0.0065,0.0065,linear_gap,0.8420335040097916,-30.12688770880075,-47.504048009394715,17.377160300593964,True
dp=0.0065,0.0065,linear_gap,0.8423808057375256,-30.10784204348954,-47.484462760258396,17.376620716768855,True
dp=0.0065,0.0065,linear_gap,0.8424965411650076,-30.10038321908621,-47.477939725055535,17.377556505969324,True
dp=0.0065,0.0065,linear_gap,0.8424965411650076,-30.101683371003233,-47.477939725055535,17.376256354052302,True
dp=0.0065,0.0065,linear_gap,0.8426122606958669,-30.094226974557415,-47.471419377361315,17.3771924028039,True
dp=0.0065,0.0065,linear_gap,0.842959323974173,-30.075217629666994,-47.45187444089003,17.376656811223036,True
dp=0.0065,0.0065,linear_gap,0.8430749799839828,-30.069070907541942,-47.44536482479878,17.376293917256838,True
dp=0.0065,0.0065,linear_gap,0.8521812728962104,-25.24711718113835,-46.93837012406598,21.691252942927633,True
dp=0.0065,0.0065,linear_gap,0.8524100667372494,-25.234235640604624,-46.92577148121571,21.69153584061109,True
dp=0.0065,0.0065,linear_gap,0.8527531424011272,-25.21590089682391,-46.906892523867555,21.690991627043644,True
dp=0.0065,0.0065,linear_gap,0.8530960800959012,-25.197585935389085,-46.88803633408253,21.690450398693443,True
dp=0.0065,0.0065,linear_gap,0.8619834232019814,-21.487593615112345,-46.40460468649538,24.917011071383037,True
dp=0.0065,0.0065,linear_gap,0.8622096159722431,-21.474970284590384,-46.392430864848656,24.917460580258272,True
dp=0.0065,0.0065,linear_gap,0.8626618235873177,-21.45237085556687,-46.36811193714687,24.915741081580002,True
dp=0.0065,0.0065,linear_gap,0.8628878385253748,-21.439772242195005,-46.35596680601928,24.916194563824277,True
dp=0.0065,0.0065,linear_gap,0.8714516176329069,-17.914735957345044,-45.90042544031369,27.985689482968645,True
dp=0.0065,0.0065,linear_gap,0.8715634927387725,-15.476674663112078,-45.89453359766746,30.417858934555383,True
dp=0.0065,0.0065,linear_gap,0.8716753534860366,-17.903474367410496,-45.88864402329435,27.98516965588385,True
dp=0.0065,0.0065,linear_gap,0.8718990319268646,-17.89245612628376,-45.87687167354857,27.98441554726481,True
dp=0.0065,0.0065,linear_gap,0.8718990319268647,-15.458235645186065,-45.876871673548564,30.4186360283625,True
dp=0.0065,0.0065,linear_gap,0.8720108496314722,-17.885504463837705,-45.87098889526975,27.98548443143204,True
dp=0.0065,0.0065,linear_gap,0.8721226529995655,-17.881209285782305,-45.86510837945168,27.983899093669372,True
dp=0.0065,0.0065,linear_gap,0.8722344420366573,-15.44302484745964,-45.85923012464454,30.4162052771849,True
dp=0.0065,0.0065,linear_gap,0.8722344420366573,-17.874261600292343,-45.85923012464454,27.984968524352198,True
dp=0.0065,0.0065,linear_gap,0.872457977139871,-17.863261949168304,-45.84748039227024,27.984218443101938,True
dp=0.0065,0.0065,linear_gap,0.8725697232170012,-15.424619407972983,-45.84160891180992,30.416989503836938,True
dp=0.0065,0.0065,linear_gap,0.8726814549851466,-17.852033787731642,-45.8357396865742,27.983705898842558,True
dp=0.0065,0.0065,linear_gap,0.881150056389381,-10.522137353192193,-45.39521924779173,34.87308189459954,True
dp=0.0065,0.0065,linear_gap,0.881260700289652,-10.516757455320942,-45.38951979459975,34.87276233927881,True
dp=0.0065,0.0065,linear_gap,0.88148194642602,-10.50473970166317,-45.37812732544384,34.87338762378067,True
dp=0.0065,0.0065,linear_gap,0.881592548672573,-10.499364795696835,-45.372434306787866,34.87306951109103,True
dp=0.0065,0.0065,linear_gap,0.8818137115485332,-10.48955176260776,-45.36105469459859,34.87150293199083,True
dp=0.0065,0.0065,linear_gap,0.8819242721883769,-10.484181784013302,-45.35536809838033,34.87118631436703,True
dp=0.0065,0.0065,linear_gap,0.8821453518978576,-10.47218451881885,-45.344001318992994,34.871816800174145,True
dp=0.0065,0.0065,linear_gap,0.8822558709779116,-10.466819513564374,-45.338321133146025,34.87150161958165,True
dp=0.0065,0.0065,linear_gap,0.9008831344158897,-0.02476275633105729,-44.400875620715226,44.37611286438417,True
dp=0.0065,0.0065,linear_gap,0.9094107553108278,6.806430265961765,-43.98452488757776,50.79095515353953,True
dp=0.0065,0.0065,linear_gap,0.9096251545966652,6.816552950223212,-43.9741577042648,50.79071065448801,True
dp=0.0065,0.0065,linear_gap,0.9097323352915435,6.821070556767779,-43.968976860849,50.790047417616776,True
dp=0.0065,0.0065,linear_gap,0.9099466588075381,6.831185992017637,-43.958620665104675,50.78980665712231,True
dp=0.0065,0.0065,linear_gap,0.9100538016375738,6.835612373879158,-43.953445310621184,50.78905768450034,True
dp=0.0065,0.0065,linear_gap,0.9102680494640012,6.845720529804737,-43.94310008305075,50.78882061285549,True
dp=0.0065,0.0065,linear_gap,0.9103751544692967,-5.801677814053804,-43.93793020781416,38.13625239376036,True
dp=0.0065,0.0065,linear_gap,0.9103751544692967,6.850231156507604,-43.93793020781416,50.788161364321766,True
dp=0.0065,0.0065,linear_gap,0.9105893266862909,6.860332088168093,-43.92759592907076,50.787928017238855,True
dp=0.0065,0.0065,linear_gap,0.9186024286245988,10.287552237039833,-43.544409151945125,53.83196138898496,True
dp=0.0065,0.0065,linear_gap,0.9188146830971999,-1.5522207378984234,-43.534350000987594,41.98212926308917,True
dp=0.0065,0.0065,linear_gap,0.9189207919483627,10.302406488988126,-43.529323039028306,53.83172952801643,True
dp=0.0065,0.0065,linear_gap,0.9189207919483628,10.302406488988428,-43.5293230390283,53.83172952801672,True
dp=0.0065,0.0065,linear_gap,0.919026888548428,10.305154475917867,-43.524297818074345,53.82945229399221,True
dp=0.0065,0.0065,linear_gap,0.919132972901638,10.311507378601812,-43.51927433712101,53.83078171572282,True
dp=0.0065,0.0065,linear_gap,0.9192390450122326,6.896697905171251,-43.51425259516441,50.41095050033566,True
dp=0.0065,0.0065,linear_gap,0.9193451048844498,10.319995687292636,-43.50923259120143,53.82922827849407,True
dp=0.0065,0.0065,linear_gap,0.9194511525225242,10.326344918847255,-43.50421432422981,53.83055924307706,True
dp=0.0065,0.0065,linear_gap,0.9195571879306891,-1.518698846889734,-43.49919779324804,41.9804989463583,True
dp=0.0065,0.0065,linear_gap,0.9195571879306891,-1.5186988468897198,-43.49919779324804,41.98049894635832,True
dp=0.0065,0.0065,linear_gap,0.9196632111131744,-1.5139430113691645,-43.49418299725547,41.98023998588631,True
dp=0.0065,0.0065,linear_gap,0.9197692220742079,6.919937270413527,-43.48916993525226,50.409107205665784,True
dp=0.0065,0.0065,linear_gap,0.919875220818015,10.343912868993439,-43.48415860623934,53.828071475232775,True
dp=0.0065,0.0065,linear_gap,0.9279132081585048,13.484792973286709,-43.107479932721525,56.59227290600823,True
dp=0.0065,0.0065,linear_gap,0.9280182766923328,4.373577246586294,-43.1025993825995,47.476176629185794,True
dp=0.0065,0.0065,linear_gap,0.9281233333318398,4.379198971652727,-43.09772048980311,47.476919461455836,True
dp=0.0065,0.0065,linear_gap,0.9283334109440435,13.50240372617342,-43.08796767243687,56.59037139861029,True
dp=0.0065,0.0065,linear_gap,0.9284384319248103,13.50726002357737,-43.0830937459937,56.59035376957107,True
dp=0.0065,0.0065,linear_gap,0.9287534236141451,4.405280555263019,-43.06848188439969,47.47376243966271,True
dp=0.0065,0.0065,linear_gap,0.9288583971063588,13.524851576865599,-43.063614566666615,56.588466143532216,True
dp=0.0065,0.0065,linear_gap,0.9289633587364965,13.529702814044146,-43.05874889877775,56.58845171282189,True
dp=0.0065,0.0065,linear_gap,0.936923381005624,26.26793546186965,-42.692925388484774,68.96086085035442,True
dp=0.0065,0.0065,linear_gap,0.9373395446021698,26.28413961109633,-42.67397042016081,68.95811003125715,True
dp=0.0065,0.0065,linear_gap,0.9375475571271038,26.294898375653236,-42.66450239875904,68.95940077441227,True
dp=0.0065,0.0065,linear_gap,0.9379634437839214,26.311083763418615,-42.645585246512866,68.95666900993149,True
dp=0.0065,0.0065,linear_gap,0.9458477265791838,31.895449406153332,-42.29010534778857,74.1855547539419,True
dp=0.0065,0.0065,linear_gap,0.9459508030944361,18.715913525828697,-42.28549716237909,61.001410688207784,True
dp=0.0065,0.0065,linear_gap,0.9459508030944361,18.71591352582869,-42.28549716237909,61.00141068820778,True
dp=0.0065,0.0065,linear_gap,0.9461569224367623,18.728502060329557,-42.2762853089768,61.00478736930636,True
dp=0.0065,0.0065,linear_gap,0.9462599652711742,31.911004448741437,-42.27168163934422,74.18268608808566,True
dp=0.0065,0.0065,linear_gap,0.9463629968859741,31.913947387612872,-42.267079473331876,74.18102686094474,True
dp=0.0065,0.0065,linear_gap,0.9464660172848262,31.92131940533795,-42.26247881012144,74.18379821545939,True
dp=0.0065,0.0065,linear_gap,0.9465690264713922,31.92426107505002,-42.25787964889521,74.18214072394522,True
dp=0.0065,0.0065,linear_gap,0.9466720244493324,18.744194115448387,-42.253281988836115,60.9974761042845,True
dp=0.0065,0.0065,linear_gap,0.9468779867939661,31.93685841039748,-42.24409116895408,74.18094957935156,True
dp=0.0065,0.0065,linear_gap,0.9468779867939661,18.756768663539695,-42.24409116895408,61.000859832493774,True
dp=0.0065,0.0065,linear_gap,0.9469809511679697,31.939797939517362,-42.239498007500096,74.17929594701747,True
dp=0.0065,0.0065,linear_gap,0.9546886517996384,32.9858644079517,-41.898476455751194,74.8843408637029,True
dp=0.0065,0.0065,linear_gap,0.9547907738740511,26.933600480674595,-41.8939950976909,68.82759557836549,True
dp=0.0065,0.0065,linear_gap,0.954892885026906,26.939708025459495,-41.8895151772682,68.82922320272769,True
dp=0.0065,0.0065,linear_gap,0.954994985261706,26.94625677159415,-41.88503669371461,68.83129346530876,True
dp=0.0065,0.0065,linear_gap,0.9549949852617062,38.888405396803364,-41.8850366937146,80.77344209051796,True
dp=0.0065,0.0065,linear_gap,0.9550970745819529,26.95236217399216,-41.88055964626218,68.83292182025434,True
dp=0.0065,0.0065,linear_gap,0.9551991529911461,33.005853651641615,-41.876084034143574,74.88193768578519,True
dp=0.0065,0.0065,linear_gap,0.9553012204927833,38.901148362564406,-41.871609856592,80.7727582191564,True
dp=0.0065,0.0065,linear_gap,0.9554032770903604,33.01333854513249,-41.86713711284127,74.88047565797376,True
dp=0.0065,0.0065,linear_gap,0.9555053227873712,26.960237745007884,-41.86266580212574,68.82290354713362,True
dp=0.0065,0.0065,linear_gap,0.9556073575873077,26.966339322674262,-41.85819592368035,68.82453524635461,True
dp=0.0065,0.0065,linear_gap,0.9556073575873077,26.966339322674262,-41.85819592368035,68.82453524635461,True
dp=0.0065,0.0065,linear_gap,0.9557093814936605,26.97288177026034,-41.853727476740616,68.82660924700096,True
dp=0.0065,0.0065,linear_gap,0.9557093814936605,33.02582758768614,-41.853727476740616,74.87955506442675,True
dp=0.0065,0.0065,linear_gap,0.9558113945099176,26.97898121168676,-41.84926046054262,68.82824167222938,True
dp=0.0065,0.0065,linear_gap,0.9559133966395659,33.03330655906503,-41.844794874323,74.87810143338803,True
dp=0.0065,0.0065,linear_gap,0.9722296137615904,49.74506204858049,-41.142544347356996,90.8876063959375,True
dp=0.0065,0.0065,linear_gap,0.9724301629808735,49.7516952673851,-41.134059311143304,90.8857545785284,True
dp=0.0065,0.0065,linear_gap,0.972630670848398,49.757789170112446,-41.12557952250173,90.88336869261417,True
dp=0.0065,0.0065,linear_gap,0.972831137389733,49.764420139574,-41.117104976025566,90.88152511559957,True
dp=0.0065,0.0065,linear_gap,0.972831137389733,49.76816896015361,-41.117104976025566,90.88527393617917,True
dp=0.0065,0.0065,linear_gap,0.9730315626304207,49.77479793991388,-41.10863566631589,90.88343360622977,True
dp=0.0065,0.0065,linear_gap,0.9732319465959772,49.78088784832258,-41.10017158798159,90.88105943630417,True
dp=0.0065,0.0065,linear_gap,0.9734322893118925,49.787514585113335,-41.091712735639284,90.87922732075262,True
dp=0.0065,0.0065,linear_gap,0.9809321698644665,50.44323709760785,-40.77753919063203,91.22077628823988,True
dp=0.0065,0.0065,linear_gap,0.9811309402291863,50.454194197567595,-40.76927794230629,91.22347213987388,True
dp=0.0065,0.0065,linear_gap,0.981230310312011,56.14643988892269,-40.765149200579444,96.91158908950214,True
dp=0.0065,0.0065,linear_gap,0.9813296703325566,56.14894139470793,-40.76102171296283,96.90996310767076,True
dp=0.0065,0.0065,linear_gap,0.9816276900510699,50.46561696192242,-40.74864676842905,91.21426373035146,True
dp=0.0065,0.0065,linear_gap,0.9817270098530434,56.16325841617473,-40.744524290910235,96.90778270708496,True
dp=0.0065,0.0065,linear_gap,0.9818263196080027,50.47656741755316,-40.74040306433232,91.21697048188548,True
dp=0.0065,0.0065,linear_gap,0.9821241886212715,56.177570650785796,-40.72804688392098,96.90561753470678,True
dp=0.0065,0.0065,linear_gap,0.9895581952947536,57.89973655694631,-40.422079459496004,98.32181601644231,True
dp=0.0065,0.0065,linear_gap,0.9898537376173335,57.91543162064622,-40.41001057013087,98.3254421907771,True
dp=0.0065,0.0065,linear_gap,0.9902476568389337,57.9206134073719,-40.39393552082507,98.31454892819697,True
dp=0.0065,0.0065,linear_gap,0.9905429934510636,57.93630104351167,-40.38189181535627,98.31819285886795,True
dp=0.0065,0.0065,linear_gap,0.9980119848353578,65.90278934945916,-40.079679009665206,105.98246835912437,True
dp=0.0065,0.0065,linear_gap,0.9981096742718252,65.90722131712943,-40.07575623308346,105.9829775502129,True
dp=0.0065,0.0065,linear_gap,0.9982073541479282,64.82678827135155,-40.07183460809511,104.89862287944666,True
dp=0.0065,0.0065,linear_gap,0.9983050244664732,65.91668585525818,-40.067914134136814,105.984599989395,True
dp=0.0065,0.0065,linear_gap,0.9984026852302653,64.83087652919984,-40.06399481064562,104.89487133984545,True
dp=0.0065,0.0065,linear_gap,0.9984026852302653,65.92111696693422,-40.06399481064562,105.98511177757985,True
dp=0.0065,0.0065,linear_gap,0.998695610221152,64.84193564586582,-40.05224373735093,104.89417938321674,True
dp=0.0065,0.0065,linear_gap,0.998695610221152,65.92313767390303,-40.05224373735093,105.97538141125395,True
dp=0.0065,0.0065,linear_gap,0.9987932327939542,65.92756816661546,-40.04832901010633,105.97589717672179,True
dp=0.0065,0.0065,linear_gap,0.9989884493201082,65.93702951916207,-40.04050299803087,105.97753251719294,True
dp=0.0065,0.0065,linear_gap,0.9990860432790525,65.94145915702008,-40.03659171207908,105.97805086909915,True
dp=0.0065,0.0065,linear_gap,0.9991836277056341,64.85708056464608,-40.032681572104636,104.88976213675072,True
dp=0.0065,0.0065,linear_gap,1.0147082939815817,79.12169248582347,-39.42019616597915,118.54188865180262,True
dp=0.0065,0.0065,linear_gap,1.0148043761607508,74.81738016691534,-39.4164638423512,114.23384400926653,True
dp=0.0065,0.0065,linear_gap,1.0149965132329308,79.13041397176393,-39.40900237439577,118.5394163461597,True
dp=0.0065,0.0065,linear_gap,1.0150925681311067,79.13011636528135,-39.40527322906545,118.53538959434681,True
dp=0.0065,0.0065,linear_gap,1.0152846506645328,74.8257692792594,-39.39781811319501,114.22358739245442,True
dp=0.0065,0.0065,linear_gap,1.0152846506645328,74.82576927925938,-39.39781811319501,114.22358739245439,True
dp=0.0065,0.0065,linear_gap,1.0153806783049404,74.8393688027646,-39.394092141654035,114.23346094441862,True
dp=0.0065,0.0065,linear_gap,1.0153806783049406,79.13883916086746,-39.394092141654035,118.53293130252149,True
dp=0.0065,0.0065,linear_gap,1.015572706346029,79.14940976607025,-39.38664336886096,118.53605313493121,True
dp=0.0065,0.0065,linear_gap,1.0156687067518602,79.14911391572014,-39.38292056660998,118.53203448233012,True
dp=0.0065,0.0065,linear_gap,1.0158606803469623,74.84775945589911,-39.3754781279045,114.22323758380361,True
dp=0.0065,0.0065,linear_gap,1.015956653541376,79.15783710948872,-39.37175849045311,118.52959559994184,True
dp=0.0065,0.0065,linear_gap,1.0230495696079498,83.59565437656123,-39.09878972465497,122.69444410121619,True
dp=0.0065,0.0065,linear_gap,1.0230495696079498,80.5725552286384,-39.09878972465497,119.67134495329336,True
dp=0.0065,0.0065,linear_gap,1.023144868469275,80.5755236785712,-39.09514794307078,119.67067162164199,True
dp=0.0065,0.0065,linear_gap,1.0232401584549973,83.60266478888273,-39.09150717891729,122.69417196780003,True
dp=0.0065,0.0065,linear_gap,1.0233354395675969,83.60590111728426,-39.087867431720845,122.69376854900511,True
dp=0.0065,0.0065,linear_gap,1.023525975183338,80.58150989825134,-39.08059098630597,119.6621008845573,True
dp=0.0065,0.0065,linear_gap,1.023525975183338,80.58150989825135,-39.08059098630597,119.66210088455733,True
dp=0.0065,0.0065,linear_gap,1.023621229691433,80.58447884364335,-39.07695428714179,119.66143313078514,True
dp=0.0065,0.0065,linear_gap,1.023621229691433,80.59270155198196,-39.07695428714179,119.66965583912375,True
dp=0.0065,0.0065,linear_gap,1.023716475336311,80.59567028706715,-39.0733186030431,119.66898889011026,True
dp=0.0065,0.0065,linear_gap,1.023716475336311,80.59567028706715,-39.0733186030431,119.66898889011026,True
dp=0.0065,0.0065,linear_gap,1.0239069400463094,83.6203895896672,-39.06605027815406,122.68643986782126,True
dp=0.0065,0.0065,linear_gap,1.024002159116374,83.62362638692422,-39.062417636420385,122.6860440233446,True
dp=0.0065,0.0065,linear_gap,1.0240973693331086,80.60165958338985,-39.0587860078656,119.66044559125544,True
dp=0.0065,0.0065,linear_gap,1.0241925706989834,80.60462881130229,-39.055155392018804,119.6597842033211,True
dp=0.0065,0.0065,linear_gap,1.0241925706989834,80.60462881130245,-39.0551553920188,119.65978420332124,True
dp=0.0065,0.0065,linear_gap,1.0403751351675967,87.47320213195185,-38.447670121947205,125.92087225389906,True
dp=0.0065,0.0065,linear_gap,1.0474888647976228,94.72762475594709,-38.186563451181016,132.91418820712812,True
dp=0.0065,0.0065,linear_gap,1.0475819404108733,97.54731808798702,-38.18317064945922,135.73048873744625,True
dp=0.0065,0.0065,linear_gap,1.047675007755272,89.55904719784674,-38.17977875190821,127.73882594975495,True
dp=0.0065,0.0065,linear_gap,1.047675007755272,94.73117260310677,-38.17977875190821,132.910951355015,True
dp=0.0065,0.0065,linear_gap,1.0477680668330218,89.558576559102,-38.17638775812646,127.73496431722845,True
dp=0.0065,0.0065,linear_gap,1.047954160197384,97.55957243826478,-38.1696084802659,135.7291809185307,True
dp=0.0065,0.0065,linear_gap,1.047954160197384,94.73693149034818,-38.1696084802659,132.9065399706141,True
dp=0.0065,0.0065,linear_gap,1.0480471944883984,94.74372137992565,-38.166220195385286,132.90994157531094,True
dp=0.0065,0.0065,linear_gap,1.048140220521568,94.74048257268652,-38.16283281267032,132.90331538535685,True
dp=0.0065,0.0065,linear_gap,1.0482332382990913,97.56171295769599,-38.15944633172072,135.7211592894167,True
dp=0.0065,0.0065,linear_gap,1.0482332382990913,94.74727247826705,-38.15944633172072,132.90671880998778,True
dp=0.0065,0.0065,linear_gap,1.0484192490959883,89.57933068418245,-38.15267607351778,127.73200675770023,True
dp=0.0065,0.0065,linear_gap,1.0485122421197546,89.5788632251094,-38.14929229546511,127.72815552057452,True
dp=0.0065,0.0065,linear_gap,1.0485122421197546,89.57886322510939,-38.14929229546511,127.72815552057449,True
dp=0.0065,0.0065,linear_gap,1.0486052268966586,97.57397365486001,-38.145909417579176,135.7198830724392,True
dp=0.0065,0.0065,linear_gap,1.0486982034288947,94.756590178301,-38.14252743946093,132.89911761776193,True
dp=0.0065,0.0065,linear_gap,1.0555711353930683,100.6444172503775,-37.89417752987817,138.53859478025566,True
dp=0.0065,0.0065,linear_gap,1.055663498409891,100.64513971880986,-37.89086205997517,138.53600177878502,True
dp=0.0065,0.0065,linear_gap,1.055663498409891,92.39853963619214,-37.89086205997517,130.28940169616732,True
dp=0.0065,0.0065,linear_gap,1.0557558533463163,92.40007674179228,-37.88754746015974,130.287624201952,True
dp=0.0065,0.0065,linear_gap,1.0558482002044645,92.40161384790306,-37.88423373005136,130.28584757795443,True
dp=0.0065,0.0065,linear_gap,1.055940538986455,100.65491090153083,-37.880920869269794,138.53583177080063,True
dp=0.0065,0.0065,linear_gap,1.055940538986455,100.76682539895414,-37.880920869269794,138.64774626822393,True
dp=0.0065,0.0065,linear_gap,1.0560328696944066,100.65563516509748,-37.87760887743499,138.53324404253246,True
dp=0.0065,0.0065,linear_gap,1.056217506896662,100.65867886859064,-37.870987499086695,138.52966636767735,True
dp=0.0065,0.0065,linear_gap,1.0563098133951982,100.77868094730825,-37.8676781118143,138.64635905912255,True
dp=0.0065,0.0065,linear_gap,1.0563098133951982,100.65940436724084,-37.8676781118143,138.52708247905514,True
dp=0.0065,0.0065,linear_gap,1.0564021118281604,92.41719168174285,-37.86436959197086,130.28156127371372,True
dp=0.0065,0.0065,linear_gap,1.056494402197662,92.41873096984966,-37.86106193917751,130.27979290902718,True
dp=0.0065,0.0065,linear_gap,1.0565866845058165,100.66918044786806,-37.85775515305559,138.52693560092365,True
dp=0.0065,0.0065,linear_gap,1.0566789587547356,100.66990773534538,-37.85444923322671,138.52435696857208,True
dp=0.0065,0.0065,linear_gap,1.0567712249465304,100.78826037139422,-37.85114417931268,138.6394045507069,True
dp=0.0065,0.0065,linear_gap,1.063775315503705,103.6941021183986,-37.60192534742143,141.29602746582003,True
dp=0.0065,0.0065,linear_gap,1.0640502440557038,103.70144165753749,-37.59220978845617,141.29365144599365,True
dp=0.0065,0.0065,linear_gap,1.0644167049962134,103.70730929971782,-37.57926741683586,141.28657671655367,True
dp=0.0065,0.0065,linear_gap,1.064691467926268,103.71465566804564,-37.56956940578214,141.28422507382777,True
dp=0.0065,0.0065,linear_gap,1.0715528087196682,98.4332383969762,-37.32900485585355,135.76224325282973,True
dp=0.0065,0.0065,linear_gap,1.071734772168472,98.44124285786319,-37.322666986969956,135.76390984483314,True
dp=0.0065,0.0065,linear_gap,1.071734772168472,98.44124285786317,-37.322666986969956,135.76390984483314,True
dp=0.0065,0.0065,linear_gap,1.0719167047280322,105.65906177698842,-37.316332345197324,142.97539412218575,True
dp=0.0065,0.0065,linear_gap,1.0722804772423105,105.66610369604678,-37.30367273203738,142.96977642808415,True
dp=0.0065,0.0065,linear_gap,1.0722804772423105,98.44844968713315,-37.30367273203738,135.75212241917052,True
dp=0.0065,0.0065,linear_gap,1.0724623172284393,98.45645642475284,-37.297347755184404,135.75380417993725,True
dp=0.0065,0.0065,linear_gap,1.0726441263881468,105.67315169030682,-37.29102599451107,142.96417768481788,True
dp=0.0065,0.0065,linear_gap,1.0792742570241414,107.40733963669979,-37.061942077902515,144.4692817146023,True
dp=0.0065,0.0065,linear_gap,1.0793645917274712,101.71717622247644,-37.05884027192509,138.77601649440152,True
dp=0.0065,0.0065,linear_gap,1.0794549188710982,101.72150958283179,-37.055739244610876,138.77724882744266,True
dp=0.0065,0.0065,linear_gap,1.0794549188710982,101.72150958283179,-37.055739244610876,138.77724882744266,True
dp=0.0065,0.0065,linear_gap,1.0795452384569197,101.72717996301547,-37.05263899563412,138.7798189586496,True
dp=0.0065,0.0065,linear_gap,1.0796355504868325,101.73151287674952,-37.0495395246693,138.78105240141883,True
dp=0.0065,0.0065,linear_gap,1.0796355504868325,107.41414169874798,-37.0495395246693,144.46368122341727,True
dp=0.0065,0.0065,linear_gap,1.0798161518865157,107.41777265058016,-37.04334291547423,144.4611155660544,True
dp=0.0065,0.0065,linear_gap,1.0799064412600756,107.41981731648615,-37.040245776593835,144.46006309307998,True
dp=0.0065,0.0065,linear_gap,1.0800869973641003,101.73047227738087,-37.03405382864348,138.76452610602433,True
dp=0.0065,0.0065,linear_gap,1.0800869973641003,107.4234503855275,-37.03405382864348,144.45750421417097,True
dp=0.0065,0.0065,linear_gap,1.0801772640983498,101.73480689766471,-37.03095901892451,138.76576591658923,True
dp=0.0065,0.0065,linear_gap,1.0802675232899461,101.74047761144934,-37.02786498494402,138.76834259639335,True
dp=0.0065,0.0065,linear_gap,1.0802675232899464,101.74047761144949,-37.02786498494402,138.7683425963935,True
dp=0.0065,0.0065,linear_gap,1.08035777494078,101.74481178414302,-37.02477172637796,138.769583510521,True
dp=0.0065,0.0065,linear_gap,1.0804480190527406,107.4302671435152,-37.02167924290252,144.45194638641772,True
dp=0.0065,0.0065,linear_gap,1.0870305524110229,108.09014554471732,-36.797493788266024,144.88763933298333,True
dp=0.0065,0.0065,linear_gap,1.0872996007885813,108.09612542516345,-36.78838838070883,144.88451380587227,True
dp=0.0065,0.0065,linear_gap,1.0874789293935792,108.09598524564274,-36.78232186282962,144.87830710847237,True
dp=0.0065,0.0065,linear_gap,1.0875685826075538,108.1017097234712,-36.77928972910933,144.88099945258054,True
dp=0.0065,0.0065,linear_gap,1.0877478668675937,108.10197154850611,-36.773227710561905,144.875199259068,True
dp=0.0065,0.0065,linear_gap,1.0878374979173124,108.10769624837754,-36.77019782511711,144.87789407349464,True
dp=0.0065,0.0065,linear_gap,1.0880167378652754,108.10756240077927,-36.76414030034254,144.87170270112182,True
dp=0.0065,0.0065,linear_gap,1.0882855424358953,108.11355532796085,-36.755059623845156,144.86861495180602,True
dp=0.0065,0.0065,linear_gap,1.1025563123373843,105.97922636263728,-36.27932610099639,142.25855246363366,True
dp=0.0065,0.0065,linear_gap,1.1027331598691537,107.63375266832232,-36.27350791259987,143.90726058092218,True
dp=0.0065,0.0065,linear_gap,1.1030867698757891,105.98763710334114,-36.26187992854281,142.24951703188395,True
dp=0.0065,0.0065,linear_gap,1.1032635323779167,107.63323226483752,-36.25607012839995,143.88930239323747,True
dp=0.0065,0.0065,linear_gap,1.1034402665640746,107.64280828543052,-36.25026311986348,143.893071405294,True
dp=0.0065,0.0065,linear_gap,1.1036169724478655,105.99606361671246,-36.244458900698525,142.240522517411,True
dp=0.0065,0.0065,linear_gap,1.1102377771788396,107.63401548023091,-36.02831827758704,143.66233375781795,True
dp=0.0065,0.0065,linear_gap,1.1102377771788396,107.54342194947296,-36.02831827758704,143.57174022706,True
dp=0.0065,0.0065,linear_gap,1.110501203004754,107.64693034635664,-36.019771875770545,143.66670222212718,True
dp=0.0065,0.0065,linear_gap,1.11067678551188,107.54636710932643,-36.01407765227137,143.5604447615978,True
dp=0.0065,0.0065,linear_gap,1.1107645663573362,107.55122793846877,-36.011231553034506,143.56245949150326,True
dp=0.0065,0.0065,linear_gap,1.110940107240259,107.64213180634938,-36.00554137825303,143.6476731846024,True
dp=0.0065,0.0065,linear_gap,1.111203366569321,107.65505201537349,-35.997011171316174,143.65206318668965,True
dp=0.0065,0.0065,linear_gap,1.1112911058201589,107.55905013975405,-35.99416911600229,143.55321925575635,True
dp=0.0065,0.0065,smooth_quartic,0.0006495190528329692,-4614.910692912971,-4799.996624999999,185.0859320870277,True
dp=0.0065,0.0065,smooth_quartic,0.1303760786149024,-4479.223180683154,-4664.016625000006,184.7934443168515,True
dp=0.0065,0.0065,smooth_quartic,0.18384891045366586,-4345.092312953093,-4529.596624999998,184.5043120469054,True
dp=0.0065,0.0065,smooth_quartic,0.18437847454352813,-4343.535668453341,-4528.036625000012,184.50095654667075,True
dp=0.0065,0.0065,smooth_quartic,0.2253839432501776,-4209.404800723278,-4393.616625000005,184.21182427672738,True
dp=0.0065,0.0065,smooth_quartic,0.2603755400858508,-4073.71728849346,-4257.636625000011,183.9193365065512,True
dp=0.0065,0.0065,smooth_quartic,0.29018601254195997,-3942.699709762911,-4126.336624999979,183.63691523706802,True
dp=0.0065,0.0065,smooth_quartic,0.2905218096374194,-3941.1430652631543,-4124.776624999991,183.63355973683701,True
dp=0.0065,0.0065,smooth_quartic,0.290857219052578,-3939.586420763403,-4123.216625000005,183.63020423660146,True
dp=0.0065,0.0065,smooth_quartic,0.291192242127083,-3938.0297762636437,-4121.656625000018,183.6268487363741,True
dp=0.0065,0.0065,smooth_quartic,0.31812799605662145,-3807.012197533094,-3990.356624999985,183.34442746689092,True
dp=0.0065,0.0065,smooth_quartic,0.3184343289832304,-3805.455553033338,-3988.7966249999977,183.34107196665946,True
dp=0.0065,0.0065,smooth_quartic,0.3187403675015114,-3803.898908533585,-3987.2366250000105,183.33771646642526,True
dp=0.0065,0.0065,smooth_quartic,0.31904611245868036,-3802.342264033837,-3985.6766250000237,183.33436096618652,True
dp=0.0065,0.0065,smooth_quartic,0.3676960998909293,-3535.637173073461,-3718.3966249999976,182.7594519265367,True
dp=0.0065,0.0065,smooth_quartic,0.3682260472522239,-3532.523884073954,-3715.276625000023,182.75274092606924,True
dp=0.0065,0.0065,smooth_quartic,0.38962536092380157,-3403.0629498431654,-3585.536624999978,182.47367515681253,True
dp=0.0065,0.0065,smooth_quartic,0.38987552099997386,-3401.506305343405,-3583.9766249999907,182.47031965658562,True
dp=0.0065,0.0065,smooth_quartic,0.3901255206661049,-3399.949660843647,-3582.4166250000035,182.46696415635643,True
dp=0.0065,0.0065,smooth_quartic,0.3903753602303786,-3398.393016343889,-3580.8566250000167,182.4636086561277,True
dp=0.0065,0.0065,smooth_quartic,0.39062503999999315,-3396.8363718441333,-3579.296625000029,182.46025315589577,True
dp=0.0065,0.0065,smooth_quartic,0.4106219939007207,-3268.9320821130955,-3451.116624999971,182.18454288687553,True
dp=0.0065,0.0065,smooth_quartic,0.4108593699491371,-3267.3754376133415,-3449.556624999984,182.18118738664225,True
dp=0.0065,0.0065,smooth_quartic,0.4113337110850491,-3264.2621486138314,-3446.43662500001,182.1744763861784,True
dp=0.0065,0.0065,smooth_quartic,0.41157067664618313,-3262.705504114078,-3444.876625000023,182.17112088594513,True
dp=0.0065,0.0065,smooth_quartic,0.4308223785680158,-3133.244569883281,-3315.1366249999774,181.89205511669616,True
dp=0.0065,0.0065,smooth_quartic,0.431048630522127,-3131.687925383525,-3313.57662499999,181.88869961646515,True
dp=0.0065,0.0065,smooth_quartic,0.4315007785334783,-3128.5746363840135,-3310.456625000016,181.88198861600267,True
dp=0.0065,0.0065,smooth_quartic,0.4317266749634499,-3127.0179918842587,-3308.8966250000285,181.87863311576984,True
dp=0.0065,0.0065,smooth_quartic,0.45011712017540717,-2997.557057653462,-3179.1566249999837,181.59956734652178,True
dp=0.0065,0.0065,smooth_quartic,0.4682017961039923,-2864.982834423162,-3046.2966249999645,181.3137905768026,True
dp=0.0065,0.0065,smooth_quartic,0.46861809810868504,-2861.869545423647,-3043.17662499999,181.30707957634286,True
dp=0.0065,0.0065,smooth_quartic,0.46882611048767275,-2860.312900923894,-3041.616625000003,181.30372407610867,True
dp=0.0065,0.0065,smooth_quartic,0.46924185861344075,-2857.199611924379,-3038.4966250000284,181.29701307564937,True
dp=0.0065,0.0065,smooth_quartic,0.4858141845140025,-2730.851966693099,-2911.876624999957,181.02465830685833,True
dp=0.0065,0.0065,smooth_quartic,0.48601483709348176,-2729.295322193346,-2910.3166249999704,181.0213028066246,True
dp=0.0065,0.0065,smooth_quartic,0.48621540686716413,-2727.738677693585,-2908.7566249999836,181.01794730639858,True
dp=0.0065,0.0065,smooth_quartic,0.4864158939374827,-2726.182033193835,-2907.1966249999964,181.0145918061612,True
dp=0.0065,0.0065,smooth_quartic,0.4864158939374827,-2726.1820331938347,-2907.1966249999964,181.01459180616166,True
dp=0.0065,0.0065,smooth_quartic,0.4866162984066592,-2724.625388694076,-2905.6366250000087,181.01123630593293,True
dp=0.0065,0.0065,smooth_quartic,0.4868166203767053,-2723.06874419432,-2904.0766250000215,181.00788080570146,True
dp=0.0065,0.0065,smooth_quartic,0.4870168599494227,-2721.512099694564,-2902.5166250000348,181.0045253054709,True
dp=0.0065,0.0065,smooth_quartic,0.5196252706277896,-2459.476942233465,-2639.91662499997,180.43968276650503,True
dp=0.0065,0.0065,smooth_quartic,0.5353670907657717,-2326.902719003169,-2507.0566249999506,180.15390599678176,True
dp=0.0065,0.0065,smooth_quartic,0.5355491778305747,-2325.3460745034113,-2505.496624999963,180.15055049655166,True
dp=0.0065,0.0065,smooth_quartic,0.5357312030066971,-2323.7894300036564,-2503.936624999976,180.14719499631974,True
dp=0.0065,0.0065,smooth_quartic,0.5357312030066971,-2323.7894300036564,-2503.936624999976,180.14719499631974,True
dp=0.0065,0.0065,smooth_quartic,0.5360950679450425,-2320.6761410041368,-2500.8166250000017,180.140483995865,True
dp=0.0065,0.0065,smooth_quartic,0.536276907833069,-2319.1194965043883,-2499.2566250000145,180.13712849562626,True
dp=0.0065,0.0065,smooth_quartic,0.536276907833069,-2319.1194965043896,-2499.2566250000145,180.1371284956249,True
dp=0.0065,0.0065,smooth_quartic,0.5364586860840231,-2317.562852004629,-2497.696625000028,180.13377299539889,True
dp=0.0065,0.0065,smooth_quartic,0.551013086845499,-2191.215206773343,-2371.0766249999565,179.8614182266133,True
dp=0.0065,0.0065,smooth_quartic,0.5511900052386688,-2189.6585622735884,-2369.5166249999697,179.85806272638138,True
dp=0.0065,0.0065,smooth_quartic,0.5513668668636175,-2188.101917773834,-2367.9566249999825,179.85470722614855,True
dp=0.0065,0.0065,smooth_quartic,0.5515436717749561,-2186.5452732740796,-2366.396624999995,179.85135172591526,True
dp=0.0065,0.0065,smooth_quartic,0.5518971116748096,-2183.431984274568,-2363.2766250000213,179.84464072545325,True
dp=0.0065,0.0065,smooth_quartic,0.5520737467721099,-2181.8753397748123,-2361.716625000034,179.84128522522178,True
dp=0.0065,0.0065,smooth_quartic,0.5660546986599494,-2057.08433904329,-2236.65662499995,179.57228595665993,True
dp=0.0065,0.0065,smooth_quartic,0.5665711975339034,-2052.414405544011,-2231.976624999988,179.5622194559769,True
dp=0.0065,0.0065,smooth_quartic,0.5667432592232569,-2050.857761044264,-2230.416625000002,179.55886395573816,True
dp=0.0065,0.0065,smooth_quartic,0.5670872259846773,-2047.744472044758,-2227.2966250000272,179.55215295526932,True
dp=0.0065,0.0065,smooth_quartic,0.5808747041101079,-1921.3968268134677,-2100.6766249999564,179.27979818648873,True
dp=0.0065,0.0065,smooth_quartic,0.5812103077845421,-1918.2835378139566,-2097.556624999982,179.27308718602535,True
dp=0.0065,0.0065,smooth_quartic,0.581545717785798,-1915.1702488144465,-2094.436625000007,179.2663761855606,True
dp=0.0065,0.0065,smooth_quartic,0.5818809344487889,-1912.0569598149355,-2091.316625000034,179.25966518509858,True
dp=0.0065,0.0065,smooth_quartic,0.5951620971424559,-1787.265959083415,-1966.25662499995,178.9906659165349,True
dp=0.0065,0.0065,smooth_quartic,0.5953258955185845,-1785.7093145836516,-1964.6966249999628,178.98731041631117,True
dp=0.0065,0.0065,smooth_quartic,0.59548964883951,-1784.152670083898,-1963.136624999976,178.9839549160779,True
dp=0.0065,0.0065,smooth_quartic,0.5956533571423914,-1782.5960255841474,-1961.5766249999888,178.98059941584143,True
dp=0.0065,0.0065,smooth_quartic,0.5958170204643367,-1781.0393810843784,-1960.016625000001,178.9772439156227,True
dp=0.0065,0.0065,smooth_quartic,0.5959806388424025,-1779.482736584629,-1958.456625000014,178.97388841538486,True
dp=0.0065,0.0065,smooth_quartic,0.5961442123135949,-1777.9260920848733,-1956.8966250000267,178.9705329151534,True
dp=0.0065,0.0065,smooth_quartic,0.5963077409148693,-1776.3694475851244,-1955.33662500004,178.96717741491557,True
dp=0.0065,0.0065,smooth_quartic,0.6091144571219822,-1653.1350913533465,-1831.8366249999426,178.7015336465961,True
dp=0.0065,0.0065,smooth_quartic,0.6095944732976196,-1648.465157854081,-1827.1566249999814,178.69146714590033,True
dp=0.0065,0.0065,smooth_quartic,0.6099142742017103,-1645.3518688545664,-1824.036625000007,178.6847561454406,True
dp=0.0065,0.0065,smooth_quartic,0.6100741117888854,-1643.7952243548111,-1822.4766250000198,178.68140064520867,True
dp=0.0065,0.0065,smooth_quartic,0.636254997524583,-1383.3167113934674,-1561.436624999942,178.1199136064747,True
dp=0.0065,0.0065,smooth_quartic,0.6365614046382359,-1380.2034223939577,-1558.3166249999686,178.11320260601087,True
dp=0.0065,0.0065,smooth_quartic,0.6368676643345936,-1377.090133394447,-1555.1966249999941,178.10649160554703,True
dp=0.0065,0.0065,smooth_quartic,0.6371737768262261,-1373.9768443949356,-1552.0766250000206,178.09978060508502,True
dp=0.0065,0.0065,smooth_quartic,0.6494751125909339,-1247.6291991636526,-1425.4566249999489,177.82742583629624,True
dp=0.0065,0.0065,smooth_quartic,0.6496252164710087,-1246.072554663891,-1423.8966249999607,177.82407033606978,True
dp=0.0065,0.0065,smooth_quartic,0.6499253202291795,-1242.9592656643863,-1420.7766249999877,177.8173593356014,True
dp=0.0065,0.0065,smooth_quartic,0.6500753201552878,-1241.402621164627,-1419.2166250000005,177.81400383537357,True
dp=0.0065,0.0065,smooth_quartic,0.6505251124091944,-1236.7326876653701,-1414.5366250000388,177.80393733466872,True
dp=0.0065,0.0065,smooth_quartic,0.6622842455283132,-1113.4983314336,-1291.036624999942,177.53829356634196,True
dp=0.0065,0.0065,smooth_quartic,0.6624314469248916,-1111.9416869338365,-1289.4766249999557,177.53493806611914,True
dp=0.0065,0.0065,smooth_quartic,0.6624314469248916,-1111.9416869338365,-1289.4766249999557,177.53493806611914,True
dp=0.0065,0.0065,smooth_quartic,0.6625786156185574,-1110.3850424340808,-1287.9166249999666,177.53158256588586,True
dp=0.0065,0.0065,smooth_quartic,0.6627257516310969,-1108.828397934326,-1286.3566249999808,177.52822706565485,True
dp=0.0065,0.0065,smooth_quartic,0.6628728549842728,-1107.2717534345647,-1284.7966249999931,177.52487156542838,True
dp=0.0065,0.0065,smooth_quartic,0.6628728549842728,-1107.2717534345657,-1284.7966249999931,177.52487156542747,True
dp=0.0065,0.0065,smooth_quartic,0.6630199256998232,-1105.7151089348226,-1283.2366250000077,177.5215160651851,True
dp=0.0065,0.0065,smooth_quartic,0.6631669637994625,-1104.1584644350542,-1281.6766250000187,177.51816056496455,True
dp=0.0065,0.0065,smooth_quartic,0.6633139693048804,-1102.6018199353034,-1280.1166250000329,177.51480506472944,True
dp=0.0065,0.0065,smooth_quartic,0.6633139693048804,-1102.6018199353052,-1280.1166250000329,177.51480506472762,True
dp=0.0065,0.0065,smooth_quartic,0.6634609422377433,-1101.0451754355536,-1278.5566250000452,177.5114495644916,True
dp=0.0065,0.0065,smooth_quartic,0.6749947569240863,-977.8108192037812,-1155.0566249999488,177.2458057961676,True
dp=0.0065,0.0065,smooth_quartic,0.6751391870384985,-976.2541747040259,-1153.4966249999616,177.24245029593567,True
dp=0.0065,0.0065,smooth_quartic,0.6752835862621,-974.6975302042729,-1151.936624999974,177.23909479570102,True
dp=0.0065,0.0065,smooth_quartic,0.6757165987860578,-970.0275967050052,-1147.2566250000132,177.229028295008,True
dp=0.0065,0.0065,smooth_quartic,0.6758608746443285,-968.4709522052358,-1145.6966250000255,177.22567279478972,True
dp=0.0065,0.0065,smooth_quartic,0.6761493340046957,-965.295079084689,-1142.5766250000506,177.28154591536168,True
dp=0.0065,0.0065,smooth_quartic,0.6994447239596622,-708.9936067741373,-886.216624999935,177.22301822579766,True
dp=0.0065,0.0065,smooth_quartic,0.699584106362492,-706.9795182328203,-884.6566249999473,177.67710676712704,True
dp=0.0065,0.0065,smooth_quartic,0.6997234610008477,-705.8823233644994,-883.0966249999606,177.2143016354612,True
dp=0.0065,0.0065,smooth_quartic,0.6998627878913146,-703.8697534627672,-881.5366249999734,177.66687153720613,True
dp=0.0065,0.0065,smooth_quartic,0.6998627878913146,-703.8697534627663,-881.5366249999734,177.66687153720704,True
dp=0.0065,0.0065,smooth_quartic,0.7000020870504614,-702.7712243982787,-879.9766249999857,177.20540060170697,True
dp=0.0065,0.0065,smooth_quartic,0.7001413584948399,-701.2152426793864,-878.4166249999994,177.201382320613,True
dp=0.0065,0.0065,smooth_quartic,0.7002806022409863,-699.6599438545545,-876.8566250000122,177.19668114545766,True
dp=0.0065,0.0065,smooth_quartic,0.7002806022409863,-699.2053598347147,-876.8566250000122,177.65126516529745,True
dp=0.0065,0.0065,smooth_quartic,0.7004198183054196,-698.1041457398569,-875.2966250000236,177.1924792601667,True
dp=0.0065,0.0065,smooth_quartic,0.7005590067046424,-696.0956004996056,-873.7366250000377,177.6410245004322,True
dp=0.0065,0.0065,smooth_quartic,0.7006981674551416,-694.9928666604883,-872.1766250000505,177.18375833956225,True
dp=0.0065,0.0065,smooth_quartic,0.7114916878467431,-571.7095458078902,-750.2366249999409,178.52707919205068,True
dp=0.0065,0.0065,smooth_quartic,0.7116287106876771,-570.1568534386201,-748.6766249999537,178.51977156133353,True
dp=0.0065,0.0065,smooth_quartic,0.7117657071501859,-568.6047244231809,-747.116624999966,178.51190057678514,True
dp=0.0065,0.0065,smooth_quartic,0.7119026772494977,-567.0520337598196,-745.5566249999783,178.5045912401588,True
dp=0.0065,0.0065,smooth_quartic,0.712176538419372,-563.9480291151895,-742.4366250000053,178.48859588481582,True
dp=0.0065,0.0065,smooth_quartic,0.7123134295203184,-562.3953413698146,-740.8766250000181,178.4812836302035,True
dp=0.0065,0.0065,smooth_quartic,0.712450294318836,-560.8432208489071,-739.3166250000318,178.47340415112467,True
dp=0.0065,0.0065,smooth_quartic,0.7125871328300803,-559.2905348094314,-737.7566250000427,178.46609019061134,True
dp=0.0065,0.0065,smooth_quartic,0.73539133927114,-293.5355323036588,-473.59662499999195,180.06109269633316,True
dp=0.0065,0.0065,smooth_quartic,0.735921478063383,-287.3479677049809,-467.356625000044,180.00865729506313,True
dp=0.0065,0.0065,smooth_quartic,0.7462056833574829,-163.5406789679132,-345.41662499993436,181.87594603202115,True
dp=0.0065,0.0065,smooth_quartic,0.7464669596673419,-157.51455702961084,-342.296624999959,184.78206797034818,True
dp=0.0065,0.0065,smooth_quartic,0.7467281445579789,-154.45160778891977,-339.1766249999855,184.72501721106573,True
dp=0.0065,0.0065,smooth_quartic,0.7467281445579789,-157.38592531345284,-339.1766249999855,181.79069968653266,True
dp=0.0065,0.0065,smooth_quartic,0.7468587027510627,-152.91729177428533,-337.61662499999784,184.6993332257125,True
dp=0.0065,0.0065,smooth_quartic,0.7471197506926162,-149.85438252527683,-334.4966250000234,184.64224247474658,True
dp=0.0065,0.0065,smooth_quartic,0.7472502404649967,-151.23125087421795,-332.93662500003757,181.70537412581962,True
dp=0.0065,0.0065,smooth_quartic,0.7473807074543695,-146.7915064569729,-331.3766250000481,184.58511854307517,True
dp=0.0065,0.0065,smooth_quartic,0.7575093543151843,-19.629692507089203,-209.43662499993934,189.80693249285014,True
dp=0.0065,0.0065,smooth_quartic,0.7577667331540784,-21.234207004905784,-206.31662499996582,185.08241799506004,True
dp=0.0065,0.0065,smooth_quartic,0.7578953897966412,-15.090714249092798,-204.75662499997816,189.66591075088536,True
dp=0.0065,0.0065,smooth_quartic,0.7578953897966412,-15.090714249094617,-204.75662499997816,189.66591075088354,True
dp=0.0065,0.0065,smooth_quartic,0.7581526375836197,-12.059460580931955,-201.63662500000373,189.57716441907178,True
dp=0.0065,0.0065,smooth_quartic,0.7582812287502558,-15.139156139524857,-200.07662500001607,184.9374688604912,True
dp=0.0065,0.0065,smooth_quartic,0.7585383456853019,-7.520666880951012,-196.95662500004346,189.43595811909245,True
dp=0.0065,0.0065,smooth_quartic,0.7586668714758756,-10.568218981330574,-195.3966250000567,184.82840601872613,True
dp=0.0065,0.0065,smooth_quartic,0.7685199554175599,115.56003650651792,-75.01662499993381,190.57666150645173,True
dp=0.0065,0.0065,smooth_quartic,0.768646812180345,117.06284833623886,-73.45662499994614,190.519473336185,True
dp=0.0065,0.0065,smooth_quartic,0.7689004629176674,120.062047417347,-70.33662499997263,190.39867241731963,True
dp=0.0065,0.0065,smooth_quartic,0.7690272569129145,121.56482237593718,-68.77662499998496,190.34144737592214,True
dp=0.0065,0.0065,smooth_quartic,0.7691540300063441,123.0648398633889,-67.2166249999982,190.2814648633871,True
dp=0.0065,0.0065,smooth_quartic,0.76928078220829,124.56758885484032,-65.65662500001145,190.22421385485177,True
dp=0.0065,0.0065,smooth_quartic,0.7695342239790218,127.5666280437481,-62.53662500003611,190.1032530437842,True
dp=0.0065,0.0065,smooth_quartic,0.7696609135684324,129.06934016405785,-60.97662500004844,190.0459651641063,True
dp=0.0065,0.0065,smooth_quartic,0.7796251803751633,237.72942374347667,62.523375000047054,175.20604874342962,True
dp=0.0065,0.0065,smooth_quartic,0.779875260458365,250.74478557458497,65.64337500002148,185.1014105745635,True
dp=0.0065,0.0065,smooth_quartic,0.780125260374896,253.74532982305072,68.763374999995,184.98195482305573,True
dp=0.0065,0.0065,smooth_quartic,0.7803751802018029,246.9064994672276,71.88337499997033,175.02312446725728,True
dp=0.0065,0.0065,smooth_quartic,0.7806250200160081,259.74461256456425,75.00337499994475,184.7412375646195,True
dp=0.0065,0.0065,smooth_quartic,0.790327730675703,373.7927780387249,196.9433750000535,176.84940303867143,True
dp=0.0065,0.0065,smooth_quartic,0.7904510875917656,375.30575649005505,198.50337500004207,176.80238149001298,True
dp=0.0065,0.0065,smooth_quartic,0.7910675836330275,382.8870771452116,206.30337499997768,176.58370214523393,True
dp=0.0065,0.0065,smooth_quartic,0.7911908251964223,384.39997205452346,207.86337499996444,176.53659705455902,True
dp=0.0065,0.0065,smooth_quartic,0.8007655224065339,522.7647678831995,329.8033750000741,192.96139288312543,True
dp=0.0065,0.0065,smooth_quartic,0.8010090023682667,512.3945860544925,332.9233750000467,179.4712110544458,True
dp=0.0065,0.0065,smooth_quartic,0.8010090023682667,525.609952253219,332.9233750000467,192.68657725317235,True
dp=0.0065,0.0065,smooth_quartic,0.8011307145996865,527.038787395798,334.48337500003527,192.5554123957627,True
dp=0.0065,0.0065,smooth_quartic,0.8011307145996865,527.0387873957984,334.48337500003527,192.55541239576314,True
dp=0.0065,0.0065,smooth_quartic,0.8013740836057783,529.8806043101281,337.6033750000079,192.27722931012022,True
dp=0.0065,0.0065,smooth_quartic,0.8013740836057784,529.8837839641124,337.6033750000106,192.28040896410175,True
dp=0.0065,0.0065,smooth_quartic,0.8016173787256599,532.7254498700308,340.723374999985,192.00207487004582,True
dp=0.0065,0.0065,smooth_quartic,0.8017389985992924,521.3143690159527,342.28337499996996,179.03099401598274,True
dp=0.0065,0.0065,smooth_quartic,0.8017389985992924,521.3143690159523,342.28337499996996,179.0309940159823,True
dp=0.0065,0.0065,smooth_quartic,0.8018606000265849,522.7929679099025,343.84337499995763,178.94959290994484,True
dp=0.0065,0.0065,smooth_quartic,0.8019821830159277,536.9988154253388,345.4033749999453,191.59544042539346,True
dp=0.0065,0.0065,smooth_quartic,0.8217179697895183,781.8636833069124,601.7633750000614,180.10030830685105,True
dp=0.0065,0.0065,smooth_quartic,0.8219552432310437,784.6242681191814,604.8833750000349,179.74089311914645,True
dp=0.0065,0.0065,smooth_quartic,0.8224295847517877,790.2164573024338,611.1233749999847,179.09308230244915,True
dp=0.0065,0.0065,smooth_quartic,0.822666652949416,792.9764749388773,614.24337499996,178.73309993891735,True
dp=0.0065,0.0065,smooth_quartic,0.8318791510039234,907.4563880140802,736.1833750000687,171.27301301401144,True
dp=0.0065,0.0065,smooth_quartic,0.8318791510039234,907.4563880140806,736.1833750000687,171.2730130140119,True
dp=0.0065,0.0065,smooth_quartic,0.8319963472726349,908.7777520434092,737.7433750000555,171.03437704335374,True
dp=0.0065,0.0065,smooth_quartic,0.8321135270352268,910.0996786731705,739.3033750000423,170.79630367312825,True
dp=0.0065,0.0065,smooth_quartic,0.8321135270352268,910.09967867317,739.3033750000423,170.7963036731278,True
dp=0.0065,0.0065,smooth_quartic,0.8322306902986717,907.5694085565647,740.863375000029,166.70603355653566,True
dp=0.0065,0.0065,smooth_quartic,0.8322306902986717,911.4209089281951,740.863375000029,170.5575339281661,True
dp=0.0065,0.0065,smooth_quartic,0.8323478370699368,918.3197277190477,742.4233750000158,175.89635271903194,True
dp=0.0065,0.0065,smooth_quartic,0.8324649673559845,919.5828176719087,743.9833750000043,175.5994426719044,True
dp=0.0065,0.0065,smooth_quartic,0.8325820811637725,915.4623089814495,745.5433749999902,169.9189339814593,True
dp=0.0065,0.0065,smooth_quartic,0.8325820811637725,911.4639352053132,745.5433749999902,165.920560205323,True
dp=0.0065,0.0065,smooth_quartic,0.8326991785002537,916.7833240124507,747.1033749999788,169.67994901247198,True
dp=0.0065,0.0065,smooth_quartic,0.8328162593723754,918.1048890966601,748.6633749999646,169.44151409669553,True
dp=0.0065,0.0065,smooth_quartic,0.8329333237870807,924.7844479285227,750.2233749999505,174.56107292857223,True
dp=0.0065,0.0065,smooth_quartic,0.8329333237870808,919.4257703533556,750.2233749999532,169.20239535340238,True
dp=0.0065,0.0065,smooth_quartic,0.8330503717513079,916.6752268777059,751.783374999939,164.89185187776684,True
dp=0.0065,0.0065,smooth_quartic,0.841917704930244,1028.5614653727516,870.6033750000752,157.95809037267645,True
dp=0.0065,0.0065,smooth_quartic,0.8420335040097916,1029.8050067103907,872.1633750000619,157.64163171032874,True
dp=0.0065,0.0065,smooth_quartic,0.8423808057375256,1033.538773960063,876.8433750000231,156.69539896003994,True
dp=0.0065,0.0065,smooth_quartic,0.8424965411650076,1034.7553125425113,878.4033750000108,156.35193754250054,True
dp=0.0065,0.0065,smooth_quartic,0.8424965411650076,1034.782070619717,878.4033750000108,156.37869561970615,True
dp=0.0065,0.0065,smooth_quartic,0.8426122606958669,1035.998536189381,879.9633749999966,156.03516118938433,True
dp=0.0065,0.0065,smooth_quartic,0.842959323974173,1039.731274294157,884.6433749999578,155.08789929419913,True
dp=0.0065,0.0065,smooth_quartic,0.8430749799839828,1040.9742532630394,886.2033749999455,154.7708782630939,True
dp=0.0065,0.0065,smooth_quartic,0.8521812728962104,1142.0152137235216,1009.7033750000437,132.31183872347788,True
dp=0.0065,0.0065,smooth_quartic,0.8524100667372494,1144.3268459206997,1012.8233750000163,131.5034709206834,True
dp=0.0065,0.0065,smooth_quartic,0.8527531424011272,1147.8073872746456,1017.5033749999784,130.30401227466723,True
dp=0.0065,0.0065,smooth_quartic,0.8530960800959012,1151.2871961669273,1022.1833749999396,129.1038211669877,True
dp=0.0065,0.0065,smooth_quartic,0.8619834232019814,1249.5800980577235,1144.1233750000501,105.45672305767334,True
dp=0.0065,0.0065,smooth_quartic,0.8622096159722431,1251.757391164638,1147.2433750000228,104.51401616461521,True
dp=0.0065,0.0065,smooth_quartic,0.8626618235873177,1256.1797865260817,1153.4833749999725,102.69641152610916,True
dp=0.0065,0.0065,smooth_quartic,0.8628878385253748,1258.3558757367496,1156.603374999946,101.75250073680354,True
dp=0.0065,0.0065,smooth_quartic,0.8714516176329069,1337.5492105699554,1275.4233750000813,62.1258355698742,True
dp=0.0065,0.0065,smooth_quartic,0.8715634927387725,1345.412706813067,1276.983375000068,68.42933181299895,True
dp=0.0065,0.0065,smooth_quartic,0.8716753534860366,1339.62305653449,1278.5433750000548,61.07968153443517,True
dp=0.0065,0.0065,smooth_quartic,0.8718990319268646,1341.7052203245494,1281.66337500003,60.04184532451927,True
dp=0.0065,0.0065,smooth_quartic,0.8718990319268647,1348.3644702760685,1281.663375000031,66.70109527603745,True
dp=0.0065,0.0065,smooth_quartic,0.8720108496314722,1342.7169677649454,1283.2233750000178,59.4935927649276,True
dp=0.0065,0.0065,smooth_quartic,0.8721226529995655,1343.7782904304327,1284.7833750000045,58.99491543042814,True
dp=0.0065,0.0065,smooth_quartic,0.8722344420366573,1351.398529268195,1286.3433749999913,65.05515426820375,True
dp=0.0065,0.0065,smooth_quartic,0.8722344420366573,1344.789777682583,1286.3433749999913,58.446402682591724,True
dp=0.0065,0.0065,smooth_quartic,0.872457977139871,1346.8709315400502,1289.4633749999657,57.40755654008444,True
dp=0.0065,0.0065,smooth_quartic,0.8725697232170012,1354.3481474901864,1291.0233749999534,63.324772490233045,True
dp=0.0065,0.0065,smooth_quartic,0.8726814549851466,1348.9429655990316,1292.5833749999401,56.35959059909146,True
dp=0.0065,0.0065,smooth_quartic,0.881150056389381,1427.9288279101443,1411.4033750000754,16.525452910068907,True
dp=0.0065,0.0065,smooth_quartic,0.881260700289652,1428.8357397490204,1412.963375000063,15.872364748957352,True
dp=0.0065,0.0065,smooth_quartic,0.88148194642602,1430.627522095535,1416.0833750000374,14.544147095497465,True
dp=0.0065,0.0065,smooth_quartic,0.881592548672573,1431.5340586302548,1417.6433750000233,13.890683630231479,True
dp=0.0065,0.0065,smooth_quartic,0.8818137115485332,1433.3856819829186,1420.7633749999977,12.622306982920918,True
dp=0.0065,0.0065,smooth_quartic,0.8819242721883769,1434.2918523605704,1422.3233749999863,11.968477360584075,True
dp=0.0065,0.0065,smooth_quartic,0.8821453518978576,1436.082012066763,1425.4433749999598,10.638637066803085,True
dp=0.0065,0.0065,smooth_quartic,0.8822558709779116,1436.987807140255,1427.0033749999466,9.9844321403084,True
dp=0.0065,0.0065,smooth_quartic,0.9008831344158897,1561.5920530362441,1692.723374999985,-131.1313219637409,True
dp=0.0065,0.0065,smooth_quartic,0.9094107553108278,1609.380054984253,1816.2233750000833,-206.84332001583016,True
dp=0.0065,0.0065,smooth_quartic,0.9096251545966652,1610.560213617503,1819.3433750000568,-208.78316138255377,True
dp=0.0065,0.0065,smooth_quartic,0.9097323352915435,1611.1577297630165,1820.9033750000435,-209.74564523702702,True
dp=0.0065,0.0065,smooth_quartic,0.9099466588075381,1612.3368339226881,1824.0233750000189,-211.68654107733073,True
dp=0.0065,0.0065,smooth_quartic,0.9100538016375738,1612.9439415304246,1825.5833750000038,-212.63943346957922,True
dp=0.0065,0.0065,smooth_quartic,0.9102680494640012,1614.121976005962,1828.7033749999791,-214.58139899401704,True
dp=0.0065,0.0065,smooth_quartic,0.9103751544692967,1621.323984772149,1830.2633749999668,-208.93939022781774,True
dp=0.0065,0.0065,smooth_quartic,0.9103751544692967,1614.7184856658864,1830.2633749999668,-215.54488933408038,True
dp=0.0065,0.0065,smooth_quartic,0.9105893266862909,1615.8954656678375,1833.3833749999403,-217.48790933210284,True
dp=0.0065,0.0065,smooth_quartic,0.9186024286245988,1647.9218397801492,1950.6433750000888,-302.7215352199396,True
dp=0.0065,0.0065,smooth_quartic,0.9188146830971999,1675.976170156914,1953.7633750000632,-277.7872048431493,True
dp=0.0065,0.0065,smooth_quartic,0.9189207919483627,1649.479399155448,1955.323375000049,-305.8439758446011,True
dp=0.0065,0.0065,smooth_quartic,0.9189207919483628,1649.4793991554507,1955.3233750000509,-305.8439758446002,True
dp=0.0065,0.0065,smooth_quartic,0.919026888548428,1650.0442620476251,1956.8833750000376,-306.8391129524125,True
dp=0.0065,0.0065,smooth_quartic,0.919132972901638,1650.5410153819498,1958.4433750000244,-307.90235961807457,True
dp=0.0065,0.0065,smooth_quartic,0.9192390450122326,1684.9201738366255,1960.003375000013,-275.08320116338746,True
dp=0.0065,0.0065,smooth_quartic,0.9193451048844498,1651.599647061601,1961.5633749999997,-309.96372793839873,True
dp=0.0065,0.0065,smooth_quartic,0.9194511525225242,1652.0957680913361,1963.1233749999847,-311.0276069086485,True
dp=0.0065,0.0065,smooth_quartic,0.9195571879306891,1681.0880395678485,1964.6833749999732,-283.5953354321248,True
dp=0.0065,0.0065,smooth_quartic,0.9195571879306891,1681.0880395678485,1964.6833749999732,-283.5953354321248,True
dp=0.0065,0.0065,smooth_quartic,0.9196632111131744,1681.8424549197468,1966.2433749999627,-284.4009200802159,True
dp=0.0065,0.0065,smooth_quartic,0.9197692220742079,1687.8815613345114,1967.8033749999486,-279.9218136654372,True
dp=0.0065,0.0065,smooth_quartic,0.919875220818015,1654.2124898968798,1969.3633749999344,-315.15088510305463,True
dp=0.0065,0.0065,smooth_quartic,0.9279132081585048,1698.9655676500372,2088.1833750000687,-389.21780735003153,True
dp=0.0065,0.0065,smooth_quartic,0.9280182766923328,1716.4019708325632,2089.7433750000573,-373.34140416749415,True
dp=0.0065,0.0065,smooth_quartic,0.9281233333318398,1717.0191569747085,2091.303375000045,-374.2842180253365,True
dp=0.0065,0.0065,smooth_quartic,0.9283334109440435,1700.8540450735763,2094.4233750000194,-393.56932992644306,True
dp=0.0065,0.0065,smooth_quartic,0.9284384319248103,1701.2972266475354,2095.9833750000053,-394.6861483524699,True
dp=0.0065,0.0065,smooth_quartic,0.9287534236141451,1720.757364476991,2100.6633749999664,-379.9060105229755,True
dp=0.0065,0.0065,smooth_quartic,0.9288583971063588,1703.1820963664525,2102.223374999953,-399.0412786335007,True
dp=0.0065,0.0065,smooth_quartic,0.9289633587364965,1703.624295012704,2103.783374999941,-400.15907998723696,True
dp=0.0065,0.0065,smooth_quartic,0.936923381005624,1675.2772073898204,2222.603375000078,-547.3261676102575,True
dp=0.0065,0.0065,smooth_quartic,0.9373395446021698,1676.2203752396044,2228.843375000025,-552.6229997604205,True
dp=0.0065,0.0065,smooth_quartic,0.9375475571271038,1676.6156819080006,2231.9633749999994,-555.3476930919987,True
dp=0.0065,0.0065,smooth_quartic,0.9379634437839214,1677.553476002993,2238.2033749999473,-560.6498989969543,True
dp=0.0065,0.0065,smooth_quartic,0.9458477265791838,1665.1083299533934,2357.0233750000825,-691.9150450466891,True
dp=0.0065,0.0065,smooth_quartic,0.9459508030944361,1738.1524476554298,2358.58337500007,-620.4309273446404,True
dp=0.0065,0.0065,smooth_quartic,0.9459508030944361,1738.15244765543,2358.58337500007,-620.4309273446402,True
dp=0.0065,0.0065,smooth_quartic,0.9461569224367623,1738.7867446466257,2361.703375000043,-622.9166303534171,True
dp=0.0065,0.0065,smooth_quartic,0.9462599652711742,1665.6012149390144,2363.2633750000305,-697.662160061016,True
dp=0.0065,0.0065,smooth_quartic,0.9463629968859741,1665.7341339883308,2364.823375000018,-699.0892410116874,True
dp=0.0065,0.0065,smooth_quartic,0.9464660172848262,1665.778605400576,2366.3833750000067,-700.6047695994307,True
dp=0.0065,0.0065,smooth_quartic,0.9465690264713922,1665.91106038831,2367.9433749999944,-702.0323146116843,True
dp=0.0065,0.0065,smooth_quartic,0.9466720244493324,1740.6397143483703,2369.50337499998,-628.86366065161,True
dp=0.0065,0.0065,smooth_quartic,0.9468779867939661,1666.2658166739118,2372.6233749999546,-706.3575583260429,True
dp=0.0065,0.0065,smooth_quartic,0.9468779867939661,1741.2707654047397,2372.6233749999546,-631.352609595215,True
dp=0.0065,0.0065,smooth_quartic,0.9469809511679697,1666.3974359268664,2374.1833749999414,-707.785939073075,True
dp=0.0065,0.0065,smooth_quartic,0.9546886517996384,1668.4017737837567,2491.443375000089,-823.0416012163323,True
dp=0.0065,0.0065,smooth_quartic,0.9547907738740511,1712.9601581959316,2493.003375000075,-780.0432168041432,True
dp=0.0065,0.0065,smooth_quartic,0.954892885026906,1713.110418836113,2494.5633750000634,-781.4529561639504,True
dp=0.0065,0.0065,smooth_quartic,0.954994985261706,1713.260353042248,2496.1233750000492,-782.8630219578013,True
dp=0.0065,0.0065,smooth_quartic,0.9549949852617062,1632.639911664304,2496.123375000052,-863.483463335748,True
dp=0.0065,0.0065,smooth_quartic,0.9550970745819529,1713.4100095173858,2497.683375000037,-784.2733654826511,True
dp=0.0065,0.0065,smooth_quartic,0.9551991529911461,1668.8230872256559,2499.2433750000246,-830.4202877743687,True
dp=0.0065,0.0065,smooth_quartic,0.9553012204927833,1632.5575180122828,2500.803375000013,-868.2458569877303,True
dp=0.0065,0.0065,smooth_quartic,0.9554032770903604,1668.9883558994975,2502.363375,-833.3750191005024,True
dp=0.0065,0.0065,smooth_quartic,0.9555053227873712,1714.3518220832784,2503.9233749999876,-789.5715529167092,True
dp=0.0065,0.0065,smooth_quartic,0.9556073575873077,1714.5003087102148,2505.4833749999743,-790.9830662897596,True
dp=0.0065,0.0065,smooth_quartic,0.9556073575873077,1714.5003087102148,2505.4833749999743,-790.9830662897596,True
dp=0.0065,0.0065,smooth_quartic,0.9557093814936605,1714.6484112289147,2507.043374999961,-792.3949637710464,True
dp=0.0065,0.0065,smooth_quartic,0.9557093814936605,1669.2385384817082,2507.043374999961,-837.8048365182528,True
dp=0.0065,0.0065,smooth_quartic,0.9558113945099176,1714.7962936908068,2508.603374999946,-793.8070813091392,True
dp=0.0065,0.0065,smooth_quartic,0.9559133966395659,1669.4014914317522,2510.1633749999355,-840.7618835681833,True
dp=0.0065,0.0065,smooth_quartic,0.9722296137615904,1549.804507548985,2761.8433750000895,-1212.0388674511046,True
dp=0.0065,0.0065,smooth_quartic,0.9724301629808735,1549.326987053714,2764.963375000065,-1215.6363879463509,True
dp=0.0065,0.0065,smooth_quartic,0.972630670848398,1548.863809386492,2768.0833750000393,-1219.2195656135473,True
dp=0.0065,0.0065,smooth_quartic,0.972831137389733,1548.3842188199098,2771.203375000013,-1222.819156180103,True
dp=0.0065,0.0065,smooth_quartic,0.972831137389733,1548.3062715840538,2771.203375000013,-1222.897103415959,True
dp=0.0065,0.0065,smooth_quartic,0.9730315626304207,1547.825455661675,2774.3233749999863,-1226.4979193383112,True
dp=0.0065,0.0065,smooth_quartic,0.9732319465959772,1547.3590367239342,2777.44337499996,-1230.0843382760256,True
dp=0.0065,0.0065,smooth_quartic,0.9734322893118925,1546.8761507302465,2780.563374999936,-1233.6872242696895,True
dp=0.0065,0.0065,smooth_quartic,0.9809321698644665,1535.6727233686722,2897.8233750000854,-1362.1506516314132,True
dp=0.0065,0.0065,smooth_quartic,0.9811309402291863,1535.0401296212008,2900.943375000057,-1365.9032453788564,True
dp=0.0065,0.0065,smooth_quartic,0.981230310312011,1473.592092102062,2902.503375000045,-1428.9112828979828,True
dp=0.0065,0.0065,smooth_quartic,0.9813296703325566,1473.2402114380689,2904.0633750000334,-1430.8231635619645,True
dp=0.0065,0.0065,smooth_quartic,0.9816276900510699,1533.8237930752287,2908.7433749999955,-1374.9195819247668,True
dp=0.0065,0.0065,smooth_quartic,0.9817270098530434,1471.7151369064568,2910.3033749999804,-1438.5882380935236,True
dp=0.0065,0.0065,smooth_quartic,0.9818263196080027,1533.1869035439415,2911.863374999967,-1378.6764714560256,True
dp=0.0065,0.0065,smooth_quartic,0.9821241886212715,1470.1852968765638,2916.5433749999274,-1446.3580781233636,True
dp=0.0065,0.0065,smooth_quartic,0.9895581952947536,1448.3424797504463,3033.8033750000786,-1585.4608952496324,True
dp=0.0065,0.0065,smooth_quartic,0.9898537376173335,1446.941383329334,3038.48337500004,-1591.5419916707058,True
dp=0.0065,0.0065,smooth_quartic,0.9902476568389337,1445.4470783986344,3044.7233749999887,-1599.2762966013543,True
dp=0.0065,0.0065,smooth_quartic,0.9905429934510636,1444.0392607603221,3049.40337499995,-1605.3641142396277,True
dp=0.0065,0.0065,smooth_quartic,0.9980119848353578,1330.0857144698466,3168.2233750000833,-1838.1376605302366,True
dp=0.0065,0.0065,smooth_quartic,0.9981096742718252,1329.4618057160653,3169.783375000072,-1840.3215692840065,True
dp=0.0065,0.0065,smooth_quartic,0.9982073541479282,1325.3107877984962,3171.3433750000586,-1846.0325872015624,True
dp=0.0065,0.0065,smooth_quartic,0.9983050244664732,1328.2187411339141,3172.9033750000453,-1844.6846338661312,True
dp=0.0065,0.0065,smooth_quartic,0.9984026852302653,1324.2229244346397,3174.463375000034,-1850.2404505653942,True
dp=0.0065,0.0065,smooth_quartic,0.9984026852302653,1327.593788262603,3174.463375000034,-1846.8695867374308,True
dp=0.0065,0.0065,smooth_quartic,0.998695610221152,1322.4740988587535,3179.143374999994,-1856.6692761412407,True
dp=0.0065,0.0065,smooth_quartic,0.998695610221152,1326.027211355464,3179.143374999994,-1853.1161636445302,True
dp=0.0065,0.0065,smooth_quartic,0.9987932327939542,1325.4009880953038,3180.703374999982,-1855.302386904678,True
dp=0.0065,0.0065,smooth_quartic,0.9989884493201082,1324.1532727910042,3183.8233749999563,-1859.6701022089521,True
dp=0.0065,0.0065,smooth_quartic,0.9990860432790525,1323.5260054133144,3185.383374999943,-1861.8573695866287,True
dp=0.0065,0.0065,smooth_quartic,0.9991836277056341,1319.6299633946057,3186.94337499993,-1867.313411605324,True
dp=0.0065,0.0065,smooth_quartic,1.0147082939815817,1067.7536492288223,3437.063375000099,-2369.3097257712766,True
dp=0.0065,0.0065,smooth_quartic,1.0148043761607508,1136.4097635197897,3438.6233750000856,-2302.213611480296,True
dp=0.0065,0.0065,smooth_quartic,1.0149965132329308,1065.1437745118935,3441.743375000059,-2376.5996004881654,True
dp=0.0065,0.0065,smooth_quartic,1.0150925681311067,1064.3357171698924,3443.303375000044,-2378.9676578301514,True
dp=0.0065,0.0065,smooth_quartic,1.0152846506645328,1132.624079999675,3446.4233750000194,-2313.7992950003445,True
dp=0.0065,0.0065,smooth_quartic,1.0152846506645328,1132.6240799996751,3446.4233750000194,-2313.7992950003445,True
dp=0.0065,0.0065,smooth_quartic,1.0153806783049404,1131.5821928003174,3447.983375000006,-2316.4011821996887,True
dp=0.0065,0.0065,smooth_quartic,1.0153806783049406,1061.7219928257841,3447.98337500001,-2386.2613821742257,True
dp=0.0065,0.0065,smooth_quartic,1.015572706346029,1059.8876437958388,3451.1033749999815,-2391.2157312041427,True
dp=0.0065,0.0065,smooth_quartic,1.0156687067518602,1059.0778981901285,3452.66337499997,-2393.5854768098416,True
dp=0.0065,0.0065,smooth_quartic,1.0158606803469623,1127.7871497687877,3455.7833749999454,-2327.996225231158,True
dp=0.0065,0.0065,smooth_quartic,1.015956653541376,1056.4580642975156,3457.3433749999303,-2400.8853107024147,True
dp=0.0065,0.0065,smooth_quartic,1.0230495696079498,946.4231191083852,3573.043375000091,-2626.6202558917057,True
dp=0.0065,0.0065,smooth_quartic,1.0230495696079498,993.0921663951742,3573.043375000091,-2579.951208604917,True
dp=0.0065,0.0065,smooth_quartic,1.023144868469275,992.1514155389368,3574.603375000078,-2582.451959461141,True
dp=0.0065,0.0065,smooth_quartic,1.0232401584549973,944.4409148613544,3576.1633750000665,-2631.722460138712,True
dp=0.0065,0.0065,smooth_quartic,1.0233354395675969,943.4538271153834,3577.7233750000514,-2634.269547884668,True
dp=0.0065,0.0065,smooth_quartic,1.023525975183338,988.6379053269553,3580.8433750000286,-2592.2054696730734,True
dp=0.0065,0.0065,smooth_quartic,1.023525975183338,988.6379053269552,3580.8433750000286,-2592.2054696730734,True
dp=0.0065,0.0065,smooth_quartic,1.023621229691433,987.6954937247334,3582.4033750000135,-2594.70788127528,True
dp=0.0065,0.0065,smooth_quartic,1.023621229691433,987.5209193763365,3582.4033750000135,-2594.882455623677,True
dp=0.0065,0.0065,smooth_quartic,1.023716475336311,986.5781042991996,3583.963375000002,-2597.3852707008027,True
dp=0.0065,0.0065,smooth_quartic,1.023716475336311,986.5781042991997,3583.963375000002,-2597.3852707008023,True
dp=0.0065,0.0065,smooth_quartic,1.0239069400463094,937.6650643409512,3587.083374999974,-2649.4183106590226,True
dp=0.0065,0.0065,smooth_quartic,1.024002159116374,936.6755282117183,3588.643374999964,-2651.967846788246,True
dp=0.0065,0.0065,smooth_quartic,1.0240973693331086,983.0569322740301,3590.203374999949,-2607.146442725919,True
dp=0.0065,0.0065,smooth_quartic,1.0241925706989834,982.1124564509076,3591.763374999936,-2609.650918549028,True
dp=0.0065,0.0065,smooth_quartic,1.0241925706989834,982.1124564509082,3591.7633749999377,-2609.6509185490295,True
dp=0.0065,0.0065,smooth_quartic,1.0403751351675967,670.4442094008749,3859.043374999964,-3188.599165599089,True
dp=0.0065,0.0065,smooth_quartic,1.0474888647976228,526.7472722725488,3977.8633750001,-3451.116102727551,True
dp=0.0065,0.0065,smooth_quartic,1.0475819404108733,489.97331103358596,3979.423375000085,-3489.450063966499,True
dp=0.0065,0.0065,smooth_quartic,1.047675007755272,563.445963128984,3980.9833750000716,-3417.537411871088,True
dp=0.0065,0.0065,smooth_quartic,1.047675007755272,524.2641331556384,3980.9833750000716,-3456.7192418444333,True
dp=0.0065,0.0065,smooth_quartic,1.0477680668330218,562.3984209351663,3982.54337500006,-3420.1449540648937,True
dp=0.0065,0.0065,smooth_quartic,1.047954160197384,484.72596271984315,3985.6633750000356,-3500.9374122801923,True
dp=0.0065,0.0065,smooth_quartic,1.047954160197384,520.5765270451193,3985.6633750000356,-3465.0868479549163,True
dp=0.0065,0.0065,smooth_quartic,1.0480471944883984,519.2295826265395,3987.223375000024,-3467.9937923734847,True
dp=0.0065,0.0065,smooth_quartic,1.048140220521568,518.0900209456984,3988.7833750000073,-3470.6933540543087,True
dp=0.0065,0.0065,smooth_quartic,1.0482332382990913,480.9288910821915,3990.343374999996,-3509.4144839178043,True
dp=0.0065,0.0065,smooth_quartic,1.0482332382990913,516.7422652127035,3990.343374999996,-3473.6011097872924,True
dp=0.0065,0.0065,smooth_quartic,1.0484192490959883,554.1382054086764,3993.4633749999693,-3439.325169591293,True
dp=0.0065,0.0065,smooth_quartic,1.0485122421197546,553.0883999337057,3995.0233749999597,-3441.934975066254,True
dp=0.0065,0.0065,smooth_quartic,1.0485122421197546,553.0883999337057,3995.0233749999597,-3441.934975066254,True
dp=0.0065,0.0065,smooth_quartic,1.0486052268966586,475.6711993235034,3996.583374999943,-3520.9121756764393,True
dp=0.0065,0.0065,smooth_quartic,1.0486982034288947,510.5576819711287,3998.1433749999333,-3487.5856930288046,True
dp=0.0065,0.0065,smooth_quartic,1.0555711353930683,332.35204817983026,4113.843375000092,-3781.4913268202617,True
dp=0.0065,0.0065,smooth_quartic,1.055663498409891,330.9936627162128,4115.403375000079,-3784.409712283866,True
dp=0.0065,0.0065,smooth_quartic,1.055663498409891,426.48519548553554,4115.403375000079,-3688.918179514543,True
dp=0.0065,0.0065,smooth_quartic,1.0557558533463163,425.3102657546195,4116.963375000068,-3691.653109245448,True
dp=0.0065,0.0065,smooth_quartic,1.0558482002044645,424.13496019097624,4118.523375000054,-3694.3884148090783,True
dp=0.0065,0.0065,smooth_quartic,1.055940538986455,326.80268403895434,4120.083375000039,-3793.280690961085,True
dp=0.0065,0.0065,smooth_quartic,1.055940538986455,319.6102613450637,4120.083375000039,-3800.4731136549754,True
dp=0.0065,0.0065,smooth_quartic,1.0560328696944066,325.44296834758336,4121.643375000028,-3796.2004066524446,True
dp=0.0065,0.0065,smooth_quartic,1.056217506896662,322.7198355668958,4124.7633749999995,-3802.043539433104,True
dp=0.0065,0.0065,smooth_quartic,1.0563098133951982,314.01444716507,4126.323374999988,-3812.308927834918,True
dp=0.0065,0.0065,smooth_quartic,1.0563098133951982,321.3590964413559,4126.32337499999,-3804.964278558634,True
dp=0.0065,0.0065,smooth_quartic,1.0564021118281604,416.591937027508,4127.883374999975,-3711.291437972467,True
dp=0.0065,0.0065,smooth_quartic,1.056494402197662,415.4144322755041,4129.443374999963,-3714.0289427244593,True
dp=0.0065,0.0065,smooth_quartic,1.0565866845058165,317.1601994571197,4131.00337499995,-3813.8431755428305,True
dp=0.0065,0.0065,smooth_quartic,1.0566789587547356,315.79813010382685,4132.563374999937,-3816.7652448961103,True
dp=0.0065,0.0065,smooth_quartic,1.0567712249465304,307.11943149349196,4134.123374999924,-3827.003943506432,True
dp=0.0065,0.0065,smooth_quartic,1.063775315503705,162.35626970969295,4252.94337500006,-4090.5871052903667,True
dp=0.0065,0.0065,smooth_quartic,1.0640502440557038,157.95239504219614,4257.623375000022,-4099.670979957826,True
dp=0.0065,0.0065,smooth_quartic,1.0644167049962134,152.15169297869272,4263.863374999971,-4111.711682021278,True
dp=0.0065,0.0065,smooth_quartic,1.064691467926268,147.74012114750656,4268.543374999933,-4120.803253852427,True
dp=0.0065,0.0065,smooth_quartic,1.0715528087196682,115.36277653306774,4385.803375000079,-4270.440598467011,True
dp=0.0065,0.0065,smooth_quartic,1.071734772168472,112.56185144147182,4388.923375000054,-4276.361523558582,True
dp=0.0065,0.0065,smooth_quartic,1.071734772168472,112.56185144147182,4388.923375000054,-4276.361523558582,True
dp=0.0065,0.0065,smooth_quartic,1.0719167047280322,0.709011979068773,4392.0433750000275,-4391.334363020958,True
dp=0.0065,0.0065,smooth_quartic,1.0722804772423105,-5.372727864586429,4398.2833749999745,-4403.656102864561,True
dp=0.0065,0.0065,smooth_quartic,1.0722804772423105,104.23580129553842,4398.2833749999745,-4294.047573704436,True
dp=0.0065,0.0065,smooth_quartic,1.0724623172284393,101.42891751417085,4401.40337499995,-4299.974457485779,True
dp=0.0065,0.0065,smooth_quartic,1.0726441263881468,-11.460211633083574,4404.523374999925,-4415.983586633009,True
dp=0.0065,0.0065,smooth_quartic,1.0792742570241414,-148.81746277723656,4518.663375000101,-4667.480837777338,True
dp=0.0065,0.0065,smooth_quartic,1.0793645917274712,-61.33999203384164,4520.223375000086,-4581.5633670339275,True
dp=0.0065,0.0065,smooth_quartic,1.0794549188710982,-62.85091984495407,4521.783375000075,-4584.634294845028,True
dp=0.0065,0.0065,smooth_quartic,1.0794549188710982,-62.85091984495407,4521.783375000075,-4584.634294845028,True
dp=0.0065,0.0065,smooth_quartic,1.0795452384569197,-64.3754088913245,4523.3433750000595,-4587.718783891384,True
dp=0.0065,0.0065,smooth_quartic,1.0796355504868325,-65.88726716908648,4524.903375000046,-4590.790642169132,True
dp=0.0065,0.0065,smooth_quartic,1.0796355504868325,-155.12274948284553,4524.903375000046,-4680.026124482892,True
dp=0.0065,0.0065,smooth_quartic,1.0798161518865157,-158.2802969880317,4528.023375000022,-4686.303671988053,True
dp=0.0065,0.0065,smooth_quartic,1.0799064412600756,-159.86642000734673,4529.58337500001,-4689.449795007356,True
dp=0.0065,0.0065,smooth_quartic,1.0800869973641003,-73.12475847739438,4532.703374999984,-4605.828133477378,True
dp=0.0065,0.0065,smooth_quartic,1.0800869973641003,-163.0261730613945,4532.703374999984,-4695.729548061378,True
dp=0.0065,0.0065,smooth_quartic,1.0801772640983498,-74.63874766317124,4534.26337499997,-4608.902122663142,True
dp=0.0065,0.0065,smooth_quartic,1.0802675232899461,-76.16647644204701,4535.823374999957,-4611.989851442004,True
dp=0.0065,0.0065,smooth_quartic,1.0802675232899464,-76.16647644205091,4535.823374999957,-4611.989851442008,True
dp=0.0065,0.0065,smooth_quartic,1.08035777494078,-77.68139609448586,4537.383374999942,-4615.064771094428,True
dp=0.0065,0.0065,smooth_quartic,1.0804480190527406,-169.3442582692649,4538.9433749999325,-4708.287633269198,True
dp=0.0065,0.0065,smooth_quartic,1.0870305524110229,-296.07063614020274,4653.083375000108,-4949.154011140311,True
dp=0.0065,0.0065,smooth_quartic,1.0872996007885813,-300.93987246104666,4657.763375000067,-4958.703247461113,True
dp=0.0065,0.0065,smooth_quartic,1.0874789293935792,-304.10018035997575,4660.88337500004,-4964.983555360016,True
dp=0.0065,0.0065,smooth_quartic,1.0875685826075538,-305.7932825426193,4662.443375000029,-4968.236657542649,True
dp=0.0065,0.0065,smooth_quartic,1.0877478668675937,-308.9746630816692,4665.563375000004,-4974.538038081673,True
dp=0.0065,0.0065,smooth_quartic,1.0878374979173124,-310.66904087078404,4667.123374999989,-4977.792415870773,True
dp=0.0065,0.0065,smooth_quartic,1.0880167378652754,-313.8332781552697,4670.2433749999645,-4984.076653155234,True
dp=0.0065,0.0065,smooth_quartic,1.0882855424358953,-318.71428288428206,4674.923374999927,-4993.637657884208,True
dp=0.0065,0.0065,smooth_quartic,1.1025563123373843,-529.7100310969033,4925.043375000095,-5454.753406096998,True
dp=0.0065,0.0065,smooth_quartic,1.1027331598691537,-574.3980540916857,4928.163375000065,-5502.56142909175,True
dp=0.0065,0.0065,smooth_quartic,1.1030867698757891,-539.4515636833008,4934.403375000017,-5473.854938683318,True
dp=0.0065,0.0065,smooth_quartic,1.1032635323779167,-584.1623629797775,4937.523374999991,-5521.685737979768,True
dp=0.0065,0.0065,smooth_quartic,1.1034402665640746,-587.614413336076,4940.643374999966,-5528.257788336042,True
dp=0.0065,0.0065,smooth_quartic,1.1036169724478655,-549.2049415073575,4943.7633749999395,-5492.968316507297,True
dp=0.0065,0.0065,smooth_quartic,1.1102377771788396,-713.8030765816294,5061.023375000087,-5774.826451581716,True
dp=0.0065,0.0065,smooth_quartic,1.1102377771788396,-706.5109066917987,5061.023375000087,-5767.534281691886,True
dp=0.0065,0.0065,smooth_quartic,1.110501203004754,-719.0297927332831,5065.703375000047,-5784.73316773333,True
dp=0.0065,0.0065,smooth_quartic,1.11067678551188,-714.7945225595158,5068.823375000023,-5783.6178975595385,True
dp=0.0065,0.0065,smooth_quartic,1.1107645663573362,-716.5763605032066,5070.383375000011,-5786.959735503218,True
dp=0.0065,0.0065,smooth_quartic,1.110940107240259,-727.2021283455894,5073.503374999985,-5800.7055033455745,True
dp=0.0065,0.0065,smooth_quartic,1.111203366569321,-732.4379227335362,5078.183374999943,-5810.62129773348,True
dp=0.0065,0.0065,smooth_quartic,1.1112911058201589,-726.653621487588,5079.743374999934,-5806.396996487521,True
