"FullName","Name","Extension","Length","LastWriteTime"
"D:\MYF\SPH\GeoDualSPHysics_v5.2\examples\u-pw\01_1D_Consolidation\Case1DConsolidation_PR_Def.xml","Case1DConsolidation_PR_Def.xml",".xml","10957","2026/05/10 21:54:53"
"D:\MYF\SPH\GeoDualSPHysics_v5.2\examples\u-pw\01_1D_Consolidation\Case1DConsolidation_PR_SelfWeight_Scenario2_T3p6_Xi010_Def.xml","Case1DConsolidation_PR_SelfWeight_Scenario2_T3p6_Xi010_Def.xml",".xml","10378","2026/05/10 21:54:53"
"D:\MYF\SPH\GeoDualSPHysics_v5.2\examples\u-pw\01_1D_Consolidation\cleanup_plan_01_consolidation.md","cleanup_plan_01_consolidation.md",".md","9511","2026/05/10 16:37:25"
"D:\MYF\SPH\GeoDualSPHysics_v5.2\examples\u-pw\01_1D_Consolidation\experiments\AccInputIsolation\Case1DConsolidation_PR_AccIso_T1_GG0_Def.xml","Case1DConsolidation_PR_AccIso_T1_GG0_Def.xml",".xml","11168","2026/05/08 3:04:14"
"D:\MYF\SPH\GeoDualSPHysics_v5.2\examples\u-pw\01_1D_Consolidation\experiments\AccInputIsolation\Case1DConsolidation_PR_AccIso_T1_GG1_Def.xml","Case1DConsolidation_PR_AccIso_T1_GG1_Def.xml",".xml","11168","2026/05/08 3:04:14"
"D:\MYF\SPH\GeoDualSPHysics_v5.2\examples\u-pw\01_1D_Consolidation\experiments\AccInputIsolation\Case1DConsolidation_PR_AccIso_T2_PR_NoFeedback_Def.xml","Case1DConsolidation_PR_AccIso_T2_PR_NoFeedback_Def.xml",".xml","11163","2026/05/08 3:04:14"
"D:\MYF\SPH\GeoDualSPHysics_v5.2\examples\u-pw\01_1D_Consolidation\experiments\AccInputIsolation\Case1DConsolidation_PR_AccIso_T3_Model0_Feedback_Def.xml","Case1DConsolidation_PR_AccIso_T3_Model0_Feedback_Def.xml",".xml","11168","2026/05/08 3:04:14"
"D:\MYF\SPH\GeoDualSPHysics_v5.2\examples\u-pw\01_1D_Consolidation\experiments\AccInputSmoke\Case1DConsolidation_PR_AccInputSmoke_Def.xml","Case1DConsolidation_PR_AccInputSmoke_Def.xml",".xml","10729","2026/05/10 21:54:53"
"D:\MYF\SPH\GeoDualSPHysics_v5.2\examples\u-pw\01_1D_Consolidation\experiments\AccInputSmoke\TopLoadAcc_m1.csv","TopLoadAcc_m1.csv",".csv","144","2026/05/08 2:22:05"
"D:\MYF\SPH\GeoDualSPHysics_v5.2\examples\u-pw\01_1D_Consolidation\experiments\AccInputSmoke\xCase1DConsolidation_PR_AccInputSmoke_win64_CPU_debug.bat","xCase1DConsolidation_PR_AccInputSmoke_win64_CPU_debug.bat",".bat","620","2026/05/08 2:22:05"
"D:\MYF\SPH\GeoDualSPHysics_v5.2\examples\u-pw\01_1D_Consolidation\experiments\BND1_Operator2Generalized\analyze_bnd1_operator2_generalized.py","analyze_bnd1_operator2_generalized.py",".py","21013","2026/05/14 18:14:43"
"D:\MYF\SPH\GeoDualSPHysics_v5.2\examples\u-pw\01_1D_Consolidation\experiments\BND1_Operator2Generalized\bnd1_analytical_profile_metrics.csv","bnd1_analytical_profile_metrics.csv",".csv","3179","2026/05/14 18:27:50"
"D:\MYF\SPH\GeoDualSPHysics_v5.2\examples\u-pw\01_1D_Consolidation\experiments\BND1_Operator2Generalized\bnd1_analytical_profiles.csv","bnd1_analytical_profiles.csv",".csv","541234","2026/05/14 18:27:50"
"D:\MYF\SPH\GeoDualSPHysics_v5.2\examples\u-pw\01_1D_Consolidation\experiments\BND1_Operator2Generalized\bnd1_boundary_diagnostics.csv","bnd1_boundary_diagnostics.csv",".csv","863","2026/05/14 18:27:50"
"D:\MYF\SPH\GeoDualSPHysics_v5.2\examples\u-pw\01_1D_Consolidation\experiments\BND1_Operator2Generalized\bnd1_case_summary.csv","bnd1_case_summary.csv",".csv","1640","2026/05/14 18:27:50"
"D:\MYF\SPH\GeoDualSPHysics_v5.2\examples\u-pw\01_1D_Consolidation\experiments\BND1_Operator2Generalized\bnd1_feedback_stability_metrics.csv","bnd1_feedback_stability_metrics.csv",".csv","1498","2026/05/14 18:27:50"
"D:\MYF\SPH\GeoDualSPHysics_v5.2\examples\u-pw\01_1D_Consolidation\experiments\BND1_Operator2Generalized\bnd1_lateral_wall_no_flux_metrics.csv","bnd1_lateral_wall_no_flux_metrics.csv",".csv","1315","2026/05/14 18:27:50"
"D:\MYF\SPH\GeoDualSPHysics_v5.2\examples\u-pw\01_1D_Consolidation\experiments\BND1_Operator2Generalized\bnd1_operator_comparison_metrics.csv","bnd1_operator_comparison_metrics.csv",".csv","591","2026/05/14 18:27:50"
"D:\MYF\SPH\GeoDualSPHysics_v5.2\examples\u-pw\01_1D_Consolidation\experiments\BND1_Operator2Generalized\Case1DConsolidation_PR_BND1_L3c_Mode1_Def.xml","Case1DConsolidation_PR_BND1_L3c_Mode1_Def.xml",".xml","12180","2026/05/14 18:20:14"
"D:\MYF\SPH\GeoDualSPHysics_v5.2\examples\u-pw\01_1D_Consolidation\experiments\BND1_Operator2Generalized\Case1DConsolidation_PR_BND1_L3c_Mode2_Def.xml","Case1DConsolidation_PR_BND1_L3c_Mode2_Def.xml",".xml","12184","2026/05/14 18:20:14"
"D:\MYF\SPH\GeoDualSPHysics_v5.2\examples\u-pw\01_1D_Consolidation\experiments\BND1_Operator2Generalized\Case1DConsolidation_PR_BND1_L5_Mode1_Def.xml","Case1DConsolidation_PR_BND1_L5_Mode1_Def.xml",".xml","12480","2026/05/14 18:20:14"
"D:\MYF\SPH\GeoDualSPHysics_v5.2\examples\u-pw\01_1D_Consolidation\experiments\BND1_Operator2Generalized\Case1DConsolidation_PR_BND1_L5_Mode2_Def.xml","Case1DConsolidation_PR_BND1_L5_Mode2_Def.xml",".xml","12484","2026/05/14 18:20:14"
"D:\MYF\SPH\GeoDualSPHysics_v5.2\examples\u-pw\01_1D_Consolidation\experiments\BND1_Operator2Generalized\figures\bnd1_bottom_excess.png","bnd1_bottom_excess.png",".png","51508","2026/05/14 18:27:50"
"D:\MYF\SPH\GeoDualSPHysics_v5.2\examples\u-pw\01_1D_Consolidation\experiments\BND1_Operator2Generalized\figures\bnd1_bottom_excess.svg","bnd1_bottom_excess.svg",".svg","32229","2026/05/14 18:27:50"
"D:\MYF\SPH\GeoDualSPHysics_v5.2\examples\u-pw\01_1D_Consolidation\experiments\BND1_Operator2Generalized\figures\bnd1_bottom_noflux.png","bnd1_bottom_noflux.png",".png","50096","2026/05/14 18:27:51"
"D:\MYF\SPH\GeoDualSPHysics_v5.2\examples\u-pw\01_1D_Consolidation\experiments\BND1_Operator2Generalized\figures\bnd1_bottom_noflux.svg","bnd1_bottom_noflux.svg",".svg","34066","2026/05/14 18:27:51"
"D:\MYF\SPH\GeoDualSPHysics_v5.2\examples\u-pw\01_1D_Consolidation\experiments\BND1_Operator2Generalized\figures\bnd1_bottom_rmse.png","bnd1_bottom_rmse.png",".png","23831","2026/05/14 18:27:51"
"D:\MYF\SPH\GeoDualSPHysics_v5.2\examples\u-pw\01_1D_Consolidation\experiments\BND1_Operator2Generalized\figures\bnd1_bottom_rmse.svg","bnd1_bottom_rmse.svg",".svg","19393","2026/05/14 18:27:51"
"D:\MYF\SPH\GeoDualSPHysics_v5.2\examples\u-pw\01_1D_Consolidation\experiments\BND1_Operator2Generalized\figures\bnd1_boundary_contribution_counts.png","bnd1_boundary_contribution_counts.png",".png","38860","2026/05/14 18:27:51"
"D:\MYF\SPH\GeoDualSPHysics_v5.2\examples\u-pw\01_1D_Consolidation\experiments\BND1_Operator2Generalized\figures\bnd1_boundary_contribution_counts.svg","bnd1_boundary_contribution_counts.svg",".svg","30126","2026/05/14 18:27:51"
"D:\MYF\SPH\GeoDualSPHysics_v5.2\examples\u-pw\01_1D_Consolidation\experiments\BND1_Operator2Generalized\figures\bnd1_divvel.png","bnd1_divvel.png",".png","60153","2026/05/14 18:27:51"
"D:\MYF\SPH\GeoDualSPHysics_v5.2\examples\u-pw\01_1D_Consolidation\experiments\BND1_Operator2Generalized\figures\bnd1_divvel.svg","bnd1_divvel.svg",".svg","30595","2026/05/14 18:27:51"
"D:\MYF\SPH\GeoDualSPHysics_v5.2\examples\u-pw\01_1D_Consolidation\experiments\BND1_Operator2Generalized\figures\bnd1_excess_profiles.png","bnd1_excess_profiles.png",".png","90040","2026/05/14 18:27:52"
"D:\MYF\SPH\GeoDualSPHysics_v5.2\examples\u-pw\01_1D_Consolidation\experiments\BND1_Operator2Generalized\figures\bnd1_excess_profiles.svg","bnd1_excess_profiles.svg",".svg","48940","2026/05/14 18:27:52"
"D:\MYF\SPH\GeoDualSPHysics_v5.2\examples\u-pw\01_1D_Consolidation\experiments\BND1_Operator2Generalized\figures\bnd1_final_profile_rmse.png","bnd1_final_profile_rmse.png",".png","32783","2026/05/14 18:27:51"
"D:\MYF\SPH\GeoDualSPHysics_v5.2\examples\u-pw\01_1D_Consolidation\experiments\BND1_Operator2Generalized\figures\bnd1_final_profile_rmse.svg","bnd1_final_profile_rmse.svg",".svg","23490","2026/05/14 18:27:51"
"D:\MYF\SPH\GeoDualSPHysics_v5.2\examples\u-pw\01_1D_Consolidation\experiments\BND1_Operator2Generalized\figures\bnd1_lateral_noflux.png","bnd1_lateral_noflux.png",".png","60593","2026/05/14 18:27:51"
"D:\MYF\SPH\GeoDualSPHysics_v5.2\examples\u-pw\01_1D_Consolidation\experiments\BND1_Operator2Generalized\figures\bnd1_lateral_noflux.svg","bnd1_lateral_noflux.svg",".svg","33667","2026/05/14 18:27:51"
"D:\MYF\SPH\GeoDualSPHysics_v5.2\examples\u-pw\01_1D_Consolidation\experiments\BND1_Operator2Generalized\figures\bnd1_porepressrate.png","bnd1_porepressrate.png",".png","49568","2026/05/14 18:27:51"
"D:\MYF\SPH\GeoDualSPHysics_v5.2\examples\u-pw\01_1D_Consolidation\experiments\BND1_Operator2Generalized\figures\bnd1_porepressrate.svg","bnd1_porepressrate.svg",".svg","30486","2026/05/14 18:27:51"
"D:\MYF\SPH\GeoDualSPHysics_v5.2\examples\u-pw\01_1D_Consolidation\experiments\BND1_Operator2Generalized\figures\bnd1_profile_rmse.png","bnd1_profile_rmse.png",".png","57040","2026/05/14 18:27:50"
"D:\MYF\SPH\GeoDualSPHysics_v5.2\examples\u-pw\01_1D_Consolidation\experiments\BND1_Operator2Generalized\figures\bnd1_profile_rmse.svg","bnd1_profile_rmse.svg",".svg","33414","2026/05/14 18:27:50"
"D:\MYF\SPH\GeoDualSPHysics_v5.2\examples\u-pw\01_1D_Consolidation\experiments\BND1_Operator2Generalized\figures\bnd1_top_residual.png","bnd1_top_residual.png",".png","49745","2026/05/14 18:27:50"
"D:\MYF\SPH\GeoDualSPHysics_v5.2\examples\u-pw\01_1D_Consolidation\experiments\BND1_Operator2Generalized\figures\bnd1_top_residual.svg","bnd1_top_residual.svg",".svg","31071","2026/05/14 18:27:50"
"D:\MYF\SPH\GeoDualSPHysics_v5.2\examples\u-pw\01_1D_Consolidation\experiments\BND1_Operator2Generalized\figures\bnd1_velocity_max.png","bnd1_velocity_max.png",".png","48402","2026/05/14 18:27:51"
"D:\MYF\SPH\GeoDualSPHysics_v5.2\examples\u-pw\01_1D_Consolidation\experiments\BND1_Operator2Generalized\figures\bnd1_velocity_max.svg","bnd1_velocity_max.svg",".svg","27568","2026/05/14 18:27:51"
"D:\MYF\SPH\GeoDualSPHysics_v5.2\examples\u-pw\01_1D_Consolidation\experiments\BND1_Operator2Generalized\README.md","README.md",".md","656","2026/05/14 18:12:22"
"D:\MYF\SPH\GeoDualSPHysics_v5.2\examples\u-pw\01_1D_Consolidation\experiments\BND1_Operator2Generalized\run_bnd1_operator2_generalized.py","run_bnd1_operator2_generalized.py",".py","1020","2026/05/14 18:12:37"
"D:\MYF\SPH\GeoDualSPHysics_v5.2\examples\u-pw\01_1D_Consolidation\experiments\BND1_Operator2Generalized\xCase1DConsolidation_PR_BND1_L3c_Mode1_win64_CPU_release.bat","xCase1DConsolidation_PR_BND1_L3c_Mode1_win64_CPU_release.bat",".bat","641","2026/05/14 18:12:07"
"D:\MYF\SPH\GeoDualSPHysics_v5.2\examples\u-pw\01_1D_Consolidation\experiments\BND1_Operator2Generalized\xCase1DConsolidation_PR_BND1_L3c_Mode2_win64_CPU_release.bat","xCase1DConsolidation_PR_BND1_L3c_Mode2_win64_CPU_release.bat",".bat","641","2026/05/14 18:12:07"
"D:\MYF\SPH\GeoDualSPHysics_v5.2\examples\u-pw\01_1D_Consolidation\experiments\BND1_Operator2Generalized\xCase1DConsolidation_PR_BND1_L5_Mode1_win64_CPU_release.bat","xCase1DConsolidation_PR_BND1_L5_Mode1_win64_CPU_release.bat",".bat","640","2026/05/14 18:12:07"
"D:\MYF\SPH\GeoDualSPHysics_v5.2\examples\u-pw\01_1D_Consolidation\experiments\BND1_Operator2Generalized\xCase1DConsolidation_PR_BND1_L5_Mode2_win64_CPU_release.bat","xCase1DConsolidation_PR_BND1_L5_Mode2_win64_CPU_release.bat",".bat","640","2026/05/14 18:12:07"
"D:\MYF\SPH\GeoDualSPHysics_v5.2\examples\u-pw\01_1D_Consolidation\experiments\BoundaryGhostDiagnostics\Case1DConsolidation_PR_BG3_PressureOnly_Def.xml","Case1DConsolidation_PR_BG3_PressureOnly_Def.xml",".xml","11334","2026/05/10 20:54:47"
"D:\MYF\SPH\GeoDualSPHysics_v5.2\examples\u-pw\01_1D_Consolidation\experiments\DampingLadder\Case1DConsolidation_PR_Phase4m_A_DampingOff_Def.xml","Case1DConsolidation_PR_Phase4m_A_DampingOff_Def.xml",".xml","11383","2026/05/08 4:11:39"
"D:\MYF\SPH\GeoDualSPHysics_v5.2\examples\u-pw\01_1D_Consolidation\experiments\DampingLadder\Case1DConsolidation_PR_Phase4m_B_FeedbackOff_Damp10_Def.xml","Case1DConsolidation_PR_Phase4m_B_FeedbackOff_Damp10_Def.xml",".xml","11624","2026/05/08 3:58:21"
"D:\MYF\SPH\GeoDualSPHysics_v5.2\examples\u-pw\01_1D_Consolidation\experiments\DampingLadder\Case1DConsolidation_PR_Phase4m_C_Damp10_Def.xml","Case1DConsolidation_PR_Phase4m_C_Damp10_Def.xml",".xml","11624","2026/05/08 3:58:21"
"D:\MYF\SPH\GeoDualSPHysics_v5.2\examples\u-pw\01_1D_Consolidation\experiments\DampingLadder\Case1DConsolidation_PR_Phase4m_C_Damp100_Def.xml","Case1DConsolidation_PR_Phase4m_C_Damp100_Def.xml",".xml","11625","2026/05/08 3:58:21"
"D:\MYF\SPH\GeoDualSPHysics_v5.2\examples\u-pw\01_1D_Consolidation\experiments\DampingLadder\Case1DConsolidation_PR_Phase4m_C_Damp200_Def.xml","Case1DConsolidation_PR_Phase4m_C_Damp200_Def.xml",".xml","11625","2026/05/08 3:58:21"
"D:\MYF\SPH\GeoDualSPHysics_v5.2\examples\u-pw\01_1D_Consolidation\experiments\DampingLadder\Case1DConsolidation_PR_Phase4m_C_Damp50_Def.xml","Case1DConsolidation_PR_Phase4m_C_Damp50_Def.xml",".xml","11624","2026/05/08 3:58:21"
"D:\MYF\SPH\GeoDualSPHysics_v5.2\examples\u-pw\01_1D_Consolidation\experiments\DampingLadder\Case1DConsolidation_PR_Phase4n_Damp0_Def.xml","Case1DConsolidation_PR_Phase4n_Damp0_Def.xml",".xml","11439","2026/05/08 4:30:11"
"D:\MYF\SPH\GeoDualSPHysics_v5.2\examples\u-pw\01_1D_Consolidation\experiments\DampingLadder\Case1DConsolidation_PR_Phase4n_Damp100_Def.xml","Case1DConsolidation_PR_Phase4n_Damp100_Def.xml",".xml","11441","2026/05/08 4:30:11"
"D:\MYF\SPH\GeoDualSPHysics_v5.2\examples\u-pw\01_1D_Consolidation\experiments\DampingLadder\Case1DConsolidation_PR_Phase4n_Damp1000_Def.xml","Case1DConsolidation_PR_Phase4n_Damp1000_Def.xml",".xml","11442","2026/05/08 4:30:11"
"D:\MYF\SPH\GeoDualSPHysics_v5.2\examples\u-pw\01_1D_Consolidation\experiments\DampingLadder\Case1DConsolidation_PR_Phase4n_Damp200_Def.xml","Case1DConsolidation_PR_Phase4n_Damp200_Def.xml",".xml","11441","2026/05/08 4:30:11"
"D:\MYF\SPH\GeoDualSPHysics_v5.2\examples\u-pw\01_1D_Consolidation\experiments\DampingLadder\Case1DConsolidation_PR_Phase4n_Damp500_Def.xml","Case1DConsolidation_PR_Phase4n_Damp500_Def.xml",".xml","11441","2026/05/08 4:30:11"
"D:\MYF\SPH\GeoDualSPHysics_v5.2\examples\u-pw\01_1D_Consolidation\experiments\DtSafetySensitivity\SW3f_dt_safety_runs\Case1DConsolidation_PR_SW3F_Safety0p15_Xi0p10_T0p20_dual.log","Case1DConsolidation_PR_SW3F_Safety0p15_Xi0p10_T0p20_dual.log",".log","30504","2026/05/09 13:36:25"
"D:\MYF\SPH\GeoDualSPHysics_v5.2\examples\u-pw\01_1D_Consolidation\experiments\DtSafetySensitivity\SW3f_dt_safety_runs\Case1DConsolidation_PR_SW3F_Safety0p15_Xi0p10_T0p20_gencase.log","Case1DConsolidation_PR_SW3F_Safety0p15_Xi0p10_T0p20_gencase.log",".log","12656","2026/05/09 12:16:39"
"D:\MYF\SPH\GeoDualSPHysics_v5.2\examples\u-pw\01_1D_Consolidation\experiments\DtSafetySensitivity\SW3f_dt_safety_runs\Case1DConsolidation_PR_SW3F_Safety0p20_Xi0p10_T0p20_dual.log","Case1DConsolidation_PR_SW3F_Safety0p20_Xi0p10_T0p20_dual.log",".log","30496","2026/05/09 14:36:16"
"D:\MYF\SPH\GeoDualSPHysics_v5.2\examples\u-pw\01_1D_Consolidation\experiments\DtSafetySensitivity\SW3f_dt_safety_runs\Case1DConsolidation_PR_SW3F_Safety0p20_Xi0p10_T0p20_gencase.log","Case1DConsolidation_PR_SW3F_Safety0p20_Xi0p10_T0p20_gencase.log",".log","12656","2026/05/09 13:36:26"
"D:\MYF\SPH\GeoDualSPHysics_v5.2\examples\u-pw\01_1D_Consolidation\experiments\DtSafetySensitivity\SW3f_dt_safety_runs\run_status.csv","run_status.csv",".csv","163","2026/05/09 14:36:16"
"D:\MYF\SPH\GeoDualSPHysics_v5.2\examples\u-pw\01_1D_Consolidation\experiments\DtSafetySensitivity\SW3f_dt_safety_runs\sw3f_case_summary.csv","sw3f_case_summary.csv",".csv","2594","2026/05/09 14:37:41"
"D:\MYF\SPH\GeoDualSPHysics_v5.2\examples\u-pw\01_1D_Consolidation\experiments\DtSafetySensitivity\SW3f_dt_safety_runs\sw3f_frame_metrics.csv","sw3f_frame_metrics.csv",".csv","23190","2026/05/09 14:37:41"
"D:\MYF\SPH\GeoDualSPHysics_v5.2\examples\u-pw\01_1D_Consolidation\experiments\DtSafetySensitivity\SW3f_dt_safety_runs\xml\Case1DConsolidation_PR_SW3F_Safety0p15_Xi0p10_T0p20_Def.xml","Case1DConsolidation_PR_SW3F_Safety0p15_Xi0p10_T0p20_Def.xml",".xml","12359","2026/05/09 12:16:39"
"D:\MYF\SPH\GeoDualSPHysics_v5.2\examples\u-pw\01_1D_Consolidation\experiments\DtSafetySensitivity\SW3f_dt_safety_runs\xml\Case1DConsolidation_PR_SW3F_Safety0p20_Xi0p10_T0p20_Def.xml","Case1DConsolidation_PR_SW3F_Safety0p20_Xi0p10_T0p20_Def.xml",".xml","12359","2026/05/09 13:36:26"
"D:\MYF\SPH\GeoDualSPHysics_v5.2\examples\u-pw\01_1D_Consolidation\experiments\ElasticSwitch_E1\analyze_e1_elastic_switch.py","analyze_e1_elastic_switch.py",".py","5253","2026/05/12 16:23:06"
"D:\MYF\SPH\GeoDualSPHysics_v5.2\examples\u-pw\01_1D_Consolidation\experiments\ElasticSwitch_E1\CaseElasticSwitch_E1_DP_Def.xml","CaseElasticSwitch_E1_DP_Def.xml",".xml","11783","2026/05/12 16:02:31"
"D:\MYF\SPH\GeoDualSPHysics_v5.2\examples\u-pw\01_1D_Consolidation\experiments\ElasticSwitch_E1\CaseElasticSwitch_E1_Elastic_Def.xml","CaseElasticSwitch_E1_Elastic_Def.xml",".xml","11759","2026/05/12 16:02:13"
"D:\MYF\SPH\GeoDualSPHysics_v5.2\examples\u-pw\01_1D_Consolidation\experiments\ElasticSwitch_E1\CaseElasticSwitch_E1_SofteningLegacy_Def.xml","CaseElasticSwitch_E1_SofteningLegacy_Def.xml",".xml","12136","2026/05/12 16:02:54"
"D:\MYF\SPH\GeoDualSPHysics_v5.2\examples\u-pw\01_1D_Consolidation\experiments\ElasticSwitch_E1\e1_elastic_switch_summary.csv","e1_elastic_switch_summary.csv",".csv","892","2026/05/12 16:23:18"
"D:\MYF\SPH\GeoDualSPHysics_v5.2\examples\u-pw\01_1D_Consolidation\experiments\ElasticSwitch_E1\ElasticSwitch_E1_Acc.csv","ElasticSwitch_E1_Acc.csv",".csv","144","2026/05/08 2:22:05"
"D:\MYF\SPH\GeoDualSPHysics_v5.2\examples\u-pw\01_1D_Consolidation\experiments\ElasticSwitch_E1\README.md","README.md",".md","1288","2026/05/12 16:05:51"
"D:\MYF\SPH\GeoDualSPHysics_v5.2\examples\u-pw\01_1D_Consolidation\experiments\ElasticSwitch_E1\xCaseElasticSwitch_E1_DP_win64_CPU_release.bat","xCaseElasticSwitch_E1_DP_win64_CPU_release.bat",".bat","1475","2026/05/12 16:03:17"
"D:\MYF\SPH\GeoDualSPHysics_v5.2\examples\u-pw\01_1D_Consolidation\experiments\ElasticSwitch_E1\xCaseElasticSwitch_E1_Elastic_win64_CPU_release.bat","xCaseElasticSwitch_E1_Elastic_win64_CPU_release.bat",".bat","1480","2026/05/12 16:03:04"
"D:\MYF\SPH\GeoDualSPHysics_v5.2\examples\u-pw\01_1D_Consolidation\experiments\ElasticSwitch_E1\xCaseElasticSwitch_E1_Elastic_win64_GPU_release.bat","xCaseElasticSwitch_E1_Elastic_win64_GPU_release.bat",".bat","1481","2026/05/12 16:03:53"
"D:\MYF\SPH\GeoDualSPHysics_v5.2\examples\u-pw\01_1D_Consolidation\experiments\ElasticSwitch_E1\xCaseElasticSwitch_E1_SofteningLegacy_win64_CPU_release.bat","xCaseElasticSwitch_E1_SofteningLegacy_win64_CPU_release.bat",".bat","1488","2026/05/12 16:03:34"
"D:\MYF\SPH\GeoDualSPHysics_v5.2\examples\u-pw\01_1D_Consolidation\experiments\ExternalLoad_L1_Baseline\analyze_l1_external_load.py","analyze_l1_external_load.py",".py","8882","2026/05/12 14:52:13"
"D:\MYF\SPH\GeoDualSPHysics_v5.2\examples\u-pw\01_1D_Consolidation\experiments\ExternalLoad_L1_Baseline\Case1DConsolidation_PR_ExternalLoad_L1_Def.xml","Case1DConsolidation_PR_ExternalLoad_L1_Def.xml",".xml","11640","2026/05/12 14:34:54"
"D:\MYF\SPH\GeoDualSPHysics_v5.2\examples\u-pw\01_1D_Consolidation\experiments\ExternalLoad_L1_Baseline\ExternalLoadAcc_L1.csv","ExternalLoadAcc_L1.csv",".csv","144","2026/05/08 2:22:05"
"D:\MYF\SPH\GeoDualSPHysics_v5.2\examples\u-pw\01_1D_Consolidation\experiments\ExternalLoad_L1_Baseline\figures\l1_bottom_excess_time.png","l1_bottom_excess_time.png",".png","44338","2026/05/12 14:52:20"
"D:\MYF\SPH\GeoDualSPHysics_v5.2\examples\u-pw\01_1D_Consolidation\experiments\ExternalLoad_L1_Baseline\figures\l1_bottom_excess_time.svg","l1_bottom_excess_time.svg",".svg","32287","2026/05/12 14:52:20"
"D:\MYF\SPH\GeoDualSPHysics_v5.2\examples\u-pw\01_1D_Consolidation\experiments\ExternalLoad_L1_Baseline\figures\l1_boundary_checks.png","l1_boundary_checks.png",".png","49136","2026/05/12 14:52:21"
"D:\MYF\SPH\GeoDualSPHysics_v5.2\examples\u-pw\01_1D_Consolidation\experiments\ExternalLoad_L1_Baseline\figures\l1_boundary_checks.svg","l1_boundary_checks.svg",".svg","46407","2026/05/12 14:52:21"
"D:\MYF\SPH\GeoDualSPHysics_v5.2\examples\u-pw\01_1D_Consolidation\experiments\ExternalLoad_L1_Baseline\figures\l1_excess_max_mean_time.png","l1_excess_max_mean_time.png",".png","41454","2026/05/12 14:52:21"
"D:\MYF\SPH\GeoDualSPHysics_v5.2\examples\u-pw\01_1D_Consolidation\experiments\ExternalLoad_L1_Baseline\figures\l1_excess_max_mean_time.svg","l1_excess_max_mean_time.svg",".svg","30551","2026/05/12 14:52:21"
"D:\MYF\SPH\GeoDualSPHysics_v5.2\examples\u-pw\01_1D_Consolidation\experiments\ExternalLoad_L1_Baseline\figures\l1_excess_profiles.png","l1_excess_profiles.png",".png","30954","2026/05/12 14:52:21"
"D:\MYF\SPH\GeoDualSPHysics_v5.2\examples\u-pw\01_1D_Consolidation\experiments\ExternalLoad_L1_Baseline\figures\l1_excess_profiles.svg","l1_excess_profiles.svg",".svg","27297","2026/05/12 14:52:21"
"D:\MYF\SPH\GeoDualSPHysics_v5.2\examples\u-pw\01_1D_Consolidation\experiments\ExternalLoad_L1_Baseline\figures\l1_porepress_profiles.png","l1_porepress_profiles.png",".png","65013","2026/05/12 14:52:21"
"D:\MYF\SPH\GeoDualSPHysics_v5.2\examples\u-pw\01_1D_Consolidation\experiments\ExternalLoad_L1_Baseline\figures\l1_porepress_profiles.svg","l1_porepress_profiles.svg",".svg","27663","2026/05/12 14:52:21"
"D:\MYF\SPH\GeoDualSPHysics_v5.2\examples\u-pw\01_1D_Consolidation\experiments\ExternalLoad_L1_Baseline\figures\l1_settlement_time.png","l1_settlement_time.png",".png","42167","2026/05/12 14:52:21"
"D:\MYF\SPH\GeoDualSPHysics_v5.2\examples\u-pw\01_1D_Consolidation\experiments\ExternalLoad_L1_Baseline\figures\l1_settlement_time.svg","l1_settlement_time.svg",".svg","31036","2026/05/12 14:52:21"
"D:\MYF\SPH\GeoDualSPHysics_v5.2\examples\u-pw\01_1D_Consolidation\experiments\ExternalLoad_L1_Baseline\figures\l1_velocity_max_time.png","l1_velocity_max_time.png",".png","48951","2026/05/12 14:52:21"
"D:\MYF\SPH\GeoDualSPHysics_v5.2\examples\u-pw\01_1D_Consolidation\experiments\ExternalLoad_L1_Baseline\figures\l1_velocity_max_time.svg","l1_velocity_max_time.svg",".svg","34505","2026/05/12 14:52:21"
"D:\MYF\SPH\GeoDualSPHysics_v5.2\examples\u-pw\01_1D_Consolidation\experiments\ExternalLoad_L1_Baseline\l1_external_load_case_summary.csv","l1_external_load_case_summary.csv",".csv","412","2026/05/12 14:52:20"
"D:\MYF\SPH\GeoDualSPHysics_v5.2\examples\u-pw\01_1D_Consolidation\experiments\ExternalLoad_L1_Baseline\l1_external_load_frame_metrics.csv","l1_external_load_frame_metrics.csv",".csv","8097","2026/05/12 14:52:20"
"D:\MYF\SPH\GeoDualSPHysics_v5.2\examples\u-pw\01_1D_Consolidation\experiments\ExternalLoad_L1_Baseline\l1_external_load_setup_notes.md","l1_external_load_setup_notes.md",".md","1478","2026/05/12 14:35:37"
"D:\MYF\SPH\GeoDualSPHysics_v5.2\examples\u-pw\01_1D_Consolidation\experiments\ExternalLoad_L1_Baseline\xCase1DConsolidation_PR_ExternalLoad_L1_win64_CPU_release.bat","xCase1DConsolidation_PR_ExternalLoad_L1_win64_CPU_release.bat",".bat","1490","2026/05/12 14:35:37"
"D:\MYF\SPH\GeoDualSPHysics_v5.2\examples\u-pw\01_1D_Consolidation\experiments\ExternalLoad_L1_Baseline\xCase1DConsolidation_PR_ExternalLoad_L1_win64_GPU_release.bat","xCase1DConsolidation_PR_ExternalLoad_L1_win64_GPU_release.bat",".bat","1491","2026/05/12 14:35:37"
"D:\MYF\SPH\GeoDualSPHysics_v5.2\examples\u-pw\01_1D_Consolidation\experiments\ExternalLoad_L2_PaperAligned\analyze_l2_external_load_1d_consolidation.py","analyze_l2_external_load_1d_consolidation.py",".py","22916","2026/05/14 13:29:09"
"D:\MYF\SPH\GeoDualSPHysics_v5.2\examples\u-pw\01_1D_Consolidation\experiments\ExternalLoad_L2_PaperAligned\Case1DConsolidation_PR_ExternalLoad_L2_Def.xml","Case1DConsolidation_PR_ExternalLoad_L2_Def.xml",".xml","11929","2026/05/14 13:14:23"
"D:\MYF\SPH\GeoDualSPHysics_v5.2\examples\u-pw\01_1D_Consolidation\experiments\ExternalLoad_L2_PaperAligned\ExternalLoadAcc_L2.csv","ExternalLoadAcc_L2.csv",".csv","144","2026/05/14 13:14:29"
"D:\MYF\SPH\GeoDualSPHysics_v5.2\examples\u-pw\01_1D_Consolidation\experiments\ExternalLoad_L2_PaperAligned\figures\l2_bottom_excess_vs_analytical.png","l2_bottom_excess_vs_analytical.png",".png","78641","2026/05/14 13:29:16"
"D:\MYF\SPH\GeoDualSPHysics_v5.2\examples\u-pw\01_1D_Consolidation\experiments\ExternalLoad_L2_PaperAligned\figures\l2_bottom_excess_vs_analytical.svg","l2_bottom_excess_vs_analytical.svg",".svg","47717","2026/05/14 13:29:16"
"D:\MYF\SPH\GeoDualSPHysics_v5.2\examples\u-pw\01_1D_Consolidation\experiments\ExternalLoad_L2_PaperAligned\figures\l2_bottom_pore_pressure_vs_analytical.png","l2_bottom_pore_pressure_vs_analytical.png",".png","77615","2026/05/14 13:29:16"
"D:\MYF\SPH\GeoDualSPHysics_v5.2\examples\u-pw\01_1D_Consolidation\experiments\ExternalLoad_L2_PaperAligned\figures\l2_bottom_pore_pressure_vs_analytical.svg","l2_bottom_pore_pressure_vs_analytical.svg",".svg","47615","2026/05/14 13:29:16"
"D:\MYF\SPH\GeoDualSPHysics_v5.2\examples\u-pw\01_1D_Consolidation\experiments\ExternalLoad_L2_PaperAligned\figures\l2_boundary_checks.png","l2_boundary_checks.png",".png","65455","2026/05/14 13:29:17"
"D:\MYF\SPH\GeoDualSPHysics_v5.2\examples\u-pw\01_1D_Consolidation\experiments\ExternalLoad_L2_PaperAligned\figures\l2_boundary_checks.svg","l2_boundary_checks.svg",".svg","54072","2026/05/14 13:29:16"
"D:\MYF\SPH\GeoDualSPHysics_v5.2\examples\u-pw\01_1D_Consolidation\experiments\ExternalLoad_L2_PaperAligned\figures\l2_cpu_gpu_comparison.png","l2_cpu_gpu_comparison.png",".png","61325","2026/05/14 13:29:17"
"D:\MYF\SPH\GeoDualSPHysics_v5.2\examples\u-pw\01_1D_Consolidation\experiments\ExternalLoad_L2_PaperAligned\figures\l2_cpu_gpu_comparison.svg","l2_cpu_gpu_comparison.svg",".svg","37040","2026/05/14 13:29:17"
"D:\MYF\SPH\GeoDualSPHysics_v5.2\examples\u-pw\01_1D_Consolidation\experiments\ExternalLoad_L2_PaperAligned\figures\l2_excess_profiles_vs_analytical.png","l2_excess_profiles_vs_analytical.png",".png","62194","2026/05/14 13:29:16"
"D:\MYF\SPH\GeoDualSPHysics_v5.2\examples\u-pw\01_1D_Consolidation\experiments\ExternalLoad_L2_PaperAligned\figures\l2_excess_profiles_vs_analytical.svg","l2_excess_profiles_vs_analytical.svg",".svg","582183","2026/05/14 13:29:16"
"D:\MYF\SPH\GeoDualSPHysics_v5.2\examples\u-pw\01_1D_Consolidation\experiments\ExternalLoad_L2_PaperAligned\figures\l2_l1_l2_bottom_comparison.png","l2_l1_l2_bottom_comparison.png",".png","49879","2026/05/14 13:29:17"
"D:\MYF\SPH\GeoDualSPHysics_v5.2\examples\u-pw\01_1D_Consolidation\experiments\ExternalLoad_L2_PaperAligned\figures\l2_l1_l2_bottom_comparison.svg","l2_l1_l2_bottom_comparison.svg",".svg","40130","2026/05/14 13:29:17"
"D:\MYF\SPH\GeoDualSPHysics_v5.2\examples\u-pw\01_1D_Consolidation\experiments\ExternalLoad_L2_PaperAligned\figures\l2_pore_pressure_profiles.png","l2_pore_pressure_profiles.png",".png","64707","2026/05/14 13:29:16"
"D:\MYF\SPH\GeoDualSPHysics_v5.2\examples\u-pw\01_1D_Consolidation\experiments\ExternalLoad_L2_PaperAligned\figures\l2_pore_pressure_profiles.svg","l2_pore_pressure_profiles.svg",".svg","581580","2026/05/14 13:29:16"
"D:\MYF\SPH\GeoDualSPHysics_v5.2\examples\u-pw\01_1D_Consolidation\experiments\ExternalLoad_L2_PaperAligned\figures\l2_relative_error_time.png","l2_relative_error_time.png",".png","74921","2026/05/14 13:29:16"
"D:\MYF\SPH\GeoDualSPHysics_v5.2\examples\u-pw\01_1D_Consolidation\experiments\ExternalLoad_L2_PaperAligned\figures\l2_relative_error_time.svg","l2_relative_error_time.svg",".svg","50330","2026/05/14 13:29:16"
"D:\MYF\SPH\GeoDualSPHysics_v5.2\examples\u-pw\01_1D_Consolidation\experiments\ExternalLoad_L2_PaperAligned\figures\l2_velocity_max_time.png","l2_velocity_max_time.png",".png","67204","2026/05/14 13:29:17"
"D:\MYF\SPH\GeoDualSPHysics_v5.2\examples\u-pw\01_1D_Consolidation\experiments\ExternalLoad_L2_PaperAligned\figures\l2_velocity_max_time.svg","l2_velocity_max_time.svg",".svg","36843","2026/05/14 13:29:17"
"D:\MYF\SPH\GeoDualSPHysics_v5.2\examples\u-pw\01_1D_Consolidation\experiments\ExternalLoad_L2_PaperAligned\l2_analytical_profiles.csv","l2_analytical_profiles.csv",".csv","1579673","2026/05/14 13:29:16"
"D:\MYF\SPH\GeoDualSPHysics_v5.2\examples\u-pw\01_1D_Consolidation\experiments\ExternalLoad_L2_PaperAligned\l2_bottom_pressure_metrics.csv","l2_bottom_pressure_metrics.csv",".csv","9911","2026/05/14 13:29:16"
"D:\MYF\SPH\GeoDualSPHysics_v5.2\examples\u-pw\01_1D_Consolidation\experiments\ExternalLoad_L2_PaperAligned\l2_boundary_metrics.csv","l2_boundary_metrics.csv",".csv","5163","2026/05/14 13:29:16"
"D:\MYF\SPH\GeoDualSPHysics_v5.2\examples\u-pw\01_1D_Consolidation\experiments\ExternalLoad_L2_PaperAligned\l2_case_summary.csv","l2_case_summary.csv",".csv","1115","2026/05/14 13:29:16"
"D:\MYF\SPH\GeoDualSPHysics_v5.2\examples\u-pw\01_1D_Consolidation\experiments\ExternalLoad_L2_PaperAligned\l2_profile_metrics.csv","l2_profile_metrics.csv",".csv","1274","2026/05/14 13:29:16"
"D:\MYF\SPH\GeoDualSPHysics_v5.2\examples\u-pw\01_1D_Consolidation\experiments\ExternalLoad_L2_PaperAligned\README.md","README.md",".md","1165","2026/05/14 13:15:08"
"D:\MYF\SPH\GeoDualSPHysics_v5.2\examples\u-pw\01_1D_Consolidation\experiments\ExternalLoad_L2_PaperAligned\xCase1DConsolidation_PR_ExternalLoad_L2_win64_CPU_release.bat","xCase1DConsolidation_PR_ExternalLoad_L2_win64_CPU_release.bat",".bat","1490","2026/05/14 13:14:42"
"D:\MYF\SPH\GeoDualSPHysics_v5.2\examples\u-pw\01_1D_Consolidation\experiments\ExternalLoad_L2_PaperAligned\xCase1DConsolidation_PR_ExternalLoad_L2_win64_GPU_release.bat","xCase1DConsolidation_PR_ExternalLoad_L2_win64_GPU_release.bat",".bat","1491","2026/05/14 13:14:57"
"D:\MYF\SPH\GeoDualSPHysics_v5.2\examples\u-pw\01_1D_Consolidation\experiments\ExternalLoad_L3_InitialPressureGate\analyze_l3_initial_pressure_gate.py","analyze_l3_initial_pressure_gate.py",".py","23182","2026/05/14 14:20:22"
"D:\MYF\SPH\GeoDualSPHysics_v5.2\examples\u-pw\01_1D_Consolidation\experiments\ExternalLoad_L3_InitialPressureGate\Case1DConsolidation_PR_InitialPressure_L3_Def.xml","Case1DConsolidation_PR_InitialPressure_L3_Def.xml",".xml","11724","2026/05/14 14:18:00"
"D:\MYF\SPH\GeoDualSPHysics_v5.2\examples\u-pw\01_1D_Consolidation\experiments\ExternalLoad_L3_InitialPressureGate\figures\l3a_bottom_excess_vs_analytical.png","l3a_bottom_excess_vs_analytical.png",".png","68402","2026/05/14 14:29:08"
"D:\MYF\SPH\GeoDualSPHysics_v5.2\examples\u-pw\01_1D_Consolidation\experiments\ExternalLoad_L3_InitialPressureGate\figures\l3a_bottom_excess_vs_analytical.svg","l3a_bottom_excess_vs_analytical.svg",".svg","48818","2026/05/14 14:29:08"
"D:\MYF\SPH\GeoDualSPHysics_v5.2\examples\u-pw\01_1D_Consolidation\experiments\ExternalLoad_L3_InitialPressureGate\figures\l3a_bottom_pore_pressure_vs_analytical.png","l3a_bottom_pore_pressure_vs_analytical.png",".png","69444","2026/05/14 14:29:08"
"D:\MYF\SPH\GeoDualSPHysics_v5.2\examples\u-pw\01_1D_Consolidation\experiments\ExternalLoad_L3_InitialPressureGate\figures\l3a_bottom_pore_pressure_vs_analytical.svg","l3a_bottom_pore_pressure_vs_analytical.svg",".svg","49212","2026/05/14 14:29:08"
"D:\MYF\SPH\GeoDualSPHysics_v5.2\examples\u-pw\01_1D_Consolidation\experiments\ExternalLoad_L3_InitialPressureGate\figures\l3a_boundary_checks.png","l3a_boundary_checks.png",".png","64928","2026/05/14 14:29:08"
"D:\MYF\SPH\GeoDualSPHysics_v5.2\examples\u-pw\01_1D_Consolidation\experiments\ExternalLoad_L3_InitialPressureGate\figures\l3a_boundary_checks.svg","l3a_boundary_checks.svg",".svg","52224","2026/05/14 14:29:08"
"D:\MYF\SPH\GeoDualSPHysics_v5.2\examples\u-pw\01_1D_Consolidation\experiments\ExternalLoad_L3_InitialPressureGate\figures\l3a_cpu_gpu_comparison.png","l3a_cpu_gpu_comparison.png",".png","51752","2026/05/14 14:29:08"
"D:\MYF\SPH\GeoDualSPHysics_v5.2\examples\u-pw\01_1D_Consolidation\experiments\ExternalLoad_L3_InitialPressureGate\figures\l3a_cpu_gpu_comparison.svg","l3a_cpu_gpu_comparison.svg",".svg","38056","2026/05/14 14:29:08"
"D:\MYF\SPH\GeoDualSPHysics_v5.2\examples\u-pw\01_1D_Consolidation\experiments\ExternalLoad_L3_InitialPressureGate\figures\l3a_excess_profiles_vs_analytical.png","l3a_excess_profiles_vs_analytical.png",".png","87082","2026/05/14 14:29:08"
"D:\MYF\SPH\GeoDualSPHysics_v5.2\examples\u-pw\01_1D_Consolidation\experiments\ExternalLoad_L3_InitialPressureGate\figures\l3a_excess_profiles_vs_analytical.svg","l3a_excess_profiles_vs_analytical.svg",".svg","473051","2026/05/14 14:29:07"
"D:\MYF\SPH\GeoDualSPHysics_v5.2\examples\u-pw\01_1D_Consolidation\experiments\ExternalLoad_L3_InitialPressureGate\figures\l3a_l2_bottom_comparison.png","l3a_l2_bottom_comparison.png",".png","66334","2026/05/14 14:29:09"
"D:\MYF\SPH\GeoDualSPHysics_v5.2\examples\u-pw\01_1D_Consolidation\experiments\ExternalLoad_L3_InitialPressureGate\figures\l3a_l2_bottom_comparison.svg","l3a_l2_bottom_comparison.svg",".svg","43032","2026/05/14 14:29:08"
"D:\MYF\SPH\GeoDualSPHysics_v5.2\examples\u-pw\01_1D_Consolidation\experiments\ExternalLoad_L3_InitialPressureGate\figures\l3a_pore_pressure_profiles.png","l3a_pore_pressure_profiles.png",".png","98415","2026/05/14 14:29:08"
"D:\MYF\SPH\GeoDualSPHysics_v5.2\examples\u-pw\01_1D_Consolidation\experiments\ExternalLoad_L3_InitialPressureGate\figures\l3a_pore_pressure_profiles.svg","l3a_pore_pressure_profiles.svg",".svg","475217","2026/05/14 14:29:08"
"D:\MYF\SPH\GeoDualSPHysics_v5.2\examples\u-pw\01_1D_Consolidation\experiments\ExternalLoad_L3_InitialPressureGate\figures\l3a_relative_error_time.png","l3a_relative_error_time.png",".png","54658","2026/05/14 14:29:08"
"D:\MYF\SPH\GeoDualSPHysics_v5.2\examples\u-pw\01_1D_Consolidation\experiments\ExternalLoad_L3_InitialPressureGate\figures\l3a_relative_error_time.svg","l3a_relative_error_time.svg",".svg","50166","2026/05/14 14:29:08"
"D:\MYF\SPH\GeoDualSPHysics_v5.2\examples\u-pw\01_1D_Consolidation\experiments\ExternalLoad_L3_InitialPressureGate\figures\l3a_velocity_max_time.png","l3a_velocity_max_time.png",".png","33368","2026/05/14 14:29:09"
"D:\MYF\SPH\GeoDualSPHysics_v5.2\examples\u-pw\01_1D_Consolidation\experiments\ExternalLoad_L3_InitialPressureGate\figures\l3a_velocity_max_time.svg","l3a_velocity_max_time.svg",".svg","36316","2026/05/14 14:29:09"
"D:\MYF\SPH\GeoDualSPHysics_v5.2\examples\u-pw\01_1D_Consolidation\experiments\ExternalLoad_L3_InitialPressureGate\l3a_analytical_profiles.csv","l3a_analytical_profiles.csv",".csv","1211955","2026/05/14 14:29:07"
"D:\MYF\SPH\GeoDualSPHysics_v5.2\examples\u-pw\01_1D_Consolidation\experiments\ExternalLoad_L3_InitialPressureGate\l3a_bottom_pressure_metrics.csv","l3a_bottom_pressure_metrics.csv",".csv","9929","2026/05/14 14:29:07"
"D:\MYF\SPH\GeoDualSPHysics_v5.2\examples\u-pw\01_1D_Consolidation\experiments\ExternalLoad_L3_InitialPressureGate\l3a_boundary_metrics.csv","l3a_boundary_metrics.csv",".csv","3915","2026/05/14 14:29:07"
"D:\MYF\SPH\GeoDualSPHysics_v5.2\examples\u-pw\01_1D_Consolidation\experiments\ExternalLoad_L3_InitialPressureGate\l3a_case_summary.csv","l3a_case_summary.csv",".csv","1046","2026/05/14 14:29:07"
"D:\MYF\SPH\GeoDualSPHysics_v5.2\examples\u-pw\01_1D_Consolidation\experiments\ExternalLoad_L3_InitialPressureGate\l3a_profile_metrics.csv","l3a_profile_metrics.csv",".csv","1091","2026/05/14 14:29:07"
"D:\MYF\SPH\GeoDualSPHysics_v5.2\examples\u-pw\01_1D_Consolidation\experiments\ExternalLoad_L3_InitialPressureGate\l3a_vs_l2_comparison.csv","l3a_vs_l2_comparison.csv",".csv","555","2026/05/14 14:30:06"
"D:\MYF\SPH\GeoDualSPHysics_v5.2\examples\u-pw\01_1D_Consolidation\experiments\ExternalLoad_L3_InitialPressureGate\README.md","README.md",".md","690","2026/05/14 14:18:30"
"D:\MYF\SPH\GeoDualSPHysics_v5.2\examples\u-pw\01_1D_Consolidation\experiments\ExternalLoad_L3_InitialPressureGate\xCase1DConsolidation_PR_InitialPressure_L3_win64_CPU_release.bat","xCase1DConsolidation_PR_InitialPressure_L3_win64_CPU_release.bat",".bat","1493","2026/05/14 14:18:30"
"D:\MYF\SPH\GeoDualSPHysics_v5.2\examples\u-pw\01_1D_Consolidation\experiments\ExternalLoad_L3_InitialPressureGate\xCase1DConsolidation_PR_InitialPressure_L3_win64_GPU_release.bat","xCase1DConsolidation_PR_InitialPressure_L3_win64_GPU_release.bat",".bat","1494","2026/05/14 14:18:30"
"D:\MYF\SPH\GeoDualSPHysics_v5.2\examples\u-pw\01_1D_Consolidation\experiments\ExternalLoad_L3b_MechanicalTopLoad\analyze_l3b_mechanical_top_load.py","analyze_l3b_mechanical_top_load.py",".py","19519","2026/05/14 14:56:33"
"D:\MYF\SPH\GeoDualSPHysics_v5.2\examples\u-pw\01_1D_Consolidation\experiments\ExternalLoad_L3b_MechanicalTopLoad\Case1DConsolidation_PR_MechanicalTopLoad_L3b_Def.xml","Case1DConsolidation_PR_MechanicalTopLoad_L3b_Def.xml",".xml","13163","2026/05/14 14:45:17"
"D:\MYF\SPH\GeoDualSPHysics_v5.2\examples\u-pw\01_1D_Consolidation\experiments\ExternalLoad_L3b_MechanicalTopLoad\figures\l3b_applied_top_load_vs_time.png","l3b_applied_top_load_vs_time.png",".png","36959","2026/05/14 14:56:44"
"D:\MYF\SPH\GeoDualSPHysics_v5.2\examples\u-pw\01_1D_Consolidation\experiments\ExternalLoad_L3b_MechanicalTopLoad\figures\l3b_applied_top_load_vs_time.svg","l3b_applied_top_load_vs_time.svg",".svg","34540","2026/05/14 14:56:44"
"D:\MYF\SPH\GeoDualSPHysics_v5.2\examples\u-pw\01_1D_Consolidation\experiments\ExternalLoad_L3b_MechanicalTopLoad\figures\l3b_bottom_excess_vs_analytical.png","l3b_bottom_excess_vs_analytical.png",".png","59026","2026/05/14 14:56:44"
"D:\MYF\SPH\GeoDualSPHysics_v5.2\examples\u-pw\01_1D_Consolidation\experiments\ExternalLoad_L3b_MechanicalTopLoad\figures\l3b_bottom_excess_vs_analytical.svg","l3b_bottom_excess_vs_analytical.svg",".svg","41644","2026/05/14 14:56:44"
"D:\MYF\SPH\GeoDualSPHysics_v5.2\examples\u-pw\01_1D_Consolidation\experiments\ExternalLoad_L3b_MechanicalTopLoad\figures\l3b_boundary_checks.png","l3b_boundary_checks.png",".png","54395","2026/05/14 14:56:44"
"D:\MYF\SPH\GeoDualSPHysics_v5.2\examples\u-pw\01_1D_Consolidation\experiments\ExternalLoad_L3b_MechanicalTopLoad\figures\l3b_boundary_checks.svg","l3b_boundary_checks.svg",".svg","36460","2026/05/14 14:56:44"
"D:\MYF\SPH\GeoDualSPHysics_v5.2\examples\u-pw\01_1D_Consolidation\experiments\ExternalLoad_L3b_MechanicalTopLoad\figures\l3b_excess_profiles_vs_analytical.png","l3b_excess_profiles_vs_analytical.png",".png","83844","2026/05/14 14:56:44"
"D:\MYF\SPH\GeoDualSPHysics_v5.2\examples\u-pw\01_1D_Consolidation\experiments\ExternalLoad_L3b_MechanicalTopLoad\figures\l3b_excess_profiles_vs_analytical.svg","l3b_excess_profiles_vs_analytical.svg",".svg","694679","2026/05/14 14:56:44"
"D:\MYF\SPH\GeoDualSPHysics_v5.2\examples\u-pw\01_1D_Consolidation\experiments\ExternalLoad_L3b_MechanicalTopLoad\figures\l3b_l2_l3a_l3b_pressure_comparison.png","l3b_l2_l3a_l3b_pressure_comparison.png",".png","52601","2026/05/14 14:56:45"
"D:\MYF\SPH\GeoDualSPHysics_v5.2\examples\u-pw\01_1D_Consolidation\experiments\ExternalLoad_L3b_MechanicalTopLoad\figures\l3b_l2_l3a_l3b_pressure_comparison.svg","l3b_l2_l3a_l3b_pressure_comparison.svg",".svg","32628","2026/05/14 14:56:45"
"D:\MYF\SPH\GeoDualSPHysics_v5.2\examples\u-pw\01_1D_Consolidation\experiments\ExternalLoad_L3b_MechanicalTopLoad\figures\l3b_velocity_divvel_diagnostics.png","l3b_velocity_divvel_diagnostics.png",".png","45255","2026/05/14 14:56:45"
"D:\MYF\SPH\GeoDualSPHysics_v5.2\examples\u-pw\01_1D_Consolidation\experiments\ExternalLoad_L3b_MechanicalTopLoad\figures\l3b_velocity_divvel_diagnostics.svg","l3b_velocity_divvel_diagnostics.svg",".svg","35267","2026/05/14 14:56:44"
"D:\MYF\SPH\GeoDualSPHysics_v5.2\examples\u-pw\01_1D_Consolidation\experiments\ExternalLoad_L3b_MechanicalTopLoad\l3b_analytical_profile_metrics.csv","l3b_analytical_profile_metrics.csv",".csv","453","2026/05/14 14:56:44"
"D:\MYF\SPH\GeoDualSPHysics_v5.2\examples\u-pw\01_1D_Consolidation\experiments\ExternalLoad_L3b_MechanicalTopLoad\l3b_bottom_pressure_metrics.csv","l3b_bottom_pressure_metrics.csv",".csv","2617","2026/05/14 14:56:44"
"D:\MYF\SPH\GeoDualSPHysics_v5.2\examples\u-pw\01_1D_Consolidation\experiments\ExternalLoad_L3b_MechanicalTopLoad\l3b_boundary_metrics.csv","l3b_boundary_metrics.csv",".csv","863","2026/05/14 14:56:44"
"D:\MYF\SPH\GeoDualSPHysics_v5.2\examples\u-pw\01_1D_Consolidation\experiments\ExternalLoad_L3b_MechanicalTopLoad\l3b_case_summary.csv","l3b_case_summary.csv",".csv","762","2026/05/14 14:56:44"
"D:\MYF\SPH\GeoDualSPHysics_v5.2\examples\u-pw\01_1D_Consolidation\experiments\ExternalLoad_L3b_MechanicalTopLoad\l3b_l2_l3a_l3b_comparison.csv","l3b_l2_l3a_l3b_comparison.csv",".csv","372","2026/05/14 14:56:44"
"D:\MYF\SPH\GeoDualSPHysics_v5.2\examples\u-pw\01_1D_Consolidation\experiments\ExternalLoad_L3b_MechanicalTopLoad\l3b_top_load_diagnostics.csv","l3b_top_load_diagnostics.csv",".csv","4499","2026/05/14 14:56:44"
"D:\MYF\SPH\GeoDualSPHysics_v5.2\examples\u-pw\01_1D_Consolidation\experiments\ExternalLoad_L3b_MechanicalTopLoad\README.md","README.md",".md","1109","2026/05/14 15:00:19"
"D:\MYF\SPH\GeoDualSPHysics_v5.2\examples\u-pw\01_1D_Consolidation\experiments\ExternalLoad_L3b_MechanicalTopLoad\xCase1DConsolidation_PR_MechanicalTopLoad_L3b_win64_CPU_release.bat","xCase1DConsolidation_PR_MechanicalTopLoad_L3b_win64_CPU_release.bat",".bat","1496","2026/05/14 14:45:31"
"D:\MYF\SPH\GeoDualSPHysics_v5.2\examples\u-pw\01_1D_Consolidation\experiments\ExternalLoad_L3c_ConsistentInitialState\analyze_l3c_consistent_initial_state.py","analyze_l3c_consistent_initial_state.py",".py","30274","2026/05/14 15:14:07"
"D:\MYF\SPH\GeoDualSPHysics_v5.2\examples\u-pw\01_1D_Consolidation\experiments\ExternalLoad_L3c_ConsistentInitialState\Case1DConsolidation_PR_ConsistentInitialState_L3c_Def.xml","Case1DConsolidation_PR_ConsistentInitialState_L3c_Def.xml",".xml","12212","2026/05/14 15:11:30"
"D:\MYF\SPH\GeoDualSPHysics_v5.2\examples\u-pw\01_1D_Consolidation\experiments\ExternalLoad_L3c_ConsistentInitialState\figures\l3c_bottom_excess_vs_analytical.png","l3c_bottom_excess_vs_analytical.png",".png","68402","2026/05/14 15:22:19"
"D:\MYF\SPH\GeoDualSPHysics_v5.2\examples\u-pw\01_1D_Consolidation\experiments\ExternalLoad_L3c_ConsistentInitialState\figures\l3c_bottom_excess_vs_analytical.svg","l3c_bottom_excess_vs_analytical.svg",".svg","47988","2026/05/14 15:26:22"
"D:\MYF\SPH\GeoDualSPHysics_v5.2\examples\u-pw\01_1D_Consolidation\experiments\ExternalLoad_L3c_ConsistentInitialState\figures\l3c_bottom_pore_pressure_vs_analytical.png","l3c_bottom_pore_pressure_vs_analytical.png",".png","69444","2026/05/14 15:22:19"
"D:\MYF\SPH\GeoDualSPHysics_v5.2\examples\u-pw\01_1D_Consolidation\experiments\ExternalLoad_L3c_ConsistentInitialState\figures\l3c_bottom_pore_pressure_vs_analytical.svg","l3c_bottom_pore_pressure_vs_analytical.svg",".svg","48395","2026/05/14 15:26:22"
"D:\MYF\SPH\GeoDualSPHysics_v5.2\examples\u-pw\01_1D_Consolidation\experiments\ExternalLoad_L3c_ConsistentInitialState\figures\l3c_boundary_checks.png","l3c_boundary_checks.png",".png","64883","2026/05/14 15:22:19"
"D:\MYF\SPH\GeoDualSPHysics_v5.2\examples\u-pw\01_1D_Consolidation\experiments\ExternalLoad_L3c_ConsistentInitialState\figures\l3c_boundary_checks.svg","l3c_boundary_checks.svg",".svg","51449","2026/05/14 15:26:22"
"D:\MYF\SPH\GeoDualSPHysics_v5.2\examples\u-pw\01_1D_Consolidation\experiments\ExternalLoad_L3c_ConsistentInitialState\figures\l3c_cpu_gpu_comparison.png","l3c_cpu_gpu_comparison.png",".png","51752","2026/05/14 15:22:19"
"D:\MYF\SPH\GeoDualSPHysics_v5.2\examples\u-pw\01_1D_Consolidation\experiments\ExternalLoad_L3c_ConsistentInitialState\figures\l3c_cpu_gpu_comparison.svg","l3c_cpu_gpu_comparison.svg",".svg","37416","2026/05/14 15:26:22"
"D:\MYF\SPH\GeoDualSPHysics_v5.2\examples\u-pw\01_1D_Consolidation\experiments\ExternalLoad_L3c_ConsistentInitialState\figures\l3c_excess_profiles_vs_analytical.png","l3c_excess_profiles_vs_analytical.png",".png","87082","2026/05/14 15:22:18"
"D:\MYF\SPH\GeoDualSPHysics_v5.2\examples\u-pw\01_1D_Consolidation\experiments\ExternalLoad_L3c_ConsistentInitialState\figures\l3c_excess_profiles_vs_analytical.svg","l3c_excess_profiles_vs_analytical.svg",".svg","471959","2026/05/14 15:26:22"
"D:\MYF\SPH\GeoDualSPHysics_v5.2\examples\u-pw\01_1D_Consolidation\experiments\ExternalLoad_L3c_ConsistentInitialState\figures\l3c_initial_excess_profile.png","l3c_initial_excess_profile.png",".png","37893","2026/05/14 15:22:20"
"D:\MYF\SPH\GeoDualSPHysics_v5.2\examples\u-pw\01_1D_Consolidation\experiments\ExternalLoad_L3c_ConsistentInitialState\figures\l3c_initial_excess_profile.svg","l3c_initial_excess_profile.svg",".svg","245520","2026/05/14 15:26:22"
"D:\MYF\SPH\GeoDualSPHysics_v5.2\examples\u-pw\01_1D_Consolidation\experiments\ExternalLoad_L3c_ConsistentInitialState\figures\l3c_l2_bottom_comparison.png","l3c_l2_bottom_comparison.png",".png","66164","2026/05/14 15:22:19"
"D:\MYF\SPH\GeoDualSPHysics_v5.2\examples\u-pw\01_1D_Consolidation\experiments\ExternalLoad_L3c_ConsistentInitialState\figures\l3c_l2_bottom_comparison.svg","l3c_l2_bottom_comparison.svg",".svg","42303","2026/05/14 15:26:22"
"D:\MYF\SPH\GeoDualSPHysics_v5.2\examples\u-pw\01_1D_Consolidation\experiments\ExternalLoad_L3c_ConsistentInitialState\figures\l3c_l3a_l3b_l2_pressure_comparison.png","l3c_l3a_l3b_l2_pressure_comparison.png",".png","70335","2026/05/14 15:22:20"
"D:\MYF\SPH\GeoDualSPHysics_v5.2\examples\u-pw\01_1D_Consolidation\experiments\ExternalLoad_L3c_ConsistentInitialState\figures\l3c_l3a_l3b_l2_pressure_comparison.svg","l3c_l3a_l3b_l2_pressure_comparison.svg",".svg","39777","2026/05/14 15:26:22"
"D:\MYF\SPH\GeoDualSPHysics_v5.2\examples\u-pw\01_1D_Consolidation\experiments\ExternalLoad_L3c_ConsistentInitialState\figures\l3c_pore_pressure_profiles.png","l3c_pore_pressure_profiles.png",".png","98415","2026/05/14 15:22:19"
"D:\MYF\SPH\GeoDualSPHysics_v5.2\examples\u-pw\01_1D_Consolidation\experiments\ExternalLoad_L3c_ConsistentInitialState\figures\l3c_pore_pressure_profiles.svg","l3c_pore_pressure_profiles.svg",".svg","474213","2026/05/14 15:26:22"
"D:\MYF\SPH\GeoDualSPHysics_v5.2\examples\u-pw\01_1D_Consolidation\experiments\ExternalLoad_L3c_ConsistentInitialState\figures\l3c_relative_error_time.png","l3c_relative_error_time.png",".png","54658","2026/05/14 15:22:19"
"D:\MYF\SPH\GeoDualSPHysics_v5.2\examples\u-pw\01_1D_Consolidation\experiments\ExternalLoad_L3c_ConsistentInitialState\figures\l3c_relative_error_time.svg","l3c_relative_error_time.svg",".svg","49410","2026/05/14 15:26:22"
"D:\MYF\SPH\GeoDualSPHysics_v5.2\examples\u-pw\01_1D_Consolidation\experiments\ExternalLoad_L3c_ConsistentInitialState\figures\l3c_velocity_max_time.png","l3c_velocity_max_time.png",".png","33368","2026/05/14 15:22:20"
"D:\MYF\SPH\GeoDualSPHysics_v5.2\examples\u-pw\01_1D_Consolidation\experiments\ExternalLoad_L3c_ConsistentInitialState\figures\l3c_velocity_max_time.svg","l3c_velocity_max_time.svg",".svg","35753","2026/05/14 15:26:22"
"D:\MYF\SPH\GeoDualSPHysics_v5.2\examples\u-pw\01_1D_Consolidation\experiments\ExternalLoad_L3c_ConsistentInitialState\l3c_analytical_profile_metrics.csv","l3c_analytical_profile_metrics.csv",".csv","1086","2026/05/14 15:22:18"
"D:\MYF\SPH\GeoDualSPHysics_v5.2\examples\u-pw\01_1D_Consolidation\experiments\ExternalLoad_L3c_ConsistentInitialState\l3c_analytical_profiles.csv","l3c_analytical_profiles.csv",".csv","1211964","2026/05/14 15:22:18"
"D:\MYF\SPH\GeoDualSPHysics_v5.2\examples\u-pw\01_1D_Consolidation\experiments\ExternalLoad_L3c_ConsistentInitialState\l3c_bottom_pressure_metrics.csv","l3c_bottom_pressure_metrics.csv",".csv","9929","2026/05/14 15:22:18"
"D:\MYF\SPH\GeoDualSPHysics_v5.2\examples\u-pw\01_1D_Consolidation\experiments\ExternalLoad_L3c_ConsistentInitialState\l3c_boundary_metrics.csv","l3c_boundary_metrics.csv",".csv","3920","2026/05/14 15:22:18"
"D:\MYF\SPH\GeoDualSPHysics_v5.2\examples\u-pw\01_1D_Consolidation\experiments\ExternalLoad_L3c_ConsistentInitialState\l3c_case_summary.csv","l3c_case_summary.csv",".csv","1253","2026/05/14 15:22:18"
"D:\MYF\SPH\GeoDualSPHysics_v5.2\examples\u-pw\01_1D_Consolidation\experiments\ExternalLoad_L3c_ConsistentInitialState\l3c_initial_state_metrics.csv","l3c_initial_state_metrics.csv",".csv","744","2026/05/14 15:22:18"
"D:\MYF\SPH\GeoDualSPHysics_v5.2\examples\u-pw\01_1D_Consolidation\experiments\ExternalLoad_L3c_ConsistentInitialState\l3c_l3a_l3b_comparison.csv","l3c_l3a_l3b_comparison.csv",".csv","724","2026/05/14 15:22:18"
"D:\MYF\SPH\GeoDualSPHysics_v5.2\examples\u-pw\01_1D_Consolidation\experiments\ExternalLoad_L3c_ConsistentInitialState\l3c_stress_state_metrics.csv","l3c_stress_state_metrics.csv",".csv","3178","2026/05/14 15:22:18"
"D:\MYF\SPH\GeoDualSPHysics_v5.2\examples\u-pw\01_1D_Consolidation\experiments\ExternalLoad_L3c_ConsistentInitialState\README.md","README.md",".md","996","2026/05/14 15:24:11"
"D:\MYF\SPH\GeoDualSPHysics_v5.2\examples\u-pw\01_1D_Consolidation\experiments\ExternalLoad_L3c_ConsistentInitialState\xCase1DConsolidation_PR_ConsistentInitialState_L3c_win64_CPU_release.bat","xCase1DConsolidation_PR_ConsistentInitialState_L3c_win64_CPU_release.bat",".bat","1501","2026/05/14 15:11:36"
"D:\MYF\SPH\GeoDualSPHysics_v5.2\examples\u-pw\01_1D_Consolidation\experiments\ExternalLoad_L3c_ConsistentInitialState\xCase1DConsolidation_PR_ConsistentInitialState_L3c_win64_GPU_release.bat","xCase1DConsolidation_PR_ConsistentInitialState_L3c_win64_GPU_release.bat",".bat","1502","2026/05/14 15:11:39"
"D:\MYF\SPH\GeoDualSPHysics_v5.2\examples\u-pw\01_1D_Consolidation\experiments\ExternalLoad_L4_GPU_LongRun\analyze_l4_1d_consolidation_long.py","analyze_l4_1d_consolidation_long.py",".py","37503","2026/05/14 16:23:56"
"D:\MYF\SPH\GeoDualSPHysics_v5.2\examples\u-pw\01_1D_Consolidation\experiments\ExternalLoad_L4_GPU_LongRun\Case1DConsolidation_PR_ExternalLoad_L4_GPU_Long_Def.xml","Case1DConsolidation_PR_ExternalLoad_L4_GPU_Long_Def.xml",".xml","12278","2026/05/14 16:17:20"
"D:\MYF\SPH\GeoDualSPHysics_v5.2\examples\u-pw\01_1D_Consolidation\experiments\ExternalLoad_L4_GPU_LongRun\figures\l4_bottom_excess_vs_analytical.png","l4_bottom_excess_vs_analytical.png",".png","57454","2026/05/14 16:24:06"
"D:\MYF\SPH\GeoDualSPHysics_v5.2\examples\u-pw\01_1D_Consolidation\experiments\ExternalLoad_L4_GPU_LongRun\figures\l4_bottom_excess_vs_analytical.svg","l4_bottom_excess_vs_analytical.svg",".svg","43343","2026/05/14 16:24:06"
"D:\MYF\SPH\GeoDualSPHysics_v5.2\examples\u-pw\01_1D_Consolidation\experiments\ExternalLoad_L4_GPU_LongRun\figures\l4_bottom_pore_pressure_vs_analytical.png","l4_bottom_pore_pressure_vs_analytical.png",".png","58590","2026/05/14 16:24:06"
"D:\MYF\SPH\GeoDualSPHysics_v5.2\examples\u-pw\01_1D_Consolidation\experiments\ExternalLoad_L4_GPU_LongRun\figures\l4_bottom_pore_pressure_vs_analytical.svg","l4_bottom_pore_pressure_vs_analytical.svg",".svg","43290","2026/05/14 16:24:06"
"D:\MYF\SPH\GeoDualSPHysics_v5.2\examples\u-pw\01_1D_Consolidation\experiments\ExternalLoad_L4_GPU_LongRun\figures\l4_boundary_checks.png","l4_boundary_checks.png",".png","56300","2026/05/14 16:24:06"
"D:\MYF\SPH\GeoDualSPHysics_v5.2\examples\u-pw\01_1D_Consolidation\experiments\ExternalLoad_L4_GPU_LongRun\figures\l4_boundary_checks.svg","l4_boundary_checks.svg",".svg","44641","2026/05/14 16:24:06"
"D:\MYF\SPH\GeoDualSPHysics_v5.2\examples\u-pw\01_1D_Consolidation\experiments\ExternalLoad_L4_GPU_LongRun\figures\l4_cpu_gpu_comparison.png","l4_cpu_gpu_comparison.png",".png","42808","2026/05/14 16:24:06"
"D:\MYF\SPH\GeoDualSPHysics_v5.2\examples\u-pw\01_1D_Consolidation\experiments\ExternalLoad_L4_GPU_LongRun\figures\l4_cpu_gpu_comparison.svg","l4_cpu_gpu_comparison.svg",".svg","33558","2026/05/14 16:24:06"
"D:\MYF\SPH\GeoDualSPHysics_v5.2\examples\u-pw\01_1D_Consolidation\experiments\ExternalLoad_L4_GPU_LongRun\figures\l4_excess_profiles_vs_analytical.png","l4_excess_profiles_vs_analytical.png",".png","115444","2026/05/14 16:24:05"
"D:\MYF\SPH\GeoDualSPHysics_v5.2\examples\u-pw\01_1D_Consolidation\experiments\ExternalLoad_L4_GPU_LongRun\figures\l4_excess_profiles_vs_analytical.svg","l4_excess_profiles_vs_analytical.svg",".svg","693213","2026/05/14 16:24:05"
"D:\MYF\SPH\GeoDualSPHysics_v5.2\examples\u-pw\01_1D_Consolidation\experiments\ExternalLoad_L4_GPU_LongRun\figures\l4_initial_excess_profile.png","l4_initial_excess_profile.png",".png","35348","2026/05/14 16:24:07"
"D:\MYF\SPH\GeoDualSPHysics_v5.2\examples\u-pw\01_1D_Consolidation\experiments\ExternalLoad_L4_GPU_LongRun\figures\l4_initial_excess_profile.svg","l4_initial_excess_profile.svg",".svg","136592","2026/05/14 16:24:07"
"D:\MYF\SPH\GeoDualSPHysics_v5.2\examples\u-pw\01_1D_Consolidation\experiments\ExternalLoad_L4_GPU_LongRun\figures\l4_l2_bottom_comparison.png","l4_l2_bottom_comparison.png",".png","55133","2026/05/14 16:24:07"
"D:\MYF\SPH\GeoDualSPHysics_v5.2\examples\u-pw\01_1D_Consolidation\experiments\ExternalLoad_L4_GPU_LongRun\figures\l4_l2_bottom_comparison.svg","l4_l2_bottom_comparison.svg",".svg","38340","2026/05/14 16:24:06"
"D:\MYF\SPH\GeoDualSPHysics_v5.2\examples\u-pw\01_1D_Consolidation\experiments\ExternalLoad_L4_GPU_LongRun\figures\l4_l3a_l3b_l2_pressure_comparison.png","l4_l3a_l3b_l2_pressure_comparison.png",".png","67345","2026/05/14 16:24:07"
"D:\MYF\SPH\GeoDualSPHysics_v5.2\examples\u-pw\01_1D_Consolidation\experiments\ExternalLoad_L4_GPU_LongRun\figures\l4_l3a_l3b_l2_pressure_comparison.svg","l4_l3a_l3b_l2_pressure_comparison.svg",".svg","37567","2026/05/14 16:24:07"
"D:\MYF\SPH\GeoDualSPHysics_v5.2\examples\u-pw\01_1D_Consolidation\experiments\ExternalLoad_L4_GPU_LongRun\figures\l4_level1_vs_level2_schematic.png","l4_level1_vs_level2_schematic.png",".png","30455","2026/05/14 16:24:06"
"D:\MYF\SPH\GeoDualSPHysics_v5.2\examples\u-pw\01_1D_Consolidation\experiments\ExternalLoad_L4_GPU_LongRun\figures\l4_level1_vs_level2_schematic.svg","l4_level1_vs_level2_schematic.svg",".svg","24523","2026/05/14 16:24:06"
"D:\MYF\SPH\GeoDualSPHysics_v5.2\examples\u-pw\01_1D_Consolidation\experiments\ExternalLoad_L4_GPU_LongRun\figures\l4_pore_pressure_profiles.png","l4_pore_pressure_profiles.png",".png","127329","2026/05/14 16:24:06"
"D:\MYF\SPH\GeoDualSPHysics_v5.2\examples\u-pw\01_1D_Consolidation\experiments\ExternalLoad_L4_GPU_LongRun\figures\l4_pore_pressure_profiles.svg","l4_pore_pressure_profiles.svg",".svg","696757","2026/05/14 16:24:05"
"D:\MYF\SPH\GeoDualSPHysics_v5.2\examples\u-pw\01_1D_Consolidation\experiments\ExternalLoad_L4_GPU_LongRun\figures\l4_relative_error_time.png","l4_relative_error_time.png",".png","46246","2026/05/14 16:24:06"
"D:\MYF\SPH\GeoDualSPHysics_v5.2\examples\u-pw\01_1D_Consolidation\experiments\ExternalLoad_L4_GPU_LongRun\figures\l4_relative_error_time.svg","l4_relative_error_time.svg",".svg","39836","2026/05/14 16:24:06"
"D:\MYF\SPH\GeoDualSPHysics_v5.2\examples\u-pw\01_1D_Consolidation\experiments\ExternalLoad_L4_GPU_LongRun\figures\l4_rmse_vs_tv.png","l4_rmse_vs_tv.png",".png","40531","2026/05/14 16:24:06"
"D:\MYF\SPH\GeoDualSPHysics_v5.2\examples\u-pw\01_1D_Consolidation\experiments\ExternalLoad_L4_GPU_LongRun\figures\l4_rmse_vs_tv.svg","l4_rmse_vs_tv.svg",".svg","30709","2026/05/14 16:24:06"
"D:\MYF\SPH\GeoDualSPHysics_v5.2\examples\u-pw\01_1D_Consolidation\experiments\ExternalLoad_L4_GPU_LongRun\figures\l4_velocity_max_time.png","l4_velocity_max_time.png",".png","29304","2026/05/14 16:24:07"
"D:\MYF\SPH\GeoDualSPHysics_v5.2\examples\u-pw\01_1D_Consolidation\experiments\ExternalLoad_L4_GPU_LongRun\figures\l4_velocity_max_time.svg","l4_velocity_max_time.svg",".svg","32794","2026/05/14 16:24:07"
"D:\MYF\SPH\GeoDualSPHysics_v5.2\examples\u-pw\01_1D_Consolidation\experiments\ExternalLoad_L4_GPU_LongRun\figures\l4_volume_mean_excess_decay.png","l4_volume_mean_excess_decay.png",".png","44040","2026/05/14 16:24:06"
"D:\MYF\SPH\GeoDualSPHysics_v5.2\examples\u-pw\01_1D_Consolidation\experiments\ExternalLoad_L4_GPU_LongRun\figures\l4_volume_mean_excess_decay.svg","l4_volume_mean_excess_decay.svg",".svg","33718","2026/05/14 16:24:06"
"D:\MYF\SPH\GeoDualSPHysics_v5.2\examples\u-pw\01_1D_Consolidation\experiments\ExternalLoad_L4_GPU_LongRun\l4_analytical_profiles.csv","l4_analytical_profiles.csv",".csv","917693","2026/05/14 16:24:05"
"D:\MYF\SPH\GeoDualSPHysics_v5.2\examples\u-pw\01_1D_Consolidation\experiments\ExternalLoad_L4_GPU_LongRun\l4_bottom_pressure_metrics.csv","l4_bottom_pressure_metrics.csv",".csv","5095","2026/05/14 16:24:05"
"D:\MYF\SPH\GeoDualSPHysics_v5.2\examples\u-pw\01_1D_Consolidation\experiments\ExternalLoad_L4_GPU_LongRun\l4_boundary_metrics.csv","l4_boundary_metrics.csv",".csv","2079","2026/05/14 16:24:05"
"D:\MYF\SPH\GeoDualSPHysics_v5.2\examples\u-pw\01_1D_Consolidation\experiments\ExternalLoad_L4_GPU_LongRun\l4_case_summary.csv","l4_case_summary.csv",".csv","1041","2026/05/14 16:24:05"
"D:\MYF\SPH\GeoDualSPHysics_v5.2\examples\u-pw\01_1D_Consolidation\experiments\ExternalLoad_L4_GPU_LongRun\l4_cpu_gpu_parity_metrics.csv","l4_cpu_gpu_parity_metrics.csv",".csv","363","2026/05/14 16:24:05"
"D:\MYF\SPH\GeoDualSPHysics_v5.2\examples\u-pw\01_1D_Consolidation\experiments\ExternalLoad_L4_GPU_LongRun\l4_error_over_time.csv","l4_error_over_time.csv",".csv","2326","2026/05/14 16:24:05"
"D:\MYF\SPH\GeoDualSPHysics_v5.2\examples\u-pw\01_1D_Consolidation\experiments\ExternalLoad_L4_GPU_LongRun\l4_initial_state_metrics.csv","l4_initial_state_metrics.csv",".csv","574","2026/05/14 16:24:05"
"D:\MYF\SPH\GeoDualSPHysics_v5.2\examples\u-pw\01_1D_Consolidation\experiments\ExternalLoad_L4_GPU_LongRun\l4_l3a_l3b_comparison.csv","l4_l3a_l3b_comparison.csv",".csv","582","2026/05/14 16:24:05"
"D:\MYF\SPH\GeoDualSPHysics_v5.2\examples\u-pw\01_1D_Consolidation\experiments\ExternalLoad_L4_GPU_LongRun\l4_profile_metrics.csv","l4_profile_metrics.csv",".csv","846","2026/05/14 16:24:05"
"D:\MYF\SPH\GeoDualSPHysics_v5.2\examples\u-pw\01_1D_Consolidation\experiments\ExternalLoad_L4_GPU_LongRun\l4_stress_state_metrics.csv","l4_stress_state_metrics.csv",".csv","1706","2026/05/14 16:24:05"
"D:\MYF\SPH\GeoDualSPHysics_v5.2\examples\u-pw\01_1D_Consolidation\experiments\ExternalLoad_L4_GPU_LongRun\l4_tv_mapping.csv","l4_tv_mapping.csv",".csv","2791","2026/05/14 16:24:05"
"D:\MYF\SPH\GeoDualSPHysics_v5.2\examples\u-pw\01_1D_Consolidation\experiments\ExternalLoad_L4_GPU_LongRun\README.md","README.md",".md","938","2026/05/14 16:17:21"
"D:\MYF\SPH\GeoDualSPHysics_v5.2\examples\u-pw\01_1D_Consolidation\experiments\ExternalLoad_L4_GPU_LongRun\run_l4_gpu_long.py","run_l4_gpu_long.py",".py","1634","2026/05/14 16:17:20"
"D:\MYF\SPH\GeoDualSPHysics_v5.2\examples\u-pw\01_1D_Consolidation\experiments\ExternalLoad_L4_GPU_LongRun\xCase1DConsolidation_PR_ExternalLoad_L4_CPU_win64_CPU_release.bat","xCase1DConsolidation_PR_ExternalLoad_L4_CPU_win64_CPU_release.bat",".bat","1499","2026/05/14 16:15:49"
"D:\MYF\SPH\GeoDualSPHysics_v5.2\examples\u-pw\01_1D_Consolidation\experiments\ExternalLoad_L4_GPU_LongRun\xCase1DConsolidation_PR_ExternalLoad_L4_GPU_win64_GPU_release.bat","xCase1DConsolidation_PR_ExternalLoad_L4_GPU_win64_GPU_release.bat",".bat","1500","2026/05/14 16:15:49"
"D:\MYF\SPH\GeoDualSPHysics_v5.2\examples\u-pw\01_1D_Consolidation\experiments\ExternalLoad_L5_FeedbackOnGate\analyze_l5_feedback_on_1d_consolidation.py","analyze_l5_feedback_on_1d_consolidation.py",".py","16856","2026/05/14 17:34:16"
"D:\MYF\SPH\GeoDualSPHysics_v5.2\examples\u-pw\01_1D_Consolidation\experiments\ExternalLoad_L5_FeedbackOnGate\Case1DConsolidation_PR_FeedbackOn_L5_LowAmp_Def.xml","Case1DConsolidation_PR_FeedbackOn_L5_LowAmp_Def.xml",".xml","12573","2026/05/14 17:31:33"
"D:\MYF\SPH\GeoDualSPHysics_v5.2\examples\u-pw\01_1D_Consolidation\experiments\ExternalLoad_L5_FeedbackOnGate\Case1DConsolidation_PR_FeedbackOn_L5_TargetAmp_Def.xml","Case1DConsolidation_PR_FeedbackOn_L5_TargetAmp_Def.xml",".xml","12561","2026/05/14 17:31:33"
"D:\MYF\SPH\GeoDualSPHysics_v5.2\examples\u-pw\01_1D_Consolidation\experiments\ExternalLoad_L5_FeedbackOnGate\figures\l5_analytical_bottom_excess.png","l5_analytical_bottom_excess.png",".png","37463","2026/05/14 17:55:54"
"D:\MYF\SPH\GeoDualSPHysics_v5.2\examples\u-pw\01_1D_Consolidation\experiments\ExternalLoad_L5_FeedbackOnGate\figures\l5_analytical_bottom_excess.svg","l5_analytical_bottom_excess.svg",".svg","35544","2026/05/14 17:55:54"
"D:\MYF\SPH\GeoDualSPHysics_v5.2\examples\u-pw\01_1D_Consolidation\experiments\ExternalLoad_L5_FeedbackOnGate\figures\l5_bottom_excess.png","l5_bottom_excess.png",".png","79558","2026/05/14 17:55:54"
"D:\MYF\SPH\GeoDualSPHysics_v5.2\examples\u-pw\01_1D_Consolidation\experiments\ExternalLoad_L5_FeedbackOnGate\figures\l5_bottom_excess.svg","l5_bottom_excess.svg",".svg","34642","2026/05/14 17:55:54"
"D:\MYF\SPH\GeoDualSPHysics_v5.2\examples\u-pw\01_1D_Consolidation\experiments\ExternalLoad_L5_FeedbackOnGate\figures\l5_bottom_noflux.png","l5_bottom_noflux.png",".png","69320","2026/05/14 17:55:54"
"D:\MYF\SPH\GeoDualSPHysics_v5.2\examples\u-pw\01_1D_Consolidation\experiments\ExternalLoad_L5_FeedbackOnGate\figures\l5_bottom_noflux.svg","l5_bottom_noflux.svg",".svg","35693","2026/05/14 17:55:55"
"D:\MYF\SPH\GeoDualSPHysics_v5.2\examples\u-pw\01_1D_Consolidation\experiments\ExternalLoad_L5_FeedbackOnGate\figures\l5_divvel.png","l5_divvel.png",".png","76762","2026/05/14 17:55:55"
"D:\MYF\SPH\GeoDualSPHysics_v5.2\examples\u-pw\01_1D_Consolidation\experiments\ExternalLoad_L5_FeedbackOnGate\figures\l5_divvel.svg","l5_divvel.svg",".svg","34920","2026/05/14 17:55:55"
"D:\MYF\SPH\GeoDualSPHysics_v5.2\examples\u-pw\01_1D_Consolidation\experiments\ExternalLoad_L5_FeedbackOnGate\figures\l5_excess_profiles_vs_terzaghi.png","l5_excess_profiles_vs_terzaghi.png",".png","116247","2026/05/14 17:55:55"
"D:\MYF\SPH\GeoDualSPHysics_v5.2\examples\u-pw\01_1D_Consolidation\experiments\ExternalLoad_L5_FeedbackOnGate\figures\l5_excess_profiles_vs_terzaghi.svg","l5_excess_profiles_vs_terzaghi.svg",".svg","68245","2026/05/14 17:55:55"
"D:\MYF\SPH\GeoDualSPHysics_v5.2\examples\u-pw\01_1D_Consolidation\experiments\ExternalLoad_L5_FeedbackOnGate\figures\l5_feedback_accel.png","l5_feedback_accel.png",".png","50188","2026/05/14 17:55:55"
"D:\MYF\SPH\GeoDualSPHysics_v5.2\examples\u-pw\01_1D_Consolidation\experiments\ExternalLoad_L5_FeedbackOnGate\figures\l5_feedback_accel.svg","l5_feedback_accel.svg",".svg","34936","2026/05/14 17:55:55"
"D:\MYF\SPH\GeoDualSPHysics_v5.2\examples\u-pw\01_1D_Consolidation\experiments\ExternalLoad_L5_FeedbackOnGate\figures\l5_peak_excess_comparison.png","l5_peak_excess_comparison.png",".png","35071","2026/05/14 17:55:55"
"D:\MYF\SPH\GeoDualSPHysics_v5.2\examples\u-pw\01_1D_Consolidation\experiments\ExternalLoad_L5_FeedbackOnGate\figures\l5_peak_excess_comparison.svg","l5_peak_excess_comparison.svg",".svg","24315","2026/05/14 17:55:55"
"D:\MYF\SPH\GeoDualSPHysics_v5.2\examples\u-pw\01_1D_Consolidation\experiments\ExternalLoad_L5_FeedbackOnGate\figures\l5_porepressrate.png","l5_porepressrate.png",".png","44269","2026/05/14 17:55:55"
"D:\MYF\SPH\GeoDualSPHysics_v5.2\examples\u-pw\01_1D_Consolidation\experiments\ExternalLoad_L5_FeedbackOnGate\figures\l5_porepressrate.svg","l5_porepressrate.svg",".svg","34058","2026/05/14 17:55:55"
"D:\MYF\SPH\GeoDualSPHysics_v5.2\examples\u-pw\01_1D_Consolidation\experiments\ExternalLoad_L5_FeedbackOnGate\figures\l5_top_residual.png","l5_top_residual.png",".png","47288","2026/05/14 17:55:54"
"D:\MYF\SPH\GeoDualSPHysics_v5.2\examples\u-pw\01_1D_Consolidation\experiments\ExternalLoad_L5_FeedbackOnGate\figures\l5_top_residual.svg","l5_top_residual.svg",".svg","34780","2026/05/14 17:55:54"
"D:\MYF\SPH\GeoDualSPHysics_v5.2\examples\u-pw\01_1D_Consolidation\experiments\ExternalLoad_L5_FeedbackOnGate\figures\l5_velocity_max.png","l5_velocity_max.png",".png","82569","2026/05/14 17:55:55"
"D:\MYF\SPH\GeoDualSPHysics_v5.2\examples\u-pw\01_1D_Consolidation\experiments\ExternalLoad_L5_FeedbackOnGate\figures\l5_velocity_max.svg","l5_velocity_max.svg",".svg","34228","2026/05/14 17:55:55"
"D:\MYF\SPH\GeoDualSPHysics_v5.2\examples\u-pw\01_1D_Consolidation\experiments\ExternalLoad_L5_FeedbackOnGate\figures\l5_volume_mean_excess.png","l5_volume_mean_excess.png",".png","80051","2026/05/14 17:55:54"
"D:\MYF\SPH\GeoDualSPHysics_v5.2\examples\u-pw\01_1D_Consolidation\experiments\ExternalLoad_L5_FeedbackOnGate\figures\l5_volume_mean_excess.svg","l5_volume_mean_excess.svg",".svg","37539","2026/05/14 17:55:54"
"D:\MYF\SPH\GeoDualSPHysics_v5.2\examples\u-pw\01_1D_Consolidation\experiments\ExternalLoad_L5_FeedbackOnGate\l5_analytical_profiles.csv","l5_analytical_profiles.csv",".csv","694187","2026/05/14 17:55:54"
"D:\MYF\SPH\GeoDualSPHysics_v5.2\examples\u-pw\01_1D_Consolidation\experiments\ExternalLoad_L5_FeedbackOnGate\l5_boundary_metrics.csv","l5_boundary_metrics.csv",".csv","3219","2026/05/14 17:55:54"
"D:\MYF\SPH\GeoDualSPHysics_v5.2\examples\u-pw\01_1D_Consolidation\experiments\ExternalLoad_L5_FeedbackOnGate\l5_case_summary.csv","l5_case_summary.csv",".csv","945","2026/05/14 17:55:54"
"D:\MYF\SPH\GeoDualSPHysics_v5.2\examples\u-pw\01_1D_Consolidation\experiments\ExternalLoad_L5_FeedbackOnGate\l5_cpu_gpu_parity.csv","l5_cpu_gpu_parity.csv",".csv","622","2026/05/14 17:55:54"
"D:\MYF\SPH\GeoDualSPHysics_v5.2\examples\u-pw\01_1D_Consolidation\experiments\ExternalLoad_L5_FeedbackOnGate\l5_feedback_diagnostics.csv","l5_feedback_diagnostics.csv",".csv","3323","2026/05/14 17:55:54"
"D:\MYF\SPH\GeoDualSPHysics_v5.2\examples\u-pw\01_1D_Consolidation\experiments\ExternalLoad_L5_FeedbackOnGate\l5_l3c_comparison.csv","l5_l3c_comparison.csv",".csv","194","2026/05/14 17:55:54"
"D:\MYF\SPH\GeoDualSPHysics_v5.2\examples\u-pw\01_1D_Consolidation\experiments\ExternalLoad_L5_FeedbackOnGate\l5_pressure_metrics.csv","l5_pressure_metrics.csv",".csv","10033","2026/05/14 17:55:54"
"D:\MYF\SPH\GeoDualSPHysics_v5.2\examples\u-pw\01_1D_Consolidation\experiments\ExternalLoad_L5_FeedbackOnGate\l5_stability_metrics.csv","l5_stability_metrics.csv",".csv","4507","2026/05/14 17:55:54"
"D:\MYF\SPH\GeoDualSPHysics_v5.2\examples\u-pw\01_1D_Consolidation\experiments\ExternalLoad_L5_FeedbackOnGate\README.md","README.md",".md","844","2026/05/14 17:32:26"
"D:\MYF\SPH\GeoDualSPHysics_v5.2\examples\u-pw\01_1D_Consolidation\experiments\ExternalLoad_L5_FeedbackOnGate\run_l5_feedback_on.py","run_l5_feedback_on.py",".py","1839","2026/05/14 17:32:26"
"D:\MYF\SPH\GeoDualSPHysics_v5.2\examples\u-pw\01_1D_Consolidation\experiments\ExternalLoad_L5_FeedbackOnGate\xCase1DConsolidation_PR_FeedbackOn_L5_LowAmp_win64_CPU_release.bat","xCase1DConsolidation_PR_FeedbackOn_L5_LowAmp_win64_CPU_release.bat",".bat","506","2026/05/14 17:32:26"
"D:\MYF\SPH\GeoDualSPHysics_v5.2\examples\u-pw\01_1D_Consolidation\experiments\ExternalLoad_L5_FeedbackOnGate\xCase1DConsolidation_PR_FeedbackOn_L5_TargetAmp_win64_CPU_release.bat","xCase1DConsolidation_PR_FeedbackOn_L5_TargetAmp_win64_CPU_release.bat",".bat","509","2026/05/14 17:32:26"
"D:\MYF\SPH\GeoDualSPHysics_v5.2\examples\u-pw\01_1D_Consolidation\experiments\ExternalLoad_L5_FeedbackOnGate\xCase1DConsolidation_PR_FeedbackOn_L5_TargetAmp_win64_GPU_release.bat","xCase1DConsolidation_PR_FeedbackOn_L5_TargetAmp_win64_GPU_release.bat",".bat","510","2026/05/14 17:32:26"
"D:\MYF\SPH\GeoDualSPHysics_v5.2\examples\u-pw\01_1D_Consolidation\experiments\FeedbackOperatorDiagnostics\Case1DConsolidation_PR_Phase4h_A_TotalHydro_Def.xml","Case1DConsolidation_PR_Phase4h_A_TotalHydro_Def.xml",".xml","10164","2026/05/08 0:36:18"
"D:\MYF\SPH\GeoDualSPHysics_v5.2\examples\u-pw\01_1D_Consolidation\experiments\FeedbackOperatorDiagnostics\Case1DConsolidation_PR_Phase4h_B_ExcessHydro_Def.xml","Case1DConsolidation_PR_Phase4h_B_ExcessHydro_Def.xml",".xml","10164","2026/05/08 0:36:18"
"D:\MYF\SPH\GeoDualSPHysics_v5.2\examples\u-pw\01_1D_Consolidation\experiments\FeedbackOperatorDiagnostics\Case1DConsolidation_PR_Phase4h_C_ExcessUniform_Def.xml","Case1DConsolidation_PR_Phase4h_C_ExcessUniform_Def.xml",".xml","10168","2026/05/08 0:36:18"
"D:\MYF\SPH\GeoDualSPHysics_v5.2\examples\u-pw\01_1D_Consolidation\experiments\FeedbackOperatorDiagnostics\Case1DConsolidation_PR_Phase4h_D_ExcessUniformTopDrained_Def.xml","Case1DConsolidation_PR_Phase4h_D_ExcessUniformTopDrained_Def.xml",".xml","10168","2026/05/08 0:36:18"
"D:\MYF\SPH\GeoDualSPHysics_v5.2\examples\u-pw\01_1D_Consolidation\experiments\FeedbackOperatorDiagnostics\Case1DConsolidation_PR_Phase4i_D_Profile2_Def.xml","Case1DConsolidation_PR_Phase4i_D_Profile2_Def.xml",".xml","10169","2026/05/08 0:51:01"
"D:\MYF\SPH\GeoDualSPHysics_v5.2\examples\u-pw\01_1D_Consolidation\experiments\FeedbackOperatorDiagnostics\Case1DConsolidation_PR_Phase4k_A_SymUniform_Def.xml","Case1DConsolidation_PR_Phase4k_A_SymUniform_Def.xml",".xml","10236","2026/05/08 1:18:15"
"D:\MYF\SPH\GeoDualSPHysics_v5.2\examples\u-pw\01_1D_Consolidation\experiments\FeedbackOperatorDiagnostics\Case1DConsolidation_PR_Phase4k_B_DiffUniform_Def.xml","Case1DConsolidation_PR_Phase4k_B_DiffUniform_Def.xml",".xml","10236","2026/05/08 1:18:15"
"D:\MYF\SPH\GeoDualSPHysics_v5.2\examples\u-pw\01_1D_Consolidation\experiments\GPU_G1_PorePress\Case1DConsolidation_PR_GPU_G1_PorePress_Def.xml","Case1DConsolidation_PR_GPU_G1_PorePress_Def.xml",".xml","11009","2026/05/11 3:08:44"
"D:\MYF\SPH\GeoDualSPHysics_v5.2\examples\u-pw\01_1D_Consolidation\experiments\GPU_G1_PorePress\gpu_g1_smoke_summary.csv","gpu_g1_smoke_summary.csv",".csv","256","2026/05/11 3:20:28"
"D:\MYF\SPH\GeoDualSPHysics_v5.2\examples\u-pw\01_1D_Consolidation\experiments\GPU_G1_PorePress\xCase1DConsolidation_PR_GPU_G1_PorePress_win64_GPU_debug.bat","xCase1DConsolidation_PR_GPU_G1_PorePress_win64_GPU_debug.bat",".bat","600","2026/05/11 3:09:04"
"D:\MYF\SPH\GeoDualSPHysics_v5.2\examples\u-pw\01_1D_Consolidation\experiments\GPU_G2_PRDiagnostics\analyze_gpu_g2.py","analyze_gpu_g2.py",".py","4269","2026/05/11 3:44:12"
"D:\MYF\SPH\GeoDualSPHysics_v5.2\examples\u-pw\01_1D_Consolidation\experiments\GPU_G2_PRDiagnostics\Case1DConsolidation_PR_GPU_G2_Analytical_Def.xml","Case1DConsolidation_PR_GPU_G2_Analytical_Def.xml",".xml","10999","2026/05/11 3:46:39"
"D:\MYF\SPH\GeoDualSPHysics_v5.2\examples\u-pw\01_1D_Consolidation\experiments\GPU_G2_PRDiagnostics\Case1DConsolidation_PR_GPU_G2_Hydro_Def.xml","Case1DConsolidation_PR_GPU_G2_Hydro_Def.xml",".xml","10969","2026/05/11 3:44:33"
"D:\MYF\SPH\GeoDualSPHysics_v5.2\examples\u-pw\01_1D_Consolidation\experiments\GPU_G2_PRDiagnostics\gpu_g2_smoke_summary.csv","gpu_g2_smoke_summary.csv",".csv","2045","2026/05/11 3:47:15"
"D:\MYF\SPH\GeoDualSPHysics_v5.2\examples\u-pw\01_1D_Consolidation\experiments\GPU_G2_PRDiagnostics\xCase1DConsolidation_PR_GPU_G2_Analytical_win64_GPU_debug.bat","xCase1DConsolidation_PR_GPU_G2_Analytical_win64_GPU_debug.bat",".bat","601","2026/05/11 3:38:00"
"D:\MYF\SPH\GeoDualSPHysics_v5.2\examples\u-pw\01_1D_Consolidation\experiments\GPU_G2_PRDiagnostics\xCase1DConsolidation_PR_GPU_G2_Hydro_win64_GPU_debug.bat","xCase1DConsolidation_PR_GPU_G2_Hydro_win64_GPU_debug.bat",".bat","596","2026/05/11 3:37:55"
"D:\MYF\SPH\GeoDualSPHysics_v5.2\examples\u-pw\01_1D_Consolidation\experiments\GPU_G3_PorePressUpdate\analyze_gpu_g3.py","analyze_gpu_g3.py",".py","6613","2026/05/11 4:04:42"
"D:\MYF\SPH\GeoDualSPHysics_v5.2\examples\u-pw\01_1D_Consolidation\experiments\GPU_G3_PorePressUpdate\Case1DConsolidation_PR_GPU_G3_Analytical_Def.xml","Case1DConsolidation_PR_GPU_G3_Analytical_Def.xml",".xml","11011","2026/05/11 4:02:07"
"D:\MYF\SPH\GeoDualSPHysics_v5.2\examples\u-pw\01_1D_Consolidation\experiments\GPU_G3_PorePressUpdate\Case1DConsolidation_PR_GPU_G3_Hydro_Def.xml","Case1DConsolidation_PR_GPU_G3_Hydro_Def.xml",".xml","10974","2026/05/11 4:01:55"
"D:\MYF\SPH\GeoDualSPHysics_v5.2\examples\u-pw\01_1D_Consolidation\experiments\GPU_G3_PorePressUpdate\gpu_g3_smoke_summary.csv","gpu_g3_smoke_summary.csv",".csv","2990","2026/05/11 4:04:49"
"D:\MYF\SPH\GeoDualSPHysics_v5.2\examples\u-pw\01_1D_Consolidation\experiments\GPU_G3_PorePressUpdate\xCase1DConsolidation_PR_GPU_G3_Analytical_win64_GPU_debug.bat","xCase1DConsolidation_PR_GPU_G3_Analytical_win64_GPU_debug.bat",".bat","601","2026/05/11 4:02:18"
"D:\MYF\SPH\GeoDualSPHysics_v5.2\examples\u-pw\01_1D_Consolidation\experiments\GPU_G3_PorePressUpdate\xCase1DConsolidation_PR_GPU_G3_Hydro_win64_GPU_debug.bat","xCase1DConsolidation_PR_GPU_G3_Hydro_win64_GPU_debug.bat",".bat","596","2026/05/11 4:02:13"
"D:\MYF\SPH\GeoDualSPHysics_v5.2\examples\u-pw\01_1D_Consolidation\experiments\GPU_G4_PressureOnlyParity\analyze_gpu_g4.py","analyze_gpu_g4.py",".py","6169","2026/05/11 4:26:03"
"D:\MYF\SPH\GeoDualSPHysics_v5.2\examples\u-pw\01_1D_Consolidation\experiments\GPU_G4_PressureOnlyParity\Case1DConsolidation_PR_GPU_G4_Diffusion_Def.xml","Case1DConsolidation_PR_GPU_G4_Diffusion_Def.xml",".xml","10963","2026/05/11 4:25:53"
"D:\MYF\SPH\GeoDualSPHysics_v5.2\examples\u-pw\01_1D_Consolidation\experiments\GPU_G4_PressureOnlyParity\Case1DConsolidation_PR_GPU_G4_StaticBoundary_Def.xml","Case1DConsolidation_PR_GPU_G4_StaticBoundary_Def.xml",".xml","11012","2026/05/11 4:23:58"
"D:\MYF\SPH\GeoDualSPHysics_v5.2\examples\u-pw\01_1D_Consolidation\experiments\GPU_G4_PressureOnlyParity\gpu_g4_smoke_summary.csv","gpu_g4_smoke_summary.csv",".csv","3557","2026/05/11 4:26:19"
"D:\MYF\SPH\GeoDualSPHysics_v5.2\examples\u-pw\01_1D_Consolidation\experiments\GPU_G4_PressureOnlyParity\xCase1DConsolidation_PR_GPU_G4_Diffusion_win64_GPU_debug.bat","xCase1DConsolidation_PR_GPU_G4_Diffusion_win64_GPU_debug.bat",".bat","600","2026/05/11 4:24:21"
"D:\MYF\SPH\GeoDualSPHysics_v5.2\examples\u-pw\01_1D_Consolidation\experiments\GPU_G4_PressureOnlyParity\xCase1DConsolidation_PR_GPU_G4_StaticBoundary_win64_GPU_debug.bat","xCase1DConsolidation_PR_GPU_G4_StaticBoundary_win64_GPU_debug.bat",".bat","605","2026/05/11 4:24:21"
"D:\MYF\SPH\GeoDualSPHysics_v5.2\examples\u-pw\01_1D_Consolidation\experiments\GPU_G5_Feedback\analyze_gpu_g5.py","analyze_gpu_g5.py",".py","6083","2026/05/11 5:01:38"
"D:\MYF\SPH\GeoDualSPHysics_v5.2\examples\u-pw\01_1D_Consolidation\experiments\GPU_G5_Feedback\Case1DConsolidation_PR_GPU_G5_Hydro_Def.xml","Case1DConsolidation_PR_GPU_G5_Hydro_Def.xml",".xml","11206","2026/05/11 4:43:31"
"D:\MYF\SPH\GeoDualSPHysics_v5.2\examples\u-pw\01_1D_Consolidation\experiments\GPU_G5_Feedback\Case1DConsolidation_PR_GPU_G5_NonUniform_Def.xml","Case1DConsolidation_PR_GPU_G5_NonUniform_Def.xml",".xml","11224","2026/05/11 4:43:31"
"D:\MYF\SPH\GeoDualSPHysics_v5.2\examples\u-pw\01_1D_Consolidation\experiments\GPU_G5_Feedback\Case1DConsolidation_PR_GPU_G5_Uniform_Def.xml","Case1DConsolidation_PR_GPU_G5_Uniform_Def.xml",".xml","11256","2026/05/11 4:43:31"
"D:\MYF\SPH\GeoDualSPHysics_v5.2\examples\u-pw\01_1D_Consolidation\experiments\GPU_G5_Feedback\gpu_g5_smoke_summary.csv","gpu_g5_smoke_summary.csv",".csv","4175","2026/05/11 5:01:51"
"D:\MYF\SPH\GeoDualSPHysics_v5.2\examples\u-pw\01_1D_Consolidation\experiments\GPU_G5_Feedback\xCase1DConsolidation_PR_GPU_G5_Hydro_win64_GPU_debug.bat","xCase1DConsolidation_PR_GPU_G5_Hydro_win64_GPU_debug.bat",".bat","596","2026/05/11 4:42:43"
"D:\MYF\SPH\GeoDualSPHysics_v5.2\examples\u-pw\01_1D_Consolidation\experiments\GPU_G5_Feedback\xCase1DConsolidation_PR_GPU_G5_NonUniform_win64_GPU_debug.bat","xCase1DConsolidation_PR_GPU_G5_NonUniform_win64_GPU_debug.bat",".bat","601","2026/05/11 4:42:43"
"D:\MYF\SPH\GeoDualSPHysics_v5.2\examples\u-pw\01_1D_Consolidation\experiments\GPU_G5_Feedback\xCase1DConsolidation_PR_GPU_G5_Uniform_win64_GPU_debug.bat","xCase1DConsolidation_PR_GPU_G5_Uniform_win64_GPU_debug.bat",".bat","598","2026/05/11 4:42:43"
"D:\MYF\SPH\GeoDualSPHysics_v5.2\examples\u-pw\01_1D_Consolidation\experiments\GPU_G6_Stabilization\analyze_gpu_g6.py","analyze_gpu_g6.py",".py","7781","2026/05/11 10:21:13"
"D:\MYF\SPH\GeoDualSPHysics_v5.2\examples\u-pw\01_1D_Consolidation\experiments\GPU_G6_Stabilization\Case1DConsolidation_PR_GPU_G6_CoupledShort_Def.xml","Case1DConsolidation_PR_GPU_G6_CoupledShort_Def.xml",".xml","11897","2026/05/11 10:20:20"
"D:\MYF\SPH\GeoDualSPHysics_v5.2\examples\u-pw\01_1D_Consolidation\experiments\GPU_G6_Stabilization\Case1DConsolidation_PR_GPU_G6_DampingOff_Def.xml","Case1DConsolidation_PR_GPU_G6_DampingOff_Def.xml",".xml","11433","2026/05/11 10:20:20"
"D:\MYF\SPH\GeoDualSPHysics_v5.2\examples\u-pw\01_1D_Consolidation\experiments\GPU_G6_Stabilization\Case1DConsolidation_PR_GPU_G6_DampingOn_Def.xml","Case1DConsolidation_PR_GPU_G6_DampingOn_Def.xml",".xml","11968","2026/05/11 10:20:20"
"D:\MYF\SPH\GeoDualSPHysics_v5.2\examples\u-pw\01_1D_Consolidation\experiments\GPU_G6_Stabilization\Case1DConsolidation_PR_GPU_G6_ShepardAnalytical_Def.xml","Case1DConsolidation_PR_GPU_G6_ShepardAnalytical_Def.xml",".xml","11410","2026/05/11 10:20:20"
"D:\MYF\SPH\GeoDualSPHysics_v5.2\examples\u-pw\01_1D_Consolidation\experiments\GPU_G6_Stabilization\Case1DConsolidation_PR_GPU_G6_ShepardHydro_Def.xml","Case1DConsolidation_PR_GPU_G6_ShepardHydro_Def.xml",".xml","11663","2026/05/11 10:20:20"
"D:\MYF\SPH\GeoDualSPHysics_v5.2\examples\u-pw\01_1D_Consolidation\experiments\GPU_G6_Stabilization\gpu_g6_smoke_summary.csv","gpu_g6_smoke_summary.csv",".csv","8319","2026/05/11 10:23:37"
"D:\MYF\SPH\GeoDualSPHysics_v5.2\examples\u-pw\01_1D_Consolidation\experiments\GPU_G6_Stabilization\xCase1DConsolidation_PR_GPU_G6_CoupledShort_win64_GPU_debug.bat","xCase1DConsolidation_PR_GPU_G6_CoupledShort_win64_GPU_debug.bat",".bat","604","2026/05/11 10:19:44"
"D:\MYF\SPH\GeoDualSPHysics_v5.2\examples\u-pw\01_1D_Consolidation\experiments\GPU_G6_Stabilization\xCase1DConsolidation_PR_GPU_G6_DampingOff_win64_GPU_debug.bat","xCase1DConsolidation_PR_GPU_G6_DampingOff_win64_GPU_debug.bat",".bat","602","2026/05/11 10:19:44"
"D:\MYF\SPH\GeoDualSPHysics_v5.2\examples\u-pw\01_1D_Consolidation\experiments\GPU_G6_Stabilization\xCase1DConsolidation_PR_GPU_G6_DampingOn_win64_GPU_debug.bat","xCase1DConsolidation_PR_GPU_G6_DampingOn_win64_GPU_debug.bat",".bat","601","2026/05/11 10:19:44"
"D:\MYF\SPH\GeoDualSPHysics_v5.2\examples\u-pw\01_1D_Consolidation\experiments\GPU_G6_Stabilization\xCase1DConsolidation_PR_GPU_G6_ShepardAnalytical_win64_GPU_debug.bat","xCase1DConsolidation_PR_GPU_G6_ShepardAnalytical_win64_GPU_debug.bat",".bat","609","2026/05/11 10:19:44"
"D:\MYF\SPH\GeoDualSPHysics_v5.2\examples\u-pw\01_1D_Consolidation\experiments\GPU_G6_Stabilization\xCase1DConsolidation_PR_GPU_G6_ShepardHydro_win64_GPU_debug.bat","xCase1DConsolidation_PR_GPU_G6_ShepardHydro_win64_GPU_debug.bat",".bat","604","2026/05/11 10:19:44"
"D:\MYF\SPH\GeoDualSPHysics_v5.2\examples\u-pw\01_1D_Consolidation\experiments\L3e_ValidationPackage\build_l3e_validation_package.py","build_l3e_validation_package.py",".py","19363","2026/05/14 15:37:39"
"D:\MYF\SPH\GeoDualSPHysics_v5.2\examples\u-pw\01_1D_Consolidation\experiments\L3e_ValidationPackage\figures\l3e_bottom_excess_routes_vs_analytical.png","l3e_bottom_excess_routes_vs_analytical.png",".png","91505","2026/05/14 15:37:45"
"D:\MYF\SPH\GeoDualSPHysics_v5.2\examples\u-pw\01_1D_Consolidation\experiments\L3e_ValidationPackage\figures\l3e_bottom_excess_routes_vs_analytical.svg","l3e_bottom_excess_routes_vs_analytical.svg",".svg","55132","2026/05/14 15:39:41"
"D:\MYF\SPH\GeoDualSPHysics_v5.2\examples\u-pw\01_1D_Consolidation\experiments\L3e_ValidationPackage\figures\l3e_boundary_residual_comparison.png","l3e_boundary_residual_comparison.png",".png","31994","2026/05/14 15:37:46"
"D:\MYF\SPH\GeoDualSPHysics_v5.2\examples\u-pw\01_1D_Consolidation\experiments\L3e_ValidationPackage\figures\l3e_boundary_residual_comparison.svg","l3e_boundary_residual_comparison.svg",".svg","30401","2026/05/14 15:39:41"
"D:\MYF\SPH\GeoDualSPHysics_v5.2\examples\u-pw\01_1D_Consolidation\experiments\L3e_ValidationPackage\figures\l3e_cpu_gpu_parity.png","l3e_cpu_gpu_parity.png",".png","36658","2026/05/14 15:37:46"
"D:\MYF\SPH\GeoDualSPHysics_v5.2\examples\u-pw\01_1D_Consolidation\experiments\L3e_ValidationPackage\figures\l3e_cpu_gpu_parity.svg","l3e_cpu_gpu_parity.svg",".svg","33332","2026/05/14 15:39:41"
"D:\MYF\SPH\GeoDualSPHysics_v5.2\examples\u-pw\01_1D_Consolidation\experiments\L3e_ValidationPackage\figures\l3e_error_peak_comparison.png","l3e_error_peak_comparison.png",".png","33799","2026/05/14 15:37:46"
"D:\MYF\SPH\GeoDualSPHysics_v5.2\examples\u-pw\01_1D_Consolidation\experiments\L3e_ValidationPackage\figures\l3e_error_peak_comparison.svg","l3e_error_peak_comparison.svg",".svg","29391","2026/05/14 15:39:41"
"D:\MYF\SPH\GeoDualSPHysics_v5.2\examples\u-pw\01_1D_Consolidation\experiments\L3e_ValidationPackage\figures\l3e_l3c_profiles_vs_analytical.png","l3e_l3c_profiles_vs_analytical.png",".png","84774","2026/05/14 15:37:45"
"D:\MYF\SPH\GeoDualSPHysics_v5.2\examples\u-pw\01_1D_Consolidation\experiments\L3e_ValidationPackage\figures\l3e_l3c_profiles_vs_analytical.svg","l3e_l3c_profiles_vs_analytical.svg",".svg","472420","2026/05/14 15:39:41"
"D:\MYF\SPH\GeoDualSPHysics_v5.2\examples\u-pw\01_1D_Consolidation\experiments\L3e_ValidationPackage\figures\l3e_loading_route_schematic.png","l3e_loading_route_schematic.png",".png","51199","2026/05/14 15:37:46"
"D:\MYF\SPH\GeoDualSPHysics_v5.2\examples\u-pw\01_1D_Consolidation\experiments\L3e_ValidationPackage\figures\l3e_loading_route_schematic.svg","l3e_loading_route_schematic.svg",".svg","48511","2026/05/14 15:39:41"
"D:\MYF\SPH\GeoDualSPHysics_v5.2\examples\u-pw\01_1D_Consolidation\experiments\L3e_ValidationPackage\figures\l3e_velocity_diagnostics.png","l3e_velocity_diagnostics.png",".png","62587","2026/05/14 15:37:46"
"D:\MYF\SPH\GeoDualSPHysics_v5.2\examples\u-pw\01_1D_Consolidation\experiments\L3e_ValidationPackage\figures\l3e_velocity_diagnostics.svg","l3e_velocity_diagnostics.svg",".svg","43628","2026/05/14 15:39:41"
"D:\MYF\SPH\GeoDualSPHysics_v5.2\examples\u-pw\01_1D_Consolidation\experiments\L3e_ValidationPackage\l3e_analytical_error_comparison.csv","l3e_analytical_error_comparison.csv",".csv","1325","2026/05/14 15:37:45"
"D:\MYF\SPH\GeoDualSPHysics_v5.2\examples\u-pw\01_1D_Consolidation\experiments\L3e_ValidationPackage\l3e_boundary_metrics_comparison.csv","l3e_boundary_metrics_comparison.csv",".csv","867","2026/05/14 15:37:45"
"D:\MYF\SPH\GeoDualSPHysics_v5.2\examples\u-pw\01_1D_Consolidation\experiments\L3e_ValidationPackage\l3e_case_inventory.csv","l3e_case_inventory.csv",".csv","1019","2026/05/14 15:37:45"
"D:\MYF\SPH\GeoDualSPHysics_v5.2\examples\u-pw\01_1D_Consolidation\experiments\L3e_ValidationPackage\l3e_cpu_gpu_comparison.csv","l3e_cpu_gpu_comparison.csv",".csv","765","2026/05/14 15:37:45"
"D:\MYF\SPH\GeoDualSPHysics_v5.2\examples\u-pw\01_1D_Consolidation\experiments\L3e_ValidationPackage\l3e_loading_route_comparison.csv","l3e_loading_route_comparison.csv",".csv","1057","2026/05/14 15:37:45"
"D:\MYF\SPH\GeoDualSPHysics_v5.2\examples\u-pw\01_1D_Consolidation\experiments\L3e_ValidationPackage\l3e_summary_metrics.csv","l3e_summary_metrics.csv",".csv","2189","2026/05/14 15:37:45"
"D:\MYF\SPH\GeoDualSPHysics_v5.2\examples\u-pw\01_1D_Consolidation\experiments\L3e_ValidationPackage\README.md","README.md",".md","780","2026/05/14 15:38:57"
"D:\MYF\SPH\GeoDualSPHysics_v5.2\examples\u-pw\01_1D_Consolidation\experiments\RampSensitivity\Case1DConsolidation_PR_Phase4l_Loadm100_Def.xml","Case1DConsolidation_PR_Phase4l_Loadm100_Def.xml",".xml","10544","2026/05/08 1:44:26"
"D:\MYF\SPH\GeoDualSPHysics_v5.2\examples\u-pw\01_1D_Consolidation\experiments\RampSensitivity\Case1DConsolidation_PR_Phase4l_Loadm1000_Def.xml","Case1DConsolidation_PR_Phase4l_Loadm1000_Def.xml",".xml","10545","2026/05/08 1:52:15"
"D:\MYF\SPH\GeoDualSPHysics_v5.2\examples\u-pw\01_1D_Consolidation\experiments\RampSensitivity\Case1DConsolidation_PR_Phase4l_Loadm10000_Def.xml","Case1DConsolidation_PR_Phase4l_Loadm10000_Def.xml",".xml","10546","2026/05/08 2:04:18"
"D:\MYF\SPH\GeoDualSPHysics_v5.2\examples\u-pw\01_1D_Consolidation\experiments\RampSensitivity\Case1DConsolidation_PR_Phase4l_Loadm2000_Def.xml","Case1DConsolidation_PR_Phase4l_Loadm2000_Def.xml",".xml","10545","2026/05/08 1:56:03"
"D:\MYF\SPH\GeoDualSPHysics_v5.2\examples\u-pw\01_1D_Consolidation\experiments\RampSensitivity\Case1DConsolidation_PR_Phase4l_Loadm500_Def.xml","Case1DConsolidation_PR_Phase4l_Loadm500_Def.xml",".xml","10544","2026/05/08 1:48:23"
"D:\MYF\SPH\GeoDualSPHysics_v5.2\examples\u-pw\01_1D_Consolidation\experiments\RampSensitivity\Case1DConsolidation_PR_Phase4l_Loadm5000_Def.xml","Case1DConsolidation_PR_Phase4l_Loadm5000_Def.xml",".xml","10545","2026/05/08 1:59:36"
"D:\MYF\SPH\GeoDualSPHysics_v5.2\examples\u-pw\01_1D_Consolidation\experiments\RampSensitivity\Case1DConsolidation_PR_Phase4l_Ramp005_Def.xml","Case1DConsolidation_PR_Phase4l_Ramp005_Def.xml",".xml","10549","2026/05/08 1:30:41"
"D:\MYF\SPH\GeoDualSPHysics_v5.2\examples\u-pw\01_1D_Consolidation\experiments\RampSensitivity\Case1DConsolidation_PR_Phase4l_Ramp010_Def.xml","Case1DConsolidation_PR_Phase4l_Ramp010_Def.xml",".xml","10549","2026/05/08 1:33:31"
"D:\MYF\SPH\GeoDualSPHysics_v5.2\examples\u-pw\01_1D_Consolidation\experiments\RampSensitivity\Case1DConsolidation_PR_Phase4l_Ramp020_Def.xml","Case1DConsolidation_PR_Phase4l_Ramp020_Def.xml",".xml","10549","2026/05/08 1:36:27"
"D:\MYF\SPH\GeoDualSPHysics_v5.2\examples\u-pw\01_1D_Consolidation\experiments\Scenario2Sensitivity\Case1DConsolidation_PR_SelfWeight_Scenario2_Def.xml","Case1DConsolidation_PR_SelfWeight_Scenario2_Def.xml",".xml","12377","2026/05/08 19:07:11"
"D:\MYF\SPH\GeoDualSPHysics_v5.2\examples\u-pw\01_1D_Consolidation\experiments\Scenario2Sensitivity\Case1DConsolidation_PR_SelfWeight_Scenario2_T0p02_Def.xml","Case1DConsolidation_PR_SelfWeight_Scenario2_T0p02_Def.xml",".xml","12380","2026/05/08 19:15:00"
"D:\MYF\SPH\GeoDualSPHysics_v5.2\examples\u-pw\01_1D_Consolidation\experiments\Scenario2Sensitivity\SW3b_sensitivity_runs\Case1DConsolidation_PR_SW3B_Xi0p03_S10_dual.log","Case1DConsolidation_PR_SW3B_Xi0p03_S10_dual.log",".log","31740","2026/05/08 19:57:36"
"D:\MYF\SPH\GeoDualSPHysics_v5.2\examples\u-pw\01_1D_Consolidation\experiments\Scenario2Sensitivity\SW3b_sensitivity_runs\Case1DConsolidation_PR_SW3B_Xi0p03_S10_gencase.log","Case1DConsolidation_PR_SW3B_Xi0p03_S10_gencase.log",".log","12054","2026/05/08 19:39:44"
"D:\MYF\SPH\GeoDualSPHysics_v5.2\examples\u-pw\01_1D_Consolidation\experiments\Scenario2Sensitivity\SW3b_sensitivity_runs\Case1DConsolidation_PR_SW3B_Xi0p03_S20_dual.log","Case1DConsolidation_PR_SW3B_Xi0p03_S20_dual.log",".log","31736","2026/05/08 20:17:18"
"D:\MYF\SPH\GeoDualSPHysics_v5.2\examples\u-pw\01_1D_Consolidation\experiments\Scenario2Sensitivity\SW3b_sensitivity_runs\Case1DConsolidation_PR_SW3B_Xi0p03_S20_gencase.log","Case1DConsolidation_PR_SW3B_Xi0p03_S20_gencase.log",".log","12054","2026/05/08 19:57:36"
"D:\MYF\SPH\GeoDualSPHysics_v5.2\examples\u-pw\01_1D_Consolidation\experiments\Scenario2Sensitivity\SW3b_sensitivity_runs\Case1DConsolidation_PR_SW3B_Xi0p03_S40_dual.log","Case1DConsolidation_PR_SW3B_Xi0p03_S40_dual.log",".log","31738","2026/05/08 20:38:47"
"D:\MYF\SPH\GeoDualSPHysics_v5.2\examples\u-pw\01_1D_Consolidation\experiments\Scenario2Sensitivity\SW3b_sensitivity_runs\Case1DConsolidation_PR_SW3B_Xi0p03_S40_gencase.log","Case1DConsolidation_PR_SW3B_Xi0p03_S40_gencase.log",".log","12054","2026/05/08 20:17:18"
"D:\MYF\SPH\GeoDualSPHysics_v5.2\examples\u-pw\01_1D_Consolidation\experiments\Scenario2Sensitivity\SW3b_sensitivity_runs\Case1DConsolidation_PR_SW3B_Xi0p05_S10_dual.log","Case1DConsolidation_PR_SW3B_Xi0p05_S10_dual.log",".log","31742","2026/05/08 21:02:20"
"D:\MYF\SPH\GeoDualSPHysics_v5.2\examples\u-pw\01_1D_Consolidation\experiments\Scenario2Sensitivity\SW3b_sensitivity_runs\Case1DConsolidation_PR_SW3B_Xi0p05_S10_gencase.log","Case1DConsolidation_PR_SW3B_Xi0p05_S10_gencase.log",".log","12054","2026/05/08 20:38:47"
"D:\MYF\SPH\GeoDualSPHysics_v5.2\examples\u-pw\01_1D_Consolidation\experiments\Scenario2Sensitivity\SW3b_sensitivity_runs\Case1DConsolidation_PR_SW3B_Xi0p05_S20_dual.log","Case1DConsolidation_PR_SW3B_Xi0p05_S20_dual.log",".log","31738","2026/05/08 21:20:26"
"D:\MYF\SPH\GeoDualSPHysics_v5.2\examples\u-pw\01_1D_Consolidation\experiments\Scenario2Sensitivity\SW3b_sensitivity_runs\Case1DConsolidation_PR_SW3B_Xi0p05_S20_gencase.log","Case1DConsolidation_PR_SW3B_Xi0p05_S20_gencase.log",".log","12054","2026/05/08 21:02:20"
"D:\MYF\SPH\GeoDualSPHysics_v5.2\examples\u-pw\01_1D_Consolidation\experiments\Scenario2Sensitivity\SW3b_sensitivity_runs\Case1DConsolidation_PR_SW3B_Xi0p05_S40_dual.log","Case1DConsolidation_PR_SW3B_Xi0p05_S40_dual.log",".log","31736","2026/05/08 21:38:31"
"D:\MYF\SPH\GeoDualSPHysics_v5.2\examples\u-pw\01_1D_Consolidation\experiments\Scenario2Sensitivity\SW3b_sensitivity_runs\Case1DConsolidation_PR_SW3B_Xi0p05_S40_gencase.log","Case1DConsolidation_PR_SW3B_Xi0p05_S40_gencase.log",".log","12054","2026/05/08 21:20:27"
"D:\MYF\SPH\GeoDualSPHysics_v5.2\examples\u-pw\01_1D_Consolidation\experiments\Scenario2Sensitivity\SW3b_sensitivity_runs\Case1DConsolidation_PR_SW3B_Xi0p08_S10_dual.log","Case1DConsolidation_PR_SW3B_Xi0p08_S10_dual.log",".log","31730","2026/05/08 21:57:17"
"D:\MYF\SPH\GeoDualSPHysics_v5.2\examples\u-pw\01_1D_Consolidation\experiments\Scenario2Sensitivity\SW3b_sensitivity_runs\Case1DConsolidation_PR_SW3B_Xi0p08_S10_gencase.log","Case1DConsolidation_PR_SW3B_Xi0p08_S10_gencase.log",".log","12054","2026/05/08 21:38:32"
"D:\MYF\SPH\GeoDualSPHysics_v5.2\examples\u-pw\01_1D_Consolidation\experiments\Scenario2Sensitivity\SW3b_sensitivity_runs\Case1DConsolidation_PR_SW3B_Xi0p08_S20_dual.log","Case1DConsolidation_PR_SW3B_Xi0p08_S20_dual.log",".log","31734","2026/05/08 22:22:59"
"D:\MYF\SPH\GeoDualSPHysics_v5.2\examples\u-pw\01_1D_Consolidation\experiments\Scenario2Sensitivity\SW3b_sensitivity_runs\Case1DConsolidation_PR_SW3B_Xi0p08_S20_gencase.log","Case1DConsolidation_PR_SW3B_Xi0p08_S20_gencase.log",".log","12054","2026/05/08 21:57:17"
"D:\MYF\SPH\GeoDualSPHysics_v5.2\examples\u-pw\01_1D_Consolidation\experiments\Scenario2Sensitivity\SW3b_sensitivity_runs\Case1DConsolidation_PR_SW3B_Xi0p08_S40_dual.log","Case1DConsolidation_PR_SW3B_Xi0p08_S40_dual.log",".log","31732","2026/05/08 22:48:42"
"D:\MYF\SPH\GeoDualSPHysics_v5.2\examples\u-pw\01_1D_Consolidation\experiments\Scenario2Sensitivity\SW3b_sensitivity_runs\Case1DConsolidation_PR_SW3B_Xi0p08_S40_gencase.log","Case1DConsolidation_PR_SW3B_Xi0p08_S40_gencase.log",".log","12054","2026/05/08 22:22:59"
"D:\MYF\SPH\GeoDualSPHysics_v5.2\examples\u-pw\01_1D_Consolidation\experiments\Scenario2Sensitivity\SW3b_sensitivity_runs\Case1DConsolidation_PR_SW3B_Xi0p10_S10_dual.log","Case1DConsolidation_PR_SW3B_Xi0p10_S10_dual.log",".log","17024","2026/05/08 22:48:42"
"D:\MYF\SPH\GeoDualSPHysics_v5.2\examples\u-pw\01_1D_Consolidation\experiments\Scenario2Sensitivity\SW3b_sensitivity_runs\Case1DConsolidation_PR_SW3B_Xi0p10_S10_gencase.log","Case1DConsolidation_PR_SW3B_Xi0p10_S10_gencase.log",".log","12054","2026/05/08 22:48:42"
"D:\MYF\SPH\GeoDualSPHysics_v5.2\examples\u-pw\01_1D_Consolidation\experiments\Scenario2Sensitivity\SW3b_sensitivity_runs\Case1DConsolidation_PR_SW3B_Xi0p10_S20_dual.log","Case1DConsolidation_PR_SW3B_Xi0p10_S20_dual.log",".log","31730","2026/05/08 23:34:51"
"D:\MYF\SPH\GeoDualSPHysics_v5.2\examples\u-pw\01_1D_Consolidation\experiments\Scenario2Sensitivity\SW3b_sensitivity_runs\Case1DConsolidation_PR_SW3B_Xi0p10_S20_gencase.log","Case1DConsolidation_PR_SW3B_Xi0p10_S20_gencase.log",".log","12054","2026/05/08 23:16:43"
"D:\MYF\SPH\GeoDualSPHysics_v5.2\examples\u-pw\01_1D_Consolidation\experiments\Scenario2Sensitivity\SW3b_sensitivity_runs\Case1DConsolidation_PR_SW3B_Xi0p10_S40_dual.log","Case1DConsolidation_PR_SW3B_Xi0p10_S40_dual.log",".log","31732","2026/05/08 23:52:55"
"D:\MYF\SPH\GeoDualSPHysics_v5.2\examples\u-pw\01_1D_Consolidation\experiments\Scenario2Sensitivity\SW3b_sensitivity_runs\Case1DConsolidation_PR_SW3B_Xi0p10_S40_gencase.log","Case1DConsolidation_PR_SW3B_Xi0p10_S40_gencase.log",".log","12054","2026/05/08 23:34:51"
"D:\MYF\SPH\GeoDualSPHysics_v5.2\examples\u-pw\01_1D_Consolidation\experiments\Scenario2Sensitivity\SW3b_sensitivity_runs\run_status.csv","run_status.csv",".csv","668","2026/05/08 23:52:55"
"D:\MYF\SPH\GeoDualSPHysics_v5.2\examples\u-pw\01_1D_Consolidation\experiments\Scenario2Sensitivity\SW3b_sensitivity_runs\sw3b_case_summary.csv","sw3b_case_summary.csv",".csv","4997","2026/05/08 23:53:48"
"D:\MYF\SPH\GeoDualSPHysics_v5.2\examples\u-pw\01_1D_Consolidation\experiments\Scenario2Sensitivity\SW3b_sensitivity_runs\sw3b_frame_metrics.csv","sw3b_frame_metrics.csv",".csv","154044","2026/05/08 23:53:48"
"D:\MYF\SPH\GeoDualSPHysics_v5.2\examples\u-pw\01_1D_Consolidation\experiments\Scenario2Sensitivity\SW3b_sensitivity_runs\xml\Case1DConsolidation_PR_SW3B_Xi0p03_S10_Def.xml","Case1DConsolidation_PR_SW3B_Xi0p03_S10_Def.xml",".xml","12363","2026/05/08 19:39:44"
"D:\MYF\SPH\GeoDualSPHysics_v5.2\examples\u-pw\01_1D_Consolidation\experiments\Scenario2Sensitivity\SW3b_sensitivity_runs\xml\Case1DConsolidation_PR_SW3B_Xi0p03_S20_Def.xml","Case1DConsolidation_PR_SW3B_Xi0p03_S20_Def.xml",".xml","12363","2026/05/08 19:57:36"
"D:\MYF\SPH\GeoDualSPHysics_v5.2\examples\u-pw\01_1D_Consolidation\experiments\Scenario2Sensitivity\SW3b_sensitivity_runs\xml\Case1DConsolidation_PR_SW3B_Xi0p03_S40_Def.xml","Case1DConsolidation_PR_SW3B_Xi0p03_S40_Def.xml",".xml","12363","2026/05/08 20:17:18"
"D:\MYF\SPH\GeoDualSPHysics_v5.2\examples\u-pw\01_1D_Consolidation\experiments\Scenario2Sensitivity\SW3b_sensitivity_runs\xml\Case1DConsolidation_PR_SW3B_Xi0p05_S10_Def.xml","Case1DConsolidation_PR_SW3B_Xi0p05_S10_Def.xml",".xml","12363","2026/05/08 20:38:47"
"D:\MYF\SPH\GeoDualSPHysics_v5.2\examples\u-pw\01_1D_Consolidation\experiments\Scenario2Sensitivity\SW3b_sensitivity_runs\xml\Case1DConsolidation_PR_SW3B_Xi0p05_S20_Def.xml","Case1DConsolidation_PR_SW3B_Xi0p05_S20_Def.xml",".xml","12363","2026/05/08 21:02:20"
"D:\MYF\SPH\GeoDualSPHysics_v5.2\examples\u-pw\01_1D_Consolidation\experiments\Scenario2Sensitivity\SW3b_sensitivity_runs\xml\Case1DConsolidation_PR_SW3B_Xi0p05_S40_Def.xml","Case1DConsolidation_PR_SW3B_Xi0p05_S40_Def.xml",".xml","12363","2026/05/08 21:20:26"
"D:\MYF\SPH\GeoDualSPHysics_v5.2\examples\u-pw\01_1D_Consolidation\experiments\Scenario2Sensitivity\SW3b_sensitivity_runs\xml\Case1DConsolidation_PR_SW3B_Xi0p08_S10_Def.xml","Case1DConsolidation_PR_SW3B_Xi0p08_S10_Def.xml",".xml","12363","2026/05/08 21:38:32"
"D:\MYF\SPH\GeoDualSPHysics_v5.2\examples\u-pw\01_1D_Consolidation\experiments\Scenario2Sensitivity\SW3b_sensitivity_runs\xml\Case1DConsolidation_PR_SW3B_Xi0p08_S20_Def.xml","Case1DConsolidation_PR_SW3B_Xi0p08_S20_Def.xml",".xml","12363","2026/05/08 21:57:17"
"D:\MYF\SPH\GeoDualSPHysics_v5.2\examples\u-pw\01_1D_Consolidation\experiments\Scenario2Sensitivity\SW3b_sensitivity_runs\xml\Case1DConsolidation_PR_SW3B_Xi0p08_S40_Def.xml","Case1DConsolidation_PR_SW3B_Xi0p08_S40_Def.xml",".xml","12363","2026/05/08 22:22:59"
"D:\MYF\SPH\GeoDualSPHysics_v5.2\examples\u-pw\01_1D_Consolidation\experiments\Scenario2Sensitivity\SW3b_sensitivity_runs\xml\Case1DConsolidation_PR_SW3B_Xi0p10_S10_Def.xml","Case1DConsolidation_PR_SW3B_Xi0p10_S10_Def.xml",".xml","12363","2026/05/08 22:48:42"
"D:\MYF\SPH\GeoDualSPHysics_v5.2\examples\u-pw\01_1D_Consolidation\experiments\Scenario2Sensitivity\SW3b_sensitivity_runs\xml\Case1DConsolidation_PR_SW3B_Xi0p10_S20_Def.xml","Case1DConsolidation_PR_SW3B_Xi0p10_S20_Def.xml",".xml","12363","2026/05/08 23:16:43"
"D:\MYF\SPH\GeoDualSPHysics_v5.2\examples\u-pw\01_1D_Consolidation\experiments\Scenario2Sensitivity\SW3b_sensitivity_runs\xml\Case1DConsolidation_PR_SW3B_Xi0p10_S40_Def.xml","Case1DConsolidation_PR_SW3B_Xi0p10_S40_Def.xml",".xml","12363","2026/05/08 23:34:51"
"D:\MYF\SPH\GeoDualSPHysics_v5.2\examples\u-pw\01_1D_Consolidation\experiments\Scenario2Sensitivity\SW3c_extended_runs\Case1DConsolidation_PR_SW3C_Xi0p05_T0p05_dual.log","Case1DConsolidation_PR_SW3C_Xi0p05_T0p05_dual.log",".log","28700","2026/05/09 0:51:26"
"D:\MYF\SPH\GeoDualSPHysics_v5.2\examples\u-pw\01_1D_Consolidation\experiments\Scenario2Sensitivity\SW3c_extended_runs\Case1DConsolidation_PR_SW3C_Xi0p05_T0p05_gencase.log","Case1DConsolidation_PR_SW3C_Xi0p05_T0p05_gencase.log",".log","12082","2026/05/09 0:21:21"
"D:\MYF\SPH\GeoDualSPHysics_v5.2\examples\u-pw\01_1D_Consolidation\experiments\Scenario2Sensitivity\SW3c_extended_runs\Case1DConsolidation_PR_SW3C_Xi0p05_T0p10_dual.log","Case1DConsolidation_PR_SW3C_Xi0p05_T0p10_dual.log",".log","30298","2026/05/09 1:50:59"
"D:\MYF\SPH\GeoDualSPHysics_v5.2\examples\u-pw\01_1D_Consolidation\experiments\Scenario2Sensitivity\SW3c_extended_runs\Case1DConsolidation_PR_SW3C_Xi0p05_T0p10_gencase.log","Case1DConsolidation_PR_SW3C_Xi0p05_T0p10_gencase.log",".log","12082","2026/05/09 0:51:27"
"D:\MYF\SPH\GeoDualSPHysics_v5.2\examples\u-pw\01_1D_Consolidation\experiments\Scenario2Sensitivity\SW3c_extended_runs\Case1DConsolidation_PR_SW3C_Xi0p10_T0p05_dual.log","Case1DConsolidation_PR_SW3C_Xi0p10_T0p05_dual.log",".log","28694","2026/05/09 2:20:42"
"D:\MYF\SPH\GeoDualSPHysics_v5.2\examples\u-pw\01_1D_Consolidation\experiments\Scenario2Sensitivity\SW3c_extended_runs\Case1DConsolidation_PR_SW3C_Xi0p10_T0p05_gencase.log","Case1DConsolidation_PR_SW3C_Xi0p10_T0p05_gencase.log",".log","12082","2026/05/09 1:50:59"
"D:\MYF\SPH\GeoDualSPHysics_v5.2\examples\u-pw\01_1D_Consolidation\experiments\Scenario2Sensitivity\SW3c_extended_runs\Case1DConsolidation_PR_SW3C_Xi0p10_T0p10_dual.log","Case1DConsolidation_PR_SW3C_Xi0p10_T0p10_dual.log",".log","30292","2026/05/09 3:20:03"
"D:\MYF\SPH\GeoDualSPHysics_v5.2\examples\u-pw\01_1D_Consolidation\experiments\Scenario2Sensitivity\SW3c_extended_runs\Case1DConsolidation_PR_SW3C_Xi0p10_T0p10_gencase.log","Case1DConsolidation_PR_SW3C_Xi0p10_T0p10_gencase.log",".log","12082","2026/05/09 2:20:43"
"D:\MYF\SPH\GeoDualSPHysics_v5.2\examples\u-pw\01_1D_Consolidation\experiments\Scenario2Sensitivity\SW3c_extended_runs\run_status.csv","run_status.csv",".csv","267","2026/05/09 3:20:03"
"D:\MYF\SPH\GeoDualSPHysics_v5.2\examples\u-pw\01_1D_Consolidation\experiments\Scenario2Sensitivity\SW3c_extended_runs\sw3c_case_summary.csv","sw3c_case_summary.csv",".csv","2701","2026/05/09 3:20:51"
"D:\MYF\SPH\GeoDualSPHysics_v5.2\examples\u-pw\01_1D_Consolidation\experiments\Scenario2Sensitivity\SW3c_extended_runs\sw3c_frame_metrics.csv","sw3c_frame_metrics.csv",".csv","26693","2026/05/09 3:20:51"
"D:\MYF\SPH\GeoDualSPHysics_v5.2\examples\u-pw\01_1D_Consolidation\experiments\Scenario2Sensitivity\SW3c_extended_runs\xml\Case1DConsolidation_PR_SW3C_Xi0p05_T0p05_Def.xml","Case1DConsolidation_PR_SW3C_Xi0p05_T0p05_Def.xml",".xml","12349","2026/05/09 0:21:20"
"D:\MYF\SPH\GeoDualSPHysics_v5.2\examples\u-pw\01_1D_Consolidation\experiments\Scenario2Sensitivity\SW3c_extended_runs\xml\Case1DConsolidation_PR_SW3C_Xi0p05_T0p10_Def.xml","Case1DConsolidation_PR_SW3C_Xi0p05_T0p10_Def.xml",".xml","12349","2026/05/09 0:51:27"
"D:\MYF\SPH\GeoDualSPHysics_v5.2\examples\u-pw\01_1D_Consolidation\experiments\Scenario2Sensitivity\SW3c_extended_runs\xml\Case1DConsolidation_PR_SW3C_Xi0p10_T0p05_Def.xml","Case1DConsolidation_PR_SW3C_Xi0p10_T0p05_Def.xml",".xml","12349","2026/05/09 1:50:59"
"D:\MYF\SPH\GeoDualSPHysics_v5.2\examples\u-pw\01_1D_Consolidation\experiments\Scenario2Sensitivity\SW3c_extended_runs\xml\Case1DConsolidation_PR_SW3C_Xi0p10_T0p10_Def.xml","Case1DConsolidation_PR_SW3C_Xi0p10_T0p10_Def.xml",".xml","12349","2026/05/09 2:20:42"
"D:\MYF\SPH\GeoDualSPHysics_v5.2\examples\u-pw\01_1D_Consolidation\experiments\Scenario2Sensitivity\SW3d_extended_runs\Case1DConsolidation_PR_SW3D_Xi0p05_T0p20_dual.log","Case1DConsolidation_PR_SW3D_Xi0p05_T0p20_dual.log",".log","30442","2026/05/09 5:29:30"
"D:\MYF\SPH\GeoDualSPHysics_v5.2\examples\u-pw\01_1D_Consolidation\experiments\Scenario2Sensitivity\SW3d_extended_runs\Case1DConsolidation_PR_SW3D_Xi0p05_T0p20_gencase.log","Case1DConsolidation_PR_SW3D_Xi0p05_T0p20_gencase.log",".log","12082","2026/05/09 3:30:40"
"D:\MYF\SPH\GeoDualSPHysics_v5.2\examples\u-pw\01_1D_Consolidation\experiments\Scenario2Sensitivity\SW3d_extended_runs\Case1DConsolidation_PR_SW3D_Xi0p10_T0p20_dual.log","Case1DConsolidation_PR_SW3D_Xi0p10_T0p20_dual.log",".log","30436","2026/05/09 7:29:17"
"D:\MYF\SPH\GeoDualSPHysics_v5.2\examples\u-pw\01_1D_Consolidation\experiments\Scenario2Sensitivity\SW3d_extended_runs\Case1DConsolidation_PR_SW3D_Xi0p10_T0p20_gencase.log","Case1DConsolidation_PR_SW3D_Xi0p10_T0p20_gencase.log",".log","12082","2026/05/09 5:29:30"
"D:\MYF\SPH\GeoDualSPHysics_v5.2\examples\u-pw\01_1D_Consolidation\experiments\Scenario2Sensitivity\SW3d_extended_runs\run_status.csv","run_status.csv",".csv","153","2026/05/09 7:29:17"
"D:\MYF\SPH\GeoDualSPHysics_v5.2\examples\u-pw\01_1D_Consolidation\experiments\Scenario2Sensitivity\SW3d_extended_runs\sw3d_case_summary.csv","sw3d_case_summary.csv",".csv","1734","2026/05/09 7:30:06"
"D:\MYF\SPH\GeoDualSPHysics_v5.2\examples\u-pw\01_1D_Consolidation\experiments\Scenario2Sensitivity\SW3d_extended_runs\sw3d_frame_metrics.csv","sw3d_frame_metrics.csv",".csv","17691","2026/05/09 7:30:06"
"D:\MYF\SPH\GeoDualSPHysics_v5.2\examples\u-pw\01_1D_Consolidation\experiments\Scenario2Sensitivity\SW3d_extended_runs\xml\Case1DConsolidation_PR_SW3D_Xi0p05_T0p20_Def.xml","Case1DConsolidation_PR_SW3D_Xi0p05_T0p20_Def.xml",".xml","12347","2026/05/09 3:30:40"
"D:\MYF\SPH\GeoDualSPHysics_v5.2\examples\u-pw\01_1D_Consolidation\experiments\Scenario2Sensitivity\SW3d_extended_runs\xml\Case1DConsolidation_PR_SW3D_Xi0p10_T0p20_Def.xml","Case1DConsolidation_PR_SW3D_Xi0p10_T0p20_Def.xml",".xml","12347","2026/05/09 5:29:30"
"D:\MYF\SPH\GeoDualSPHysics_v5.2\examples\u-pw\01_1D_Consolidation\experiments\SelfWeightLongRun\SW3g_longrun_safety020\Case1DConsolidation_PR_SW3G_Xi0p10_Safety0p20_T1p0_dual.log","Case1DConsolidation_PR_SW3G_Xi0p10_Safety0p20_T1p0_dual.log",".log","30800","2026/05/09 20:22:04"
"D:\MYF\SPH\GeoDualSPHysics_v5.2\examples\u-pw\01_1D_Consolidation\experiments\SelfWeightLongRun\SW3g_longrun_safety020\Case1DConsolidation_PR_SW3G_Xi0p10_Safety0p20_T1p0_gencase.log","Case1DConsolidation_PR_SW3G_Xi0p10_Safety0p20_T1p0_gencase.log",".log","12678","2026/05/09 14:45:19"
"D:\MYF\SPH\GeoDualSPHysics_v5.2\examples\u-pw\01_1D_Consolidation\experiments\SelfWeightLongRun\SW3g_longrun_safety020\run_status.csv","run_status.csv",".csv","120","2026/05/09 20:22:04"
"D:\MYF\SPH\GeoDualSPHysics_v5.2\examples\u-pw\01_1D_Consolidation\experiments\SelfWeightLongRun\SW3g_longrun_safety020\sw3g_case_summary.csv","sw3g_case_summary.csv",".csv","1622","2026/05/09 20:23:29"
"D:\MYF\SPH\GeoDualSPHysics_v5.2\examples\u-pw\01_1D_Consolidation\experiments\SelfWeightLongRun\SW3g_longrun_safety020\sw3g_frame_metrics.csv","sw3g_frame_metrics.csv",".csv","9158","2026/05/09 20:23:29"
"D:\MYF\SPH\GeoDualSPHysics_v5.2\examples\u-pw\01_1D_Consolidation\experiments\SelfWeightLongRun\SW3g_longrun_safety020\xml\Case1DConsolidation_PR_SW3G_Xi0p10_Safety0p20_T1p0_Def.xml","Case1DConsolidation_PR_SW3G_Xi0p10_Safety0p20_T1p0_Def.xml",".xml","12361","2026/05/09 14:45:19"
"D:\MYF\SPH\GeoDualSPHysics_v5.2\examples\u-pw\01_1D_Consolidation\experiments\SelfWeightUndrainedSweep\Case1DConsolidation_PR_SelfWeight_Def.xml","Case1DConsolidation_PR_SelfWeight_Def.xml",".xml","12355","2026/05/08 14:21:09"
"D:\MYF\SPH\GeoDualSPHysics_v5.2\examples\u-pw\01_1D_Consolidation\experiments\SelfWeightUndrainedSweep\Case1DConsolidation_PR_SW2_analysis_summary.csv","Case1DConsolidation_PR_SW2_analysis_summary.csv",".csv","2664","2026/05/08 14:59:34"
"D:\MYF\SPH\GeoDualSPHysics_v5.2\examples\u-pw\01_1D_Consolidation\experiments\SelfWeightUndrainedSweep\Case1DConsolidation_PR_SW2_T001_analysis.csv","Case1DConsolidation_PR_SW2_T001_analysis.csv",".csv","2172","2026/05/08 14:43:28"
"D:\MYF\SPH\GeoDualSPHysics_v5.2\examples\u-pw\01_1D_Consolidation\experiments\SelfWeightUndrainedSweep\Case1DConsolidation_PR_SW2_T001_D0p07_Def.xml","Case1DConsolidation_PR_SW2_T001_D0p07_Def.xml",".xml","11227","2026/05/08 14:21:29"
"D:\MYF\SPH\GeoDualSPHysics_v5.2\examples\u-pw\01_1D_Consolidation\experiments\SelfWeightUndrainedSweep\Case1DConsolidation_PR_SW2_T001_D1_Def.xml","Case1DConsolidation_PR_SW2_T001_D1_Def.xml",".xml","11224","2026/05/08 14:25:11"
"D:\MYF\SPH\GeoDualSPHysics_v5.2\examples\u-pw\01_1D_Consolidation\experiments\SelfWeightUndrainedSweep\Case1DConsolidation_PR_SW2_T001_D10_Def.xml","Case1DConsolidation_PR_SW2_T001_D10_Def.xml",".xml","11225","2026/05/08 14:28:01"
"D:\MYF\SPH\GeoDualSPHysics_v5.2\examples\u-pw\01_1D_Consolidation\experiments\SelfWeightUndrainedSweep\Case1DConsolidation_PR_SW2_T001_D50_Def.xml","Case1DConsolidation_PR_SW2_T001_D50_Def.xml",".xml","11225","2026/05/08 14:30:34"
"D:\MYF\SPH\GeoDualSPHysics_v5.2\examples\u-pw\01_1D_Consolidation\experiments\SelfWeightUndrainedSweep\Case1DConsolidation_PR_SW2_T001_D85_Def.xml","Case1DConsolidation_PR_SW2_T001_D85_Def.xml",".xml","11225","2026/05/08 14:33:19"
"D:\MYF\SPH\GeoDualSPHysics_v5.2\examples\u-pw\01_1D_Consolidation\experiments\SelfWeightUndrainedSweep\Case1DConsolidation_PR_SW2_T005_D0p07_Def.xml","Case1DConsolidation_PR_SW2_T005_D0p07_Def.xml",".xml","11226","2026/05/08 14:35:54"
"D:\MYF\SPH\GeoDualSPHysics_v5.2\examples\u-pw\01_1D_Consolidation\experiments\SelfWeightUndrainedSweep\Case1DConsolidation_PR_SW2_T005_D85_Def.xml","Case1DConsolidation_PR_SW2_T005_D85_Def.xml",".xml","11224","2026/05/08 14:44:04"
"D:\MYF\SPH\GeoDualSPHysics_v5.2\examples\u-pw\01_1D_Consolidation\experiments\SelfWeightUndrainedSweep\Case1DConsolidation_PR_SW2B_T0p001_D10_Def.xml","Case1DConsolidation_PR_SW2B_T0p001_D10_Def.xml",".xml","12357","2026/05/08 15:45:45"
"D:\MYF\SPH\GeoDualSPHysics_v5.2\examples\u-pw\01_1D_Consolidation\experiments\SelfWeightUndrainedSweep\Case1DConsolidation_PR_SW2B_T0p001_D50_Def.xml","Case1DConsolidation_PR_SW2B_T0p001_D50_Def.xml",".xml","12357","2026/05/08 16:06:33"
"D:\MYF\SPH\GeoDualSPHysics_v5.2\examples\u-pw\01_1D_Consolidation\experiments\SelfWeightUndrainedSweep\Case1DConsolidation_PR_SW2B_T0p001_D85_Def.xml","Case1DConsolidation_PR_SW2B_T0p001_D85_Def.xml",".xml","12357","2026/05/08 16:26:53"
"D:\MYF\SPH\GeoDualSPHysics_v5.2\examples\u-pw\01_1D_Consolidation\experiments\SelfWeightUndrainedSweep\Case1DConsolidation_PR_SW2B_T0p002_D10_Def.xml","Case1DConsolidation_PR_SW2B_T0p002_D10_Def.xml",".xml","12357","2026/05/08 15:48:25"
"D:\MYF\SPH\GeoDualSPHysics_v5.2\examples\u-pw\01_1D_Consolidation\experiments\SelfWeightUndrainedSweep\Case1DConsolidation_PR_SW2B_T0p002_D50_Def.xml","Case1DConsolidation_PR_SW2B_T0p002_D50_Def.xml",".xml","12357","2026/05/08 16:09:06"
"D:\MYF\SPH\GeoDualSPHysics_v5.2\examples\u-pw\01_1D_Consolidation\experiments\SelfWeightUndrainedSweep\Case1DConsolidation_PR_SW2B_T0p002_D85_Def.xml","Case1DConsolidation_PR_SW2B_T0p002_D85_Def.xml",".xml","12357","2026/05/08 16:29:25"
"D:\MYF\SPH\GeoDualSPHysics_v5.2\examples\u-pw\01_1D_Consolidation\experiments\SelfWeightUndrainedSweep\Case1DConsolidation_PR_SW2B_T0p005_D10_Def.xml","Case1DConsolidation_PR_SW2B_T0p005_D10_Def.xml",".xml","12357","2026/05/08 15:53:45"
"D:\MYF\SPH\GeoDualSPHysics_v5.2\examples\u-pw\01_1D_Consolidation\experiments\SelfWeightUndrainedSweep\Case1DConsolidation_PR_SW2B_T0p005_D50_Def.xml","Case1DConsolidation_PR_SW2B_T0p005_D50_Def.xml",".xml","12357","2026/05/08 16:14:12"
"D:\MYF\SPH\GeoDualSPHysics_v5.2\examples\u-pw\01_1D_Consolidation\experiments\SelfWeightUndrainedSweep\Case1DConsolidation_PR_SW2B_T0p005_D85_Def.xml","Case1DConsolidation_PR_SW2B_T0p005_D85_Def.xml",".xml","12357","2026/05/08 16:34:44"
"D:\MYF\SPH\GeoDualSPHysics_v5.2\examples\u-pw\01_1D_Consolidation\experiments\SelfWeightUndrainedSweep\SW2c_sweep_runs\Case1DConsolidation_PR_SW2C_T0p0015_Xi0p01_S0_dual.log","Case1DConsolidation_PR_SW2C_T0p0015_Xi0p01_S0_dual.log",".log","25816","2026/05/08 17:29:47"
"D:\MYF\SPH\GeoDualSPHysics_v5.2\examples\u-pw\01_1D_Consolidation\experiments\SelfWeightUndrainedSweep\SW2c_sweep_runs\Case1DConsolidation_PR_SW2C_T0p0015_Xi0p01_S0_gencase.log","Case1DConsolidation_PR_SW2C_T0p0015_Xi0p01_S0_gencase.log",".log","12260","2026/05/08 17:28:53"
"D:\MYF\SPH\GeoDualSPHysics_v5.2\examples\u-pw\01_1D_Consolidation\experiments\SelfWeightUndrainedSweep\SW2c_sweep_runs\Case1DConsolidation_PR_SW2C_T0p0015_Xi0p01_S20_dual.log","Case1DConsolidation_PR_SW2C_T0p0015_Xi0p01_S20_dual.log",".log","26630","2026/05/08 17:30:40"
"D:\MYF\SPH\GeoDualSPHysics_v5.2\examples\u-pw\01_1D_Consolidation\experiments\SelfWeightUndrainedSweep\SW2c_sweep_runs\Case1DConsolidation_PR_SW2C_T0p0015_Xi0p01_S20_gencase.log","Case1DConsolidation_PR_SW2C_T0p0015_Xi0p01_S20_gencase.log",".log","12310","2026/05/08 17:29:47"
"D:\MYF\SPH\GeoDualSPHysics_v5.2\examples\u-pw\01_1D_Consolidation\experiments\SelfWeightUndrainedSweep\SW2c_sweep_runs\Case1DConsolidation_PR_SW2C_T0p0015_Xi0p01_S40_dual.log","Case1DConsolidation_PR_SW2C_T0p0015_Xi0p01_S40_dual.log",".log","26628","2026/05/08 17:31:35"
"D:\MYF\SPH\GeoDualSPHysics_v5.2\examples\u-pw\01_1D_Consolidation\experiments\SelfWeightUndrainedSweep\SW2c_sweep_runs\Case1DConsolidation_PR_SW2C_T0p0015_Xi0p01_S40_gencase.log","Case1DConsolidation_PR_SW2C_T0p0015_Xi0p01_S40_gencase.log",".log","12310","2026/05/08 17:30:40"
"D:\MYF\SPH\GeoDualSPHysics_v5.2\examples\u-pw\01_1D_Consolidation\experiments\SelfWeightUndrainedSweep\SW2c_sweep_runs\Case1DConsolidation_PR_SW2C_T0p0015_Xi0p03_S0_dual.log","Case1DConsolidation_PR_SW2C_T0p0015_Xi0p03_S0_dual.log",".log","25960","2026/05/08 17:32:52"
"D:\MYF\SPH\GeoDualSPHysics_v5.2\examples\u-pw\01_1D_Consolidation\experiments\SelfWeightUndrainedSweep\SW2c_sweep_runs\Case1DConsolidation_PR_SW2C_T0p0015_Xi0p03_S0_gencase.log","Case1DConsolidation_PR_SW2C_T0p0015_Xi0p03_S0_gencase.log",".log","12260","2026/05/08 17:31:36"
"D:\MYF\SPH\GeoDualSPHysics_v5.2\examples\u-pw\01_1D_Consolidation\experiments\SelfWeightUndrainedSweep\SW2c_sweep_runs\Case1DConsolidation_PR_SW2C_T0p0015_Xi0p03_S20_dual.log","Case1DConsolidation_PR_SW2C_T0p0015_Xi0p03_S20_dual.log",".log","26628","2026/05/08 17:33:45"
"D:\MYF\SPH\GeoDualSPHysics_v5.2\examples\u-pw\01_1D_Consolidation\experiments\SelfWeightUndrainedSweep\SW2c_sweep_runs\Case1DConsolidation_PR_SW2C_T0p0015_Xi0p03_S20_gencase.log","Case1DConsolidation_PR_SW2C_T0p0015_Xi0p03_S20_gencase.log",".log","12310","2026/05/08 17:32:52"
"D:\MYF\SPH\GeoDualSPHysics_v5.2\examples\u-pw\01_1D_Consolidation\experiments\SelfWeightUndrainedSweep\SW2c_sweep_runs\Case1DConsolidation_PR_SW2C_T0p0015_Xi0p03_S40_dual.log","Case1DConsolidation_PR_SW2C_T0p0015_Xi0p03_S40_dual.log",".log","26630","2026/05/08 17:34:39"
"D:\MYF\SPH\GeoDualSPHysics_v5.2\examples\u-pw\01_1D_Consolidation\experiments\SelfWeightUndrainedSweep\SW2c_sweep_runs\Case1DConsolidation_PR_SW2C_T0p0015_Xi0p03_S40_gencase.log","Case1DConsolidation_PR_SW2C_T0p0015_Xi0p03_S40_gencase.log",".log","12310","2026/05/08 17:33:45"
"D:\MYF\SPH\GeoDualSPHysics_v5.2\examples\u-pw\01_1D_Consolidation\experiments\SelfWeightUndrainedSweep\SW2c_sweep_runs\Case1DConsolidation_PR_SW2C_T0p0015_Xi0p05_S0_dual.log","Case1DConsolidation_PR_SW2C_T0p0015_Xi0p05_S0_dual.log",".log","25816","2026/05/08 17:35:33"
"D:\MYF\SPH\GeoDualSPHysics_v5.2\examples\u-pw\01_1D_Consolidation\experiments\SelfWeightUndrainedSweep\SW2c_sweep_runs\Case1DConsolidation_PR_SW2C_T0p0015_Xi0p05_S0_gencase.log","Case1DConsolidation_PR_SW2C_T0p0015_Xi0p05_S0_gencase.log",".log","12260","2026/05/08 17:34:39"
"D:\MYF\SPH\GeoDualSPHysics_v5.2\examples\u-pw\01_1D_Consolidation\experiments\SelfWeightUndrainedSweep\SW2c_sweep_runs\Case1DConsolidation_PR_SW2C_T0p0015_Xi0p05_S20_dual.log","Case1DConsolidation_PR_SW2C_T0p0015_Xi0p05_S20_dual.log",".log","26630","2026/05/08 17:36:27"
"D:\MYF\SPH\GeoDualSPHysics_v5.2\examples\u-pw\01_1D_Consolidation\experiments\SelfWeightUndrainedSweep\SW2c_sweep_runs\Case1DConsolidation_PR_SW2C_T0p0015_Xi0p05_S20_gencase.log","Case1DConsolidation_PR_SW2C_T0p0015_Xi0p05_S20_gencase.log",".log","12310","2026/05/08 17:35:33"
"D:\MYF\SPH\GeoDualSPHysics_v5.2\examples\u-pw\01_1D_Consolidation\experiments\SelfWeightUndrainedSweep\SW2c_sweep_runs\Case1DConsolidation_PR_SW2C_T0p0015_Xi0p05_S40_dual.log","Case1DConsolidation_PR_SW2C_T0p0015_Xi0p05_S40_dual.log",".log","26630","2026/05/08 17:37:21"
"D:\MYF\SPH\GeoDualSPHysics_v5.2\examples\u-pw\01_1D_Consolidation\experiments\SelfWeightUndrainedSweep\SW2c_sweep_runs\Case1DConsolidation_PR_SW2C_T0p0015_Xi0p05_S40_gencase.log","Case1DConsolidation_PR_SW2C_T0p0015_Xi0p05_S40_gencase.log",".log","12310","2026/05/08 17:36:27"
"D:\MYF\SPH\GeoDualSPHysics_v5.2\examples\u-pw\01_1D_Consolidation\experiments\SelfWeightUndrainedSweep\SW2c_sweep_runs\Case1DConsolidation_PR_SW2C_T0p0015_Xi4em5_S0_dual.log","Case1DConsolidation_PR_SW2C_T0p0015_Xi4em5_S0_dual.log",".log","25836","2026/05/08 17:27:05"
"D:\MYF\SPH\GeoDualSPHysics_v5.2\examples\u-pw\01_1D_Consolidation\experiments\SelfWeightUndrainedSweep\SW2c_sweep_runs\Case1DConsolidation_PR_SW2C_T0p0015_Xi4em5_S0_gencase.log","Case1DConsolidation_PR_SW2C_T0p0015_Xi4em5_S0_gencase.log",".log","12260","2026/05/08 17:26:15"
"D:\MYF\SPH\GeoDualSPHysics_v5.2\examples\u-pw\01_1D_Consolidation\experiments\SelfWeightUndrainedSweep\SW2c_sweep_runs\Case1DConsolidation_PR_SW2C_T0p0015_Xi4em5_S20_dual.log","Case1DConsolidation_PR_SW2C_T0p0015_Xi4em5_S20_dual.log",".log","26650","2026/05/08 17:27:59"
"D:\MYF\SPH\GeoDualSPHysics_v5.2\examples\u-pw\01_1D_Consolidation\experiments\SelfWeightUndrainedSweep\SW2c_sweep_runs\Case1DConsolidation_PR_SW2C_T0p0015_Xi4em5_S20_gencase.log","Case1DConsolidation_PR_SW2C_T0p0015_Xi4em5_S20_gencase.log",".log","12310","2026/05/08 17:27:05"
"D:\MYF\SPH\GeoDualSPHysics_v5.2\examples\u-pw\01_1D_Consolidation\experiments\SelfWeightUndrainedSweep\SW2c_sweep_runs\Case1DConsolidation_PR_SW2C_T0p0015_Xi4em5_S40_dual.log","Case1DConsolidation_PR_SW2C_T0p0015_Xi4em5_S40_dual.log",".log","26650","2026/05/08 17:28:53"
"D:\MYF\SPH\GeoDualSPHysics_v5.2\examples\u-pw\01_1D_Consolidation\experiments\SelfWeightUndrainedSweep\SW2c_sweep_runs\Case1DConsolidation_PR_SW2C_T0p0015_Xi4em5_S40_gencase.log","Case1DConsolidation_PR_SW2C_T0p0015_Xi4em5_S40_gencase.log",".log","12310","2026/05/08 17:27:59"
"D:\MYF\SPH\GeoDualSPHysics_v5.2\examples\u-pw\01_1D_Consolidation\experiments\SelfWeightUndrainedSweep\SW2c_sweep_runs\Case1DConsolidation_PR_SW2C_T0p0020_Xi0p01_S0_dual.log","Case1DConsolidation_PR_SW2C_T0p0020_Xi0p01_S0_dual.log",".log","25952","2026/05/08 17:42:07"
"D:\MYF\SPH\GeoDualSPHysics_v5.2\examples\u-pw\01_1D_Consolidation\experiments\SelfWeightUndrainedSweep\SW2c_sweep_runs\Case1DConsolidation_PR_SW2C_T0p0020_Xi0p01_S0_gencase.log","Case1DConsolidation_PR_SW2C_T0p0020_Xi0p01_S0_gencase.log",".log","12260","2026/05/08 17:40:56"
"D:\MYF\SPH\GeoDualSPHysics_v5.2\examples\u-pw\01_1D_Consolidation\experiments\SelfWeightUndrainedSweep\SW2c_sweep_runs\Case1DConsolidation_PR_SW2C_T0p0020_Xi0p01_S20_dual.log","Case1DConsolidation_PR_SW2C_T0p0020_Xi0p01_S20_dual.log",".log","26766","2026/05/08 17:43:20"
"D:\MYF\SPH\GeoDualSPHysics_v5.2\examples\u-pw\01_1D_Consolidation\experiments\SelfWeightUndrainedSweep\SW2c_sweep_runs\Case1DConsolidation_PR_SW2C_T0p0020_Xi0p01_S20_gencase.log","Case1DConsolidation_PR_SW2C_T0p0020_Xi0p01_S20_gencase.log",".log","12310","2026/05/08 17:42:07"
"D:\MYF\SPH\GeoDualSPHysics_v5.2\examples\u-pw\01_1D_Consolidation\experiments\SelfWeightUndrainedSweep\SW2c_sweep_runs\Case1DConsolidation_PR_SW2C_T0p0020_Xi0p01_S40_dual.log","Case1DConsolidation_PR_SW2C_T0p0020_Xi0p01_S40_dual.log",".log","26764","2026/05/08 17:44:31"
"D:\MYF\SPH\GeoDualSPHysics_v5.2\examples\u-pw\01_1D_Consolidation\experiments\SelfWeightUndrainedSweep\SW2c_sweep_runs\Case1DConsolidation_PR_SW2C_T0p0020_Xi0p01_S40_gencase.log","Case1DConsolidation_PR_SW2C_T0p0020_Xi0p01_S40_gencase.log",".log","12310","2026/05/08 17:43:20"
"D:\MYF\SPH\GeoDualSPHysics_v5.2\examples\u-pw\01_1D_Consolidation\experiments\SelfWeightUndrainedSweep\SW2c_sweep_runs\Case1DConsolidation_PR_SW2C_T0p0020_Xi0p03_S0_dual.log","Case1DConsolidation_PR_SW2C_T0p0020_Xi0p03_S0_dual.log",".log","25952","2026/05/08 17:45:43"
"D:\MYF\SPH\GeoDualSPHysics_v5.2\examples\u-pw\01_1D_Consolidation\experiments\SelfWeightUndrainedSweep\SW2c_sweep_runs\Case1DConsolidation_PR_SW2C_T0p0020_Xi0p03_S0_gencase.log","Case1DConsolidation_PR_SW2C_T0p0020_Xi0p03_S0_gencase.log",".log","12260","2026/05/08 17:44:31"
"D:\MYF\SPH\GeoDualSPHysics_v5.2\examples\u-pw\01_1D_Consolidation\experiments\SelfWeightUndrainedSweep\SW2c_sweep_runs\Case1DConsolidation_PR_SW2C_T0p0020_Xi0p03_S20_dual.log","Case1DConsolidation_PR_SW2C_T0p0020_Xi0p03_S20_dual.log",".log","26764","2026/05/08 17:46:55"
"D:\MYF\SPH\GeoDualSPHysics_v5.2\examples\u-pw\01_1D_Consolidation\experiments\SelfWeightUndrainedSweep\SW2c_sweep_runs\Case1DConsolidation_PR_SW2C_T0p0020_Xi0p03_S20_gencase.log","Case1DConsolidation_PR_SW2C_T0p0020_Xi0p03_S20_gencase.log",".log","12310","2026/05/08 17:45:43"
"D:\MYF\SPH\GeoDualSPHysics_v5.2\examples\u-pw\01_1D_Consolidation\experiments\SelfWeightUndrainedSweep\SW2c_sweep_runs\Case1DConsolidation_PR_SW2C_T0p0020_Xi0p03_S40_dual.log","Case1DConsolidation_PR_SW2C_T0p0020_Xi0p03_S40_dual.log",".log","26766","2026/05/08 17:48:07"
"D:\MYF\SPH\GeoDualSPHysics_v5.2\examples\u-pw\01_1D_Consolidation\experiments\SelfWeightUndrainedSweep\SW2c_sweep_runs\Case1DConsolidation_PR_SW2C_T0p0020_Xi0p03_S40_gencase.log","Case1DConsolidation_PR_SW2C_T0p0020_Xi0p03_S40_gencase.log",".log","12310","2026/05/08 17:46:56"
"D:\MYF\SPH\GeoDualSPHysics_v5.2\examples\u-pw\01_1D_Consolidation\experiments\SelfWeightUndrainedSweep\SW2c_sweep_runs\Case1DConsolidation_PR_SW2C_T0p0020_Xi0p05_S0_dual.log","Case1DConsolidation_PR_SW2C_T0p0020_Xi0p05_S0_dual.log",".log","25952","2026/05/08 17:49:19"
"D:\MYF\SPH\GeoDualSPHysics_v5.2\examples\u-pw\01_1D_Consolidation\experiments\SelfWeightUndrainedSweep\SW2c_sweep_runs\Case1DConsolidation_PR_SW2C_T0p0020_Xi0p05_S0_gencase.log","Case1DConsolidation_PR_SW2C_T0p0020_Xi0p05_S0_gencase.log",".log","12260","2026/05/08 17:48:07"
"D:\MYF\SPH\GeoDualSPHysics_v5.2\examples\u-pw\01_1D_Consolidation\experiments\SelfWeightUndrainedSweep\SW2c_sweep_runs\Case1DConsolidation_PR_SW2C_T0p0020_Xi0p05_S20_dual.log","Case1DConsolidation_PR_SW2C_T0p0020_Xi0p05_S20_dual.log",".log","26766","2026/05/08 17:50:35"
"D:\MYF\SPH\GeoDualSPHysics_v5.2\examples\u-pw\01_1D_Consolidation\experiments\SelfWeightUndrainedSweep\SW2c_sweep_runs\Case1DConsolidation_PR_SW2C_T0p0020_Xi0p05_S20_gencase.log","Case1DConsolidation_PR_SW2C_T0p0020_Xi0p05_S20_gencase.log",".log","12310","2026/05/08 17:49:19"
"D:\MYF\SPH\GeoDualSPHysics_v5.2\examples\u-pw\01_1D_Consolidation\experiments\SelfWeightUndrainedSweep\SW2c_sweep_runs\Case1DConsolidation_PR_SW2C_T0p0020_Xi0p05_S40_dual.log","Case1DConsolidation_PR_SW2C_T0p0020_Xi0p05_S40_dual.log",".log","26766","2026/05/08 17:51:47"
"D:\MYF\SPH\GeoDualSPHysics_v5.2\examples\u-pw\01_1D_Consolidation\experiments\SelfWeightUndrainedSweep\SW2c_sweep_runs\Case1DConsolidation_PR_SW2C_T0p0020_Xi0p05_S40_gencase.log","Case1DConsolidation_PR_SW2C_T0p0020_Xi0p05_S40_gencase.log",".log","12310","2026/05/08 17:50:35"
"D:\MYF\SPH\GeoDualSPHysics_v5.2\examples\u-pw\01_1D_Consolidation\experiments\SelfWeightUndrainedSweep\SW2c_sweep_runs\Case1DConsolidation_PR_SW2C_T0p0020_Xi4em5_S0_dual.log","Case1DConsolidation_PR_SW2C_T0p0020_Xi4em5_S0_dual.log",".log","25972","2026/05/08 17:38:32"
"D:\MYF\SPH\GeoDualSPHysics_v5.2\examples\u-pw\01_1D_Consolidation\experiments\SelfWeightUndrainedSweep\SW2c_sweep_runs\Case1DConsolidation_PR_SW2C_T0p0020_Xi4em5_S0_gencase.log","Case1DConsolidation_PR_SW2C_T0p0020_Xi4em5_S0_gencase.log",".log","12260","2026/05/08 17:37:21"
"D:\MYF\SPH\GeoDualSPHysics_v5.2\examples\u-pw\01_1D_Consolidation\experiments\SelfWeightUndrainedSweep\SW2c_sweep_runs\Case1DConsolidation_PR_SW2C_T0p0020_Xi4em5_S20_dual.log","Case1DConsolidation_PR_SW2C_T0p0020_Xi4em5_S20_dual.log",".log","26786","2026/05/08 17:39:44"
"D:\MYF\SPH\GeoDualSPHysics_v5.2\examples\u-pw\01_1D_Consolidation\experiments\SelfWeightUndrainedSweep\SW2c_sweep_runs\Case1DConsolidation_PR_SW2C_T0p0020_Xi4em5_S20_gencase.log","Case1DConsolidation_PR_SW2C_T0p0020_Xi4em5_S20_gencase.log",".log","12310","2026/05/08 17:38:32"
"D:\MYF\SPH\GeoDualSPHysics_v5.2\examples\u-pw\01_1D_Consolidation\experiments\SelfWeightUndrainedSweep\SW2c_sweep_runs\Case1DConsolidation_PR_SW2C_T0p0020_Xi4em5_S40_dual.log","Case1DConsolidation_PR_SW2C_T0p0020_Xi4em5_S40_dual.log",".log","26786","2026/05/08 17:40:56"
"D:\MYF\SPH\GeoDualSPHysics_v5.2\examples\u-pw\01_1D_Consolidation\experiments\SelfWeightUndrainedSweep\SW2c_sweep_runs\Case1DConsolidation_PR_SW2C_T0p0020_Xi4em5_S40_gencase.log","Case1DConsolidation_PR_SW2C_T0p0020_Xi4em5_S40_gencase.log",".log","12310","2026/05/08 17:39:44"
"D:\MYF\SPH\GeoDualSPHysics_v5.2\examples\u-pw\01_1D_Consolidation\experiments\SelfWeightUndrainedSweep\SW2c_sweep_runs\Case1DConsolidation_PR_SW2C_T0p0025_Xi0p01_S0_dual.log","Case1DConsolidation_PR_SW2C_T0p0025_Xi0p01_S0_dual.log",".log","25960","2026/05/08 17:57:47"
"D:\MYF\SPH\GeoDualSPHysics_v5.2\examples\u-pw\01_1D_Consolidation\experiments\SelfWeightUndrainedSweep\SW2c_sweep_runs\Case1DConsolidation_PR_SW2C_T0p0025_Xi0p01_S0_gencase.log","Case1DConsolidation_PR_SW2C_T0p0025_Xi0p01_S0_gencase.log",".log","12260","2026/05/08 17:56:17"
"D:\MYF\SPH\GeoDualSPHysics_v5.2\examples\u-pw\01_1D_Consolidation\experiments\SelfWeightUndrainedSweep\SW2c_sweep_runs\Case1DConsolidation_PR_SW2C_T0p0025_Xi0p01_S20_dual.log","Case1DConsolidation_PR_SW2C_T0p0025_Xi0p01_S20_dual.log",".log","26774","2026/05/08 17:59:17"
"D:\MYF\SPH\GeoDualSPHysics_v5.2\examples\u-pw\01_1D_Consolidation\experiments\SelfWeightUndrainedSweep\SW2c_sweep_runs\Case1DConsolidation_PR_SW2C_T0p0025_Xi0p01_S20_gencase.log","Case1DConsolidation_PR_SW2C_T0p0025_Xi0p01_S20_gencase.log",".log","12310","2026/05/08 17:57:47"
"D:\MYF\SPH\GeoDualSPHysics_v5.2\examples\u-pw\01_1D_Consolidation\experiments\SelfWeightUndrainedSweep\SW2c_sweep_runs\Case1DConsolidation_PR_SW2C_T0p0025_Xi0p01_S40_dual.log","Case1DConsolidation_PR_SW2C_T0p0025_Xi0p01_S40_dual.log",".log","26772","2026/05/08 18:00:47"
"D:\MYF\SPH\GeoDualSPHysics_v5.2\examples\u-pw\01_1D_Consolidation\experiments\SelfWeightUndrainedSweep\SW2c_sweep_runs\Case1DConsolidation_PR_SW2C_T0p0025_Xi0p01_S40_gencase.log","Case1DConsolidation_PR_SW2C_T0p0025_Xi0p01_S40_gencase.log",".log","12310","2026/05/08 17:59:17"
"D:\MYF\SPH\GeoDualSPHysics_v5.2\examples\u-pw\01_1D_Consolidation\experiments\SelfWeightUndrainedSweep\SW2c_sweep_runs\Case1DConsolidation_PR_SW2C_T0p0025_Xi0p03_S0_dual.log","Case1DConsolidation_PR_SW2C_T0p0025_Xi0p03_S0_dual.log",".log","25960","2026/05/08 18:02:16"
"D:\MYF\SPH\GeoDualSPHysics_v5.2\examples\u-pw\01_1D_Consolidation\experiments\SelfWeightUndrainedSweep\SW2c_sweep_runs\Case1DConsolidation_PR_SW2C_T0p0025_Xi0p03_S0_gencase.log","Case1DConsolidation_PR_SW2C_T0p0025_Xi0p03_S0_gencase.log",".log","12260","2026/05/08 18:00:47"
"D:\MYF\SPH\GeoDualSPHysics_v5.2\examples\u-pw\01_1D_Consolidation\experiments\SelfWeightUndrainedSweep\SW2c_sweep_runs\Case1DConsolidation_PR_SW2C_T0p0025_Xi0p03_S20_dual.log","Case1DConsolidation_PR_SW2C_T0p0025_Xi0p03_S20_dual.log",".log","26772","2026/05/08 18:03:46"
"D:\MYF\SPH\GeoDualSPHysics_v5.2\examples\u-pw\01_1D_Consolidation\experiments\SelfWeightUndrainedSweep\SW2c_sweep_runs\Case1DConsolidation_PR_SW2C_T0p0025_Xi0p03_S20_gencase.log","Case1DConsolidation_PR_SW2C_T0p0025_Xi0p03_S20_gencase.log",".log","12310","2026/05/08 18:02:17"
"D:\MYF\SPH\GeoDualSPHysics_v5.2\examples\u-pw\01_1D_Consolidation\experiments\SelfWeightUndrainedSweep\SW2c_sweep_runs\Case1DConsolidation_PR_SW2C_T0p0025_Xi0p03_S40_dual.log","Case1DConsolidation_PR_SW2C_T0p0025_Xi0p03_S40_dual.log",".log","26774","2026/05/08 18:05:16"
"D:\MYF\SPH\GeoDualSPHysics_v5.2\examples\u-pw\01_1D_Consolidation\experiments\SelfWeightUndrainedSweep\SW2c_sweep_runs\Case1DConsolidation_PR_SW2C_T0p0025_Xi0p03_S40_gencase.log","Case1DConsolidation_PR_SW2C_T0p0025_Xi0p03_S40_gencase.log",".log","12310","2026/05/08 18:03:46"
"D:\MYF\SPH\GeoDualSPHysics_v5.2\examples\u-pw\01_1D_Consolidation\experiments\SelfWeightUndrainedSweep\SW2c_sweep_runs\Case1DConsolidation_PR_SW2C_T0p0025_Xi0p05_S0_dual.log","Case1DConsolidation_PR_SW2C_T0p0025_Xi0p05_S0_dual.log",".log","25966","2026/05/08 18:07:03"
"D:\MYF\SPH\GeoDualSPHysics_v5.2\examples\u-pw\01_1D_Consolidation\experiments\SelfWeightUndrainedSweep\SW2c_sweep_runs\Case1DConsolidation_PR_SW2C_T0p0025_Xi0p05_S0_gencase.log","Case1DConsolidation_PR_SW2C_T0p0025_Xi0p05_S0_gencase.log",".log","12260","2026/05/08 18:05:16"
"D:\MYF\SPH\GeoDualSPHysics_v5.2\examples\u-pw\01_1D_Consolidation\experiments\SelfWeightUndrainedSweep\SW2c_sweep_runs\Case1DConsolidation_PR_SW2C_T0p0025_Xi0p05_S20_dual.log","Case1DConsolidation_PR_SW2C_T0p0025_Xi0p05_S20_dual.log",".log","26774","2026/05/08 18:08:33"
"D:\MYF\SPH\GeoDualSPHysics_v5.2\examples\u-pw\01_1D_Consolidation\experiments\SelfWeightUndrainedSweep\SW2c_sweep_runs\Case1DConsolidation_PR_SW2C_T0p0025_Xi0p05_S20_gencase.log","Case1DConsolidation_PR_SW2C_T0p0025_Xi0p05_S20_gencase.log",".log","12310","2026/05/08 18:07:03"
"D:\MYF\SPH\GeoDualSPHysics_v5.2\examples\u-pw\01_1D_Consolidation\experiments\SelfWeightUndrainedSweep\SW2c_sweep_runs\Case1DConsolidation_PR_SW2C_T0p0025_Xi0p05_S40_dual.log","Case1DConsolidation_PR_SW2C_T0p0025_Xi0p05_S40_dual.log",".log","26774","2026/05/08 18:10:02"
"D:\MYF\SPH\GeoDualSPHysics_v5.2\examples\u-pw\01_1D_Consolidation\experiments\SelfWeightUndrainedSweep\SW2c_sweep_runs\Case1DConsolidation_PR_SW2C_T0p0025_Xi0p05_S40_gencase.log","Case1DConsolidation_PR_SW2C_T0p0025_Xi0p05_S40_gencase.log",".log","12310","2026/05/08 18:08:33"
"D:\MYF\SPH\GeoDualSPHysics_v5.2\examples\u-pw\01_1D_Consolidation\experiments\SelfWeightUndrainedSweep\SW2c_sweep_runs\Case1DConsolidation_PR_SW2C_T0p0025_Xi4em5_S0_dual.log","Case1DConsolidation_PR_SW2C_T0p0025_Xi4em5_S0_dual.log",".log","25980","2026/05/08 17:53:17"
"D:\MYF\SPH\GeoDualSPHysics_v5.2\examples\u-pw\01_1D_Consolidation\experiments\SelfWeightUndrainedSweep\SW2c_sweep_runs\Case1DConsolidation_PR_SW2C_T0p0025_Xi4em5_S0_gencase.log","Case1DConsolidation_PR_SW2C_T0p0025_Xi4em5_S0_gencase.log",".log","12260","2026/05/08 17:51:47"
"D:\MYF\SPH\GeoDualSPHysics_v5.2\examples\u-pw\01_1D_Consolidation\experiments\SelfWeightUndrainedSweep\SW2c_sweep_runs\Case1DConsolidation_PR_SW2C_T0p0025_Xi4em5_S20_dual.log","Case1DConsolidation_PR_SW2C_T0p0025_Xi4em5_S20_dual.log",".log","26794","2026/05/08 17:54:47"
"D:\MYF\SPH\GeoDualSPHysics_v5.2\examples\u-pw\01_1D_Consolidation\experiments\SelfWeightUndrainedSweep\SW2c_sweep_runs\Case1DConsolidation_PR_SW2C_T0p0025_Xi4em5_S20_gencase.log","Case1DConsolidation_PR_SW2C_T0p0025_Xi4em5_S20_gencase.log",".log","12310","2026/05/08 17:53:17"
"D:\MYF\SPH\GeoDualSPHysics_v5.2\examples\u-pw\01_1D_Consolidation\experiments\SelfWeightUndrainedSweep\SW2c_sweep_runs\Case1DConsolidation_PR_SW2C_T0p0025_Xi4em5_S40_dual.log","Case1DConsolidation_PR_SW2C_T0p0025_Xi4em5_S40_dual.log",".log","26794","2026/05/08 17:56:17"
"D:\MYF\SPH\GeoDualSPHysics_v5.2\examples\u-pw\01_1D_Consolidation\experiments\SelfWeightUndrainedSweep\SW2c_sweep_runs\Case1DConsolidation_PR_SW2C_T0p0025_Xi4em5_S40_gencase.log","Case1DConsolidation_PR_SW2C_T0p0025_Xi4em5_S40_gencase.log",".log","12310","2026/05/08 17:54:47"
"D:\MYF\SPH\GeoDualSPHysics_v5.2\examples\u-pw\01_1D_Consolidation\experiments\SelfWeightUndrainedSweep\SW2c_sweep_runs\Case1DConsolidation_PR_SW2C_T0p0030_Xi0p01_S0_dual.log","Case1DConsolidation_PR_SW2C_T0p0030_Xi0p01_S0_dual.log",".log","25958","2026/05/08 18:17:11"
"D:\MYF\SPH\GeoDualSPHysics_v5.2\examples\u-pw\01_1D_Consolidation\experiments\SelfWeightUndrainedSweep\SW2c_sweep_runs\Case1DConsolidation_PR_SW2C_T0p0030_Xi0p01_S0_gencase.log","Case1DConsolidation_PR_SW2C_T0p0030_Xi0p01_S0_gencase.log",".log","12260","2026/05/08 18:15:24"
"D:\MYF\SPH\GeoDualSPHysics_v5.2\examples\u-pw\01_1D_Consolidation\experiments\SelfWeightUndrainedSweep\SW2c_sweep_runs\Case1DConsolidation_PR_SW2C_T0p0030_Xi0p01_S20_dual.log","Case1DConsolidation_PR_SW2C_T0p0030_Xi0p01_S20_dual.log",".log","26772","2026/05/08 18:18:58"
"D:\MYF\SPH\GeoDualSPHysics_v5.2\examples\u-pw\01_1D_Consolidation\experiments\SelfWeightUndrainedSweep\SW2c_sweep_runs\Case1DConsolidation_PR_SW2C_T0p0030_Xi0p01_S20_gencase.log","Case1DConsolidation_PR_SW2C_T0p0030_Xi0p01_S20_gencase.log",".log","12310","2026/05/08 18:17:11"
"D:\MYF\SPH\GeoDualSPHysics_v5.2\examples\u-pw\01_1D_Consolidation\experiments\SelfWeightUndrainedSweep\SW2c_sweep_runs\Case1DConsolidation_PR_SW2C_T0p0030_Xi0p01_S40_dual.log","Case1DConsolidation_PR_SW2C_T0p0030_Xi0p01_S40_dual.log",".log","26770","2026/05/08 18:20:49"
"D:\MYF\SPH\GeoDualSPHysics_v5.2\examples\u-pw\01_1D_Consolidation\experiments\SelfWeightUndrainedSweep\SW2c_sweep_runs\Case1DConsolidation_PR_SW2C_T0p0030_Xi0p01_S40_gencase.log","Case1DConsolidation_PR_SW2C_T0p0030_Xi0p01_S40_gencase.log",".log","12310","2026/05/08 18:18:58"
"D:\MYF\SPH\GeoDualSPHysics_v5.2\examples\u-pw\01_1D_Consolidation\experiments\SelfWeightUndrainedSweep\SW2c_sweep_runs\Case1DConsolidation_PR_SW2C_T0p0030_Xi0p03_S0_dual.log","Case1DConsolidation_PR_SW2C_T0p0030_Xi0p03_S0_dual.log",".log","25958","2026/05/08 18:22:40"
"D:\MYF\SPH\GeoDualSPHysics_v5.2\examples\u-pw\01_1D_Consolidation\experiments\SelfWeightUndrainedSweep\SW2c_sweep_runs\Case1DConsolidation_PR_SW2C_T0p0030_Xi0p03_S0_gencase.log","Case1DConsolidation_PR_SW2C_T0p0030_Xi0p03_S0_gencase.log",".log","12260","2026/05/08 18:20:49"
"D:\MYF\SPH\GeoDualSPHysics_v5.2\examples\u-pw\01_1D_Consolidation\experiments\SelfWeightUndrainedSweep\SW2c_sweep_runs\Case1DConsolidation_PR_SW2C_T0p0030_Xi0p03_S20_dual.log","Case1DConsolidation_PR_SW2C_T0p0030_Xi0p03_S20_dual.log",".log","26770","2026/05/08 18:24:28"
"D:\MYF\SPH\GeoDualSPHysics_v5.2\examples\u-pw\01_1D_Consolidation\experiments\SelfWeightUndrainedSweep\SW2c_sweep_runs\Case1DConsolidation_PR_SW2C_T0p0030_Xi0p03_S20_gencase.log","Case1DConsolidation_PR_SW2C_T0p0030_Xi0p03_S20_gencase.log",".log","12310","2026/05/08 18:22:40"
"D:\MYF\SPH\GeoDualSPHysics_v5.2\examples\u-pw\01_1D_Consolidation\experiments\SelfWeightUndrainedSweep\SW2c_sweep_runs\Case1DConsolidation_PR_SW2C_T0p0030_Xi0p03_S40_dual.log","Case1DConsolidation_PR_SW2C_T0p0030_Xi0p03_S40_dual.log",".log","26772","2026/05/08 18:26:16"
"D:\MYF\SPH\GeoDualSPHysics_v5.2\examples\u-pw\01_1D_Consolidation\experiments\SelfWeightUndrainedSweep\SW2c_sweep_runs\Case1DConsolidation_PR_SW2C_T0p0030_Xi0p03_S40_gencase.log","Case1DConsolidation_PR_SW2C_T0p0030_Xi0p03_S40_gencase.log",".log","12310","2026/05/08 18:24:28"
"D:\MYF\SPH\GeoDualSPHysics_v5.2\examples\u-pw\01_1D_Consolidation\experiments\SelfWeightUndrainedSweep\SW2c_sweep_runs\Case1DConsolidation_PR_SW2C_T0p0030_Xi0p05_S0_dual.log","Case1DConsolidation_PR_SW2C_T0p0030_Xi0p05_S0_dual.log",".log","25958","2026/05/08 18:28:03"
"D:\MYF\SPH\GeoDualSPHysics_v5.2\examples\u-pw\01_1D_Consolidation\experiments\SelfWeightUndrainedSweep\SW2c_sweep_runs\Case1DConsolidation_PR_SW2C_T0p0030_Xi0p05_S0_gencase.log","Case1DConsolidation_PR_SW2C_T0p0030_Xi0p05_S0_gencase.log",".log","12260","2026/05/08 18:26:16"
"D:\MYF\SPH\GeoDualSPHysics_v5.2\examples\u-pw\01_1D_Consolidation\experiments\SelfWeightUndrainedSweep\SW2c_sweep_runs\Case1DConsolidation_PR_SW2C_T0p0030_Xi0p05_S20_dual.log","Case1DConsolidation_PR_SW2C_T0p0030_Xi0p05_S20_dual.log",".log","26772","2026/05/08 18:29:52"
"D:\MYF\SPH\GeoDualSPHysics_v5.2\examples\u-pw\01_1D_Consolidation\experiments\SelfWeightUndrainedSweep\SW2c_sweep_runs\Case1DConsolidation_PR_SW2C_T0p0030_Xi0p05_S20_gencase.log","Case1DConsolidation_PR_SW2C_T0p0030_Xi0p05_S20_gencase.log",".log","12310","2026/05/08 18:28:04"
"D:\MYF\SPH\GeoDualSPHysics_v5.2\examples\u-pw\01_1D_Consolidation\experiments\SelfWeightUndrainedSweep\SW2c_sweep_runs\Case1DConsolidation_PR_SW2C_T0p0030_Xi0p05_S40_dual.log","Case1DConsolidation_PR_SW2C_T0p0030_Xi0p05_S40_dual.log",".log","26772","2026/05/08 18:32:05"
"D:\MYF\SPH\GeoDualSPHysics_v5.2\examples\u-pw\01_1D_Consolidation\experiments\SelfWeightUndrainedSweep\SW2c_sweep_runs\Case1DConsolidation_PR_SW2C_T0p0030_Xi0p05_S40_gencase.log","Case1DConsolidation_PR_SW2C_T0p0030_Xi0p05_S40_gencase.log",".log","12310","2026/05/08 18:29:52"
"D:\MYF\SPH\GeoDualSPHysics_v5.2\examples\u-pw\01_1D_Consolidation\experiments\SelfWeightUndrainedSweep\SW2c_sweep_runs\Case1DConsolidation_PR_SW2C_T0p0030_Xi4em5_S0_dual.log","Case1DConsolidation_PR_SW2C_T0p0030_Xi4em5_S0_dual.log",".log","25978","2026/05/08 18:11:49"
"D:\MYF\SPH\GeoDualSPHysics_v5.2\examples\u-pw\01_1D_Consolidation\experiments\SelfWeightUndrainedSweep\SW2c_sweep_runs\Case1DConsolidation_PR_SW2C_T0p0030_Xi4em5_S0_gencase.log","Case1DConsolidation_PR_SW2C_T0p0030_Xi4em5_S0_gencase.log",".log","12260","2026/05/08 18:10:02"
"D:\MYF\SPH\GeoDualSPHysics_v5.2\examples\u-pw\01_1D_Consolidation\experiments\SelfWeightUndrainedSweep\SW2c_sweep_runs\Case1DConsolidation_PR_SW2C_T0p0030_Xi4em5_S20_dual.log","Case1DConsolidation_PR_SW2C_T0p0030_Xi4em5_S20_dual.log",".log","26792","2026/05/08 18:13:37"
"D:\MYF\SPH\GeoDualSPHysics_v5.2\examples\u-pw\01_1D_Consolidation\experiments\SelfWeightUndrainedSweep\SW2c_sweep_runs\Case1DConsolidation_PR_SW2C_T0p0030_Xi4em5_S20_gencase.log","Case1DConsolidation_PR_SW2C_T0p0030_Xi4em5_S20_gencase.log",".log","12310","2026/05/08 18:11:49"
"D:\MYF\SPH\GeoDualSPHysics_v5.2\examples\u-pw\01_1D_Consolidation\experiments\SelfWeightUndrainedSweep\SW2c_sweep_runs\Case1DConsolidation_PR_SW2C_T0p0030_Xi4em5_S40_dual.log","Case1DConsolidation_PR_SW2C_T0p0030_Xi4em5_S40_dual.log",".log","26792","2026/05/08 18:15:24"
"D:\MYF\SPH\GeoDualSPHysics_v5.2\examples\u-pw\01_1D_Consolidation\experiments\SelfWeightUndrainedSweep\SW2c_sweep_runs\Case1DConsolidation_PR_SW2C_T0p0030_Xi4em5_S40_gencase.log","Case1DConsolidation_PR_SW2C_T0p0030_Xi4em5_S40_gencase.log",".log","12310","2026/05/08 18:13:37"
"D:\MYF\SPH\GeoDualSPHysics_v5.2\examples\u-pw\01_1D_Consolidation\experiments\SelfWeightUndrainedSweep\SW2c_sweep_runs\run_status.csv","run_status.csv",".csv","3337","2026/05/08 18:32:05"
"D:\MYF\SPH\GeoDualSPHysics_v5.2\examples\u-pw\01_1D_Consolidation\experiments\SelfWeightUndrainedSweep\SW2c_sweep_runs\sw2c_analysis_summary.csv","sw2c_analysis_summary.csv",".csv","25870","2026/05/08 18:34:16"
"D:\MYF\SPH\GeoDualSPHysics_v5.2\examples\u-pw\01_1D_Consolidation\experiments\SelfWeightUndrainedSweep\SW2c_sweep_runs\xml\Case1DConsolidation_PR_SW2C_T0p0015_Xi0p01_S0_Def.xml","Case1DConsolidation_PR_SW2C_T0p0015_Xi0p01_S0_Def.xml",".xml","12326","2026/05/08 17:28:53"
"D:\MYF\SPH\GeoDualSPHysics_v5.2\examples\u-pw\01_1D_Consolidation\experiments\SelfWeightUndrainedSweep\SW2c_sweep_runs\xml\Case1DConsolidation_PR_SW2C_T0p0015_Xi0p01_S20_Def.xml","Case1DConsolidation_PR_SW2C_T0p0015_Xi0p01_S20_Def.xml",".xml","12326","2026/05/08 17:29:47"
"D:\MYF\SPH\GeoDualSPHysics_v5.2\examples\u-pw\01_1D_Consolidation\experiments\SelfWeightUndrainedSweep\SW2c_sweep_runs\xml\Case1DConsolidation_PR_SW2C_T0p0015_Xi0p01_S40_Def.xml","Case1DConsolidation_PR_SW2C_T0p0015_Xi0p01_S40_Def.xml",".xml","12326","2026/05/08 17:30:40"
"D:\MYF\SPH\GeoDualSPHysics_v5.2\examples\u-pw\01_1D_Consolidation\experiments\SelfWeightUndrainedSweep\SW2c_sweep_runs\xml\Case1DConsolidation_PR_SW2C_T0p0015_Xi0p03_S0_Def.xml","Case1DConsolidation_PR_SW2C_T0p0015_Xi0p03_S0_Def.xml",".xml","12326","2026/05/08 17:31:35"
"D:\MYF\SPH\GeoDualSPHysics_v5.2\examples\u-pw\01_1D_Consolidation\experiments\SelfWeightUndrainedSweep\SW2c_sweep_runs\xml\Case1DConsolidation_PR_SW2C_T0p0015_Xi0p03_S20_Def.xml","Case1DConsolidation_PR_SW2C_T0p0015_Xi0p03_S20_Def.xml",".xml","12326","2026/05/08 17:32:52"
"D:\MYF\SPH\GeoDualSPHysics_v5.2\examples\u-pw\01_1D_Consolidation\experiments\SelfWeightUndrainedSweep\SW2c_sweep_runs\xml\Case1DConsolidation_PR_SW2C_T0p0015_Xi0p03_S40_Def.xml","Case1DConsolidation_PR_SW2C_T0p0015_Xi0p03_S40_Def.xml",".xml","12326","2026/05/08 17:33:45"
"D:\MYF\SPH\GeoDualSPHysics_v5.2\examples\u-pw\01_1D_Consolidation\experiments\SelfWeightUndrainedSweep\SW2c_sweep_runs\xml\Case1DConsolidation_PR_SW2C_T0p0015_Xi0p05_S0_Def.xml","Case1DConsolidation_PR_SW2C_T0p0015_Xi0p05_S0_Def.xml",".xml","12326","2026/05/08 17:34:39"
"D:\MYF\SPH\GeoDualSPHysics_v5.2\examples\u-pw\01_1D_Consolidation\experiments\SelfWeightUndrainedSweep\SW2c_sweep_runs\xml\Case1DConsolidation_PR_SW2C_T0p0015_Xi0p05_S20_Def.xml","Case1DConsolidation_PR_SW2C_T0p0015_Xi0p05_S20_Def.xml",".xml","12326","2026/05/08 17:35:33"
"D:\MYF\SPH\GeoDualSPHysics_v5.2\examples\u-pw\01_1D_Consolidation\experiments\SelfWeightUndrainedSweep\SW2c_sweep_runs\xml\Case1DConsolidation_PR_SW2C_T0p0015_Xi0p05_S40_Def.xml","Case1DConsolidation_PR_SW2C_T0p0015_Xi0p05_S40_Def.xml",".xml","12326","2026/05/08 17:36:27"
"D:\MYF\SPH\GeoDualSPHysics_v5.2\examples\u-pw\01_1D_Consolidation\experiments\SelfWeightUndrainedSweep\SW2c_sweep_runs\xml\Case1DConsolidation_PR_SW2C_T0p0015_Xi4em5_S0_Def.xml","Case1DConsolidation_PR_SW2C_T0p0015_Xi4em5_S0_Def.xml",".xml","12326","2026/05/08 17:26:15"
"D:\MYF\SPH\GeoDualSPHysics_v5.2\examples\u-pw\01_1D_Consolidation\experiments\SelfWeightUndrainedSweep\SW2c_sweep_runs\xml\Case1DConsolidation_PR_SW2C_T0p0015_Xi4em5_S20_Def.xml","Case1DConsolidation_PR_SW2C_T0p0015_Xi4em5_S20_Def.xml",".xml","12326","2026/05/08 17:27:05"
"D:\MYF\SPH\GeoDualSPHysics_v5.2\examples\u-pw\01_1D_Consolidation\experiments\SelfWeightUndrainedSweep\SW2c_sweep_runs\xml\Case1DConsolidation_PR_SW2C_T0p0015_Xi4em5_S40_Def.xml","Case1DConsolidation_PR_SW2C_T0p0015_Xi4em5_S40_Def.xml",".xml","12326","2026/05/08 17:27:59"
"D:\MYF\SPH\GeoDualSPHysics_v5.2\examples\u-pw\01_1D_Consolidation\experiments\SelfWeightUndrainedSweep\SW2c_sweep_runs\xml\Case1DConsolidation_PR_SW2C_T0p0020_Xi0p01_S0_Def.xml","Case1DConsolidation_PR_SW2C_T0p0020_Xi0p01_S0_Def.xml",".xml","12326","2026/05/08 17:40:56"
"D:\MYF\SPH\GeoDualSPHysics_v5.2\examples\u-pw\01_1D_Consolidation\experiments\SelfWeightUndrainedSweep\SW2c_sweep_runs\xml\Case1DConsolidation_PR_SW2C_T0p0020_Xi0p01_S20_Def.xml","Case1DConsolidation_PR_SW2C_T0p0020_Xi0p01_S20_Def.xml",".xml","12326","2026/05/08 17:42:07"
"D:\MYF\SPH\GeoDualSPHysics_v5.2\examples\u-pw\01_1D_Consolidation\experiments\SelfWeightUndrainedSweep\SW2c_sweep_runs\xml\Case1DConsolidation_PR_SW2C_T0p0020_Xi0p01_S40_Def.xml","Case1DConsolidation_PR_SW2C_T0p0020_Xi0p01_S40_Def.xml",".xml","12326","2026/05/08 17:43:20"
"D:\MYF\SPH\GeoDualSPHysics_v5.2\examples\u-pw\01_1D_Consolidation\experiments\SelfWeightUndrainedSweep\SW2c_sweep_runs\xml\Case1DConsolidation_PR_SW2C_T0p0020_Xi0p03_S0_Def.xml","Case1DConsolidation_PR_SW2C_T0p0020_Xi0p03_S0_Def.xml",".xml","12326","2026/05/08 17:44:31"
"D:\MYF\SPH\GeoDualSPHysics_v5.2\examples\u-pw\01_1D_Consolidation\experiments\SelfWeightUndrainedSweep\SW2c_sweep_runs\xml\Case1DConsolidation_PR_SW2C_T0p0020_Xi0p03_S20_Def.xml","Case1DConsolidation_PR_SW2C_T0p0020_Xi0p03_S20_Def.xml",".xml","12326","2026/05/08 17:45:43"
"D:\MYF\SPH\GeoDualSPHysics_v5.2\examples\u-pw\01_1D_Consolidation\experiments\SelfWeightUndrainedSweep\SW2c_sweep_runs\xml\Case1DConsolidation_PR_SW2C_T0p0020_Xi0p03_S40_Def.xml","Case1DConsolidation_PR_SW2C_T0p0020_Xi0p03_S40_Def.xml",".xml","12326","2026/05/08 17:46:55"
"D:\MYF\SPH\GeoDualSPHysics_v5.2\examples\u-pw\01_1D_Consolidation\experiments\SelfWeightUndrainedSweep\SW2c_sweep_runs\xml\Case1DConsolidation_PR_SW2C_T0p0020_Xi0p05_S0_Def.xml","Case1DConsolidation_PR_SW2C_T0p0020_Xi0p05_S0_Def.xml",".xml","12326","2026/05/08 17:48:07"
"D:\MYF\SPH\GeoDualSPHysics_v5.2\examples\u-pw\01_1D_Consolidation\experiments\SelfWeightUndrainedSweep\SW2c_sweep_runs\xml\Case1DConsolidation_PR_SW2C_T0p0020_Xi0p05_S20_Def.xml","Case1DConsolidation_PR_SW2C_T0p0020_Xi0p05_S20_Def.xml",".xml","12326","2026/05/08 17:49:19"
"D:\MYF\SPH\GeoDualSPHysics_v5.2\examples\u-pw\01_1D_Consolidation\experiments\SelfWeightUndrainedSweep\SW2c_sweep_runs\xml\Case1DConsolidation_PR_SW2C_T0p0020_Xi0p05_S40_Def.xml","Case1DConsolidation_PR_SW2C_T0p0020_Xi0p05_S40_Def.xml",".xml","12326","2026/05/08 17:50:35"
"D:\MYF\SPH\GeoDualSPHysics_v5.2\examples\u-pw\01_1D_Consolidation\experiments\SelfWeightUndrainedSweep\SW2c_sweep_runs\xml\Case1DConsolidation_PR_SW2C_T0p0020_Xi4em5_S0_Def.xml","Case1DConsolidation_PR_SW2C_T0p0020_Xi4em5_S0_Def.xml",".xml","12326","2026/05/08 17:37:21"
"D:\MYF\SPH\GeoDualSPHysics_v5.2\examples\u-pw\01_1D_Consolidation\experiments\SelfWeightUndrainedSweep\SW2c_sweep_runs\xml\Case1DConsolidation_PR_SW2C_T0p0020_Xi4em5_S20_Def.xml","Case1DConsolidation_PR_SW2C_T0p0020_Xi4em5_S20_Def.xml",".xml","12326","2026/05/08 17:38:32"
"D:\MYF\SPH\GeoDualSPHysics_v5.2\examples\u-pw\01_1D_Consolidation\experiments\SelfWeightUndrainedSweep\SW2c_sweep_runs\xml\Case1DConsolidation_PR_SW2C_T0p0020_Xi4em5_S40_Def.xml","Case1DConsolidation_PR_SW2C_T0p0020_Xi4em5_S40_Def.xml",".xml","12326","2026/05/08 17:39:44"
"D:\MYF\SPH\GeoDualSPHysics_v5.2\examples\u-pw\01_1D_Consolidation\experiments\SelfWeightUndrainedSweep\SW2c_sweep_runs\xml\Case1DConsolidation_PR_SW2C_T0p0025_Xi0p01_S0_Def.xml","Case1DConsolidation_PR_SW2C_T0p0025_Xi0p01_S0_Def.xml",".xml","12326","2026/05/08 17:56:17"
"D:\MYF\SPH\GeoDualSPHysics_v5.2\examples\u-pw\01_1D_Consolidation\experiments\SelfWeightUndrainedSweep\SW2c_sweep_runs\xml\Case1DConsolidation_PR_SW2C_T0p0025_Xi0p01_S20_Def.xml","Case1DConsolidation_PR_SW2C_T0p0025_Xi0p01_S20_Def.xml",".xml","12326","2026/05/08 17:57:47"
"D:\MYF\SPH\GeoDualSPHysics_v5.2\examples\u-pw\01_1D_Consolidation\experiments\SelfWeightUndrainedSweep\SW2c_sweep_runs\xml\Case1DConsolidation_PR_SW2C_T0p0025_Xi0p01_S40_Def.xml","Case1DConsolidation_PR_SW2C_T0p0025_Xi0p01_S40_Def.xml",".xml","12326","2026/05/08 17:59:17"
"D:\MYF\SPH\GeoDualSPHysics_v5.2\examples\u-pw\01_1D_Consolidation\experiments\SelfWeightUndrainedSweep\SW2c_sweep_runs\xml\Case1DConsolidation_PR_SW2C_T0p0025_Xi0p03_S0_Def.xml","Case1DConsolidation_PR_SW2C_T0p0025_Xi0p03_S0_Def.xml",".xml","12326","2026/05/08 18:00:47"
"D:\MYF\SPH\GeoDualSPHysics_v5.2\examples\u-pw\01_1D_Consolidation\experiments\SelfWeightUndrainedSweep\SW2c_sweep_runs\xml\Case1DConsolidation_PR_SW2C_T0p0025_Xi0p03_S20_Def.xml","Case1DConsolidation_PR_SW2C_T0p0025_Xi0p03_S20_Def.xml",".xml","12326","2026/05/08 18:02:16"
"D:\MYF\SPH\GeoDualSPHysics_v5.2\examples\u-pw\01_1D_Consolidation\experiments\SelfWeightUndrainedSweep\SW2c_sweep_runs\xml\Case1DConsolidation_PR_SW2C_T0p0025_Xi0p03_S40_Def.xml","Case1DConsolidation_PR_SW2C_T0p0025_Xi0p03_S40_Def.xml",".xml","12326","2026/05/08 18:03:46"
"D:\MYF\SPH\GeoDualSPHysics_v5.2\examples\u-pw\01_1D_Consolidation\experiments\SelfWeightUndrainedSweep\SW2c_sweep_runs\xml\Case1DConsolidation_PR_SW2C_T0p0025_Xi0p05_S0_Def.xml","Case1DConsolidation_PR_SW2C_T0p0025_Xi0p05_S0_Def.xml",".xml","12326","2026/05/08 18:05:16"
"D:\MYF\SPH\GeoDualSPHysics_v5.2\examples\u-pw\01_1D_Consolidation\experiments\SelfWeightUndrainedSweep\SW2c_sweep_runs\xml\Case1DConsolidation_PR_SW2C_T0p0025_Xi0p05_S20_Def.xml","Case1DConsolidation_PR_SW2C_T0p0025_Xi0p05_S20_Def.xml",".xml","12326","2026/05/08 18:07:03"
"D:\MYF\SPH\GeoDualSPHysics_v5.2\examples\u-pw\01_1D_Consolidation\experiments\SelfWeightUndrainedSweep\SW2c_sweep_runs\xml\Case1DConsolidation_PR_SW2C_T0p0025_Xi0p05_S40_Def.xml","Case1DConsolidation_PR_SW2C_T0p0025_Xi0p05_S40_Def.xml",".xml","12326","2026/05/08 18:08:33"
"D:\MYF\SPH\GeoDualSPHysics_v5.2\examples\u-pw\01_1D_Consolidation\experiments\SelfWeightUndrainedSweep\SW2c_sweep_runs\xml\Case1DConsolidation_PR_SW2C_T0p0025_Xi4em5_S0_Def.xml","Case1DConsolidation_PR_SW2C_T0p0025_Xi4em5_S0_Def.xml",".xml","12326","2026/05/08 17:51:47"
"D:\MYF\SPH\GeoDualSPHysics_v5.2\examples\u-pw\01_1D_Consolidation\experiments\SelfWeightUndrainedSweep\SW2c_sweep_runs\xml\Case1DConsolidation_PR_SW2C_T0p0025_Xi4em5_S20_Def.xml","Case1DConsolidation_PR_SW2C_T0p0025_Xi4em5_S20_Def.xml",".xml","12326","2026/05/08 17:53:17"
"D:\MYF\SPH\GeoDualSPHysics_v5.2\examples\u-pw\01_1D_Consolidation\experiments\SelfWeightUndrainedSweep\SW2c_sweep_runs\xml\Case1DConsolidation_PR_SW2C_T0p0025_Xi4em5_S40_Def.xml","Case1DConsolidation_PR_SW2C_T0p0025_Xi4em5_S40_Def.xml",".xml","12326","2026/05/08 17:54:47"
"D:\MYF\SPH\GeoDualSPHysics_v5.2\examples\u-pw\01_1D_Consolidation\experiments\SelfWeightUndrainedSweep\SW2c_sweep_runs\xml\Case1DConsolidation_PR_SW2C_T0p0030_Xi0p01_S0_Def.xml","Case1DConsolidation_PR_SW2C_T0p0030_Xi0p01_S0_Def.xml",".xml","12326","2026/05/08 18:15:24"
"D:\MYF\SPH\GeoDualSPHysics_v5.2\examples\u-pw\01_1D_Consolidation\experiments\SelfWeightUndrainedSweep\SW2c_sweep_runs\xml\Case1DConsolidation_PR_SW2C_T0p0030_Xi0p01_S20_Def.xml","Case1DConsolidation_PR_SW2C_T0p0030_Xi0p01_S20_Def.xml",".xml","12326","2026/05/08 18:17:11"
"D:\MYF\SPH\GeoDualSPHysics_v5.2\examples\u-pw\01_1D_Consolidation\experiments\SelfWeightUndrainedSweep\SW2c_sweep_runs\xml\Case1DConsolidation_PR_SW2C_T0p0030_Xi0p01_S40_Def.xml","Case1DConsolidation_PR_SW2C_T0p0030_Xi0p01_S40_Def.xml",".xml","12326","2026/05/08 18:18:58"
"D:\MYF\SPH\GeoDualSPHysics_v5.2\examples\u-pw\01_1D_Consolidation\experiments\SelfWeightUndrainedSweep\SW2c_sweep_runs\xml\Case1DConsolidation_PR_SW2C_T0p0030_Xi0p03_S0_Def.xml","Case1DConsolidation_PR_SW2C_T0p0030_Xi0p03_S0_Def.xml",".xml","12326","2026/05/08 18:20:49"
"D:\MYF\SPH\GeoDualSPHysics_v5.2\examples\u-pw\01_1D_Consolidation\experiments\SelfWeightUndrainedSweep\SW2c_sweep_runs\xml\Case1DConsolidation_PR_SW2C_T0p0030_Xi0p03_S20_Def.xml","Case1DConsolidation_PR_SW2C_T0p0030_Xi0p03_S20_Def.xml",".xml","12326","2026/05/08 18:22:40"
"D:\MYF\SPH\GeoDualSPHysics_v5.2\examples\u-pw\01_1D_Consolidation\experiments\SelfWeightUndrainedSweep\SW2c_sweep_runs\xml\Case1DConsolidation_PR_SW2C_T0p0030_Xi0p03_S40_Def.xml","Case1DConsolidation_PR_SW2C_T0p0030_Xi0p03_S40_Def.xml",".xml","12326","2026/05/08 18:24:28"
"D:\MYF\SPH\GeoDualSPHysics_v5.2\examples\u-pw\01_1D_Consolidation\experiments\SelfWeightUndrainedSweep\SW2c_sweep_runs\xml\Case1DConsolidation_PR_SW2C_T0p0030_Xi0p05_S0_Def.xml","Case1DConsolidation_PR_SW2C_T0p0030_Xi0p05_S0_Def.xml",".xml","12326","2026/05/08 18:26:16"
"D:\MYF\SPH\GeoDualSPHysics_v5.2\examples\u-pw\01_1D_Consolidation\experiments\SelfWeightUndrainedSweep\SW2c_sweep_runs\xml\Case1DConsolidation_PR_SW2C_T0p0030_Xi0p05_S20_Def.xml","Case1DConsolidation_PR_SW2C_T0p0030_Xi0p05_S20_Def.xml",".xml","12326","2026/05/08 18:28:04"
"D:\MYF\SPH\GeoDualSPHysics_v5.2\examples\u-pw\01_1D_Consolidation\experiments\SelfWeightUndrainedSweep\SW2c_sweep_runs\xml\Case1DConsolidation_PR_SW2C_T0p0030_Xi0p05_S40_Def.xml","Case1DConsolidation_PR_SW2C_T0p0030_Xi0p05_S40_Def.xml",".xml","12326","2026/05/08 18:29:52"
"D:\MYF\SPH\GeoDualSPHysics_v5.2\examples\u-pw\01_1D_Consolidation\experiments\SelfWeightUndrainedSweep\SW2c_sweep_runs\xml\Case1DConsolidation_PR_SW2C_T0p0030_Xi4em5_S0_Def.xml","Case1DConsolidation_PR_SW2C_T0p0030_Xi4em5_S0_Def.xml",".xml","12326","2026/05/08 18:10:02"
"D:\MYF\SPH\GeoDualSPHysics_v5.2\examples\u-pw\01_1D_Consolidation\experiments\SelfWeightUndrainedSweep\SW2c_sweep_runs\xml\Case1DConsolidation_PR_SW2C_T0p0030_Xi4em5_S20_Def.xml","Case1DConsolidation_PR_SW2C_T0p0030_Xi4em5_S20_Def.xml",".xml","12326","2026/05/08 18:11:49"
"D:\MYF\SPH\GeoDualSPHysics_v5.2\examples\u-pw\01_1D_Consolidation\experiments\SelfWeightUndrainedSweep\SW2c_sweep_runs\xml\Case1DConsolidation_PR_SW2C_T0p0030_Xi4em5_S40_Def.xml","Case1DConsolidation_PR_SW2C_T0p0030_Xi4em5_S40_Def.xml",".xml","12326","2026/05/08 18:13:37"
"D:\MYF\SPH\GeoDualSPHysics_v5.2\examples\u-pw\01_1D_Consolidation\experiments\SelfWeightUndrainedSweep\xCase1DConsolidation_PR_SelfWeight_win64_CPU_debug.bat","xCase1DConsolidation_PR_SelfWeight_win64_CPU_debug.bat",".bat","590","2026/05/08 14:20:33"
"D:\MYF\SPH\GeoDualSPHysics_v5.2\examples\u-pw\01_1D_Consolidation\experiments\ShepardSmoke\Case1DConsolidation_PR_SW1_A_DefaultOff_Def.xml","Case1DConsolidation_PR_SW1_A_DefaultOff_Def.xml",".xml","11588","2026/05/08 13:36:29"
"D:\MYF\SPH\GeoDualSPHysics_v5.2\examples\u-pw\01_1D_Consolidation\experiments\ShepardSmoke\Case1DConsolidation_PR_SW1_B_HydroMode0_Def.xml","Case1DConsolidation_PR_SW1_B_HydroMode0_Def.xml",".xml","11588","2026/05/08 13:36:29"
"D:\MYF\SPH\GeoDualSPHysics_v5.2\examples\u-pw\01_1D_Consolidation\experiments\ShepardSmoke\Case1DConsolidation_PR_SW1_C_HydroMode1_Def.xml","Case1DConsolidation_PR_SW1_C_HydroMode1_Def.xml",".xml","11588","2026/05/08 13:36:29"
"D:\MYF\SPH\GeoDualSPHysics_v5.2\examples\u-pw\01_1D_Consolidation\experiments\ShepardSmoke\Case1DConsolidation_PR_SW1_D_Profile3PressureOnly_Def.xml","Case1DConsolidation_PR_SW1_D_Profile3PressureOnly_Def.xml",".xml","11591","2026/05/08 13:36:29"
"D:\MYF\SPH\GeoDualSPHysics_v5.2\examples\u-pw\01_1D_Consolidation\experiments\ShepardSmoke\Case1DConsolidation_PR_SW1_E_CoupledMode0_Def.xml","Case1DConsolidation_PR_SW1_E_CoupledMode0_Def.xml",".xml","11582","2026/05/08 13:36:29"
"D:\MYF\SPH\GeoDualSPHysics_v5.2\examples\u-pw\01_1D_Consolidation\experiments\ShepardSmoke\Case1DConsolidation_PR_SW1_E_CoupledMode1_Def.xml","Case1DConsolidation_PR_SW1_E_CoupledMode1_Def.xml",".xml","11582","2026/05/08 13:36:29"
"D:\MYF\SPH\GeoDualSPHysics_v5.2\examples\u-pw\01_1D_Consolidation\experiments\ShepardSmoke\Case1DConsolidation_PR_SW1_E_CoupledOff_Def.xml","Case1DConsolidation_PR_SW1_E_CoupledOff_Def.xml",".xml","11582","2026/05/08 13:36:29"
"D:\MYF\SPH\GeoDualSPHysics_v5.2\examples\u-pw\01_1D_Consolidation\experiments\ShepardSmoke\TopLoadAcc_SW1_zero.csv","TopLoadAcc_SW1_zero.csv",".csv","110","2026/05/08 13:36:29"
"D:\MYF\SPH\GeoDualSPHysics_v5.2\examples\u-pw\01_1D_Consolidation\experiments\SmallLoadLadder\Case1DConsolidation_PR_Phase4o_Loadm1_Def.xml","Case1DConsolidation_PR_Phase4o_Loadm1_Def.xml",".xml","11643","2026/05/08 11:09:59"
"D:\MYF\SPH\GeoDualSPHysics_v5.2\examples\u-pw\01_1D_Consolidation\experiments\SmallLoadLadder\Case1DConsolidation_PR_Phase4o_Loadm10_Def.xml","Case1DConsolidation_PR_Phase4o_Loadm10_Def.xml",".xml","11644","2026/05/08 11:09:59"
"D:\MYF\SPH\GeoDualSPHysics_v5.2\examples\u-pw\01_1D_Consolidation\experiments\SmallLoadLadder\Case1DConsolidation_PR_Phase4o_Loadm5_Def.xml","Case1DConsolidation_PR_Phase4o_Loadm5_Def.xml",".xml","11643","2026/05/08 11:09:59"
"D:\MYF\SPH\GeoDualSPHysics_v5.2\examples\u-pw\01_1D_Consolidation\experiments\SmallLoadLadder\Case1DConsolidation_PR_Phase4o_Loadm50_Def.xml","Case1DConsolidation_PR_Phase4o_Loadm50_Def.xml",".xml","11644","2026/05/08 11:09:59"
"D:\MYF\SPH\GeoDualSPHysics_v5.2\examples\u-pw\01_1D_Consolidation\experiments\SmallLoadLadder\TopLoadAcc_Phase4o_m1.csv","TopLoadAcc_Phase4o_m1.csv",".csv","144","2026/05/08 11:09:59"
"D:\MYF\SPH\GeoDualSPHysics_v5.2\examples\u-pw\01_1D_Consolidation\experiments\SmallLoadLadder\TopLoadAcc_Phase4o_m10.csv","TopLoadAcc_Phase4o_m10.csv",".csv","144","2026/05/08 11:09:59"
"D:\MYF\SPH\GeoDualSPHysics_v5.2\examples\u-pw\01_1D_Consolidation\experiments\SmallLoadLadder\TopLoadAcc_Phase4o_m5.csv","TopLoadAcc_Phase4o_m5.csv",".csv","144","2026/05/08 11:09:59"
"D:\MYF\SPH\GeoDualSPHysics_v5.2\examples\u-pw\01_1D_Consolidation\experiments\SmallLoadLadder\TopLoadAcc_Phase4o_m50.csv","TopLoadAcc_Phase4o_m50.csv",".csv","142","2026/05/08 11:09:59"
"D:\MYF\SPH\GeoDualSPHysics_v5.2\examples\u-pw\01_1D_Consolidation\experiments\TINT1_PorePressureTimeIntegration\README.md","README.md",".md","672","2026/05/14 18:51:49"
"D:\MYF\SPH\GeoDualSPHysics_v5.2\examples\u-pw\01_1D_Consolidation\experiments\TINT2_PorePressureEndStepUpdate\analyze_tint2_porepressure_endstep_update.py","analyze_tint2_porepressure_endstep_update.py",".py","28938","2026/05/14 20:06:20"
"D:\MYF\SPH\GeoDualSPHysics_v5.2\examples\u-pw\01_1D_Consolidation\experiments\TINT2_PorePressureEndStepUpdate\Case1DConsolidation_PR_TINT2_L3c_Op1_Mode0_Def.xml","Case1DConsolidation_PR_TINT2_L3c_Op1_Mode0_Def.xml",".xml","12302","2026/05/14 19:43:55"
"D:\MYF\SPH\GeoDualSPHysics_v5.2\examples\u-pw\01_1D_Consolidation\experiments\TINT2_PorePressureEndStepUpdate\Case1DConsolidation_PR_TINT2_L3c_Op1_Mode1_Def.xml","Case1DConsolidation_PR_TINT2_L3c_Op1_Mode1_Def.xml",".xml","12303","2026/05/14 19:43:55"
"D:\MYF\SPH\GeoDualSPHysics_v5.2\examples\u-pw\01_1D_Consolidation\experiments\TINT2_PorePressureEndStepUpdate\Case1DConsolidation_PR_TINT2_L3c_Op2_Mode0_Def.xml","Case1DConsolidation_PR_TINT2_L3c_Op2_Mode0_Def.xml",".xml","12307","2026/05/14 19:43:55"
"D:\MYF\SPH\GeoDualSPHysics_v5.2\examples\u-pw\01_1D_Consolidation\experiments\TINT2_PorePressureEndStepUpdate\Case1DConsolidation_PR_TINT2_L3c_Op2_Mode1_Def.xml","Case1DConsolidation_PR_TINT2_L3c_Op2_Mode1_Def.xml",".xml","12308","2026/05/14 19:43:55"
"D:\MYF\SPH\GeoDualSPHysics_v5.2\examples\u-pw\01_1D_Consolidation\experiments\TINT2_PorePressureEndStepUpdate\Case1DConsolidation_PR_TINT2_L5_Op1_Mode0_Def.xml","Case1DConsolidation_PR_TINT2_L5_Op1_Mode0_Def.xml",".xml","12602","2026/05/14 19:43:55"
"D:\MYF\SPH\GeoDualSPHysics_v5.2\examples\u-pw\01_1D_Consolidation\experiments\TINT2_PorePressureEndStepUpdate\Case1DConsolidation_PR_TINT2_L5_Op1_Mode1_Def.xml","Case1DConsolidation_PR_TINT2_L5_Op1_Mode1_Def.xml",".xml","12603","2026/05/14 19:43:55"
"D:\MYF\SPH\GeoDualSPHysics_v5.2\examples\u-pw\01_1D_Consolidation\experiments\TINT2_PorePressureEndStepUpdate\Case1DConsolidation_PR_TINT2_L5_Op2_Mode0_Def.xml","Case1DConsolidation_PR_TINT2_L5_Op2_Mode0_Def.xml",".xml","12608","2026/05/14 19:43:55"
"D:\MYF\SPH\GeoDualSPHysics_v5.2\examples\u-pw\01_1D_Consolidation\experiments\TINT2_PorePressureEndStepUpdate\Case1DConsolidation_PR_TINT2_L5_Op2_Mode1_Def.xml","Case1DConsolidation_PR_TINT2_L5_Op2_Mode1_Def.xml",".xml","12609","2026/05/14 19:43:55"
"D:\MYF\SPH\GeoDualSPHysics_v5.2\examples\u-pw\01_1D_Consolidation\experiments\TINT2_PorePressureEndStepUpdate\Case1DConsolidation_PR_TINT2_Verlet_L3c_Op1_Mode0_Def.xml","Case1DConsolidation_PR_TINT2_Verlet_L3c_Op1_Mode0_Def.xml",".xml","12302","2026/05/14 19:43:55"
"D:\MYF\SPH\GeoDualSPHysics_v5.2\examples\u-pw\01_1D_Consolidation\experiments\TINT2_PorePressureEndStepUpdate\Case1DConsolidation_PR_TINT2_Verlet_L3c_Op1_Mode1_Def.xml","Case1DConsolidation_PR_TINT2_Verlet_L3c_Op1_Mode1_Def.xml",".xml","12303","2026/05/14 19:43:55"
"D:\MYF\SPH\GeoDualSPHysics_v5.2\examples\u-pw\01_1D_Consolidation\experiments\TINT2_PorePressureEndStepUpdate\figures\tint2_bnd1_mode2_feedbackoff_profiles.png","tint2_bnd1_mode2_feedbackoff_profiles.png",".png","46553","2026/05/14 20:06:31"
"D:\MYF\SPH\GeoDualSPHysics_v5.2\examples\u-pw\01_1D_Consolidation\experiments\TINT2_PorePressureEndStepUpdate\figures\tint2_bnd1_mode2_feedbackoff_profiles.svg","tint2_bnd1_mode2_feedbackoff_profiles.svg",".svg","36788","2026/05/14 20:06:31"
"D:\MYF\SPH\GeoDualSPHysics_v5.2\examples\u-pw\01_1D_Consolidation\experiments\TINT2_PorePressureEndStepUpdate\figures\tint2_bnd1_mode2_feedbackon_excluded.png","tint2_bnd1_mode2_feedbackon_excluded.png",".png","32993","2026/05/14 20:06:32"
"D:\MYF\SPH\GeoDualSPHysics_v5.2\examples\u-pw\01_1D_Consolidation\experiments\TINT2_PorePressureEndStepUpdate\figures\tint2_bnd1_mode2_feedbackon_excluded.svg","tint2_bnd1_mode2_feedbackon_excluded.svg",".svg","24851","2026/05/14 20:06:32"
"D:\MYF\SPH\GeoDualSPHysics_v5.2\examples\u-pw\01_1D_Consolidation\experiments\TINT2_PorePressureEndStepUpdate\figures\tint2_bottom_noflux.png","tint2_bottom_noflux.png",".png","71200","2026/05/14 20:06:33"
"D:\MYF\SPH\GeoDualSPHysics_v5.2\examples\u-pw\01_1D_Consolidation\experiments\TINT2_PorePressureEndStepUpdate\figures\tint2_bottom_noflux.svg","tint2_bottom_noflux.svg",".svg","56228","2026/05/14 20:06:33"
"D:\MYF\SPH\GeoDualSPHysics_v5.2\examples\u-pw\01_1D_Consolidation\experiments\TINT2_PorePressureEndStepUpdate\figures\tint2_deltaP_correction.png","tint2_deltaP_correction.png",".png","81537","2026/05/14 20:06:34"
"D:\MYF\SPH\GeoDualSPHysics_v5.2\examples\u-pw\01_1D_Consolidation\experiments\TINT2_PorePressureEndStepUpdate\figures\tint2_deltaP_correction.svg","tint2_deltaP_correction.svg",".svg","56840","2026/05/14 20:06:34"
"D:\MYF\SPH\GeoDualSPHysics_v5.2\examples\u-pw\01_1D_Consolidation\experiments\TINT2_PorePressureEndStepUpdate\figures\tint2_deltaP_rate_actual.png","tint2_deltaP_rate_actual.png",".png","72903","2026/05/14 20:06:33"
"D:\MYF\SPH\GeoDualSPHysics_v5.2\examples\u-pw\01_1D_Consolidation\experiments\TINT2_PorePressureEndStepUpdate\figures\tint2_deltaP_rate_actual.svg","tint2_deltaP_rate_actual.svg",".svg","54411","2026/05/14 20:06:34"
"D:\MYF\SPH\GeoDualSPHysics_v5.2\examples\u-pw\01_1D_Consolidation\experiments\TINT2_PorePressureEndStepUpdate\figures\tint2_integrator_path_summary.png","tint2_integrator_path_summary.png",".png","41550","2026/05/14 20:06:35"
"D:\MYF\SPH\GeoDualSPHysics_v5.2\examples\u-pw\01_1D_Consolidation\experiments\TINT2_PorePressureEndStepUpdate\figures\tint2_integrator_path_summary.svg","tint2_integrator_path_summary.svg",".svg","29700","2026/05/14 20:06:35"
"D:\MYF\SPH\GeoDualSPHysics_v5.2\examples\u-pw\01_1D_Consolidation\experiments\TINT2_PorePressureEndStepUpdate\figures\tint2_l3c_bottom_excess.png","tint2_l3c_bottom_excess.png",".png","64566","2026/05/14 20:06:30"
"D:\MYF\SPH\GeoDualSPHysics_v5.2\examples\u-pw\01_1D_Consolidation\experiments\TINT2_PorePressureEndStepUpdate\figures\tint2_l3c_bottom_excess.svg","tint2_l3c_bottom_excess.svg",".svg","38955","2026/05/14 20:06:30"
"D:\MYF\SPH\GeoDualSPHysics_v5.2\examples\u-pw\01_1D_Consolidation\experiments\TINT2_PorePressureEndStepUpdate\figures\tint2_l3c_mode0_mode1_profiles.png","tint2_l3c_mode0_mode1_profiles.png",".png","59413","2026/05/14 20:06:29"
"D:\MYF\SPH\GeoDualSPHysics_v5.2\examples\u-pw\01_1D_Consolidation\experiments\TINT2_PorePressureEndStepUpdate\figures\tint2_l3c_mode0_mode1_profiles.svg","tint2_l3c_mode0_mode1_profiles.svg",".svg","38392","2026/05/14 20:06:29"
"D:\MYF\SPH\GeoDualSPHysics_v5.2\examples\u-pw\01_1D_Consolidation\experiments\TINT2_PorePressureEndStepUpdate\figures\tint2_l3c_profile_rmse.png","tint2_l3c_profile_rmse.png",".png","35182","2026/05/14 20:06:30"
"D:\MYF\SPH\GeoDualSPHysics_v5.2\examples\u-pw\01_1D_Consolidation\experiments\TINT2_PorePressureEndStepUpdate\figures\tint2_l3c_profile_rmse.svg","tint2_l3c_profile_rmse.svg",".svg","26070","2026/05/14 20:06:30"
"D:\MYF\SPH\GeoDualSPHysics_v5.2\examples\u-pw\01_1D_Consolidation\experiments\TINT2_PorePressureEndStepUpdate\figures\tint2_l5_divvel.png","tint2_l5_divvel.png",".png","58943","2026/05/14 20:06:31"
"D:\MYF\SPH\GeoDualSPHysics_v5.2\examples\u-pw\01_1D_Consolidation\experiments\TINT2_PorePressureEndStepUpdate\figures\tint2_l5_divvel.svg","tint2_l5_divvel.svg",".svg","33529","2026/05/14 20:06:31"
"D:\MYF\SPH\GeoDualSPHysics_v5.2\examples\u-pw\01_1D_Consolidation\experiments\TINT2_PorePressureEndStepUpdate\figures\tint2_l5_porepressrate.png","tint2_l5_porepressrate.png",".png","66672","2026/05/14 20:06:30"
"D:\MYF\SPH\GeoDualSPHysics_v5.2\examples\u-pw\01_1D_Consolidation\experiments\TINT2_PorePressureEndStepUpdate\figures\tint2_l5_porepressrate.svg","tint2_l5_porepressrate.svg",".svg","37555","2026/05/14 20:06:31"
"D:\MYF\SPH\GeoDualSPHysics_v5.2\examples\u-pw\01_1D_Consolidation\experiments\TINT2_PorePressureEndStepUpdate\figures\tint2_top_residual.png","tint2_top_residual.png",".png","50454","2026/05/14 20:06:32"
"D:\MYF\SPH\GeoDualSPHysics_v5.2\examples\u-pw\01_1D_Consolidation\experiments\TINT2_PorePressureEndStepUpdate\figures\tint2_top_residual.svg","tint2_top_residual.svg",".svg","51309","2026/05/14 20:06:32"
"D:\MYF\SPH\GeoDualSPHysics_v5.2\examples\u-pw\01_1D_Consolidation\experiments\TINT2_PorePressureEndStepUpdate\make_tint2_cases.py","make_tint2_cases.py",".py","4032","2026/05/14 19:43:51"
"D:\MYF\SPH\GeoDualSPHysics_v5.2\examples\u-pw\01_1D_Consolidation\experiments\TINT2_PorePressureEndStepUpdate\README.md","README.md",".md","932","2026/05/14 20:09:18"
"D:\MYF\SPH\GeoDualSPHysics_v5.2\examples\u-pw\01_1D_Consolidation\experiments\TINT2_PorePressureEndStepUpdate\tint2_bnd1_mode2_comparison.csv","tint2_bnd1_mode2_comparison.csv",".csv","948","2026/05/14 20:06:29"
"D:\MYF\SPH\GeoDualSPHysics_v5.2\examples\u-pw\01_1D_Consolidation\experiments\TINT2_PorePressureEndStepUpdate\tint2_boundary_metrics.csv","tint2_boundary_metrics.csv",".csv","4226","2026/05/14 20:06:29"
"D:\MYF\SPH\GeoDualSPHysics_v5.2\examples\u-pw\01_1D_Consolidation\experiments\TINT2_PorePressureEndStepUpdate\tint2_case_summary.csv","tint2_case_summary.csv",".csv","3443","2026/05/14 20:06:29"
"D:\MYF\SPH\GeoDualSPHysics_v5.2\examples\u-pw\01_1D_Consolidation\experiments\TINT2_PorePressureEndStepUpdate\tint2_deltaP_bookkeeping.csv","tint2_deltaP_bookkeeping.csv",".csv","4608","2026/05/14 20:06:29"
"D:\MYF\SPH\GeoDualSPHysics_v5.2\examples\u-pw\01_1D_Consolidation\experiments\TINT2_PorePressureEndStepUpdate\tint2_integrator_path_summary.csv","tint2_integrator_path_summary.csv",".csv","939","2026/05/14 20:06:29"
"D:\MYF\SPH\GeoDualSPHysics_v5.2\examples\u-pw\01_1D_Consolidation\experiments\TINT2_PorePressureEndStepUpdate\tint2_interface_decision_inputs.csv","tint2_interface_decision_inputs.csv",".csv","863","2026/05/14 20:06:29"
"D:\MYF\SPH\GeoDualSPHysics_v5.2\examples\u-pw\01_1D_Consolidation\experiments\TINT2_PorePressureEndStepUpdate\tint2_l3c_feedbackoff_comparison.csv","tint2_l3c_feedbackoff_comparison.csv",".csv","939","2026/05/14 20:06:29"
"D:\MYF\SPH\GeoDualSPHysics_v5.2\examples\u-pw\01_1D_Consolidation\experiments\TINT2_PorePressureEndStepUpdate\tint2_l5_feedbackon_comparison.csv","tint2_l5_feedbackon_comparison.csv",".csv","664","2026/05/14 20:06:29"
"D:\MYF\SPH\GeoDualSPHysics_v5.2\examples\u-pw\01_1D_Consolidation\experiments\TINT2_PorePressureEndStepUpdate\tint2_run_summary_raw.csv","tint2_run_summary_raw.csv",".csv","2734","2026/05/14 20:02:10"
"D:\MYF\SPH\GeoDualSPHysics_v5.2\examples\u-pw\01_1D_Consolidation\experiments\TINT2_PorePressureEndStepUpdate\tint2_stability_metrics.csv","tint2_stability_metrics.csv",".csv","5250","2026/05/14 20:06:29"
"D:\MYF\SPH\GeoDualSPHysics_v5.2\examples\u-pw\01_1D_Consolidation\experiments\TINT2_PorePressureEndStepUpdate\xCase1DConsolidation_PR_TINT2_L3c_Op1_Mode0_win64_CPU_release.bat","xCase1DConsolidation_PR_TINT2_L3c_Op1_Mode0_win64_CPU_release.bat",".bat","646","2026/05/14 19:43:55"
"D:\MYF\SPH\GeoDualSPHysics_v5.2\examples\u-pw\01_1D_Consolidation\experiments\TINT2_PorePressureEndStepUpdate\xCase1DConsolidation_PR_TINT2_L3c_Op1_Mode1_win64_CPU_release.bat","xCase1DConsolidation_PR_TINT2_L3c_Op1_Mode1_win64_CPU_release.bat",".bat","646","2026/05/14 19:43:55"
"D:\MYF\SPH\GeoDualSPHysics_v5.2\examples\u-pw\01_1D_Consolidation\experiments\TINT2_PorePressureEndStepUpdate\xCase1DConsolidation_PR_TINT2_L3c_Op2_Mode0_win64_CPU_release.bat","xCase1DConsolidation_PR_TINT2_L3c_Op2_Mode0_win64_CPU_release.bat",".bat","646","2026/05/14 19:43:55"
"D:\MYF\SPH\GeoDualSPHysics_v5.2\examples\u-pw\01_1D_Consolidation\experiments\TINT2_PorePressureEndStepUpdate\xCase1DConsolidation_PR_TINT2_L3c_Op2_Mode1_win64_CPU_release.bat","xCase1DConsolidation_PR_TINT2_L3c_Op2_Mode1_win64_CPU_release.bat",".bat","646","2026/05/14 19:43:55"
"D:\MYF\SPH\GeoDualSPHysics_v5.2\examples\u-pw\01_1D_Consolidation\experiments\TINT2_PorePressureEndStepUpdate\xCase1DConsolidation_PR_TINT2_L5_Op1_Mode0_win64_CPU_release.bat","xCase1DConsolidation_PR_TINT2_L5_Op1_Mode0_win64_CPU_release.bat",".bat","645","2026/05/14 19:43:55"
"D:\MYF\SPH\GeoDualSPHysics_v5.2\examples\u-pw\01_1D_Consolidation\experiments\TINT2_PorePressureEndStepUpdate\xCase1DConsolidation_PR_TINT2_L5_Op1_Mode1_win64_CPU_release.bat","xCase1DConsolidation_PR_TINT2_L5_Op1_Mode1_win64_CPU_release.bat",".bat","645","2026/05/14 19:43:55"
"D:\MYF\SPH\GeoDualSPHysics_v5.2\examples\u-pw\01_1D_Consolidation\experiments\TINT2_PorePressureEndStepUpdate\xCase1DConsolidation_PR_TINT2_L5_Op2_Mode0_win64_CPU_release.bat","xCase1DConsolidation_PR_TINT2_L5_Op2_Mode0_win64_CPU_release.bat",".bat","645","2026/05/14 19:43:55"
"D:\MYF\SPH\GeoDualSPHysics_v5.2\examples\u-pw\01_1D_Consolidation\experiments\TINT2_PorePressureEndStepUpdate\xCase1DConsolidation_PR_TINT2_L5_Op2_Mode1_win64_CPU_release.bat","xCase1DConsolidation_PR_TINT2_L5_Op2_Mode1_win64_CPU_release.bat",".bat","645","2026/05/14 19:43:55"
"D:\MYF\SPH\GeoDualSPHysics_v5.2\examples\u-pw\01_1D_Consolidation\experiments\TINT2_PorePressureEndStepUpdate\xCase1DConsolidation_PR_TINT2_Verlet_L3c_Op1_Mode0_win64_CPU_release.bat","xCase1DConsolidation_PR_TINT2_Verlet_L3c_Op1_Mode0_win64_CPU_release.bat",".bat","653","2026/05/14 19:43:55"
"D:\MYF\SPH\GeoDualSPHysics_v5.2\examples\u-pw\01_1D_Consolidation\experiments\TINT2_PorePressureEndStepUpdate\xCase1DConsolidation_PR_TINT2_Verlet_L3c_Op1_Mode1_win64_CPU_release.bat","xCase1DConsolidation_PR_TINT2_Verlet_L3c_Op1_Mode1_win64_CPU_release.bat",".bat","653","2026/05/14 19:43:55"
"D:\MYF\SPH\GeoDualSPHysics_v5.2\examples\u-pw\01_1D_Consolidation\experiments\TwoStageSmoke\Case1DConsolidation_PR_Coupled_Def.xml","Case1DConsolidation_PR_Coupled_Def.xml",".xml","10038","2026/05/08 0:01:04"
"D:\MYF\SPH\GeoDualSPHysics_v5.2\examples\u-pw\01_1D_Consolidation\experiments\TwoStageSmoke\Case1DConsolidation_PR_Phase4k_C_TwoStageDiff_Def.xml","Case1DConsolidation_PR_Phase4k_C_TwoStageDiff_Def.xml",".xml","10502","2026/05/08 1:18:15"
"D:\MYF\SPH\GeoDualSPHysics_v5.2\examples\u-pw\01_1D_Consolidation\experiments\TwoStageSmoke\Case1DConsolidation_PR_Phase4k_C2_TwoStageDiff001_Def.xml","Case1DConsolidation_PR_Phase4k_C2_TwoStageDiff001_Def.xml",".xml","10503","2026/05/08 1:23:43"
"D:\MYF\SPH\GeoDualSPHysics_v5.2\examples\u-pw\01_1D_Consolidation\experiments\TwoStageSmoke\Case1DConsolidation_PR_TwoStageHydroInit_Def.xml","Case1DConsolidation_PR_TwoStageHydroInit_Def.xml",".xml","10372","2026/05/08 0:23:34"
"D:\MYF\SPH\GeoDualSPHysics_v5.2\examples\u-pw\01_1D_Consolidation\experiments\TwoStageSmoke\Case1DConsolidation_PR_TwoStageHydroInit_ExcessFb_Def.xml","Case1DConsolidation_PR_TwoStageHydroInit_ExcessFb_Def.xml",".xml","10434","2026/05/08 0:37:30"
"D:\MYF\SPH\GeoDualSPHysics_v5.2\examples\u-pw\01_1D_Consolidation\experiments\TwoStageSmoke\Case1DConsolidation_PR_TwoStageSmoke_Def.xml","Case1DConsolidation_PR_TwoStageSmoke_Def.xml",".xml","10356","2026/05/08 0:18:19"
"D:\MYF\SPH\GeoDualSPHysics_v5.2\examples\u-pw\01_1D_Consolidation\experiments\TwoStageSmoke\xCase1DConsolidation_PR_Coupled_win64_CPU_debug.bat","xCase1DConsolidation_PR_Coupled_win64_CPU_debug.bat",".bat","589","2026/05/08 0:01:04"
"D:\MYF\SPH\GeoDualSPHysics_v5.2\examples\u-pw\01_1D_Consolidation\notes.md","notes.md",".md","14717","2026/05/14 20:09:00"
"D:\MYF\SPH\GeoDualSPHysics_v5.2\examples\u-pw\01_1D_Consolidation\README.md","README.md",".md","12964","2026/05/14 20:08:50"
"D:\MYF\SPH\GeoDualSPHysics_v5.2\examples\u-pw\01_1D_Consolidation\SW3h_scenario2_T3p6_xi010\analyze_sw3h.py","analyze_sw3h.py",".py","7568","2026/05/10 16:14:42"
"D:\MYF\SPH\GeoDualSPHysics_v5.2\examples\u-pw\01_1D_Consolidation\SW3h_scenario2_T3p6_xi010\figures\sw3h_bottom_porepress_time.svg","sw3h_bottom_porepress_time.svg",".svg","3962","2026/05/10 16:18:13"
"D:\MYF\SPH\GeoDualSPHysics_v5.2\examples\u-pw\01_1D_Consolidation\SW3h_scenario2_T3p6_xi010\figures\sw3h_excess_profiles.svg","sw3h_excess_profiles.svg",".svg","12107","2026/05/10 16:18:13"
"D:\MYF\SPH\GeoDualSPHysics_v5.2\examples\u-pw\01_1D_Consolidation\SW3h_scenario2_T3p6_xi010\figures\sw3h_excess_time.svg","sw3h_excess_time.svg",".svg","4694","2026/05/10 16:18:13"
"D:\MYF\SPH\GeoDualSPHysics_v5.2\examples\u-pw\01_1D_Consolidation\SW3h_scenario2_T3p6_xi010\figures\sw3h_porepress_profiles.svg","sw3h_porepress_profiles.svg",".svg","12199","2026/05/10 16:18:13"
"D:\MYF\SPH\GeoDualSPHysics_v5.2\examples\u-pw\01_1D_Consolidation\SW3h_scenario2_T3p6_xi010\plot_sw3h_si.py","plot_sw3h_si.py",".py","6952","2026/05/10 16:18:13"
"D:\MYF\SPH\GeoDualSPHysics_v5.2\examples\u-pw\01_1D_Consolidation\SW3h_scenario2_T3p6_xi010\sw3h_case_summary.csv","sw3h_case_summary.csv",".csv","746","2026/05/10 16:14:42"
"D:\MYF\SPH\GeoDualSPHysics_v5.2\examples\u-pw\01_1D_Consolidation\SW3h_scenario2_T3p6_xi010\sw3h_frame_metrics.csv","sw3h_frame_metrics.csv",".csv","13178","2026/05/10 16:14:42"
"D:\MYF\SPH\GeoDualSPHysics_v5.2\examples\u-pw\01_1D_Consolidation\xCase1DConsolidation_PR_SelfWeight_Scenario2_T3p6_Xi010_win64_CPU_release.bat","xCase1DConsolidation_PR_SelfWeight_Scenario2_T3p6_Xi010_win64_CPU_release.bat",".bat","1978","2026/05/09 20:50:51"
"D:\MYF\SPH\GeoDualSPHysics_v5.2\examples\u-pw\01_1D_Consolidation\xCase1DConsolidation_PR_win64_CPU_debug.bat","xCase1DConsolidation_PR_win64_CPU_debug.bat",".bat","581","2026/05/07 23:48:46"
"D:\MYF\SPH\GeoDualSPHysics_v5.2\examples\u-pw\02_SelfWeight_Consolidation\CaseSelfWeightConsolidation_PR_Scenario1_StageA_Def.xml","CaseSelfWeightConsolidation_PR_Scenario1_StageA_Def.xml",".xml","10450","2026/05/10 21:54:53"
"D:\MYF\SPH\GeoDualSPHysics_v5.2\examples\u-pw\02_SelfWeight_Consolidation\CaseSelfWeightConsolidation_PR_Scenario1_StageB_Def.xml","CaseSelfWeightConsolidation_PR_Scenario1_StageB_Def.xml",".xml","10322","2026/05/10 21:54:53"
"D:\MYF\SPH\GeoDualSPHysics_v5.2\examples\u-pw\02_SelfWeight_Consolidation\CaseSelfWeightConsolidation_PR_Scenario2_Def.xml","CaseSelfWeightConsolidation_PR_Scenario2_Def.xml",".xml","10378","2026/05/10 21:54:53"
"D:\MYF\SPH\GeoDualSPHysics_v5.2\examples\u-pw\02_SelfWeight_Consolidation\experiments\Analytical_Audit_A1\analytical_parameter_audit.csv","analytical_parameter_audit.csv",".csv","2308","2026/05/12 0:04:34"
"D:\MYF\SPH\GeoDualSPHysics_v5.2\examples\u-pw\02_SelfWeight_Consolidation\experiments\Analytical_Audit_A1\analytical_vs_fd_vs_gpu_bottom_excess.csv","analytical_vs_fd_vs_gpu_bottom_excess.csv",".csv","9214","2026/05/12 0:04:42"
"D:\MYF\SPH\GeoDualSPHysics_v5.2\examples\u-pw\02_SelfWeight_Consolidation\experiments\Analytical_Audit_A1\analytical_vs_fd_vs_gpu_profiles.csv","analytical_vs_fd_vs_gpu_profiles.csv",".csv","258026","2026/05/12 0:04:42"
"D:\MYF\SPH\GeoDualSPHysics_v5.2\examples\u-pw\02_SelfWeight_Consolidation\experiments\Analytical_Audit_A1\cv_sensitivity_metrics.csv","cv_sensitivity_metrics.csv",".csv","5825","2026/05/12 0:05:30"
"D:\MYF\SPH\GeoDualSPHysics_v5.2\examples\u-pw\02_SelfWeight_Consolidation\experiments\Analytical_Audit_A1\fd_reference_metrics.csv","fd_reference_metrics.csv",".csv","2037","2026/05/12 0:04:38"
"D:\MYF\SPH\GeoDualSPHysics_v5.2\examples\u-pw\02_SelfWeight_Consolidation\experiments\Analytical_Audit_A1\figures\bottom_excess_analytical_vs_fd_vs_gpu.png","bottom_excess_analytical_vs_fd_vs_gpu.png",".png","112936","2026/05/12 0:04:43"
"D:\MYF\SPH\GeoDualSPHysics_v5.2\examples\u-pw\02_SelfWeight_Consolidation\experiments\Analytical_Audit_A1\figures\bottom_excess_analytical_vs_fd_vs_gpu.svg","bottom_excess_analytical_vs_fd_vs_gpu.svg",".svg","16190","2026/05/12 0:04:42"
"D:\MYF\SPH\GeoDualSPHysics_v5.2\examples\u-pw\02_SelfWeight_Consolidation\experiments\Analytical_Audit_A1\figures\cv_sensitivity.png","cv_sensitivity.png",".png","86912","2026/05/12 0:05:47"
"D:\MYF\SPH\GeoDualSPHysics_v5.2\examples\u-pw\02_SelfWeight_Consolidation\experiments\Analytical_Audit_A1\figures\cv_sensitivity.svg","cv_sensitivity.svg",".svg","14009","2026/05/12 0:05:47"
"D:\MYF\SPH\GeoDualSPHysics_v5.2\examples\u-pw\02_SelfWeight_Consolidation\experiments\Analytical_Audit_A1\figures\error_source_ranking.png","error_source_ranking.png",".png","64589","2026/05/12 0:04:43"
"D:\MYF\SPH\GeoDualSPHysics_v5.2\examples\u-pw\02_SelfWeight_Consolidation\experiments\Analytical_Audit_A1\figures\error_source_ranking.svg","error_source_ranking.svg",".svg","11504","2026/05/12 0:04:43"
"D:\MYF\SPH\GeoDualSPHysics_v5.2\examples\u-pw\02_SelfWeight_Consolidation\experiments\Analytical_Audit_A1\figures\excess_profiles_analytical_vs_fd_vs_gpu.png","excess_profiles_analytical_vs_fd_vs_gpu.png",".png","172013","2026/05/12 0:04:43"
"D:\MYF\SPH\GeoDualSPHysics_v5.2\examples\u-pw\02_SelfWeight_Consolidation\experiments\Analytical_Audit_A1\figures\excess_profiles_analytical_vs_fd_vs_gpu.svg","excess_profiles_analytical_vs_fd_vs_gpu.svg",".svg","36565","2026/05/12 0:04:43"
"D:\MYF\SPH\GeoDualSPHysics_v5.2\examples\u-pw\02_SelfWeight_Consolidation\experiments\Analytical_Audit_A1\figures\fd_reference_variants.png","fd_reference_variants.png",".png","98578","2026/05/12 0:04:43"
"D:\MYF\SPH\GeoDualSPHysics_v5.2\examples\u-pw\02_SelfWeight_Consolidation\experiments\Analytical_Audit_A1\figures\fd_reference_variants.svg","fd_reference_variants.svg",".svg","9321","2026/05/12 0:04:43"
"D:\MYF\SPH\GeoDualSPHysics_v5.2\examples\u-pw\02_SelfWeight_Consolidation\experiments\Analytical_Audit_A1\figures\initial_excess_profile_comparison.png","initial_excess_profile_comparison.png",".png","106636","2026/05/12 0:04:42"
"D:\MYF\SPH\GeoDualSPHysics_v5.2\examples\u-pw\02_SelfWeight_Consolidation\experiments\Analytical_Audit_A1\figures\initial_excess_profile_comparison.svg","initial_excess_profile_comparison.svg",".svg","15802","2026/05/12 0:04:42"
"D:\MYF\SPH\GeoDualSPHysics_v5.2\examples\u-pw\02_SelfWeight_Consolidation\experiments\Analytical_Audit_A1\figures\time_shift_sensitivity.png","time_shift_sensitivity.png",".png","78948","2026/05/12 0:04:43"
"D:\MYF\SPH\GeoDualSPHysics_v5.2\examples\u-pw\02_SelfWeight_Consolidation\experiments\Analytical_Audit_A1\figures\time_shift_sensitivity.svg","time_shift_sensitivity.svg",".svg","15918","2026/05/12 0:04:43"
"D:\MYF\SPH\GeoDualSPHysics_v5.2\examples\u-pw\02_SelfWeight_Consolidation\experiments\Analytical_Audit_A1\initial_condition_comparison.csv","initial_condition_comparison.csv",".csv","15098","2026/05/12 0:04:41"
"D:\MYF\SPH\GeoDualSPHysics_v5.2\examples\u-pw\02_SelfWeight_Consolidation\experiments\Analytical_Audit_A1\run_a1_analytical_audit.py","run_a1_analytical_audit.py",".py","21402","2026/05/12 0:04:26"
"D:\MYF\SPH\GeoDualSPHysics_v5.2\examples\u-pw\02_SelfWeight_Consolidation\experiments\Analytical_Audit_A1\time_shift_sensitivity_metrics.csv","time_shift_sensitivity_metrics.csv",".csv","24002","2026/05/12 0:04:35"
"D:\MYF\SPH\GeoDualSPHysics_v5.2\examples\u-pw\02_SelfWeight_Consolidation\experiments\Analytical_Audit_A2_InitialState\a2_frame_metrics.csv","a2_frame_metrics.csv",".csv","15816","2026/05/12 0:32:15"
"D:\MYF\SPH\GeoDualSPHysics_v5.2\examples\u-pw\02_SelfWeight_Consolidation\experiments\Analytical_Audit_A2_InitialState\analytical_vs_measured_reference_bottom_timeseries.csv","analytical_vs_measured_reference_bottom_timeseries.csv",".csv","128202","2026/05/12 0:32:29"
"D:\MYF\SPH\GeoDualSPHysics_v5.2\examples\u-pw\02_SelfWeight_Consolidation\experiments\Analytical_Audit_A2_InitialState\analytical_vs_measured_reference_profiles.csv","analytical_vs_measured_reference_profiles.csv",".csv","185705","2026/05/12 0:32:29"
"D:\MYF\SPH\GeoDualSPHysics_v5.2\examples\u-pw\02_SelfWeight_Consolidation\experiments\Analytical_Audit_A2_InitialState\analyze_a2_initial_state.py","analyze_a2_initial_state.py",".py","29444","2026/05/12 0:32:08"
"D:\MYF\SPH\GeoDualSPHysics_v5.2\examples\u-pw\02_SelfWeight_Consolidation\experiments\Analytical_Audit_A2_InitialState\CaseSW_S2_GPU_A2_InitAudit_Def.xml","CaseSW_S2_GPU_A2_InitAudit_Def.xml",".xml","10525","2026/05/12 0:17:09"
"D:\MYF\SPH\GeoDualSPHysics_v5.2\examples\u-pw\02_SelfWeight_Consolidation\experiments\Analytical_Audit_A2_InitialState\cv_fit_metrics.csv","cv_fit_metrics.csv",".csv","3876","2026/05/12 0:32:29"
"D:\MYF\SPH\GeoDualSPHysics_v5.2\examples\u-pw\02_SelfWeight_Consolidation\experiments\Analytical_Audit_A2_InitialState\cv_fit_sensitivity.csv","cv_fit_sensitivity.csv",".csv","932450","2026/05/12 0:32:29"
"D:\MYF\SPH\GeoDualSPHysics_v5.2\examples\u-pw\02_SelfWeight_Consolidation\experiments\Analytical_Audit_A2_InitialState\effective_cv_summary.csv","effective_cv_summary.csv",".csv","3876","2026/05/12 0:32:29"
"D:\MYF\SPH\GeoDualSPHysics_v5.2\examples\u-pw\02_SelfWeight_Consolidation\experiments\Analytical_Audit_A2_InitialState\fd_reference_bottom_timeseries.csv","fd_reference_bottom_timeseries.csv",".csv","7740","2026/05/12 0:32:30"
"D:\MYF\SPH\GeoDualSPHysics_v5.2\examples\u-pw\02_SelfWeight_Consolidation\experiments\Analytical_Audit_A2_InitialState\fd_reference_metrics.csv","fd_reference_metrics.csv",".csv","459","2026/05/12 0:32:30"
"D:\MYF\SPH\GeoDualSPHysics_v5.2\examples\u-pw\02_SelfWeight_Consolidation\experiments\Analytical_Audit_A2_InitialState\figures\actual_initial_excess_vs_eq4_profiles.png","actual_initial_excess_vs_eq4_profiles.png",".png","83417","2026/05/12 0:32:30"
"D:\MYF\SPH\GeoDualSPHysics_v5.2\examples\u-pw\02_SelfWeight_Consolidation\experiments\Analytical_Audit_A2_InitialState\figures\actual_initial_excess_vs_eq4_profiles.svg","actual_initial_excess_vs_eq4_profiles.svg",".svg","55737","2026/05/12 0:32:30"
"D:\MYF\SPH\GeoDualSPHysics_v5.2\examples\u-pw\02_SelfWeight_Consolidation\experiments\Analytical_Audit_A2_InitialState\figures\bottom_excess_early_time_zoom.png","bottom_excess_early_time_zoom.png",".png","67184","2026/05/12 0:32:31"
"D:\MYF\SPH\GeoDualSPHysics_v5.2\examples\u-pw\02_SelfWeight_Consolidation\experiments\Analytical_Audit_A2_InitialState\figures\bottom_excess_early_time_zoom.svg","bottom_excess_early_time_zoom.svg",".svg","22850","2026/05/12 0:32:31"
"D:\MYF\SPH\GeoDualSPHysics_v5.2\examples\u-pw\02_SelfWeight_Consolidation\experiments\Analytical_Audit_A2_InitialState\figures\cv_fit_sensitivity.png","cv_fit_sensitivity.png",".png","64675","2026/05/12 0:32:31"
"D:\MYF\SPH\GeoDualSPHysics_v5.2\examples\u-pw\02_SelfWeight_Consolidation\experiments\Analytical_Audit_A2_InitialState\figures\cv_fit_sensitivity.svg","cv_fit_sensitivity.svg",".svg","13939","2026/05/12 0:32:31"
"D:\MYF\SPH\GeoDualSPHysics_v5.2\examples\u-pw\02_SelfWeight_Consolidation\experiments\Analytical_Audit_A2_InitialState\figures\early_time_excess_profiles_0_to_0p02s.png","early_time_excess_profiles_0_to_0p02s.png",".png","120715","2026/05/12 0:32:30"
"D:\MYF\SPH\GeoDualSPHysics_v5.2\examples\u-pw\02_SelfWeight_Consolidation\experiments\Analytical_Audit_A2_InitialState\figures\early_time_excess_profiles_0_to_0p02s.svg","early_time_excess_profiles_0_to_0p02s.svg",".svg","33719","2026/05/12 0:32:30"
"D:\MYF\SPH\GeoDualSPHysics_v5.2\examples\u-pw\02_SelfWeight_Consolidation\experiments\Analytical_Audit_A2_InitialState\figures\effective_cv_reference_comparison.png","effective_cv_reference_comparison.png",".png","53017","2026/05/12 0:32:32"
"D:\MYF\SPH\GeoDualSPHysics_v5.2\examples\u-pw\02_SelfWeight_Consolidation\experiments\Analytical_Audit_A2_InitialState\figures\effective_cv_reference_comparison.svg","effective_cv_reference_comparison.svg",".svg","13512","2026/05/12 0:32:32"
"D:\MYF\SPH\GeoDualSPHysics_v5.2\examples\u-pw\02_SelfWeight_Consolidation\experiments\Analytical_Audit_A2_InitialState\figures\fd_reference_variants.png","fd_reference_variants.png",".png","102585","2026/05/12 0:32:32"
"D:\MYF\SPH\GeoDualSPHysics_v5.2\examples\u-pw\02_SelfWeight_Consolidation\experiments\Analytical_Audit_A2_InitialState\figures\fd_reference_variants.svg","fd_reference_variants.svg",".svg","25705","2026/05/12 0:32:32"
"D:\MYF\SPH\GeoDualSPHysics_v5.2\examples\u-pw\02_SelfWeight_Consolidation\experiments\Analytical_Audit_A2_InitialState\figures\measured_initial_reference_bottom_excess_time.png","measured_initial_reference_bottom_excess_time.png",".png","120694","2026/05/12 0:32:31"
"D:\MYF\SPH\GeoDualSPHysics_v5.2\examples\u-pw\02_SelfWeight_Consolidation\experiments\Analytical_Audit_A2_InitialState\figures\measured_initial_reference_bottom_excess_time.svg","measured_initial_reference_bottom_excess_time.svg",".svg","26286","2026/05/12 0:32:31"
"D:\MYF\SPH\GeoDualSPHysics_v5.2\examples\u-pw\02_SelfWeight_Consolidation\experiments\Analytical_Audit_A2_InitialState\figures\measured_initial_reference_vs_original_analytical.png","measured_initial_reference_vs_original_analytical.png",".png","98296","2026/05/12 0:32:31"
"D:\MYF\SPH\GeoDualSPHysics_v5.2\examples\u-pw\02_SelfWeight_Consolidation\experiments\Analytical_Audit_A2_InitialState\figures\measured_initial_reference_vs_original_analytical.svg","measured_initial_reference_vs_original_analytical.svg",".svg","24436","2026/05/12 0:32:31"
"D:\MYF\SPH\GeoDualSPHysics_v5.2\examples\u-pw\02_SelfWeight_Consolidation\experiments\Analytical_Audit_A2_InitialState\figures\residual_error_after_calibration.png","residual_error_after_calibration.png",".png","71107","2026/05/12 0:32:31"
"D:\MYF\SPH\GeoDualSPHysics_v5.2\examples\u-pw\02_SelfWeight_Consolidation\experiments\Analytical_Audit_A2_InitialState\figures\residual_error_after_calibration.svg","residual_error_after_calibration.svg",".svg","9575","2026/05/12 0:32:31"
"D:\MYF\SPH\GeoDualSPHysics_v5.2\examples\u-pw\02_SelfWeight_Consolidation\experiments\Analytical_Audit_A2_InitialState\generated_initial_profile_metrics.csv","generated_initial_profile_metrics.csv",".csv","1344","2026/05/12 0:32:15"
"D:\MYF\SPH\GeoDualSPHysics_v5.2\examples\u-pw\02_SelfWeight_Consolidation\experiments\Analytical_Audit_A2_InitialState\initial_state_comparison.csv","initial_state_comparison.csv",".csv","91368","2026/05/12 0:32:15"
"D:\MYF\SPH\GeoDualSPHysics_v5.2\examples\u-pw\02_SelfWeight_Consolidation\experiments\Analytical_Audit_A2_InitialState\measured_reference_metrics.csv","measured_reference_metrics.csv",".csv","4767","2026/05/12 0:32:29"
"D:\MYF\SPH\GeoDualSPHysics_v5.2\examples\u-pw\02_SelfWeight_Consolidation\experiments\Analytical_Audit_A2_InitialState\xCaseSW_S2_GPU_A2_InitAudit_win64_GPU_release.bat","xCaseSW_S2_GPU_A2_InitAudit_win64_GPU_release.bat",".bat","589","2026/05/12 0:17:09"
"D:\MYF\SPH\GeoDualSPHysics_v5.2\examples\u-pw\02_SelfWeight_Consolidation\experiments\BoundaryGhostDiagnostics\CaseSelfWeightConsolidation_PR_BG1_Off_Def.xml","CaseSelfWeightConsolidation_PR_BG1_Off_Def.xml",".xml","10667","2026/05/10 20:35:56"
"D:\MYF\SPH\GeoDualSPHysics_v5.2\examples\u-pw\02_SelfWeight_Consolidation\experiments\BoundaryGhostDiagnostics\CaseSelfWeightConsolidation_PR_BG1_On_Def.xml","CaseSelfWeightConsolidation_PR_BG1_On_Def.xml",".xml","10906","2026/05/10 20:35:56"
"D:\MYF\SPH\GeoDualSPHysics_v5.2\examples\u-pw\02_SelfWeight_Consolidation\experiments\BoundaryGhostDiagnostics\CaseSelfWeightConsolidation_PR_BG3_HydroShort_Def.xml","CaseSelfWeightConsolidation_PR_BG3_HydroShort_Def.xml",".xml","10918","2026/05/10 20:52:18"
"D:\MYF\SPH\GeoDualSPHysics_v5.2\examples\u-pw\02_SelfWeight_Consolidation\experiments\BoundaryGhostDiagnostics\CaseSelfWeightConsolidation_PR_BG3_UniformExcess_Def.xml","CaseSelfWeightConsolidation_PR_BG3_UniformExcess_Def.xml",".xml","10924","2026/05/10 20:52:18"
"D:\MYF\SPH\GeoDualSPHysics_v5.2\examples\u-pw\02_SelfWeight_Consolidation\experiments\CPU_B1_BoundaryOperator\boundary_operator_summary_metrics.csv","boundary_operator_summary_metrics.csv",".csv","1819","2026/05/11 20:29:23"
"D:\MYF\SPH\GeoDualSPHysics_v5.2\examples\u-pw\02_SelfWeight_Consolidation\experiments\CPU_B1_BoundaryOperator\CaseB1_diffusion_profile_mode0_Def.xml","CaseB1_diffusion_profile_mode0_Def.xml",".xml","10433","2026/05/11 20:19:24"
"D:\MYF\SPH\GeoDualSPHysics_v5.2\examples\u-pw\02_SelfWeight_Consolidation\experiments\CPU_B1_BoundaryOperator\CaseB1_diffusion_profile_mode1_Def.xml","CaseB1_diffusion_profile_mode1_Def.xml",".xml","10433","2026/05/11 20:19:24"
"D:\MYF\SPH\GeoDualSPHysics_v5.2\examples\u-pw\02_SelfWeight_Consolidation\experiments\CPU_B1_BoundaryOperator\CaseB1_hydrostatic_mode0_Def.xml","CaseB1_hydrostatic_mode0_Def.xml",".xml","10432","2026/05/11 20:19:24"
"D:\MYF\SPH\GeoDualSPHysics_v5.2\examples\u-pw\02_SelfWeight_Consolidation\experiments\CPU_B1_BoundaryOperator\CaseB1_hydrostatic_mode1_Def.xml","CaseB1_hydrostatic_mode1_Def.xml",".xml","10432","2026/05/11 20:19:24"
"D:\MYF\SPH\GeoDualSPHysics_v5.2\examples\u-pw\02_SelfWeight_Consolidation\experiments\CPU_B1_BoundaryOperator\CaseB1_selfweight_short_mode0_Def.xml","CaseB1_selfweight_short_mode0_Def.xml",".xml","10439","2026/05/11 20:19:24"
"D:\MYF\SPH\GeoDualSPHysics_v5.2\examples\u-pw\02_SelfWeight_Consolidation\experiments\CPU_B1_BoundaryOperator\CaseB1_selfweight_short_mode1_Def.xml","CaseB1_selfweight_short_mode1_Def.xml",".xml","10439","2026/05/11 20:19:24"
"D:\MYF\SPH\GeoDualSPHysics_v5.2\examples\u-pw\02_SelfWeight_Consolidation\experiments\CPU_B1_BoundaryOperator\CaseB1_uniform_excess_mode0_Def.xml","CaseB1_uniform_excess_mode0_Def.xml",".xml","10433","2026/05/11 20:19:24"
"D:\MYF\SPH\GeoDualSPHysics_v5.2\examples\u-pw\02_SelfWeight_Consolidation\experiments\CPU_B1_BoundaryOperator\CaseB1_uniform_excess_mode1_Def.xml","CaseB1_uniform_excess_mode1_Def.xml",".xml","10433","2026/05/11 20:19:24"
"D:\MYF\SPH\GeoDualSPHysics_v5.2\examples\u-pw\02_SelfWeight_Consolidation\experiments\CPU_B1_BoundaryOperator\figures\boundary_operator_bottom_excess_legacy_vs_new.png","boundary_operator_bottom_excess_legacy_vs_new.png",".png","32489","2026/05/11 20:29:23"
"D:\MYF\SPH\GeoDualSPHysics_v5.2\examples\u-pw\02_SelfWeight_Consolidation\experiments\CPU_B1_BoundaryOperator\figures\boundary_operator_bottom_excess_legacy_vs_new.svg","boundary_operator_bottom_excess_legacy_vs_new.svg",".svg","35577","2026/05/11 20:29:23"
"D:\MYF\SPH\GeoDualSPHysics_v5.2\examples\u-pw\02_SelfWeight_Consolidation\experiments\CPU_B1_BoundaryOperator\figures\boundary_operator_error_vs_depth.png","boundary_operator_error_vs_depth.png",".png","29644","2026/05/11 20:29:23"
"D:\MYF\SPH\GeoDualSPHysics_v5.2\examples\u-pw\02_SelfWeight_Consolidation\experiments\CPU_B1_BoundaryOperator\figures\boundary_operator_error_vs_depth.svg","boundary_operator_error_vs_depth.svg",".svg","34347","2026/05/11 20:29:23"
"D:\MYF\SPH\GeoDualSPHysics_v5.2\examples\u-pw\02_SelfWeight_Consolidation\experiments\CPU_B1_BoundaryOperator\figures\boundary_operator_excess_profiles_legacy_vs_new.png","boundary_operator_excess_profiles_legacy_vs_new.png",".png","33973","2026/05/11 20:29:23"
"D:\MYF\SPH\GeoDualSPHysics_v5.2\examples\u-pw\02_SelfWeight_Consolidation\experiments\CPU_B1_BoundaryOperator\figures\boundary_operator_excess_profiles_legacy_vs_new.svg","boundary_operator_excess_profiles_legacy_vs_new.svg",".svg","40279","2026/05/11 20:29:23"
"D:\MYF\SPH\GeoDualSPHysics_v5.2\examples\u-pw\02_SelfWeight_Consolidation\experiments\CPU_B1_BoundaryOperator\figures\boundary_operator_hydrostatic_residual.png","boundary_operator_hydrostatic_residual.png",".png","12766","2026/05/11 20:29:23"
"D:\MYF\SPH\GeoDualSPHysics_v5.2\examples\u-pw\02_SelfWeight_Consolidation\experiments\CPU_B1_BoundaryOperator\figures\boundary_operator_hydrostatic_residual.svg","boundary_operator_hydrostatic_residual.svg",".svg","23818","2026/05/11 20:29:23"
"D:\MYF\SPH\GeoDualSPHysics_v5.2\examples\u-pw\02_SelfWeight_Consolidation\experiments\CPU_B1_BoundaryOperator\run_cpu_b1_boundary_operator.py","run_cpu_b1_boundary_operator.py",".py","16432","2026/05/11 20:08:31"
"D:\MYF\SPH\GeoDualSPHysics_v5.2\examples\u-pw\02_SelfWeight_Consolidation\experiments\CPU_B1_BoundaryOperator\xCaseB1_diffusion_profile_mode0_win64_CPU_release.bat","xCaseB1_diffusion_profile_mode0_win64_CPU_release.bat",".bat","97","2026/05/11 20:19:24"
"D:\MYF\SPH\GeoDualSPHysics_v5.2\examples\u-pw\02_SelfWeight_Consolidation\experiments\CPU_B1_BoundaryOperator\xCaseB1_diffusion_profile_mode1_win64_CPU_release.bat","xCaseB1_diffusion_profile_mode1_win64_CPU_release.bat",".bat","97","2026/05/11 20:19:24"
"D:\MYF\SPH\GeoDualSPHysics_v5.2\examples\u-pw\02_SelfWeight_Consolidation\experiments\CPU_B1_BoundaryOperator\xCaseB1_hydrostatic_mode0_win64_CPU_release.bat","xCaseB1_hydrostatic_mode0_win64_CPU_release.bat",".bat","91","2026/05/11 20:19:24"
"D:\MYF\SPH\GeoDualSPHysics_v5.2\examples\u-pw\02_SelfWeight_Consolidation\experiments\CPU_B1_BoundaryOperator\xCaseB1_hydrostatic_mode1_win64_CPU_release.bat","xCaseB1_hydrostatic_mode1_win64_CPU_release.bat",".bat","91","2026/05/11 20:19:24"
"D:\MYF\SPH\GeoDualSPHysics_v5.2\examples\u-pw\02_SelfWeight_Consolidation\experiments\CPU_B1_BoundaryOperator\xCaseB1_selfweight_short_mode0_win64_CPU_release.bat","xCaseB1_selfweight_short_mode0_win64_CPU_release.bat",".bat","96","2026/05/11 20:19:24"
"D:\MYF\SPH\GeoDualSPHysics_v5.2\examples\u-pw\02_SelfWeight_Consolidation\experiments\CPU_B1_BoundaryOperator\xCaseB1_selfweight_short_mode1_win64_CPU_release.bat","xCaseB1_selfweight_short_mode1_win64_CPU_release.bat",".bat","96","2026/05/11 20:19:24"
"D:\MYF\SPH\GeoDualSPHysics_v5.2\examples\u-pw\02_SelfWeight_Consolidation\experiments\CPU_B1_BoundaryOperator\xCaseB1_uniform_excess_mode0_win64_CPU_release.bat","xCaseB1_uniform_excess_mode0_win64_CPU_release.bat",".bat","94","2026/05/11 20:19:24"
"D:\MYF\SPH\GeoDualSPHysics_v5.2\examples\u-pw\02_SelfWeight_Consolidation\experiments\CPU_B1_BoundaryOperator\xCaseB1_uniform_excess_mode1_win64_CPU_release.bat","xCaseB1_uniform_excess_mode1_win64_CPU_release.bat",".bat","94","2026/05/11 20:19:24"
"D:\MYF\SPH\GeoDualSPHysics_v5.2\examples\u-pw\02_SelfWeight_Consolidation\experiments\GPU_B4_BoundaryOperator\CaseB4_diffusion_mode1_parity_Def.xml","CaseB4_diffusion_mode1_parity_Def.xml",".xml","10433","2026/05/11 20:44:53"
"D:\MYF\SPH\GeoDualSPHysics_v5.2\examples\u-pw\02_SelfWeight_Consolidation\experiments\GPU_B4_BoundaryOperator\CaseB4_hydrostatic_mode1_gpu_Def.xml","CaseB4_hydrostatic_mode1_gpu_Def.xml",".xml","10432","2026/05/11 20:44:51"
"D:\MYF\SPH\GeoDualSPHysics_v5.2\examples\u-pw\02_SelfWeight_Consolidation\experiments\GPU_B4_BoundaryOperator\CaseB4_selfweight_mode0_gpu_Def.xml","CaseB4_selfweight_mode0_gpu_Def.xml",".xml","10439","2026/05/11 20:48:52"
"D:\MYF\SPH\GeoDualSPHysics_v5.2\examples\u-pw\02_SelfWeight_Consolidation\experiments\GPU_B4_BoundaryOperator\CaseB4_selfweight_mode1_medium_gpu_Def.xml","CaseB4_selfweight_mode1_medium_gpu_Def.xml",".xml","10437","2026/05/11 20:49:09"
"D:\MYF\SPH\GeoDualSPHysics_v5.2\examples\u-pw\02_SelfWeight_Consolidation\experiments\GPU_B4_BoundaryOperator\CaseB4_selfweight_mode1_parity_Def.xml","CaseB4_selfweight_mode1_parity_Def.xml",".xml","10439","2026/05/11 20:45:54"
"D:\MYF\SPH\GeoDualSPHysics_v5.2\examples\u-pw\02_SelfWeight_Consolidation\experiments\GPU_B4_BoundaryOperator\figures\gpu_b4_boundary_operator_parity.png","gpu_b4_boundary_operator_parity.png",".png","91582","2026/05/11 20:52:44"
"D:\MYF\SPH\GeoDualSPHysics_v5.2\examples\u-pw\02_SelfWeight_Consolidation\experiments\GPU_B4_BoundaryOperator\figures\gpu_b4_boundary_operator_parity.svg","gpu_b4_boundary_operator_parity.svg",".svg","47116","2026/05/11 20:52:44"
"D:\MYF\SPH\GeoDualSPHysics_v5.2\examples\u-pw\02_SelfWeight_Consolidation\experiments\GPU_B4_BoundaryOperator\gpu_b4_boundary_operator_comparison.csv","gpu_b4_boundary_operator_comparison.csv",".csv","971","2026/05/11 20:52:43"
"D:\MYF\SPH\GeoDualSPHysics_v5.2\examples\u-pw\02_SelfWeight_Consolidation\experiments\GPU_B4_BoundaryOperator\gpu_b4_boundary_operator_summary.csv","gpu_b4_boundary_operator_summary.csv",".csv","2982","2026/05/11 20:52:43"
"D:\MYF\SPH\GeoDualSPHysics_v5.2\examples\u-pw\02_SelfWeight_Consolidation\experiments\GPU_B4_BoundaryOperator\run_gpu_b4_boundary_operator.py","run_gpu_b4_boundary_operator.py",".py","11681","2026/05/11 20:44:28"
"D:\MYF\SPH\GeoDualSPHysics_v5.2\examples\u-pw\02_SelfWeight_Consolidation\experiments\GPU_B5_BoundaryOperatorLong_Xi005\analyze_gpu_b5_boundary_operator.py","analyze_gpu_b5_boundary_operator.py",".py","12357","2026/05/11 20:57:46"
"D:\MYF\SPH\GeoDualSPHysics_v5.2\examples\u-pw\02_SelfWeight_Consolidation\experiments\GPU_B5_BoundaryOperatorLong_Xi005\CaseSW_S2_GPU_B5_Xi005_Def.xml","CaseSW_S2_GPU_B5_Xi005_Def.xml",".xml","10573","2026/05/11 20:56:51"
"D:\MYF\SPH\GeoDualSPHysics_v5.2\examples\u-pw\02_SelfWeight_Consolidation\experiments\GPU_B5_BoundaryOperatorLong_Xi005\compare_b5_boundary_operator_analytical.py","compare_b5_boundary_operator_analytical.py",".py","20652","2026/05/11 23:43:45"
"D:\MYF\SPH\GeoDualSPHysics_v5.2\examples\u-pw\02_SelfWeight_Consolidation\experiments\GPU_B5_BoundaryOperatorLong_Xi005\figures\gpu_b5_bottom_excess_time.png","gpu_b5_bottom_excess_time.png",".png","108232","2026/05/11 23:44:00"
"D:\MYF\SPH\GeoDualSPHysics_v5.2\examples\u-pw\02_SelfWeight_Consolidation\experiments\GPU_B5_BoundaryOperatorLong_Xi005\figures\gpu_b5_bottom_excess_time.svg","gpu_b5_bottom_excess_time.svg",".svg","19021","2026/05/11 23:44:00"
"D:\MYF\SPH\GeoDualSPHysics_v5.2\examples\u-pw\02_SelfWeight_Consolidation\experiments\GPU_B5_BoundaryOperatorLong_Xi005\figures\gpu_b5_bottom_porepress_time.png","gpu_b5_bottom_porepress_time.png",".png","106554","2026/05/11 23:44:00"
"D:\MYF\SPH\GeoDualSPHysics_v5.2\examples\u-pw\02_SelfWeight_Consolidation\experiments\GPU_B5_BoundaryOperatorLong_Xi005\figures\gpu_b5_bottom_porepress_time.svg","gpu_b5_bottom_porepress_time.svg",".svg","19015","2026/05/11 23:44:00"
"D:\MYF\SPH\GeoDualSPHysics_v5.2\examples\u-pw\02_SelfWeight_Consolidation\experiments\GPU_B5_BoundaryOperatorLong_Xi005\figures\gpu_b5_boundary_layer_error_decomposition.png","gpu_b5_boundary_layer_error_decomposition.png",".png","44162","2026/05/11 23:44:01"
"D:\MYF\SPH\GeoDualSPHysics_v5.2\examples\u-pw\02_SelfWeight_Consolidation\experiments\GPU_B5_BoundaryOperatorLong_Xi005\figures\gpu_b5_boundary_layer_error_decomposition.svg","gpu_b5_boundary_layer_error_decomposition.svg",".svg","9455","2026/05/11 23:44:01"
"D:\MYF\SPH\GeoDualSPHysics_v5.2\examples\u-pw\02_SelfWeight_Consolidation\experiments\GPU_B5_BoundaryOperatorLong_Xi005\figures\gpu_b5_excess_envelope.png","gpu_b5_excess_envelope.png",".png","104044","2026/05/11 23:44:00"
"D:\MYF\SPH\GeoDualSPHysics_v5.2\examples\u-pw\02_SelfWeight_Consolidation\experiments\GPU_B5_BoundaryOperatorLong_Xi005\figures\gpu_b5_excess_envelope.svg","gpu_b5_excess_envelope.svg",".svg","19004","2026/05/11 23:44:00"
"D:\MYF\SPH\GeoDualSPHysics_v5.2\examples\u-pw\02_SelfWeight_Consolidation\experiments\GPU_B5_BoundaryOperatorLong_Xi005\figures\gpu_b5_excess_error_vs_depth_t3p6.png","gpu_b5_excess_error_vs_depth_t3p6.png",".png","77723","2026/05/11 23:44:01"
"D:\MYF\SPH\GeoDualSPHysics_v5.2\examples\u-pw\02_SelfWeight_Consolidation\experiments\GPU_B5_BoundaryOperatorLong_Xi005\figures\gpu_b5_excess_error_vs_depth_t3p6.svg","gpu_b5_excess_error_vs_depth_t3p6.svg",".svg","14962","2026/05/11 23:44:01"
"D:\MYF\SPH\GeoDualSPHysics_v5.2\examples\u-pw\02_SelfWeight_Consolidation\experiments\GPU_B5_BoundaryOperatorLong_Xi005\figures\gpu_b5_mode0_mode1_vs_analytical_excess_profiles.png","gpu_b5_mode0_mode1_vs_analytical_excess_profiles.png",".png","336816","2026/05/11 23:44:00"
"D:\MYF\SPH\GeoDualSPHysics_v5.2\examples\u-pw\02_SelfWeight_Consolidation\experiments\GPU_B5_BoundaryOperatorLong_Xi005\figures\gpu_b5_mode0_mode1_vs_analytical_excess_profiles.svg","gpu_b5_mode0_mode1_vs_analytical_excess_profiles.svg",".svg","56464","2026/05/11 23:44:00"
"D:\MYF\SPH\GeoDualSPHysics_v5.2\examples\u-pw\02_SelfWeight_Consolidation\experiments\GPU_B5_BoundaryOperatorLong_Xi005\figures\gpu_b5_mode0_mode1_vs_analytical_porepress_profiles.png","gpu_b5_mode0_mode1_vs_analytical_porepress_profiles.png",".png","352187","2026/05/11 23:43:59"
"D:\MYF\SPH\GeoDualSPHysics_v5.2\examples\u-pw\02_SelfWeight_Consolidation\experiments\GPU_B5_BoundaryOperatorLong_Xi005\figures\gpu_b5_mode0_mode1_vs_analytical_porepress_profiles.svg","gpu_b5_mode0_mode1_vs_analytical_porepress_profiles.svg",".svg","53421","2026/05/11 23:43:59"
"D:\MYF\SPH\GeoDualSPHysics_v5.2\examples\u-pw\02_SelfWeight_Consolidation\experiments\GPU_B5_BoundaryOperatorLong_Xi005\gpu_b5_boundary_operator_case_summary.csv","gpu_b5_boundary_operator_case_summary.csv",".csv","2798","2026/05/11 23:39:23"
"D:\MYF\SPH\GeoDualSPHysics_v5.2\examples\u-pw\02_SelfWeight_Consolidation\experiments\GPU_B5_BoundaryOperatorLong_Xi005\gpu_b5_boundary_operator_frame_metrics.csv","gpu_b5_boundary_operator_frame_metrics.csv",".csv","14507","2026/05/11 23:39:23"
"D:\MYF\SPH\GeoDualSPHysics_v5.2\examples\u-pw\02_SelfWeight_Consolidation\experiments\GPU_B5_BoundaryOperatorLong_Xi005\gpu_b5_boundary_vs_analytical_bottom_timeseries.csv","gpu_b5_boundary_vs_analytical_bottom_timeseries.csv",".csv","11313","2026/05/11 23:43:58"
"D:\MYF\SPH\GeoDualSPHysics_v5.2\examples\u-pw\02_SelfWeight_Consolidation\experiments\GPU_B5_BoundaryOperatorLong_Xi005\gpu_b5_boundary_vs_analytical_metrics.csv","gpu_b5_boundary_vs_analytical_metrics.csv",".csv","14091","2026/05/11 23:43:59"
"D:\MYF\SPH\GeoDualSPHysics_v5.2\examples\u-pw\02_SelfWeight_Consolidation\experiments\GPU_B5_BoundaryOperatorLong_Xi005\gpu_b5_boundary_vs_analytical_profile_timeseries.csv","gpu_b5_boundary_vs_analytical_profile_timeseries.csv",".csv","428139","2026/05/11 23:43:58"
"D:\MYF\SPH\GeoDualSPHysics_v5.2\examples\u-pw\02_SelfWeight_Consolidation\experiments\GPU_B5_BoundaryOperatorLong_Xi005\xCaseSW_S2_GPU_B5_Xi005_win64_GPU_release.bat","xCaseSW_S2_GPU_B5_Xi005_win64_GPU_release.bat",".bat","610","2026/05/11 20:57:46"
"D:\MYF\SPH\GeoDualSPHysics_v5.2\examples\u-pw\02_SelfWeight_Consolidation\experiments\GPU_G7_SelfWeightParity\analyze_gpu_g7_selfweight.py","analyze_gpu_g7_selfweight.py",".py","8209","2026/05/11 10:39:50"
"D:\MYF\SPH\GeoDualSPHysics_v5.2\examples\u-pw\02_SelfWeight_Consolidation\experiments\GPU_G7_SelfWeightParity\CaseSelfWeightConsolidation_PR_GPU_G7_Scenario2Short_Def.xml","CaseSelfWeightConsolidation_PR_GPU_G7_Scenario2Short_Def.xml",".xml","10393","2026/05/11 10:38:42"
"D:\MYF\SPH\GeoDualSPHysics_v5.2\examples\u-pw\02_SelfWeight_Consolidation\experiments\GPU_G7_SelfWeightParity\gpu_g7_selfweight_summary.csv","gpu_g7_selfweight_summary.csv",".csv","3397","2026/05/11 10:41:32"
"D:\MYF\SPH\GeoDualSPHysics_v5.2\examples\u-pw\02_SelfWeight_Consolidation\experiments\GPU_G7_SelfWeightParity\xCaseSelfWeightConsolidation_PR_GPU_G7_Scenario2Short_win64_CPU_release.bat","xCaseSelfWeightConsolidation_PR_GPU_G7_Scenario2Short_win64_CPU_release.bat",".bat","614","2026/05/11 10:38:55"
"D:\MYF\SPH\GeoDualSPHysics_v5.2\examples\u-pw\02_SelfWeight_Consolidation\experiments\GPU_G7_SelfWeightParity\xCaseSelfWeightConsolidation_PR_GPU_G7_Scenario2Short_win64_GPU_release.bat","xCaseSelfWeightConsolidation_PR_GPU_G7_Scenario2Short_win64_GPU_release.bat",".bat","615","2026/05/11 10:38:55"
"D:\MYF\SPH\GeoDualSPHysics_v5.2\examples\u-pw\02_SelfWeight_Consolidation\experiments\GPU_G8_SelfWeightMedium\analyze_gpu_g8_selfweight.py","analyze_gpu_g8_selfweight.py",".py","11045","2026/05/11 10:50:46"
"D:\MYF\SPH\GeoDualSPHysics_v5.2\examples\u-pw\02_SelfWeight_Consolidation\experiments\GPU_G8_SelfWeightMedium\CaseSelfWeightConsolidation_PR_GPU_G8_T0p05_Def.xml","CaseSelfWeightConsolidation_PR_GPU_G8_T0p05_Def.xml",".xml","10388","2026/05/11 10:49:21"
"D:\MYF\SPH\GeoDualSPHysics_v5.2\examples\u-pw\02_SelfWeight_Consolidation\experiments\GPU_G8_SelfWeightMedium\CaseSelfWeightConsolidation_PR_GPU_G8_T0p2_Def.xml","CaseSelfWeightConsolidation_PR_GPU_G8_T0p2_Def.xml",".xml","10386","2026/05/11 10:49:21"
"D:\MYF\SPH\GeoDualSPHysics_v5.2\examples\u-pw\02_SelfWeight_Consolidation\experiments\GPU_G8_SelfWeightMedium\gpu_g8_case_summary.csv","gpu_g8_case_summary.csv",".csv","938","2026/05/11 11:01:50"
"D:\MYF\SPH\GeoDualSPHysics_v5.2\examples\u-pw\02_SelfWeight_Consolidation\experiments\GPU_G8_SelfWeightMedium\gpu_g8_frame_metrics.csv","gpu_g8_frame_metrics.csv",".csv","8536","2026/05/11 11:01:50"
"D:\MYF\SPH\GeoDualSPHysics_v5.2\examples\u-pw\02_SelfWeight_Consolidation\experiments\GPU_G8_SelfWeightMedium\xCaseSelfWeightConsolidation_PR_GPU_G8_T0p05_win64_GPU_release.bat","xCaseSelfWeightConsolidation_PR_GPU_G8_T0p05_win64_GPU_release.bat",".bat","606","2026/05/11 10:49:36"
"D:\MYF\SPH\GeoDualSPHysics_v5.2\examples\u-pw\02_SelfWeight_Consolidation\experiments\GPU_G8_SelfWeightMedium\xCaseSelfWeightConsolidation_PR_GPU_G8_T0p2_win64_GPU_release.bat","xCaseSelfWeightConsolidation_PR_GPU_G8_T0p2_win64_GPU_release.bat",".bat","605","2026/05/11 10:49:36"
"D:\MYF\SPH\GeoDualSPHysics_v5.2\examples\u-pw\02_SelfWeight_Consolidation\experiments\GPU_G9_SelfWeightLong\analyze_gpu_g9_selfweight.py","analyze_gpu_g9_selfweight.py",".py","11707","2026/05/11 14:25:54"
"D:\MYF\SPH\GeoDualSPHysics_v5.2\examples\u-pw\02_SelfWeight_Consolidation\experiments\GPU_G9_SelfWeightLong\CaseSelfWeightConsolidation_PR_Scenario2_GPU_T3p6_Xi010_Def.xml","CaseSelfWeightConsolidation_PR_Scenario2_GPU_T3p6_Xi010_Def.xml",".xml","10383","2026/05/11 11:14:49"
"D:\MYF\SPH\GeoDualSPHysics_v5.2\examples\u-pw\02_SelfWeight_Consolidation\experiments\GPU_G9_SelfWeightLong\figures\gpu_g9_bottom_porepress_time.svg","gpu_g9_bottom_porepress_time.svg",".svg","3953","2026/05/11 14:25:32"
"D:\MYF\SPH\GeoDualSPHysics_v5.2\examples\u-pw\02_SelfWeight_Consolidation\experiments\GPU_G9_SelfWeightLong\figures\gpu_g9_excess_profiles.svg","gpu_g9_excess_profiles.svg",".svg","11817","2026/05/11 14:25:32"
"D:\MYF\SPH\GeoDualSPHysics_v5.2\examples\u-pw\02_SelfWeight_Consolidation\experiments\GPU_G9_SelfWeightLong\figures\gpu_g9_excess_time.svg","gpu_g9_excess_time.svg",".svg","4699","2026/05/11 14:25:32"
"D:\MYF\SPH\GeoDualSPHysics_v5.2\examples\u-pw\02_SelfWeight_Consolidation\experiments\GPU_G9_SelfWeightLong\figures\gpu_g9_porepress_profiles.svg","gpu_g9_porepress_profiles.svg",".svg","11810","2026/05/11 14:25:32"
"D:\MYF\SPH\GeoDualSPHysics_v5.2\examples\u-pw\02_SelfWeight_Consolidation\experiments\GPU_G9_SelfWeightLong\gpu_g9_case_summary.csv","gpu_g9_case_summary.csv",".csv","1327","2026/05/11 14:26:00"
"D:\MYF\SPH\GeoDualSPHysics_v5.2\examples\u-pw\02_SelfWeight_Consolidation\experiments\GPU_G9_SelfWeightLong\gpu_g9_frame_metrics.csv","gpu_g9_frame_metrics.csv",".csv","14463","2026/05/11 14:26:00"
"D:\MYF\SPH\GeoDualSPHysics_v5.2\examples\u-pw\02_SelfWeight_Consolidation\experiments\GPU_G9_SelfWeightLong\plot_gpu_g9_si.py","plot_gpu_g9_si.py",".py","6697","2026/05/11 11:17:11"
"D:\MYF\SPH\GeoDualSPHysics_v5.2\examples\u-pw\02_SelfWeight_Consolidation\experiments\GPU_G9_SelfWeightLong\xCaseSelfWeightConsolidation_PR_Scenario2_GPU_T3p6_Xi010_win64_GPU_release.bat","xCaseSelfWeightConsolidation_PR_Scenario2_GPU_T3p6_Xi010_win64_GPU_release.bat",".bat","618","2026/05/11 11:14:59"
"D:\MYF\SPH\GeoDualSPHysics_v5.2\examples\u-pw\02_SelfWeight_Consolidation\experiments\GPU_G9b_SelfWeightLong_Xi005\analytical_comparison\analytical_bottom_timeseries.csv","analytical_bottom_timeseries.csv",".csv","4491","2026/05/11 19:39:13"
"D:\MYF\SPH\GeoDualSPHysics_v5.2\examples\u-pw\02_SelfWeight_Consolidation\experiments\GPU_G9b_SelfWeightLong_Xi005\analytical_comparison\analytical_comparison_metrics.csv","analytical_comparison_metrics.csv",".csv","4882","2026/05/11 19:39:13"
"D:\MYF\SPH\GeoDualSPHysics_v5.2\examples\u-pw\02_SelfWeight_Consolidation\experiments\GPU_G9b_SelfWeightLong_Xi005\analytical_comparison\analytical_profile_timeseries.csv","analytical_profile_timeseries.csv",".csv","52678","2026/05/11 19:39:13"
"D:\MYF\SPH\GeoDualSPHysics_v5.2\examples\u-pw\02_SelfWeight_Consolidation\experiments\GPU_G9b_SelfWeightLong_Xi005\analytical_comparison\analytical_solution_notes.md","analytical_solution_notes.md",".md","2442","2026/05/11 19:39:13"
"D:\MYF\SPH\GeoDualSPHysics_v5.2\examples\u-pw\02_SelfWeight_Consolidation\experiments\GPU_G9b_SelfWeightLong_Xi005\analytical_comparison\compare_g9_g9b_analytical.py","compare_g9_g9b_analytical.py",".py","29917","2026/05/11 19:38:46"
"D:\MYF\SPH\GeoDualSPHysics_v5.2\examples\u-pw\02_SelfWeight_Consolidation\experiments\GPU_G9b_SelfWeightLong_Xi005\analytical_comparison\figures\gpu_g9_g9b_vs_analytical_bottom_excess_time.png","gpu_g9_g9b_vs_analytical_bottom_excess_time.png",".png","143535","2026/05/11 19:39:14"
"D:\MYF\SPH\GeoDualSPHysics_v5.2\examples\u-pw\02_SelfWeight_Consolidation\experiments\GPU_G9b_SelfWeightLong_Xi005\analytical_comparison\figures\gpu_g9_g9b_vs_analytical_bottom_excess_time.svg","gpu_g9_g9b_vs_analytical_bottom_excess_time.svg",".svg","16127","2026/05/11 19:39:14"
"D:\MYF\SPH\GeoDualSPHysics_v5.2\examples\u-pw\02_SelfWeight_Consolidation\experiments\GPU_G9b_SelfWeightLong_Xi005\analytical_comparison\figures\gpu_g9_g9b_vs_analytical_bottom_porepress_time.png","gpu_g9_g9b_vs_analytical_bottom_porepress_time.png",".png","145806","2026/05/11 19:39:14"
"D:\MYF\SPH\GeoDualSPHysics_v5.2\examples\u-pw\02_SelfWeight_Consolidation\experiments\GPU_G9b_SelfWeightLong_Xi005\analytical_comparison\figures\gpu_g9_g9b_vs_analytical_bottom_porepress_time.svg","gpu_g9_g9b_vs_analytical_bottom_porepress_time.svg",".svg","18246","2026/05/11 19:39:14"
"D:\MYF\SPH\GeoDualSPHysics_v5.2\examples\u-pw\02_SelfWeight_Consolidation\experiments\GPU_G9b_SelfWeightLong_Xi005\analytical_comparison\figures\gpu_g9_g9b_vs_analytical_excess_envelope.png","gpu_g9_g9b_vs_analytical_excess_envelope.png",".png","142091","2026/05/11 19:39:14"
"D:\MYF\SPH\GeoDualSPHysics_v5.2\examples\u-pw\02_SelfWeight_Consolidation\experiments\GPU_G9b_SelfWeightLong_Xi005\analytical_comparison\figures\gpu_g9_g9b_vs_analytical_excess_envelope.svg","gpu_g9_g9b_vs_analytical_excess_envelope.svg",".svg","16121","2026/05/11 19:39:14"
"D:\MYF\SPH\GeoDualSPHysics_v5.2\examples\u-pw\02_SelfWeight_Consolidation\experiments\GPU_G9b_SelfWeightLong_Xi005\analytical_comparison\figures\gpu_g9_g9b_vs_analytical_excess_profiles.png","gpu_g9_g9b_vs_analytical_excess_profiles.png",".png","232893","2026/05/11 19:39:14"
"D:\MYF\SPH\GeoDualSPHysics_v5.2\examples\u-pw\02_SelfWeight_Consolidation\experiments\GPU_G9b_SelfWeightLong_Xi005\analytical_comparison\figures\gpu_g9_g9b_vs_analytical_excess_profiles.svg","gpu_g9_g9b_vs_analytical_excess_profiles.svg",".svg","76940","2026/05/11 19:39:14"
"D:\MYF\SPH\GeoDualSPHysics_v5.2\examples\u-pw\02_SelfWeight_Consolidation\experiments\GPU_G9b_SelfWeightLong_Xi005\analytical_comparison\figures\gpu_g9_g9b_vs_analytical_normalized_comparison.png","gpu_g9_g9b_vs_analytical_normalized_comparison.png",".png","140519","2026/05/11 19:39:15"
"D:\MYF\SPH\GeoDualSPHysics_v5.2\examples\u-pw\02_SelfWeight_Consolidation\experiments\GPU_G9b_SelfWeightLong_Xi005\analytical_comparison\figures\gpu_g9_g9b_vs_analytical_normalized_comparison.svg","gpu_g9_g9b_vs_analytical_normalized_comparison.svg",".svg","16121","2026/05/11 19:39:14"
"D:\MYF\SPH\GeoDualSPHysics_v5.2\examples\u-pw\02_SelfWeight_Consolidation\experiments\GPU_G9b_SelfWeightLong_Xi005\analytical_comparison\figures\gpu_g9_g9b_vs_analytical_porepress_profiles.png","gpu_g9_g9b_vs_analytical_porepress_profiles.png",".png","248835","2026/05/11 19:39:14"
"D:\MYF\SPH\GeoDualSPHysics_v5.2\examples\u-pw\02_SelfWeight_Consolidation\experiments\GPU_G9b_SelfWeightLong_Xi005\analytical_comparison\figures\gpu_g9_g9b_vs_analytical_porepress_profiles.svg","gpu_g9_g9b_vs_analytical_porepress_profiles.svg",".svg","84111","2026/05/11 19:39:13"
"D:\MYF\SPH\GeoDualSPHysics_v5.2\examples\u-pw\02_SelfWeight_Consolidation\experiments\GPU_G9b_SelfWeightLong_Xi005\analyze_gpu_g9b_selfweight.py","analyze_gpu_g9b_selfweight.py",".py","12059","2026/05/11 14:54:09"
"D:\MYF\SPH\GeoDualSPHysics_v5.2\examples\u-pw\02_SelfWeight_Consolidation\experiments\GPU_G9b_SelfWeightLong_Xi005\CaseSelfWeightConsolidation_PR_Scenario2_GPU_T3p6_Xi005_Def.xml","CaseSelfWeightConsolidation_PR_Scenario2_GPU_T3p6_Xi005_Def.xml",".xml","10394","2026/05/11 14:52:47"
"D:\MYF\SPH\GeoDualSPHysics_v5.2\examples\u-pw\02_SelfWeight_Consolidation\experiments\GPU_G9b_SelfWeightLong_Xi005\figures\gpu_g9b_bottom_excess_time.png","gpu_g9b_bottom_excess_time.png",".png","7102","2026/05/11 18:33:42"
"D:\MYF\SPH\GeoDualSPHysics_v5.2\examples\u-pw\02_SelfWeight_Consolidation\experiments\GPU_G9b_SelfWeightLong_Xi005\figures\gpu_g9b_bottom_excess_time.svg","gpu_g9b_bottom_excess_time.svg",".svg","5532","2026/05/11 18:33:42"
"D:\MYF\SPH\GeoDualSPHysics_v5.2\examples\u-pw\02_SelfWeight_Consolidation\experiments\GPU_G9b_SelfWeightLong_Xi005\figures\gpu_g9b_bottom_porepress_time.png","gpu_g9b_bottom_porepress_time.png",".png","7097","2026/05/11 18:33:42"
"D:\MYF\SPH\GeoDualSPHysics_v5.2\examples\u-pw\02_SelfWeight_Consolidation\experiments\GPU_G9b_SelfWeightLong_Xi005\figures\gpu_g9b_bottom_porepress_time.svg","gpu_g9b_bottom_porepress_time.svg",".svg","4949","2026/05/11 18:33:42"
"D:\MYF\SPH\GeoDualSPHysics_v5.2\examples\u-pw\02_SelfWeight_Consolidation\experiments\GPU_G9b_SelfWeightLong_Xi005\figures\gpu_g9b_cpu_gpu_theory_comparison.png","gpu_g9b_cpu_gpu_theory_comparison.png",".png","7097","2026/05/11 18:33:42"
"D:\MYF\SPH\GeoDualSPHysics_v5.2\examples\u-pw\02_SelfWeight_Consolidation\experiments\GPU_G9b_SelfWeightLong_Xi005\figures\gpu_g9b_cpu_gpu_theory_comparison.svg","gpu_g9b_cpu_gpu_theory_comparison.svg",".svg","4949","2026/05/11 18:33:42"
"D:\MYF\SPH\GeoDualSPHysics_v5.2\examples\u-pw\02_SelfWeight_Consolidation\experiments\GPU_G9b_SelfWeightLong_Xi005\figures\gpu_g9b_excess_envelope_comparison.png","gpu_g9b_excess_envelope_comparison.png",".png","7105","2026/05/11 18:33:42"
"D:\MYF\SPH\GeoDualSPHysics_v5.2\examples\u-pw\02_SelfWeight_Consolidation\experiments\GPU_G9b_SelfWeightLong_Xi005\figures\gpu_g9b_excess_envelope_comparison.svg","gpu_g9b_excess_envelope_comparison.svg",".svg","4183","2026/05/11 18:33:42"
"D:\MYF\SPH\GeoDualSPHysics_v5.2\examples\u-pw\02_SelfWeight_Consolidation\experiments\GPU_G9b_SelfWeightLong_Xi005\figures\gpu_g9b_excess_profiles.png","gpu_g9b_excess_profiles.png",".png","7976","2026/05/11 18:33:42"
"D:\MYF\SPH\GeoDualSPHysics_v5.2\examples\u-pw\02_SelfWeight_Consolidation\experiments\GPU_G9b_SelfWeightLong_Xi005\figures\gpu_g9b_excess_profiles.svg","gpu_g9b_excess_profiles.svg",".svg","11920","2026/05/11 18:33:42"
"D:\MYF\SPH\GeoDualSPHysics_v5.2\examples\u-pw\02_SelfWeight_Consolidation\experiments\GPU_G9b_SelfWeightLong_Xi005\figures\gpu_g9b_porepress_profiles.png","gpu_g9b_porepress_profiles.png",".png","9442","2026/05/11 18:33:42"
"D:\MYF\SPH\GeoDualSPHysics_v5.2\examples\u-pw\02_SelfWeight_Consolidation\experiments\GPU_G9b_SelfWeightLong_Xi005\figures\gpu_g9b_porepress_profiles.svg","gpu_g9b_porepress_profiles.svg",".svg","11926","2026/05/11 18:33:42"
"D:\MYF\SPH\GeoDualSPHysics_v5.2\examples\u-pw\02_SelfWeight_Consolidation\experiments\GPU_G9b_SelfWeightLong_Xi005\gpu_g9b_case_summary.csv","gpu_g9b_case_summary.csv",".csv","2162","2026/05/11 18:33:42"
"D:\MYF\SPH\GeoDualSPHysics_v5.2\examples\u-pw\02_SelfWeight_Consolidation\experiments\GPU_G9b_SelfWeightLong_Xi005\gpu_g9b_frame_metrics.csv","gpu_g9b_frame_metrics.csv",".csv","14460","2026/05/11 18:33:42"
"D:\MYF\SPH\GeoDualSPHysics_v5.2\examples\u-pw\02_SelfWeight_Consolidation\experiments\GPU_G9b_SelfWeightLong_Xi005\plot_gpu_g9b_comparison.py","plot_gpu_g9b_comparison.py",".py","11829","2026/05/11 14:55:39"
"D:\MYF\SPH\GeoDualSPHysics_v5.2\examples\u-pw\02_SelfWeight_Consolidation\experiments\GPU_G9b_SelfWeightLong_Xi005\xCaseSelfWeightConsolidation_PR_Scenario2_GPU_T3p6_Xi005_win64_GPU_release.bat","xCaseSelfWeightConsolidation_PR_Scenario2_GPU_T3p6_Xi005_win64_GPU_release.bat",".bat","644","2026/05/11 14:52:47"
"D:\MYF\SPH\GeoDualSPHysics_v5.2\examples\u-pw\02_SelfWeight_Consolidation\experiments\GPU_S1_BodyGravityStopLong\figures\gpu_s1_long_acceldiff_vs_time.png","gpu_s1_long_acceldiff_vs_time.png",".png","48642","2026/05/12 6:19:33"
"D:\MYF\SPH\GeoDualSPHysics_v5.2\examples\u-pw\02_SelfWeight_Consolidation\experiments\GPU_S1_BodyGravityStopLong\figures\gpu_s1_long_acceldiff_vs_time.svg","gpu_s1_long_acceldiff_vs_time.svg",".svg","41410","2026/05/12 6:19:33"
"D:\MYF\SPH\GeoDualSPHysics_v5.2\examples\u-pw\02_SelfWeight_Consolidation\experiments\GPU_S1_BodyGravityStopLong\figures\gpu_s1_long_bottom_excess_vs_time.png","gpu_s1_long_bottom_excess_vs_time.png",".png","52501","2026/05/12 6:19:29"
"D:\MYF\SPH\GeoDualSPHysics_v5.2\examples\u-pw\02_SelfWeight_Consolidation\experiments\GPU_S1_BodyGravityStopLong\figures\gpu_s1_long_bottom_excess_vs_time.svg","gpu_s1_long_bottom_excess_vs_time.svg",".svg","36730","2026/05/12 6:19:29"
"D:\MYF\SPH\GeoDualSPHysics_v5.2\examples\u-pw\02_SelfWeight_Consolidation\experiments\GPU_S1_BodyGravityStopLong\figures\gpu_s1_long_bottom_noflux_proxy_vs_time.png","gpu_s1_long_bottom_noflux_proxy_vs_time.png",".png","64202","2026/05/12 6:19:32"
"D:\MYF\SPH\GeoDualSPHysics_v5.2\examples\u-pw\02_SelfWeight_Consolidation\experiments\GPU_S1_BodyGravityStopLong\figures\gpu_s1_long_bottom_noflux_proxy_vs_time.svg","gpu_s1_long_bottom_noflux_proxy_vs_time.svg",".svg","35891","2026/05/12 6:19:31"
"D:\MYF\SPH\GeoDualSPHysics_v5.2\examples\u-pw\02_SelfWeight_Consolidation\experiments\GPU_S1_BodyGravityStopLong\figures\gpu_s1_long_div_contribution_vs_time.png","gpu_s1_long_div_contribution_vs_time.png",".png","54390","2026/05/12 6:19:33"
"D:\MYF\SPH\GeoDualSPHysics_v5.2\examples\u-pw\02_SelfWeight_Consolidation\experiments\GPU_S1_BodyGravityStopLong\figures\gpu_s1_long_div_contribution_vs_time.svg","gpu_s1_long_div_contribution_vs_time.svg",".svg","48711","2026/05/12 6:19:32"
"D:\MYF\SPH\GeoDualSPHysics_v5.2\examples\u-pw\02_SelfWeight_Consolidation\experiments\GPU_S1_BodyGravityStopLong\figures\gpu_s1_long_excess_envelope_decay.png","gpu_s1_long_excess_envelope_decay.png",".png","51107","2026/05/12 6:19:30"
"D:\MYF\SPH\GeoDualSPHysics_v5.2\examples\u-pw\02_SelfWeight_Consolidation\experiments\GPU_S1_BodyGravityStopLong\figures\gpu_s1_long_excess_envelope_decay.svg","gpu_s1_long_excess_envelope_decay.svg",".svg","44577","2026/05/12 6:19:30"
"D:\MYF\SPH\GeoDualSPHysics_v5.2\examples\u-pw\02_SelfWeight_Consolidation\experiments\GPU_S1_BodyGravityStopLong\figures\gpu_s1_long_excess_maxabs_vs_time.png","gpu_s1_long_excess_maxabs_vs_time.png",".png","55876","2026/05/12 6:19:30"
"D:\MYF\SPH\GeoDualSPHysics_v5.2\examples\u-pw\02_SelfWeight_Consolidation\experiments\GPU_S1_BodyGravityStopLong\figures\gpu_s1_long_excess_maxabs_vs_time.svg","gpu_s1_long_excess_maxabs_vs_time.svg",".svg","36004","2026/05/12 6:19:29"
"D:\MYF\SPH\GeoDualSPHysics_v5.2\examples\u-pw\02_SelfWeight_Consolidation\experiments\GPU_S1_BodyGravityStopLong\figures\gpu_s1_long_excess_mean_vs_time.png","gpu_s1_long_excess_mean_vs_time.png",".png","53123","2026/05/12 6:19:30"
"D:\MYF\SPH\GeoDualSPHysics_v5.2\examples\u-pw\02_SelfWeight_Consolidation\experiments\GPU_S1_BodyGravityStopLong\figures\gpu_s1_long_excess_mean_vs_time.svg","gpu_s1_long_excess_mean_vs_time.svg",".svg","36839","2026/05/12 6:19:30"
"D:\MYF\SPH\GeoDualSPHysics_v5.2\examples\u-pw\02_SelfWeight_Consolidation\experiments\GPU_S1_BodyGravityStopLong\figures\gpu_s1_long_excess_profiles.png","gpu_s1_long_excess_profiles.png",".png","94617","2026/05/12 6:19:34"
"D:\MYF\SPH\GeoDualSPHysics_v5.2\examples\u-pw\02_SelfWeight_Consolidation\experiments\GPU_S1_BodyGravityStopLong\figures\gpu_s1_long_excess_profiles.svg","gpu_s1_long_excess_profiles.svg",".svg","38717","2026/05/12 6:19:34"
"D:\MYF\SPH\GeoDualSPHysics_v5.2\examples\u-pw\02_SelfWeight_Consolidation\experiments\GPU_S1_BodyGravityStopLong\figures\gpu_s1_long_hydraulic_contribution_vs_time.png","gpu_s1_long_hydraulic_contribution_vs_time.png",".png","54093","2026/05/12 6:19:33"
"D:\MYF\SPH\GeoDualSPHysics_v5.2\examples\u-pw\02_SelfWeight_Consolidation\experiments\GPU_S1_BodyGravityStopLong\figures\gpu_s1_long_hydraulic_contribution_vs_time.svg","gpu_s1_long_hydraulic_contribution_vs_time.svg",".svg","49987","2026/05/12 6:19:33"
"D:\MYF\SPH\GeoDualSPHysics_v5.2\examples\u-pw\02_SelfWeight_Consolidation\experiments\GPU_S1_BodyGravityStopLong\figures\gpu_s1_long_porepress_profiles.png","gpu_s1_long_porepress_profiles.png",".png","60499","2026/05/12 6:19:34"
"D:\MYF\SPH\GeoDualSPHysics_v5.2\examples\u-pw\02_SelfWeight_Consolidation\experiments\GPU_S1_BodyGravityStopLong\figures\gpu_s1_long_porepress_profiles.svg","gpu_s1_long_porepress_profiles.svg",".svg","27868","2026/05/12 6:19:34"
"D:\MYF\SPH\GeoDualSPHysics_v5.2\examples\u-pw\02_SelfWeight_Consolidation\experiments\GPU_S1_BodyGravityStopLong\figures\gpu_s1_long_porepressrate_vs_time.png","gpu_s1_long_porepressrate_vs_time.png",".png","53344","2026/05/12 6:19:32"
"D:\MYF\SPH\GeoDualSPHysics_v5.2\examples\u-pw\02_SelfWeight_Consolidation\experiments\GPU_S1_BodyGravityStopLong\figures\gpu_s1_long_porepressrate_vs_time.svg","gpu_s1_long_porepressrate_vs_time.svg",".svg","49066","2026/05/12 6:19:32"
"D:\MYF\SPH\GeoDualSPHysics_v5.2\examples\u-pw\02_SelfWeight_Consolidation\experiments\GPU_S1_BodyGravityStopLong\figures\gpu_s1_long_settlement_mean_vs_time.png","gpu_s1_long_settlement_mean_vs_time.png",".png","52952","2026/05/12 6:19:31"
"D:\MYF\SPH\GeoDualSPHysics_v5.2\examples\u-pw\02_SelfWeight_Consolidation\experiments\GPU_S1_BodyGravityStopLong\figures\gpu_s1_long_settlement_mean_vs_time.svg","gpu_s1_long_settlement_mean_vs_time.svg",".svg","36396","2026/05/12 6:19:31"
"D:\MYF\SPH\GeoDualSPHysics_v5.2\examples\u-pw\02_SelfWeight_Consolidation\experiments\GPU_S1_BodyGravityStopLong\figures\gpu_s1_long_top_drained_excess_vs_time.png","gpu_s1_long_top_drained_excess_vs_time.png",".png","56917","2026/05/12 6:19:31"
"D:\MYF\SPH\GeoDualSPHysics_v5.2\examples\u-pw\02_SelfWeight_Consolidation\experiments\GPU_S1_BodyGravityStopLong\figures\gpu_s1_long_top_drained_excess_vs_time.svg","gpu_s1_long_top_drained_excess_vs_time.svg",".svg","37671","2026/05/12 6:19:31"
"D:\MYF\SPH\GeoDualSPHysics_v5.2\examples\u-pw\02_SelfWeight_Consolidation\experiments\GPU_S1_BodyGravityStopLong\figures\gpu_s1_long_velocity_max_vs_time.png","gpu_s1_long_velocity_max_vs_time.png",".png","46971","2026/05/12 6:19:31"
"D:\MYF\SPH\GeoDualSPHysics_v5.2\examples\u-pw\02_SelfWeight_Consolidation\experiments\GPU_S1_BodyGravityStopLong\figures\gpu_s1_long_velocity_max_vs_time.svg","gpu_s1_long_velocity_max_vs_time.svg",".svg","33254","2026/05/12 6:19:31"
"D:\MYF\SPH\GeoDualSPHysics_v5.2\examples\u-pw\02_SelfWeight_Consolidation\experiments\GPU_S1_BodyGravityStopLong\gpu_s1_long_boundary_metrics.csv","gpu_s1_long_boundary_metrics.csv",".csv","3261","2026/05/12 6:19:29"
"D:\MYF\SPH\GeoDualSPHysics_v5.2\examples\u-pw\02_SelfWeight_Consolidation\experiments\GPU_S1_BodyGravityStopLong\gpu_s1_long_case_summary.csv","gpu_s1_long_case_summary.csv",".csv","1236","2026/05/12 6:19:29"
"D:\MYF\SPH\GeoDualSPHysics_v5.2\examples\u-pw\02_SelfWeight_Consolidation\experiments\GPU_S1_BodyGravityStopLong\gpu_s1_long_dissipation_metrics.csv","gpu_s1_long_dissipation_metrics.csv",".csv","5148","2026/05/12 6:19:29"
"D:\MYF\SPH\GeoDualSPHysics_v5.2\examples\u-pw\02_SelfWeight_Consolidation\experiments\GPU_S1_BodyGravityStopLong\gpu_s1_long_frame_metrics.csv","gpu_s1_long_frame_metrics.csv",".csv","24733","2026/05/12 6:19:29"
"D:\MYF\SPH\GeoDualSPHysics_v5.2\examples\u-pw\02_SelfWeight_Consolidation\experiments\GPU_S1_BodyGravityStopLong\gpu_s1_long_profile_actual_times.csv","gpu_s1_long_profile_actual_times.csv",".csv","378","2026/05/12 6:19:34"
"D:\MYF\SPH\GeoDualSPHysics_v5.2\examples\u-pw\02_SelfWeight_Consolidation\experiments\GPU_S1_BodyGravityStopLong\README.md","README.md",".md","724","2026/05/12 6:19:28"
"D:\MYF\SPH\GeoDualSPHysics_v5.2\examples\u-pw\02_SelfWeight_Consolidation\experiments\GPU_S1_BodyGravityStopLong\run_s1_bodygravity_stop_long.py","run_s1_bodygravity_stop_long.py",".py","22795","2026/05/12 6:19:24"
"D:\MYF\SPH\GeoDualSPHysics_v5.2\examples\u-pw\02_SelfWeight_Consolidation\experiments\GPU_S1_BodyGravityStopLong\S1_BGStop_T36_Def.xml","S1_BGStop_T36_Def.xml",".xml","10624","2026/05/12 6:19:28"
"D:\MYF\SPH\GeoDualSPHysics_v5.2\examples\u-pw\02_SelfWeight_Consolidation\experiments\GPU_S1_BodyGravityStopLong\xS1_BGStop_T36_win64_GPU_release.bat","xS1_BGStop_T36_win64_GPU_release.bat",".bat","604","2026/05/12 6:19:28"
"D:\MYF\SPH\GeoDualSPHysics_v5.2\examples\u-pw\02_SelfWeight_Consolidation\experiments\GPU_S1_BodyGravityStopMedium\figures\gpu_s1_medium_acceldiff_vs_time.png","gpu_s1_medium_acceldiff_vs_time.png",".png","55021","2026/05/12 3:42:23"
"D:\MYF\SPH\GeoDualSPHysics_v5.2\examples\u-pw\02_SelfWeight_Consolidation\experiments\GPU_S1_BodyGravityStopMedium\figures\gpu_s1_medium_acceldiff_vs_time.svg","gpu_s1_medium_acceldiff_vs_time.svg",".svg","37457","2026/05/12 3:42:23"
"D:\MYF\SPH\GeoDualSPHysics_v5.2\examples\u-pw\02_SelfWeight_Consolidation\experiments\GPU_S1_BodyGravityStopMedium\figures\gpu_s1_medium_bottom_excess_vs_time.png","gpu_s1_medium_bottom_excess_vs_time.png",".png","61621","2026/05/12 3:42:21"
"D:\MYF\SPH\GeoDualSPHysics_v5.2\examples\u-pw\02_SelfWeight_Consolidation\experiments\GPU_S1_BodyGravityStopMedium\figures\gpu_s1_medium_bottom_excess_vs_time.svg","gpu_s1_medium_bottom_excess_vs_time.svg",".svg","38758","2026/05/12 3:42:21"
"D:\MYF\SPH\GeoDualSPHysics_v5.2\examples\u-pw\02_SelfWeight_Consolidation\experiments\GPU_S1_BodyGravityStopMedium\figures\gpu_s1_medium_bottom_noflux_proxy_vs_time.png","gpu_s1_medium_bottom_noflux_proxy_vs_time.png",".png","54821","2026/05/12 3:42:22"
"D:\MYF\SPH\GeoDualSPHysics_v5.2\examples\u-pw\02_SelfWeight_Consolidation\experiments\GPU_S1_BodyGravityStopMedium\figures\gpu_s1_medium_bottom_noflux_proxy_vs_time.svg","gpu_s1_medium_bottom_noflux_proxy_vs_time.svg",".svg","38695","2026/05/12 3:42:22"
"D:\MYF\SPH\GeoDualSPHysics_v5.2\examples\u-pw\02_SelfWeight_Consolidation\experiments\GPU_S1_BodyGravityStopMedium\figures\gpu_s1_medium_div_contribution_vs_time.png","gpu_s1_medium_div_contribution_vs_time.png",".png","55705","2026/05/12 3:42:22"
"D:\MYF\SPH\GeoDualSPHysics_v5.2\examples\u-pw\02_SelfWeight_Consolidation\experiments\GPU_S1_BodyGravityStopMedium\figures\gpu_s1_medium_div_contribution_vs_time.svg","gpu_s1_medium_div_contribution_vs_time.svg",".svg","39917","2026/05/12 3:42:22"
"D:\MYF\SPH\GeoDualSPHysics_v5.2\examples\u-pw\02_SelfWeight_Consolidation\experiments\GPU_S1_BodyGravityStopMedium\figures\gpu_s1_medium_excess_maxabs_vs_time.png","gpu_s1_medium_excess_maxabs_vs_time.png",".png","57392","2026/05/12 3:42:21"
"D:\MYF\SPH\GeoDualSPHysics_v5.2\examples\u-pw\02_SelfWeight_Consolidation\experiments\GPU_S1_BodyGravityStopMedium\figures\gpu_s1_medium_excess_maxabs_vs_time.svg","gpu_s1_medium_excess_maxabs_vs_time.svg",".svg","36465","2026/05/12 3:42:21"
"D:\MYF\SPH\GeoDualSPHysics_v5.2\examples\u-pw\02_SelfWeight_Consolidation\experiments\GPU_S1_BodyGravityStopMedium\figures\gpu_s1_medium_excess_mean_vs_time.png","gpu_s1_medium_excess_mean_vs_time.png",".png","58042","2026/05/12 3:42:21"
"D:\MYF\SPH\GeoDualSPHysics_v5.2\examples\u-pw\02_SelfWeight_Consolidation\experiments\GPU_S1_BodyGravityStopMedium\figures\gpu_s1_medium_excess_mean_vs_time.svg","gpu_s1_medium_excess_mean_vs_time.svg",".svg","37131","2026/05/12 3:42:21"
"D:\MYF\SPH\GeoDualSPHysics_v5.2\examples\u-pw\02_SelfWeight_Consolidation\experiments\GPU_S1_BodyGravityStopMedium\figures\gpu_s1_medium_excess_profiles.png","gpu_s1_medium_excess_profiles.png",".png","111853","2026/05/12 3:42:24"
"D:\MYF\SPH\GeoDualSPHysics_v5.2\examples\u-pw\02_SelfWeight_Consolidation\experiments\GPU_S1_BodyGravityStopMedium\figures\gpu_s1_medium_excess_profiles.svg","gpu_s1_medium_excess_profiles.svg",".svg","50310","2026/05/12 3:42:24"
"D:\MYF\SPH\GeoDualSPHysics_v5.2\examples\u-pw\02_SelfWeight_Consolidation\experiments\GPU_S1_BodyGravityStopMedium\figures\gpu_s1_medium_hydraulic_contribution_vs_time.png","gpu_s1_medium_hydraulic_contribution_vs_time.png",".png","50928","2026/05/12 3:42:23"
"D:\MYF\SPH\GeoDualSPHysics_v5.2\examples\u-pw\02_SelfWeight_Consolidation\experiments\GPU_S1_BodyGravityStopMedium\figures\gpu_s1_medium_hydraulic_contribution_vs_time.svg","gpu_s1_medium_hydraulic_contribution_vs_time.svg",".svg","40174","2026/05/12 3:42:23"
"D:\MYF\SPH\GeoDualSPHysics_v5.2\examples\u-pw\02_SelfWeight_Consolidation\experiments\GPU_S1_BodyGravityStopMedium\figures\gpu_s1_medium_porepress_profiles.png","gpu_s1_medium_porepress_profiles.png",".png","127558","2026/05/12 3:42:24"
"D:\MYF\SPH\GeoDualSPHysics_v5.2\examples\u-pw\02_SelfWeight_Consolidation\experiments\GPU_S1_BodyGravityStopMedium\figures\gpu_s1_medium_porepress_profiles.svg","gpu_s1_medium_porepress_profiles.svg",".svg","50852","2026/05/12 3:42:24"
"D:\MYF\SPH\GeoDualSPHysics_v5.2\examples\u-pw\02_SelfWeight_Consolidation\experiments\GPU_S1_BodyGravityStopMedium\figures\gpu_s1_medium_porepressrate_vs_time.png","gpu_s1_medium_porepressrate_vs_time.png",".png","51480","2026/05/12 3:42:22"
"D:\MYF\SPH\GeoDualSPHysics_v5.2\examples\u-pw\02_SelfWeight_Consolidation\experiments\GPU_S1_BodyGravityStopMedium\figures\gpu_s1_medium_porepressrate_vs_time.svg","gpu_s1_medium_porepressrate_vs_time.svg",".svg","39126","2026/05/12 3:42:22"
"D:\MYF\SPH\GeoDualSPHysics_v5.2\examples\u-pw\02_SelfWeight_Consolidation\experiments\GPU_S1_BodyGravityStopMedium\figures\gpu_s1_medium_top_drained_excess_vs_time.png","gpu_s1_medium_top_drained_excess_vs_time.png",".png","64178","2026/05/12 3:42:22"
"D:\MYF\SPH\GeoDualSPHysics_v5.2\examples\u-pw\02_SelfWeight_Consolidation\experiments\GPU_S1_BodyGravityStopMedium\figures\gpu_s1_medium_top_drained_excess_vs_time.svg","gpu_s1_medium_top_drained_excess_vs_time.svg",".svg","40241","2026/05/12 3:42:22"
"D:\MYF\SPH\GeoDualSPHysics_v5.2\examples\u-pw\02_SelfWeight_Consolidation\experiments\GPU_S1_BodyGravityStopMedium\figures\gpu_s1_medium_velocity_max_vs_time.png","gpu_s1_medium_velocity_max_vs_time.png",".png","55365","2026/05/12 3:42:21"
"D:\MYF\SPH\GeoDualSPHysics_v5.2\examples\u-pw\02_SelfWeight_Consolidation\experiments\GPU_S1_BodyGravityStopMedium\figures\gpu_s1_medium_velocity_max_vs_time.svg","gpu_s1_medium_velocity_max_vs_time.svg",".svg","35583","2026/05/12 3:42:21"
"D:\MYF\SPH\GeoDualSPHysics_v5.2\examples\u-pw\02_SelfWeight_Consolidation\experiments\GPU_S1_BodyGravityStopMedium\gpu_s1_medium_case_summary.csv","gpu_s1_medium_case_summary.csv",".csv","1496","2026/05/12 3:42:20"
"D:\MYF\SPH\GeoDualSPHysics_v5.2\examples\u-pw\02_SelfWeight_Consolidation\experiments\GPU_S1_BodyGravityStopMedium\gpu_s1_medium_frame_metrics.csv","gpu_s1_medium_frame_metrics.csv",".csv","30833","2026/05/12 3:42:20"
"D:\MYF\SPH\GeoDualSPHysics_v5.2\examples\u-pw\02_SelfWeight_Consolidation\experiments\GPU_S1_BodyGravityStopMedium\gpu_s1_medium_frame_metrics_T0p05.csv","gpu_s1_medium_frame_metrics_T0p05.csv",".csv","17374","2026/05/12 3:34:09"
"D:\MYF\SPH\GeoDualSPHysics_v5.2\examples\u-pw\02_SelfWeight_Consolidation\experiments\GPU_S1_BodyGravityStopMedium\gpu_s1_medium_frame_metrics_T0p20.csv","gpu_s1_medium_frame_metrics_T0p20.csv",".csv","14207","2026/05/12 3:42:20"
"D:\MYF\SPH\GeoDualSPHysics_v5.2\examples\u-pw\02_SelfWeight_Consolidation\experiments\GPU_S1_BodyGravityStopMedium\gpu_s1_medium_parity_metrics.csv","gpu_s1_medium_parity_metrics.csv",".csv","127","2026/05/12 3:42:20"
"D:\MYF\SPH\GeoDualSPHysics_v5.2\examples\u-pw\02_SelfWeight_Consolidation\experiments\GPU_S1_BodyGravityStopMedium\README.md","README.md",".md","581","2026/05/12 3:32:04"
"D:\MYF\SPH\GeoDualSPHysics_v5.2\examples\u-pw\02_SelfWeight_Consolidation\experiments\GPU_S1_BodyGravityStopMedium\run_s1_bodygravity_stop_medium.py","run_s1_bodygravity_stop_medium.py",".py","20148","2026/05/12 3:31:54"
"D:\MYF\SPH\GeoDualSPHysics_v5.2\examples\u-pw\02_SelfWeight_Consolidation\experiments\GPU_S1_BodyGravityStopMedium\S1_BGStop_T005_Def.xml","S1_BGStop_T005_Def.xml",".xml","10636","2026/05/12 3:32:04"
"D:\MYF\SPH\GeoDualSPHysics_v5.2\examples\u-pw\02_SelfWeight_Consolidation\experiments\GPU_S1_BodyGravityStopMedium\S1_BGStop_T020_Def.xml","S1_BGStop_T020_Def.xml",".xml","10634","2026/05/12 3:32:04"
"D:\MYF\SPH\GeoDualSPHysics_v5.2\examples\u-pw\02_SelfWeight_Consolidation\experiments\GPU_S1_BodyGravityStopMedium\xS1_BGStop_T005_win64_GPU_release.bat","xS1_BGStop_T005_win64_GPU_release.bat",".bat","605","2026/05/12 3:32:04"
"D:\MYF\SPH\GeoDualSPHysics_v5.2\examples\u-pw\02_SelfWeight_Consolidation\experiments\GPU_S1_BodyGravityStopMedium\xS1_BGStop_T020_win64_GPU_release.bat","xS1_BGStop_T020_win64_GPU_release.bat",".bat","605","2026/05/12 3:32:04"
"D:\MYF\SPH\GeoDualSPHysics_v5.2\examples\u-pw\02_SelfWeight_Consolidation\experiments\GPU_S1_BodyGravityStopShort\CaseSelfWeightConsolidation_PR_S1_BodyGravityStopShort_Def.xml","CaseSelfWeightConsolidation_PR_S1_BodyGravityStopShort_Def.xml",".xml","10641","2026/05/12 3:20:08"
"D:\MYF\SPH\GeoDualSPHysics_v5.2\examples\u-pw\02_SelfWeight_Consolidation\experiments\GPU_S1_BodyGravityStopShort\figures\s1_before_after_bottom_excess_vs_time.png","s1_before_after_bottom_excess_vs_time.png",".png","74667","2026/05/12 3:23:21"
"D:\MYF\SPH\GeoDualSPHysics_v5.2\examples\u-pw\02_SelfWeight_Consolidation\experiments\GPU_S1_BodyGravityStopShort\figures\s1_before_after_bottom_excess_vs_time.svg","s1_before_after_bottom_excess_vs_time.svg",".svg","33964","2026/05/12 3:23:21"
"D:\MYF\SPH\GeoDualSPHysics_v5.2\examples\u-pw\02_SelfWeight_Consolidation\experiments\GPU_S1_BodyGravityStopShort\figures\s1_before_after_bottom_noflux_proxy_vs_time.png","s1_before_after_bottom_noflux_proxy_vs_time.png",".png","67769","2026/05/12 3:23:22"
"D:\MYF\SPH\GeoDualSPHysics_v5.2\examples\u-pw\02_SelfWeight_Consolidation\experiments\GPU_S1_BodyGravityStopShort\figures\s1_before_after_bottom_noflux_proxy_vs_time.svg","s1_before_after_bottom_noflux_proxy_vs_time.svg",".svg","36098","2026/05/12 3:23:22"
"D:\MYF\SPH\GeoDualSPHysics_v5.2\examples\u-pw\02_SelfWeight_Consolidation\experiments\GPU_S1_BodyGravityStopShort\figures\s1_before_after_excess_maxabs_vs_time.png","s1_before_after_excess_maxabs_vs_time.png",".png","74649","2026/05/12 3:23:22"
"D:\MYF\SPH\GeoDualSPHysics_v5.2\examples\u-pw\02_SelfWeight_Consolidation\experiments\GPU_S1_BodyGravityStopShort\figures\s1_before_after_excess_maxabs_vs_time.svg","s1_before_after_excess_maxabs_vs_time.svg",".svg","34331","2026/05/12 3:23:22"
"D:\MYF\SPH\GeoDualSPHysics_v5.2\examples\u-pw\02_SelfWeight_Consolidation\experiments\GPU_S1_BodyGravityStopShort\figures\s1_before_after_porepress_parity_error.png","s1_before_after_porepress_parity_error.png",".png","61557","2026/05/12 3:23:23"
"D:\MYF\SPH\GeoDualSPHysics_v5.2\examples\u-pw\02_SelfWeight_Consolidation\experiments\GPU_S1_BodyGravityStopShort\figures\s1_before_after_porepress_parity_error.svg","s1_before_after_porepress_parity_error.svg",".svg","37268","2026/05/12 3:23:23"
"D:\MYF\SPH\GeoDualSPHysics_v5.2\examples\u-pw\02_SelfWeight_Consolidation\experiments\GPU_S1_BodyGravityStopShort\figures\s1_before_after_top_drained_excess_vs_time.png","s1_before_after_top_drained_excess_vs_time.png",".png","53814","2026/05/12 3:23:22"
"D:\MYF\SPH\GeoDualSPHysics_v5.2\examples\u-pw\02_SelfWeight_Consolidation\experiments\GPU_S1_BodyGravityStopShort\figures\s1_before_after_top_drained_excess_vs_time.svg","s1_before_after_top_drained_excess_vs_time.svg",".svg","33580","2026/05/12 3:23:22"
"D:\MYF\SPH\GeoDualSPHysics_v5.2\examples\u-pw\02_SelfWeight_Consolidation\experiments\GPU_S1_BodyGravityStopShort\figures\s1_before_after_velocity_max_vs_time.png","s1_before_after_velocity_max_vs_time.png",".png","70176","2026/05/12 3:23:22"
"D:\MYF\SPH\GeoDualSPHysics_v5.2\examples\u-pw\02_SelfWeight_Consolidation\experiments\GPU_S1_BodyGravityStopShort\figures\s1_before_after_velocity_max_vs_time.svg","s1_before_after_velocity_max_vs_time.svg",".svg","32095","2026/05/12 3:23:22"
"D:\MYF\SPH\GeoDualSPHysics_v5.2\examples\u-pw\02_SelfWeight_Consolidation\experiments\GPU_S1_BodyGravityStopShort\figures\s1_bottom_excess_vs_time.png","s1_bottom_excess_vs_time.png",".png","62742","2026/05/12 3:22:26"
"D:\MYF\SPH\GeoDualSPHysics_v5.2\examples\u-pw\02_SelfWeight_Consolidation\experiments\GPU_S1_BodyGravityStopShort\figures\s1_bottom_excess_vs_time.svg","s1_bottom_excess_vs_time.svg",".svg","32471","2026/05/12 3:22:26"
"D:\MYF\SPH\GeoDualSPHysics_v5.2\examples\u-pw\02_SelfWeight_Consolidation\experiments\GPU_S1_BodyGravityStopShort\figures\s1_bottom_noflux_proxy_vs_time.png","s1_bottom_noflux_proxy_vs_time.png",".png","57689","2026/05/12 3:22:26"
"D:\MYF\SPH\GeoDualSPHysics_v5.2\examples\u-pw\02_SelfWeight_Consolidation\experiments\GPU_S1_BodyGravityStopShort\figures\s1_bottom_noflux_proxy_vs_time.svg","s1_bottom_noflux_proxy_vs_time.svg",".svg","35495","2026/05/12 3:22:26"
"D:\MYF\SPH\GeoDualSPHysics_v5.2\examples\u-pw\02_SelfWeight_Consolidation\experiments\GPU_S1_BodyGravityStopShort\figures\s1_cpu_gpu_parity_error_vs_time.png","s1_cpu_gpu_parity_error_vs_time.png",".png","70952","2026/05/12 3:22:27"
"D:\MYF\SPH\GeoDualSPHysics_v5.2\examples\u-pw\02_SelfWeight_Consolidation\experiments\GPU_S1_BodyGravityStopShort\figures\s1_cpu_gpu_parity_error_vs_time.svg","s1_cpu_gpu_parity_error_vs_time.svg",".svg","34569","2026/05/12 3:22:27"
"D:\MYF\SPH\GeoDualSPHysics_v5.2\examples\u-pw\02_SelfWeight_Consolidation\experiments\GPU_S1_BodyGravityStopShort\figures\s1_excess_profiles_around_switch.png","s1_excess_profiles_around_switch.png",".png","95958","2026/05/12 3:22:28"
"D:\MYF\SPH\GeoDualSPHysics_v5.2\examples\u-pw\02_SelfWeight_Consolidation\experiments\GPU_S1_BodyGravityStopShort\figures\s1_excess_profiles_around_switch.svg","s1_excess_profiles_around_switch.svg",".svg","47893","2026/05/12 3:22:27"
"D:\MYF\SPH\GeoDualSPHysics_v5.2\examples\u-pw\02_SelfWeight_Consolidation\experiments\GPU_S1_BodyGravityStopShort\figures\s1_porepress_profiles_around_switch.png","s1_porepress_profiles_around_switch.png",".png","100705","2026/05/12 3:22:28"
"D:\MYF\SPH\GeoDualSPHysics_v5.2\examples\u-pw\02_SelfWeight_Consolidation\experiments\GPU_S1_BodyGravityStopShort\figures\s1_porepress_profiles_around_switch.svg","s1_porepress_profiles_around_switch.svg",".svg","46621","2026/05/12 3:22:28"
"D:\MYF\SPH\GeoDualSPHysics_v5.2\examples\u-pw\02_SelfWeight_Consolidation\experiments\GPU_S1_BodyGravityStopShort\figures\s1_rate_terms_vs_time_div.png","s1_rate_terms_vs_time_div.png",".png","56884","2026/05/12 3:22:27"
"D:\MYF\SPH\GeoDualSPHysics_v5.2\examples\u-pw\02_SelfWeight_Consolidation\experiments\GPU_S1_BodyGravityStopShort\figures\s1_rate_terms_vs_time_div.svg","s1_rate_terms_vs_time_div.svg",".svg","34166","2026/05/12 3:22:27"
"D:\MYF\SPH\GeoDualSPHysics_v5.2\examples\u-pw\02_SelfWeight_Consolidation\experiments\GPU_S1_BodyGravityStopShort\figures\s1_rate_terms_vs_time_hydraulic.png","s1_rate_terms_vs_time_hydraulic.png",".png","61513","2026/05/12 3:22:27"
"D:\MYF\SPH\GeoDualSPHysics_v5.2\examples\u-pw\02_SelfWeight_Consolidation\experiments\GPU_S1_BodyGravityStopShort\figures\s1_rate_terms_vs_time_hydraulic.svg","s1_rate_terms_vs_time_hydraulic.svg",".svg","34439","2026/05/12 3:22:27"
"D:\MYF\SPH\GeoDualSPHysics_v5.2\examples\u-pw\02_SelfWeight_Consolidation\experiments\GPU_S1_BodyGravityStopShort\figures\s1_rate_terms_vs_time_porepressrate.png","s1_rate_terms_vs_time_porepressrate.png",".png","61967","2026/05/12 3:22:26"
"D:\MYF\SPH\GeoDualSPHysics_v5.2\examples\u-pw\02_SelfWeight_Consolidation\experiments\GPU_S1_BodyGravityStopShort\figures\s1_rate_terms_vs_time_porepressrate.svg","s1_rate_terms_vs_time_porepressrate.svg",".svg","33385","2026/05/12 3:22:26"
"D:\MYF\SPH\GeoDualSPHysics_v5.2\examples\u-pw\02_SelfWeight_Consolidation\experiments\GPU_S1_BodyGravityStopShort\figures\s1_top_drained_excess_vs_time.png","s1_top_drained_excess_vs_time.png",".png","50750","2026/05/12 3:22:26"
"D:\MYF\SPH\GeoDualSPHysics_v5.2\examples\u-pw\02_SelfWeight_Consolidation\experiments\GPU_S1_BodyGravityStopShort\figures\s1_top_drained_excess_vs_time.svg","s1_top_drained_excess_vs_time.svg",".svg","32434","2026/05/12 3:22:26"
"D:\MYF\SPH\GeoDualSPHysics_v5.2\examples\u-pw\02_SelfWeight_Consolidation\experiments\GPU_S1_BodyGravityStopShort\figures\s1_velocity_max_vs_time.png","s1_velocity_max_vs_time.png",".png","57524","2026/05/12 3:22:25"
"D:\MYF\SPH\GeoDualSPHysics_v5.2\examples\u-pw\02_SelfWeight_Consolidation\experiments\GPU_S1_BodyGravityStopShort\figures\s1_velocity_max_vs_time.svg","s1_velocity_max_vs_time.svg",".svg","30708","2026/05/12 3:22:25"
"D:\MYF\SPH\GeoDualSPHysics_v5.2\examples\u-pw\02_SelfWeight_Consolidation\experiments\GPU_S1_BodyGravityStopShort\plot_s1_bodygravity_stop_before_after.py","plot_s1_bodygravity_stop_before_after.py",".py","3569","2026/05/12 3:23:16"
"D:\MYF\SPH\GeoDualSPHysics_v5.2\examples\u-pw\02_SelfWeight_Consolidation\experiments\GPU_S1_BodyGravityStopShort\run_s1_bodygravity_stop_short.py","run_s1_bodygravity_stop_short.py",".py","26765","2026/05/12 3:25:24"
"D:\MYF\SPH\GeoDualSPHysics_v5.2\examples\u-pw\02_SelfWeight_Consolidation\experiments\GPU_S1_BodyGravityStopShort\s1_bodygravity_stop_case_summary.csv","s1_bodygravity_stop_case_summary.csv",".csv","1905","2026/05/12 3:22:24"
"D:\MYF\SPH\GeoDualSPHysics_v5.2\examples\u-pw\02_SelfWeight_Consolidation\experiments\GPU_S1_BodyGravityStopShort\s1_bodygravity_stop_case_summary_after_patch.csv","s1_bodygravity_stop_case_summary_after_patch.csv",".csv","1905","2026/05/12 3:22:24"
"D:\MYF\SPH\GeoDualSPHysics_v5.2\examples\u-pw\02_SelfWeight_Consolidation\experiments\GPU_S1_BodyGravityStopShort\s1_bodygravity_stop_case_summary_before_patch.csv","s1_bodygravity_stop_case_summary_before_patch.csv",".csv","1923","2026/05/12 3:09:27"
"D:\MYF\SPH\GeoDualSPHysics_v5.2\examples\u-pw\02_SelfWeight_Consolidation\experiments\GPU_S1_BodyGravityStopShort\s1_bodygravity_stop_frame_metrics_cpu.csv","s1_bodygravity_stop_frame_metrics_cpu.csv",".csv","3878","2026/05/12 3:22:24"
"D:\MYF\SPH\GeoDualSPHysics_v5.2\examples\u-pw\02_SelfWeight_Consolidation\experiments\GPU_S1_BodyGravityStopShort\s1_bodygravity_stop_frame_metrics_gpu.csv","s1_bodygravity_stop_frame_metrics_gpu.csv",".csv","4133","2026/05/12 3:22:24"
"D:\MYF\SPH\GeoDualSPHysics_v5.2\examples\u-pw\02_SelfWeight_Consolidation\experiments\GPU_S1_BodyGravityStopShort\s1_bodygravity_stop_frame_metrics_gpu_after_patch.csv","s1_bodygravity_stop_frame_metrics_gpu_after_patch.csv",".csv","4133","2026/05/12 3:22:24"
"D:\MYF\SPH\GeoDualSPHysics_v5.2\examples\u-pw\02_SelfWeight_Consolidation\experiments\GPU_S1_BodyGravityStopShort\s1_bodygravity_stop_frame_metrics_gpu_before_patch.csv","s1_bodygravity_stop_frame_metrics_gpu_before_patch.csv",".csv","4165","2026/05/12 3:09:27"
"D:\MYF\SPH\GeoDualSPHysics_v5.2\examples\u-pw\02_SelfWeight_Consolidation\experiments\GPU_S1_BodyGravityStopShort\s1_bodygravity_stop_parity_metrics.csv","s1_bodygravity_stop_parity_metrics.csv",".csv","1977","2026/05/12 3:22:24"
"D:\MYF\SPH\GeoDualSPHysics_v5.2\examples\u-pw\02_SelfWeight_Consolidation\experiments\GPU_S1_BodyGravityStopShort\s1_bodygravity_stop_parity_metrics_after_patch.csv","s1_bodygravity_stop_parity_metrics_after_patch.csv",".csv","1977","2026/05/12 3:22:24"
"D:\MYF\SPH\GeoDualSPHysics_v5.2\examples\u-pw\02_SelfWeight_Consolidation\experiments\GPU_S1_BodyGravityStopShort\s1_bodygravity_stop_parity_metrics_before_patch.csv","s1_bodygravity_stop_parity_metrics_before_patch.csv",".csv","1884","2026/05/12 3:09:27"
"D:\MYF\SPH\GeoDualSPHysics_v5.2\examples\u-pw\02_SelfWeight_Consolidation\experiments\GPU_S1_BodyGravityStopShort\xCaseSelfWeightConsolidation_PR_S1_BodyGravityStopShort_win64_CPU_release.bat","xCaseSelfWeightConsolidation_PR_S1_BodyGravityStopShort_win64_CPU_release.bat",".bat","606","2026/05/12 3:20:08"
"D:\MYF\SPH\GeoDualSPHysics_v5.2\examples\u-pw\02_SelfWeight_Consolidation\experiments\GPU_S1_BodyGravityStopShort\xCaseSelfWeightConsolidation_PR_S1_BodyGravityStopShort_win64_GPU_release.bat","xCaseSelfWeightConsolidation_PR_S1_BodyGravityStopShort_win64_GPU_release.bat",".bat","607","2026/05/12 3:20:08"
"D:\MYF\SPH\GeoDualSPHysics_v5.2\examples\u-pw\02_SelfWeight_Consolidation\experiments\H1_HydraulicMdbcBoundary\CaseH1_diffusion_profile_mode0_Def.xml","CaseH1_diffusion_profile_mode0_Def.xml",".xml","10433","2026/05/12 2:06:47"
"D:\MYF\SPH\GeoDualSPHysics_v5.2\examples\u-pw\02_SelfWeight_Consolidation\experiments\H1_HydraulicMdbcBoundary\CaseH1_diffusion_profile_mode1_Def.xml","CaseH1_diffusion_profile_mode1_Def.xml",".xml","10433","2026/05/12 2:06:47"
"D:\MYF\SPH\GeoDualSPHysics_v5.2\examples\u-pw\02_SelfWeight_Consolidation\experiments\H1_HydraulicMdbcBoundary\CaseH1_diffusion_profile_mode2_Def.xml","CaseH1_diffusion_profile_mode2_Def.xml",".xml","10433","2026/05/12 2:06:47"
"D:\MYF\SPH\GeoDualSPHysics_v5.2\examples\u-pw\02_SelfWeight_Consolidation\experiments\H1_HydraulicMdbcBoundary\CaseH1_hydrostatic_mode0_Def.xml","CaseH1_hydrostatic_mode0_Def.xml",".xml","10432","2026/05/12 2:06:47"
"D:\MYF\SPH\GeoDualSPHysics_v5.2\examples\u-pw\02_SelfWeight_Consolidation\experiments\H1_HydraulicMdbcBoundary\CaseH1_hydrostatic_mode1_Def.xml","CaseH1_hydrostatic_mode1_Def.xml",".xml","10432","2026/05/12 2:06:47"
"D:\MYF\SPH\GeoDualSPHysics_v5.2\examples\u-pw\02_SelfWeight_Consolidation\experiments\H1_HydraulicMdbcBoundary\CaseH1_hydrostatic_mode2_Def.xml","CaseH1_hydrostatic_mode2_Def.xml",".xml","10432","2026/05/12 2:06:47"
"D:\MYF\SPH\GeoDualSPHysics_v5.2\examples\u-pw\02_SelfWeight_Consolidation\experiments\H1_HydraulicMdbcBoundary\CaseH1_selfweight_short_mode0_Def.xml","CaseH1_selfweight_short_mode0_Def.xml",".xml","10439","2026/05/12 2:06:47"
"D:\MYF\SPH\GeoDualSPHysics_v5.2\examples\u-pw\02_SelfWeight_Consolidation\experiments\H1_HydraulicMdbcBoundary\CaseH1_selfweight_short_mode1_Def.xml","CaseH1_selfweight_short_mode1_Def.xml",".xml","10439","2026/05/12 2:06:47"
"D:\MYF\SPH\GeoDualSPHysics_v5.2\examples\u-pw\02_SelfWeight_Consolidation\experiments\H1_HydraulicMdbcBoundary\CaseH1_selfweight_short_mode2_Def.xml","CaseH1_selfweight_short_mode2_Def.xml",".xml","10439","2026/05/12 2:06:47"
"D:\MYF\SPH\GeoDualSPHysics_v5.2\examples\u-pw\02_SelfWeight_Consolidation\experiments\H1_HydraulicMdbcBoundary\figures\h1_boundary_contribution_diagnostics.png","h1_boundary_contribution_diagnostics.png",".png","62319","2026/05/12 2:16:30"
"D:\MYF\SPH\GeoDualSPHysics_v5.2\examples\u-pw\02_SelfWeight_Consolidation\experiments\H1_HydraulicMdbcBoundary\figures\h1_boundary_contribution_diagnostics.svg","h1_boundary_contribution_diagnostics.svg",".svg","36050","2026/05/12 2:16:30"
"D:\MYF\SPH\GeoDualSPHysics_v5.2\examples\u-pw\02_SelfWeight_Consolidation\experiments\H1_HydraulicMdbcBoundary\figures\h1_boundary_hydraulic_state_profiles.png","h1_boundary_hydraulic_state_profiles.png",".png","48023","2026/05/12 2:16:30"
"D:\MYF\SPH\GeoDualSPHysics_v5.2\examples\u-pw\02_SelfWeight_Consolidation\experiments\H1_HydraulicMdbcBoundary\figures\h1_boundary_hydraulic_state_profiles.svg","h1_boundary_hydraulic_state_profiles.svg",".svg","34313","2026/05/12 2:16:30"
"D:\MYF\SPH\GeoDualSPHysics_v5.2\examples\u-pw\02_SelfWeight_Consolidation\experiments\H1_HydraulicMdbcBoundary\figures\h1_eigenmode_operator_scaling.png","h1_eigenmode_operator_scaling.png",".png","65171","2026/05/12 2:16:30"
"D:\MYF\SPH\GeoDualSPHysics_v5.2\examples\u-pw\02_SelfWeight_Consolidation\experiments\H1_HydraulicMdbcBoundary\figures\h1_eigenmode_operator_scaling.svg","h1_eigenmode_operator_scaling.svg",".svg","28825","2026/05/12 2:16:30"
"D:\MYF\SPH\GeoDualSPHysics_v5.2\examples\u-pw\02_SelfWeight_Consolidation\experiments\H1_HydraulicMdbcBoundary\figures\h1_hydrostatic_residual_near_boundary.png","h1_hydrostatic_residual_near_boundary.png",".png","50298","2026/05/12 2:16:30"
"D:\MYF\SPH\GeoDualSPHysics_v5.2\examples\u-pw\02_SelfWeight_Consolidation\experiments\H1_HydraulicMdbcBoundary\figures\h1_hydrostatic_residual_near_boundary.svg","h1_hydrostatic_residual_near_boundary.svg",".svg","35866","2026/05/12 2:16:30"
"D:\MYF\SPH\GeoDualSPHysics_v5.2\examples\u-pw\02_SelfWeight_Consolidation\experiments\H1_HydraulicMdbcBoundary\figures\h1_pressure_diffusion_profiles_mode0_1_2.png","h1_pressure_diffusion_profiles_mode0_1_2.png",".png","56836","2026/05/12 2:16:30"
"D:\MYF\SPH\GeoDualSPHysics_v5.2\examples\u-pw\02_SelfWeight_Consolidation\experiments\H1_HydraulicMdbcBoundary\figures\h1_pressure_diffusion_profiles_mode0_1_2.svg","h1_pressure_diffusion_profiles_mode0_1_2.svg",".svg","356507","2026/05/12 2:16:30"
"D:\MYF\SPH\GeoDualSPHysics_v5.2\examples\u-pw\02_SelfWeight_Consolidation\experiments\H1_HydraulicMdbcBoundary\figures\h1_selfweight_short_excess_profiles_mode0_1_2.png","h1_selfweight_short_excess_profiles_mode0_1_2.png",".png","59363","2026/05/12 2:16:30"
"D:\MYF\SPH\GeoDualSPHysics_v5.2\examples\u-pw\02_SelfWeight_Consolidation\experiments\H1_HydraulicMdbcBoundary\figures\h1_selfweight_short_excess_profiles_mode0_1_2.svg","h1_selfweight_short_excess_profiles_mode0_1_2.svg",".svg","354063","2026/05/12 2:16:30"
"D:\MYF\SPH\GeoDualSPHysics_v5.2\examples\u-pw\02_SelfWeight_Consolidation\experiments\H1_HydraulicMdbcBoundary\h1_boundary_state_metrics.csv","h1_boundary_state_metrics.csv",".csv","1293","2026/05/12 2:16:29"
"D:\MYF\SPH\GeoDualSPHysics_v5.2\examples\u-pw\02_SelfWeight_Consolidation\experiments\H1_HydraulicMdbcBoundary\h1_hydrostatic_residual_metrics.csv","h1_hydrostatic_residual_metrics.csv",".csv","559","2026/05/12 2:16:29"
"D:\MYF\SPH\GeoDualSPHysics_v5.2\examples\u-pw\02_SelfWeight_Consolidation\experiments\H1_HydraulicMdbcBoundary\h1_operator_scaling_metrics.csv","h1_operator_scaling_metrics.csv",".csv","402","2026/05/12 2:16:29"
"D:\MYF\SPH\GeoDualSPHysics_v5.2\examples\u-pw\02_SelfWeight_Consolidation\experiments\H1_HydraulicMdbcBoundary\h1_pressure_diffusion_metrics.csv","h1_pressure_diffusion_metrics.csv",".csv","529","2026/05/12 2:16:29"
"D:\MYF\SPH\GeoDualSPHysics_v5.2\examples\u-pw\02_SelfWeight_Consolidation\experiments\H1_HydraulicMdbcBoundary\h1_profiles_summary.csv","h1_profiles_summary.csv",".csv","989885","2026/05/12 2:16:29"
"D:\MYF\SPH\GeoDualSPHysics_v5.2\examples\u-pw\02_SelfWeight_Consolidation\experiments\H1_HydraulicMdbcBoundary\h1_selfweight_short_metrics.csv","h1_selfweight_short_metrics.csv",".csv","525","2026/05/12 2:16:29"
"D:\MYF\SPH\GeoDualSPHysics_v5.2\examples\u-pw\02_SelfWeight_Consolidation\experiments\H1_HydraulicMdbcBoundary\run_h1_hydraulic_mdbc_boundary.py","run_h1_hydraulic_mdbc_boundary.py",".py","13705","2026/05/12 1:44:02"
"D:\MYF\SPH\GeoDualSPHysics_v5.2\examples\u-pw\02_SelfWeight_Consolidation\experiments\H1_HydraulicMdbcBoundary\xCaseH1_diffusion_profile_mode0_win64_CPU_release.bat","xCaseH1_diffusion_profile_mode0_win64_CPU_release.bat",".bat","99","2026/05/12 2:06:47"
"D:\MYF\SPH\GeoDualSPHysics_v5.2\examples\u-pw\02_SelfWeight_Consolidation\experiments\H1_HydraulicMdbcBoundary\xCaseH1_diffusion_profile_mode1_win64_CPU_release.bat","xCaseH1_diffusion_profile_mode1_win64_CPU_release.bat",".bat","99","2026/05/12 2:06:47"
"D:\MYF\SPH\GeoDualSPHysics_v5.2\examples\u-pw\02_SelfWeight_Consolidation\experiments\H1_HydraulicMdbcBoundary\xCaseH1_diffusion_profile_mode2_win64_CPU_release.bat","xCaseH1_diffusion_profile_mode2_win64_CPU_release.bat",".bat","99","2026/05/12 2:06:47"
"D:\MYF\SPH\GeoDualSPHysics_v5.2\examples\u-pw\02_SelfWeight_Consolidation\experiments\H1_HydraulicMdbcBoundary\xCaseH1_hydrostatic_mode0_win64_CPU_release.bat","xCaseH1_hydrostatic_mode0_win64_CPU_release.bat",".bat","93","2026/05/12 2:06:47"
"D:\MYF\SPH\GeoDualSPHysics_v5.2\examples\u-pw\02_SelfWeight_Consolidation\experiments\H1_HydraulicMdbcBoundary\xCaseH1_hydrostatic_mode1_win64_CPU_release.bat","xCaseH1_hydrostatic_mode1_win64_CPU_release.bat",".bat","93","2026/05/12 2:06:47"
"D:\MYF\SPH\GeoDualSPHysics_v5.2\examples\u-pw\02_SelfWeight_Consolidation\experiments\H1_HydraulicMdbcBoundary\xCaseH1_hydrostatic_mode2_win64_CPU_release.bat","xCaseH1_hydrostatic_mode2_win64_CPU_release.bat",".bat","93","2026/05/12 2:06:47"
"D:\MYF\SPH\GeoDualSPHysics_v5.2\examples\u-pw\02_SelfWeight_Consolidation\experiments\H1_HydraulicMdbcBoundary\xCaseH1_selfweight_short_mode0_win64_CPU_release.bat","xCaseH1_selfweight_short_mode0_win64_CPU_release.bat",".bat","98","2026/05/12 2:06:47"
"D:\MYF\SPH\GeoDualSPHysics_v5.2\examples\u-pw\02_SelfWeight_Consolidation\experiments\H1_HydraulicMdbcBoundary\xCaseH1_selfweight_short_mode1_win64_CPU_release.bat","xCaseH1_selfweight_short_mode1_win64_CPU_release.bat",".bat","98","2026/05/12 2:06:47"
"D:\MYF\SPH\GeoDualSPHysics_v5.2\examples\u-pw\02_SelfWeight_Consolidation\experiments\H1_HydraulicMdbcBoundary\xCaseH1_selfweight_short_mode2_win64_CPU_release.bat","xCaseH1_selfweight_short_mode2_win64_CPU_release.bat",".bat","98","2026/05/12 2:06:47"
"D:\MYF\SPH\GeoDualSPHysics_v5.2\examples\u-pw\02_SelfWeight_Consolidation\experiments\OldTodo\CaseSelfWeightConsolidation_PR_Scenario1_TODO_Def.xml","CaseSelfWeightConsolidation_PR_Scenario1_TODO_Def.xml",".xml","1335","2026/05/10 21:54:53"
"D:\MYF\SPH\GeoDualSPHysics_v5.2\examples\u-pw\02_SelfWeight_Consolidation\experiments\OldTodo\xCaseSelfWeightConsolidation_PR_Scenario1_TODO_win64_CPU_debug.bat","xCaseSelfWeightConsolidation_PR_Scenario1_TODO_win64_CPU_debug.bat",".bat","206","2026/05/10 16:56:43"
"D:\MYF\SPH\GeoDualSPHysics_v5.2\examples\u-pw\02_SelfWeight_Consolidation\experiments\Operator_Audit_O1_Revised\eigenmode_effective_scaling.csv","eigenmode_effective_scaling.csv",".csv","14403","2026/05/12 1:12:09"
"D:\MYF\SPH\GeoDualSPHysics_v5.2\examples\u-pw\02_SelfWeight_Consolidation\experiments\Operator_Audit_O1_Revised\figures\boundary_vs_interior_operator_error.png","boundary_vs_interior_operator_error.png",".png","64442","2026/05/12 1:12:11"
"D:\MYF\SPH\GeoDualSPHysics_v5.2\examples\u-pw\02_SelfWeight_Consolidation\experiments\Operator_Audit_O1_Revised\figures\boundary_vs_interior_operator_error.svg","boundary_vs_interior_operator_error.svg",".svg","63231","2026/05/12 1:12:11"
"D:\MYF\SPH\GeoDualSPHysics_v5.2\examples\u-pw\02_SelfWeight_Consolidation\experiments\Operator_Audit_O1_Revised\figures\effective_cv_scale_vs_mode.png","effective_cv_scale_vs_mode.png",".png","50562","2026/05/12 1:12:10"
"D:\MYF\SPH\GeoDualSPHysics_v5.2\examples\u-pw\02_SelfWeight_Consolidation\experiments\Operator_Audit_O1_Revised\figures\effective_cv_scale_vs_mode.svg","effective_cv_scale_vs_mode.svg",".svg","41831","2026/05/12 1:12:10"
"D:\MYF\SPH\GeoDualSPHysics_v5.2\examples\u-pw\02_SelfWeight_Consolidation\experiments\Operator_Audit_O1_Revised\figures\eigenmode_effective_scaling_M_vs_MB.png","eigenmode_effective_scaling_M_vs_MB.png",".png","56961","2026/05/12 1:12:10"
"D:\MYF\SPH\GeoDualSPHysics_v5.2\examples\u-pw\02_SelfWeight_Consolidation\experiments\Operator_Audit_O1_Revised\figures\eigenmode_effective_scaling_M_vs_MB.svg","eigenmode_effective_scaling_M_vs_MB.svg",".svg","45994","2026/05/12 1:12:10"
"D:\MYF\SPH\GeoDualSPHysics_v5.2\examples\u-pw\02_SelfWeight_Consolidation\experiments\Operator_Audit_O1_Revised\figures\hydrostatic_cancellation_residual.png","hydrostatic_cancellation_residual.png",".png","39973","2026/05/12 1:12:11"
"D:\MYF\SPH\GeoDualSPHysics_v5.2\examples\u-pw\02_SelfWeight_Consolidation\experiments\Operator_Audit_O1_Revised\figures\hydrostatic_cancellation_residual.svg","hydrostatic_cancellation_residual.svg",".svg","37945","2026/05/12 1:12:11"
"D:\MYF\SPH\GeoDualSPHysics_v5.2\examples\u-pw\02_SelfWeight_Consolidation\experiments\Operator_Audit_O1_Revised\figures\hypothetical_correction_comparison.png","hypothetical_correction_comparison.png",".png","57926","2026/05/12 1:12:11"
"D:\MYF\SPH\GeoDualSPHysics_v5.2\examples\u-pw\02_SelfWeight_Consolidation\experiments\Operator_Audit_O1_Revised\figures\hypothetical_correction_comparison.svg","hypothetical_correction_comparison.svg",".svg","45446","2026/05/12 1:12:11"
"D:\MYF\SPH\GeoDualSPHysics_v5.2\examples\u-pw\02_SelfWeight_Consolidation\experiments\Operator_Audit_O1_Revised\figures\laplacian_consistency_constant_linear_quadratic.png","laplacian_consistency_constant_linear_quadratic.png",".png","39673","2026/05/12 1:12:10"
"D:\MYF\SPH\GeoDualSPHysics_v5.2\examples\u-pw\02_SelfWeight_Consolidation\experiments\Operator_Audit_O1_Revised\figures\laplacian_consistency_constant_linear_quadratic.svg","laplacian_consistency_constant_linear_quadratic.svg",".svg","39439","2026/05/12 1:12:09"
"D:\MYF\SPH\GeoDualSPHysics_v5.2\examples\u-pw\02_SelfWeight_Consolidation\experiments\Operator_Audit_O1_Revised\figures\MLS_or_boundary_particle_effect_if_tested.png","MLS_or_boundary_particle_effect_if_tested.png",".png","82770","2026/05/12 1:12:12"
"D:\MYF\SPH\GeoDualSPHysics_v5.2\examples\u-pw\02_SelfWeight_Consolidation\experiments\Operator_Audit_O1_Revised\figures\MLS_or_boundary_particle_effect_if_tested.svg","MLS_or_boundary_particle_effect_if_tested.svg",".svg","66617","2026/05/12 1:12:12"
"D:\MYF\SPH\GeoDualSPHysics_v5.2\examples\u-pw\02_SelfWeight_Consolidation\experiments\Operator_Audit_O1_Revised\hydraulic_operator_consistency_audit.py","hydraulic_operator_consistency_audit.py",".py","23575","2026/05/12 1:12:01"
"D:\MYF\SPH\GeoDualSPHysics_v5.2\examples\u-pw\02_SelfWeight_Consolidation\experiments\Operator_Audit_O1_Revised\hydrostatic_cancellation_metrics.csv","hydrostatic_cancellation_metrics.csv",".csv","2560","2026/05/12 1:12:09"
"D:\MYF\SPH\GeoDualSPHysics_v5.2\examples\u-pw\02_SelfWeight_Consolidation\experiments\Operator_Audit_O1_Revised\hypothetical_correction_metrics.csv","hypothetical_correction_metrics.csv",".csv","1862","2026/05/12 1:12:09"
"D:\MYF\SPH\GeoDualSPHysics_v5.2\examples\u-pw\02_SelfWeight_Consolidation\experiments\Operator_Audit_O1_Revised\laplacian_consistency_polynomial_metrics.csv","laplacian_consistency_polynomial_metrics.csv",".csv","7202","2026/05/12 1:12:09"
"D:\MYF\SPH\GeoDualSPHysics_v5.2\examples\u-pw\02_SelfWeight_Consolidation\experiments\Operator_Audit_O1_Revised\operator_audit_summary.json","operator_audit_summary.json",".json","622","2026/05/12 1:12:12"
"D:\MYF\SPH\GeoDualSPHysics_v5.2\examples\u-pw\02_SelfWeight_Consolidation\experiments\PaperFigures_Scenario1_BodyGravityStop\figures\figure1_bottom_excess_time.pdf","figure1_bottom_excess_time.pdf",".pdf","17111","2026/05/12 10:03:59"
"D:\MYF\SPH\GeoDualSPHysics_v5.2\examples\u-pw\02_SelfWeight_Consolidation\experiments\PaperFigures_Scenario1_BodyGravityStop\figures\figure1_bottom_excess_time.png","figure1_bottom_excess_time.png",".png","56860","2026/05/12 10:03:58"
"D:\MYF\SPH\GeoDualSPHysics_v5.2\examples\u-pw\02_SelfWeight_Consolidation\experiments\PaperFigures_Scenario1_BodyGravityStop\figures\figure1_bottom_excess_time.svg","figure1_bottom_excess_time.svg",".svg","46118","2026/05/12 10:03:58"
"D:\MYF\SPH\GeoDualSPHysics_v5.2\examples\u-pw\02_SelfWeight_Consolidation\experiments\PaperFigures_Scenario1_BodyGravityStop\figures\figure1b_bottom_excess_reference_context.pdf","figure1b_bottom_excess_reference_context.pdf",".pdf","14946","2026/05/12 10:03:59"
"D:\MYF\SPH\GeoDualSPHysics_v5.2\examples\u-pw\02_SelfWeight_Consolidation\experiments\PaperFigures_Scenario1_BodyGravityStop\figures\figure1b_bottom_excess_reference_context.png","figure1b_bottom_excess_reference_context.png",".png","68465","2026/05/12 10:03:59"
"D:\MYF\SPH\GeoDualSPHysics_v5.2\examples\u-pw\02_SelfWeight_Consolidation\experiments\PaperFigures_Scenario1_BodyGravityStop\figures\figure1b_bottom_excess_reference_context.svg","figure1b_bottom_excess_reference_context.svg",".svg","44150","2026/05/12 10:03:59"
"D:\MYF\SPH\GeoDualSPHysics_v5.2\examples\u-pw\02_SelfWeight_Consolidation\experiments\PaperFigures_Scenario1_BodyGravityStop\figures\figure2_excess_decay.pdf","figure2_excess_decay.pdf",".pdf","15120","2026/05/12 10:04:00"
"D:\MYF\SPH\GeoDualSPHysics_v5.2\examples\u-pw\02_SelfWeight_Consolidation\experiments\PaperFigures_Scenario1_BodyGravityStop\figures\figure2_excess_decay.png","figure2_excess_decay.png",".png","86476","2026/05/12 10:04:00"
"D:\MYF\SPH\GeoDualSPHysics_v5.2\examples\u-pw\02_SelfWeight_Consolidation\experiments\PaperFigures_Scenario1_BodyGravityStop\figures\figure2_excess_decay.svg","figure2_excess_decay.svg",".svg","40172","2026/05/12 10:04:00"
"D:\MYF\SPH\GeoDualSPHysics_v5.2\examples\u-pw\02_SelfWeight_Consolidation\experiments\PaperFigures_Scenario1_BodyGravityStop\figures\figure3_excess_profiles.png","figure3_excess_profiles.png",".png","94617","2026/05/12 6:19:34"
"D:\MYF\SPH\GeoDualSPHysics_v5.2\examples\u-pw\02_SelfWeight_Consolidation\experiments\PaperFigures_Scenario1_BodyGravityStop\figures\figure3_excess_profiles.svg","figure3_excess_profiles.svg",".svg","38717","2026/05/12 6:19:34"
"D:\MYF\SPH\GeoDualSPHysics_v5.2\examples\u-pw\02_SelfWeight_Consolidation\experiments\PaperFigures_Scenario1_BodyGravityStop\figures\figure4_total_pore_pressure_profiles.png","figure4_total_pore_pressure_profiles.png",".png","60499","2026/05/12 6:19:34"
"D:\MYF\SPH\GeoDualSPHysics_v5.2\examples\u-pw\02_SelfWeight_Consolidation\experiments\PaperFigures_Scenario1_BodyGravityStop\figures\figure4_total_pore_pressure_profiles.svg","figure4_total_pore_pressure_profiles.svg",".svg","27868","2026/05/12 6:19:34"
"D:\MYF\SPH\GeoDualSPHysics_v5.2\examples\u-pw\02_SelfWeight_Consolidation\experiments\PaperFigures_Scenario1_BodyGravityStop\figures\figure5_velocity_decay.pdf","figure5_velocity_decay.pdf",".pdf","13387","2026/05/12 10:04:00"
"D:\MYF\SPH\GeoDualSPHysics_v5.2\examples\u-pw\02_SelfWeight_Consolidation\experiments\PaperFigures_Scenario1_BodyGravityStop\figures\figure5_velocity_decay.png","figure5_velocity_decay.png",".png","76203","2026/05/12 10:04:00"
"D:\MYF\SPH\GeoDualSPHysics_v5.2\examples\u-pw\02_SelfWeight_Consolidation\experiments\PaperFigures_Scenario1_BodyGravityStop\figures\figure5_velocity_decay.svg","figure5_velocity_decay.svg",".svg","36385","2026/05/12 10:04:00"
"D:\MYF\SPH\GeoDualSPHysics_v5.2\examples\u-pw\02_SelfWeight_Consolidation\experiments\PaperFigures_Scenario1_BodyGravityStop\figures\figure6_boundary_checks.pdf","figure6_boundary_checks.pdf",".pdf","16131","2026/05/12 10:04:01"
"D:\MYF\SPH\GeoDualSPHysics_v5.2\examples\u-pw\02_SelfWeight_Consolidation\experiments\PaperFigures_Scenario1_BodyGravityStop\figures\figure6_boundary_checks.png","figure6_boundary_checks.png",".png","111264","2026/05/12 10:04:01"
"D:\MYF\SPH\GeoDualSPHysics_v5.2\examples\u-pw\02_SelfWeight_Consolidation\experiments\PaperFigures_Scenario1_BodyGravityStop\figures\figure6_boundary_checks.svg","figure6_boundary_checks.svg",".svg","48866","2026/05/12 10:04:01"
"D:\MYF\SPH\GeoDualSPHysics_v5.2\examples\u-pw\02_SelfWeight_Consolidation\experiments\PaperFigures_Scenario1_BodyGravityStop\figures\figure7_short_medium_long_consistency.pdf","figure7_short_medium_long_consistency.pdf",".pdf","15362","2026/05/12 10:04:01"
"D:\MYF\SPH\GeoDualSPHysics_v5.2\examples\u-pw\02_SelfWeight_Consolidation\experiments\PaperFigures_Scenario1_BodyGravityStop\figures\figure7_short_medium_long_consistency.png","figure7_short_medium_long_consistency.png",".png","52277","2026/05/12 10:04:01"
"D:\MYF\SPH\GeoDualSPHysics_v5.2\examples\u-pw\02_SelfWeight_Consolidation\experiments\PaperFigures_Scenario1_BodyGravityStop\figures\figure7_short_medium_long_consistency.svg","figure7_short_medium_long_consistency.svg",".svg","46584","2026/05/12 10:04:01"
"D:\MYF\SPH\GeoDualSPHysics_v5.2\examples\u-pw\02_SelfWeight_Consolidation\experiments\PaperFigures_Scenario1_BodyGravityStop\figures\figure8_rate_contributions.pdf","figure8_rate_contributions.pdf",".pdf","16309","2026/05/12 10:04:02"
"D:\MYF\SPH\GeoDualSPHysics_v5.2\examples\u-pw\02_SelfWeight_Consolidation\experiments\PaperFigures_Scenario1_BodyGravityStop\figures\figure8_rate_contributions.png","figure8_rate_contributions.png",".png","82773","2026/05/12 10:04:02"
"D:\MYF\SPH\GeoDualSPHysics_v5.2\examples\u-pw\02_SelfWeight_Consolidation\experiments\PaperFigures_Scenario1_BodyGravityStop\figures\figure8_rate_contributions.svg","figure8_rate_contributions.svg",".svg","52150","2026/05/12 10:04:02"
"D:\MYF\SPH\GeoDualSPHysics_v5.2\examples\u-pw\02_SelfWeight_Consolidation\experiments\PaperFigures_Scenario1_BodyGravityStop\generate_scenario1_bodygravity_stop_figures.py","generate_scenario1_bodygravity_stop_figures.py",".py","22856","2026/05/12 10:03:54"
"D:\MYF\SPH\GeoDualSPHysics_v5.2\examples\u-pw\02_SelfWeight_Consolidation\experiments\PaperFigures_Scenario1_BodyGravityStop\README.md","README.md",".md","417","2026/05/12 10:04:02"
"D:\MYF\SPH\GeoDualSPHysics_v5.2\examples\u-pw\02_SelfWeight_Consolidation\experiments\PaperFigures_Scenario1_BodyGravityStop\scenario1_boundary_metrics.csv","scenario1_boundary_metrics.csv",".csv","2695","2026/05/12 10:03:58"
"D:\MYF\SPH\GeoDualSPHysics_v5.2\examples\u-pw\02_SelfWeight_Consolidation\experiments\PaperFigures_Scenario1_BodyGravityStop\scenario1_dissipation_metrics.csv","scenario1_dissipation_metrics.csv",".csv","4158","2026/05/12 10:03:58"
"D:\MYF\SPH\GeoDualSPHysics_v5.2\examples\u-pw\02_SelfWeight_Consolidation\experiments\PaperFigures_Scenario1_BodyGravityStop\scenario1_final_case_summary.csv","scenario1_final_case_summary.csv",".csv","4277","2026/05/12 10:03:58"
"D:\MYF\SPH\GeoDualSPHysics_v5.2\examples\u-pw\02_SelfWeight_Consolidation\experiments\PaperFigures_Scenario1_BodyGravityStop\scenario1_final_frame_metrics.csv","scenario1_final_frame_metrics.csv",".csv","59964","2026/05/12 10:03:58"
"D:\MYF\SPH\GeoDualSPHysics_v5.2\examples\u-pw\02_SelfWeight_Consolidation\experiments\PaperFigures_Scenario1_BodyGravityStop\scenario1_paper_figure_metrics.csv","scenario1_paper_figure_metrics.csv",".csv","325","2026/05/12 10:03:58"
"D:\MYF\SPH\GeoDualSPHysics_v5.2\examples\u-pw\02_SelfWeight_Consolidation\experiments\PaperFigures_Scenario1_BodyGravityStop\scenario1_reference_metrics.csv","scenario1_reference_metrics.csv",".csv","5285","2026/05/12 10:03:58"
"D:\MYF\SPH\GeoDualSPHysics_v5.2\examples\u-pw\02_SelfWeight_Consolidation\experiments\PaperFigures_Scenario1_BodyGravityStop\scenario1_short_medium_long_consistency.csv","scenario1_short_medium_long_consistency.csv",".csv","1002","2026/05/12 10:03:58"
"D:\MYF\SPH\GeoDualSPHysics_v5.2\examples\u-pw\02_SelfWeight_Consolidation\experiments\PaperFigures_SelfWeightScenario2\calibrated_reference_metrics.csv","calibrated_reference_metrics.csv",".csv","245","2026/05/12 0:52:09"
"D:\MYF\SPH\GeoDualSPHysics_v5.2\examples\u-pw\02_SelfWeight_Consolidation\experiments\PaperFigures_SelfWeightScenario2\cv_sensitivity_summary.csv","cv_sensitivity_summary.csv",".csv","203","2026/05/12 0:52:09"
"D:\MYF\SPH\GeoDualSPHysics_v5.2\examples\u-pw\02_SelfWeight_Consolidation\experiments\PaperFigures_SelfWeightScenario2\figures\figure1_bottom_excess_time.pdf","figure1_bottom_excess_time.pdf",".pdf","25750","2026/05/12 0:52:34"
"D:\MYF\SPH\GeoDualSPHysics_v5.2\examples\u-pw\02_SelfWeight_Consolidation\experiments\PaperFigures_SelfWeightScenario2\figures\figure1_bottom_excess_time.png","figure1_bottom_excess_time.png",".png","120695","2026/05/12 0:52:06"
"D:\MYF\SPH\GeoDualSPHysics_v5.2\examples\u-pw\02_SelfWeight_Consolidation\experiments\PaperFigures_SelfWeightScenario2\figures\figure1_bottom_excess_time.svg","figure1_bottom_excess_time.svg",".svg","25122","2026/05/12 0:52:34"
"D:\MYF\SPH\GeoDualSPHysics_v5.2\examples\u-pw\02_SelfWeight_Consolidation\experiments\PaperFigures_SelfWeightScenario2\figures\figure2_excess_profiles.pdf","figure2_excess_profiles.pdf",".pdf","54303","2026/05/12 0:52:07"
"D:\MYF\SPH\GeoDualSPHysics_v5.2\examples\u-pw\02_SelfWeight_Consolidation\experiments\PaperFigures_SelfWeightScenario2\figures\figure2_excess_profiles.png","figure2_excess_profiles.png",".png","256851","2026/05/12 0:52:07"
"D:\MYF\SPH\GeoDualSPHysics_v5.2\examples\u-pw\02_SelfWeight_Consolidation\experiments\PaperFigures_SelfWeightScenario2\figures\figure2_excess_profiles.svg","figure2_excess_profiles.svg",".svg","227009","2026/05/12 0:52:06"
"D:\MYF\SPH\GeoDualSPHysics_v5.2\examples\u-pw\02_SelfWeight_Consolidation\experiments\PaperFigures_SelfWeightScenario2\figures\figure3_total_pore_pressure_profiles.pdf","figure3_total_pore_pressure_profiles.pdf",".pdf","52987","2026/05/12 0:52:07"
"D:\MYF\SPH\GeoDualSPHysics_v5.2\examples\u-pw\02_SelfWeight_Consolidation\experiments\PaperFigures_SelfWeightScenario2\figures\figure3_total_pore_pressure_profiles.png","figure3_total_pore_pressure_profiles.png",".png","270940","2026/05/12 0:52:07"
"D:\MYF\SPH\GeoDualSPHysics_v5.2\examples\u-pw\02_SelfWeight_Consolidation\experiments\PaperFigures_SelfWeightScenario2\figures\figure3_total_pore_pressure_profiles.svg","figure3_total_pore_pressure_profiles.svg",".svg","223714","2026/05/12 0:52:07"
"D:\MYF\SPH\GeoDualSPHysics_v5.2\examples\u-pw\02_SelfWeight_Consolidation\experiments\PaperFigures_SelfWeightScenario2\figures\figure4_excess_envelope_decay.pdf","figure4_excess_envelope_decay.pdf",".pdf","23025","2026/05/12 0:52:34"
"D:\MYF\SPH\GeoDualSPHysics_v5.2\examples\u-pw\02_SelfWeight_Consolidation\experiments\PaperFigures_SelfWeightScenario2\figures\figure4_excess_envelope_decay.png","figure4_excess_envelope_decay.png",".png","114601","2026/05/12 0:52:08"
"D:\MYF\SPH\GeoDualSPHysics_v5.2\examples\u-pw\02_SelfWeight_Consolidation\experiments\PaperFigures_SelfWeightScenario2\figures\figure4_excess_envelope_decay.svg","figure4_excess_envelope_decay.svg",".svg","25126","2026/05/12 0:52:34"
"D:\MYF\SPH\GeoDualSPHysics_v5.2\examples\u-pw\02_SelfWeight_Consolidation\experiments\PaperFigures_SelfWeightScenario2\figures\figure5_relative_error_time.pdf","figure5_relative_error_time.pdf",".pdf","22325","2026/05/12 0:52:34"
"D:\MYF\SPH\GeoDualSPHysics_v5.2\examples\u-pw\02_SelfWeight_Consolidation\experiments\PaperFigures_SelfWeightScenario2\figures\figure5_relative_error_time.png","figure5_relative_error_time.png",".png","98589","2026/05/12 0:52:08"
"D:\MYF\SPH\GeoDualSPHysics_v5.2\examples\u-pw\02_SelfWeight_Consolidation\experiments\PaperFigures_SelfWeightScenario2\figures\figure5_relative_error_time.svg","figure5_relative_error_time.svg",".svg","25829","2026/05/12 0:52:34"
"D:\MYF\SPH\GeoDualSPHysics_v5.2\examples\u-pw\02_SelfWeight_Consolidation\experiments\PaperFigures_SelfWeightScenario2\figures\figure6_cv_sensitivity.pdf","figure6_cv_sensitivity.pdf",".pdf","19064","2026/05/12 0:52:34"
"D:\MYF\SPH\GeoDualSPHysics_v5.2\examples\u-pw\02_SelfWeight_Consolidation\experiments\PaperFigures_SelfWeightScenario2\figures\figure6_cv_sensitivity.png","figure6_cv_sensitivity.png",".png","92112","2026/05/12 0:52:08"
"D:\MYF\SPH\GeoDualSPHysics_v5.2\examples\u-pw\02_SelfWeight_Consolidation\experiments\PaperFigures_SelfWeightScenario2\figures\figure6_cv_sensitivity.svg","figure6_cv_sensitivity.svg",".svg","16470","2026/05/12 0:52:34"
"D:\MYF\SPH\GeoDualSPHysics_v5.2\examples\u-pw\02_SelfWeight_Consolidation\experiments\PaperFigures_SelfWeightScenario2\generate_selfweight_scenario2_figures.py","generate_selfweight_scenario2_figures.py",".py","19851","2026/05/12 0:51:58"
"D:\MYF\SPH\GeoDualSPHysics_v5.2\examples\u-pw\02_SelfWeight_Consolidation\experiments\PaperFigures_SelfWeightScenario2\paper_figure_metrics.csv","paper_figure_metrics.csv",".csv","3281","2026/05/12 0:52:09"
"D:\MYF\SPH\GeoDualSPHysics_v5.2\examples\u-pw\02_SelfWeight_Consolidation\experiments\Visualization_Scenario1_2\README.md","README.md",".md","1560","2026/05/12 14:24:56"
"D:\MYF\SPH\GeoDualSPHysics_v5.2\examples\u-pw\02_SelfWeight_Consolidation\experiments\Visualization_Scenario1_2\Scenario1_BodyGravityStop\S1_BGStop_VIS_T36_Def.xml","S1_BGStop_VIS_T36_Def.xml",".xml","10627","2026/05/12 10:27:45"
"D:\MYF\SPH\GeoDualSPHysics_v5.2\examples\u-pw\02_SelfWeight_Consolidation\experiments\Visualization_Scenario1_2\Scenario1_BodyGravityStop\xS1_BGStop_VIS_T36_win64_GPU_release.bat","xS1_BGStop_VIS_T36_win64_GPU_release.bat",".bat","1653","2026/05/12 14:25:08"
"D:\MYF\SPH\GeoDualSPHysics_v5.2\examples\u-pw\02_SelfWeight_Consolidation\experiments\Visualization_Scenario1_2\Scenario2_G9b_Xi005\S2_G9b_VIS_T36_Def.xml","S2_G9b_VIS_T36_Def.xml",".xml","10541","2026/05/12 14:27:33"
"D:\MYF\SPH\GeoDualSPHysics_v5.2\examples\u-pw\02_SelfWeight_Consolidation\experiments\Visualization_Scenario1_2\Scenario2_G9b_Xi005\S2_G9b_VIS_T36_gpu_out\CfgInit_Domain.vtk","CfgInit_Domain.vtk",".vtk","854","2026/05/12 14:27:37"
"D:\MYF\SPH\GeoDualSPHysics_v5.2\examples\u-pw\02_SelfWeight_Consolidation\experiments\Visualization_Scenario1_2\Scenario2_G9b_Xi005\S2_G9b_VIS_T36_gpu_out\CfgInit_MapCells.vtk","CfgInit_MapCells.vtk",".vtk","1715","2026/05/12 14:27:37"
"D:\MYF\SPH\GeoDualSPHysics_v5.2\examples\u-pw\02_SelfWeight_Consolidation\experiments\Visualization_Scenario1_2\Scenario2_G9b_Xi005\S2_G9b_VIS_T36_gpu_out\CfgInit_Normals.vtk","CfgInit_Normals.vtk",".vtk","2401","2026/05/12 14:27:37"
"D:\MYF\SPH\GeoDualSPHysics_v5.2\examples\u-pw\02_SelfWeight_Consolidation\experiments\Visualization_Scenario1_2\Scenario2_G9b_Xi005\S2_G9b_VIS_T36_gpu_out\CfgInit_NormalsGhost.vtk","CfgInit_NormalsGhost.vtk",".vtk","2401","2026/05/12 14:27:37"
"D:\MYF\SPH\GeoDualSPHysics_v5.2\examples\u-pw\02_SelfWeight_Consolidation\experiments\Visualization_Scenario1_2\Scenario2_G9b_Xi005\S2_G9b_VIS_T36_gpu_out\data\Part_0000.bi4","Part_0000.bi4",".bi4","110438","2026/05/12 14:27:37"
"D:\MYF\SPH\GeoDualSPHysics_v5.2\examples\u-pw\02_SelfWeight_Consolidation\experiments\Visualization_Scenario1_2\Scenario2_G9b_Xi005\S2_G9b_VIS_T36_gpu_out\data\Part_0001.bi4","Part_0001.bi4",".bi4","110438","2026/05/12 14:28:40"
"D:\MYF\SPH\GeoDualSPHysics_v5.2\examples\u-pw\02_SelfWeight_Consolidation\experiments\Visualization_Scenario1_2\Scenario2_G9b_Xi005\S2_G9b_VIS_T36_gpu_out\data\Part_Head.ibi4","Part_Head.ibi4",".ibi4","1559","2026/05/12 14:27:37"
"D:\MYF\SPH\GeoDualSPHysics_v5.2\examples\u-pw\02_SelfWeight_Consolidation\experiments\Visualization_Scenario1_2\Scenario2_G9b_Xi005\S2_G9b_VIS_T36_gpu_out\data\PartCsv_0000.csv","PartCsv_0000.csv",".csv","401673","2026/05/12 14:27:37"
"D:\MYF\SPH\GeoDualSPHysics_v5.2\examples\u-pw\02_SelfWeight_Consolidation\experiments\Visualization_Scenario1_2\Scenario2_G9b_Xi005\S2_G9b_VIS_T36_gpu_out\data\PartCsv_0001.csv","PartCsv_0001.csv",".csv","401673","2026/05/12 14:28:40"
"D:\MYF\SPH\GeoDualSPHysics_v5.2\examples\u-pw\02_SelfWeight_Consolidation\experiments\Visualization_Scenario1_2\Scenario2_G9b_Xi005\S2_G9b_VIS_T36_gpu_out\data\PartInfo.ibi4","PartInfo.ibi4",".ibi4","2349","2026/05/12 14:28:40"
"D:\MYF\SPH\GeoDualSPHysics_v5.2\examples\u-pw\02_SelfWeight_Consolidation\experiments\Visualization_Scenario1_2\Scenario2_G9b_Xi005\S2_G9b_VIS_T36_gpu_out\data\PartOut_000.obi4","PartOut_000.obi4",".obi4","584","2026/05/12 14:27:37"
"D:\MYF\SPH\GeoDualSPHysics_v5.2\examples\u-pw\02_SelfWeight_Consolidation\experiments\Visualization_Scenario1_2\Scenario2_G9b_Xi005\S2_G9b_VIS_T36_gpu_out\Run.out","Run.out",".out","11169","2026/05/12 14:28:40"
"D:\MYF\SPH\GeoDualSPHysics_v5.2\examples\u-pw\02_SelfWeight_Consolidation\experiments\Visualization_Scenario1_2\Scenario2_G9b_Xi005\S2_G9b_VIS_T36_gpu_out\S2_G9b_VIS_T36.bi4","S2_G9b_VIS_T36.bi4",".bi4","47174","2026/05/12 14:27:37"
"D:\MYF\SPH\GeoDualSPHysics_v5.2\examples\u-pw\02_SelfWeight_Consolidation\experiments\Visualization_Scenario1_2\Scenario2_G9b_Xi005\S2_G9b_VIS_T36_gpu_out\S2_G9b_VIS_T36.out","S2_G9b_VIS_T36.out",".out","5135","2026/05/12 14:27:37"
"D:\MYF\SPH\GeoDualSPHysics_v5.2\examples\u-pw\02_SelfWeight_Consolidation\experiments\Visualization_Scenario1_2\Scenario2_G9b_Xi005\S2_G9b_VIS_T36_gpu_out\S2_G9b_VIS_T36.xml","S2_G9b_VIS_T36.xml",".xml","13615","2026/05/12 14:27:37"
"D:\MYF\SPH\GeoDualSPHysics_v5.2\examples\u-pw\02_SelfWeight_Consolidation\experiments\Visualization_Scenario1_2\Scenario2_G9b_Xi005\S2_G9b_VIS_T36_gpu_out\S2_G9b_VIS_T36_All.vtk","S2_G9b_VIS_T36_All.vtk",".vtk","43951","2026/05/12 14:27:37"
"D:\MYF\SPH\GeoDualSPHysics_v5.2\examples\u-pw\02_SelfWeight_Consolidation\experiments\Visualization_Scenario1_2\Scenario2_G9b_Xi005\S2_G9b_VIS_T36_gpu_out\S2_G9b_VIS_T36_Bound.vtk","S2_G9b_VIS_T36_Bound.vtk",".vtk","1935","2026/05/12 14:27:37"
"D:\MYF\SPH\GeoDualSPHysics_v5.2\examples\u-pw\02_SelfWeight_Consolidation\experiments\Visualization_Scenario1_2\Scenario2_G9b_Xi005\S2_G9b_VIS_T36_gpu_out\S2_G9b_VIS_T36_Boundary_Actual.vtk","S2_G9b_VIS_T36_Boundary_Actual.vtk",".vtk","355","2026/05/12 14:27:37"
"D:\MYF\SPH\GeoDualSPHysics_v5.2\examples\u-pw\02_SelfWeight_Consolidation\experiments\Visualization_Scenario1_2\Scenario2_G9b_Xi005\S2_G9b_VIS_T36_gpu_out\S2_G9b_VIS_T36_dbg-fillbox.vtk","S2_G9b_VIS_T36_dbg-fillbox.vtk",".vtk","1777","2026/05/12 14:27:37"
"D:\MYF\SPH\GeoDualSPHysics_v5.2\examples\u-pw\02_SelfWeight_Consolidation\experiments\Visualization_Scenario1_2\Scenario2_G9b_Xi005\S2_G9b_VIS_T36_gpu_out\S2_G9b_VIS_T36_Fluid.vtk","S2_G9b_VIS_T36_Fluid.vtk",".vtk","42271","2026/05/12 14:27:37"
"D:\MYF\SPH\GeoDualSPHysics_v5.2\examples\u-pw\02_SelfWeight_Consolidation\experiments\Visualization_Scenario1_2\Scenario2_G9b_Xi005\S2_G9b_VIS_T36_gpu_out\S2_G9b_VIS_T36_GeometryShapes.vtk","S2_G9b_VIS_T36_GeometryShapes.vtk",".vtk","499","2026/05/12 14:27:37"
"D:\MYF\SPH\GeoDualSPHysics_v5.2\examples\u-pw\02_SelfWeight_Consolidation\experiments\Visualization_Scenario1_2\Scenario2_G9b_Xi005\S2_G9b_VIS_T36_gpu_out\S2_G9b_VIS_T36_hdp_Actual.vtk","S2_G9b_VIS_T36_hdp_Actual.vtk",".vtk","355","2026/05/12 14:27:37"
"D:\MYF\SPH\GeoDualSPHysics_v5.2\examples\u-pw\02_SelfWeight_Consolidation\experiments\Visualization_Scenario1_2\Scenario2_G9b_Xi005\S2_G9b_VIS_T36_gpu_out\S2_G9b_VIS_T36_MkCells.vtk","S2_G9b_VIS_T36_MkCells.vtk",".vtk","337","2026/05/12 14:27:37"
"D:\MYF\SPH\GeoDualSPHysics_v5.2\examples\u-pw\02_SelfWeight_Consolidation\experiments\Visualization_Scenario1_2\Scenario2_G9b_Xi005\S2_G9b_VIS_T36_gpu_out\S2_G9b_VIS_T36_Normals.nbi4","S2_G9b_VIS_T36_Normals.nbi4",".nbi4","1469","2026/05/12 14:27:37"
"D:\MYF\SPH\GeoDualSPHysics_v5.2\examples\u-pw\02_SelfWeight_Consolidation\experiments\Visualization_Scenario1_2\Scenario2_G9b_Xi005\S2_G9b_VIS_T36_gpu_out\S2_G9b_VIS_T36_Normals.vtk","S2_G9b_VIS_T36_Normals.vtk",".vtk","1920","2026/05/12 14:27:37"
"D:\MYF\SPH\GeoDualSPHysics_v5.2\examples\u-pw\02_SelfWeight_Consolidation\experiments\Visualization_Scenario1_2\Scenario2_G9b_Xi005\xS2_G9b_VIS_T36_win64_GPU_release.bat","xS2_G9b_VIS_T36_win64_GPU_release.bat",".bat","1638","2026/05/12 14:25:08"
"D:\MYF\SPH\GeoDualSPHysics_v5.2\examples\u-pw\02_SelfWeight_Consolidation\notes.md","notes.md",".md","3241","2026/05/10 23:02:35"
"D:\MYF\SPH\GeoDualSPHysics_v5.2\examples\u-pw\02_SelfWeight_Consolidation\README.md","README.md",".md","3561","2026/05/10 23:02:26"
"D:\MYF\SPH\GeoDualSPHysics_v5.2\examples\u-pw\02_SelfWeight_Consolidation\xCaseSelfWeightConsolidation_PR_Scenario1_StageA_win64_CPU_release.bat","xCaseSelfWeightConsolidation_PR_Scenario1_StageA_win64_CPU_release.bat",".bat","1606","2026/05/10 20:05:20"
"D:\MYF\SPH\GeoDualSPHysics_v5.2\examples\u-pw\02_SelfWeight_Consolidation\xCaseSelfWeightConsolidation_PR_Scenario1_StageB_win64_CPU_release.bat","xCaseSelfWeightConsolidation_PR_Scenario1_StageB_win64_CPU_release.bat",".bat","1853","2026/05/10 20:05:20"
"D:\MYF\SPH\GeoDualSPHysics_v5.2\examples\u-pw\02_SelfWeight_Consolidation\xCaseSelfWeightConsolidation_PR_Scenario2_win64_CPU_release.bat","xCaseSelfWeightConsolidation_PR_Scenario2_win64_CPU_release.bat",".bat","1957","2026/05/10 16:56:43"
"D:\MYF\SPH\GeoDualSPHysics_v5.2\examples\u-pw\03_Cryer_Problem\analyze_cryer_smoke.py","analyze_cryer_smoke.py",".py","3922","2026/05/11 1:57:42"
"D:\MYF\SPH\GeoDualSPHysics_v5.2\examples\u-pw\03_Cryer_Problem\CaseCryer_PR_Baseline_Def.xml","CaseCryer_PR_Baseline_Def.xml",".xml","10587","2026/05/12 14:59:22"
"D:\MYF\SPH\GeoDualSPHysics_v5.2\examples\u-pw\03_Cryer_Problem\CaseCryer_PR_Smoke_Def.xml","CaseCryer_PR_Smoke_Def.xml",".xml","10452","2026/05/10 23:30:21"
"D:\MYF\SPH\GeoDualSPHysics_v5.2\examples\u-pw\03_Cryer_Problem\CaseCryer_PR_TODO_Def.xml","CaseCryer_PR_TODO_Def.xml",".xml","868","2026/05/10 16:56:43"
"D:\MYF\SPH\GeoDualSPHysics_v5.2\examples\u-pw\03_Cryer_Problem\cryer_smoke_center_pressure.csv","cryer_smoke_center_pressure.csv",".csv","299","2026/05/11 1:57:58"
"D:\MYF\SPH\GeoDualSPHysics_v5.2\examples\u-pw\03_Cryer_Problem\notes.md","notes.md",".md","36760","2026/05/13 16:55:28"
"D:\MYF\SPH\GeoDualSPHysics_v5.2\examples\u-pw\03_Cryer_Problem\README.md","README.md",".md","34782","2026/05/13 16:55:28"
"D:\MYF\SPH\GeoDualSPHysics_v5.2\examples\u-pw\03_Cryer_Problem\smoke_status.md","smoke_status.md",".md","1526","2026/05/11 1:58:20"
"D:\MYF\SPH\GeoDualSPHysics_v5.2\examples\u-pw\03_Cryer_Problem\strict_reproduction_plan\C5_StrictSphere_CoarseSmoke\c5_boundary_residual_metrics.csv","c5_boundary_residual_metrics.csv",".csv","187","2026/05/12 20:26:12"
"D:\MYF\SPH\GeoDualSPHysics_v5.2\examples\u-pw\03_Cryer_Problem\strict_reproduction_plan\C5_StrictSphere_CoarseSmoke\c5_center_pressure_history.csv","c5_center_pressure_history.csv",".csv","4117","2026/05/12 20:26:12"
"D:\MYF\SPH\GeoDualSPHysics_v5.2\examples\u-pw\03_Cryer_Problem\strict_reproduction_plan\C5_StrictSphere_CoarseSmoke\c5_flexible_confining_stress_metrics.csv","c5_flexible_confining_stress_metrics.csv",".csv","499","2026/05/12 20:26:12"
"D:\MYF\SPH\GeoDualSPHysics_v5.2\examples\u-pw\03_Cryer_Problem\strict_reproduction_plan\C5_StrictSphere_CoarseSmoke\c5_pressure_rate_terms.csv","c5_pressure_rate_terms.csv",".csv","4117","2026/05/12 20:26:12"
"D:\MYF\SPH\GeoDualSPHysics_v5.2\examples\u-pw\03_Cryer_Problem\strict_reproduction_plan\C5_StrictSphere_CoarseSmoke\c5_strict_sphere_case_summary.csv","c5_strict_sphere_case_summary.csv",".csv","667","2026/05/12 20:26:12"
"D:\MYF\SPH\GeoDualSPHysics_v5.2\examples\u-pw\03_Cryer_Problem\strict_reproduction_plan\C5_StrictSphere_CoarseSmoke\CaseCryer_PR_StrictSphere_C5_CoarseSmoke_Def.xml","CaseCryer_PR_StrictSphere_C5_CoarseSmoke_Def.xml",".xml","5459","2026/05/12 20:25:46"
"D:\MYF\SPH\GeoDualSPHysics_v5.2\examples\u-pw\03_Cryer_Problem\strict_reproduction_plan\C5_StrictSphere_CoarseSmoke\figures\c5_boundary_excess_residual_proxy.png","c5_boundary_excess_residual_proxy.png",".png","55233","2026/05/12 20:26:13"
"D:\MYF\SPH\GeoDualSPHysics_v5.2\examples\u-pw\03_Cryer_Problem\strict_reproduction_plan\C5_StrictSphere_CoarseSmoke\figures\c5_boundary_excess_residual_proxy.svg","c5_boundary_excess_residual_proxy.svg",".svg","29787","2026/05/12 20:26:13"
"D:\MYF\SPH\GeoDualSPHysics_v5.2\examples\u-pw\03_Cryer_Problem\strict_reproduction_plan\C5_StrictSphere_CoarseSmoke\figures\c5_center_avg_excess_pressure.png","c5_center_avg_excess_pressure.png",".png","66462","2026/05/12 20:26:14"
"D:\MYF\SPH\GeoDualSPHysics_v5.2\examples\u-pw\03_Cryer_Problem\strict_reproduction_plan\C5_StrictSphere_CoarseSmoke\figures\c5_center_avg_excess_pressure.svg","c5_center_avg_excess_pressure.svg",".svg","30109","2026/05/12 20:26:14"
"D:\MYF\SPH\GeoDualSPHysics_v5.2\examples\u-pw\03_Cryer_Problem\strict_reproduction_plan\C5_StrictSphere_CoarseSmoke\figures\c5_center_excess_pressure.png","c5_center_excess_pressure.png",".png","61266","2026/05/12 20:26:14"
"D:\MYF\SPH\GeoDualSPHysics_v5.2\examples\u-pw\03_Cryer_Problem\strict_reproduction_plan\C5_StrictSphere_CoarseSmoke\figures\c5_center_excess_pressure.svg","c5_center_excess_pressure.svg",".svg","26489","2026/05/12 20:26:14"
"D:\MYF\SPH\GeoDualSPHysics_v5.2\examples\u-pw\03_Cryer_Problem\strict_reproduction_plan\C5_StrictSphere_CoarseSmoke\figures\c5_center_normalized_excess_pressure.png","c5_center_normalized_excess_pressure.png",".png","59465","2026/05/12 20:26:14"
"D:\MYF\SPH\GeoDualSPHysics_v5.2\examples\u-pw\03_Cryer_Problem\strict_reproduction_plan\C5_StrictSphere_CoarseSmoke\figures\c5_center_normalized_excess_pressure.svg","c5_center_normalized_excess_pressure.svg",".svg","31144","2026/05/12 20:26:14"
"D:\MYF\SPH\GeoDualSPHysics_v5.2\examples\u-pw\03_Cryer_Problem\strict_reproduction_plan\C5_StrictSphere_CoarseSmoke\figures\c5_center_normalized_pressure_nearest_vs_average.png","c5_center_normalized_pressure_nearest_vs_average.png",".png","72429","2026/05/12 20:27:24"
"D:\MYF\SPH\GeoDualSPHysics_v5.2\examples\u-pw\03_Cryer_Problem\strict_reproduction_plan\C5_StrictSphere_CoarseSmoke\figures\c5_center_normalized_pressure_nearest_vs_average.svg","c5_center_normalized_pressure_nearest_vs_average.svg",".svg","33419","2026/05/12 20:27:24"
"D:\MYF\SPH\GeoDualSPHysics_v5.2\examples\u-pw\03_Cryer_Problem\strict_reproduction_plan\C5_StrictSphere_CoarseSmoke\figures\c5_center_pressure_with_analytical_context.png","c5_center_pressure_with_analytical_context.png",".png","65366","2026/05/12 20:27:24"
"D:\MYF\SPH\GeoDualSPHysics_v5.2\examples\u-pw\03_Cryer_Problem\strict_reproduction_plan\C5_StrictSphere_CoarseSmoke\figures\c5_center_pressure_with_analytical_context.svg","c5_center_pressure_with_analytical_context.svg",".svg","41832","2026/05/12 20:27:24"
"D:\MYF\SPH\GeoDualSPHysics_v5.2\examples\u-pw\03_Cryer_Problem\strict_reproduction_plan\C5_StrictSphere_CoarseSmoke\figures\c5_divvel_rate_contribution.png","c5_divvel_rate_contribution.png",".png","56332","2026/05/12 20:26:16"
"D:\MYF\SPH\GeoDualSPHysics_v5.2\examples\u-pw\03_Cryer_Problem\strict_reproduction_plan\C5_StrictSphere_CoarseSmoke\figures\c5_divvel_rate_contribution.svg","c5_divvel_rate_contribution.svg",".svg","29765","2026/05/12 20:26:16"
"D:\MYF\SPH\GeoDualSPHysics_v5.2\examples\u-pw\03_Cryer_Problem\strict_reproduction_plan\C5_StrictSphere_CoarseSmoke\figures\c5_excess_pressure_maxabs.png","c5_excess_pressure_maxabs.png",".png","54425","2026/05/12 20:26:15"
"D:\MYF\SPH\GeoDualSPHysics_v5.2\examples\u-pw\03_Cryer_Problem\strict_reproduction_plan\C5_StrictSphere_CoarseSmoke\figures\c5_excess_pressure_maxabs.svg","c5_excess_pressure_maxabs.svg",".svg","25750","2026/05/12 20:26:15"
"D:\MYF\SPH\GeoDualSPHysics_v5.2\examples\u-pw\03_Cryer_Problem\strict_reproduction_plan\C5_StrictSphere_CoarseSmoke\figures\c5_kplastic_maxabs.png","c5_kplastic_maxabs.png",".png","31258","2026/05/12 20:26:17"
"D:\MYF\SPH\GeoDualSPHysics_v5.2\examples\u-pw\03_Cryer_Problem\strict_reproduction_plan\C5_StrictSphere_CoarseSmoke\figures\c5_kplastic_maxabs.svg","c5_kplastic_maxabs.svg",".svg","25277","2026/05/12 20:26:17"
"D:\MYF\SPH\GeoDualSPHysics_v5.2\examples\u-pw\03_Cryer_Problem\strict_reproduction_plan\C5_StrictSphere_CoarseSmoke\figures\c5_lapp_rate_contribution.png","c5_lapp_rate_contribution.png",".png","61610","2026/05/12 20:26:16"
"D:\MYF\SPH\GeoDualSPHysics_v5.2\examples\u-pw\03_Cryer_Problem\strict_reproduction_plan\C5_StrictSphere_CoarseSmoke\figures\c5_lapp_rate_contribution.svg","c5_lapp_rate_contribution.svg",".svg","32630","2026/05/12 20:26:16"
"D:\MYF\SPH\GeoDualSPHysics_v5.2\examples\u-pw\03_Cryer_Problem\strict_reproduction_plan\C5_StrictSphere_CoarseSmoke\figures\c5_lapporepress_maxabs.png","c5_lapporepress_maxabs.png",".png","58146","2026/05/12 20:26:16"
"D:\MYF\SPH\GeoDualSPHysics_v5.2\examples\u-pw\03_Cryer_Problem\strict_reproduction_plan\C5_StrictSphere_CoarseSmoke\figures\c5_lapporepress_maxabs.svg","c5_lapporepress_maxabs.svg",".svg","28558","2026/05/12 20:26:16"
"D:\MYF\SPH\GeoDualSPHysics_v5.2\examples\u-pw\03_Cryer_Problem\strict_reproduction_plan\C5_StrictSphere_CoarseSmoke\figures\c5_lapz_maxabs.png","c5_lapz_maxabs.png",".png","39138","2026/05/12 20:26:16"
"D:\MYF\SPH\GeoDualSPHysics_v5.2\examples\u-pw\03_Cryer_Problem\strict_reproduction_plan\C5_StrictSphere_CoarseSmoke\figures\c5_lapz_maxabs.svg","c5_lapz_maxabs.svg",".svg","29611","2026/05/12 20:26:16"
"D:\MYF\SPH\GeoDualSPHysics_v5.2\examples\u-pw\03_Cryer_Problem\strict_reproduction_plan\C5_StrictSphere_CoarseSmoke\figures\c5_lapz_rate_contribution.png","c5_lapz_rate_contribution.png",".png","35455","2026/05/12 20:26:17"
"D:\MYF\SPH\GeoDualSPHysics_v5.2\examples\u-pw\03_Cryer_Problem\strict_reproduction_plan\C5_StrictSphere_CoarseSmoke\figures\c5_lapz_rate_contribution.svg","c5_lapz_rate_contribution.svg",".svg","30023","2026/05/12 20:26:17"
"D:\MYF\SPH\GeoDualSPHysics_v5.2\examples\u-pw\03_Cryer_Problem\strict_reproduction_plan\C5_StrictSphere_CoarseSmoke\figures\c5_mean_excess_pressure.png","c5_mean_excess_pressure.png",".png","56859","2026/05/12 20:26:15"
"D:\MYF\SPH\GeoDualSPHysics_v5.2\examples\u-pw\03_Cryer_Problem\strict_reproduction_plan\C5_StrictSphere_CoarseSmoke\figures\c5_mean_excess_pressure.svg","c5_mean_excess_pressure.svg",".svg","26712","2026/05/12 20:26:15"
"D:\MYF\SPH\GeoDualSPHysics_v5.2\examples\u-pw\03_Cryer_Problem\strict_reproduction_plan\C5_StrictSphere_CoarseSmoke\figures\c5_operator_boundary_residual.png","c5_operator_boundary_residual.png",".png","38888","2026/05/12 20:26:18"
"D:\MYF\SPH\GeoDualSPHysics_v5.2\examples\u-pw\03_Cryer_Problem\strict_reproduction_plan\C5_StrictSphere_CoarseSmoke\figures\c5_operator_boundary_residual.svg","c5_operator_boundary_residual.svg",".svg","28280","2026/05/12 20:26:18"
"D:\MYF\SPH\GeoDualSPHysics_v5.2\examples\u-pw\03_Cryer_Problem\strict_reproduction_plan\C5_StrictSphere_CoarseSmoke\figures\c5_porepress_rate_maxabs.png","c5_porepress_rate_maxabs.png",".png","57605","2026/05/12 20:26:15"
"D:\MYF\SPH\GeoDualSPHysics_v5.2\examples\u-pw\03_Cryer_Problem\strict_reproduction_plan\C5_StrictSphere_CoarseSmoke\figures\c5_porepress_rate_maxabs.svg","c5_porepress_rate_maxabs.svg",".svg","27644","2026/05/12 20:26:15"
"D:\MYF\SPH\GeoDualSPHysics_v5.2\examples\u-pw\03_Cryer_Problem\strict_reproduction_plan\C5_StrictSphere_CoarseSmoke\figures\c5_radial_excess_pressure_profiles.png","c5_radial_excess_pressure_profiles.png",".png","49023","2026/05/12 20:27:23"
"D:\MYF\SPH\GeoDualSPHysics_v5.2\examples\u-pw\03_Cryer_Problem\strict_reproduction_plan\C5_StrictSphere_CoarseSmoke\figures\c5_radial_excess_pressure_profiles.svg","c5_radial_excess_pressure_profiles.svg",".svg","36232","2026/05/12 20:27:23"
"D:\MYF\SPH\GeoDualSPHysics_v5.2\examples\u-pw\03_Cryer_Problem\strict_reproduction_plan\C5_StrictSphere_CoarseSmoke\figures\c5_radial_lapporepress_profiles.png","c5_radial_lapporepress_profiles.png",".png","55089","2026/05/12 20:27:24"
"D:\MYF\SPH\GeoDualSPHysics_v5.2\examples\u-pw\03_Cryer_Problem\strict_reproduction_plan\C5_StrictSphere_CoarseSmoke\figures\c5_radial_lapporepress_profiles.svg","c5_radial_lapporepress_profiles.svg",".svg","35531","2026/05/12 20:27:24"
"D:\MYF\SPH\GeoDualSPHysics_v5.2\examples\u-pw\03_Cryer_Problem\strict_reproduction_plan\C5_StrictSphere_CoarseSmoke\figures\c5_radial_porepressrate_profiles.png","c5_radial_porepressrate_profiles.png",".png","58054","2026/05/12 20:27:23"
"D:\MYF\SPH\GeoDualSPHysics_v5.2\examples\u-pw\03_Cryer_Problem\strict_reproduction_plan\C5_StrictSphere_CoarseSmoke\figures\c5_radial_porepressrate_profiles.svg","c5_radial_porepressrate_profiles.svg",".svg","36435","2026/05/12 20:27:23"
"D:\MYF\SPH\GeoDualSPHysics_v5.2\examples\u-pw\03_Cryer_Problem\strict_reproduction_plan\C5_StrictSphere_CoarseSmoke\figures\c5_surface_radial_displacement.png","c5_surface_radial_displacement.png",".png","59509","2026/05/12 20:26:18"
"D:\MYF\SPH\GeoDualSPHysics_v5.2\examples\u-pw\03_Cryer_Problem\strict_reproduction_plan\C5_StrictSphere_CoarseSmoke\figures\c5_surface_radial_displacement.svg","c5_surface_radial_displacement.svg",".svg","29567","2026/05/12 20:26:18"
"D:\MYF\SPH\GeoDualSPHysics_v5.2\examples\u-pw\03_Cryer_Problem\strict_reproduction_plan\C5_StrictSphere_CoarseSmoke\figures\c5_surface_radial_velocity.png","c5_surface_radial_velocity.png",".png","65785","2026/05/12 20:26:17"
"D:\MYF\SPH\GeoDualSPHysics_v5.2\examples\u-pw\03_Cryer_Problem\strict_reproduction_plan\C5_StrictSphere_CoarseSmoke\figures\c5_surface_radial_velocity.svg","c5_surface_radial_velocity.svg",".svg","32267","2026/05/12 20:26:18"
"D:\MYF\SPH\GeoDualSPHysics_v5.2\examples\u-pw\03_Cryer_Problem\strict_reproduction_plan\C5_StrictSphere_CoarseSmoke\figures\c5_velocity_max.png","c5_velocity_max.png",".png","55826","2026/05/12 20:26:17"
"D:\MYF\SPH\GeoDualSPHysics_v5.2\examples\u-pw\03_Cryer_Problem\strict_reproduction_plan\C5_StrictSphere_CoarseSmoke\figures\c5_velocity_max.svg","c5_velocity_max.svg",".svg","27153","2026/05/12 20:26:17"
"D:\MYF\SPH\GeoDualSPHysics_v5.2\examples\u-pw\03_Cryer_Problem\strict_reproduction_plan\C5_StrictSphere_CoarseSmoke\README.md","README.md",".md","944","2026/05/12 20:25:46"
"D:\MYF\SPH\GeoDualSPHysics_v5.2\examples\u-pw\03_Cryer_Problem\strict_reproduction_plan\C5_StrictSphere_CoarseSmoke\scripts\analyze_c5_strict_sphere_smoke.py","analyze_c5_strict_sphere_smoke.py",".py","21501","2026/05/12 20:25:46"
"D:\MYF\SPH\GeoDualSPHysics_v5.2\examples\u-pw\03_Cryer_Problem\strict_reproduction_plan\C5_StrictSphere_CoarseSmoke\scripts\plot_c5_strict_sphere_smoke.py","plot_c5_strict_sphere_smoke.py",".py","8086","2026/05/12 20:27:15"
"D:\MYF\SPH\GeoDualSPHysics_v5.2\examples\u-pw\03_Cryer_Problem\strict_reproduction_plan\C5_StrictSphere_CoarseSmoke\xCaseCryer_PR_StrictSphere_C5_CoarseSmoke_win64_CPU_release.bat","xCaseCryer_PR_StrictSphere_C5_CoarseSmoke_win64_CPU_release.bat",".bat","1345","2026/05/12 20:23:39"
"D:\MYF\SPH\GeoDualSPHysics_v5.2\examples\u-pw\03_Cryer_Problem\strict_reproduction_plan\C5b_StrictSphere_Refinement\c5b_averaging_radius_sensitivity.csv","c5b_averaging_radius_sensitivity.csv",".csv","2024","2026/05/12 20:50:13"
"D:\MYF\SPH\GeoDualSPHysics_v5.2\examples\u-pw\03_Cryer_Problem\strict_reproduction_plan\C5b_StrictSphere_Refinement\c5b_boundary_residual_comparison.csv","c5b_boundary_residual_comparison.csv",".csv","425","2026/05/12 20:50:13"
"D:\MYF\SPH\GeoDualSPHysics_v5.2\examples\u-pw\03_Cryer_Problem\strict_reproduction_plan\C5b_StrictSphere_Refinement\c5b_case_summary.csv","c5b_case_summary.csv",".csv","1640","2026/05/12 20:50:13"
"D:\MYF\SPH\GeoDualSPHysics_v5.2\examples\u-pw\03_Cryer_Problem\strict_reproduction_plan\C5b_StrictSphere_Refinement\c5b_center_pressure_by_radius.csv","c5b_center_pressure_by_radius.csv",".csv","17893","2026/05/12 20:50:13"
"D:\MYF\SPH\GeoDualSPHysics_v5.2\examples\u-pw\03_Cryer_Problem\strict_reproduction_plan\C5b_StrictSphere_Refinement\c5b_center_pressure_comparison.csv","c5b_center_pressure_comparison.csv",".csv","27096","2026/05/12 20:50:13"
"D:\MYF\SPH\GeoDualSPHysics_v5.2\examples\u-pw\03_Cryer_Problem\strict_reproduction_plan\C5b_StrictSphere_Refinement\c5b_loading_ramp_metrics.csv","c5b_loading_ramp_metrics.csv",".csv","2259","2026/05/12 20:50:13"
"D:\MYF\SPH\GeoDualSPHysics_v5.2\examples\u-pw\03_Cryer_Problem\strict_reproduction_plan\C5b_StrictSphere_Refinement\c5b_stability_metrics.csv","c5b_stability_metrics.csv",".csv","27096","2026/05/12 20:50:13"
"D:\MYF\SPH\GeoDualSPHysics_v5.2\examples\u-pw\03_Cryer_Problem\strict_reproduction_plan\C5b_StrictSphere_Refinement\CaseCryer_PR_StrictSphere_C5b_Baseline_Def.xml","CaseCryer_PR_StrictSphere_C5b_Baseline_Def.xml",".xml","5419","2026/05/12 20:37:19"
"D:\MYF\SPH\GeoDualSPHysics_v5.2\examples\u-pw\03_Cryer_Problem\strict_reproduction_plan\C5b_StrictSphere_Refinement\CaseCryer_PR_StrictSphere_C5b_LongSlowRamp_Def.xml","CaseCryer_PR_StrictSphere_C5b_LongSlowRamp_Def.xml",".xml","5425","2026/05/12 20:37:19"
"D:\MYF\SPH\GeoDualSPHysics_v5.2\examples\u-pw\03_Cryer_Problem\strict_reproduction_plan\C5b_StrictSphere_Refinement\CaseCryer_PR_StrictSphere_C5b_LowerP0_Def.xml","CaseCryer_PR_StrictSphere_C5b_LowerP0_Def.xml",".xml","5417","2026/05/12 20:37:19"
"D:\MYF\SPH\GeoDualSPHysics_v5.2\examples\u-pw\03_Cryer_Problem\strict_reproduction_plan\C5b_StrictSphere_Refinement\CaseCryer_PR_StrictSphere_C5b_SlowRamp_Def.xml","CaseCryer_PR_StrictSphere_C5b_SlowRamp_Def.xml",".xml","5418","2026/05/12 20:37:19"
"D:\MYF\SPH\GeoDualSPHysics_v5.2\examples\u-pw\03_Cryer_Problem\strict_reproduction_plan\C5b_StrictSphere_Refinement\figures\c5b_center_averaging_radius_sensitivity.png","c5b_center_averaging_radius_sensitivity.png",".png","55882","2026/05/12 20:50:16"
"D:\MYF\SPH\GeoDualSPHysics_v5.2\examples\u-pw\03_Cryer_Problem\strict_reproduction_plan\C5b_StrictSphere_Refinement\figures\c5b_center_averaging_radius_sensitivity.svg","c5b_center_averaging_radius_sensitivity.svg",".svg","43655","2026/05/12 20:50:16"
"D:\MYF\SPH\GeoDualSPHysics_v5.2\examples\u-pw\03_Cryer_Problem\strict_reproduction_plan\C5b_StrictSphere_Refinement\figures\c5b_center_normalized_pressure_primary_radius.png","c5b_center_normalized_pressure_primary_radius.png",".png","73331","2026/05/12 20:50:14"
"D:\MYF\SPH\GeoDualSPHysics_v5.2\examples\u-pw\03_Cryer_Problem\strict_reproduction_plan\C5b_StrictSphere_Refinement\figures\c5b_center_normalized_pressure_primary_radius.svg","c5b_center_normalized_pressure_primary_radius.svg",".svg","43152","2026/05/12 20:50:14"
"D:\MYF\SPH\GeoDualSPHysics_v5.2\examples\u-pw\03_Cryer_Problem\strict_reproduction_plan\C5b_StrictSphere_Refinement\figures\c5b_kplastic_maxabs.png","c5b_kplastic_maxabs.png",".png","40665","2026/05/12 20:50:15"
"D:\MYF\SPH\GeoDualSPHysics_v5.2\examples\u-pw\03_Cryer_Problem\strict_reproduction_plan\C5b_StrictSphere_Refinement\figures\c5b_kplastic_maxabs.svg","c5b_kplastic_maxabs.svg",".svg","37294","2026/05/12 20:50:15"
"D:\MYF\SPH\GeoDualSPHysics_v5.2\examples\u-pw\03_Cryer_Problem\strict_reproduction_plan\C5b_StrictSphere_Refinement\figures\c5b_lapz_rate_contribution.png","c5b_lapz_rate_contribution.png",".png","44702","2026/05/12 20:50:16"
"D:\MYF\SPH\GeoDualSPHysics_v5.2\examples\u-pw\03_Cryer_Problem\strict_reproduction_plan\C5b_StrictSphere_Refinement\figures\c5b_lapz_rate_contribution.svg","c5b_lapz_rate_contribution.svg",".svg","40570","2026/05/12 20:50:16"
"D:\MYF\SPH\GeoDualSPHysics_v5.2\examples\u-pw\03_Cryer_Problem\strict_reproduction_plan\C5b_StrictSphere_Refinement\figures\c5b_near_surface_material_excess.png","c5b_near_surface_material_excess.png",".png","71298","2026/05/12 20:50:15"
"D:\MYF\SPH\GeoDualSPHysics_v5.2\examples\u-pw\03_Cryer_Problem\strict_reproduction_plan\C5b_StrictSphere_Refinement\figures\c5b_near_surface_material_excess.svg","c5b_near_surface_material_excess.svg",".svg","42131","2026/05/12 20:50:15"
"D:\MYF\SPH\GeoDualSPHysics_v5.2\examples\u-pw\03_Cryer_Problem\strict_reproduction_plan\C5b_StrictSphere_Refinement\figures\c5b_operator_boundary_residual.png","c5b_operator_boundary_residual.png",".png","47236","2026/05/12 20:50:17"
"D:\MYF\SPH\GeoDualSPHysics_v5.2\examples\u-pw\03_Cryer_Problem\strict_reproduction_plan\C5b_StrictSphere_Refinement\figures\c5b_operator_boundary_residual.svg","c5b_operator_boundary_residual.svg",".svg","35622","2026/05/12 20:50:17"
"D:\MYF\SPH\GeoDualSPHysics_v5.2\examples\u-pw\03_Cryer_Problem\strict_reproduction_plan\C5b_StrictSphere_Refinement\figures\c5b_porepress_rate_maxabs.png","c5b_porepress_rate_maxabs.png",".png","63451","2026/05/12 20:50:16"
"D:\MYF\SPH\GeoDualSPHysics_v5.2\examples\u-pw\03_Cryer_Problem\strict_reproduction_plan\C5b_StrictSphere_Refinement\figures\c5b_porepress_rate_maxabs.svg","c5b_porepress_rate_maxabs.svg",".svg","40592","2026/05/12 20:50:16"
"D:\MYF\SPH\GeoDualSPHysics_v5.2\examples\u-pw\03_Cryer_Problem\strict_reproduction_plan\C5b_StrictSphere_Refinement\figures\c5b_surface_radial_velocity.png","c5b_surface_radial_velocity.png",".png","62231","2026/05/12 20:50:16"
"D:\MYF\SPH\GeoDualSPHysics_v5.2\examples\u-pw\03_Cryer_Problem\strict_reproduction_plan\C5b_StrictSphere_Refinement\figures\c5b_surface_radial_velocity.svg","c5b_surface_radial_velocity.svg",".svg","40025","2026/05/12 20:50:16"
"D:\MYF\SPH\GeoDualSPHysics_v5.2\examples\u-pw\03_Cryer_Problem\strict_reproduction_plan\C5b_StrictSphere_Refinement\figures\c5b_velocity_max.png","c5b_velocity_max.png",".png","52684","2026/05/12 20:50:15"
"D:\MYF\SPH\GeoDualSPHysics_v5.2\examples\u-pw\03_Cryer_Problem\strict_reproduction_plan\C5b_StrictSphere_Refinement\figures\c5b_velocity_max.svg","c5b_velocity_max.svg",".svg","37291","2026/05/12 20:50:15"
"D:\MYF\SPH\GeoDualSPHysics_v5.2\examples\u-pw\03_Cryer_Problem\strict_reproduction_plan\C5b_StrictSphere_Refinement\README.md","README.md",".md","749","2026/05/12 20:38:19"
"D:\MYF\SPH\GeoDualSPHysics_v5.2\examples\u-pw\03_Cryer_Problem\strict_reproduction_plan\C5b_StrictSphere_Refinement\scripts\analyze_c5b_refinement.py","analyze_c5b_refinement.py",".py","25311","2026/05/12 20:48:36"
"D:\MYF\SPH\GeoDualSPHysics_v5.2\examples\u-pw\03_Cryer_Problem\strict_reproduction_plan\C5b_StrictSphere_Refinement\scripts\plot_c5b_refinement.py","plot_c5b_refinement.py",".py","803","2026/05/12 20:49:00"
"D:\MYF\SPH\GeoDualSPHysics_v5.2\examples\u-pw\03_Cryer_Problem\strict_reproduction_plan\C5b_StrictSphere_Refinement\xCaseCryer_PR_StrictSphere_C5b_Refinement_win64_CPU_release.bat","xCaseCryer_PR_StrictSphere_C5b_Refinement_win64_CPU_release.bat",".bat","1599","2026/05/12 20:38:19"
"D:\MYF\SPH\GeoDualSPHysics_v5.2\examples\u-pw\03_Cryer_Problem\strict_reproduction_plan\C5c_CurvedBoundaryCoupling\c5c_boundary_contribution_metrics.csv","c5c_boundary_contribution_metrics.csv",".csv","14780","2026/05/12 21:18:42"
"D:\MYF\SPH\GeoDualSPHysics_v5.2\examples\u-pw\03_Cryer_Problem\strict_reproduction_plan\C5c_CurvedBoundaryCoupling\c5c_case_summary.csv","c5c_case_summary.csv",".csv","1892","2026/05/12 21:18:42"
"D:\MYF\SPH\GeoDualSPHysics_v5.2\examples\u-pw\03_Cryer_Problem\strict_reproduction_plan\C5c_CurvedBoundaryCoupling\c5c_center_pressure_comparison.csv","c5c_center_pressure_comparison.csv",".csv","14780","2026/05/12 21:18:42"
"D:\MYF\SPH\GeoDualSPHysics_v5.2\examples\u-pw\03_Cryer_Problem\strict_reproduction_plan\C5c_CurvedBoundaryCoupling\c5c_flexible_confining_stress_metrics.csv","c5c_flexible_confining_stress_metrics.csv",".csv","1431","2026/05/12 21:18:42"
"D:\MYF\SPH\GeoDualSPHysics_v5.2\examples\u-pw\03_Cryer_Problem\strict_reproduction_plan\C5c_CurvedBoundaryCoupling\c5c_pressure_only_diffusion_metrics.csv","c5c_pressure_only_diffusion_metrics.csv",".csv","7417","2026/05/12 21:18:42"
"D:\MYF\SPH\GeoDualSPHysics_v5.2\examples\u-pw\03_Cryer_Problem\strict_reproduction_plan\C5c_CurvedBoundaryCoupling\c5c_radial_excess_bins.csv","c5c_radial_excess_bins.csv",".csv","41882","2026/05/12 21:18:42"
"D:\MYF\SPH\GeoDualSPHysics_v5.2\examples\u-pw\03_Cryer_Problem\strict_reproduction_plan\C5c_CurvedBoundaryCoupling\c5c_radial_excess_profiles.csv","c5c_radial_excess_profiles.csv",".csv","41882","2026/05/12 21:18:42"
"D:\MYF\SPH\GeoDualSPHysics_v5.2\examples\u-pw\03_Cryer_Problem\strict_reproduction_plan\C5c_CurvedBoundaryCoupling\c5c_surface_residual_audit.csv","c5c_surface_residual_audit.csv",".csv","16100","2026/05/12 21:18:42"
"D:\MYF\SPH\GeoDualSPHysics_v5.2\examples\u-pw\03_Cryer_Problem\strict_reproduction_plan\C5c_CurvedBoundaryCoupling\c5c_surface_residual_audit.md","c5c_surface_residual_audit.md",".md","716","2026/05/12 21:18:42"
"D:\MYF\SPH\GeoDualSPHysics_v5.2\examples\u-pw\03_Cryer_Problem\strict_reproduction_plan\C5c_CurvedBoundaryCoupling\c5c_surface_residual_comparison.csv","c5c_surface_residual_comparison.csv",".csv","16100","2026/05/12 21:18:42"
"D:\MYF\SPH\GeoDualSPHysics_v5.2\examples\u-pw\03_Cryer_Problem\strict_reproduction_plan\C5c_CurvedBoundaryCoupling\CaseCryer_PR_StrictSphere_C5c_DiffusionClamp_Def.xml","CaseCryer_PR_StrictSphere_C5c_DiffusionClamp_Def.xml",".xml","5574","2026/05/12 21:11:01"
"D:\MYF\SPH\GeoDualSPHysics_v5.2\examples\u-pw\03_Cryer_Problem\strict_reproduction_plan\C5c_CurvedBoundaryCoupling\CaseCryer_PR_StrictSphere_C5c_DiffusionOld_Def.xml","CaseCryer_PR_StrictSphere_C5c_DiffusionOld_Def.xml",".xml","5570","2026/05/12 21:11:01"
"D:\MYF\SPH\GeoDualSPHysics_v5.2\examples\u-pw\03_Cryer_Problem\strict_reproduction_plan\C5c_CurvedBoundaryCoupling\CaseCryer_PR_StrictSphere_C5c_DiffusionStrong_Def.xml","CaseCryer_PR_StrictSphere_C5c_DiffusionStrong_Def.xml",".xml","5576","2026/05/12 21:11:01"
"D:\MYF\SPH\GeoDualSPHysics_v5.2\examples\u-pw\03_Cryer_Problem\strict_reproduction_plan\C5c_CurvedBoundaryCoupling\CaseCryer_PR_StrictSphere_C5c_OldGhost_Def.xml","CaseCryer_PR_StrictSphere_C5c_OldGhost_Def.xml",".xml","5434","2026/05/12 21:11:01"
"D:\MYF\SPH\GeoDualSPHysics_v5.2\examples\u-pw\03_Cryer_Problem\strict_reproduction_plan\C5c_CurvedBoundaryCoupling\CaseCryer_PR_StrictSphere_C5c_StrongGhost_Def.xml","CaseCryer_PR_StrictSphere_C5c_StrongGhost_Def.xml",".xml","5440","2026/05/12 21:11:01"
"D:\MYF\SPH\GeoDualSPHysics_v5.2\examples\u-pw\03_Cryer_Problem\strict_reproduction_plan\C5c_CurvedBoundaryCoupling\CaseCryer_PR_StrictSphere_C5c_SurfaceClamp_Def.xml","CaseCryer_PR_StrictSphere_C5c_SurfaceClamp_Def.xml",".xml","5442","2026/05/12 21:11:01"
"D:\MYF\SPH\GeoDualSPHysics_v5.2\examples\u-pw\03_Cryer_Problem\strict_reproduction_plan\C5c_CurvedBoundaryCoupling\figures\c5c_boundary_contribution_magnitude.png","c5c_boundary_contribution_magnitude.png",".png","137604","2026/05/12 21:18:44"
"D:\MYF\SPH\GeoDualSPHysics_v5.2\examples\u-pw\03_Cryer_Problem\strict_reproduction_plan\C5c_CurvedBoundaryCoupling\figures\c5c_boundary_contribution_magnitude.svg","c5c_boundary_contribution_magnitude.svg",".svg","48391","2026/05/12 21:18:44"
"D:\MYF\SPH\GeoDualSPHysics_v5.2\examples\u-pw\03_Cryer_Problem\strict_reproduction_plan\C5c_CurvedBoundaryCoupling\figures\c5c_center_normalized_pressure_old_vs_new.png","c5c_center_normalized_pressure_old_vs_new.png",".png","83222","2026/05/12 21:18:43"
"D:\MYF\SPH\GeoDualSPHysics_v5.2\examples\u-pw\03_Cryer_Problem\strict_reproduction_plan\C5c_CurvedBoundaryCoupling\figures\c5c_center_normalized_pressure_old_vs_new.svg","c5c_center_normalized_pressure_old_vs_new.svg",".svg","35514","2026/05/12 21:18:43"
"D:\MYF\SPH\GeoDualSPHysics_v5.2\examples\u-pw\03_Cryer_Problem\strict_reproduction_plan\C5c_CurvedBoundaryCoupling\figures\c5c_diagnostic_clamp_center_effect.png","c5c_diagnostic_clamp_center_effect.png",".png","83222","2026/05/12 21:18:44"
"D:\MYF\SPH\GeoDualSPHysics_v5.2\examples\u-pw\03_Cryer_Problem\strict_reproduction_plan\C5c_CurvedBoundaryCoupling\figures\c5c_diagnostic_clamp_center_effect.svg","c5c_diagnostic_clamp_center_effect.svg",".svg","35514","2026/05/12 21:18:44"
"D:\MYF\SPH\GeoDualSPHysics_v5.2\examples\u-pw\03_Cryer_Problem\strict_reproduction_plan\C5c_CurvedBoundaryCoupling\figures\c5c_kplastic_max.png","c5c_kplastic_max.png",".png","41062","2026/05/12 21:18:44"
"D:\MYF\SPH\GeoDualSPHysics_v5.2\examples\u-pw\03_Cryer_Problem\strict_reproduction_plan\C5c_CurvedBoundaryCoupling\figures\c5c_kplastic_max.svg","c5c_kplastic_max.svg",".svg","43588","2026/05/12 21:18:44"
"D:\MYF\SPH\GeoDualSPHysics_v5.2\examples\u-pw\03_Cryer_Problem\strict_reproduction_plan\C5c_CurvedBoundaryCoupling\figures\c5c_pressure_only_diffusion_mean_excess.png","c5c_pressure_only_diffusion_mean_excess.png",".png","58473","2026/05/12 21:18:44"
"D:\MYF\SPH\GeoDualSPHysics_v5.2\examples\u-pw\03_Cryer_Problem\strict_reproduction_plan\C5c_CurvedBoundaryCoupling\figures\c5c_pressure_only_diffusion_mean_excess.svg","c5c_pressure_only_diffusion_mean_excess.svg",".svg","36553","2026/05/12 21:18:44"
"D:\MYF\SPH\GeoDualSPHysics_v5.2\examples\u-pw\03_Cryer_Problem\strict_reproduction_plan\C5c_CurvedBoundaryCoupling\figures\c5c_radial_pressure_profiles_old_vs_new.png","c5c_radial_pressure_profiles_old_vs_new.png",".png","66832","2026/05/12 21:18:45"
"D:\MYF\SPH\GeoDualSPHysics_v5.2\examples\u-pw\03_Cryer_Problem\strict_reproduction_plan\C5c_CurvedBoundaryCoupling\figures\c5c_radial_pressure_profiles_old_vs_new.svg","c5c_radial_pressure_profiles_old_vs_new.svg",".svg","37069","2026/05/12 21:18:45"
"D:\MYF\SPH\GeoDualSPHysics_v5.2\examples\u-pw\03_Cryer_Problem\strict_reproduction_plan\C5c_CurvedBoundaryCoupling\figures\c5c_surface_excess_max_abs.png","c5c_surface_excess_max_abs.png",".png","76484","2026/05/12 21:18:45"
"D:\MYF\SPH\GeoDualSPHysics_v5.2\examples\u-pw\03_Cryer_Problem\strict_reproduction_plan\C5c_CurvedBoundaryCoupling\figures\c5c_surface_excess_max_abs.svg","c5c_surface_excess_max_abs.svg",".svg","45731","2026/05/12 21:18:45"
"D:\MYF\SPH\GeoDualSPHysics_v5.2\examples\u-pw\03_Cryer_Problem\strict_reproduction_plan\C5c_CurvedBoundaryCoupling\figures\c5c_surface_excess_p95_abs.png","c5c_surface_excess_p95_abs.png",".png","77410","2026/05/12 21:18:45"
"D:\MYF\SPH\GeoDualSPHysics_v5.2\examples\u-pw\03_Cryer_Problem\strict_reproduction_plan\C5c_CurvedBoundaryCoupling\figures\c5c_surface_excess_p95_abs.svg","c5c_surface_excess_p95_abs.svg",".svg","46382","2026/05/12 21:18:45"
"D:\MYF\SPH\GeoDualSPHysics_v5.2\examples\u-pw\03_Cryer_Problem\strict_reproduction_plan\C5c_CurvedBoundaryCoupling\figures\c5c_velocity_max.png","c5c_velocity_max.png",".png","89388","2026/05/12 21:18:43"
"D:\MYF\SPH\GeoDualSPHysics_v5.2\examples\u-pw\03_Cryer_Problem\strict_reproduction_plan\C5c_CurvedBoundaryCoupling\figures\c5c_velocity_max.svg","c5c_velocity_max.svg",".svg","46207","2026/05/12 21:18:43"
"D:\MYF\SPH\GeoDualSPHysics_v5.2\examples\u-pw\03_Cryer_Problem\strict_reproduction_plan\C5c_CurvedBoundaryCoupling\README.md","README.md",".md","1006","2026/05/12 21:17:22"
"D:\MYF\SPH\GeoDualSPHysics_v5.2\examples\u-pw\03_Cryer_Problem\strict_reproduction_plan\C5c_CurvedBoundaryCoupling\scripts\analyze_c5c_curved_boundary.py","analyze_c5c_curved_boundary.py",".py","24012","2026/05/12 21:17:06"
"D:\MYF\SPH\GeoDualSPHysics_v5.2\examples\u-pw\03_Cryer_Problem\strict_reproduction_plan\C5c_CurvedBoundaryCoupling\xCaseCryer_PR_StrictSphere_C5c_CurvedBoundaryCoupling_win64_CPU_release.bat","xCaseCryer_PR_StrictSphere_C5c_CurvedBoundaryCoupling_win64_CPU_release.bat",".bat","1750","2026/05/12 21:11:45"
"D:\MYF\SPH\GeoDualSPHysics_v5.2\examples\u-pw\03_Cryer_Problem\strict_reproduction_plan\C5d_BoundaryQuadrature\c5d_boundary_contribution_metrics.csv","c5d_boundary_contribution_metrics.csv",".csv","19602","2026/05/12 21:47:31"
"D:\MYF\SPH\GeoDualSPHysics_v5.2\examples\u-pw\03_Cryer_Problem\strict_reproduction_plan\C5d_BoundaryQuadrature\c5d_boundary_quadrature_metrics.csv","c5d_boundary_quadrature_metrics.csv",".csv","144","2026/05/12 21:47:31"
"D:\MYF\SPH\GeoDualSPHysics_v5.2\examples\u-pw\03_Cryer_Problem\strict_reproduction_plan\C5d_BoundaryQuadrature\c5d_case_summary.csv","c5d_case_summary.csv",".csv","2584","2026/05/12 21:47:31"
"D:\MYF\SPH\GeoDualSPHysics_v5.2\examples\u-pw\03_Cryer_Problem\strict_reproduction_plan\C5d_BoundaryQuadrature\c5d_center_pressure_comparison.csv","c5d_center_pressure_comparison.csv",".csv","19602","2026/05/12 21:47:31"
"D:\MYF\SPH\GeoDualSPHysics_v5.2\examples\u-pw\03_Cryer_Problem\strict_reproduction_plan\C5d_BoundaryQuadrature\c5d_flexible_confining_stress_metrics.csv","c5d_flexible_confining_stress_metrics.csv",".csv","1883","2026/05/12 21:47:31"
"D:\MYF\SPH\GeoDualSPHysics_v5.2\examples\u-pw\03_Cryer_Problem\strict_reproduction_plan\C5d_BoundaryQuadrature\c5d_pressure_only_diffusion_metrics.csv","c5d_pressure_only_diffusion_metrics.csv",".csv","9800","2026/05/12 21:47:31"
"D:\MYF\SPH\GeoDualSPHysics_v5.2\examples\u-pw\03_Cryer_Problem\strict_reproduction_plan\C5d_BoundaryQuadrature\c5d_pressure_rate_artifact_metrics.csv","c5d_pressure_rate_artifact_metrics.csv",".csv","19602","2026/05/12 21:47:31"
"D:\MYF\SPH\GeoDualSPHysics_v5.2\examples\u-pw\03_Cryer_Problem\strict_reproduction_plan\C5d_BoundaryQuadrature\c5d_radial_excess_bins.csv","c5d_radial_excess_bins.csv",".csv","57067","2026/05/12 21:47:31"
"D:\MYF\SPH\GeoDualSPHysics_v5.2\examples\u-pw\03_Cryer_Problem\strict_reproduction_plan\C5d_BoundaryQuadrature\c5d_radial_excess_profiles.csv","c5d_radial_excess_profiles.csv",".csv","57067","2026/05/12 21:47:31"
"D:\MYF\SPH\GeoDualSPHysics_v5.2\examples\u-pw\03_Cryer_Problem\strict_reproduction_plan\C5d_BoundaryQuadrature\c5d_surface_residual_audit.csv","c5d_surface_residual_audit.csv",".csv","22506","2026/05/12 21:47:31"
"D:\MYF\SPH\GeoDualSPHysics_v5.2\examples\u-pw\03_Cryer_Problem\strict_reproduction_plan\C5d_BoundaryQuadrature\c5d_surface_residual_audit.md","c5d_surface_residual_audit.md",".md","716","2026/05/12 21:47:31"
"D:\MYF\SPH\GeoDualSPHysics_v5.2\examples\u-pw\03_Cryer_Problem\strict_reproduction_plan\C5d_BoundaryQuadrature\c5d_surface_residual_comparison.csv","c5d_surface_residual_comparison.csv",".csv","22506","2026/05/12 21:47:31"
"D:\MYF\SPH\GeoDualSPHysics_v5.2\examples\u-pw\03_Cryer_Problem\strict_reproduction_plan\C5d_BoundaryQuadrature\CaseCryer_PR_StrictSphere_C5d_DiffusionClamp_Def.xml","CaseCryer_PR_StrictSphere_C5d_DiffusionClamp_Def.xml",".xml","5566","2026/05/12 21:41:53"
"D:\MYF\SPH\GeoDualSPHysics_v5.2\examples\u-pw\03_Cryer_Problem\strict_reproduction_plan\C5d_BoundaryQuadrature\CaseCryer_PR_StrictSphere_C5d_DiffusionOld_Def.xml","CaseCryer_PR_StrictSphere_C5d_DiffusionOld_Def.xml",".xml","5562","2026/05/12 21:41:53"
"D:\MYF\SPH\GeoDualSPHysics_v5.2\examples\u-pw\03_Cryer_Problem\strict_reproduction_plan\C5d_BoundaryQuadrature\CaseCryer_PR_StrictSphere_C5d_DiffusionQuadrature_Def.xml","CaseCryer_PR_StrictSphere_C5d_DiffusionQuadrature_Def.xml",".xml","5576","2026/05/12 21:41:53"
"D:\MYF\SPH\GeoDualSPHysics_v5.2\examples\u-pw\03_Cryer_Problem\strict_reproduction_plan\C5d_BoundaryQuadrature\CaseCryer_PR_StrictSphere_C5d_DiffusionStrong_Def.xml","CaseCryer_PR_StrictSphere_C5d_DiffusionStrong_Def.xml",".xml","5568","2026/05/12 21:41:53"
"D:\MYF\SPH\GeoDualSPHysics_v5.2\examples\u-pw\03_Cryer_Problem\strict_reproduction_plan\C5d_BoundaryQuadrature\CaseCryer_PR_StrictSphere_C5d_OldGhost_Def.xml","CaseCryer_PR_StrictSphere_C5d_OldGhost_Def.xml",".xml","5426","2026/05/12 21:41:53"
"D:\MYF\SPH\GeoDualSPHysics_v5.2\examples\u-pw\03_Cryer_Problem\strict_reproduction_plan\C5d_BoundaryQuadrature\CaseCryer_PR_StrictSphere_C5d_Quadrature_Def.xml","CaseCryer_PR_StrictSphere_C5d_Quadrature_Def.xml",".xml","5430","2026/05/12 21:41:53"
"D:\MYF\SPH\GeoDualSPHysics_v5.2\examples\u-pw\03_Cryer_Problem\strict_reproduction_plan\C5d_BoundaryQuadrature\CaseCryer_PR_StrictSphere_C5d_StrongGhost_Def.xml","CaseCryer_PR_StrictSphere_C5d_StrongGhost_Def.xml",".xml","5432","2026/05/12 21:41:53"
"D:\MYF\SPH\GeoDualSPHysics_v5.2\examples\u-pw\03_Cryer_Problem\strict_reproduction_plan\C5d_BoundaryQuadrature\CaseCryer_PR_StrictSphere_C5d_SurfaceClamp_Def.xml","CaseCryer_PR_StrictSphere_C5d_SurfaceClamp_Def.xml",".xml","5434","2026/05/12 21:41:53"
"D:\MYF\SPH\GeoDualSPHysics_v5.2\examples\u-pw\03_Cryer_Problem\strict_reproduction_plan\C5d_BoundaryQuadrature\figures\c5d_boundary_contribution_magnitude.png","c5d_boundary_contribution_magnitude.png",".png","146259","2026/05/12 21:47:33"
"D:\MYF\SPH\GeoDualSPHysics_v5.2\examples\u-pw\03_Cryer_Problem\strict_reproduction_plan\C5d_BoundaryQuadrature\figures\c5d_boundary_contribution_magnitude.svg","c5d_boundary_contribution_magnitude.svg",".svg","54979","2026/05/12 21:47:34"
"D:\MYF\SPH\GeoDualSPHysics_v5.2\examples\u-pw\03_Cryer_Problem\strict_reproduction_plan\C5d_BoundaryQuadrature\figures\c5d_center_normalized_pressure_old_vs_new.png","c5d_center_normalized_pressure_old_vs_new.png",".png","92573","2026/05/12 21:47:32"
"D:\MYF\SPH\GeoDualSPHysics_v5.2\examples\u-pw\03_Cryer_Problem\strict_reproduction_plan\C5d_BoundaryQuadrature\figures\c5d_center_normalized_pressure_old_vs_new.svg","c5d_center_normalized_pressure_old_vs_new.svg",".svg","38687","2026/05/12 21:47:33"
"D:\MYF\SPH\GeoDualSPHysics_v5.2\examples\u-pw\03_Cryer_Problem\strict_reproduction_plan\C5d_BoundaryQuadrature\figures\c5d_diagnostic_clamp_center_effect.png","c5d_diagnostic_clamp_center_effect.png",".png","92573","2026/05/12 21:47:35"
"D:\MYF\SPH\GeoDualSPHysics_v5.2\examples\u-pw\03_Cryer_Problem\strict_reproduction_plan\C5d_BoundaryQuadrature\figures\c5d_diagnostic_clamp_center_effect.svg","c5d_diagnostic_clamp_center_effect.svg",".svg","38687","2026/05/12 21:47:35"
"D:\MYF\SPH\GeoDualSPHysics_v5.2\examples\u-pw\03_Cryer_Problem\strict_reproduction_plan\C5d_BoundaryQuadrature\figures\c5d_kplastic_max.png","c5d_kplastic_max.png",".png","46314","2026/05/12 21:47:33"
"D:\MYF\SPH\GeoDualSPHysics_v5.2\examples\u-pw\03_Cryer_Problem\strict_reproduction_plan\C5d_BoundaryQuadrature\figures\c5d_kplastic_max.svg","c5d_kplastic_max.svg",".svg","49904","2026/05/12 21:47:33"
"D:\MYF\SPH\GeoDualSPHysics_v5.2\examples\u-pw\03_Cryer_Problem\strict_reproduction_plan\C5d_BoundaryQuadrature\figures\c5d_porepressrate_artifact_indicator.png","c5d_porepressrate_artifact_indicator.png",".png","79748","2026/05/12 21:47:37"
"D:\MYF\SPH\GeoDualSPHysics_v5.2\examples\u-pw\03_Cryer_Problem\strict_reproduction_plan\C5d_BoundaryQuadrature\figures\c5d_porepressrate_artifact_indicator.svg","c5d_porepressrate_artifact_indicator.svg",".svg","54322","2026/05/12 21:47:37"
"D:\MYF\SPH\GeoDualSPHysics_v5.2\examples\u-pw\03_Cryer_Problem\strict_reproduction_plan\C5d_BoundaryQuadrature\figures\c5d_pressure_only_diffusion_mean_excess.png","c5d_pressure_only_diffusion_mean_excess.png",".png","64141","2026/05/12 21:47:34"
"D:\MYF\SPH\GeoDualSPHysics_v5.2\examples\u-pw\03_Cryer_Problem\strict_reproduction_plan\C5d_BoundaryQuadrature\figures\c5d_pressure_only_diffusion_mean_excess.svg","c5d_pressure_only_diffusion_mean_excess.svg",".svg","40337","2026/05/12 21:47:34"
"D:\MYF\SPH\GeoDualSPHysics_v5.2\examples\u-pw\03_Cryer_Problem\strict_reproduction_plan\C5d_BoundaryQuadrature\figures\c5d_radial_pressure_profiles_old_vs_new.png","c5d_radial_pressure_profiles_old_vs_new.png",".png","75214","2026/05/12 21:47:37"
"D:\MYF\SPH\GeoDualSPHysics_v5.2\examples\u-pw\03_Cryer_Problem\strict_reproduction_plan\C5d_BoundaryQuadrature\figures\c5d_radial_pressure_profiles_old_vs_new.svg","c5d_radial_pressure_profiles_old_vs_new.svg",".svg","40222","2026/05/12 21:47:38"
"D:\MYF\SPH\GeoDualSPHysics_v5.2\examples\u-pw\03_Cryer_Problem\strict_reproduction_plan\C5d_BoundaryQuadrature\figures\c5d_surface_excess_max_abs.png","c5d_surface_excess_max_abs.png",".png","87278","2026/05/12 21:47:36"
"D:\MYF\SPH\GeoDualSPHysics_v5.2\examples\u-pw\03_Cryer_Problem\strict_reproduction_plan\C5d_BoundaryQuadrature\figures\c5d_surface_excess_max_abs.svg","c5d_surface_excess_max_abs.svg",".svg","52066","2026/05/12 21:47:36"
"D:\MYF\SPH\GeoDualSPHysics_v5.2\examples\u-pw\03_Cryer_Problem\strict_reproduction_plan\C5d_BoundaryQuadrature\figures\c5d_surface_excess_p95_abs.png","c5d_surface_excess_p95_abs.png",".png","87960","2026/05/12 21:47:35"
"D:\MYF\SPH\GeoDualSPHysics_v5.2\examples\u-pw\03_Cryer_Problem\strict_reproduction_plan\C5d_BoundaryQuadrature\figures\c5d_surface_excess_p95_abs.svg","c5d_surface_excess_p95_abs.svg",".svg","52721","2026/05/12 21:47:35"
"D:\MYF\SPH\GeoDualSPHysics_v5.2\examples\u-pw\03_Cryer_Problem\strict_reproduction_plan\C5d_BoundaryQuadrature\figures\c5d_velocity_max.png","c5d_velocity_max.png",".png","95591","2026/05/12 21:47:33"
"D:\MYF\SPH\GeoDualSPHysics_v5.2\examples\u-pw\03_Cryer_Problem\strict_reproduction_plan\C5d_BoundaryQuadrature\figures\c5d_velocity_max.svg","c5d_velocity_max.svg",".svg","52556","2026/05/12 21:47:33"
"D:\MYF\SPH\GeoDualSPHysics_v5.2\examples\u-pw\03_Cryer_Problem\strict_reproduction_plan\C5d_BoundaryQuadrature\README.md","README.md",".md","1067","2026/05/12 21:46:24"
"D:\MYF\SPH\GeoDualSPHysics_v5.2\examples\u-pw\03_Cryer_Problem\strict_reproduction_plan\C5d_BoundaryQuadrature\scripts\analyze_c5d_boundary_quadrature.py","analyze_c5d_boundary_quadrature.py",".py","25723","2026/05/12 21:45:56"
"D:\MYF\SPH\GeoDualSPHysics_v5.2\examples\u-pw\03_Cryer_Problem\strict_reproduction_plan\C5d_BoundaryQuadrature\xCaseCryer_PR_StrictSphere_C5d_BoundaryQuadrature_win64_CPU_release.bat","xCaseCryer_PR_StrictSphere_C5d_BoundaryQuadrature_win64_CPU_release.bat",".bat","1943","2026/05/12 21:43:13"
"D:\MYF\SPH\GeoDualSPHysics_v5.2\examples\u-pw\03_Cryer_Problem\strict_reproduction_plan\C5e_BoundaryParticleDrained\c5e_adami_diagnostic_metrics.csv","c5e_adami_diagnostic_metrics.csv",".csv","392","2026/05/12 22:44:51"
"D:\MYF\SPH\GeoDualSPHysics_v5.2\examples\u-pw\03_Cryer_Problem\strict_reproduction_plan\C5e_BoundaryParticleDrained\c5e_boundary_operator_contribution_metrics.csv","c5e_boundary_operator_contribution_metrics.csv",".csv","10560","2026/05/12 22:44:51"
"D:\MYF\SPH\GeoDualSPHysics_v5.2\examples\u-pw\03_Cryer_Problem\strict_reproduction_plan\C5e_BoundaryParticleDrained\c5e_boundary_particle_selection_metrics.csv","c5e_boundary_particle_selection_metrics.csv",".csv","392","2026/05/12 22:44:51"
"D:\MYF\SPH\GeoDualSPHysics_v5.2\examples\u-pw\03_Cryer_Problem\strict_reproduction_plan\C5e_BoundaryParticleDrained\c5e_case_summary.csv","c5e_case_summary.csv",".csv","1847","2026/05/12 22:44:51"
"D:\MYF\SPH\GeoDualSPHysics_v5.2\examples\u-pw\03_Cryer_Problem\strict_reproduction_plan\C5e_BoundaryParticleDrained\c5e_center_pressure_comparison.csv","c5e_center_pressure_comparison.csv",".csv","10560","2026/05/12 22:44:51"
"D:\MYF\SPH\GeoDualSPHysics_v5.2\examples\u-pw\03_Cryer_Problem\strict_reproduction_plan\C5e_BoundaryParticleDrained\c5e_flexible_confining_stress_metrics.csv","c5e_flexible_confining_stress_metrics.csv",".csv","1016","2026/05/12 22:44:51"
"D:\MYF\SPH\GeoDualSPHysics_v5.2\examples\u-pw\03_Cryer_Problem\strict_reproduction_plan\C5e_BoundaryParticleDrained\c5e_pressure_only_diffusion_metrics.csv","c5e_pressure_only_diffusion_metrics.csv",".csv","5488","2026/05/12 22:44:51"
"D:\MYF\SPH\GeoDualSPHysics_v5.2\examples\u-pw\03_Cryer_Problem\strict_reproduction_plan\C5e_BoundaryParticleDrained\c5e_pressure_rate_artifact_metrics.csv","c5e_pressure_rate_artifact_metrics.csv",".csv","10560","2026/05/12 22:44:51"
"D:\MYF\SPH\GeoDualSPHysics_v5.2\examples\u-pw\03_Cryer_Problem\strict_reproduction_plan\C5e_BoundaryParticleDrained\c5e_radial_excess_profiles.csv","c5e_radial_excess_profiles.csv",".csv","32070","2026/05/12 22:44:51"
"D:\MYF\SPH\GeoDualSPHysics_v5.2\examples\u-pw\03_Cryer_Problem\strict_reproduction_plan\C5e_BoundaryParticleDrained\c5e_surface_residual_audit.md","c5e_surface_residual_audit.md",".md","709","2026/05/12 22:44:51"
"D:\MYF\SPH\GeoDualSPHysics_v5.2\examples\u-pw\03_Cryer_Problem\strict_reproduction_plan\C5e_BoundaryParticleDrained\c5e_surface_residual_comparison.csv","c5e_surface_residual_comparison.csv",".csv","13753","2026/05/12 22:44:51"
"D:\MYF\SPH\GeoDualSPHysics_v5.2\examples\u-pw\03_Cryer_Problem\strict_reproduction_plan\C5e_BoundaryParticleDrained\CaseCryer_PR_StrictSphere_C5e_DiffusionMode3Shell_Def.xml","CaseCryer_PR_StrictSphere_C5e_DiffusionMode3Shell_Def.xml",".xml","5210","2026/05/12 22:44:25"
"D:\MYF\SPH\GeoDualSPHysics_v5.2\examples\u-pw\03_Cryer_Problem\strict_reproduction_plan\C5e_BoundaryParticleDrained\CaseCryer_PR_StrictSphere_C5e_DiffusionMode4BoundaryParticles_Def.xml","CaseCryer_PR_StrictSphere_C5e_DiffusionMode4BoundaryParticles_Def.xml",".xml","5539","2026/05/12 22:44:25"
"D:\MYF\SPH\GeoDualSPHysics_v5.2\examples\u-pw\03_Cryer_Problem\strict_reproduction_plan\C5e_BoundaryParticleDrained\CaseCryer_PR_StrictSphere_C5e_Mode3Shell_Def.xml","CaseCryer_PR_StrictSphere_C5e_Mode3Shell_Def.xml",".xml","5064","2026/05/12 22:44:25"
"D:\MYF\SPH\GeoDualSPHysics_v5.2\examples\u-pw\03_Cryer_Problem\strict_reproduction_plan\C5e_BoundaryParticleDrained\CaseCryer_PR_StrictSphere_C5e_Mode4BoundaryParticles_Def.xml","CaseCryer_PR_StrictSphere_C5e_Mode4BoundaryParticles_Def.xml",".xml","5393","2026/05/12 22:44:25"
"D:\MYF\SPH\GeoDualSPHysics_v5.2\examples\u-pw\03_Cryer_Problem\strict_reproduction_plan\C5e_BoundaryParticleDrained\figures\c5e_boundary_contribution_magnitude.png","c5e_boundary_contribution_magnitude.png",".png","104069","2026/05/12 22:44:54"
"D:\MYF\SPH\GeoDualSPHysics_v5.2\examples\u-pw\03_Cryer_Problem\strict_reproduction_plan\C5e_BoundaryParticleDrained\figures\c5e_boundary_contribution_magnitude.svg","c5e_boundary_contribution_magnitude.svg",".svg","44368","2026/05/12 22:44:54"
"D:\MYF\SPH\GeoDualSPHysics_v5.2\examples\u-pw\03_Cryer_Problem\strict_reproduction_plan\C5e_BoundaryParticleDrained\figures\c5e_center_normalized_pressure_mode3_vs_mode4.png","c5e_center_normalized_pressure_mode3_vs_mode4.png",".png","82808","2026/05/12 22:44:53"
"D:\MYF\SPH\GeoDualSPHysics_v5.2\examples\u-pw\03_Cryer_Problem\strict_reproduction_plan\C5e_BoundaryParticleDrained\figures\c5e_center_normalized_pressure_mode3_vs_mode4.svg","c5e_center_normalized_pressure_mode3_vs_mode4.svg",".svg","35914","2026/05/12 22:44:53"
"D:\MYF\SPH\GeoDualSPHysics_v5.2\examples\u-pw\03_Cryer_Problem\strict_reproduction_plan\C5e_BoundaryParticleDrained\figures\c5e_kplastic_max.png","c5e_kplastic_max.png",".png","41266","2026/05/12 22:44:53"
"D:\MYF\SPH\GeoDualSPHysics_v5.2\examples\u-pw\03_Cryer_Problem\strict_reproduction_plan\C5e_BoundaryParticleDrained\figures\c5e_kplastic_max.svg","c5e_kplastic_max.svg",".svg","40503","2026/05/12 22:44:53"
"D:\MYF\SPH\GeoDualSPHysics_v5.2\examples\u-pw\03_Cryer_Problem\strict_reproduction_plan\C5e_BoundaryParticleDrained\figures\c5e_porepressrate_artifact_indicator.png","c5e_porepressrate_artifact_indicator.png",".png","101263","2026/05/12 22:44:55"
"D:\MYF\SPH\GeoDualSPHysics_v5.2\examples\u-pw\03_Cryer_Problem\strict_reproduction_plan\C5e_BoundaryParticleDrained\figures\c5e_porepressrate_artifact_indicator.svg","c5e_porepressrate_artifact_indicator.svg",".svg","43171","2026/05/12 22:44:55"
"D:\MYF\SPH\GeoDualSPHysics_v5.2\examples\u-pw\03_Cryer_Problem\strict_reproduction_plan\C5e_BoundaryParticleDrained\figures\c5e_pressure_only_diffusion_mean_excess.png","c5e_pressure_only_diffusion_mean_excess.png",".png","58977","2026/05/12 22:44:54"
"D:\MYF\SPH\GeoDualSPHysics_v5.2\examples\u-pw\03_Cryer_Problem\strict_reproduction_plan\C5e_BoundaryParticleDrained\figures\c5e_pressure_only_diffusion_mean_excess.svg","c5e_pressure_only_diffusion_mean_excess.svg",".svg","35704","2026/05/12 22:44:54"
"D:\MYF\SPH\GeoDualSPHysics_v5.2\examples\u-pw\03_Cryer_Problem\strict_reproduction_plan\C5e_BoundaryParticleDrained\figures\c5e_radial_pressure_profiles_mode3_vs_mode4.png","c5e_radial_pressure_profiles_mode3_vs_mode4.png",".png","64899","2026/05/12 22:44:55"
"D:\MYF\SPH\GeoDualSPHysics_v5.2\examples\u-pw\03_Cryer_Problem\strict_reproduction_plan\C5e_BoundaryParticleDrained\figures\c5e_radial_pressure_profiles_mode3_vs_mode4.svg","c5e_radial_pressure_profiles_mode3_vs_mode4.svg",".svg","41894","2026/05/12 22:44:55"
"D:\MYF\SPH\GeoDualSPHysics_v5.2\examples\u-pw\03_Cryer_Problem\strict_reproduction_plan\C5e_BoundaryParticleDrained\figures\c5e_surface_excess_max_abs.png","c5e_surface_excess_max_abs.png",".png","90958","2026/05/12 22:44:55"
"D:\MYF\SPH\GeoDualSPHysics_v5.2\examples\u-pw\03_Cryer_Problem\strict_reproduction_plan\C5e_BoundaryParticleDrained\figures\c5e_surface_excess_max_abs.svg","c5e_surface_excess_max_abs.svg",".svg","42521","2026/05/12 22:44:55"
"D:\MYF\SPH\GeoDualSPHysics_v5.2\examples\u-pw\03_Cryer_Problem\strict_reproduction_plan\C5e_BoundaryParticleDrained\figures\c5e_surface_excess_p95_abs.png","c5e_surface_excess_p95_abs.png",".png","92091","2026/05/12 22:44:54"
"D:\MYF\SPH\GeoDualSPHysics_v5.2\examples\u-pw\03_Cryer_Problem\strict_reproduction_plan\C5e_BoundaryParticleDrained\figures\c5e_surface_excess_p95_abs.svg","c5e_surface_excess_p95_abs.svg",".svg","43188","2026/05/12 22:44:54"
"D:\MYF\SPH\GeoDualSPHysics_v5.2\examples\u-pw\03_Cryer_Problem\strict_reproduction_plan\C5e_BoundaryParticleDrained\figures\c5e_velocity_max.png","c5e_velocity_max.png",".png","100938","2026/05/12 22:44:53"
"D:\MYF\SPH\GeoDualSPHysics_v5.2\examples\u-pw\03_Cryer_Problem\strict_reproduction_plan\C5e_BoundaryParticleDrained\figures\c5e_velocity_max.svg","c5e_velocity_max.svg",".svg","43802","2026/05/12 22:44:53"
"D:\MYF\SPH\GeoDualSPHysics_v5.2\examples\u-pw\03_Cryer_Problem\strict_reproduction_plan\C5e_BoundaryParticleDrained\README.md","README.md",".md","1080","2026/05/12 22:34:06"
"D:\MYF\SPH\GeoDualSPHysics_v5.2\examples\u-pw\03_Cryer_Problem\strict_reproduction_plan\C5e_BoundaryParticleDrained\scripts\analyze_c5e_boundary_particle_drained.py","analyze_c5e_boundary_particle_drained.py",".py","27137","2026/05/12 22:40:34"
"D:\MYF\SPH\GeoDualSPHysics_v5.2\examples\u-pw\03_Cryer_Problem\strict_reproduction_plan\C5e_BoundaryParticleDrained\xCaseCryer_PR_StrictSphere_C5e_BoundaryParticleDrained_win64_CPU_release.bat","xCaseCryer_PR_StrictSphere_C5e_BoundaryParticleDrained_win64_CPU_release.bat",".bat","1602","2026/05/12 22:34:06"
"D:\MYF\SPH\GeoDualSPHysics_v5.2\examples\u-pw\03_Cryer_Problem\strict_reproduction_plan\C5f_BoundaryParticleWeighting\c5f_adami_diagnostic_metrics.csv","c5f_adami_diagnostic_metrics.csv",".csv","806","2026/05/12 23:16:48"
"D:\MYF\SPH\GeoDualSPHysics_v5.2\examples\u-pw\03_Cryer_Problem\strict_reproduction_plan\C5f_BoundaryParticleWeighting\c5f_boundary_operator_contribution_metrics.csv","c5f_boundary_operator_contribution_metrics.csv",".csv","15187","2026/05/12 23:16:48"
"D:\MYF\SPH\GeoDualSPHysics_v5.2\examples\u-pw\03_Cryer_Problem\strict_reproduction_plan\C5f_BoundaryParticleWeighting\c5f_boundary_particle_selection_metrics.csv","c5f_boundary_particle_selection_metrics.csv",".csv","806","2026/05/12 23:16:48"
"D:\MYF\SPH\GeoDualSPHysics_v5.2\examples\u-pw\03_Cryer_Problem\strict_reproduction_plan\C5f_BoundaryParticleWeighting\c5f_case_summary.csv","c5f_case_summary.csv",".csv","2991","2026/05/12 23:16:48"
"D:\MYF\SPH\GeoDualSPHysics_v5.2\examples\u-pw\03_Cryer_Problem\strict_reproduction_plan\C5f_BoundaryParticleWeighting\c5f_center_pressure_comparison.csv","c5f_center_pressure_comparison.csv",".csv","15187","2026/05/12 23:16:48"
"D:\MYF\SPH\GeoDualSPHysics_v5.2\examples\u-pw\03_Cryer_Problem\strict_reproduction_plan\C5f_BoundaryParticleWeighting\c5f_flexible_confining_stress_metrics.csv","c5f_flexible_confining_stress_metrics.csv",".csv","1507","2026/05/12 23:16:48"
"D:\MYF\SPH\GeoDualSPHysics_v5.2\examples\u-pw\03_Cryer_Problem\strict_reproduction_plan\C5f_BoundaryParticleWeighting\c5f_pressure_only_diffusion_metrics.csv","c5f_pressure_only_diffusion_metrics.csv",".csv","7530","2026/05/12 23:16:48"
"D:\MYF\SPH\GeoDualSPHysics_v5.2\examples\u-pw\03_Cryer_Problem\strict_reproduction_plan\C5f_BoundaryParticleWeighting\c5f_pressure_rate_artifact_metrics.csv","c5f_pressure_rate_artifact_metrics.csv",".csv","15187","2026/05/12 23:16:48"
"D:\MYF\SPH\GeoDualSPHysics_v5.2\examples\u-pw\03_Cryer_Problem\strict_reproduction_plan\C5f_BoundaryParticleWeighting\c5f_radial_excess_profiles.csv","c5f_radial_excess_profiles.csv",".csv","46452","2026/05/12 23:16:48"
"D:\MYF\SPH\GeoDualSPHysics_v5.2\examples\u-pw\03_Cryer_Problem\strict_reproduction_plan\C5f_BoundaryParticleWeighting\c5f_surface_residual_audit.md","c5f_surface_residual_audit.md",".md","689","2026/05/12 23:16:48"
"D:\MYF\SPH\GeoDualSPHysics_v5.2\examples\u-pw\03_Cryer_Problem\strict_reproduction_plan\C5f_BoundaryParticleWeighting\c5f_surface_residual_comparison.csv","c5f_surface_residual_comparison.csv",".csv","19823","2026/05/12 23:16:48"
"D:\MYF\SPH\GeoDualSPHysics_v5.2\examples\u-pw\03_Cryer_Problem\strict_reproduction_plan\C5f_BoundaryParticleWeighting\c5f_weighting_diagnostics.csv","c5f_weighting_diagnostics.csv",".csv","817","2026/05/12 23:16:48"
"D:\MYF\SPH\GeoDualSPHysics_v5.2\examples\u-pw\03_Cryer_Problem\strict_reproduction_plan\C5f_BoundaryParticleWeighting\CaseCryer_PR_StrictSphere_C5f_CompressionCapped_Def.xml","CaseCryer_PR_StrictSphere_C5f_CompressionCapped_Def.xml",".xml","5448","2026/05/12 23:05:06"
"D:\MYF\SPH\GeoDualSPHysics_v5.2\examples\u-pw\03_Cryer_Problem\strict_reproduction_plan\C5f_BoundaryParticleWeighting\CaseCryer_PR_StrictSphere_C5f_CompressionNormalized_Def.xml","CaseCryer_PR_StrictSphere_C5f_CompressionNormalized_Def.xml",".xml","5456","2026/05/12 23:05:06"
"D:\MYF\SPH\GeoDualSPHysics_v5.2\examples\u-pw\03_Cryer_Problem\strict_reproduction_plan\C5f_BoundaryParticleWeighting\CaseCryer_PR_StrictSphere_C5f_CompressionRaw_Def.xml","CaseCryer_PR_StrictSphere_C5f_CompressionRaw_Def.xml",".xml","5442","2026/05/12 23:05:06"
"D:\MYF\SPH\GeoDualSPHysics_v5.2\examples\u-pw\03_Cryer_Problem\strict_reproduction_plan\C5f_BoundaryParticleWeighting\CaseCryer_PR_StrictSphere_C5f_DiffusionCapped_Def.xml","CaseCryer_PR_StrictSphere_C5f_DiffusionCapped_Def.xml",".xml","5572","2026/05/12 23:05:06"
"D:\MYF\SPH\GeoDualSPHysics_v5.2\examples\u-pw\03_Cryer_Problem\strict_reproduction_plan\C5f_BoundaryParticleWeighting\CaseCryer_PR_StrictSphere_C5f_DiffusionNormalized_Def.xml","CaseCryer_PR_StrictSphere_C5f_DiffusionNormalized_Def.xml",".xml","5580","2026/05/12 23:05:06"
"D:\MYF\SPH\GeoDualSPHysics_v5.2\examples\u-pw\03_Cryer_Problem\strict_reproduction_plan\C5f_BoundaryParticleWeighting\CaseCryer_PR_StrictSphere_C5f_DiffusionRaw_Def.xml","CaseCryer_PR_StrictSphere_C5f_DiffusionRaw_Def.xml",".xml","5566","2026/05/12 23:05:06"
"D:\MYF\SPH\GeoDualSPHysics_v5.2\examples\u-pw\03_Cryer_Problem\strict_reproduction_plan\C5f_BoundaryParticleWeighting\figures\c5f_boundary_contribution_magnitude.png","c5f_boundary_contribution_magnitude.png",".png","132494","2026/05/12 23:16:50"
"D:\MYF\SPH\GeoDualSPHysics_v5.2\examples\u-pw\03_Cryer_Problem\strict_reproduction_plan\C5f_BoundaryParticleWeighting\figures\c5f_boundary_contribution_magnitude.svg","c5f_boundary_contribution_magnitude.svg",".svg","48321","2026/05/12 23:26:55"
"D:\MYF\SPH\GeoDualSPHysics_v5.2\examples\u-pw\03_Cryer_Problem\strict_reproduction_plan\C5f_BoundaryParticleWeighting\figures\c5f_center_normalized_pressure.png","c5f_center_normalized_pressure.png",".png","105908","2026/05/12 23:16:49"
"D:\MYF\SPH\GeoDualSPHysics_v5.2\examples\u-pw\03_Cryer_Problem\strict_reproduction_plan\C5f_BoundaryParticleWeighting\figures\c5f_center_normalized_pressure.svg","c5f_center_normalized_pressure.svg",".svg","35728","2026/05/12 23:26:55"
"D:\MYF\SPH\GeoDualSPHysics_v5.2\examples\u-pw\03_Cryer_Problem\strict_reproduction_plan\C5f_BoundaryParticleWeighting\figures\c5f_kplastic_max.png","c5f_kplastic_max.png",".png","45312","2026/05/12 23:16:49"
"D:\MYF\SPH\GeoDualSPHysics_v5.2\examples\u-pw\03_Cryer_Problem\strict_reproduction_plan\C5f_BoundaryParticleWeighting\figures\c5f_kplastic_max.svg","c5f_kplastic_max.svg",".svg","43783","2026/05/12 23:26:55"
"D:\MYF\SPH\GeoDualSPHysics_v5.2\examples\u-pw\03_Cryer_Problem\strict_reproduction_plan\C5f_BoundaryParticleWeighting\figures\c5f_normalized_boundary_scale_summary.png","c5f_normalized_boundary_scale_summary.png",".png","45292","2026/05/12 23:16:52"
"D:\MYF\SPH\GeoDualSPHysics_v5.2\examples\u-pw\03_Cryer_Problem\strict_reproduction_plan\C5f_BoundaryParticleWeighting\figures\c5f_normalized_boundary_scale_summary.svg","c5f_normalized_boundary_scale_summary.svg",".svg","37505","2026/05/12 23:26:55"
"D:\MYF\SPH\GeoDualSPHysics_v5.2\examples\u-pw\03_Cryer_Problem\strict_reproduction_plan\C5f_BoundaryParticleWeighting\figures\c5f_porepressrate_artifact_indicator.png","c5f_porepressrate_artifact_indicator.png",".png","128389","2026/05/12 23:16:51"
"D:\MYF\SPH\GeoDualSPHysics_v5.2\examples\u-pw\03_Cryer_Problem\strict_reproduction_plan\C5f_BoundaryParticleWeighting\figures\c5f_porepressrate_artifact_indicator.svg","c5f_porepressrate_artifact_indicator.svg",".svg","46469","2026/05/12 23:26:55"
"D:\MYF\SPH\GeoDualSPHysics_v5.2\examples\u-pw\03_Cryer_Problem\strict_reproduction_plan\C5f_BoundaryParticleWeighting\figures\c5f_pressure_only_mean_excess.png","c5f_pressure_only_mean_excess.png",".png","78448","2026/05/12 23:16:50"
"D:\MYF\SPH\GeoDualSPHysics_v5.2\examples\u-pw\03_Cryer_Problem\strict_reproduction_plan\C5f_BoundaryParticleWeighting\figures\c5f_pressure_only_mean_excess.svg","c5f_pressure_only_mean_excess.svg",".svg","35949","2026/05/12 23:26:55"
"D:\MYF\SPH\GeoDualSPHysics_v5.2\examples\u-pw\03_Cryer_Problem\strict_reproduction_plan\C5f_BoundaryParticleWeighting\figures\c5f_radial_pressure_profiles.png","c5f_radial_pressure_profiles.png",".png","78200","2026/05/12 23:16:52"
"D:\MYF\SPH\GeoDualSPHysics_v5.2\examples\u-pw\03_Cryer_Problem\strict_reproduction_plan\C5f_BoundaryParticleWeighting\figures\c5f_radial_pressure_profiles.svg","c5f_radial_pressure_profiles.svg",".svg","43755","2026/05/12 23:26:55"
"D:\MYF\SPH\GeoDualSPHysics_v5.2\examples\u-pw\03_Cryer_Problem\strict_reproduction_plan\C5f_BoundaryParticleWeighting\figures\c5f_surface_excess_max_abs.png","c5f_surface_excess_max_abs.png",".png","122828","2026/05/12 23:16:51"
"D:\MYF\SPH\GeoDualSPHysics_v5.2\examples\u-pw\03_Cryer_Problem\strict_reproduction_plan\C5f_BoundaryParticleWeighting\figures\c5f_surface_excess_max_abs.svg","c5f_surface_excess_max_abs.svg",".svg","45792","2026/05/12 23:26:55"
"D:\MYF\SPH\GeoDualSPHysics_v5.2\examples\u-pw\03_Cryer_Problem\strict_reproduction_plan\C5f_BoundaryParticleWeighting\figures\c5f_surface_excess_p95_abs.png","c5f_surface_excess_p95_abs.png",".png","123787","2026/05/12 23:16:50"
"D:\MYF\SPH\GeoDualSPHysics_v5.2\examples\u-pw\03_Cryer_Problem\strict_reproduction_plan\C5f_BoundaryParticleWeighting\figures\c5f_surface_excess_p95_abs.svg","c5f_surface_excess_p95_abs.svg",".svg","46430","2026/05/12 23:26:55"
"D:\MYF\SPH\GeoDualSPHysics_v5.2\examples\u-pw\03_Cryer_Problem\strict_reproduction_plan\C5f_BoundaryParticleWeighting\figures\c5f_velocity_max.png","c5f_velocity_max.png",".png","122432","2026/05/12 23:16:49"
"D:\MYF\SPH\GeoDualSPHysics_v5.2\examples\u-pw\03_Cryer_Problem\strict_reproduction_plan\C5f_BoundaryParticleWeighting\figures\c5f_velocity_max.svg","c5f_velocity_max.svg",".svg","47485","2026/05/12 23:26:55"
"D:\MYF\SPH\GeoDualSPHysics_v5.2\examples\u-pw\03_Cryer_Problem\strict_reproduction_plan\C5f_BoundaryParticleWeighting\README.md","README.md",".md","920","2026/05/12 23:09:15"
"D:\MYF\SPH\GeoDualSPHysics_v5.2\examples\u-pw\03_Cryer_Problem\strict_reproduction_plan\C5f_BoundaryParticleWeighting\scripts\analyze_c5f_boundary_particle_weighting.py","analyze_c5f_boundary_particle_weighting.py",".py","30873","2026/05/12 23:15:53"
"D:\MYF\SPH\GeoDualSPHysics_v5.2\examples\u-pw\03_Cryer_Problem\strict_reproduction_plan\C5f_BoundaryParticleWeighting\xCaseCryer_PR_StrictSphere_C5f_BoundaryParticleWeighting_win64_CPU_release.bat","xCaseCryer_PR_StrictSphere_C5f_BoundaryParticleWeighting_win64_CPU_release.bat",".bat","1534","2026/05/12 23:11:19"
"D:\MYF\SPH\GeoDualSPHysics_v5.2\examples\u-pw\03_Cryer_Problem\strict_reproduction_plan\C5g_GeometryDpDiagnostic\c5g_adami_diagnostic_metrics.csv","c5g_adami_diagnostic_metrics.csv",".csv","659","2026/05/12 23:53:44"
"D:\MYF\SPH\GeoDualSPHysics_v5.2\examples\u-pw\03_Cryer_Problem\strict_reproduction_plan\C5g_GeometryDpDiagnostic\c5g_boundary_operator_contribution_metrics.csv","c5g_boundary_operator_contribution_metrics.csv",".csv","14660","2026/05/12 23:53:44"
"D:\MYF\SPH\GeoDualSPHysics_v5.2\examples\u-pw\03_Cryer_Problem\strict_reproduction_plan\C5g_GeometryDpDiagnostic\c5g_boundary_selection_metrics.csv","c5g_boundary_selection_metrics.csv",".csv","659","2026/05/12 23:53:44"
"D:\MYF\SPH\GeoDualSPHysics_v5.2\examples\u-pw\03_Cryer_Problem\strict_reproduction_plan\C5g_GeometryDpDiagnostic\c5g_case_summary.csv","c5g_case_summary.csv",".csv","2416","2026/05/12 23:53:44"
"D:\MYF\SPH\GeoDualSPHysics_v5.2\examples\u-pw\03_Cryer_Problem\strict_reproduction_plan\C5g_GeometryDpDiagnostic\c5g_center_averaging_sensitivity.csv","c5g_center_averaging_sensitivity.csv",".csv","27343","2026/05/12 23:53:44"
"D:\MYF\SPH\GeoDualSPHysics_v5.2\examples\u-pw\03_Cryer_Problem\strict_reproduction_plan\C5g_GeometryDpDiagnostic\c5g_center_pressure_comparison.csv","c5g_center_pressure_comparison.csv",".csv","14660","2026/05/12 23:53:44"
"D:\MYF\SPH\GeoDualSPHysics_v5.2\examples\u-pw\03_Cryer_Problem\strict_reproduction_plan\C5g_GeometryDpDiagnostic\c5g_flexible_confining_stress_metrics.csv","c5g_flexible_confining_stress_metrics.csv",".csv","1033","2026/05/12 23:53:44"
"D:\MYF\SPH\GeoDualSPHysics_v5.2\examples\u-pw\03_Cryer_Problem\strict_reproduction_plan\C5g_GeometryDpDiagnostic\c5g_geometry_comparison_metrics.csv","c5g_geometry_comparison_metrics.csv",".csv","1394","2026/05/12 23:53:44"
"D:\MYF\SPH\GeoDualSPHysics_v5.2\examples\u-pw\03_Cryer_Problem\strict_reproduction_plan\C5g_GeometryDpDiagnostic\c5g_pressure_only_diffusion_metrics.csv","c5g_pressure_only_diffusion_metrics.csv",".csv","7244","2026/05/12 23:53:44"
"D:\MYF\SPH\GeoDualSPHysics_v5.2\examples\u-pw\03_Cryer_Problem\strict_reproduction_plan\C5g_GeometryDpDiagnostic\c5g_pressure_rate_artifact_metrics.csv","c5g_pressure_rate_artifact_metrics.csv",".csv","14660","2026/05/12 23:53:44"
"D:\MYF\SPH\GeoDualSPHysics_v5.2\examples\u-pw\03_Cryer_Problem\strict_reproduction_plan\C5g_GeometryDpDiagnostic\c5g_radial_profile_metrics.csv","c5g_radial_profile_metrics.csv",".csv","33327","2026/05/12 23:53:44"
"D:\MYF\SPH\GeoDualSPHysics_v5.2\examples\u-pw\03_Cryer_Problem\strict_reproduction_plan\C5g_GeometryDpDiagnostic\c5g_sphere_quality_metrics.csv","c5g_sphere_quality_metrics.csv",".csv","1394","2026/05/12 23:53:44"
"D:\MYF\SPH\GeoDualSPHysics_v5.2\examples\u-pw\03_Cryer_Problem\strict_reproduction_plan\C5g_GeometryDpDiagnostic\c5g_surface_residual_audit.md","c5g_surface_residual_audit.md",".md","694","2026/05/12 23:53:44"
"D:\MYF\SPH\GeoDualSPHysics_v5.2\examples\u-pw\03_Cryer_Problem\strict_reproduction_plan\C5g_GeometryDpDiagnostic\c5g_surface_residual_comparison.csv","c5g_surface_residual_comparison.csv",".csv","14269","2026/05/12 23:53:44"
"D:\MYF\SPH\GeoDualSPHysics_v5.2\examples\u-pw\03_Cryer_Problem\strict_reproduction_plan\C5g_GeometryDpDiagnostic\c5g_weighting_diagnostics.csv","c5g_weighting_diagnostics.csv",".csv","720","2026/05/12 23:53:44"
"D:\MYF\SPH\GeoDualSPHysics_v5.2\examples\u-pw\03_Cryer_Problem\strict_reproduction_plan\C5g_GeometryDpDiagnostic\CaseCryer_PR_StrictSphere_C5g_CoarseCompressionNormalized_Def.xml","CaseCryer_PR_StrictSphere_C5g_CoarseCompressionNormalized_Def.xml",".xml","5471","2026/05/12 23:46:29"
"D:\MYF\SPH\GeoDualSPHysics_v5.2\examples\u-pw\03_Cryer_Problem\strict_reproduction_plan\C5g_GeometryDpDiagnostic\CaseCryer_PR_StrictSphere_C5g_CoarseDiffusionNormalized_Def.xml","CaseCryer_PR_StrictSphere_C5g_CoarseDiffusionNormalized_Def.xml",".xml","5595","2026/05/12 23:46:29"
"D:\MYF\SPH\GeoDualSPHysics_v5.2\examples\u-pw\03_Cryer_Problem\strict_reproduction_plan\C5g_GeometryDpDiagnostic\CaseCryer_PR_StrictSphere_C5g_FinerCompressionNormalized_Def.xml","CaseCryer_PR_StrictSphere_C5g_FinerCompressionNormalized_Def.xml",".xml","5469","2026/05/12 23:46:29"
"D:\MYF\SPH\GeoDualSPHysics_v5.2\examples\u-pw\03_Cryer_Problem\strict_reproduction_plan\C5g_GeometryDpDiagnostic\CaseCryer_PR_StrictSphere_C5g_FinerDiffusionNormalized_Def.xml","CaseCryer_PR_StrictSphere_C5g_FinerDiffusionNormalized_Def.xml",".xml","5593","2026/05/12 23:46:29"
"D:\MYF\SPH\GeoDualSPHysics_v5.2\examples\u-pw\03_Cryer_Problem\strict_reproduction_plan\C5g_GeometryDpDiagnostic\figures\c5g_boundary_contribution_magnitude.png","c5g_boundary_contribution_magnitude.png",".png","116086","2026/05/12 23:53:46"
"D:\MYF\SPH\GeoDualSPHysics_v5.2\examples\u-pw\03_Cryer_Problem\strict_reproduction_plan\C5g_GeometryDpDiagnostic\figures\c5g_boundary_contribution_magnitude.svg","c5g_boundary_contribution_magnitude.svg",".svg","43954","2026/05/13 0:09:39"
"D:\MYF\SPH\GeoDualSPHysics_v5.2\examples\u-pw\03_Cryer_Problem\strict_reproduction_plan\C5g_GeometryDpDiagnostic\figures\c5g_center_averaging_sensitivity.png","c5g_center_averaging_sensitivity.png",".png","60225","2026/05/12 23:53:49"
"D:\MYF\SPH\GeoDualSPHysics_v5.2\examples\u-pw\03_Cryer_Problem\strict_reproduction_plan\C5g_GeometryDpDiagnostic\figures\c5g_center_averaging_sensitivity.svg","c5g_center_averaging_sensitivity.svg",".svg","39531","2026/05/13 0:09:39"
"D:\MYF\SPH\GeoDualSPHysics_v5.2\examples\u-pw\03_Cryer_Problem\strict_reproduction_plan\C5g_GeometryDpDiagnostic\figures\c5g_center_normalized_pressure.png","c5g_center_normalized_pressure.png",".png","79974","2026/05/12 23:53:45"
"D:\MYF\SPH\GeoDualSPHysics_v5.2\examples\u-pw\03_Cryer_Problem\strict_reproduction_plan\C5g_GeometryDpDiagnostic\figures\c5g_center_normalized_pressure.svg","c5g_center_normalized_pressure.svg",".svg","29230","2026/05/13 0:09:39"
"D:\MYF\SPH\GeoDualSPHysics_v5.2\examples\u-pw\03_Cryer_Problem\strict_reproduction_plan\C5g_GeometryDpDiagnostic\figures\c5g_kplastic_max.png","c5g_kplastic_max.png",".png","37715","2026/05/12 23:53:46"
"D:\MYF\SPH\GeoDualSPHysics_v5.2\examples\u-pw\03_Cryer_Problem\strict_reproduction_plan\C5g_GeometryDpDiagnostic\figures\c5g_kplastic_max.svg","c5g_kplastic_max.svg",".svg","37221","2026/05/13 0:09:39"
"D:\MYF\SPH\GeoDualSPHysics_v5.2\examples\u-pw\03_Cryer_Problem\strict_reproduction_plan\C5g_GeometryDpDiagnostic\figures\c5g_normalized_boundary_scale_summary.png","c5g_normalized_boundary_scale_summary.png",".png","51425","2026/05/12 23:53:48"
"D:\MYF\SPH\GeoDualSPHysics_v5.2\examples\u-pw\03_Cryer_Problem\strict_reproduction_plan\C5g_GeometryDpDiagnostic\figures\c5g_normalized_boundary_scale_summary.svg","c5g_normalized_boundary_scale_summary.svg",".svg","36650","2026/05/13 0:09:39"
"D:\MYF\SPH\GeoDualSPHysics_v5.2\examples\u-pw\03_Cryer_Problem\strict_reproduction_plan\C5g_GeometryDpDiagnostic\figures\c5g_porepressrate_artifact_indicator.png","c5g_porepressrate_artifact_indicator.png",".png","82174","2026/05/12 23:53:47"
"D:\MYF\SPH\GeoDualSPHysics_v5.2\examples\u-pw\03_Cryer_Problem\strict_reproduction_plan\C5g_GeometryDpDiagnostic\figures\c5g_porepressrate_artifact_indicator.svg","c5g_porepressrate_artifact_indicator.svg",".svg","42029","2026/05/13 0:09:39"
"D:\MYF\SPH\GeoDualSPHysics_v5.2\examples\u-pw\03_Cryer_Problem\strict_reproduction_plan\C5g_GeometryDpDiagnostic\figures\c5g_pressure_only_mean_excess.png","c5g_pressure_only_mean_excess.png",".png","73247","2026/05/12 23:53:46"
"D:\MYF\SPH\GeoDualSPHysics_v5.2\examples\u-pw\03_Cryer_Problem\strict_reproduction_plan\C5g_GeometryDpDiagnostic\figures\c5g_pressure_only_mean_excess.svg","c5g_pressure_only_mean_excess.svg",".svg","33490","2026/05/13 0:09:39"
"D:\MYF\SPH\GeoDualSPHysics_v5.2\examples\u-pw\03_Cryer_Problem\strict_reproduction_plan\C5g_GeometryDpDiagnostic\figures\c5g_radial_pressure_profiles.png","c5g_radial_pressure_profiles.png",".png","66061","2026/05/12 23:53:48"
"D:\MYF\SPH\GeoDualSPHysics_v5.2\examples\u-pw\03_Cryer_Problem\strict_reproduction_plan\C5g_GeometryDpDiagnostic\figures\c5g_radial_pressure_profiles.svg","c5g_radial_pressure_profiles.svg",".svg","38220","2026/05/13 0:09:39"
"D:\MYF\SPH\GeoDualSPHysics_v5.2\examples\u-pw\03_Cryer_Problem\strict_reproduction_plan\C5g_GeometryDpDiagnostic\figures\c5g_sphere_particle_count.png","c5g_sphere_particle_count.png",".png","27803","2026/05/12 23:53:48"
"D:\MYF\SPH\GeoDualSPHysics_v5.2\examples\u-pw\03_Cryer_Problem\strict_reproduction_plan\C5g_GeometryDpDiagnostic\figures\c5g_sphere_particle_count.svg","c5g_sphere_particle_count.svg",".svg","24697","2026/05/13 0:09:39"
"D:\MYF\SPH\GeoDualSPHysics_v5.2\examples\u-pw\03_Cryer_Problem\strict_reproduction_plan\C5g_GeometryDpDiagnostic\figures\c5g_sphere_quality_summary.png","c5g_sphere_quality_summary.png",".png","29787","2026/05/12 23:53:48"
"D:\MYF\SPH\GeoDualSPHysics_v5.2\examples\u-pw\03_Cryer_Problem\strict_reproduction_plan\C5g_GeometryDpDiagnostic\figures\c5g_sphere_quality_summary.svg","c5g_sphere_quality_summary.svg",".svg","32126","2026/05/13 0:09:39"
"D:\MYF\SPH\GeoDualSPHysics_v5.2\examples\u-pw\03_Cryer_Problem\strict_reproduction_plan\C5g_GeometryDpDiagnostic\figures\c5g_surface_excess_max_abs.png","c5g_surface_excess_max_abs.png",".png","93185","2026/05/12 23:53:47"
"D:\MYF\SPH\GeoDualSPHysics_v5.2\examples\u-pw\03_Cryer_Problem\strict_reproduction_plan\C5g_GeometryDpDiagnostic\figures\c5g_surface_excess_max_abs.svg","c5g_surface_excess_max_abs.svg",".svg","39061","2026/05/13 0:09:39"
"D:\MYF\SPH\GeoDualSPHysics_v5.2\examples\u-pw\03_Cryer_Problem\strict_reproduction_plan\C5g_GeometryDpDiagnostic\figures\c5g_surface_excess_p95_abs.png","c5g_surface_excess_p95_abs.png",".png","93876","2026/05/12 23:53:47"
"D:\MYF\SPH\GeoDualSPHysics_v5.2\examples\u-pw\03_Cryer_Problem\strict_reproduction_plan\C5g_GeometryDpDiagnostic\figures\c5g_surface_excess_p95_abs.svg","c5g_surface_excess_p95_abs.svg",".svg","39703","2026/05/13 0:09:39"
"D:\MYF\SPH\GeoDualSPHysics_v5.2\examples\u-pw\03_Cryer_Problem\strict_reproduction_plan\C5g_GeometryDpDiagnostic\figures\c5g_velocity_max.png","c5g_velocity_max.png",".png","80853","2026/05/12 23:53:46"
"D:\MYF\SPH\GeoDualSPHysics_v5.2\examples\u-pw\03_Cryer_Problem\strict_reproduction_plan\C5g_GeometryDpDiagnostic\figures\c5g_velocity_max.svg","c5g_velocity_max.svg",".svg","39528","2026/05/13 0:09:39"
"D:\MYF\SPH\GeoDualSPHysics_v5.2\examples\u-pw\03_Cryer_Problem\strict_reproduction_plan\C5g_GeometryDpDiagnostic\README.md","README.md",".md","1289","2026/05/12 23:52:58"
"D:\MYF\SPH\GeoDualSPHysics_v5.2\examples\u-pw\03_Cryer_Problem\strict_reproduction_plan\C5g_GeometryDpDiagnostic\scripts\analyze_c5g_geometry_dp_diagnostic.py","analyze_c5g_geometry_dp_diagnostic.py",".py","38200","2026/05/12 23:52:27"
"D:\MYF\SPH\GeoDualSPHysics_v5.2\examples\u-pw\03_Cryer_Problem\strict_reproduction_plan\C5g_GeometryDpDiagnostic\xCaseCryer_PR_StrictSphere_C5g_GeometryDpDiagnostic_win64_CPU_release.bat","xCaseCryer_PR_StrictSphere_C5g_GeometryDpDiagnostic_win64_CPU_release.bat",".bat","1471","2026/05/12 23:46:58"
"D:\MYF\SPH\GeoDualSPHysics_v5.2\examples\u-pw\03_Cryer_Problem\strict_reproduction_plan\C5h_HigherResolutionSphere\c5h_adami_diagnostic_metrics.csv","c5h_adami_diagnostic_metrics.csv",".csv","909","2026/05/13 0:24:26"
"D:\MYF\SPH\GeoDualSPHysics_v5.2\examples\u-pw\03_Cryer_Problem\strict_reproduction_plan\C5h_HigherResolutionSphere\c5h_boundary_operator_contribution_metrics.csv","c5h_boundary_operator_contribution_metrics.csv",".csv","21816","2026/05/13 0:24:26"
"D:\MYF\SPH\GeoDualSPHysics_v5.2\examples\u-pw\03_Cryer_Problem\strict_reproduction_plan\C5h_HigherResolutionSphere\c5h_boundary_selection_metrics.csv","c5h_boundary_selection_metrics.csv",".csv","909","2026/05/13 0:24:26"
"D:\MYF\SPH\GeoDualSPHysics_v5.2\examples\u-pw\03_Cryer_Problem\strict_reproduction_plan\C5h_HigherResolutionSphere\c5h_case_summary.csv","c5h_case_summary.csv",".csv","3225","2026/05/13 0:24:26"
"D:\MYF\SPH\GeoDualSPHysics_v5.2\examples\u-pw\03_Cryer_Problem\strict_reproduction_plan\C5h_HigherResolutionSphere\c5h_center_averaging_sensitivity.csv","c5h_center_averaging_sensitivity.csv",".csv","41570","2026/05/13 0:24:26"
"D:\MYF\SPH\GeoDualSPHysics_v5.2\examples\u-pw\03_Cryer_Problem\strict_reproduction_plan\C5h_HigherResolutionSphere\c5h_center_pressure_comparison.csv","c5h_center_pressure_comparison.csv",".csv","21816","2026/05/13 0:24:26"
"D:\MYF\SPH\GeoDualSPHysics_v5.2\examples\u-pw\03_Cryer_Problem\strict_reproduction_plan\C5h_HigherResolutionSphere\c5h_flexible_confining_stress_metrics.csv","c5h_flexible_confining_stress_metrics.csv",".csv","1536","2026/05/13 0:24:26"
"D:\MYF\SPH\GeoDualSPHysics_v5.2\examples\u-pw\03_Cryer_Problem\strict_reproduction_plan\C5h_HigherResolutionSphere\c5h_geometry_comparison_metrics.csv","c5h_geometry_comparison_metrics.csv",".csv","1922","2026/05/13 0:24:26"
"D:\MYF\SPH\GeoDualSPHysics_v5.2\examples\u-pw\03_Cryer_Problem\strict_reproduction_plan\C5h_HigherResolutionSphere\c5h_geometry_resolution_comparison.csv","c5h_geometry_resolution_comparison.csv",".csv","1163","2026/05/13 0:24:26"
"D:\MYF\SPH\GeoDualSPHysics_v5.2\examples\u-pw\03_Cryer_Problem\strict_reproduction_plan\C5h_HigherResolutionSphere\c5h_pressure_only_diffusion_comparison.csv","c5h_pressure_only_diffusion_comparison.csv",".csv","10548","2026/05/13 0:24:26"
"D:\MYF\SPH\GeoDualSPHysics_v5.2\examples\u-pw\03_Cryer_Problem\strict_reproduction_plan\C5h_HigherResolutionSphere\c5h_pressure_only_diffusion_metrics.csv","c5h_pressure_only_diffusion_metrics.csv",".csv","10548","2026/05/13 0:24:26"
"D:\MYF\SPH\GeoDualSPHysics_v5.2\examples\u-pw\03_Cryer_Problem\strict_reproduction_plan\C5h_HigherResolutionSphere\c5h_pressure_rate_artifact_metrics.csv","c5h_pressure_rate_artifact_metrics.csv",".csv","21816","2026/05/13 0:24:26"
"D:\MYF\SPH\GeoDualSPHysics_v5.2\examples\u-pw\03_Cryer_Problem\strict_reproduction_plan\C5h_HigherResolutionSphere\c5h_radial_profile_metrics.csv","c5h_radial_profile_metrics.csv",".csv","50299","2026/05/13 0:24:26"
"D:\MYF\SPH\GeoDualSPHysics_v5.2\examples\u-pw\03_Cryer_Problem\strict_reproduction_plan\C5h_HigherResolutionSphere\c5h_sphere_quality_metrics.csv","c5h_sphere_quality_metrics.csv",".csv","1922","2026/05/13 0:24:26"
"D:\MYF\SPH\GeoDualSPHysics_v5.2\examples\u-pw\03_Cryer_Problem\strict_reproduction_plan\C5h_HigherResolutionSphere\c5h_surface_residual_audit.md","c5h_surface_residual_audit.md",".md","706","2026/05/13 0:24:26"
"D:\MYF\SPH\GeoDualSPHysics_v5.2\examples\u-pw\03_Cryer_Problem\strict_reproduction_plan\C5h_HigherResolutionSphere\c5h_surface_residual_comparison.csv","c5h_surface_residual_comparison.csv",".csv","21473","2026/05/13 0:24:26"
"D:\MYF\SPH\GeoDualSPHysics_v5.2\examples\u-pw\03_Cryer_Problem\strict_reproduction_plan\C5h_HigherResolutionSphere\c5h_weighting_diagnostics.csv","c5h_weighting_diagnostics.csv",".csv","992","2026/05/13 0:24:26"
"D:\MYF\SPH\GeoDualSPHysics_v5.2\examples\u-pw\03_Cryer_Problem\strict_reproduction_plan\C5h_HigherResolutionSphere\CaseCryer_PR_StrictSphere_C5h_HigherResCompressionNormalized_Def.xml","CaseCryer_PR_StrictSphere_C5h_HigherResCompressionNormalized_Def.xml",".xml","5485","2026/05/13 0:32:40"
"D:\MYF\SPH\GeoDualSPHysics_v5.2\examples\u-pw\03_Cryer_Problem\strict_reproduction_plan\C5h_HigherResolutionSphere\CaseCryer_PR_StrictSphere_C5h_HigherResDiffusionNormalized_Def.xml","CaseCryer_PR_StrictSphere_C5h_HigherResDiffusionNormalized_Def.xml",".xml","5609","2026/05/13 0:32:40"
"D:\MYF\SPH\GeoDualSPHysics_v5.2\examples\u-pw\03_Cryer_Problem\strict_reproduction_plan\C5h_HigherResolutionSphere\figures\c5h_boundary_contribution_magnitude.png","c5h_boundary_contribution_magnitude.png",".png","118775","2026/05/13 0:24:29"
"D:\MYF\SPH\GeoDualSPHysics_v5.2\examples\u-pw\03_Cryer_Problem\strict_reproduction_plan\C5h_HigherResolutionSphere\figures\c5h_boundary_contribution_magnitude.svg","c5h_boundary_contribution_magnitude.svg",".svg","47748","2026/05/13 0:32:17"
"D:\MYF\SPH\GeoDualSPHysics_v5.2\examples\u-pw\03_Cryer_Problem\strict_reproduction_plan\C5h_HigherResolutionSphere\figures\c5h_center_averaging_sensitivity.png","c5h_center_averaging_sensitivity.png",".png","66366","2026/05/13 0:24:32"
"D:\MYF\SPH\GeoDualSPHysics_v5.2\examples\u-pw\03_Cryer_Problem\strict_reproduction_plan\C5h_HigherResolutionSphere\figures\c5h_center_averaging_sensitivity.svg","c5h_center_averaging_sensitivity.svg",".svg","42124","2026/05/13 0:32:17"
"D:\MYF\SPH\GeoDualSPHysics_v5.2\examples\u-pw\03_Cryer_Problem\strict_reproduction_plan\C5h_HigherResolutionSphere\figures\c5h_center_normalized_pressure.png","c5h_center_normalized_pressure.png",".png","107467","2026/05/13 0:24:28"
"D:\MYF\SPH\GeoDualSPHysics_v5.2\examples\u-pw\03_Cryer_Problem\strict_reproduction_plan\C5h_HigherResolutionSphere\figures\c5h_center_normalized_pressure.svg","c5h_center_normalized_pressure.svg",".svg","34206","2026/05/13 0:32:17"
"D:\MYF\SPH\GeoDualSPHysics_v5.2\examples\u-pw\03_Cryer_Problem\strict_reproduction_plan\C5h_HigherResolutionSphere\figures\c5h_kplastic_max.png","c5h_kplastic_max.png",".png","45076","2026/05/13 0:24:29"
"D:\MYF\SPH\GeoDualSPHysics_v5.2\examples\u-pw\03_Cryer_Problem\strict_reproduction_plan\C5h_HigherResolutionSphere\figures\c5h_kplastic_max.svg","c5h_kplastic_max.svg",".svg","44197","2026/05/13 0:32:17"
"D:\MYF\SPH\GeoDualSPHysics_v5.2\examples\u-pw\03_Cryer_Problem\strict_reproduction_plan\C5h_HigherResolutionSphere\figures\c5h_normalized_boundary_scale_summary.png","c5h_normalized_boundary_scale_summary.png",".png","50045","2026/05/13 0:24:31"
"D:\MYF\SPH\GeoDualSPHysics_v5.2\examples\u-pw\03_Cryer_Problem\strict_reproduction_plan\C5h_HigherResolutionSphere\figures\c5h_normalized_boundary_scale_summary.svg","c5h_normalized_boundary_scale_summary.svg",".svg","38116","2026/05/13 0:32:17"
"D:\MYF\SPH\GeoDualSPHysics_v5.2\examples\u-pw\03_Cryer_Problem\strict_reproduction_plan\C5h_HigherResolutionSphere\figures\c5h_porepressrate_artifact_indicator.png","c5h_porepressrate_artifact_indicator.png",".png","115490","2026/05/13 0:24:30"
"D:\MYF\SPH\GeoDualSPHysics_v5.2\examples\u-pw\03_Cryer_Problem\strict_reproduction_plan\C5h_HigherResolutionSphere\figures\c5h_porepressrate_artifact_indicator.svg","c5h_porepressrate_artifact_indicator.svg",".svg","46148","2026/05/13 0:32:17"
"D:\MYF\SPH\GeoDualSPHysics_v5.2\examples\u-pw\03_Cryer_Problem\strict_reproduction_plan\C5h_HigherResolutionSphere\figures\c5h_pressure_only_mean_excess.png","c5h_pressure_only_mean_excess.png",".png","94567","2026/05/13 0:24:29"
"D:\MYF\SPH\GeoDualSPHysics_v5.2\examples\u-pw\03_Cryer_Problem\strict_reproduction_plan\C5h_HigherResolutionSphere\figures\c5h_pressure_only_mean_excess.svg","c5h_pressure_only_mean_excess.svg",".svg","38238","2026/05/13 0:32:17"
"D:\MYF\SPH\GeoDualSPHysics_v5.2\examples\u-pw\03_Cryer_Problem\strict_reproduction_plan\C5h_HigherResolutionSphere\figures\c5h_radial_pressure_profiles.png","c5h_radial_pressure_profiles.png",".png","81702","2026/05/13 0:24:31"
"D:\MYF\SPH\GeoDualSPHysics_v5.2\examples\u-pw\03_Cryer_Problem\strict_reproduction_plan\C5h_HigherResolutionSphere\figures\c5h_radial_pressure_profiles.svg","c5h_radial_pressure_profiles.svg",".svg","43301","2026/05/13 0:32:17"
"D:\MYF\SPH\GeoDualSPHysics_v5.2\examples\u-pw\03_Cryer_Problem\strict_reproduction_plan\C5h_HigherResolutionSphere\figures\c5h_sphere_particle_count.png","c5h_sphere_particle_count.png",".png","27809","2026/05/13 0:24:31"
"D:\MYF\SPH\GeoDualSPHysics_v5.2\examples\u-pw\03_Cryer_Problem\strict_reproduction_plan\C5h_HigherResolutionSphere\figures\c5h_sphere_particle_count.svg","c5h_sphere_particle_count.svg",".svg","26984","2026/05/13 0:32:17"
"D:\MYF\SPH\GeoDualSPHysics_v5.2\examples\u-pw\03_Cryer_Problem\strict_reproduction_plan\C5h_HigherResolutionSphere\figures\c5h_sphere_quality_summary.png","c5h_sphere_quality_summary.png",".png","42250","2026/05/13 0:24:31"
"D:\MYF\SPH\GeoDualSPHysics_v5.2\examples\u-pw\03_Cryer_Problem\strict_reproduction_plan\C5h_HigherResolutionSphere\figures\c5h_sphere_quality_summary.svg","c5h_sphere_quality_summary.svg",".svg","34846","2026/05/13 0:32:17"
"D:\MYF\SPH\GeoDualSPHysics_v5.2\examples\u-pw\03_Cryer_Problem\strict_reproduction_plan\C5h_HigherResolutionSphere\figures\c5h_surface_excess_max_abs.png","c5h_surface_excess_max_abs.png",".png","126668","2026/05/13 0:24:30"
"D:\MYF\SPH\GeoDualSPHysics_v5.2\examples\u-pw\03_Cryer_Problem\strict_reproduction_plan\C5h_HigherResolutionSphere\figures\c5h_surface_excess_max_abs.svg","c5h_surface_excess_max_abs.svg",".svg","47572","2026/05/13 0:32:17"
"D:\MYF\SPH\GeoDualSPHysics_v5.2\examples\u-pw\03_Cryer_Problem\strict_reproduction_plan\C5h_HigherResolutionSphere\figures\c5h_surface_excess_p95_abs.png","c5h_surface_excess_p95_abs.png",".png","129192","2026/05/13 0:24:30"
"D:\MYF\SPH\GeoDualSPHysics_v5.2\examples\u-pw\03_Cryer_Problem\strict_reproduction_plan\C5h_HigherResolutionSphere\figures\c5h_surface_excess_p95_abs.svg","c5h_surface_excess_p95_abs.svg",".svg","46719","2026/05/13 0:32:17"
"D:\MYF\SPH\GeoDualSPHysics_v5.2\examples\u-pw\03_Cryer_Problem\strict_reproduction_plan\C5h_HigherResolutionSphere\figures\c5h_velocity_max.png","c5h_velocity_max.png",".png","106252","2026/05/13 0:24:28"
"D:\MYF\SPH\GeoDualSPHysics_v5.2\examples\u-pw\03_Cryer_Problem\strict_reproduction_plan\C5h_HigherResolutionSphere\figures\c5h_velocity_max.svg","c5h_velocity_max.svg",".svg","49298","2026/05/13 0:32:17"
"D:\MYF\SPH\GeoDualSPHysics_v5.2\examples\u-pw\03_Cryer_Problem\strict_reproduction_plan\C5h_HigherResolutionSphere\README.md","README.md",".md","1291","2026/05/13 0:22:31"
"D:\MYF\SPH\GeoDualSPHysics_v5.2\examples\u-pw\03_Cryer_Problem\strict_reproduction_plan\C5h_HigherResolutionSphere\scripts\analyze_c5h_higher_resolution_sphere.py","analyze_c5h_higher_resolution_sphere.py",".py","39675","2026/05/13 0:32:40"
"D:\MYF\SPH\GeoDualSPHysics_v5.2\examples\u-pw\03_Cryer_Problem\strict_reproduction_plan\C5h_HigherResolutionSphere\xCaseCryer_PR_StrictSphere_C5h_HigherResolutionSphere_win64_CPU_release.bat","xCaseCryer_PR_StrictSphere_C5h_HigherResolutionSphere_win64_CPU_release.bat",".bat","1367","2026/05/13 0:22:12"
"D:\MYF\SPH\GeoDualSPHysics_v5.2\examples\u-pw\03_Cryer_Problem\strict_reproduction_plan\C5i_Dp005FullTimeLongRun\CaseCryer_PR_StrictSphere_C5i_Dp005FullTime_cpu_out\CaseCryer_PR_StrictSphere_C5i_Dp005FullTime.bi4","CaseCryer_PR_StrictSphere_C5i_Dp005FullTime.bi4",".bi4","670023","2026/05/13 1:11:03"
"D:\MYF\SPH\GeoDualSPHysics_v5.2\examples\u-pw\03_Cryer_Problem\strict_reproduction_plan\C5i_Dp005FullTimeLongRun\CaseCryer_PR_StrictSphere_C5i_Dp005FullTime_cpu_out\CaseCryer_PR_StrictSphere_C5i_Dp005FullTime.out","CaseCryer_PR_StrictSphere_C5i_Dp005FullTime.out",".out","5564","2026/05/13 1:11:03"
"D:\MYF\SPH\GeoDualSPHysics_v5.2\examples\u-pw\03_Cryer_Problem\strict_reproduction_plan\C5i_Dp005FullTimeLongRun\CaseCryer_PR_StrictSphere_C5i_Dp005FullTime_cpu_out\CaseCryer_PR_StrictSphere_C5i_Dp005FullTime.xml","CaseCryer_PR_StrictSphere_C5i_Dp005FullTime.xml",".xml","8184","2026/05/13 1:11:03"
"D:\MYF\SPH\GeoDualSPHysics_v5.2\examples\u-pw\03_Cryer_Problem\strict_reproduction_plan\C5i_Dp005FullTimeLongRun\CaseCryer_PR_StrictSphere_C5i_Dp005FullTime_cpu_out\CaseCryer_PR_StrictSphere_C5i_Dp005FullTime_All.vtk","CaseCryer_PR_StrictSphere_C5i_Dp005FullTime_All.vtk",".vtk","638469","2026/05/13 1:11:03"
"D:\MYF\SPH\GeoDualSPHysics_v5.2\examples\u-pw\03_Cryer_Problem\strict_reproduction_plan\C5i_Dp005FullTimeLongRun\CaseCryer_PR_StrictSphere_C5i_Dp005FullTime_cpu_out\CaseCryer_PR_StrictSphere_C5i_Dp005FullTime_Bound.vtk","CaseCryer_PR_StrictSphere_C5i_Dp005FullTime_Bound.vtk",".vtk","430779","2026/05/13 1:11:03"
"D:\MYF\SPH\GeoDualSPHysics_v5.2\examples\u-pw\03_Cryer_Problem\strict_reproduction_plan\C5i_Dp005FullTimeLongRun\CaseCryer_PR_StrictSphere_C5i_Dp005FullTime_cpu_out\CaseCryer_PR_StrictSphere_C5i_Dp005FullTime_Fluid.vtk","CaseCryer_PR_StrictSphere_C5i_Dp005FullTime_Fluid.vtk",".vtk","207961","2026/05/13 1:11:03"
"D:\MYF\SPH\GeoDualSPHysics_v5.2\examples\u-pw\03_Cryer_Problem\strict_reproduction_plan\C5i_Dp005FullTimeLongRun\CaseCryer_PR_StrictSphere_C5i_Dp005FullTime_cpu_out\CaseCryer_PR_StrictSphere_C5i_Dp005FullTime_MkCells.vtk","CaseCryer_PR_StrictSphere_C5i_Dp005FullTime_MkCells.vtk",".vtk","865420","2026/05/13 1:11:03"
"D:\MYF\SPH\GeoDualSPHysics_v5.2\examples\u-pw\03_Cryer_Problem\strict_reproduction_plan\C5i_Dp005FullTimeLongRun\CaseCryer_PR_StrictSphere_C5i_Dp005FullTime_cpu_out\CfgInit_Domain.vtk","CfgInit_Domain.vtk",".vtk","622","2026/05/13 1:11:03"
"D:\MYF\SPH\GeoDualSPHysics_v5.2\examples\u-pw\03_Cryer_Problem\strict_reproduction_plan\C5i_Dp005FullTimeLongRun\CaseCryer_PR_StrictSphere_C5i_Dp005FullTime_cpu_out\CfgInit_MapCells.vtk","CfgInit_MapCells.vtk",".vtk","3696","2026/05/13 1:11:03"
"D:\MYF\SPH\GeoDualSPHysics_v5.2\examples\u-pw\03_Cryer_Problem\strict_reproduction_plan\C5i_Dp005FullTimeLongRun\CaseCryer_PR_StrictSphere_C5i_Dp005FullTime_cpu_out\data\Part_0000.bi4","Part_0000.bi4",".bi4","1947362","2026/05/13 1:11:03"
"D:\MYF\SPH\GeoDualSPHysics_v5.2\examples\u-pw\03_Cryer_Problem\strict_reproduction_plan\C5i_Dp005FullTimeLongRun\CaseCryer_PR_StrictSphere_C5i_Dp005FullTime_cpu_out\data\Part_0001.bi4","Part_0001.bi4",".bi4","1947362","2026/05/13 1:12:00"
"D:\MYF\SPH\GeoDualSPHysics_v5.2\examples\u-pw\03_Cryer_Problem\strict_reproduction_plan\C5i_Dp005FullTimeLongRun\CaseCryer_PR_StrictSphere_C5i_Dp005FullTime_cpu_out\data\Part_0002.bi4","Part_0002.bi4",".bi4","1947362","2026/05/13 1:13:00"
"D:\MYF\SPH\GeoDualSPHysics_v5.2\examples\u-pw\03_Cryer_Problem\strict_reproduction_plan\C5i_Dp005FullTimeLongRun\CaseCryer_PR_StrictSphere_C5i_Dp005FullTime_cpu_out\data\Part_0003.bi4","Part_0003.bi4",".bi4","1911010","2026/05/13 1:17:10"
"D:\MYF\SPH\GeoDualSPHysics_v5.2\examples\u-pw\03_Cryer_Problem\strict_reproduction_plan\C5i_Dp005FullTimeLongRun\CaseCryer_PR_StrictSphere_C5i_Dp005FullTime_cpu_out\data\Part_0004.bi4","Part_0004.bi4",".bi4","1857378","2026/05/13 1:22:28"
"D:\MYF\SPH\GeoDualSPHysics_v5.2\examples\u-pw\03_Cryer_Problem\strict_reproduction_plan\C5i_Dp005FullTimeLongRun\CaseCryer_PR_StrictSphere_C5i_Dp005FullTime_cpu_out\data\Part_0005.bi4","Part_0005.bi4",".bi4","1844578","2026/05/13 1:27:50"
"D:\MYF\SPH\GeoDualSPHysics_v5.2\examples\u-pw\03_Cryer_Problem\strict_reproduction_plan\C5i_Dp005FullTimeLongRun\CaseCryer_PR_StrictSphere_C5i_Dp005FullTime_cpu_out\data\Part_0006.bi4","Part_0006.bi4",".bi4","1842018","2026/05/13 1:34:36"
"D:\MYF\SPH\GeoDualSPHysics_v5.2\examples\u-pw\03_Cryer_Problem\strict_reproduction_plan\C5i_Dp005FullTimeLongRun\CaseCryer_PR_StrictSphere_C5i_Dp005FullTime_cpu_out\data\Part_0007.bi4","Part_0007.bi4",".bi4","1841122","2026/05/13 1:42:48"
"D:\MYF\SPH\GeoDualSPHysics_v5.2\examples\u-pw\03_Cryer_Problem\strict_reproduction_plan\C5i_Dp005FullTimeLongRun\CaseCryer_PR_StrictSphere_C5i_Dp005FullTime_cpu_out\data\Part_Head.ibi4","Part_Head.ibi4",".ibi4","1588","2026/05/13 1:11:03"
"D:\MYF\SPH\GeoDualSPHysics_v5.2\examples\u-pw\03_Cryer_Problem\strict_reproduction_plan\C5i_Dp005FullTimeLongRun\CaseCryer_PR_StrictSphere_C5i_Dp005FullTime_cpu_out\data\PartCsv_0000.csv","PartCsv_0000.csv",".csv","7343670","2026/05/13 1:11:03"
"D:\MYF\SPH\GeoDualSPHysics_v5.2\examples\u-pw\03_Cryer_Problem\strict_reproduction_plan\C5i_Dp005FullTimeLongRun\CaseCryer_PR_StrictSphere_C5i_Dp005FullTime_cpu_out\data\PartCsv_0001.csv","PartCsv_0001.csv",".csv","7343670","2026/05/13 1:12:00"
"D:\MYF\SPH\GeoDualSPHysics_v5.2\examples\u-pw\03_Cryer_Problem\strict_reproduction_plan\C5i_Dp005FullTimeLongRun\CaseCryer_PR_StrictSphere_C5i_Dp005FullTime_cpu_out\data\PartCsv_0002.csv","PartCsv_0002.csv",".csv","7343670","2026/05/13 1:13:00"
"D:\MYF\SPH\GeoDualSPHysics_v5.2\examples\u-pw\03_Cryer_Problem\strict_reproduction_plan\C5i_Dp005FullTimeLongRun\CaseCryer_PR_StrictSphere_C5i_Dp005FullTime_cpu_out\data\PartCsv_0003.csv","PartCsv_0003.csv",".csv","7206214","2026/05/13 1:17:11"
"D:\MYF\SPH\GeoDualSPHysics_v5.2\examples\u-pw\03_Cryer_Problem\strict_reproduction_plan\C5i_Dp005FullTimeLongRun\CaseCryer_PR_StrictSphere_C5i_Dp005FullTime_cpu_out\data\PartCsv_0004.csv","PartCsv_0004.csv",".csv","7003418","2026/05/13 1:22:28"
"D:\MYF\SPH\GeoDualSPHysics_v5.2\examples\u-pw\03_Cryer_Problem\strict_reproduction_plan\C5i_Dp005FullTimeLongRun\CaseCryer_PR_StrictSphere_C5i_Dp005FullTime_cpu_out\data\PartCsv_0005.csv","PartCsv_0005.csv",".csv","6955018","2026/05/13 1:27:50"
"D:\MYF\SPH\GeoDualSPHysics_v5.2\examples\u-pw\03_Cryer_Problem\strict_reproduction_plan\C5i_Dp005FullTimeLongRun\CaseCryer_PR_StrictSphere_C5i_Dp005FullTime_cpu_out\data\PartCsv_0006.csv","PartCsv_0006.csv",".csv","6945338","2026/05/13 1:34:36"
"D:\MYF\SPH\GeoDualSPHysics_v5.2\examples\u-pw\03_Cryer_Problem\strict_reproduction_plan\C5i_Dp005FullTimeLongRun\CaseCryer_PR_StrictSphere_C5i_Dp005FullTime_cpu_out\data\PartCsv_0007.csv","PartCsv_0007.csv",".csv","6941950","2026/05/13 1:42:48"
"D:\MYF\SPH\GeoDualSPHysics_v5.2\examples\u-pw\03_Cryer_Problem\strict_reproduction_plan\C5i_Dp005FullTimeLongRun\CaseCryer_PR_StrictSphere_C5i_Dp005FullTime_cpu_out\data\PartInfo.ibi4","PartInfo.ibi4",".ibi4","5530","2026/05/13 1:42:48"
"D:\MYF\SPH\GeoDualSPHysics_v5.2\examples\u-pw\03_Cryer_Problem\strict_reproduction_plan\C5i_Dp005FullTimeLongRun\CaseCryer_PR_StrictSphere_C5i_Dp005FullTime_cpu_out\data\PartOut_000.obi4","PartOut_000.obi4",".obi4","29599","2026/05/13 1:42:48"
"D:\MYF\SPH\GeoDualSPHysics_v5.2\examples\u-pw\03_Cryer_Problem\strict_reproduction_plan\C5i_Dp005FullTimeLongRun\CaseCryer_PR_StrictSphere_C5i_Dp005FullTime_cpu_out\Run.out","Run.out",".out","16125","2026/05/13 1:44:39"
"D:\MYF\SPH\GeoDualSPHysics_v5.2\examples\u-pw\03_Cryer_Problem\strict_reproduction_plan\C5i_Dp005FullTimeLongRun\CaseCryer_PR_StrictSphere_C5i_Dp005FullTime_cpu_vtk_particles\PartFluid_0000.vtk","PartFluid_0000.vtk",".vtk","450478","2026/05/13 12:36:17"
"D:\MYF\SPH\GeoDualSPHysics_v5.2\examples\u-pw\03_Cryer_Problem\strict_reproduction_plan\C5i_Dp005FullTimeLongRun\CaseCryer_PR_StrictSphere_C5i_Dp005FullTime_cpu_vtk_particles\PartFluid_0001.vtk","PartFluid_0001.vtk",".vtk","450478","2026/05/13 12:36:18"
"D:\MYF\SPH\GeoDualSPHysics_v5.2\examples\u-pw\03_Cryer_Problem\strict_reproduction_plan\C5i_Dp005FullTimeLongRun\CaseCryer_PR_StrictSphere_C5i_Dp005FullTime_cpu_vtk_particles\PartFluid_0002.vtk","PartFluid_0002.vtk",".vtk","450478","2026/05/13 12:36:18"
"D:\MYF\SPH\GeoDualSPHysics_v5.2\examples\u-pw\03_Cryer_Problem\strict_reproduction_plan\C5i_Dp005FullTimeLongRun\CaseCryer_PR_StrictSphere_C5i_Dp005FullTime_cpu_vtk_particles\PartFluid_0003.vtk","PartFluid_0003.vtk",".vtk","424634","2026/05/13 12:36:18"
"D:\MYF\SPH\GeoDualSPHysics_v5.2\examples\u-pw\03_Cryer_Problem\strict_reproduction_plan\C5i_Dp005FullTimeLongRun\CaseCryer_PR_StrictSphere_C5i_Dp005FullTime_cpu_vtk_particles\PartFluid_0004.vtk","PartFluid_0004.vtk",".vtk","386505","2026/05/13 12:36:18"
"D:\MYF\SPH\GeoDualSPHysics_v5.2\examples\u-pw\03_Cryer_Problem\strict_reproduction_plan\C5i_Dp005FullTimeLongRun\CaseCryer_PR_StrictSphere_C5i_Dp005FullTime_cpu_vtk_particles\PartFluid_0005.vtk","PartFluid_0005.vtk",".vtk","377405","2026/05/13 12:36:18"
"D:\MYF\SPH\GeoDualSPHysics_v5.2\examples\u-pw\03_Cryer_Problem\strict_reproduction_plan\C5i_Dp005FullTimeLongRun\CaseCryer_PR_StrictSphere_C5i_Dp005FullTime_cpu_vtk_particles\PartFluid_0006.vtk","PartFluid_0006.vtk",".vtk","375585","2026/05/13 12:36:18"
"D:\MYF\SPH\GeoDualSPHysics_v5.2\examples\u-pw\03_Cryer_Problem\strict_reproduction_plan\C5i_Dp005FullTimeLongRun\CaseCryer_PR_StrictSphere_C5i_Dp005FullTime_cpu_vtk_particles\PartFluid_0007.vtk","PartFluid_0007.vtk",".vtk","374948","2026/05/13 12:36:18"
"D:\MYF\SPH\GeoDualSPHysics_v5.2\examples\u-pw\03_Cryer_Problem\strict_reproduction_plan\C5i_Dp005FullTimeLongRun\CaseCryer_PR_StrictSphere_C5i_Dp005FullTime_Def.xml","CaseCryer_PR_StrictSphere_C5i_Dp005FullTime_Def.xml",".xml","5442","2026/05/13 1:10:39"
"D:\MYF\SPH\GeoDualSPHysics_v5.2\examples\u-pw\03_Cryer_Problem\strict_reproduction_plan\C5i_Dp005FullTimeLongRun\CaseCryer_PR_StrictSphere_C5i_Dp005FullTime_overnight.log","CaseCryer_PR_StrictSphere_C5i_Dp005FullTime_overnight.log",".log","3249","2026/05/13 12:36:18"
"D:\MYF\SPH\GeoDualSPHysics_v5.2\examples\u-pw\03_Cryer_Problem\strict_reproduction_plan\C5i_Dp005FullTimeLongRun\README.md","README.md",".md","1725","2026/05/13 1:10:39"
"D:\MYF\SPH\GeoDualSPHysics_v5.2\examples\u-pw\03_Cryer_Problem\strict_reproduction_plan\C5i_Dp005FullTimeLongRun\xCaseCryer_PR_StrictSphere_C5i_Dp005FullTime_win64_CPU_release.bat","xCaseCryer_PR_StrictSphere_C5i_Dp005FullTime_win64_CPU_release.bat",".bat","1797","2026/05/13 1:10:39"
"D:\MYF\SPH\GeoDualSPHysics_v5.2\examples\u-pw\03_Cryer_Problem\strict_reproduction_plan\C5i_Dp005FullTimeLongRun\xCaseCryer_PR_StrictSphere_C5i_Dp005FullTime_win64_CPU_release_output.bat","xCaseCryer_PR_StrictSphere_C5i_Dp005FullTime_win64_CPU_release_output.bat",".bat","1041","2026/05/13 12:36:13"
"D:\MYF\SPH\GeoDualSPHysics_v5.2\examples\u-pw\03_Cryer_Problem\strict_reproduction_plan\C5i_SphericalDiffusionFluxCalibration\c5i_effective_boundary_type.csv","c5i_effective_boundary_type.csv",".csv","1350","2026/05/13 13:01:19"
"D:\MYF\SPH\GeoDualSPHysics_v5.2\examples\u-pw\03_Cryer_Problem\strict_reproduction_plan\C5i_SphericalDiffusionFluxCalibration\c5i_flux_ratio_metrics.csv","c5i_flux_ratio_metrics.csv",".csv","7314","2026/05/13 13:01:19"
"D:\MYF\SPH\GeoDualSPHysics_v5.2\examples\u-pw\03_Cryer_Problem\strict_reproduction_plan\C5i_SphericalDiffusionFluxCalibration\c5i_fv_reference_profiles.csv","c5i_fv_reference_profiles.csv",".csv","697382","2026/05/13 13:01:19"
"D:\MYF\SPH\GeoDualSPHysics_v5.2\examples\u-pw\03_Cryer_Problem\strict_reproduction_plan\C5i_SphericalDiffusionFluxCalibration\c5i_fv_reference_timeseries.csv","c5i_fv_reference_timeseries.csv",".csv","3485","2026/05/13 13:01:19"
"D:\MYF\SPH\GeoDualSPHysics_v5.2\examples\u-pw\03_Cryer_Problem\strict_reproduction_plan\C5i_SphericalDiffusionFluxCalibration\c5i_geometry_flux_error_metrics.csv","c5i_geometry_flux_error_metrics.csv",".csv","2790","2026/05/13 13:01:19"
"D:\MYF\SPH\GeoDualSPHysics_v5.2\examples\u-pw\03_Cryer_Problem\strict_reproduction_plan\C5i_SphericalDiffusionFluxCalibration\c5i_radial_bin_profiles.csv","c5i_radial_bin_profiles.csv",".csv","79760","2026/05/13 13:01:19"
"D:\MYF\SPH\GeoDualSPHysics_v5.2\examples\u-pw\03_Cryer_Problem\strict_reproduction_plan\C5i_SphericalDiffusionFluxCalibration\c5i_reference_config.csv","c5i_reference_config.csv",".csv","187","2026/05/13 13:01:19"
"D:\MYF\SPH\GeoDualSPHysics_v5.2\examples\u-pw\03_Cryer_Problem\strict_reproduction_plan\C5i_SphericalDiffusionFluxCalibration\c5i_sph_pressure_only_summary.csv","c5i_sph_pressure_only_summary.csv",".csv","3662","2026/05/13 13:01:19"
"D:\MYF\SPH\GeoDualSPHysics_v5.2\examples\u-pw\03_Cryer_Problem\strict_reproduction_plan\C5i_SphericalDiffusionFluxCalibration\c5i_surface_shell_decay.csv","c5i_surface_shell_decay.csv",".csv","11657","2026/05/13 13:01:19"
"D:\MYF\SPH\GeoDualSPHysics_v5.2\examples\u-pw\03_Cryer_Problem\strict_reproduction_plan\C5i_SphericalDiffusionFluxCalibration\c5i_volume_mean_decay.csv","c5i_volume_mean_decay.csv",".csv","12741","2026/05/13 13:01:19"
"D:\MYF\SPH\GeoDualSPHysics_v5.2\examples\u-pw\03_Cryer_Problem\strict_reproduction_plan\C5i_SphericalDiffusionFluxCalibration\figures\c5i_apparent_flux_ratio_vs_time.png","c5i_apparent_flux_ratio_vs_time.png",".png","140251","2026/05/13 13:01:20"
"D:\MYF\SPH\GeoDualSPHysics_v5.2\examples\u-pw\03_Cryer_Problem\strict_reproduction_plan\C5i_SphericalDiffusionFluxCalibration\figures\c5i_apparent_flux_ratio_vs_time.svg","c5i_apparent_flux_ratio_vs_time.svg",".svg","55897","2026/05/13 13:01:20"
"D:\MYF\SPH\GeoDualSPHysics_v5.2\examples\u-pw\03_Cryer_Problem\strict_reproduction_plan\C5i_SphericalDiffusionFluxCalibration\figures\c5i_boundary_selection_count_vs_diffusion_error.png","c5i_boundary_selection_count_vs_diffusion_error.png",".png","79816","2026/05/13 13:01:21"
"D:\MYF\SPH\GeoDualSPHysics_v5.2\examples\u-pw\03_Cryer_Problem\strict_reproduction_plan\C5i_SphericalDiffusionFluxCalibration\figures\c5i_boundary_selection_count_vs_diffusion_error.svg","c5i_boundary_selection_count_vs_diffusion_error.svg",".svg","40522","2026/05/13 13:01:21"
"D:\MYF\SPH\GeoDualSPHysics_v5.2\examples\u-pw\03_Cryer_Problem\strict_reproduction_plan\C5i_SphericalDiffusionFluxCalibration\figures\c5i_center_pressure_decay_vs_reference.png","c5i_center_pressure_decay_vs_reference.png",".png","107861","2026/05/13 13:01:20"
"D:\MYF\SPH\GeoDualSPHysics_v5.2\examples\u-pw\03_Cryer_Problem\strict_reproduction_plan\C5i_SphericalDiffusionFluxCalibration\figures\c5i_center_pressure_decay_vs_reference.svg","c5i_center_pressure_decay_vs_reference.svg",".svg","45793","2026/05/13 13:01:20"
"D:\MYF\SPH\GeoDualSPHysics_v5.2\examples\u-pw\03_Cryer_Problem\strict_reproduction_plan\C5i_SphericalDiffusionFluxCalibration\figures\c5i_dp_vs_error_metrics.png","c5i_dp_vs_error_metrics.png",".png","59040","2026/05/13 13:01:21"
"D:\MYF\SPH\GeoDualSPHysics_v5.2\examples\u-pw\03_Cryer_Problem\strict_reproduction_plan\C5i_SphericalDiffusionFluxCalibration\figures\c5i_dp_vs_error_metrics.svg","c5i_dp_vs_error_metrics.svg",".svg","37902","2026/05/13 13:01:21"
"D:\MYF\SPH\GeoDualSPHysics_v5.2\examples\u-pw\03_Cryer_Problem\strict_reproduction_plan\C5i_SphericalDiffusionFluxCalibration\figures\c5i_effective_boundary_type_comparison.png","c5i_effective_boundary_type_comparison.png",".png","71132","2026/05/13 13:01:21"
"D:\MYF\SPH\GeoDualSPHysics_v5.2\examples\u-pw\03_Cryer_Problem\strict_reproduction_plan\C5i_SphericalDiffusionFluxCalibration\figures\c5i_effective_boundary_type_comparison.svg","c5i_effective_boundary_type_comparison.svg",".svg","34003","2026/05/13 13:01:21"
"D:\MYF\SPH\GeoDualSPHysics_v5.2\examples\u-pw\03_Cryer_Problem\strict_reproduction_plan\C5i_SphericalDiffusionFluxCalibration\figures\c5i_fv_radial_diffusion_reference_profiles.png","c5i_fv_radial_diffusion_reference_profiles.png",".png","79385","2026/05/13 13:01:19"
"D:\MYF\SPH\GeoDualSPHysics_v5.2\examples\u-pw\03_Cryer_Problem\strict_reproduction_plan\C5i_SphericalDiffusionFluxCalibration\figures\c5i_fv_radial_diffusion_reference_profiles.svg","c5i_fv_radial_diffusion_reference_profiles.svg",".svg","35895","2026/05/13 13:01:19"
"D:\MYF\SPH\GeoDualSPHysics_v5.2\examples\u-pw\03_Cryer_Problem\strict_reproduction_plan\C5i_SphericalDiffusionFluxCalibration\figures\c5i_sph_radial_profiles_vs_fv.png","c5i_sph_radial_profiles_vs_fv.png",".png","44808","2026/05/13 13:01:20"
"D:\MYF\SPH\GeoDualSPHysics_v5.2\examples\u-pw\03_Cryer_Problem\strict_reproduction_plan\C5i_SphericalDiffusionFluxCalibration\figures\c5i_sph_radial_profiles_vs_fv.svg","c5i_sph_radial_profiles_vs_fv.svg",".svg","30859","2026/05/13 13:01:20"
"D:\MYF\SPH\GeoDualSPHysics_v5.2\examples\u-pw\03_Cryer_Problem\strict_reproduction_plan\C5i_SphericalDiffusionFluxCalibration\figures\c5i_sphere_roughness_vs_diffusion_error.png","c5i_sphere_roughness_vs_diffusion_error.png",".png","45296","2026/05/13 13:01:21"
"D:\MYF\SPH\GeoDualSPHysics_v5.2\examples\u-pw\03_Cryer_Problem\strict_reproduction_plan\C5i_SphericalDiffusionFluxCalibration\figures\c5i_sphere_roughness_vs_diffusion_error.svg","c5i_sphere_roughness_vs_diffusion_error.svg",".svg","36854","2026/05/13 13:01:21"
"D:\MYF\SPH\GeoDualSPHysics_v5.2\examples\u-pw\03_Cryer_Problem\strict_reproduction_plan\C5i_SphericalDiffusionFluxCalibration\figures\c5i_surface_shell_pressure_decay_vs_reference.png","c5i_surface_shell_pressure_decay_vs_reference.png",".png","108808","2026/05/13 13:01:20"
"D:\MYF\SPH\GeoDualSPHysics_v5.2\examples\u-pw\03_Cryer_Problem\strict_reproduction_plan\C5i_SphericalDiffusionFluxCalibration\figures\c5i_surface_shell_pressure_decay_vs_reference.svg","c5i_surface_shell_pressure_decay_vs_reference.svg",".svg","46151","2026/05/13 13:01:20"
"D:\MYF\SPH\GeoDualSPHysics_v5.2\examples\u-pw\03_Cryer_Problem\strict_reproduction_plan\C5i_SphericalDiffusionFluxCalibration\figures\c5i_volume_average_pressure_decay_vs_reference.png","c5i_volume_average_pressure_decay_vs_reference.png",".png","118258","2026/05/13 13:01:20"
"D:\MYF\SPH\GeoDualSPHysics_v5.2\examples\u-pw\03_Cryer_Problem\strict_reproduction_plan\C5i_SphericalDiffusionFluxCalibration\figures\c5i_volume_average_pressure_decay_vs_reference.svg","c5i_volume_average_pressure_decay_vs_reference.svg",".svg","47962","2026/05/13 13:01:20"
"D:\MYF\SPH\GeoDualSPHysics_v5.2\examples\u-pw\03_Cryer_Problem\strict_reproduction_plan\C5i_SphericalDiffusionFluxCalibration\README.md","README.md",".md","994","2026/05/13 13:01:47"
"D:\MYF\SPH\GeoDualSPHysics_v5.2\examples\u-pw\03_Cryer_Problem\strict_reproduction_plan\C5i_SphericalDiffusionFluxCalibration\scripts\spherical_radial_diffusion_reference.py","spherical_radial_diffusion_reference.py",".py","34295","2026/05/13 13:01:10"
"D:\MYF\SPH\GeoDualSPHysics_v5.2\examples\u-pw\03_Cryer_Problem\strict_reproduction_plan\C5j_MLSBoundaryFlux\c5j_case_summary.csv","c5j_case_summary.csv",".csv","1708","2026/05/13 13:29:23"
"D:\MYF\SPH\GeoDualSPHysics_v5.2\examples\u-pw\03_Cryer_Problem\strict_reproduction_plan\C5j_MLSBoundaryFlux\c5j_flux_ratio_metrics.csv","c5j_flux_ratio_metrics.csv",".csv","1203","2026/05/13 13:29:23"
"D:\MYF\SPH\GeoDualSPHysics_v5.2\examples\u-pw\03_Cryer_Problem\strict_reproduction_plan\C5j_MLSBoundaryFlux\c5j_gate_metrics.csv","c5j_gate_metrics.csv",".csv","1357","2026/05/13 13:29:23"
"D:\MYF\SPH\GeoDualSPHysics_v5.2\examples\u-pw\03_Cryer_Problem\strict_reproduction_plan\C5j_MLSBoundaryFlux\c5j_mls_flux_diagnostics.csv","c5j_mls_flux_diagnostics.csv",".csv","68918","2026/05/13 13:29:23"
"D:\MYF\SPH\GeoDualSPHysics_v5.2\examples\u-pw\03_Cryer_Problem\strict_reproduction_plan\C5j_MLSBoundaryFlux\c5j_pressure_only_comparison.csv","c5j_pressure_only_comparison.csv",".csv","3402","2026/05/13 13:29:23"
"D:\MYF\SPH\GeoDualSPHysics_v5.2\examples\u-pw\03_Cryer_Problem\strict_reproduction_plan\C5j_MLSBoundaryFlux\c5j_radial_bin_profiles.csv","c5j_radial_bin_profiles.csv",".csv","13602","2026/05/13 13:29:23"
"D:\MYF\SPH\GeoDualSPHysics_v5.2\examples\u-pw\03_Cryer_Problem\strict_reproduction_plan\C5j_MLSBoundaryFlux\c5j_sphere_quality_metrics.csv","c5j_sphere_quality_metrics.csv",".csv","237","2026/05/13 13:29:23"
"D:\MYF\SPH\GeoDualSPHysics_v5.2\examples\u-pw\03_Cryer_Problem\strict_reproduction_plan\C5j_MLSBoundaryFlux\c5j_surface_shell_metrics.csv","c5j_surface_shell_metrics.csv",".csv","2021","2026/05/13 13:29:23"
"D:\MYF\SPH\GeoDualSPHysics_v5.2\examples\u-pw\03_Cryer_Problem\strict_reproduction_plan\C5j_MLSBoundaryFlux\CaseCryer_PR_StrictSphere_C5j_CoarseDiffusionMLS_Def.xml","CaseCryer_PR_StrictSphere_C5j_CoarseDiffusionMLS_Def.xml",".xml","5446","2026/05/13 13:19:14"
"D:\MYF\SPH\GeoDualSPHysics_v5.2\examples\u-pw\03_Cryer_Problem\strict_reproduction_plan\C5j_MLSBoundaryFlux\CaseCryer_PR_StrictSphere_C5j_FinerDiffusionMLS_Def.xml","CaseCryer_PR_StrictSphere_C5j_FinerDiffusionMLS_Def.xml",".xml","5438","2026/05/13 13:18:39"
"D:\MYF\SPH\GeoDualSPHysics_v5.2\examples\u-pw\03_Cryer_Problem\strict_reproduction_plan\C5j_MLSBoundaryFlux\figures\c5j_center_pressure_vs_fv.png","c5j_center_pressure_vs_fv.png",".png","74823","2026/05/13 13:29:23"
"D:\MYF\SPH\GeoDualSPHysics_v5.2\examples\u-pw\03_Cryer_Problem\strict_reproduction_plan\C5j_MLSBoundaryFlux\figures\c5j_center_pressure_vs_fv.svg","c5j_center_pressure_vs_fv.svg",".svg","34373","2026/05/13 13:34:03"
"D:\MYF\SPH\GeoDualSPHysics_v5.2\examples\u-pw\03_Cryer_Problem\strict_reproduction_plan\C5j_MLSBoundaryFlux\figures\c5j_flux_ratio_vs_time.png","c5j_flux_ratio_vs_time.png",".png","95026","2026/05/13 13:29:24"
"D:\MYF\SPH\GeoDualSPHysics_v5.2\examples\u-pw\03_Cryer_Problem\strict_reproduction_plan\C5j_MLSBoundaryFlux\figures\c5j_flux_ratio_vs_time.svg","c5j_flux_ratio_vs_time.svg",".svg","36014","2026/05/13 13:34:03"
"D:\MYF\SPH\GeoDualSPHysics_v5.2\examples\u-pw\03_Cryer_Problem\strict_reproduction_plan\C5j_MLSBoundaryFlux\figures\c5j_integrated_boundary_flux_vs_storage.png","c5j_integrated_boundary_flux_vs_storage.png",".png","110209","2026/05/13 13:29:24"
"D:\MYF\SPH\GeoDualSPHysics_v5.2\examples\u-pw\03_Cryer_Problem\strict_reproduction_plan\C5j_MLSBoundaryFlux\figures\c5j_integrated_boundary_flux_vs_storage.svg","c5j_integrated_boundary_flux_vs_storage.svg",".svg","77987","2026/05/13 13:34:03"
"D:\MYF\SPH\GeoDualSPHysics_v5.2\examples\u-pw\03_Cryer_Problem\strict_reproduction_plan\C5j_MLSBoundaryFlux\figures\c5j_mls_condition_fallback_stats.png","c5j_mls_condition_fallback_stats.png",".png","45376","2026/05/13 13:29:25"
"D:\MYF\SPH\GeoDualSPHysics_v5.2\examples\u-pw\03_Cryer_Problem\strict_reproduction_plan\C5j_MLSBoundaryFlux\figures\c5j_mls_condition_fallback_stats.svg","c5j_mls_condition_fallback_stats.svg",".svg","101926","2026/05/13 13:34:03"
"D:\MYF\SPH\GeoDualSPHysics_v5.2\examples\u-pw\03_Cryer_Problem\strict_reproduction_plan\C5j_MLSBoundaryFlux\figures\c5j_porepressrate_maxabs.png","c5j_porepressrate_maxabs.png",".png","88328","2026/05/13 13:29:24"
"D:\MYF\SPH\GeoDualSPHysics_v5.2\examples\u-pw\03_Cryer_Problem\strict_reproduction_plan\C5j_MLSBoundaryFlux\figures\c5j_porepressrate_maxabs.svg","c5j_porepressrate_maxabs.svg",".svg","33449","2026/05/13 13:34:03"
"D:\MYF\SPH\GeoDualSPHysics_v5.2\examples\u-pw\03_Cryer_Problem\strict_reproduction_plan\C5j_MLSBoundaryFlux\figures\c5j_radial_profiles_final.png","c5j_radial_profiles_final.png",".png","60601","2026/05/13 13:29:24"
"D:\MYF\SPH\GeoDualSPHysics_v5.2\examples\u-pw\03_Cryer_Problem\strict_reproduction_plan\C5j_MLSBoundaryFlux\figures\c5j_radial_profiles_final.svg","c5j_radial_profiles_final.svg",".svg","31380","2026/05/13 13:34:03"
"D:\MYF\SPH\GeoDualSPHysics_v5.2\examples\u-pw\03_Cryer_Problem\strict_reproduction_plan\C5j_MLSBoundaryFlux\figures\c5j_surface_shell_p95_max_vs_time.png","c5j_surface_shell_p95_max_vs_time.png",".png","98878","2026/05/13 13:29:25"
"D:\MYF\SPH\GeoDualSPHysics_v5.2\examples\u-pw\03_Cryer_Problem\strict_reproduction_plan\C5j_MLSBoundaryFlux\figures\c5j_surface_shell_p95_max_vs_time.svg","c5j_surface_shell_p95_max_vs_time.svg",".svg","39023","2026/05/13 13:34:03"
"D:\MYF\SPH\GeoDualSPHysics_v5.2\examples\u-pw\03_Cryer_Problem\strict_reproduction_plan\C5j_MLSBoundaryFlux\figures\c5j_surface_shell_vs_fv.png","c5j_surface_shell_vs_fv.png",".png","79159","2026/05/13 13:29:24"
"D:\MYF\SPH\GeoDualSPHysics_v5.2\examples\u-pw\03_Cryer_Problem\strict_reproduction_plan\C5j_MLSBoundaryFlux\figures\c5j_surface_shell_vs_fv.svg","c5j_surface_shell_vs_fv.svg",".svg","33708","2026/05/13 13:34:03"
"D:\MYF\SPH\GeoDualSPHysics_v5.2\examples\u-pw\03_Cryer_Problem\strict_reproduction_plan\C5j_MLSBoundaryFlux\figures\c5j_volume_mean_vs_fv.png","c5j_volume_mean_vs_fv.png",".png","87653","2026/05/13 13:29:23"
"D:\MYF\SPH\GeoDualSPHysics_v5.2\examples\u-pw\03_Cryer_Problem\strict_reproduction_plan\C5j_MLSBoundaryFlux\figures\c5j_volume_mean_vs_fv.svg","c5j_volume_mean_vs_fv.svg",".svg","35135","2026/05/13 13:34:03"
"D:\MYF\SPH\GeoDualSPHysics_v5.2\examples\u-pw\03_Cryer_Problem\strict_reproduction_plan\C5j_MLSBoundaryFlux\scripts\analyze_c5j_mls_boundary_flux.py","analyze_c5j_mls_boundary_flux.py",".py","27180","2026/05/13 13:29:18"
"D:\MYF\SPH\GeoDualSPHysics_v5.2\examples\u-pw\03_Cryer_Problem\strict_reproduction_plan\C5j_MLSBoundaryFlux\xCaseCryer_PR_StrictSphere_C5j_MLSBoundaryFlux_win64_CPU_release.bat","xCaseCryer_PR_StrictSphere_C5j_MLSBoundaryFlux_win64_CPU_release.bat",".bat","1359","2026/05/13 13:19:27"
"D:\MYF\SPH\GeoDualSPHysics_v5.2\examples\u-pw\03_Cryer_Problem\strict_reproduction_plan\C5k_RadialShellFluxBoundary\c5k_case_summary.csv","c5k_case_summary.csv",".csv","2267","2026/05/13 13:58:45"
"D:\MYF\SPH\GeoDualSPHysics_v5.2\examples\u-pw\03_Cryer_Problem\strict_reproduction_plan\C5k_RadialShellFluxBoundary\c5k_flux_ratio_metrics.csv","c5k_flux_ratio_metrics.csv",".csv","1240","2026/05/13 13:58:45"
"D:\MYF\SPH\GeoDualSPHysics_v5.2\examples\u-pw\03_Cryer_Problem\strict_reproduction_plan\C5k_RadialShellFluxBoundary\c5k_gate_metrics.csv","c5k_gate_metrics.csv",".csv","1691","2026/05/13 13:58:45"
"D:\MYF\SPH\GeoDualSPHysics_v5.2\examples\u-pw\03_Cryer_Problem\strict_reproduction_plan\C5k_RadialShellFluxBoundary\c5k_pressure_only_comparison.csv","c5k_pressure_only_comparison.csv",".csv","3436","2026/05/13 13:58:45"
"D:\MYF\SPH\GeoDualSPHysics_v5.2\examples\u-pw\03_Cryer_Problem\strict_reproduction_plan\C5k_RadialShellFluxBoundary\c5k_radial_bin_profiles.csv","c5k_radial_bin_profiles.csv",".csv","13794","2026/05/13 13:58:45"
"D:\MYF\SPH\GeoDualSPHysics_v5.2\examples\u-pw\03_Cryer_Problem\strict_reproduction_plan\C5k_RadialShellFluxBoundary\c5k_radial_shell_flux_diagnostics.csv","c5k_radial_shell_flux_diagnostics.csv",".csv","98128","2026/05/13 13:58:45"
"D:\MYF\SPH\GeoDualSPHysics_v5.2\examples\u-pw\03_Cryer_Problem\strict_reproduction_plan\C5k_RadialShellFluxBoundary\c5k_sphere_quality_metrics.csv","c5k_sphere_quality_metrics.csv",".csv","241","2026/05/13 13:58:45"
"D:\MYF\SPH\GeoDualSPHysics_v5.2\examples\u-pw\03_Cryer_Problem\strict_reproduction_plan\C5k_RadialShellFluxBoundary\c5k_surface_shell_metrics.csv","c5k_surface_shell_metrics.csv",".csv","2049","2026/05/13 13:58:45"
"D:\MYF\SPH\GeoDualSPHysics_v5.2\examples\u-pw\03_Cryer_Problem\strict_reproduction_plan\C5k_RadialShellFluxBoundary\CaseCryer_PR_StrictSphere_C5k_CoarseDiffusionShellFlux_Def.xml","CaseCryer_PR_StrictSphere_C5k_CoarseDiffusionShellFlux_Def.xml",".xml","5459","2026/05/13 13:51:07"
"D:\MYF\SPH\GeoDualSPHysics_v5.2\examples\u-pw\03_Cryer_Problem\strict_reproduction_plan\C5k_RadialShellFluxBoundary\CaseCryer_PR_StrictSphere_C5k_FinerDiffusionShellFlux_Def.xml","CaseCryer_PR_StrictSphere_C5k_FinerDiffusionShellFlux_Def.xml",".xml","5451","2026/05/13 13:50:59"
"D:\MYF\SPH\GeoDualSPHysics_v5.2\examples\u-pw\03_Cryer_Problem\strict_reproduction_plan\C5k_RadialShellFluxBoundary\figures\c5k_center_pressure_vs_fv.png","c5k_center_pressure_vs_fv.png",".png","113806","2026/05/13 13:58:45"
"D:\MYF\SPH\GeoDualSPHysics_v5.2\examples\u-pw\03_Cryer_Problem\strict_reproduction_plan\C5k_RadialShellFluxBoundary\figures\c5k_center_pressure_vs_fv.svg","c5k_center_pressure_vs_fv.svg",".svg","38086","2026/05/13 14:03:34"
"D:\MYF\SPH\GeoDualSPHysics_v5.2\examples\u-pw\03_Cryer_Problem\strict_reproduction_plan\C5k_RadialShellFluxBoundary\figures\c5k_flux_ratio_vs_time.png","c5k_flux_ratio_vs_time.png",".png","98362","2026/05/13 13:58:46"
"D:\MYF\SPH\GeoDualSPHysics_v5.2\examples\u-pw\03_Cryer_Problem\strict_reproduction_plan\C5k_RadialShellFluxBoundary\figures\c5k_flux_ratio_vs_time.svg","c5k_flux_ratio_vs_time.svg",".svg","36573","2026/05/13 14:03:34"
"D:\MYF\SPH\GeoDualSPHysics_v5.2\examples\u-pw\03_Cryer_Problem\strict_reproduction_plan\C5k_RadialShellFluxBoundary\figures\c5k_integrated_boundary_flux_vs_storage.png","c5k_integrated_boundary_flux_vs_storage.png",".png","119475","2026/05/13 13:58:46"
"D:\MYF\SPH\GeoDualSPHysics_v5.2\examples\u-pw\03_Cryer_Problem\strict_reproduction_plan\C5k_RadialShellFluxBoundary\figures\c5k_integrated_boundary_flux_vs_storage.svg","c5k_integrated_boundary_flux_vs_storage.svg",".svg","81615","2026/05/13 14:03:34"
"D:\MYF\SPH\GeoDualSPHysics_v5.2\examples\u-pw\03_Cryer_Problem\strict_reproduction_plan\C5k_RadialShellFluxBoundary\figures\c5k_porepressrate_maxabs.png","c5k_porepressrate_maxabs.png",".png","79925","2026/05/13 13:58:46"
"D:\MYF\SPH\GeoDualSPHysics_v5.2\examples\u-pw\03_Cryer_Problem\strict_reproduction_plan\C5k_RadialShellFluxBoundary\figures\c5k_porepressrate_maxabs.svg","c5k_porepressrate_maxabs.svg",".svg","38275","2026/05/13 14:03:34"
"D:\MYF\SPH\GeoDualSPHysics_v5.2\examples\u-pw\03_Cryer_Problem\strict_reproduction_plan\C5k_RadialShellFluxBoundary\figures\c5k_radial_profiles_final.png","c5k_radial_profiles_final.png",".png","61882","2026/05/13 13:58:46"
"D:\MYF\SPH\GeoDualSPHysics_v5.2\examples\u-pw\03_Cryer_Problem\strict_reproduction_plan\C5k_RadialShellFluxBoundary\figures\c5k_radial_profiles_final.svg","c5k_radial_profiles_final.svg",".svg","32883","2026/05/13 14:03:34"
"D:\MYF\SPH\GeoDualSPHysics_v5.2\examples\u-pw\03_Cryer_Problem\strict_reproduction_plan\C5k_RadialShellFluxBoundary\figures\c5k_shell_populations.png","c5k_shell_populations.png",".png","45896","2026/05/13 13:58:47"
"D:\MYF\SPH\GeoDualSPHysics_v5.2\examples\u-pw\03_Cryer_Problem\strict_reproduction_plan\C5k_RadialShellFluxBoundary\figures\c5k_shell_populations.svg","c5k_shell_populations.svg",".svg","100323","2026/05/13 14:03:34"
"D:\MYF\SPH\GeoDualSPHysics_v5.2\examples\u-pw\03_Cryer_Problem\strict_reproduction_plan\C5k_RadialShellFluxBoundary\figures\c5k_shell_pressure_profiles.png","c5k_shell_pressure_profiles.png",".png","99641","2026/05/13 13:58:46"
"D:\MYF\SPH\GeoDualSPHysics_v5.2\examples\u-pw\03_Cryer_Problem\strict_reproduction_plan\C5k_RadialShellFluxBoundary\figures\c5k_shell_pressure_profiles.svg","c5k_shell_pressure_profiles.svg",".svg","111608","2026/05/13 14:03:34"
"D:\MYF\SPH\GeoDualSPHysics_v5.2\examples\u-pw\03_Cryer_Problem\strict_reproduction_plan\C5k_RadialShellFluxBoundary\figures\c5k_surface_shell_p95_max_vs_time.png","c5k_surface_shell_p95_max_vs_time.png",".png","108077","2026/05/13 13:58:46"
"D:\MYF\SPH\GeoDualSPHysics_v5.2\examples\u-pw\03_Cryer_Problem\strict_reproduction_plan\C5k_RadialShellFluxBoundary\figures\c5k_surface_shell_p95_max_vs_time.svg","c5k_surface_shell_p95_max_vs_time.svg",".svg","40405","2026/05/13 14:03:34"
"D:\MYF\SPH\GeoDualSPHysics_v5.2\examples\u-pw\03_Cryer_Problem\strict_reproduction_plan\C5k_RadialShellFluxBoundary\figures\c5k_surface_shell_vs_fv.png","c5k_surface_shell_vs_fv.png",".png","116929","2026/05/13 13:58:45"
"D:\MYF\SPH\GeoDualSPHysics_v5.2\examples\u-pw\03_Cryer_Problem\strict_reproduction_plan\C5k_RadialShellFluxBoundary\figures\c5k_surface_shell_vs_fv.svg","c5k_surface_shell_vs_fv.svg",".svg","36987","2026/05/13 14:03:34"
"D:\MYF\SPH\GeoDualSPHysics_v5.2\examples\u-pw\03_Cryer_Problem\strict_reproduction_plan\C5k_RadialShellFluxBoundary\figures\c5k_volume_mean_vs_fv.png","c5k_volume_mean_vs_fv.png",".png","127421","2026/05/13 13:58:45"
"D:\MYF\SPH\GeoDualSPHysics_v5.2\examples\u-pw\03_Cryer_Problem\strict_reproduction_plan\C5k_RadialShellFluxBoundary\figures\c5k_volume_mean_vs_fv.svg","c5k_volume_mean_vs_fv.svg",".svg","38859","2026/05/13 14:03:34"
"D:\MYF\SPH\GeoDualSPHysics_v5.2\examples\u-pw\03_Cryer_Problem\strict_reproduction_plan\C5k_RadialShellFluxBoundary\scripts\analyze_c5k_radial_shell_flux.py","analyze_c5k_radial_shell_flux.py",".py","30467","2026/05/13 13:55:00"
"D:\MYF\SPH\GeoDualSPHysics_v5.2\examples\u-pw\03_Cryer_Problem\strict_reproduction_plan\C5k_RadialShellFluxBoundary\xCaseCryer_PR_StrictSphere_C5k_RadialShellFluxBoundary_win64_CPU_release.bat","xCaseCryer_PR_StrictSphere_C5k_RadialShellFluxBoundary_win64_CPU_release.bat",".bat","1371","2026/05/13 13:51:16"
"D:\MYF\SPH\GeoDualSPHysics_v5.2\examples\u-pw\03_Cryer_Problem\strict_reproduction_plan\C5l_RadialOperatorAudit\analyze_radial_laplacian_operator.py","analyze_radial_laplacian_operator.py",".py","30130","2026/05/13 14:23:39"
"D:\MYF\SPH\GeoDualSPHysics_v5.2\examples\u-pw\03_Cryer_Problem\strict_reproduction_plan\C5l_RadialOperatorAudit\c5l_boundary_type_diagnosis.csv","c5l_boundary_type_diagnosis.csv",".csv","1519","2026/05/13 14:23:50"
"D:\MYF\SPH\GeoDualSPHysics_v5.2\examples\u-pw\03_Cryer_Problem\strict_reproduction_plan\C5l_RadialOperatorAudit\c5l_boundary_type_diagnosis.md","c5l_boundary_type_diagnosis.md",".md","1129","2026/05/13 14:23:50"
"D:\MYF\SPH\GeoDualSPHysics_v5.2\examples\u-pw\03_Cryer_Problem\strict_reproduction_plan\C5l_RadialOperatorAudit\c5l_inter_shell_flux.csv","c5l_inter_shell_flux.csv",".csv","28452","2026/05/13 14:23:50"
"D:\MYF\SPH\GeoDualSPHysics_v5.2\examples\u-pw\03_Cryer_Problem\strict_reproduction_plan\C5l_RadialOperatorAudit\c5l_manufactured_laplacian_by_shell.csv","c5l_manufactured_laplacian_by_shell.csv",".csv","12335","2026/05/13 14:23:50"
"D:\MYF\SPH\GeoDualSPHysics_v5.2\examples\u-pw\03_Cryer_Problem\strict_reproduction_plan\C5l_RadialOperatorAudit\c5l_manufactured_laplacian_particles_sample.csv","c5l_manufactured_laplacian_particles_sample.csv",".csv","592455","2026/05/13 14:23:49"
"D:\MYF\SPH\GeoDualSPHysics_v5.2\examples\u-pw\03_Cryer_Problem\strict_reproduction_plan\C5l_RadialOperatorAudit\c5l_manufactured_laplacian_summary.csv","c5l_manufactured_laplacian_summary.csv",".csv","3789","2026/05/13 14:23:50"
"D:\MYF\SPH\GeoDualSPHysics_v5.2\examples\u-pw\03_Cryer_Problem\strict_reproduction_plan\C5l_RadialOperatorAudit\c5l_reconstructed_cloud_metrics.csv","c5l_reconstructed_cloud_metrics.csv",".csv","625","2026/05/13 14:23:50"
"D:\MYF\SPH\GeoDualSPHysics_v5.2\examples\u-pw\03_Cryer_Problem\strict_reproduction_plan\C5l_RadialOperatorAudit\c5l_resolution_operator_error.csv","c5l_resolution_operator_error.csv",".csv","1556","2026/05/13 14:23:50"
"D:\MYF\SPH\GeoDualSPHysics_v5.2\examples\u-pw\03_Cryer_Problem\strict_reproduction_plan\C5l_RadialOperatorAudit\c5l_shell_error_by_dp.csv","c5l_shell_error_by_dp.csv",".csv","12335","2026/05/13 14:23:50"
"D:\MYF\SPH\GeoDualSPHysics_v5.2\examples\u-pw\03_Cryer_Problem\strict_reproduction_plan\C5l_RadialOperatorAudit\c5l_shell_residual_metrics.csv","c5l_shell_residual_metrics.csv",".csv","1267","2026/05/13 14:23:50"
"D:\MYF\SPH\GeoDualSPHysics_v5.2\examples\u-pw\03_Cryer_Problem\strict_reproduction_plan\C5l_RadialOperatorAudit\c5l_shell_storage_balance.csv","c5l_shell_storage_balance.csv",".csv","59757","2026/05/13 14:23:50"
"D:\MYF\SPH\GeoDualSPHysics_v5.2\examples\u-pw\03_Cryer_Problem\strict_reproduction_plan\C5l_RadialOperatorAudit\figures\c5l_boundary_pair_count_vs_operator_error.png","c5l_boundary_pair_count_vs_operator_error.png",".png","46579","2026/05/13 14:23:52"
"D:\MYF\SPH\GeoDualSPHysics_v5.2\examples\u-pw\03_Cryer_Problem\strict_reproduction_plan\C5l_RadialOperatorAudit\figures\c5l_boundary_pair_count_vs_operator_error.svg","c5l_boundary_pair_count_vs_operator_error.svg",".svg","31193","2026/05/13 14:26:20"
"D:\MYF\SPH\GeoDualSPHysics_v5.2\examples\u-pw\03_Cryer_Problem\strict_reproduction_plan\C5l_RadialOperatorAudit\figures\c5l_boundary_type_comparison.png","c5l_boundary_type_comparison.png",".png","48337","2026/05/13 14:23:52"
"D:\MYF\SPH\GeoDualSPHysics_v5.2\examples\u-pw\03_Cryer_Problem\strict_reproduction_plan\C5l_RadialOperatorAudit\figures\c5l_boundary_type_comparison.svg","c5l_boundary_type_comparison.svg",".svg","32547","2026/05/13 14:26:20"
"D:\MYF\SPH\GeoDualSPHysics_v5.2\examples\u-pw\03_Cryer_Problem\strict_reproduction_plan\C5l_RadialOperatorAudit\figures\c5l_constant_laplacian_residual_vs_radius.png","c5l_constant_laplacian_residual_vs_radius.png",".png","65521","2026/05/13 14:23:50"
"D:\MYF\SPH\GeoDualSPHysics_v5.2\examples\u-pw\03_Cryer_Problem\strict_reproduction_plan\C5l_RadialOperatorAudit\figures\c5l_constant_laplacian_residual_vs_radius.svg","c5l_constant_laplacian_residual_vs_radius.svg",".svg","267580","2026/05/13 14:26:20"
"D:\MYF\SPH\GeoDualSPHysics_v5.2\examples\u-pw\03_Cryer_Problem\strict_reproduction_plan\C5l_RadialOperatorAudit\figures\c5l_inter_shell_flux_vs_time.png","c5l_inter_shell_flux_vs_time.png",".png","92823","2026/05/13 14:23:51"
"D:\MYF\SPH\GeoDualSPHysics_v5.2\examples\u-pw\03_Cryer_Problem\strict_reproduction_plan\C5l_RadialOperatorAudit\figures\c5l_inter_shell_flux_vs_time.svg","c5l_inter_shell_flux_vs_time.svg",".svg","40420","2026/05/13 14:26:20"
"D:\MYF\SPH\GeoDualSPHysics_v5.2\examples\u-pw\03_Cryer_Problem\strict_reproduction_plan\C5l_RadialOperatorAudit\figures\c5l_operator_error_vs_dp.png","c5l_operator_error_vs_dp.png",".png","58791","2026/05/13 14:23:52"
"D:\MYF\SPH\GeoDualSPHysics_v5.2\examples\u-pw\03_Cryer_Problem\strict_reproduction_plan\C5l_RadialOperatorAudit\figures\c5l_operator_error_vs_dp.svg","c5l_operator_error_vs_dp.svg",".svg","36828","2026/05/13 14:26:20"
"D:\MYF\SPH\GeoDualSPHysics_v5.2\examples\u-pw\03_Cryer_Problem\strict_reproduction_plan\C5l_RadialOperatorAudit\figures\c5l_quadratic_laplacian_error_vs_radius.png","c5l_quadratic_laplacian_error_vs_radius.png",".png","73926","2026/05/13 14:23:51"
"D:\MYF\SPH\GeoDualSPHysics_v5.2\examples\u-pw\03_Cryer_Problem\strict_reproduction_plan\C5l_RadialOperatorAudit\figures\c5l_quadratic_laplacian_error_vs_radius.svg","c5l_quadratic_laplacian_error_vs_radius.svg",".svg","33666","2026/05/13 14:26:20"
"D:\MYF\SPH\GeoDualSPHysics_v5.2\examples\u-pw\03_Cryer_Problem\strict_reproduction_plan\C5l_RadialOperatorAudit\figures\c5l_radial_shell_schematic.png","c5l_radial_shell_schematic.png",".png","102136","2026/05/13 14:23:53"
"D:\MYF\SPH\GeoDualSPHysics_v5.2\examples\u-pw\03_Cryer_Problem\strict_reproduction_plan\C5l_RadialOperatorAudit\figures\c5l_radial_shell_schematic.svg","c5l_radial_shell_schematic.svg",".svg","24142","2026/05/13 14:26:20"
"D:\MYF\SPH\GeoDualSPHysics_v5.2\examples\u-pw\03_Cryer_Problem\strict_reproduction_plan\C5l_RadialOperatorAudit\figures\c5l_shell_pressure_profiles_vs_fv.png","c5l_shell_pressure_profiles_vs_fv.png",".png","93451","2026/05/13 14:23:51"
"D:\MYF\SPH\GeoDualSPHysics_v5.2\examples\u-pw\03_Cryer_Problem\strict_reproduction_plan\C5l_RadialOperatorAudit\figures\c5l_shell_pressure_profiles_vs_fv.svg","c5l_shell_pressure_profiles_vs_fv.svg",".svg","41078","2026/05/13 14:26:20"
"D:\MYF\SPH\GeoDualSPHysics_v5.2\examples\u-pw\03_Cryer_Problem\strict_reproduction_plan\C5l_RadialOperatorAudit\figures\c5l_shell_storage_balance_residual.png","c5l_shell_storage_balance_residual.png",".png","55793","2026/05/13 14:23:51"
"D:\MYF\SPH\GeoDualSPHysics_v5.2\examples\u-pw\03_Cryer_Problem\strict_reproduction_plan\C5l_RadialOperatorAudit\figures\c5l_shell_storage_balance_residual.svg","c5l_shell_storage_balance_residual.svg",".svg","36019","2026/05/13 14:26:20"
"D:\MYF\SPH\GeoDualSPHysics_v5.2\examples\u-pw\03_Cryer_Problem\strict_reproduction_plan\C5l_RadialOperatorAudit\figures\c5l_surface_roughness_vs_operator_error.png","c5l_surface_roughness_vs_operator_error.png",".png","45097","2026/05/13 14:23:52"
"D:\MYF\SPH\GeoDualSPHysics_v5.2\examples\u-pw\03_Cryer_Problem\strict_reproduction_plan\C5l_RadialOperatorAudit\figures\c5l_surface_roughness_vs_operator_error.svg","c5l_surface_roughness_vs_operator_error.svg",".svg","32849","2026/05/13 14:26:20"
"D:\MYF\SPH\GeoDualSPHysics_v5.2\examples\u-pw\03_Cryer_Problem\strict_reproduction_plan\C5m_ConservativeShellExchange\c5m_case_summary.csv","c5m_case_summary.csv",".csv","2861","2026/05/13 14:59:35"
"D:\MYF\SPH\GeoDualSPHysics_v5.2\examples\u-pw\03_Cryer_Problem\strict_reproduction_plan\C5m_ConservativeShellExchange\c5m_flux_ratio_metrics.csv","c5m_flux_ratio_metrics.csv",".csv","1357","2026/05/13 14:59:35"
"D:\MYF\SPH\GeoDualSPHysics_v5.2\examples\u-pw\03_Cryer_Problem\strict_reproduction_plan\C5m_ConservativeShellExchange\c5m_gate_metrics.csv","c5m_gate_metrics.csv",".csv","2040","2026/05/13 14:59:35"
"D:\MYF\SPH\GeoDualSPHysics_v5.2\examples\u-pw\03_Cryer_Problem\strict_reproduction_plan\C5m_ConservativeShellExchange\c5m_pressure_only_comparison.csv","c5m_pressure_only_comparison.csv",".csv","3562","2026/05/13 14:59:35"
"D:\MYF\SPH\GeoDualSPHysics_v5.2\examples\u-pw\03_Cryer_Problem\strict_reproduction_plan\C5m_ConservativeShellExchange\c5m_radial_bin_profiles.csv","c5m_radial_bin_profiles.csv",".csv","14660","2026/05/13 14:59:35"
"D:\MYF\SPH\GeoDualSPHysics_v5.2\examples\u-pw\03_Cryer_Problem\strict_reproduction_plan\C5m_ConservativeShellExchange\c5m_shell_bin_diagnostics.csv","c5m_shell_bin_diagnostics.csv",".csv","460129","2026/05/13 14:59:35"
"D:\MYF\SPH\GeoDualSPHysics_v5.2\examples\u-pw\03_Cryer_Problem\strict_reproduction_plan\C5m_ConservativeShellExchange\c5m_shell_exchange_diagnostics.csv","c5m_shell_exchange_diagnostics.csv",".csv","91890","2026/05/13 14:59:35"
"D:\MYF\SPH\GeoDualSPHysics_v5.2\examples\u-pw\03_Cryer_Problem\strict_reproduction_plan\C5m_ConservativeShellExchange\c5m_sphere_quality_metrics.csv","c5m_sphere_quality_metrics.csv",".csv","259","2026/05/13 14:59:35"
"D:\MYF\SPH\GeoDualSPHysics_v5.2\examples\u-pw\03_Cryer_Problem\strict_reproduction_plan\C5m_ConservativeShellExchange\c5m_surface_shell_metrics.csv","c5m_surface_shell_metrics.csv",".csv","2174","2026/05/13 14:59:35"
"D:\MYF\SPH\GeoDualSPHysics_v5.2\examples\u-pw\03_Cryer_Problem\strict_reproduction_plan\C5m_ConservativeShellExchange\CaseCryer_PR_StrictSphere_C5m_CoarseDiffusionShellExchange_Def.xml","CaseCryer_PR_StrictSphere_C5m_CoarseDiffusionShellExchange_Def.xml",".xml","5781","2026/05/13 14:54:13"
"D:\MYF\SPH\GeoDualSPHysics_v5.2\examples\u-pw\03_Cryer_Problem\strict_reproduction_plan\C5m_ConservativeShellExchange\CaseCryer_PR_StrictSphere_C5m_FinerDiffusionShellExchange_Def.xml","CaseCryer_PR_StrictSphere_C5m_FinerDiffusionShellExchange_Def.xml",".xml","5773","2026/05/13 14:54:03"
"D:\MYF\SPH\GeoDualSPHysics_v5.2\examples\u-pw\03_Cryer_Problem\strict_reproduction_plan\C5m_ConservativeShellExchange\figures\c5m_center_pressure_vs_fv.png","c5m_center_pressure_vs_fv.png",".png","156452","2026/05/13 14:59:36"
"D:\MYF\SPH\GeoDualSPHysics_v5.2\examples\u-pw\03_Cryer_Problem\strict_reproduction_plan\C5m_ConservativeShellExchange\figures\c5m_center_pressure_vs_fv.svg","c5m_center_pressure_vs_fv.svg",".svg","44136","2026/05/13 15:04:26"
"D:\MYF\SPH\GeoDualSPHysics_v5.2\examples\u-pw\03_Cryer_Problem\strict_reproduction_plan\C5m_ConservativeShellExchange\figures\c5m_conservation_residual_vs_time.png","c5m_conservation_residual_vs_time.png",".png","58366","2026/05/13 14:59:38"
"D:\MYF\SPH\GeoDualSPHysics_v5.2\examples\u-pw\03_Cryer_Problem\strict_reproduction_plan\C5m_ConservativeShellExchange\figures\c5m_conservation_residual_vs_time.svg","c5m_conservation_residual_vs_time.svg",".svg","64099","2026/05/13 15:04:26"
"D:\MYF\SPH\GeoDualSPHysics_v5.2\examples\u-pw\03_Cryer_Problem\strict_reproduction_plan\C5m_ConservativeShellExchange\figures\c5m_flux_ratio_vs_time.png","c5m_flux_ratio_vs_time.png",".png","105920","2026/05/13 14:59:36"
"D:\MYF\SPH\GeoDualSPHysics_v5.2\examples\u-pw\03_Cryer_Problem\strict_reproduction_plan\C5m_ConservativeShellExchange\figures\c5m_flux_ratio_vs_time.svg","c5m_flux_ratio_vs_time.svg",".svg","39065","2026/05/13 15:04:26"
"D:\MYF\SPH\GeoDualSPHysics_v5.2\examples\u-pw\03_Cryer_Problem\strict_reproduction_plan\C5m_ConservativeShellExchange\figures\c5m_integrated_boundary_flux_vs_storage.png","c5m_integrated_boundary_flux_vs_storage.png",".png","128948","2026/05/13 14:59:36"
"D:\MYF\SPH\GeoDualSPHysics_v5.2\examples\u-pw\03_Cryer_Problem\strict_reproduction_plan\C5m_ConservativeShellExchange\figures\c5m_integrated_boundary_flux_vs_storage.svg","c5m_integrated_boundary_flux_vs_storage.svg",".svg","84173","2026/05/13 15:04:26"
"D:\MYF\SPH\GeoDualSPHysics_v5.2\examples\u-pw\03_Cryer_Problem\strict_reproduction_plan\C5m_ConservativeShellExchange\figures\c5m_interface_flux_vs_time.png","c5m_interface_flux_vs_time.png",".png","98702","2026/05/13 14:59:38"
"D:\MYF\SPH\GeoDualSPHysics_v5.2\examples\u-pw\03_Cryer_Problem\strict_reproduction_plan\C5m_ConservativeShellExchange\figures\c5m_interface_flux_vs_time.svg","c5m_interface_flux_vs_time.svg",".svg","107946","2026/05/13 15:04:26"
"D:\MYF\SPH\GeoDualSPHysics_v5.2\examples\u-pw\03_Cryer_Problem\strict_reproduction_plan\C5m_ConservativeShellExchange\figures\c5m_negative_pressure_indicator.png","c5m_negative_pressure_indicator.png",".png","113974","2026/05/13 14:59:38"
"D:\MYF\SPH\GeoDualSPHysics_v5.2\examples\u-pw\03_Cryer_Problem\strict_reproduction_plan\C5m_ConservativeShellExchange\figures\c5m_negative_pressure_indicator.svg","c5m_negative_pressure_indicator.svg",".svg","80417","2026/05/13 15:04:26"
"D:\MYF\SPH\GeoDualSPHysics_v5.2\examples\u-pw\03_Cryer_Problem\strict_reproduction_plan\C5m_ConservativeShellExchange\figures\c5m_porepressrate_maxabs.png","c5m_porepressrate_maxabs.png",".png","99655","2026/05/13 14:59:37"
"D:\MYF\SPH\GeoDualSPHysics_v5.2\examples\u-pw\03_Cryer_Problem\strict_reproduction_plan\C5m_ConservativeShellExchange\figures\c5m_porepressrate_maxabs.svg","c5m_porepressrate_maxabs.svg",".svg","42343","2026/05/13 15:04:26"
"D:\MYF\SPH\GeoDualSPHysics_v5.2\examples\u-pw\03_Cryer_Problem\strict_reproduction_plan\C5m_ConservativeShellExchange\figures\c5m_radial_profiles_final.png","c5m_radial_profiles_final.png",".png","66623","2026/05/13 14:59:37"
"D:\MYF\SPH\GeoDualSPHysics_v5.2\examples\u-pw\03_Cryer_Problem\strict_reproduction_plan\C5m_ConservativeShellExchange\figures\c5m_radial_profiles_final.svg","c5m_radial_profiles_final.svg",".svg","34586","2026/05/13 15:04:26"
"D:\MYF\SPH\GeoDualSPHysics_v5.2\examples\u-pw\03_Cryer_Problem\strict_reproduction_plan\C5m_ConservativeShellExchange\figures\c5m_shell_populations.png","c5m_shell_populations.png",".png","52978","2026/05/13 14:59:37"
"D:\MYF\SPH\GeoDualSPHysics_v5.2\examples\u-pw\03_Cryer_Problem\strict_reproduction_plan\C5m_ConservativeShellExchange\figures\c5m_shell_populations.svg","c5m_shell_populations.svg",".svg","106493","2026/05/13 15:04:26"
"D:\MYF\SPH\GeoDualSPHysics_v5.2\examples\u-pw\03_Cryer_Problem\strict_reproduction_plan\C5m_ConservativeShellExchange\figures\c5m_shell_pressure_profiles.png","c5m_shell_pressure_profiles.png",".png","88872","2026/05/13 14:59:37"
"D:\MYF\SPH\GeoDualSPHysics_v5.2\examples\u-pw\03_Cryer_Problem\strict_reproduction_plan\C5m_ConservativeShellExchange\figures\c5m_shell_pressure_profiles.svg","c5m_shell_pressure_profiles.svg",".svg","115891","2026/05/13 15:04:26"
"D:\MYF\SPH\GeoDualSPHysics_v5.2\examples\u-pw\03_Cryer_Problem\strict_reproduction_plan\C5m_ConservativeShellExchange\figures\c5m_shell_storage_balance_residual.png","c5m_shell_storage_balance_residual.png",".png","65400","2026/05/13 14:59:38"
"D:\MYF\SPH\GeoDualSPHysics_v5.2\examples\u-pw\03_Cryer_Problem\strict_reproduction_plan\C5m_ConservativeShellExchange\figures\c5m_shell_storage_balance_residual.svg","c5m_shell_storage_balance_residual.svg",".svg","66912","2026/05/13 15:04:26"
"D:\MYF\SPH\GeoDualSPHysics_v5.2\examples\u-pw\03_Cryer_Problem\strict_reproduction_plan\C5m_ConservativeShellExchange\figures\c5m_surface_shell_p95_max_vs_time.png","c5m_surface_shell_p95_max_vs_time.png",".png","106848","2026/05/13 14:59:37"
"D:\MYF\SPH\GeoDualSPHysics_v5.2\examples\u-pw\03_Cryer_Problem\strict_reproduction_plan\C5m_ConservativeShellExchange\figures\c5m_surface_shell_p95_max_vs_time.svg","c5m_surface_shell_p95_max_vs_time.svg",".svg","43611","2026/05/13 15:04:26"
"D:\MYF\SPH\GeoDualSPHysics_v5.2\examples\u-pw\03_Cryer_Problem\strict_reproduction_plan\C5m_ConservativeShellExchange\figures\c5m_surface_shell_vs_fv.png","c5m_surface_shell_vs_fv.png",".png","146640","2026/05/13 14:59:36"
"D:\MYF\SPH\GeoDualSPHysics_v5.2\examples\u-pw\03_Cryer_Problem\strict_reproduction_plan\C5m_ConservativeShellExchange\figures\c5m_surface_shell_vs_fv.svg","c5m_surface_shell_vs_fv.svg",".svg","42459","2026/05/13 15:04:26"
"D:\MYF\SPH\GeoDualSPHysics_v5.2\examples\u-pw\03_Cryer_Problem\strict_reproduction_plan\C5m_ConservativeShellExchange\figures\c5m_total_storage_vs_integrated_flux.png","c5m_total_storage_vs_integrated_flux.png",".png","114439","2026/05/13 14:59:38"
"D:\MYF\SPH\GeoDualSPHysics_v5.2\examples\u-pw\03_Cryer_Problem\strict_reproduction_plan\C5m_ConservativeShellExchange\figures\c5m_total_storage_vs_integrated_flux.svg","c5m_total_storage_vs_integrated_flux.svg",".svg","78708","2026/05/13 15:04:26"
"D:\MYF\SPH\GeoDualSPHysics_v5.2\examples\u-pw\03_Cryer_Problem\strict_reproduction_plan\C5m_ConservativeShellExchange\figures\c5m_volume_mean_vs_fv.png","c5m_volume_mean_vs_fv.png",".png","159982","2026/05/13 14:59:36"
"D:\MYF\SPH\GeoDualSPHysics_v5.2\examples\u-pw\03_Cryer_Problem\strict_reproduction_plan\C5m_ConservativeShellExchange\figures\c5m_volume_mean_vs_fv.svg","c5m_volume_mean_vs_fv.svg",".svg","44613","2026/05/13 15:04:26"
"D:\MYF\SPH\GeoDualSPHysics_v5.2\examples\u-pw\03_Cryer_Problem\strict_reproduction_plan\C5m_ConservativeShellExchange\scripts\analyze_c5m_conservative_shell_exchange.py","analyze_c5m_conservative_shell_exchange.py",".py","38083","2026/05/13 14:59:29"
"D:\MYF\SPH\GeoDualSPHysics_v5.2\examples\u-pw\03_Cryer_Problem\strict_reproduction_plan\C5m_ConservativeShellExchange\xCaseCryer_PR_StrictSphere_C5m_ConservativeShellExchange_win64_CPU_release.bat","xCaseCryer_PR_StrictSphere_C5m_ConservativeShellExchange_win64_CPU_release.bat",".bat","1389","2026/05/13 14:54:20"
"D:\MYF\SPH\GeoDualSPHysics_v5.2\examples\u-pw\03_Cryer_Problem\strict_reproduction_plan\C5n_CorrectedLaplacian\analyze_corrected_laplacian_operator.py","analyze_corrected_laplacian_operator.py",".py","35760","2026/05/13 15:44:12"
"D:\MYF\SPH\GeoDualSPHysics_v5.2\examples\u-pw\03_Cryer_Problem\strict_reproduction_plan\C5n_CorrectedLaplacian\c5n_boundary_type_diagnosis.md","c5n_boundary_type_diagnosis.md",".md","1129","2026/05/13 15:48:21"
"D:\MYF\SPH\GeoDualSPHysics_v5.2\examples\u-pw\03_Cryer_Problem\strict_reproduction_plan\C5n_CorrectedLaplacian\c5n_case_summary.csv","c5n_case_summary.csv",".csv","913","2026/05/13 15:42:02"
"D:\MYF\SPH\GeoDualSPHysics_v5.2\examples\u-pw\03_Cryer_Problem\strict_reproduction_plan\C5n_CorrectedLaplacian\c5n_corrected_laplacian_runtime_diagnostics.csv","c5n_corrected_laplacian_runtime_diagnostics.csv",".csv","27386","2026/05/13 15:42:02"
"D:\MYF\SPH\GeoDualSPHysics_v5.2\examples\u-pw\03_Cryer_Problem\strict_reproduction_plan\C5n_CorrectedLaplacian\c5n_corrected_laplacian_static_diagnostics.csv","c5n_corrected_laplacian_static_diagnostics.csv",".csv","2645","2026/05/13 15:44:52"
"D:\MYF\SPH\GeoDualSPHysics_v5.2\examples\u-pw\03_Cryer_Problem\strict_reproduction_plan\C5n_CorrectedLaplacian\c5n_gate_metrics.csv","c5n_gate_metrics.csv",".csv","1511","2026/05/13 15:42:02"
"D:\MYF\SPH\GeoDualSPHysics_v5.2\examples\u-pw\03_Cryer_Problem\strict_reproduction_plan\C5n_CorrectedLaplacian\c5n_manufactured_laplacian_by_shell.csv","c5n_manufactured_laplacian_by_shell.csv",".csv","32503","2026/05/13 15:44:52"
"D:\MYF\SPH\GeoDualSPHysics_v5.2\examples\u-pw\03_Cryer_Problem\strict_reproduction_plan\C5n_CorrectedLaplacian\c5n_manufactured_laplacian_particles_sample.csv","c5n_manufactured_laplacian_particles_sample.csv",".csv","396306","2026/05/13 15:44:52"
"D:\MYF\SPH\GeoDualSPHysics_v5.2\examples\u-pw\03_Cryer_Problem\strict_reproduction_plan\C5n_CorrectedLaplacian\c5n_manufactured_laplacian_summary.csv","c5n_manufactured_laplacian_summary.csv",".csv","19132","2026/05/13 15:44:52"
"D:\MYF\SPH\GeoDualSPHysics_v5.2\examples\u-pw\03_Cryer_Problem\strict_reproduction_plan\C5n_CorrectedLaplacian\c5n_pressure_only_comparison.csv","c5n_pressure_only_comparison.csv",".csv","2653","2026/05/13 15:42:02"
"D:\MYF\SPH\GeoDualSPHysics_v5.2\examples\u-pw\03_Cryer_Problem\strict_reproduction_plan\C5n_CorrectedLaplacian\c5n_radial_bin_profiles.csv","c5n_radial_bin_profiles.csv",".csv","4835","2026/05/13 15:42:02"
"D:\MYF\SPH\GeoDualSPHysics_v5.2\examples\u-pw\03_Cryer_Problem\strict_reproduction_plan\C5n_CorrectedLaplacian\c5n_surface_shell_metrics.csv","c5n_surface_shell_metrics.csv",".csv","633","2026/05/13 15:42:02"
"D:\MYF\SPH\GeoDualSPHysics_v5.2\examples\u-pw\03_Cryer_Problem\strict_reproduction_plan\C5n_CorrectedLaplacian\CaseCryer_PR_StrictSphere_C5n_FinerDiffusionCorrectedLap_Def.xml","CaseCryer_PR_StrictSphere_C5n_FinerDiffusionCorrectedLap_Def.xml",".xml","5738","2026/05/13 15:34:48"
"D:\MYF\SPH\GeoDualSPHysics_v5.2\examples\u-pw\03_Cryer_Problem\strict_reproduction_plan\C5n_CorrectedLaplacian\figures\c5n_center_pressure_vs_fv.png","c5n_center_pressure_vs_fv.png",".png","84912","2026/05/13 15:44:53"
"D:\MYF\SPH\GeoDualSPHysics_v5.2\examples\u-pw\03_Cryer_Problem\strict_reproduction_plan\C5n_CorrectedLaplacian\figures\c5n_center_pressure_vs_fv.svg","c5n_center_pressure_vs_fv.svg",".svg","31769","2026/05/13 15:44:53"
"D:\MYF\SPH\GeoDualSPHysics_v5.2\examples\u-pw\03_Cryer_Problem\strict_reproduction_plan\C5n_CorrectedLaplacian\figures\c5n_condition_number_stats.png","c5n_condition_number_stats.png",".png","28802","2026/05/13 15:44:53"
"D:\MYF\SPH\GeoDualSPHysics_v5.2\examples\u-pw\03_Cryer_Problem\strict_reproduction_plan\C5n_CorrectedLaplacian\figures\c5n_condition_number_stats.svg","c5n_condition_number_stats.svg",".svg","27308","2026/05/13 15:44:53"
"D:\MYF\SPH\GeoDualSPHysics_v5.2\examples\u-pw\03_Cryer_Problem\strict_reproduction_plan\C5n_CorrectedLaplacian\figures\c5n_constant_laplacian_residual.png","c5n_constant_laplacian_residual.png",".png","60313","2026/05/13 15:44:52"
"D:\MYF\SPH\GeoDualSPHysics_v5.2\examples\u-pw\03_Cryer_Problem\strict_reproduction_plan\C5n_CorrectedLaplacian\figures\c5n_constant_laplacian_residual.svg","c5n_constant_laplacian_residual.svg",".svg","35501","2026/05/13 15:44:52"
"D:\MYF\SPH\GeoDualSPHysics_v5.2\examples\u-pw\03_Cryer_Problem\strict_reproduction_plan\C5n_CorrectedLaplacian\figures\c5n_error_metrics_by_mode.png","c5n_error_metrics_by_mode.png",".png","53604","2026/05/13 15:44:54"
"D:\MYF\SPH\GeoDualSPHysics_v5.2\examples\u-pw\03_Cryer_Problem\strict_reproduction_plan\C5n_CorrectedLaplacian\figures\c5n_error_metrics_by_mode.svg","c5n_error_metrics_by_mode.svg",".svg","33798","2026/05/13 15:44:54"
"D:\MYF\SPH\GeoDualSPHysics_v5.2\examples\u-pw\03_Cryer_Problem\strict_reproduction_plan\C5n_CorrectedLaplacian\figures\c5n_flux_ratio_vs_time.png","c5n_flux_ratio_vs_time.png",".png","43805","2026/05/13 15:44:53"
"D:\MYF\SPH\GeoDualSPHysics_v5.2\examples\u-pw\03_Cryer_Problem\strict_reproduction_plan\C5n_CorrectedLaplacian\figures\c5n_flux_ratio_vs_time.svg","c5n_flux_ratio_vs_time.svg",".svg","25302","2026/05/13 15:44:53"
"D:\MYF\SPH\GeoDualSPHysics_v5.2\examples\u-pw\03_Cryer_Problem\strict_reproduction_plan\C5n_CorrectedLaplacian\figures\c5n_linear_gap_laplacian_error.png","c5n_linear_gap_laplacian_error.png",".png","65166","2026/05/13 15:44:52"
"D:\MYF\SPH\GeoDualSPHysics_v5.2\examples\u-pw\03_Cryer_Problem\strict_reproduction_plan\C5n_CorrectedLaplacian\figures\c5n_linear_gap_laplacian_error.svg","c5n_linear_gap_laplacian_error.svg",".svg","35177","2026/05/13 15:44:52"
"D:\MYF\SPH\GeoDualSPHysics_v5.2\examples\u-pw\03_Cryer_Problem\strict_reproduction_plan\C5n_CorrectedLaplacian\figures\c5n_negative_pressure_indicator.png","c5n_negative_pressure_indicator.png",".png","45296","2026/05/13 15:44:53"
"D:\MYF\SPH\GeoDualSPHysics_v5.2\examples\u-pw\03_Cryer_Problem\strict_reproduction_plan\C5n_CorrectedLaplacian\figures\c5n_negative_pressure_indicator.svg","c5n_negative_pressure_indicator.svg",".svg","26082","2026/05/13 15:44:53"
"D:\MYF\SPH\GeoDualSPHysics_v5.2\examples\u-pw\03_Cryer_Problem\strict_reproduction_plan\C5n_CorrectedLaplacian\figures\c5n_porepressrate_maxabs.png","c5n_porepressrate_maxabs.png",".png","45911","2026/05/13 15:44:53"
"D:\MYF\SPH\GeoDualSPHysics_v5.2\examples\u-pw\03_Cryer_Problem\strict_reproduction_plan\C5n_CorrectedLaplacian\figures\c5n_porepressrate_maxabs.svg","c5n_porepressrate_maxabs.svg",".svg","26094","2026/05/13 15:44:53"
"D:\MYF\SPH\GeoDualSPHysics_v5.2\examples\u-pw\03_Cryer_Problem\strict_reproduction_plan\C5n_CorrectedLaplacian\figures\c5n_quadratic_laplacian_error.png","c5n_quadratic_laplacian_error.png",".png","62849","2026/05/13 15:44:52"
"D:\MYF\SPH\GeoDualSPHysics_v5.2\examples\u-pw\03_Cryer_Problem\strict_reproduction_plan\C5n_CorrectedLaplacian\figures\c5n_quadratic_laplacian_error.svg","c5n_quadratic_laplacian_error.svg",".svg","35577","2026/05/13 15:44:52"
"D:\MYF\SPH\GeoDualSPHysics_v5.2\examples\u-pw\03_Cryer_Problem\strict_reproduction_plan\C5n_CorrectedLaplacian\figures\c5n_radial_pressure_profiles.png","c5n_radial_pressure_profiles.png",".png","53675","2026/05/13 15:44:54"
"D:\MYF\SPH\GeoDualSPHysics_v5.2\examples\u-pw\03_Cryer_Problem\strict_reproduction_plan\C5n_CorrectedLaplacian\figures\c5n_radial_pressure_profiles.svg","c5n_radial_pressure_profiles.svg",".svg","29232","2026/05/13 15:44:54"
"D:\MYF\SPH\GeoDualSPHysics_v5.2\examples\u-pw\03_Cryer_Problem\strict_reproduction_plan\C5n_CorrectedLaplacian\figures\c5n_surface_shell_vs_fv.png","c5n_surface_shell_vs_fv.png",".png","57910","2026/05/13 15:44:53"
"D:\MYF\SPH\GeoDualSPHysics_v5.2\examples\u-pw\03_Cryer_Problem\strict_reproduction_plan\C5n_CorrectedLaplacian\figures\c5n_surface_shell_vs_fv.svg","c5n_surface_shell_vs_fv.svg",".svg","29410","2026/05/13 15:44:53"
"D:\MYF\SPH\GeoDualSPHysics_v5.2\examples\u-pw\03_Cryer_Problem\strict_reproduction_plan\C5n_CorrectedLaplacian\figures\c5n_volume_mean_vs_fv.png","c5n_volume_mean_vs_fv.png",".png","57546","2026/05/13 15:44:53"
"D:\MYF\SPH\GeoDualSPHysics_v5.2\examples\u-pw\03_Cryer_Problem\strict_reproduction_plan\C5n_CorrectedLaplacian\figures\c5n_volume_mean_vs_fv.svg","c5n_volume_mean_vs_fv.svg",".svg","28781","2026/05/13 15:44:53"
"D:\MYF\SPH\GeoDualSPHysics_v5.2\examples\u-pw\03_Cryer_Problem\strict_reproduction_plan\C5n_CorrectedLaplacian\xCaseCryer_PR_StrictSphere_C5n_CorrectedLaplacian_win64_CPU_release.bat","xCaseCryer_PR_StrictSphere_C5n_CorrectedLaplacian_win64_CPU_release.bat",".bat","1338","2026/05/13 15:35:04"
"D:\MYF\SPH\GeoDualSPHysics_v5.2\examples\u-pw\03_Cryer_Problem\strict_reproduction_plan\C5o_CorrectedLaplacianStabilization\analyze_corrected_laplacian_stabilization.py","analyze_corrected_laplacian_stabilization.py",".py","50259","2026/05/13 16:23:11"
"D:\MYF\SPH\GeoDualSPHysics_v5.2\examples\u-pw\03_Cryer_Problem\strict_reproduction_plan\C5o_CorrectedLaplacianStabilization\C5o_B025_Def.xml","C5o_B025_Def.xml",".xml","6130","2026/05/13 16:28:18"
"D:\MYF\SPH\GeoDualSPHysics_v5.2\examples\u-pw\03_Cryer_Problem\strict_reproduction_plan\C5o_CorrectedLaplacianStabilization\C5o_B050_Def.xml","C5o_B050_Def.xml",".xml","6130","2026/05/13 16:28:18"
"D:\MYF\SPH\GeoDualSPHysics_v5.2\examples\u-pw\03_Cryer_Problem\strict_reproduction_plan\C5o_CorrectedLaplacianStabilization\C5o_B050Pos_Def.xml","C5o_B050Pos_Def.xml",".xml","6133","2026/05/13 16:28:18"
"D:\MYF\SPH\GeoDualSPHysics_v5.2\examples\u-pw\03_Cryer_Problem\strict_reproduction_plan\C5o_CorrectedLaplacianStabilization\c5o_boundary_type_diagnosis.md","c5o_boundary_type_diagnosis.md",".md","860","2026/05/13 16:24:27"
"D:\MYF\SPH\GeoDualSPHysics_v5.2\examples\u-pw\03_Cryer_Problem\strict_reproduction_plan\C5o_CorrectedLaplacianStabilization\c5o_case_summary.csv","c5o_case_summary.csv",".csv","5433","2026/05/13 16:24:26"
"D:\MYF\SPH\GeoDualSPHysics_v5.2\examples\u-pw\03_Cryer_Problem\strict_reproduction_plan\C5o_CorrectedLaplacianStabilization\c5o_corrected_laplacian_static_diagnostics.csv","c5o_corrected_laplacian_static_diagnostics.csv",".csv","2645","2026/05/13 16:24:24"
"D:\MYF\SPH\GeoDualSPHysics_v5.2\examples\u-pw\03_Cryer_Problem\strict_reproduction_plan\C5o_CorrectedLaplacianStabilization\c5o_flux_ratio_metrics.csv","c5o_flux_ratio_metrics.csv",".csv","3260","2026/05/13 16:24:26"
"D:\MYF\SPH\GeoDualSPHysics_v5.2\examples\u-pw\03_Cryer_Problem\strict_reproduction_plan\C5o_CorrectedLaplacianStabilization\c5o_limiter_activation_stats.csv","c5o_limiter_activation_stats.csv",".csv","148698","2026/05/13 16:24:26"
"D:\MYF\SPH\GeoDualSPHysics_v5.2\examples\u-pw\03_Cryer_Problem\strict_reproduction_plan\C5o_CorrectedLaplacianStabilization\c5o_manufactured_laplacian_by_shell.csv","c5o_manufactured_laplacian_by_shell.csv",".csv","64371","2026/05/13 16:24:24"
"D:\MYF\SPH\GeoDualSPHysics_v5.2\examples\u-pw\03_Cryer_Problem\strict_reproduction_plan\C5o_CorrectedLaplacianStabilization\c5o_manufactured_laplacian_particles_sample.csv","c5o_manufactured_laplacian_particles_sample.csv",".csv","396306","2026/05/13 16:24:24"
"D:\MYF\SPH\GeoDualSPHysics_v5.2\examples\u-pw\03_Cryer_Problem\strict_reproduction_plan\C5o_CorrectedLaplacianStabilization\c5o_manufactured_limiter_metrics.csv","c5o_manufactured_limiter_metrics.csv",".csv","38290","2026/05/13 16:24:24"
"D:\MYF\SPH\GeoDualSPHysics_v5.2\examples\u-pw\03_Cryer_Problem\strict_reproduction_plan\C5o_CorrectedLaplacianStabilization\c5o_negative_pressure_metrics.csv","c5o_negative_pressure_metrics.csv",".csv","1702","2026/05/13 16:24:26"
"D:\MYF\SPH\GeoDualSPHysics_v5.2\examples\u-pw\03_Cryer_Problem\strict_reproduction_plan\C5o_CorrectedLaplacianStabilization\c5o_porepressrate_artifact_metrics.csv","c5o_porepressrate_artifact_metrics.csv",".csv","1524","2026/05/13 16:24:26"
"D:\MYF\SPH\GeoDualSPHysics_v5.2\examples\u-pw\03_Cryer_Problem\strict_reproduction_plan\C5o_CorrectedLaplacianStabilization\C5o_Pos_Def.xml","C5o_Pos_Def.xml",".xml","6128","2026/05/13 16:28:18"
"D:\MYF\SPH\GeoDualSPHysics_v5.2\examples\u-pw\03_Cryer_Problem\strict_reproduction_plan\C5o_CorrectedLaplacianStabilization\c5o_pressure_only_limiter_metrics.csv","c5o_pressure_only_limiter_metrics.csv",".csv","10606","2026/05/13 16:24:26"
"D:\MYF\SPH\GeoDualSPHysics_v5.2\examples\u-pw\03_Cryer_Problem\strict_reproduction_plan\C5o_CorrectedLaplacianStabilization\c5o_radial_bin_profiles.csv","c5o_radial_bin_profiles.csv",".csv","17480","2026/05/13 16:24:26"
"D:\MYF\SPH\GeoDualSPHysics_v5.2\examples\u-pw\03_Cryer_Problem\strict_reproduction_plan\C5o_CorrectedLaplacianStabilization\c5o_surface_shell_metrics.csv","c5o_surface_shell_metrics.csv",".csv","2093","2026/05/13 16:24:26"
"D:\MYF\SPH\GeoDualSPHysics_v5.2\examples\u-pw\03_Cryer_Problem\strict_reproduction_plan\C5o_CorrectedLaplacianStabilization\figures\c5o_center_pressure_vs_fv.png","c5o_center_pressure_vs_fv.png",".png","85424","2026/05/13 16:24:26"
"D:\MYF\SPH\GeoDualSPHysics_v5.2\examples\u-pw\03_Cryer_Problem\strict_reproduction_plan\C5o_CorrectedLaplacianStabilization\figures\c5o_center_pressure_vs_fv.svg","c5o_center_pressure_vs_fv.svg",".svg","40324","2026/05/13 16:28:18"
"D:\MYF\SPH\GeoDualSPHysics_v5.2\examples\u-pw\03_Cryer_Problem\strict_reproduction_plan\C5o_CorrectedLaplacianStabilization\figures\c5o_condition_number_stats.png","c5o_condition_number_stats.png",".png","28802","2026/05/13 16:24:25"
"D:\MYF\SPH\GeoDualSPHysics_v5.2\examples\u-pw\03_Cryer_Problem\strict_reproduction_plan\C5o_CorrectedLaplacianStabilization\figures\c5o_condition_number_stats.svg","c5o_condition_number_stats.svg",".svg","26685","2026/05/13 16:28:18"
"D:\MYF\SPH\GeoDualSPHysics_v5.2\examples\u-pw\03_Cryer_Problem\strict_reproduction_plan\C5o_CorrectedLaplacianStabilization\figures\c5o_constant_laplacian_residual.png","c5o_constant_laplacian_residual.png",".png","73594","2026/05/13 16:24:24"
"D:\MYF\SPH\GeoDualSPHysics_v5.2\examples\u-pw\03_Cryer_Problem\strict_reproduction_plan\C5o_CorrectedLaplacianStabilization\figures\c5o_constant_laplacian_residual.svg","c5o_constant_laplacian_residual.svg",".svg","40143","2026/05/13 16:28:18"
"D:\MYF\SPH\GeoDualSPHysics_v5.2\examples\u-pw\03_Cryer_Problem\strict_reproduction_plan\C5o_CorrectedLaplacianStabilization\figures\c5o_flux_ratio_vs_time.png","c5o_flux_ratio_vs_time.png",".png","82208","2026/05/13 16:24:27"
"D:\MYF\SPH\GeoDualSPHysics_v5.2\examples\u-pw\03_Cryer_Problem\strict_reproduction_plan\C5o_CorrectedLaplacianStabilization\figures\c5o_flux_ratio_vs_time.svg","c5o_flux_ratio_vs_time.svg",".svg","37096","2026/05/13 16:28:18"
"D:\MYF\SPH\GeoDualSPHysics_v5.2\examples\u-pw\03_Cryer_Problem\strict_reproduction_plan\C5o_CorrectedLaplacianStabilization\figures\c5o_limiter_activation_stats.png","c5o_limiter_activation_stats.png",".png","56701","2026/05/13 16:24:27"
"D:\MYF\SPH\GeoDualSPHysics_v5.2\examples\u-pw\03_Cryer_Problem\strict_reproduction_plan\C5o_CorrectedLaplacianStabilization\figures\c5o_limiter_activation_stats.svg","c5o_limiter_activation_stats.svg",".svg","28058","2026/05/13 16:28:18"
"D:\MYF\SPH\GeoDualSPHysics_v5.2\examples\u-pw\03_Cryer_Problem\strict_reproduction_plan\C5o_CorrectedLaplacianStabilization\figures\c5o_limiter_error_metrics.png","c5o_limiter_error_metrics.png",".png","45607","2026/05/13 16:24:27"
"D:\MYF\SPH\GeoDualSPHysics_v5.2\examples\u-pw\03_Cryer_Problem\strict_reproduction_plan\C5o_CorrectedLaplacianStabilization\figures\c5o_limiter_error_metrics.svg","c5o_limiter_error_metrics.svg",".svg","30793","2026/05/13 16:28:18"
"D:\MYF\SPH\GeoDualSPHysics_v5.2\examples\u-pw\03_Cryer_Problem\strict_reproduction_plan\C5o_CorrectedLaplacianStabilization\figures\c5o_linear_gap_laplacian_error.png","c5o_linear_gap_laplacian_error.png",".png","91778","2026/05/13 16:24:25"
"D:\MYF\SPH\GeoDualSPHysics_v5.2\examples\u-pw\03_Cryer_Problem\strict_reproduction_plan\C5o_CorrectedLaplacianStabilization\figures\c5o_linear_gap_laplacian_error.svg","c5o_linear_gap_laplacian_error.svg",".svg","40353","2026/05/13 16:28:18"
"D:\MYF\SPH\GeoDualSPHysics_v5.2\examples\u-pw\03_Cryer_Problem\strict_reproduction_plan\C5o_CorrectedLaplacianStabilization\figures\c5o_negative_pressure_indicator.png","c5o_negative_pressure_indicator.png",".png","69689","2026/05/13 16:24:26"
"D:\MYF\SPH\GeoDualSPHysics_v5.2\examples\u-pw\03_Cryer_Problem\strict_reproduction_plan\C5o_CorrectedLaplacianStabilization\figures\c5o_negative_pressure_indicator.svg","c5o_negative_pressure_indicator.svg",".svg","37641","2026/05/13 16:28:18"
"D:\MYF\SPH\GeoDualSPHysics_v5.2\examples\u-pw\03_Cryer_Problem\strict_reproduction_plan\C5o_CorrectedLaplacianStabilization\figures\c5o_porepressrate_maxabs.png","c5o_porepressrate_maxabs.png",".png","83795","2026/05/13 16:24:26"
"D:\MYF\SPH\GeoDualSPHysics_v5.2\examples\u-pw\03_Cryer_Problem\strict_reproduction_plan\C5o_CorrectedLaplacianStabilization\figures\c5o_porepressrate_maxabs.svg","c5o_porepressrate_maxabs.svg",".svg","38770","2026/05/13 16:28:18"
"D:\MYF\SPH\GeoDualSPHysics_v5.2\examples\u-pw\03_Cryer_Problem\strict_reproduction_plan\C5o_CorrectedLaplacianStabilization\figures\c5o_quadratic_laplacian_error.png","c5o_quadratic_laplacian_error.png",".png","81414","2026/05/13 16:24:24"
"D:\MYF\SPH\GeoDualSPHysics_v5.2\examples\u-pw\03_Cryer_Problem\strict_reproduction_plan\C5o_CorrectedLaplacianStabilization\figures\c5o_quadratic_laplacian_error.svg","c5o_quadratic_laplacian_error.svg",".svg","40162","2026/05/13 16:28:18"
"D:\MYF\SPH\GeoDualSPHysics_v5.2\examples\u-pw\03_Cryer_Problem\strict_reproduction_plan\C5o_CorrectedLaplacianStabilization\figures\c5o_surface_shell_vs_fv.png","c5o_surface_shell_vs_fv.png",".png","100312","2026/05/13 16:24:26"
"D:\MYF\SPH\GeoDualSPHysics_v5.2\examples\u-pw\03_Cryer_Problem\strict_reproduction_plan\C5o_CorrectedLaplacianStabilization\figures\c5o_surface_shell_vs_fv.svg","c5o_surface_shell_vs_fv.svg",".svg","40280","2026/05/13 16:28:18"
"D:\MYF\SPH\GeoDualSPHysics_v5.2\examples\u-pw\03_Cryer_Problem\strict_reproduction_plan\C5o_CorrectedLaplacianStabilization\figures\c5o_volume_mean_vs_fv.png","c5o_volume_mean_vs_fv.png",".png","95557","2026/05/13 16:24:26"
"D:\MYF\SPH\GeoDualSPHysics_v5.2\examples\u-pw\03_Cryer_Problem\strict_reproduction_plan\C5o_CorrectedLaplacianStabilization\figures\c5o_volume_mean_vs_fv.svg","c5o_volume_mean_vs_fv.svg",".svg","40178","2026/05/13 16:28:18"
"D:\MYF\SPH\GeoDualSPHysics_v5.2\examples\u-pw\03_Cryer_Problem\strict_reproduction_plan\C5o_CorrectedLaplacianStabilization\xCaseCryer_PR_StrictSphere_C5o_CorrectedLaplacianStabilization_win64_CPU_release.bat","xCaseCryer_PR_StrictSphere_C5o_CorrectedLaplacianStabilization_win64_CPU_release.bat",".bat","1369","2026/05/13 16:09:37"
"D:\MYF\SPH\GeoDualSPHysics_v5.2\examples\u-pw\03_Cryer_Problem\strict_reproduction_plan\CaseCryer_PR_StrictSphere_Draft_Def.xml","CaseCryer_PR_StrictSphere_Draft_Def.xml",".xml","7299","2026/05/12 19:58:50"
"D:\MYF\SPH\GeoDualSPHysics_v5.2\examples\u-pw\03_Cryer_Problem\strict_reproduction_plan\cryer_reference_convergence.csv","cryer_reference_convergence.csv",".csv","634","2026/05/12 15:34:21"
"D:\MYF\SPH\GeoDualSPHysics_v5.2\examples\u-pw\03_Cryer_Problem\strict_reproduction_plan\cryer_reference_curves.csv","cryer_reference_curves.csv",".csv","205857","2026/05/12 15:34:21"
"D:\MYF\SPH\GeoDualSPHysics_v5.2\examples\u-pw\03_Cryer_Problem\strict_reproduction_plan\cryer_reference_peak_metrics.csv","cryer_reference_peak_metrics.csv",".csv","550","2026/05/12 15:34:21"
"D:\MYF\SPH\GeoDualSPHysics_v5.2\examples\u-pw\03_Cryer_Problem\strict_reproduction_plan\cryer_reference_roots.csv","cryer_reference_roots.csv",".csv","75029","2026/05/12 15:34:21"
"D:\MYF\SPH\GeoDualSPHysics_v5.2\examples\u-pw\03_Cryer_Problem\strict_reproduction_plan\cryer_reference_selfcheck.json","cryer_reference_selfcheck.json",".json","2062","2026/05/12 15:34:21"
"D:\MYF\SPH\GeoDualSPHysics_v5.2\examples\u-pw\03_Cryer_Problem\strict_reproduction_plan\cryer_reference_solution.py","cryer_reference_solution.py",".py","15237","2026/05/12 15:34:11"
"D:\MYF\SPH\GeoDualSPHysics_v5.2\examples\u-pw\03_Cryer_Problem\strict_reproduction_plan\drained_curved_boundary_C4C\c4c_compression_drainage_metrics.csv","c4c_compression_drainage_metrics.csv",".csv","2492","2026/05/12 19:30:56"
"D:\MYF\SPH\GeoDualSPHysics_v5.2\examples\u-pw\03_Cryer_Problem\strict_reproduction_plan\drained_curved_boundary_C4C\c4c_confining_stress_diagnostics.csv","c4c_confining_stress_diagnostics.csv",".csv","514","2026/05/12 19:30:56"
"D:\MYF\SPH\GeoDualSPHysics_v5.2\examples\u-pw\03_Cryer_Problem\strict_reproduction_plan\drained_curved_boundary_C4C\c4c_drained_boundary_case_summary.csv","c4c_drained_boundary_case_summary.csv",".csv","646","2026/05/12 19:30:56"
"D:\MYF\SPH\GeoDualSPHysics_v5.2\examples\u-pw\03_Cryer_Problem\strict_reproduction_plan\drained_curved_boundary_C4C\c4c_drained_boundary_residual_metrics.csv","c4c_drained_boundary_residual_metrics.csv",".csv","348","2026/05/12 19:30:56"
"D:\MYF\SPH\GeoDualSPHysics_v5.2\examples\u-pw\03_Cryer_Problem\strict_reproduction_plan\drained_curved_boundary_C4C\c4c_pressure_diffusion_metrics.csv","c4c_pressure_diffusion_metrics.csv",".csv","2667","2026/05/12 19:30:56"
"D:\MYF\SPH\GeoDualSPHysics_v5.2\examples\u-pw\03_Cryer_Problem\strict_reproduction_plan\drained_curved_boundary_C4C\CaseC4C_CurvedDrained_Compression_Def.xml","CaseC4C_CurvedDrained_Compression_Def.xml",".xml","4211","2026/05/12 19:14:44"
"D:\MYF\SPH\GeoDualSPHysics_v5.2\examples\u-pw\03_Cryer_Problem\strict_reproduction_plan\drained_curved_boundary_C4C\CaseC4C_CurvedDrained_Diffusion_Def.xml","CaseC4C_CurvedDrained_Diffusion_Def.xml",".xml","3966","2026/05/12 19:14:44"
"D:\MYF\SPH\GeoDualSPHysics_v5.2\examples\u-pw\03_Cryer_Problem\strict_reproduction_plan\drained_curved_boundary_C4C\CaseC4C_CurvedDrained_Zero_Def.xml","CaseC4C_CurvedDrained_Zero_Def.xml",".xml","3823","2026/05/12 19:30:24"
"D:\MYF\SPH\GeoDualSPHysics_v5.2\examples\u-pw\03_Cryer_Problem\strict_reproduction_plan\drained_curved_boundary_C4C\figures\c4c_boundary_excess_residual_proxy.png","c4c_boundary_excess_residual_proxy.png",".png","53965","2026/05/12 19:30:57"
"D:\MYF\SPH\GeoDualSPHysics_v5.2\examples\u-pw\03_Cryer_Problem\strict_reproduction_plan\drained_curved_boundary_C4C\figures\c4c_boundary_excess_residual_proxy.svg","c4c_boundary_excess_residual_proxy.svg",".svg","37890","2026/05/12 19:37:57"
"D:\MYF\SPH\GeoDualSPHysics_v5.2\examples\u-pw\03_Cryer_Problem\strict_reproduction_plan\drained_curved_boundary_C4C\figures\c4c_center_excess_pressure.png","c4c_center_excess_pressure.png",".png","52407","2026/05/12 19:30:57"
"D:\MYF\SPH\GeoDualSPHysics_v5.2\examples\u-pw\03_Cryer_Problem\strict_reproduction_plan\drained_curved_boundary_C4C\figures\c4c_center_excess_pressure.svg","c4c_center_excess_pressure.svg",".svg","34751","2026/05/12 19:37:57"
"D:\MYF\SPH\GeoDualSPHysics_v5.2\examples\u-pw\03_Cryer_Problem\strict_reproduction_plan\drained_curved_boundary_C4C\figures\c4c_excess_pressure_maxabs.png","c4c_excess_pressure_maxabs.png",".png","51288","2026/05/12 19:30:58"
"D:\MYF\SPH\GeoDualSPHysics_v5.2\examples\u-pw\03_Cryer_Problem\strict_reproduction_plan\drained_curved_boundary_C4C\figures\c4c_excess_pressure_maxabs.svg","c4c_excess_pressure_maxabs.svg",".svg","35390","2026/05/12 19:37:57"
"D:\MYF\SPH\GeoDualSPHysics_v5.2\examples\u-pw\03_Cryer_Problem\strict_reproduction_plan\drained_curved_boundary_C4C\figures\c4c_kplastic_maxabs.png","c4c_kplastic_maxabs.png",".png","37141","2026/05/12 19:30:59"
"D:\MYF\SPH\GeoDualSPHysics_v5.2\examples\u-pw\03_Cryer_Problem\strict_reproduction_plan\drained_curved_boundary_C4C\figures\c4c_kplastic_maxabs.svg","c4c_kplastic_maxabs.svg",".svg","32162","2026/05/12 19:37:57"
"D:\MYF\SPH\GeoDualSPHysics_v5.2\examples\u-pw\03_Cryer_Problem\strict_reproduction_plan\drained_curved_boundary_C4C\figures\c4c_lapporepress_maxabs.png","c4c_lapporepress_maxabs.png",".png","49386","2026/05/12 19:30:58"
"D:\MYF\SPH\GeoDualSPHysics_v5.2\examples\u-pw\03_Cryer_Problem\strict_reproduction_plan\drained_curved_boundary_C4C\figures\c4c_lapporepress_maxabs.svg","c4c_lapporepress_maxabs.svg",".svg","33724","2026/05/12 19:37:57"
"D:\MYF\SPH\GeoDualSPHysics_v5.2\examples\u-pw\03_Cryer_Problem\strict_reproduction_plan\drained_curved_boundary_C4C\figures\c4c_mean_excess_pressure.png","c4c_mean_excess_pressure.png",".png","49732","2026/05/12 19:30:57"
"D:\MYF\SPH\GeoDualSPHysics_v5.2\examples\u-pw\03_Cryer_Problem\strict_reproduction_plan\drained_curved_boundary_C4C\figures\c4c_mean_excess_pressure.svg","c4c_mean_excess_pressure.svg",".svg","33793","2026/05/12 19:37:57"
"D:\MYF\SPH\GeoDualSPHysics_v5.2\examples\u-pw\03_Cryer_Problem\strict_reproduction_plan\drained_curved_boundary_C4C\figures\c4c_operator_boundary_residual.png","c4c_operator_boundary_residual.png",".png","43441","2026/05/12 19:30:59"
"D:\MYF\SPH\GeoDualSPHysics_v5.2\examples\u-pw\03_Cryer_Problem\strict_reproduction_plan\drained_curved_boundary_C4C\figures\c4c_operator_boundary_residual.svg","c4c_operator_boundary_residual.svg",".svg","32161","2026/05/12 19:37:57"
"D:\MYF\SPH\GeoDualSPHysics_v5.2\examples\u-pw\03_Cryer_Problem\strict_reproduction_plan\drained_curved_boundary_C4C\figures\c4c_porepress_rate_maxabs.png","c4c_porepress_rate_maxabs.png",".png","52251","2026/05/12 19:30:58"
"D:\MYF\SPH\GeoDualSPHysics_v5.2\examples\u-pw\03_Cryer_Problem\strict_reproduction_plan\drained_curved_boundary_C4C\figures\c4c_porepress_rate_maxabs.svg","c4c_porepress_rate_maxabs.svg",".svg","35542","2026/05/12 19:37:57"
"D:\MYF\SPH\GeoDualSPHysics_v5.2\examples\u-pw\03_Cryer_Problem\strict_reproduction_plan\drained_curved_boundary_C4C\figures\c4c_radial_excess_pressure_profiles.png","c4c_radial_excess_pressure_profiles.png",".png","147499","2026/05/12 19:31:01"
"D:\MYF\SPH\GeoDualSPHysics_v5.2\examples\u-pw\03_Cryer_Problem\strict_reproduction_plan\drained_curved_boundary_C4C\figures\c4c_radial_excess_pressure_profiles.svg","c4c_radial_excess_pressure_profiles.svg",".svg","82582","2026/05/12 19:37:57"
"D:\MYF\SPH\GeoDualSPHysics_v5.2\examples\u-pw\03_Cryer_Problem\strict_reproduction_plan\drained_curved_boundary_C4C\figures\c4c_radial_lapporepress_profiles.png","c4c_radial_lapporepress_profiles.png",".png","136519","2026/05/12 19:31:02"
"D:\MYF\SPH\GeoDualSPHysics_v5.2\examples\u-pw\03_Cryer_Problem\strict_reproduction_plan\drained_curved_boundary_C4C\figures\c4c_radial_lapporepress_profiles.svg","c4c_radial_lapporepress_profiles.svg",".svg","84564","2026/05/12 19:37:57"
"D:\MYF\SPH\GeoDualSPHysics_v5.2\examples\u-pw\03_Cryer_Problem\strict_reproduction_plan\drained_curved_boundary_C4C\figures\c4c_radial_porepressrate_profiles.png","c4c_radial_porepressrate_profiles.png",".png","123526","2026/05/12 19:31:01"
"D:\MYF\SPH\GeoDualSPHysics_v5.2\examples\u-pw\03_Cryer_Problem\strict_reproduction_plan\drained_curved_boundary_C4C\figures\c4c_radial_porepressrate_profiles.svg","c4c_radial_porepressrate_profiles.svg",".svg","79717","2026/05/12 19:37:57"
"D:\MYF\SPH\GeoDualSPHysics_v5.2\examples\u-pw\03_Cryer_Problem\strict_reproduction_plan\drained_curved_boundary_C4C\figures\c4c_surface_radial_velocity.png","c4c_surface_radial_velocity.png",".png","63162","2026/05/12 19:30:59"
"D:\MYF\SPH\GeoDualSPHysics_v5.2\examples\u-pw\03_Cryer_Problem\strict_reproduction_plan\drained_curved_boundary_C4C\figures\c4c_surface_radial_velocity.svg","c4c_surface_radial_velocity.svg",".svg","37441","2026/05/12 19:37:57"
"D:\MYF\SPH\GeoDualSPHysics_v5.2\examples\u-pw\03_Cryer_Problem\strict_reproduction_plan\drained_curved_boundary_C4C\figures\c4c_velocity_max.png","c4c_velocity_max.png",".png","50349","2026/05/12 19:30:59"
"D:\MYF\SPH\GeoDualSPHysics_v5.2\examples\u-pw\03_Cryer_Problem\strict_reproduction_plan\drained_curved_boundary_C4C\figures\c4c_velocity_max.svg","c4c_velocity_max.svg",".svg","34370","2026/05/12 19:37:57"
"D:\MYF\SPH\GeoDualSPHysics_v5.2\examples\u-pw\03_Cryer_Problem\strict_reproduction_plan\drained_curved_boundary_C4C\README.md","README.md",".md","1427","2026/05/12 19:35:45"
"D:\MYF\SPH\GeoDualSPHysics_v5.2\examples\u-pw\03_Cryer_Problem\strict_reproduction_plan\drained_curved_boundary_C4C\scripts\analyze_c4c_drained_curved_boundary.py","analyze_c4c_drained_curved_boundary.py",".py","17699","2026/05/12 19:25:12"
"D:\MYF\SPH\GeoDualSPHysics_v5.2\examples\u-pw\03_Cryer_Problem\strict_reproduction_plan\drained_curved_boundary_C4C\scripts\plot_c4c_radial_profiles.py","plot_c4c_radial_profiles.py",".py","4693","2026/05/12 19:28:22"
"D:\MYF\SPH\GeoDualSPHysics_v5.2\examples\u-pw\03_Cryer_Problem\strict_reproduction_plan\drained_curved_boundary_C4C\xRun_C4C_DrainedCurved_CPU_release.bat","xRun_C4C_DrainedCurved_CPU_release.bat",".bat","1526","2026/05/12 19:28:32"
"D:\MYF\SPH\GeoDualSPHysics_v5.2\examples\u-pw\03_Cryer_Problem\strict_reproduction_plan\fig7b_digitization_README.md","fig7b_digitization_README.md",".md","604","2026/05/12 15:33:01"
"D:\MYF\SPH\GeoDualSPHysics_v5.2\examples\u-pw\03_Cryer_Problem\strict_reproduction_plan\figures\cryer_reference_center_pressure_curves.pdf","cryer_reference_center_pressure_curves.pdf",".pdf","18326","2026/05/12 15:34:22"
"D:\MYF\SPH\GeoDualSPHysics_v5.2\examples\u-pw\03_Cryer_Problem\strict_reproduction_plan\figures\cryer_reference_center_pressure_curves.png","cryer_reference_center_pressure_curves.png",".png","52004","2026/05/12 15:34:22"
"D:\MYF\SPH\GeoDualSPHysics_v5.2\examples\u-pw\03_Cryer_Problem\strict_reproduction_plan\figures\cryer_reference_center_pressure_curves.svg","cryer_reference_center_pressure_curves.svg",".svg","64313","2026/05/12 15:34:22"
"D:\MYF\SPH\GeoDualSPHysics_v5.2\examples\u-pw\03_Cryer_Problem\strict_reproduction_plan\figures\cryer_reference_long_time_decay.pdf","cryer_reference_long_time_decay.pdf",".pdf","17861","2026/05/12 15:34:25"
"D:\MYF\SPH\GeoDualSPHysics_v5.2\examples\u-pw\03_Cryer_Problem\strict_reproduction_plan\figures\cryer_reference_long_time_decay.png","cryer_reference_long_time_decay.png",".png","44015","2026/05/12 15:34:25"
"D:\MYF\SPH\GeoDualSPHysics_v5.2\examples\u-pw\03_Cryer_Problem\strict_reproduction_plan\figures\cryer_reference_long_time_decay.svg","cryer_reference_long_time_decay.svg",".svg","62699","2026/05/12 15:34:24"
"D:\MYF\SPH\GeoDualSPHysics_v5.2\examples\u-pw\03_Cryer_Problem\strict_reproduction_plan\figures\cryer_reference_peak_vs_nu.pdf","cryer_reference_peak_vs_nu.pdf",".pdf","12508","2026/05/12 15:34:23"
"D:\MYF\SPH\GeoDualSPHysics_v5.2\examples\u-pw\03_Cryer_Problem\strict_reproduction_plan\figures\cryer_reference_peak_vs_nu.png","cryer_reference_peak_vs_nu.png",".png","31450","2026/05/12 15:34:23"
"D:\MYF\SPH\GeoDualSPHysics_v5.2\examples\u-pw\03_Cryer_Problem\strict_reproduction_plan\figures\cryer_reference_peak_vs_nu.svg","cryer_reference_peak_vs_nu.svg",".svg","34490","2026/05/12 15:34:23"
"D:\MYF\SPH\GeoDualSPHysics_v5.2\examples\u-pw\03_Cryer_Problem\strict_reproduction_plan\figures\cryer_reference_root_convergence.pdf","cryer_reference_root_convergence.pdf",".pdf","15745","2026/05/12 15:34:23"
"D:\MYF\SPH\GeoDualSPHysics_v5.2\examples\u-pw\03_Cryer_Problem\strict_reproduction_plan\figures\cryer_reference_root_convergence.png","cryer_reference_root_convergence.png",".png","36094","2026/05/12 15:34:23"
"D:\MYF\SPH\GeoDualSPHysics_v5.2\examples\u-pw\03_Cryer_Problem\strict_reproduction_plan\figures\cryer_reference_root_convergence.svg","cryer_reference_root_convergence.svg",".svg","56623","2026/05/12 15:34:22"
"D:\MYF\SPH\GeoDualSPHysics_v5.2\examples\u-pw\03_Cryer_Problem\strict_reproduction_plan\flexible_confining_stress_C4B3\c4b3_confining_force_diagnostics.csv","c4b3_confining_force_diagnostics.csv",".csv","1097","2026/05/12 18:24:57"
"D:\MYF\SPH\GeoDualSPHysics_v5.2\examples\u-pw\03_Cryer_Problem\strict_reproduction_plan\flexible_confining_stress_C4B3\c4b3_flexible_confining_stress_summary.csv","c4b3_flexible_confining_stress_summary.csv",".csv","632","2026/05/12 18:24:57"
"D:\MYF\SPH\GeoDualSPHysics_v5.2\examples\u-pw\03_Cryer_Problem\strict_reproduction_plan\flexible_confining_stress_C4B3\c4b3_sign_smoke_metrics.csv","c4b3_sign_smoke_metrics.csv",".csv","1258","2026/05/12 18:24:57"
"D:\MYF\SPH\GeoDualSPHysics_v5.2\examples\u-pw\03_Cryer_Problem\strict_reproduction_plan\flexible_confining_stress_C4B3\CaseFlexConf_C4B3_NoLoad_Def.xml","CaseFlexConf_C4B3_NoLoad_Def.xml",".xml","2810","2026/05/12 18:17:07"
"D:\MYF\SPH\GeoDualSPHysics_v5.2\examples\u-pw\03_Cryer_Problem\strict_reproduction_plan\flexible_confining_stress_C4B3\CaseFlexConf_C4B3_Ramp_Def.xml","CaseFlexConf_C4B3_Ramp_Def.xml",".xml","3130","2026/05/12 18:17:07"
"D:\MYF\SPH\GeoDualSPHysics_v5.2\examples\u-pw\03_Cryer_Problem\strict_reproduction_plan\flexible_confining_stress_C4B3\CaseFlexConf_C4B3_Sign_Def.xml","CaseFlexConf_C4B3_Sign_Def.xml",".xml","3133","2026/05/12 18:17:07"
"D:\MYF\SPH\GeoDualSPHysics_v5.2\examples\u-pw\03_Cryer_Problem\strict_reproduction_plan\flexible_confining_stress_C4B3\figures\c4b3_surface_radial_velocity.png","c4b3_surface_radial_velocity.png",".png","69861","2026/05/12 18:24:59"
"D:\MYF\SPH\GeoDualSPHysics_v5.2\examples\u-pw\03_Cryer_Problem\strict_reproduction_plan\flexible_confining_stress_C4B3\figures\c4b3_surface_radial_velocity.svg","c4b3_surface_radial_velocity.svg",".svg","35533","2026/05/12 18:33:00"
"D:\MYF\SPH\GeoDualSPHysics_v5.2\examples\u-pw\03_Cryer_Problem\strict_reproduction_plan\flexible_confining_stress_C4B3\figures\c4b3_velocity_max.png","c4b3_velocity_max.png",".png","62102","2026/05/12 18:24:59"
"D:\MYF\SPH\GeoDualSPHysics_v5.2\examples\u-pw\03_Cryer_Problem\strict_reproduction_plan\flexible_confining_stress_C4B3\figures\c4b3_velocity_max.svg","c4b3_velocity_max.svg",".svg","32941","2026/05/12 18:33:00"
"D:\MYF\SPH\GeoDualSPHysics_v5.2\examples\u-pw\03_Cryer_Problem\strict_reproduction_plan\flexible_confining_stress_C4B3\figures\ramp_net_force.png","ramp_net_force.png",".png","81378","2026/05/12 18:24:58"
"D:\MYF\SPH\GeoDualSPHysics_v5.2\examples\u-pw\03_Cryer_Problem\strict_reproduction_plan\flexible_confining_stress_C4B3\figures\ramp_net_force.svg","ramp_net_force.svg",".svg","32890","2026/05/12 18:33:00"
"D:\MYF\SPH\GeoDualSPHysics_v5.2\examples\u-pw\03_Cryer_Problem\strict_reproduction_plan\flexible_confining_stress_C4B3\figures\ramp_p0_ramp.png","ramp_p0_ramp.png",".png","46501","2026/05/12 18:24:58"
"D:\MYF\SPH\GeoDualSPHysics_v5.2\examples\u-pw\03_Cryer_Problem\strict_reproduction_plan\flexible_confining_stress_C4B3\figures\ramp_p0_ramp.svg","ramp_p0_ramp.svg",".svg","27623","2026/05/12 18:33:00"
"D:\MYF\SPH\GeoDualSPHysics_v5.2\examples\u-pw\03_Cryer_Problem\strict_reproduction_plan\flexible_confining_stress_C4B3\figures\sign_net_force.png","sign_net_force.png",".png","69713","2026/05/12 18:24:59"
"D:\MYF\SPH\GeoDualSPHysics_v5.2\examples\u-pw\03_Cryer_Problem\strict_reproduction_plan\flexible_confining_stress_C4B3\figures\sign_net_force.svg","sign_net_force.svg",".svg","32014","2026/05/12 18:33:00"
"D:\MYF\SPH\GeoDualSPHysics_v5.2\examples\u-pw\03_Cryer_Problem\strict_reproduction_plan\flexible_confining_stress_C4B3\figures\sign_p0_ramp.png","sign_p0_ramp.png",".png","27202","2026/05/12 18:24:59"
"D:\MYF\SPH\GeoDualSPHysics_v5.2\examples\u-pw\03_Cryer_Problem\strict_reproduction_plan\flexible_confining_stress_C4B3\figures\sign_p0_ramp.svg","sign_p0_ramp.svg",".svg","27872","2026/05/12 18:33:00"
"D:\MYF\SPH\GeoDualSPHysics_v5.2\examples\u-pw\03_Cryer_Problem\strict_reproduction_plan\flexible_confining_stress_C4B3\README.md","README.md",".md","694","2026/05/12 18:33:00"
"D:\MYF\SPH\GeoDualSPHysics_v5.2\examples\u-pw\03_Cryer_Problem\strict_reproduction_plan\flexible_confining_stress_C4B3\scripts\analyze_c4b3_flexible_confining.py","analyze_c4b3_flexible_confining.py",".py","13324","2026/05/12 18:24:47"
"D:\MYF\SPH\GeoDualSPHysics_v5.2\examples\u-pw\03_Cryer_Problem\strict_reproduction_plan\flexible_confining_stress_C4B3\xRun_C4B3_FlexibleConfiningStress_CPU_release.bat","xRun_C4B3_FlexibleConfiningStress_CPU_release.bat",".bat","1314","2026/05/12 18:13:31"
"D:\MYF\SPH\GeoDualSPHysics_v5.2\examples\u-pw\03_Cryer_Problem\strict_reproduction_plan\flexible_confining_stress_C4B4_FreeSphere\c4b4_free_sphere_case_summary.csv","c4b4_free_sphere_case_summary.csv",".csv","694","2026/05/12 18:55:28"
"D:\MYF\SPH\GeoDualSPHysics_v5.2\examples\u-pw\03_Cryer_Problem\strict_reproduction_plan\flexible_confining_stress_C4B4_FreeSphere\c4b4_free_sphere_force_diagnostics.csv","c4b4_free_sphere_force_diagnostics.csv",".csv","774","2026/05/12 18:55:28"
"D:\MYF\SPH\GeoDualSPHysics_v5.2\examples\u-pw\03_Cryer_Problem\strict_reproduction_plan\flexible_confining_stress_C4B4_FreeSphere\c4b4_free_sphere_porepressure_metrics.csv","c4b4_free_sphere_porepressure_metrics.csv",".csv","1652","2026/05/12 18:55:28"
"D:\MYF\SPH\GeoDualSPHysics_v5.2\examples\u-pw\03_Cryer_Problem\strict_reproduction_plan\flexible_confining_stress_C4B4_FreeSphere\c4b4_free_sphere_radial_metrics.csv","c4b4_free_sphere_radial_metrics.csv",".csv","1841","2026/05/12 18:55:28"
"D:\MYF\SPH\GeoDualSPHysics_v5.2\examples\u-pw\03_Cryer_Problem\strict_reproduction_plan\flexible_confining_stress_C4B4_FreeSphere\CaseFlexConf_C4B4_FreeSphere_NoLoad_Def.xml","CaseFlexConf_C4B4_FreeSphere_NoLoad_Def.xml",".xml","3744","2026/05/12 18:48:02"
"D:\MYF\SPH\GeoDualSPHysics_v5.2\examples\u-pw\03_Cryer_Problem\strict_reproduction_plan\flexible_confining_stress_C4B4_FreeSphere\CaseFlexConf_C4B4_FreeSphere_Ramp_Def.xml","CaseFlexConf_C4B4_FreeSphere_Ramp_Def.xml",".xml","4109","2026/05/12 18:48:02"
"D:\MYF\SPH\GeoDualSPHysics_v5.2\examples\u-pw\03_Cryer_Problem\strict_reproduction_plan\flexible_confining_stress_C4B4_FreeSphere\CaseFlexConf_C4B4_FreeSphere_StrongerOptional_Def.xml","CaseFlexConf_C4B4_FreeSphere_StrongerOptional_Def.xml",".xml","3774","2026/05/12 18:48:02"
"D:\MYF\SPH\GeoDualSPHysics_v5.2\examples\u-pw\03_Cryer_Problem\strict_reproduction_plan\flexible_confining_stress_C4B4_FreeSphere\figures\c4b4_center_excess_pore_pressure.png","c4b4_center_excess_pore_pressure.png",".png","52205","2026/05/12 18:55:31"
"D:\MYF\SPH\GeoDualSPHysics_v5.2\examples\u-pw\03_Cryer_Problem\strict_reproduction_plan\flexible_confining_stress_C4B4_FreeSphere\figures\c4b4_center_excess_pore_pressure.svg","c4b4_center_excess_pore_pressure.svg",".svg","31276","2026/05/12 19:01:26"
"D:\MYF\SPH\GeoDualSPHysics_v5.2\examples\u-pw\03_Cryer_Problem\strict_reproduction_plan\flexible_confining_stress_C4B4_FreeSphere\figures\c4b4_com_acceleration.png","c4b4_com_acceleration.png",".png","48409","2026/05/12 18:55:30"
"D:\MYF\SPH\GeoDualSPHysics_v5.2\examples\u-pw\03_Cryer_Problem\strict_reproduction_plan\flexible_confining_stress_C4B4_FreeSphere\figures\c4b4_com_acceleration.svg","c4b4_com_acceleration.svg",".svg","27524","2026/05/12 19:01:26"
"D:\MYF\SPH\GeoDualSPHysics_v5.2\examples\u-pw\03_Cryer_Problem\strict_reproduction_plan\flexible_confining_stress_C4B4_FreeSphere\figures\c4b4_mean_excess_pore_pressure.png","c4b4_mean_excess_pore_pressure.png",".png","54429","2026/05/12 18:55:31"
"D:\MYF\SPH\GeoDualSPHysics_v5.2\examples\u-pw\03_Cryer_Problem\strict_reproduction_plan\flexible_confining_stress_C4B4_FreeSphere\figures\c4b4_mean_excess_pore_pressure.svg","c4b4_mean_excess_pore_pressure.svg",".svg","32362","2026/05/12 19:01:26"
"D:\MYF\SPH\GeoDualSPHysics_v5.2\examples\u-pw\03_Cryer_Problem\strict_reproduction_plan\flexible_confining_stress_C4B4_FreeSphere\figures\c4b4_p0_eff_ramp.png","c4b4_p0_eff_ramp.png",".png","27225","2026/05/12 18:55:29"
"D:\MYF\SPH\GeoDualSPHysics_v5.2\examples\u-pw\03_Cryer_Problem\strict_reproduction_plan\flexible_confining_stress_C4B4_FreeSphere\figures\c4b4_p0_eff_ramp.svg","c4b4_p0_eff_ramp.svg",".svg","25396","2026/05/12 19:01:26"
"D:\MYF\SPH\GeoDualSPHysics_v5.2\examples\u-pw\03_Cryer_Problem\strict_reproduction_plan\flexible_confining_stress_C4B4_FreeSphere\figures\c4b4_surface_radial_displacement.png","c4b4_surface_radial_displacement.png",".png","53554","2026/05/12 18:55:30"
"D:\MYF\SPH\GeoDualSPHysics_v5.2\examples\u-pw\03_Cryer_Problem\strict_reproduction_plan\flexible_confining_stress_C4B4_FreeSphere\figures\c4b4_surface_radial_displacement.svg","c4b4_surface_radial_displacement.svg",".svg","33539","2026/05/12 19:01:26"
"D:\MYF\SPH\GeoDualSPHysics_v5.2\examples\u-pw\03_Cryer_Problem\strict_reproduction_plan\flexible_confining_stress_C4B4_FreeSphere\figures\c4b4_surface_radial_velocity.png","c4b4_surface_radial_velocity.png",".png","58904","2026/05/12 18:55:30"
"D:\MYF\SPH\GeoDualSPHysics_v5.2\examples\u-pw\03_Cryer_Problem\strict_reproduction_plan\flexible_confining_stress_C4B4_FreeSphere\figures\c4b4_surface_radial_velocity.svg","c4b4_surface_radial_velocity.svg",".svg","34518","2026/05/12 19:01:26"
"D:\MYF\SPH\GeoDualSPHysics_v5.2\examples\u-pw\03_Cryer_Problem\strict_reproduction_plan\flexible_confining_stress_C4B4_FreeSphere\figures\c4b4_surface_vs_interior_radial_velocity.png","c4b4_surface_vs_interior_radial_velocity.png",".png","69724","2026/05/12 18:55:31"
"D:\MYF\SPH\GeoDualSPHysics_v5.2\examples\u-pw\03_Cryer_Problem\strict_reproduction_plan\flexible_confining_stress_C4B4_FreeSphere\figures\c4b4_surface_vs_interior_radial_velocity.svg","c4b4_surface_vs_interior_radial_velocity.svg",".svg","35702","2026/05/12 19:01:26"
"D:\MYF\SPH\GeoDualSPHysics_v5.2\examples\u-pw\03_Cryer_Problem\strict_reproduction_plan\flexible_confining_stress_C4B4_FreeSphere\figures\c4b4_symmetry_residual.png","c4b4_symmetry_residual.png",".png","45825","2026/05/12 18:55:30"
"D:\MYF\SPH\GeoDualSPHysics_v5.2\examples\u-pw\03_Cryer_Problem\strict_reproduction_plan\flexible_confining_stress_C4B4_FreeSphere\figures\c4b4_symmetry_residual.svg","c4b4_symmetry_residual.svg",".svg","26932","2026/05/12 19:01:26"
"D:\MYF\SPH\GeoDualSPHysics_v5.2\examples\u-pw\03_Cryer_Problem\strict_reproduction_plan\flexible_confining_stress_C4B4_FreeSphere\figures\c4b4_velocity_max.png","c4b4_velocity_max.png",".png","54478","2026/05/12 18:55:29"
"D:\MYF\SPH\GeoDualSPHysics_v5.2\examples\u-pw\03_Cryer_Problem\strict_reproduction_plan\flexible_confining_stress_C4B4_FreeSphere\figures\c4b4_velocity_max.svg","c4b4_velocity_max.svg",".svg","32643","2026/05/12 19:01:26"
"D:\MYF\SPH\GeoDualSPHysics_v5.2\examples\u-pw\03_Cryer_Problem\strict_reproduction_plan\flexible_confining_stress_C4B4_FreeSphere\README.md","README.md",".md","1204","2026/05/12 18:59:42"
"D:\MYF\SPH\GeoDualSPHysics_v5.2\examples\u-pw\03_Cryer_Problem\strict_reproduction_plan\flexible_confining_stress_C4B4_FreeSphere\scripts\analyze_c4b4_free_sphere.py","analyze_c4b4_free_sphere.py",".py","20059","2026/05/12 18:55:19"
"D:\MYF\SPH\GeoDualSPHysics_v5.2\examples\u-pw\03_Cryer_Problem\strict_reproduction_plan\flexible_confining_stress_C4B4_FreeSphere\xRun_C4B4_FreeSphere_CPU_release.bat","xRun_C4B4_FreeSphere_CPU_release.bat",".bat","1366","2026/05/12 18:45:32"
"D:\MYF\SPH\GeoDualSPHysics_v5.2\examples\u-pw\03_Cryer_Problem\strict_reproduction_plan\hydraulic_no_elevation_C4D\c4d_compression_drainage_metrics.csv","c4d_compression_drainage_metrics.csv",".csv","2587","2026/05/12 20:01:58"
"D:\MYF\SPH\GeoDualSPHysics_v5.2\examples\u-pw\03_Cryer_Problem\strict_reproduction_plan\hydraulic_no_elevation_C4D\c4d_confining_stress_diagnostics.csv","c4d_confining_stress_diagnostics.csv",".csv","566","2026/05/12 20:01:58"
"D:\MYF\SPH\GeoDualSPHysics_v5.2\examples\u-pw\03_Cryer_Problem\strict_reproduction_plan\hydraulic_no_elevation_C4D\c4d_drained_boundary_residual_metrics.csv","c4d_drained_boundary_residual_metrics.csv",".csv","388","2026/05/12 20:01:58"
"D:\MYF\SPH\GeoDualSPHysics_v5.2\examples\u-pw\03_Cryer_Problem\strict_reproduction_plan\hydraulic_no_elevation_C4D\c4d_hydraulic_no_elevation_case_summary.csv","c4d_hydraulic_no_elevation_case_summary.csv",".csv","686","2026/05/12 20:01:58"
"D:\MYF\SPH\GeoDualSPHysics_v5.2\examples\u-pw\03_Cryer_Problem\strict_reproduction_plan\hydraulic_no_elevation_C4D\c4d_hydraulic_scaling_metrics.csv","c4d_hydraulic_scaling_metrics.csv",".csv","2905","2026/05/12 20:01:58"
"D:\MYF\SPH\GeoDualSPHysics_v5.2\examples\u-pw\03_Cryer_Problem\strict_reproduction_plan\hydraulic_no_elevation_C4D\c4d_lapz_contribution_check.csv","c4d_lapz_contribution_check.csv",".csv","4994","2026/05/12 20:01:58"
"D:\MYF\SPH\GeoDualSPHysics_v5.2\examples\u-pw\03_Cryer_Problem\strict_reproduction_plan\hydraulic_no_elevation_C4D\CaseC4D_NoElevation_Compression_Def.xml","CaseC4D_NoElevation_Compression_Def.xml",".xml","4384","2026/05/12 19:56:15"
"D:\MYF\SPH\GeoDualSPHysics_v5.2\examples\u-pw\03_Cryer_Problem\strict_reproduction_plan\hydraulic_no_elevation_C4D\CaseC4D_NoElevation_Diffusion_Def.xml","CaseC4D_NoElevation_Diffusion_Def.xml",".xml","4142","2026/05/12 19:56:15"
"D:\MYF\SPH\GeoDualSPHysics_v5.2\examples\u-pw\03_Cryer_Problem\strict_reproduction_plan\hydraulic_no_elevation_C4D\CaseC4D_SourceOn_Regression_Def.xml","CaseC4D_SourceOn_Regression_Def.xml",".xml","3939","2026/05/12 19:56:15"
"D:\MYF\SPH\GeoDualSPHysics_v5.2\examples\u-pw\03_Cryer_Problem\strict_reproduction_plan\hydraulic_no_elevation_C4D\figures\c4d_boundary_excess_residual_proxy.png","c4d_boundary_excess_residual_proxy.png",".png","59334","2026/05/12 20:01:59"
"D:\MYF\SPH\GeoDualSPHysics_v5.2\examples\u-pw\03_Cryer_Problem\strict_reproduction_plan\hydraulic_no_elevation_C4D\figures\c4d_boundary_excess_residual_proxy.svg","c4d_boundary_excess_residual_proxy.svg",".svg","38675","2026/05/12 20:08:07"
"D:\MYF\SPH\GeoDualSPHysics_v5.2\examples\u-pw\03_Cryer_Problem\strict_reproduction_plan\hydraulic_no_elevation_C4D\figures\c4d_center_excess_pressure.png","c4d_center_excess_pressure.png",".png","59882","2026/05/12 20:01:59"
"D:\MYF\SPH\GeoDualSPHysics_v5.2\examples\u-pw\03_Cryer_Problem\strict_reproduction_plan\hydraulic_no_elevation_C4D\figures\c4d_center_excess_pressure.svg","c4d_center_excess_pressure.svg",".svg","38133","2026/05/12 20:08:07"
"D:\MYF\SPH\GeoDualSPHysics_v5.2\examples\u-pw\03_Cryer_Problem\strict_reproduction_plan\hydraulic_no_elevation_C4D\figures\c4d_excess_pressure_maxabs.png","c4d_excess_pressure_maxabs.png",".png","55753","2026/05/12 20:02:00"
"D:\MYF\SPH\GeoDualSPHysics_v5.2\examples\u-pw\03_Cryer_Problem\strict_reproduction_plan\hydraulic_no_elevation_C4D\figures\c4d_excess_pressure_maxabs.svg","c4d_excess_pressure_maxabs.svg",".svg","37480","2026/05/12 20:08:07"
"D:\MYF\SPH\GeoDualSPHysics_v5.2\examples\u-pw\03_Cryer_Problem\strict_reproduction_plan\hydraulic_no_elevation_C4D\figures\c4d_kplastic_maxabs.png","c4d_kplastic_maxabs.png",".png","44771","2026/05/12 20:02:01"
"D:\MYF\SPH\GeoDualSPHysics_v5.2\examples\u-pw\03_Cryer_Problem\strict_reproduction_plan\hydraulic_no_elevation_C4D\figures\c4d_kplastic_maxabs.svg","c4d_kplastic_maxabs.svg",".svg","35392","2026/05/12 20:08:07"
"D:\MYF\SPH\GeoDualSPHysics_v5.2\examples\u-pw\03_Cryer_Problem\strict_reproduction_plan\hydraulic_no_elevation_C4D\figures\c4d_lapporepress_maxabs.png","c4d_lapporepress_maxabs.png",".png","55237","2026/05/12 20:02:00"
"D:\MYF\SPH\GeoDualSPHysics_v5.2\examples\u-pw\03_Cryer_Problem\strict_reproduction_plan\hydraulic_no_elevation_C4D\figures\c4d_lapporepress_maxabs.svg","c4d_lapporepress_maxabs.svg",".svg","36961","2026/05/12 20:08:07"
"D:\MYF\SPH\GeoDualSPHysics_v5.2\examples\u-pw\03_Cryer_Problem\strict_reproduction_plan\hydraulic_no_elevation_C4D\figures\c4d_lapz_maxabs.png","c4d_lapz_maxabs.png",".png","57029","2026/05/12 20:02:00"
"D:\MYF\SPH\GeoDualSPHysics_v5.2\examples\u-pw\03_Cryer_Problem\strict_reproduction_plan\hydraulic_no_elevation_C4D\figures\c4d_lapz_maxabs.svg","c4d_lapz_maxabs.svg",".svg","38239","2026/05/12 20:08:07"
"D:\MYF\SPH\GeoDualSPHysics_v5.2\examples\u-pw\03_Cryer_Problem\strict_reproduction_plan\hydraulic_no_elevation_C4D\figures\c4d_mean_excess_pressure.png","c4d_mean_excess_pressure.png",".png","56334","2026/05/12 20:01:59"
"D:\MYF\SPH\GeoDualSPHysics_v5.2\examples\u-pw\03_Cryer_Problem\strict_reproduction_plan\hydraulic_no_elevation_C4D\figures\c4d_mean_excess_pressure.svg","c4d_mean_excess_pressure.svg",".svg","37182","2026/05/12 20:08:07"
"D:\MYF\SPH\GeoDualSPHysics_v5.2\examples\u-pw\03_Cryer_Problem\strict_reproduction_plan\hydraulic_no_elevation_C4D\figures\c4d_operator_boundary_residual.png","c4d_operator_boundary_residual.png",".png","51080","2026/05/12 20:02:02"
"D:\MYF\SPH\GeoDualSPHysics_v5.2\examples\u-pw\03_Cryer_Problem\strict_reproduction_plan\hydraulic_no_elevation_C4D\figures\c4d_operator_boundary_residual.svg","c4d_operator_boundary_residual.svg",".svg","35144","2026/05/12 20:08:07"
"D:\MYF\SPH\GeoDualSPHysics_v5.2\examples\u-pw\03_Cryer_Problem\strict_reproduction_plan\hydraulic_no_elevation_C4D\figures\c4d_porepress_rate_maxabs.png","c4d_porepress_rate_maxabs.png",".png","59029","2026/05/12 20:02:00"
"D:\MYF\SPH\GeoDualSPHysics_v5.2\examples\u-pw\03_Cryer_Problem\strict_reproduction_plan\hydraulic_no_elevation_C4D\figures\c4d_porepress_rate_maxabs.svg","c4d_porepress_rate_maxabs.svg",".svg","38896","2026/05/12 20:08:07"
"D:\MYF\SPH\GeoDualSPHysics_v5.2\examples\u-pw\03_Cryer_Problem\strict_reproduction_plan\hydraulic_no_elevation_C4D\figures\c4d_radial_excess_pressure_profiles.png","c4d_radial_excess_pressure_profiles.png",".png","135785","2026/05/12 20:02:03"
"D:\MYF\SPH\GeoDualSPHysics_v5.2\examples\u-pw\03_Cryer_Problem\strict_reproduction_plan\hydraulic_no_elevation_C4D\figures\c4d_radial_excess_pressure_profiles.svg","c4d_radial_excess_pressure_profiles.svg",".svg","83555","2026/05/12 20:08:07"
"D:\MYF\SPH\GeoDualSPHysics_v5.2\examples\u-pw\03_Cryer_Problem\strict_reproduction_plan\hydraulic_no_elevation_C4D\figures\c4d_radial_lapporepress_profiles.png","c4d_radial_lapporepress_profiles.png",".png","140466","2026/05/12 20:02:04"
"D:\MYF\SPH\GeoDualSPHysics_v5.2\examples\u-pw\03_Cryer_Problem\strict_reproduction_plan\hydraulic_no_elevation_C4D\figures\c4d_radial_lapporepress_profiles.svg","c4d_radial_lapporepress_profiles.svg",".svg","88939","2026/05/12 20:08:07"
"D:\MYF\SPH\GeoDualSPHysics_v5.2\examples\u-pw\03_Cryer_Problem\strict_reproduction_plan\hydraulic_no_elevation_C4D\figures\c4d_radial_porepressrate_profiles.png","c4d_radial_porepressrate_profiles.png",".png","126013","2026/05/12 20:02:04"
"D:\MYF\SPH\GeoDualSPHysics_v5.2\examples\u-pw\03_Cryer_Problem\strict_reproduction_plan\hydraulic_no_elevation_C4D\figures\c4d_radial_porepressrate_profiles.svg","c4d_radial_porepressrate_profiles.svg",".svg","83091","2026/05/12 20:08:07"
"D:\MYF\SPH\GeoDualSPHysics_v5.2\examples\u-pw\03_Cryer_Problem\strict_reproduction_plan\hydraulic_no_elevation_C4D\figures\c4d_surface_radial_velocity.png","c4d_surface_radial_velocity.png",".png","70238","2026/05/12 20:02:01"
"D:\MYF\SPH\GeoDualSPHysics_v5.2\examples\u-pw\03_Cryer_Problem\strict_reproduction_plan\hydraulic_no_elevation_C4D\figures\c4d_surface_radial_velocity.svg","c4d_surface_radial_velocity.svg",".svg","40509","2026/05/12 20:08:07"
"D:\MYF\SPH\GeoDualSPHysics_v5.2\examples\u-pw\03_Cryer_Problem\strict_reproduction_plan\hydraulic_no_elevation_C4D\figures\c4d_velocity_max.png","c4d_velocity_max.png",".png","57942","2026/05/12 20:02:01"
"D:\MYF\SPH\GeoDualSPHysics_v5.2\examples\u-pw\03_Cryer_Problem\strict_reproduction_plan\hydraulic_no_elevation_C4D\figures\c4d_velocity_max.svg","c4d_velocity_max.svg",".svg","37462","2026/05/12 20:08:07"
"D:\MYF\SPH\GeoDualSPHysics_v5.2\examples\u-pw\03_Cryer_Problem\strict_reproduction_plan\hydraulic_no_elevation_C4D\README.md","README.md",".md","896","2026/05/12 19:58:20"
"D:\MYF\SPH\GeoDualSPHysics_v5.2\examples\u-pw\03_Cryer_Problem\strict_reproduction_plan\hydraulic_no_elevation_C4D\scripts\analyze_c4d_hydraulic_no_elevation.py","analyze_c4d_hydraulic_no_elevation.py",".py","18311","2026/05/12 20:01:49"
"D:\MYF\SPH\GeoDualSPHysics_v5.2\examples\u-pw\03_Cryer_Problem\strict_reproduction_plan\hydraulic_no_elevation_C4D\scripts\plot_c4d_hydraulic_no_elevation.py","plot_c4d_hydraulic_no_elevation.py",".py","4745","2026/05/12 19:57:41"
"D:\MYF\SPH\GeoDualSPHysics_v5.2\examples\u-pw\03_Cryer_Problem\strict_reproduction_plan\hydraulic_no_elevation_C4D\xRun_C4D_HydraulicNoElevation_CPU_release.bat","xRun_C4D_HydraulicNoElevation_CPU_release.bat",".bat","1513","2026/05/12 19:58:20"
"D:\MYF\SPH\GeoDualSPHysics_v5.2\examples\u-pw\03_Cryer_Problem\strict_reproduction_plan\README.md","README.md",".md","2187","2026/05/12 16:48:57"
"D:\MYF\SPH\GeoDualSPHysics_v5.2\examples\u-pw\03_Cryer_Problem\strict_reproduction_plan\strict_geometry_notes.md","strict_geometry_notes.md",".md","579","2026/05/12 15:25:25"
"D:\MYF\SPH\GeoDualSPHysics_v5.2\examples\u-pw\03_Cryer_Problem\strict_reproduction_plan\strict_loading_boundary_notes.md","strict_loading_boundary_notes.md",".md","1855","2026/05/12 16:51:36"
"D:\MYF\SPH\GeoDualSPHysics_v5.2\examples\u-pw\03_Cryer_Problem\strict_reproduction_plan\strict_reference_notes.md","strict_reference_notes.md",".md","637","2026/05/12 15:25:25"
"D:\MYF\SPH\GeoDualSPHysics_v5.2\examples\u-pw\03_Cryer_Problem\xCaseCryer_PR_Baseline_win64_CPU_release.bat","xCaseCryer_PR_Baseline_win64_CPU_release.bat",".bat","1467","2026/05/12 14:58:39"
"D:\MYF\SPH\GeoDualSPHysics_v5.2\examples\u-pw\03_Cryer_Problem\xCaseCryer_PR_Baseline_win64_GPU_release.bat","xCaseCryer_PR_Baseline_win64_GPU_release.bat",".bat","1468","2026/05/12 14:58:39"
"D:\MYF\SPH\GeoDualSPHysics_v5.2\examples\u-pw\03_Cryer_Problem\xCaseCryer_PR_Smoke_win64_CPU_debug.bat","xCaseCryer_PR_Smoke_win64_CPU_debug.bat",".bat","520","2026/05/10 23:30:21"
"D:\MYF\SPH\GeoDualSPHysics_v5.2\examples\u-pw\04_Undrained_Triaxial\analyze_triaxial_smoke.py","analyze_triaxial_smoke.py",".py","3748","2026/05/11 2:00:09"
"D:\MYF\SPH\GeoDualSPHysics_v5.2\examples\u-pw\04_Undrained_Triaxial\CaseUndrainedTriaxial_PR_Smoke_Def.xml","CaseUndrainedTriaxial_PR_Smoke_Def.xml",".xml","11259","2026/05/10 23:33:57"
"D:\MYF\SPH\GeoDualSPHysics_v5.2\examples\u-pw\04_Undrained_Triaxial\CaseUndrainedTriaxial_PR_TODO_Def.xml","CaseUndrainedTriaxial_PR_TODO_Def.xml",".xml","853","2026/05/10 16:56:43"
"D:\MYF\SPH\GeoDualSPHysics_v5.2\examples\u-pw\04_Undrained_Triaxial\experiments\M2_MCCSinglePoint\README.md","README.md",".md","743","2026/05/14 3:01:38"
"D:\MYF\SPH\GeoDualSPHysics_v5.2\examples\u-pw\04_Undrained_Triaxial\experiments\M3b_MCCParserStateInit\analyze_m3b_mcc_parser_state_init.py","analyze_m3b_mcc_parser_state_init.py",".py","4751","2026/05/14 3:40:50"
"D:\MYF\SPH\GeoDualSPHysics_v5.2\examples\u-pw\04_Undrained_Triaxial\experiments\M3b_MCCParserStateInit\CaseM3b_MccOCR_InitialStress_Def.xml","CaseM3b_MccOCR_InitialStress_Def.xml",".xml","5226","2026/05/14 3:41:01"
"D:\MYF\SPH\GeoDualSPHysics_v5.2\examples\u-pw\04_Undrained_Triaxial\experiments\M3b_MCCParserStateInit\CaseM3b_MccPc0_Init_Def.xml","CaseM3b_MccPc0_Init_Def.xml",".xml","5079","2026/05/14 3:41:01"
"D:\MYF\SPH\GeoDualSPHysics_v5.2\examples\u-pw\04_Undrained_Triaxial\experiments\M3b_MCCParserStateInit\m3b_case_summary.csv","m3b_case_summary.csv",".csv","215","2026/05/14 3:41:07"
"D:\MYF\SPH\GeoDualSPHysics_v5.2\examples\u-pw\04_Undrained_Triaxial\experiments\M3b_MCCParserStateInit\m3b_mcc_state_initialization_metrics.csv","m3b_mcc_state_initialization_metrics.csv",".csv","815","2026/05/14 3:41:07"
"D:\MYF\SPH\GeoDualSPHysics_v5.2\examples\u-pw\04_Undrained_Triaxial\experiments\M3b_MCCParserStateInit\make_m3b_cases.py","make_m3b_cases.py",".py","6469","2026/05/14 3:40:17"
"D:\MYF\SPH\GeoDualSPHysics_v5.2\examples\u-pw\04_Undrained_Triaxial\experiments\M3b_MCCParserStateInit\README.md","README.md",".md","716","2026/05/14 3:40:57"
"D:\MYF\SPH\GeoDualSPHysics_v5.2\examples\u-pw\04_Undrained_Triaxial\experiments\M3b_MCCParserStateInit\xRun_CaseM3b_MccOCR_InitialStress_win64_CPU_release.bat","xRun_CaseM3b_MccOCR_InitialStress_win64_CPU_release.bat",".bat","531","2026/05/14 3:41:01"
"D:\MYF\SPH\GeoDualSPHysics_v5.2\examples\u-pw\04_Undrained_Triaxial\experiments\M3b_MCCParserStateInit\xRun_CaseM3b_MccPc0_Init_win64_CPU_release.bat","xRun_CaseM3b_MccPc0_Init_win64_CPU_release.bat",".bat","522","2026/05/14 3:41:01"
"D:\MYF\SPH\GeoDualSPHysics_v5.2\examples\u-pw\04_Undrained_Triaxial\experiments\M3c_MCCStressUpdateCpu\analyze_m3c_mcc_stress_update_cpu.py","analyze_m3c_mcc_stress_update_cpu.py",".py","13560","2026/05/14 3:57:55"
"D:\MYF\SPH\GeoDualSPHysics_v5.2\examples\u-pw\04_Undrained_Triaxial\experiments\M3c_MCCStressUpdateCpu\CaseM3c_MCCHighPc_ElasticLike_Def.xml","CaseM3c_MCCHighPc_ElasticLike_Def.xml",".xml","8848","2026/05/14 3:54:40"
"D:\MYF\SPH\GeoDualSPHysics_v5.2\examples\u-pw\04_Undrained_Triaxial\experiments\M3c_MCCStressUpdateCpu\CaseM3c_MCCMildYield_Def.xml","CaseM3c_MCCMildYield_Def.xml",".xml","8835","2026/05/14 3:54:40"
"D:\MYF\SPH\GeoDualSPHysics_v5.2\examples\u-pw\04_Undrained_Triaxial\experiments\M3c_MCCStressUpdateCpu\figures\m3c_eq_plastic_strain_vs_time.png","m3c_eq_plastic_strain_vs_time.png",".png","58991","2026/05/14 4:02:32"
"D:\MYF\SPH\GeoDualSPHysics_v5.2\examples\u-pw\04_Undrained_Triaxial\experiments\M3c_MCCStressUpdateCpu\figures\m3c_eq_plastic_strain_vs_time.svg","m3c_eq_plastic_strain_vs_time.svg",".svg","37083","2026/05/14 4:02:32"
"D:\MYF\SPH\GeoDualSPHysics_v5.2\examples\u-pw\04_Undrained_Triaxial\experiments\M3c_MCCStressUpdateCpu\figures\m3c_p_vs_time.png","m3c_p_vs_time.png",".png","61404","2026/05/14 4:02:33"
"D:\MYF\SPH\GeoDualSPHysics_v5.2\examples\u-pw\04_Undrained_Triaxial\experiments\M3c_MCCStressUpdateCpu\figures\m3c_p_vs_time.svg","m3c_p_vs_time.svg",".svg","35088","2026/05/14 4:02:33"
"D:\MYF\SPH\GeoDualSPHysics_v5.2\examples\u-pw\04_Undrained_Triaxial\experiments\M3c_MCCStressUpdateCpu\figures\m3c_pc_mean_vs_time.png","m3c_pc_mean_vs_time.png",".png","34242","2026/05/14 4:02:31"
"D:\MYF\SPH\GeoDualSPHysics_v5.2\examples\u-pw\04_Undrained_Triaxial\experiments\M3c_MCCStressUpdateCpu\figures\m3c_pc_mean_vs_time.svg","m3c_pc_mean_vs_time.svg",".svg","33692","2026/05/14 4:02:31"
"D:\MYF\SPH\GeoDualSPHysics_v5.2\examples\u-pw\04_Undrained_Triaxial\experiments\M3c_MCCStressUpdateCpu\figures\m3c_plastic_vol_strain_vs_time.png","m3c_plastic_vol_strain_vs_time.png",".png","48175","2026/05/14 4:02:32"
"D:\MYF\SPH\GeoDualSPHysics_v5.2\examples\u-pw\04_Undrained_Triaxial\experiments\M3c_MCCStressUpdateCpu\figures\m3c_plastic_vol_strain_vs_time.svg","m3c_plastic_vol_strain_vs_time.svg",".svg","34727","2026/05/14 4:02:32"
"D:\MYF\SPH\GeoDualSPHysics_v5.2\examples\u-pw\04_Undrained_Triaxial\experiments\M3c_MCCStressUpdateCpu\figures\m3c_pore_pressure_vs_time.png","m3c_pore_pressure_vs_time.png",".png","71722","2026/05/14 4:02:33"
"D:\MYF\SPH\GeoDualSPHysics_v5.2\examples\u-pw\04_Undrained_Triaxial\experiments\M3c_MCCStressUpdateCpu\figures\m3c_pore_pressure_vs_time.svg","m3c_pore_pressure_vs_time.svg",".svg","38278","2026/05/14 4:02:33"
"D:\MYF\SPH\GeoDualSPHysics_v5.2\examples\u-pw\04_Undrained_Triaxial\experiments\M3c_MCCStressUpdateCpu\figures\m3c_pq_path.png","m3c_pq_path.png",".png","55376","2026/05/14 4:02:34"
"D:\MYF\SPH\GeoDualSPHysics_v5.2\examples\u-pw\04_Undrained_Triaxial\experiments\M3c_MCCStressUpdateCpu\figures\m3c_pq_path.svg","m3c_pq_path.svg",".svg","34404","2026/05/14 4:02:34"
"D:\MYF\SPH\GeoDualSPHysics_v5.2\examples\u-pw\04_Undrained_Triaxial\experiments\M3c_MCCStressUpdateCpu\figures\m3c_q_vs_axial_strain.png","m3c_q_vs_axial_strain.png",".png","55324","2026/05/14 4:02:33"
"D:\MYF\SPH\GeoDualSPHysics_v5.2\examples\u-pw\04_Undrained_Triaxial\experiments\M3c_MCCStressUpdateCpu\figures\m3c_q_vs_axial_strain.svg","m3c_q_vs_axial_strain.svg",".svg","34191","2026/05/14 4:02:33"
"D:\MYF\SPH\GeoDualSPHysics_v5.2\examples\u-pw\04_Undrained_Triaxial\experiments\M3c_MCCStressUpdateCpu\figures\m3c_q_vs_time.png","m3c_q_vs_time.png",".png","56646","2026/05/14 4:02:33"
"D:\MYF\SPH\GeoDualSPHysics_v5.2\examples\u-pw\04_Undrained_Triaxial\experiments\M3c_MCCStressUpdateCpu\figures\m3c_q_vs_time.svg","m3c_q_vs_time.svg",".svg","35308","2026/05/14 4:02:33"
"D:\MYF\SPH\GeoDualSPHysics_v5.2\examples\u-pw\04_Undrained_Triaxial\experiments\M3c_MCCStressUpdateCpu\figures\m3c_reaction_force_vs_time.png","m3c_reaction_force_vs_time.png",".png","58951","2026/05/14 4:02:34"
"D:\MYF\SPH\GeoDualSPHysics_v5.2\examples\u-pw\04_Undrained_Triaxial\experiments\M3c_MCCStressUpdateCpu\figures\m3c_reaction_force_vs_time.svg","m3c_reaction_force_vs_time.svg",".svg","34424","2026/05/14 4:02:34"
"D:\MYF\SPH\GeoDualSPHysics_v5.2\examples\u-pw\04_Undrained_Triaxial\experiments\M3c_MCCStressUpdateCpu\figures\m3c_return_iterations_vs_time.png","m3c_return_iterations_vs_time.png",".png","49159","2026/05/14 4:02:32"
"D:\MYF\SPH\GeoDualSPHysics_v5.2\examples\u-pw\04_Undrained_Triaxial\experiments\M3c_MCCStressUpdateCpu\figures\m3c_return_iterations_vs_time.svg","m3c_return_iterations_vs_time.svg",".svg","33909","2026/05/14 4:02:32"
"D:\MYF\SPH\GeoDualSPHysics_v5.2\examples\u-pw\04_Undrained_Triaxial\experiments\M3c_MCCStressUpdateCpu\figures\m3c_void_ratio_vs_time.png","m3c_void_ratio_vs_time.png",".png","77665","2026/05/14 4:02:32"
"D:\MYF\SPH\GeoDualSPHysics_v5.2\examples\u-pw\04_Undrained_Triaxial\experiments\M3c_MCCStressUpdateCpu\figures\m3c_void_ratio_vs_time.svg","m3c_void_ratio_vs_time.svg",".svg","40082","2026/05/14 4:02:32"
"D:\MYF\SPH\GeoDualSPHysics_v5.2\examples\u-pw\04_Undrained_Triaxial\experiments\M3c_MCCStressUpdateCpu\figures\m3c_yield_fraction_vs_time.png","m3c_yield_fraction_vs_time.png",".png","48143","2026/05/14 4:02:31"
"D:\MYF\SPH\GeoDualSPHysics_v5.2\examples\u-pw\04_Undrained_Triaxial\experiments\M3c_MCCStressUpdateCpu\figures\m3c_yield_fraction_vs_time.svg","m3c_yield_fraction_vs_time.svg",".svg","35565","2026/05/14 4:02:31"
"D:\MYF\SPH\GeoDualSPHysics_v5.2\examples\u-pw\04_Undrained_Triaxial\experiments\M3c_MCCStressUpdateCpu\figures\m3c_yield_residual_vs_time.png","m3c_yield_residual_vs_time.png",".png","53482","2026/05/14 4:02:33"
"D:\MYF\SPH\GeoDualSPHysics_v5.2\examples\u-pw\04_Undrained_Triaxial\experiments\M3c_MCCStressUpdateCpu\figures\m3c_yield_residual_vs_time.svg","m3c_yield_residual_vs_time.svg",".svg","34848","2026/05/14 4:02:33"
"D:\MYF\SPH\GeoDualSPHysics_v5.2\examples\u-pw\04_Undrained_Triaxial\experiments\M3c_MCCStressUpdateCpu\m3c_case_summary.csv","m3c_case_summary.csv",".csv","1384","2026/05/14 4:02:31"
"D:\MYF\SPH\GeoDualSPHysics_v5.2\examples\u-pw\04_Undrained_Triaxial\experiments\M3c_MCCStressUpdateCpu\m3c_comparison_to_elastic_dp.csv","m3c_comparison_to_elastic_dp.csv",".csv","570","2026/05/14 4:02:31"
"D:\MYF\SPH\GeoDualSPHysics_v5.2\examples\u-pw\04_Undrained_Triaxial\experiments\M3c_MCCStressUpdateCpu\m3c_mcc_return_metrics.csv","m3c_mcc_return_metrics.csv",".csv","9436","2026/05/14 4:02:31"
"D:\MYF\SPH\GeoDualSPHysics_v5.2\examples\u-pw\04_Undrained_Triaxial\experiments\M3c_MCCStressUpdateCpu\m3c_mcc_state_metrics.csv","m3c_mcc_state_metrics.csv",".csv","9436","2026/05/14 4:02:31"
"D:\MYF\SPH\GeoDualSPHysics_v5.2\examples\u-pw\04_Undrained_Triaxial\experiments\M3c_MCCStressUpdateCpu\m3c_mcc_yield_metrics.csv","m3c_mcc_yield_metrics.csv",".csv","9436","2026/05/14 4:02:31"
"D:\MYF\SPH\GeoDualSPHysics_v5.2\examples\u-pw\04_Undrained_Triaxial\experiments\M3c_MCCStressUpdateCpu\m3c_platen_reaction_metrics.csv","m3c_platen_reaction_metrics.csv",".csv","2517","2026/05/14 4:02:31"
"D:\MYF\SPH\GeoDualSPHysics_v5.2\examples\u-pw\04_Undrained_Triaxial\experiments\M3c_MCCStressUpdateCpu\m3c_pore_pressure_metrics.csv","m3c_pore_pressure_metrics.csv",".csv","9436","2026/05/14 4:02:31"
"D:\MYF\SPH\GeoDualSPHysics_v5.2\examples\u-pw\04_Undrained_Triaxial\experiments\M3c_MCCStressUpdateCpu\m3c_stress_path_metrics.csv","m3c_stress_path_metrics.csv",".csv","9436","2026/05/14 4:02:31"
"D:\MYF\SPH\GeoDualSPHysics_v5.2\examples\u-pw\04_Undrained_Triaxial\experiments\M3c_MCCStressUpdateCpu\make_m3c_cases.py","make_m3c_cases.py",".py","4921","2026/05/14 3:54:17"
"D:\MYF\SPH\GeoDualSPHysics_v5.2\examples\u-pw\04_Undrained_Triaxial\experiments\M3c_MCCStressUpdateCpu\README.md","README.md",".md","362","2026/05/14 3:54:22"
"D:\MYF\SPH\GeoDualSPHysics_v5.2\examples\u-pw\04_Undrained_Triaxial\experiments\M3c_MCCStressUpdateCpu\xRun_CaseM3c_MCCHighPc_ElasticLike_win64_CPU_release.bat","xRun_CaseM3c_MCCHighPc_ElasticLike_win64_CPU_release.bat",".bat","555","2026/05/14 3:54:40"
"D:\MYF\SPH\GeoDualSPHysics_v5.2\examples\u-pw\04_Undrained_Triaxial\experiments\M3c_MCCStressUpdateCpu\xRun_CaseM3c_MCCMildYield_win64_CPU_release.bat","xRun_CaseM3c_MCCMildYield_win64_CPU_release.bat",".bat","537","2026/05/14 3:54:40"
"D:\MYF\SPH\GeoDualSPHysics_v5.2\examples\u-pw\04_Undrained_Triaxial\experiments\M3d_MCCFeedbackOffRefinement\analyze_m3d_mcc_feedback_off_refinement.py","analyze_m3d_mcc_feedback_off_refinement.py",".py","23005","2026/05/14 4:14:03"
"D:\MYF\SPH\GeoDualSPHysics_v5.2\examples\u-pw\04_Undrained_Triaxial\experiments\M3d_MCCFeedbackOffRefinement\CaseM3d_MCCHighPc_Extended_Def.xml","CaseM3d_MCCHighPc_Extended_Def.xml",".xml","8858","2026/05/14 4:09:46"
"D:\MYF\SPH\GeoDualSPHysics_v5.2\examples\u-pw\04_Undrained_Triaxial\experiments\M3d_MCCFeedbackOffRefinement\CaseM3d_MCCMildYield_Extended_Def.xml","CaseM3d_MCCMildYield_Extended_Def.xml",".xml","8845","2026/05/14 4:09:46"
"D:\MYF\SPH\GeoDualSPHysics_v5.2\examples\u-pw\04_Undrained_Triaxial\experiments\M3d_MCCFeedbackOffRefinement\figures\m3d_cap_axial_accel_vs_time.png","m3d_cap_axial_accel_vs_time.png",".png","35413","2026/05/14 4:14:17"
"D:\MYF\SPH\GeoDualSPHysics_v5.2\examples\u-pw\04_Undrained_Triaxial\experiments\M3d_MCCFeedbackOffRefinement\figures\m3d_cap_axial_accel_vs_time.svg","m3d_cap_axial_accel_vs_time.svg",".svg","31035","2026/05/14 4:15:21"
"D:\MYF\SPH\GeoDualSPHysics_v5.2\examples\u-pw\04_Undrained_Triaxial\experiments\M3d_MCCFeedbackOffRefinement\figures\m3d_converged_yield_residual_vs_time.png","m3d_converged_yield_residual_vs_time.png",".png","80852","2026/05/14 4:14:13"
"D:\MYF\SPH\GeoDualSPHysics_v5.2\examples\u-pw\04_Undrained_Triaxial\experiments\M3d_MCCFeedbackOffRefinement\figures\m3d_converged_yield_residual_vs_time.svg","m3d_converged_yield_residual_vs_time.svg",".svg","45007","2026/05/14 4:15:21"
"D:\MYF\SPH\GeoDualSPHysics_v5.2\examples\u-pw\04_Undrained_Triaxial\experiments\M3d_MCCFeedbackOffRefinement\figures\m3d_divvel_vs_time.png","m3d_divvel_vs_time.png",".png","73325","2026/05/14 4:14:14"
"D:\MYF\SPH\GeoDualSPHysics_v5.2\examples\u-pw\04_Undrained_Triaxial\experiments\M3d_MCCFeedbackOffRefinement\figures\m3d_divvel_vs_time.svg","m3d_divvel_vs_time.svg",".svg","42073","2026/05/14 4:15:21"
"D:\MYF\SPH\GeoDualSPHysics_v5.2\examples\u-pw\04_Undrained_Triaxial\experiments\M3d_MCCFeedbackOffRefinement\figures\m3d_eq_plastic_strain_vs_axial_strain.png","m3d_eq_plastic_strain_vs_axial_strain.png",".png","56843","2026/05/14 4:14:13"
"D:\MYF\SPH\GeoDualSPHysics_v5.2\examples\u-pw\04_Undrained_Triaxial\experiments\M3d_MCCFeedbackOffRefinement\figures\m3d_eq_plastic_strain_vs_axial_strain.svg","m3d_eq_plastic_strain_vs_axial_strain.svg",".svg","42004","2026/05/14 4:15:21"
"D:\MYF\SPH\GeoDualSPHysics_v5.2\examples\u-pw\04_Undrained_Triaxial\experiments\M3d_MCCFeedbackOffRefinement\figures\m3d_eq_plastic_strain_vs_time.png","m3d_eq_plastic_strain_vs_time.png",".png","56273","2026/05/14 4:14:13"
"D:\MYF\SPH\GeoDualSPHysics_v5.2\examples\u-pw\04_Undrained_Triaxial\experiments\M3d_MCCFeedbackOffRefinement\figures\m3d_eq_plastic_strain_vs_time.svg","m3d_eq_plastic_strain_vs_time.svg",".svg","40654","2026/05/14 4:15:21"
"D:\MYF\SPH\GeoDualSPHysics_v5.2\examples\u-pw\04_Undrained_Triaxial\experiments\M3d_MCCFeedbackOffRefinement\figures\m3d_lateral_accel_vs_time.png","m3d_lateral_accel_vs_time.png",".png","48976","2026/05/14 4:14:17"
"D:\MYF\SPH\GeoDualSPHysics_v5.2\examples\u-pw\04_Undrained_Triaxial\experiments\M3d_MCCFeedbackOffRefinement\figures\m3d_lateral_accel_vs_time.svg","m3d_lateral_accel_vs_time.svg",".svg","33652","2026/05/14 4:15:21"
"D:\MYF\SPH\GeoDualSPHysics_v5.2\examples\u-pw\04_Undrained_Triaxial\experiments\M3d_MCCFeedbackOffRefinement\figures\m3d_lateral_active_targets_vs_time.png","m3d_lateral_active_targets_vs_time.png",".png","35538","2026/05/14 4:14:17"
"D:\MYF\SPH\GeoDualSPHysics_v5.2\examples\u-pw\04_Undrained_Triaxial\experiments\M3d_MCCFeedbackOffRefinement\figures\m3d_lateral_active_targets_vs_time.svg","m3d_lateral_active_targets_vs_time.svg",".svg","33485","2026/05/14 4:15:21"
"D:\MYF\SPH\GeoDualSPHysics_v5.2\examples\u-pw\04_Undrained_Triaxial\experiments\M3d_MCCFeedbackOffRefinement\figures\m3d_p_vs_axial_strain.png","m3d_p_vs_axial_strain.png",".png","61595","2026/05/14 4:14:16"
"D:\MYF\SPH\GeoDualSPHysics_v5.2\examples\u-pw\04_Undrained_Triaxial\experiments\M3d_MCCFeedbackOffRefinement\figures\m3d_p_vs_axial_strain.svg","m3d_p_vs_axial_strain.svg",".svg","42842","2026/05/14 4:15:21"
"D:\MYF\SPH\GeoDualSPHysics_v5.2\examples\u-pw\04_Undrained_Triaxial\experiments\M3d_MCCFeedbackOffRefinement\figures\m3d_p_vs_time.png","m3d_p_vs_time.png",".png","60872","2026/05/14 4:14:15"
"D:\MYF\SPH\GeoDualSPHysics_v5.2\examples\u-pw\04_Undrained_Triaxial\experiments\M3d_MCCFeedbackOffRefinement\figures\m3d_p_vs_time.svg","m3d_p_vs_time.svg",".svg","42224","2026/05/14 4:15:21"
"D:\MYF\SPH\GeoDualSPHysics_v5.2\examples\u-pw\04_Undrained_Triaxial\experiments\M3d_MCCFeedbackOffRefinement\figures\m3d_pairwise_proxy_ratio_vs_time.png","m3d_pairwise_proxy_ratio_vs_time.png",".png","67171","2026/05/14 4:14:16"
"D:\MYF\SPH\GeoDualSPHysics_v5.2\examples\u-pw\04_Undrained_Triaxial\experiments\M3d_MCCFeedbackOffRefinement\figures\m3d_pairwise_proxy_ratio_vs_time.svg","m3d_pairwise_proxy_ratio_vs_time.svg",".svg","40867","2026/05/14 4:15:21"
"D:\MYF\SPH\GeoDualSPHysics_v5.2\examples\u-pw\04_Undrained_Triaxial\experiments\M3d_MCCFeedbackOffRefinement\figures\m3d_pairwise_reaction_vs_time.png","m3d_pairwise_reaction_vs_time.png",".png","59088","2026/05/14 4:14:16"
"D:\MYF\SPH\GeoDualSPHysics_v5.2\examples\u-pw\04_Undrained_Triaxial\experiments\M3d_MCCFeedbackOffRefinement\figures\m3d_pairwise_reaction_vs_time.svg","m3d_pairwise_reaction_vs_time.svg",".svg","38691","2026/05/14 4:15:21"
"D:\MYF\SPH\GeoDualSPHysics_v5.2\examples\u-pw\04_Undrained_Triaxial\experiments\M3d_MCCFeedbackOffRefinement\figures\m3d_pc_mean_vs_time.png","m3d_pc_mean_vs_time.png",".png","35317","2026/05/14 4:14:11"
"D:\MYF\SPH\GeoDualSPHysics_v5.2\examples\u-pw\04_Undrained_Triaxial\experiments\M3d_MCCFeedbackOffRefinement\figures\m3d_pc_mean_vs_time.svg","m3d_pc_mean_vs_time.svg",".svg","40192","2026/05/14 4:15:21"
"D:\MYF\SPH\GeoDualSPHysics_v5.2\examples\u-pw\04_Undrained_Triaxial\experiments\M3d_MCCFeedbackOffRefinement\figures\m3d_pc_vs_axial_strain.png","m3d_pc_vs_axial_strain.png",".png","37537","2026/05/14 4:14:11"
"D:\MYF\SPH\GeoDualSPHysics_v5.2\examples\u-pw\04_Undrained_Triaxial\experiments\M3d_MCCFeedbackOffRefinement\figures\m3d_pc_vs_axial_strain.svg","m3d_pc_vs_axial_strain.svg",".svg","41849","2026/05/14 4:15:21"
"D:\MYF\SPH\GeoDualSPHysics_v5.2\examples\u-pw\04_Undrained_Triaxial\experiments\M3d_MCCFeedbackOffRefinement\figures\m3d_plastic_vol_strain_vs_axial_strain.png","m3d_plastic_vol_strain_vs_axial_strain.png",".png","60260","2026/05/14 4:14:12"
"D:\MYF\SPH\GeoDualSPHysics_v5.2\examples\u-pw\04_Undrained_Triaxial\experiments\M3d_MCCFeedbackOffRefinement\figures\m3d_plastic_vol_strain_vs_axial_strain.svg","m3d_plastic_vol_strain_vs_axial_strain.svg",".svg","43150","2026/05/14 4:15:21"
"D:\MYF\SPH\GeoDualSPHysics_v5.2\examples\u-pw\04_Undrained_Triaxial\experiments\M3d_MCCFeedbackOffRefinement\figures\m3d_plastic_vol_strain_vs_time.png","m3d_plastic_vol_strain_vs_time.png",".png","59861","2026/05/14 4:14:12"
"D:\MYF\SPH\GeoDualSPHysics_v5.2\examples\u-pw\04_Undrained_Triaxial\experiments\M3d_MCCFeedbackOffRefinement\figures\m3d_plastic_vol_strain_vs_time.svg","m3d_plastic_vol_strain_vs_time.svg",".svg","41971","2026/05/14 4:15:21"
"D:\MYF\SPH\GeoDualSPHysics_v5.2\examples\u-pw\04_Undrained_Triaxial\experiments\M3d_MCCFeedbackOffRefinement\figures\m3d_pore_pressure_vs_axial_strain.png","m3d_pore_pressure_vs_axial_strain.png",".png","66689","2026/05/14 4:14:14"
"D:\MYF\SPH\GeoDualSPHysics_v5.2\examples\u-pw\04_Undrained_Triaxial\experiments\M3d_MCCFeedbackOffRefinement\figures\m3d_pore_pressure_vs_axial_strain.svg","m3d_pore_pressure_vs_axial_strain.svg",".svg","43629","2026/05/14 4:15:21"
"D:\MYF\SPH\GeoDualSPHysics_v5.2\examples\u-pw\04_Undrained_Triaxial\experiments\M3d_MCCFeedbackOffRefinement\figures\m3d_pore_pressure_vs_time.png","m3d_pore_pressure_vs_time.png",".png","67210","2026/05/14 4:14:14"
"D:\MYF\SPH\GeoDualSPHysics_v5.2\examples\u-pw\04_Undrained_Triaxial\experiments\M3d_MCCFeedbackOffRefinement\figures\m3d_pore_pressure_vs_time.svg","m3d_pore_pressure_vs_time.svg",".svg","42117","2026/05/14 4:15:21"
"D:\MYF\SPH\GeoDualSPHysics_v5.2\examples\u-pw\04_Undrained_Triaxial\experiments\M3d_MCCFeedbackOffRefinement\figures\m3d_porepressrate_vs_time.png","m3d_porepressrate_vs_time.png",".png","72783","2026/05/14 4:14:14"
"D:\MYF\SPH\GeoDualSPHysics_v5.2\examples\u-pw\04_Undrained_Triaxial\experiments\M3d_MCCFeedbackOffRefinement\figures\m3d_porepressrate_vs_time.svg","m3d_porepressrate_vs_time.svg",".svg","43810","2026/05/14 4:15:21"
"D:\MYF\SPH\GeoDualSPHysics_v5.2\examples\u-pw\04_Undrained_Triaxial\experiments\M3d_MCCFeedbackOffRefinement\figures\m3d_pq_path.png","m3d_pq_path.png",".png","51292","2026/05/14 4:14:16"
"D:\MYF\SPH\GeoDualSPHysics_v5.2\examples\u-pw\04_Undrained_Triaxial\experiments\M3d_MCCFeedbackOffRefinement\figures\m3d_pq_path.svg","m3d_pq_path.svg",".svg","40274","2026/05/14 4:15:21"
"D:\MYF\SPH\GeoDualSPHysics_v5.2\examples\u-pw\04_Undrained_Triaxial\experiments\M3d_MCCFeedbackOffRefinement\figures\m3d_q_vs_axial_strain.png","m3d_q_vs_axial_strain.png",".png","56588","2026/05/14 4:14:15"
"D:\MYF\SPH\GeoDualSPHysics_v5.2\examples\u-pw\04_Undrained_Triaxial\experiments\M3d_MCCFeedbackOffRefinement\figures\m3d_q_vs_axial_strain.svg","m3d_q_vs_axial_strain.svg",".svg","41950","2026/05/14 4:15:22"
"D:\MYF\SPH\GeoDualSPHysics_v5.2\examples\u-pw\04_Undrained_Triaxial\experiments\M3d_MCCFeedbackOffRefinement\figures\m3d_q_vs_time.png","m3d_q_vs_time.png",".png","55739","2026/05/14 4:14:15"
"D:\MYF\SPH\GeoDualSPHysics_v5.2\examples\u-pw\04_Undrained_Triaxial\experiments\M3d_MCCFeedbackOffRefinement\figures\m3d_q_vs_time.svg","m3d_q_vs_time.svg",".svg","41304","2026/05/14 4:15:22"
"D:\MYF\SPH\GeoDualSPHysics_v5.2\examples\u-pw\04_Undrained_Triaxial\experiments\M3d_MCCFeedbackOffRefinement\figures\m3d_reaction_axial_stress_vs_strain.png","m3d_reaction_axial_stress_vs_strain.png",".png","60319","2026/05/14 4:14:16"
"D:\MYF\SPH\GeoDualSPHysics_v5.2\examples\u-pw\04_Undrained_Triaxial\experiments\M3d_MCCFeedbackOffRefinement\figures\m3d_reaction_axial_stress_vs_strain.svg","m3d_reaction_axial_stress_vs_strain.svg",".svg","43423","2026/05/14 4:15:22"
"D:\MYF\SPH\GeoDualSPHysics_v5.2\examples\u-pw\04_Undrained_Triaxial\experiments\M3d_MCCFeedbackOffRefinement\figures\m3d_return_failure_count_vs_time.png","m3d_return_failure_count_vs_time.png",".png","63325","2026/05/14 4:14:14"
"D:\MYF\SPH\GeoDualSPHysics_v5.2\examples\u-pw\04_Undrained_Triaxial\experiments\M3d_MCCFeedbackOffRefinement\figures\m3d_return_failure_count_vs_time.svg","m3d_return_failure_count_vs_time.svg",".svg","44223","2026/05/14 4:15:22"
"D:\MYF\SPH\GeoDualSPHysics_v5.2\examples\u-pw\04_Undrained_Triaxial\experiments\M3d_MCCFeedbackOffRefinement\figures\m3d_return_iterations_vs_time.png","m3d_return_iterations_vs_time.png",".png","49985","2026/05/14 4:14:13"
"D:\MYF\SPH\GeoDualSPHysics_v5.2\examples\u-pw\04_Undrained_Triaxial\experiments\M3d_MCCFeedbackOffRefinement\figures\m3d_return_iterations_vs_time.svg","m3d_return_iterations_vs_time.svg",".svg","39410","2026/05/14 4:15:22"
"D:\MYF\SPH\GeoDualSPHysics_v5.2\examples\u-pw\04_Undrained_Triaxial\experiments\M3d_MCCFeedbackOffRefinement\figures\m3d_velocity_max_vs_time.png","m3d_velocity_max_vs_time.png",".png","59402","2026/05/14 4:14:15"
"D:\MYF\SPH\GeoDualSPHysics_v5.2\examples\u-pw\04_Undrained_Triaxial\experiments\M3d_MCCFeedbackOffRefinement\figures\m3d_velocity_max_vs_time.svg","m3d_velocity_max_vs_time.svg",".svg","42173","2026/05/14 4:15:22"
"D:\MYF\SPH\GeoDualSPHysics_v5.2\examples\u-pw\04_Undrained_Triaxial\experiments\M3d_MCCFeedbackOffRefinement\figures\m3d_void_ratio_vs_axial_strain.png","m3d_void_ratio_vs_axial_strain.png",".png","65021","2026/05/14 4:14:12"
"D:\MYF\SPH\GeoDualSPHysics_v5.2\examples\u-pw\04_Undrained_Triaxial\experiments\M3d_MCCFeedbackOffRefinement\figures\m3d_void_ratio_vs_axial_strain.svg","m3d_void_ratio_vs_axial_strain.svg",".svg","41872","2026/05/14 4:15:22"
"D:\MYF\SPH\GeoDualSPHysics_v5.2\examples\u-pw\04_Undrained_Triaxial\experiments\M3d_MCCFeedbackOffRefinement\figures\m3d_void_ratio_vs_time.png","m3d_void_ratio_vs_time.png",".png","64975","2026/05/14 4:14:12"
"D:\MYF\SPH\GeoDualSPHysics_v5.2\examples\u-pw\04_Undrained_Triaxial\experiments\M3d_MCCFeedbackOffRefinement\figures\m3d_void_ratio_vs_time.svg","m3d_void_ratio_vs_time.svg",".svg","41212","2026/05/14 4:15:22"
"D:\MYF\SPH\GeoDualSPHysics_v5.2\examples\u-pw\04_Undrained_Triaxial\experiments\M3d_MCCFeedbackOffRefinement\figures\m3d_yield_fraction_vs_time.png","m3d_yield_fraction_vs_time.png",".png","46246","2026/05/14 4:14:11"
"D:\MYF\SPH\GeoDualSPHysics_v5.2\examples\u-pw\04_Undrained_Triaxial\experiments\M3d_MCCFeedbackOffRefinement\figures\m3d_yield_fraction_vs_time.svg","m3d_yield_fraction_vs_time.svg",".svg","42000","2026/05/14 4:15:22"
"D:\MYF\SPH\GeoDualSPHysics_v5.2\examples\u-pw\04_Undrained_Triaxial\experiments\M3d_MCCFeedbackOffRefinement\figures\m3d_yield_residual_vs_time.png","m3d_yield_residual_vs_time.png",".png","52581","2026/05/14 4:14:13"
"D:\MYF\SPH\GeoDualSPHysics_v5.2\examples\u-pw\04_Undrained_Triaxial\experiments\M3d_MCCFeedbackOffRefinement\figures\m3d_yield_residual_vs_time.svg","m3d_yield_residual_vs_time.svg",".svg","43104","2026/05/14 4:15:22"
"D:\MYF\SPH\GeoDualSPHysics_v5.2\examples\u-pw\04_Undrained_Triaxial\experiments\M3d_MCCFeedbackOffRefinement\m3d_axial_stress_strain_metrics.csv","m3d_axial_stress_strain_metrics.csv",".csv","17514","2026/05/14 4:14:11"
"D:\MYF\SPH\GeoDualSPHysics_v5.2\examples\u-pw\04_Undrained_Triaxial\experiments\M3d_MCCFeedbackOffRefinement\m3d_case_summary.csv","m3d_case_summary.csv",".csv","1960","2026/05/14 4:14:11"
"D:\MYF\SPH\GeoDualSPHysics_v5.2\examples\u-pw\04_Undrained_Triaxial\experiments\M3d_MCCFeedbackOffRefinement\m3d_comparison_to_dp_t5c.csv","m3d_comparison_to_dp_t5c.csv",".csv","647","2026/05/14 4:14:11"
"D:\MYF\SPH\GeoDualSPHysics_v5.2\examples\u-pw\04_Undrained_Triaxial\experiments\M3d_MCCFeedbackOffRefinement\m3d_confinement_diagnostics.csv","m3d_confinement_diagnostics.csv",".csv","1237","2026/05/14 4:14:11"
"D:\MYF\SPH\GeoDualSPHysics_v5.2\examples\u-pw\04_Undrained_Triaxial\experiments\M3d_MCCFeedbackOffRefinement\m3d_mcc_state_metrics.csv","m3d_mcc_state_metrics.csv",".csv","28212","2026/05/14 4:14:11"
"D:\MYF\SPH\GeoDualSPHysics_v5.2\examples\u-pw\04_Undrained_Triaxial\experiments\M3d_MCCFeedbackOffRefinement\m3d_mcc_yield_return_metrics.csv","m3d_mcc_yield_return_metrics.csv",".csv","28212","2026/05/14 4:14:11"
"D:\MYF\SPH\GeoDualSPHysics_v5.2\examples\u-pw\04_Undrained_Triaxial\experiments\M3d_MCCFeedbackOffRefinement\m3d_platen_reaction_metrics.csv","m3d_platen_reaction_metrics.csv",".csv","5427","2026/05/14 4:14:11"
"D:\MYF\SPH\GeoDualSPHysics_v5.2\examples\u-pw\04_Undrained_Triaxial\experiments\M3d_MCCFeedbackOffRefinement\m3d_pore_pressure_metrics.csv","m3d_pore_pressure_metrics.csv",".csv","28212","2026/05/14 4:14:11"
"D:\MYF\SPH\GeoDualSPHysics_v5.2\examples\u-pw\04_Undrained_Triaxial\experiments\M3d_MCCFeedbackOffRefinement\m3d_stability_metrics.csv","m3d_stability_metrics.csv",".csv","28212","2026/05/14 4:14:11"
"D:\MYF\SPH\GeoDualSPHysics_v5.2\examples\u-pw\04_Undrained_Triaxial\experiments\M3d_MCCFeedbackOffRefinement\m3d_stress_path_metrics.csv","m3d_stress_path_metrics.csv",".csv","28212","2026/05/14 4:14:11"
"D:\MYF\SPH\GeoDualSPHysics_v5.2\examples\u-pw\04_Undrained_Triaxial\experiments\M3d_MCCFeedbackOffRefinement\make_m3d_cases.py","make_m3d_cases.py",".py","4958","2026/05/14 4:08:10"
"D:\MYF\SPH\GeoDualSPHysics_v5.2\examples\u-pw\04_Undrained_Triaxial\experiments\M3d_MCCFeedbackOffRefinement\README.md","README.md",".md","510","2026/05/14 4:09:39"
"D:\MYF\SPH\GeoDualSPHysics_v5.2\examples\u-pw\04_Undrained_Triaxial\experiments\M3d_MCCFeedbackOffRefinement\xRun_CaseM3d_MCCHighPc_Extended_win64_CPU_release.bat","xRun_CaseM3d_MCCHighPc_Extended_win64_CPU_release.bat",".bat","549","2026/05/14 4:09:46"
"D:\MYF\SPH\GeoDualSPHysics_v5.2\examples\u-pw\04_Undrained_Triaxial\experiments\M3d_MCCFeedbackOffRefinement\xRun_CaseM3d_MCCMildYield_Extended_win64_CPU_release.bat","xRun_CaseM3d_MCCMildYield_Extended_win64_CPU_release.bat",".bat","555","2026/05/14 4:09:46"
"D:\MYF\SPH\GeoDualSPHysics_v5.2\examples\u-pw\04_Undrained_Triaxial\experiments\M3d2_MCCReturnRobustness\analyze_m3d2_mcc_return_robustness.py","analyze_m3d2_mcc_return_robustness.py",".py","23293","2026/05/14 4:26:39"
"D:\MYF\SPH\GeoDualSPHysics_v5.2\examples\u-pw\04_Undrained_Triaxial\experiments\M3d2_MCCReturnRobustness\CaseM3d2_MCCMildBaseline_Def.xml","CaseM3d2_MCCMildBaseline_Def.xml",".xml","8817","2026/05/14 4:22:39"
"D:\MYF\SPH\GeoDualSPHysics_v5.2\examples\u-pw\04_Undrained_Triaxial\experiments\M3d2_MCCReturnRobustness\CaseM3d2_MCCMildEarlyStop_Def.xml","CaseM3d2_MCCMildEarlyStop_Def.xml",".xml","8838","2026/05/14 4:22:39"
"D:\MYF\SPH\GeoDualSPHysics_v5.2\examples\u-pw\04_Undrained_Triaxial\experiments\M3d2_MCCReturnRobustness\CaseM3d2_MCCMildSlowerHalfVelocity_Def.xml","CaseM3d2_MCCMildSlowerHalfVelocity_Def.xml",".xml","8841","2026/05/14 4:22:39"
"D:\MYF\SPH\GeoDualSPHysics_v5.2\examples\u-pw\04_Undrained_Triaxial\experiments\M3d2_MCCReturnRobustness\CaseM3d2_MCCMildTightReturn_Def.xml","CaseM3d2_MCCMildTightReturn_Def.xml",".xml","8847","2026/05/14 4:22:39"
"D:\MYF\SPH\GeoDualSPHysics_v5.2\examples\u-pw\04_Undrained_Triaxial\experiments\M3d2_MCCReturnRobustness\figures\m3d2_converged_residual_vs_time.png","m3d2_converged_residual_vs_time.png",".png","108353","2026/05/14 4:26:45"
"D:\MYF\SPH\GeoDualSPHysics_v5.2\examples\u-pw\04_Undrained_Triaxial\experiments\M3d2_MCCReturnRobustness\figures\m3d2_converged_residual_vs_time.svg","m3d2_converged_residual_vs_time.svg",".svg","57168","2026/05/14 4:26:45"
"D:\MYF\SPH\GeoDualSPHysics_v5.2\examples\u-pw\04_Undrained_Triaxial\experiments\M3d2_MCCReturnRobustness\figures\m3d2_divvel_vs_time.png","m3d2_divvel_vs_time.png",".png","59414","2026/05/14 4:26:48"
"D:\MYF\SPH\GeoDualSPHysics_v5.2\examples\u-pw\04_Undrained_Triaxial\experiments\M3d2_MCCReturnRobustness\figures\m3d2_divvel_vs_time.svg","m3d2_divvel_vs_time.svg",".svg","54719","2026/05/14 4:26:48"
"D:\MYF\SPH\GeoDualSPHysics_v5.2\examples\u-pw\04_Undrained_Triaxial\experiments\M3d2_MCCReturnRobustness\figures\m3d2_eq_plastic_strain_vs_time.png","m3d2_eq_plastic_strain_vs_time.png",".png","73723","2026/05/14 4:26:46"
"D:\MYF\SPH\GeoDualSPHysics_v5.2\examples\u-pw\04_Undrained_Triaxial\experiments\M3d2_MCCReturnRobustness\figures\m3d2_eq_plastic_strain_vs_time.svg","m3d2_eq_plastic_strain_vs_time.svg",".svg","53220","2026/05/14 4:26:46"
"D:\MYF\SPH\GeoDualSPHysics_v5.2\examples\u-pw\04_Undrained_Triaxial\experiments\M3d2_MCCReturnRobustness\figures\m3d2_failed_particle_locations.png","m3d2_failed_particle_locations.png",".png","32648","2026/05/14 4:26:48"
"D:\MYF\SPH\GeoDualSPHysics_v5.2\examples\u-pw\04_Undrained_Triaxial\experiments\M3d2_MCCReturnRobustness\figures\m3d2_failed_particle_locations.svg","m3d2_failed_particle_locations.svg",".svg","35698","2026/05/14 4:26:48"
"D:\MYF\SPH\GeoDualSPHysics_v5.2\examples\u-pw\04_Undrained_Triaxial\experiments\M3d2_MCCReturnRobustness\figures\m3d2_kplastic_vs_time.png","m3d2_kplastic_vs_time.png",".png","71604","2026/05/14 4:26:47"
"D:\MYF\SPH\GeoDualSPHysics_v5.2\examples\u-pw\04_Undrained_Triaxial\experiments\M3d2_MCCReturnRobustness\figures\m3d2_kplastic_vs_time.svg","m3d2_kplastic_vs_time.svg",".svg","52387","2026/05/14 4:26:47"
"D:\MYF\SPH\GeoDualSPHysics_v5.2\examples\u-pw\04_Undrained_Triaxial\experiments\M3d2_MCCReturnRobustness\figures\m3d2_line_search_failure_count_vs_time.png","m3d2_line_search_failure_count_vs_time.png",".png","95734","2026/05/14 4:26:45"
"D:\MYF\SPH\GeoDualSPHysics_v5.2\examples\u-pw\04_Undrained_Triaxial\experiments\M3d2_MCCReturnRobustness\figures\m3d2_line_search_failure_count_vs_time.svg","m3d2_line_search_failure_count_vs_time.svg",".svg","55075","2026/05/14 4:26:45"
"D:\MYF\SPH\GeoDualSPHysics_v5.2\examples\u-pw\04_Undrained_Triaxial\experiments\M3d2_MCCReturnRobustness\figures\m3d2_pairwise_reaction_vs_axial_strain.png","m3d2_pairwise_reaction_vs_axial_strain.png",".png","66845","2026/05/14 4:26:47"
"D:\MYF\SPH\GeoDualSPHysics_v5.2\examples\u-pw\04_Undrained_Triaxial\experiments\M3d2_MCCReturnRobustness\figures\m3d2_pairwise_reaction_vs_axial_strain.svg","m3d2_pairwise_reaction_vs_axial_strain.svg",".svg","50721","2026/05/14 4:26:47"
"D:\MYF\SPH\GeoDualSPHysics_v5.2\examples\u-pw\04_Undrained_Triaxial\experiments\M3d2_MCCReturnRobustness\figures\m3d2_pc_mean_vs_time.png","m3d2_pc_mean_vs_time.png",".png","66996","2026/05/14 4:26:46"
"D:\MYF\SPH\GeoDualSPHysics_v5.2\examples\u-pw\04_Undrained_Triaxial\experiments\M3d2_MCCReturnRobustness\figures\m3d2_pc_mean_vs_time.svg","m3d2_pc_mean_vs_time.svg",".svg","54468","2026/05/14 4:26:46"
"D:\MYF\SPH\GeoDualSPHysics_v5.2\examples\u-pw\04_Undrained_Triaxial\experiments\M3d2_MCCReturnRobustness\figures\m3d2_plastic_vol_strain_vs_time.png","m3d2_plastic_vol_strain_vs_time.png",".png","82027","2026/05/14 4:26:46"
"D:\MYF\SPH\GeoDualSPHysics_v5.2\examples\u-pw\04_Undrained_Triaxial\experiments\M3d2_MCCReturnRobustness\figures\m3d2_plastic_vol_strain_vs_time.svg","m3d2_plastic_vol_strain_vs_time.svg",".svg","55927","2026/05/14 4:26:46"
"D:\MYF\SPH\GeoDualSPHysics_v5.2\examples\u-pw\04_Undrained_Triaxial\experiments\M3d2_MCCReturnRobustness\figures\m3d2_pore_pressure_vs_axial_strain.png","m3d2_pore_pressure_vs_axial_strain.png",".png","81378","2026/05/14 4:26:47"
"D:\MYF\SPH\GeoDualSPHysics_v5.2\examples\u-pw\04_Undrained_Triaxial\experiments\M3d2_MCCReturnRobustness\figures\m3d2_pore_pressure_vs_axial_strain.svg","m3d2_pore_pressure_vs_axial_strain.svg",".svg","53187","2026/05/14 4:26:47"
"D:\MYF\SPH\GeoDualSPHysics_v5.2\examples\u-pw\04_Undrained_Triaxial\experiments\M3d2_MCCReturnRobustness\figures\m3d2_porepressrate_vs_time.png","m3d2_porepressrate_vs_time.png",".png","59202","2026/05/14 4:26:47"
"D:\MYF\SPH\GeoDualSPHysics_v5.2\examples\u-pw\04_Undrained_Triaxial\experiments\M3d2_MCCReturnRobustness\figures\m3d2_porepressrate_vs_time.svg","m3d2_porepressrate_vs_time.svg",".svg","55303","2026/05/14 4:26:48"
"D:\MYF\SPH\GeoDualSPHysics_v5.2\examples\u-pw\04_Undrained_Triaxial\experiments\M3d2_MCCReturnRobustness\figures\m3d2_pq_path_comparison.png","m3d2_pq_path_comparison.png",".png","78926","2026/05/14 4:26:48"
"D:\MYF\SPH\GeoDualSPHysics_v5.2\examples\u-pw\04_Undrained_Triaxial\experiments\M3d2_MCCReturnRobustness\figures\m3d2_pq_path_comparison.svg","m3d2_pq_path_comparison.svg",".svg","49657","2026/05/14 4:26:48"
"D:\MYF\SPH\GeoDualSPHysics_v5.2\examples\u-pw\04_Undrained_Triaxial\experiments\M3d2_MCCReturnRobustness\figures\m3d2_return_failure_count_vs_time.png","m3d2_return_failure_count_vs_time.png",".png","68742","2026/05/14 4:26:45"
"D:\MYF\SPH\GeoDualSPHysics_v5.2\examples\u-pw\04_Undrained_Triaxial\experiments\M3d2_MCCReturnRobustness\figures\m3d2_return_failure_count_vs_time.svg","m3d2_return_failure_count_vs_time.svg",".svg","56153","2026/05/14 4:26:45"
"D:\MYF\SPH\GeoDualSPHysics_v5.2\examples\u-pw\04_Undrained_Triaxial\experiments\M3d2_MCCReturnRobustness\figures\m3d2_velocity_max_vs_time.png","m3d2_velocity_max_vs_time.png",".png","59022","2026/05/14 4:26:48"
"D:\MYF\SPH\GeoDualSPHysics_v5.2\examples\u-pw\04_Undrained_Triaxial\experiments\M3d2_MCCReturnRobustness\figures\m3d2_velocity_max_vs_time.svg","m3d2_velocity_max_vs_time.svg",".svg","54180","2026/05/14 4:26:48"
"D:\MYF\SPH\GeoDualSPHysics_v5.2\examples\u-pw\04_Undrained_Triaxial\experiments\M3d2_MCCReturnRobustness\figures\m3d2_void_ratio_vs_time.png","m3d2_void_ratio_vs_time.png",".png","73691","2026/05/14 4:26:46"
"D:\MYF\SPH\GeoDualSPHysics_v5.2\examples\u-pw\04_Undrained_Triaxial\experiments\M3d2_MCCReturnRobustness\figures\m3d2_void_ratio_vs_time.svg","m3d2_void_ratio_vs_time.svg",".svg","55583","2026/05/14 4:26:46"
"D:\MYF\SPH\GeoDualSPHysics_v5.2\examples\u-pw\04_Undrained_Triaxial\experiments\M3d2_MCCReturnRobustness\figures\m3d2_yield_fraction_vs_time.png","m3d2_yield_fraction_vs_time.png",".png","59213","2026/05/14 4:26:47"
"D:\MYF\SPH\GeoDualSPHysics_v5.2\examples\u-pw\04_Undrained_Triaxial\experiments\M3d2_MCCReturnRobustness\figures\m3d2_yield_fraction_vs_time.svg","m3d2_yield_fraction_vs_time.svg",".svg","53496","2026/05/14 4:26:47"
"D:\MYF\SPH\GeoDualSPHysics_v5.2\examples\u-pw\04_Undrained_Triaxial\experiments\M3d2_MCCReturnRobustness\figures\m3d2_yield_residual_vs_time.png","m3d2_yield_residual_vs_time.png",".png","84786","2026/05/14 4:26:45"
"D:\MYF\SPH\GeoDualSPHysics_v5.2\examples\u-pw\04_Undrained_Triaxial\experiments\M3d2_MCCReturnRobustness\figures\m3d2_yield_residual_vs_time.svg","m3d2_yield_residual_vs_time.svg",".svg","52756","2026/05/14 4:26:45"
"D:\MYF\SPH\GeoDualSPHysics_v5.2\examples\u-pw\04_Undrained_Triaxial\experiments\M3d2_MCCReturnRobustness\m3d2_case_summary.csv","m3d2_case_summary.csv",".csv","2569","2026/05/14 4:26:44"
"D:\MYF\SPH\GeoDualSPHysics_v5.2\examples\u-pw\04_Undrained_Triaxial\experiments\M3d2_MCCReturnRobustness\m3d2_failed_particle_locations.csv","m3d2_failed_particle_locations.csv",".csv","498908","2026/05/14 4:26:44"
"D:\MYF\SPH\GeoDualSPHysics_v5.2\examples\u-pw\04_Undrained_Triaxial\experiments\M3d2_MCCReturnRobustness\m3d2_failed_return_particles.csv","m3d2_failed_return_particles.csv",".csv","498908","2026/05/14 4:26:44"
"D:\MYF\SPH\GeoDualSPHysics_v5.2\examples\u-pw\04_Undrained_Triaxial\experiments\M3d2_MCCReturnRobustness\m3d2_pc_ev_plastic_strain_comparison.csv","m3d2_pc_ev_plastic_strain_comparison.csv",".csv","53924","2026/05/14 4:26:44"
"D:\MYF\SPH\GeoDualSPHysics_v5.2\examples\u-pw\04_Undrained_Triaxial\experiments\M3d2_MCCReturnRobustness\m3d2_pore_pressure_comparison.csv","m3d2_pore_pressure_comparison.csv",".csv","53924","2026/05/14 4:26:44"
"D:\MYF\SPH\GeoDualSPHysics_v5.2\examples\u-pw\04_Undrained_Triaxial\experiments\M3d2_MCCReturnRobustness\m3d2_reaction_stress_path_comparison.csv","m3d2_reaction_stress_path_comparison.csv",".csv","53924","2026/05/14 4:26:44"
"D:\MYF\SPH\GeoDualSPHysics_v5.2\examples\u-pw\04_Undrained_Triaxial\experiments\M3d2_MCCReturnRobustness\m3d2_return_failure_audit.md","m3d2_return_failure_audit.md",".md","1547","2026/05/14 4:26:44"
"D:\MYF\SPH\GeoDualSPHysics_v5.2\examples\u-pw\04_Undrained_Triaxial\experiments\M3d2_MCCReturnRobustness\m3d2_return_status_by_region.csv","m3d2_return_status_by_region.csv",".csv","38010","2026/05/14 4:26:44"
"D:\MYF\SPH\GeoDualSPHysics_v5.2\examples\u-pw\04_Undrained_Triaxial\experiments\M3d2_MCCReturnRobustness\m3d2_return_status_comparison.csv","m3d2_return_status_comparison.csv",".csv","53924","2026/05/14 4:26:44"
"D:\MYF\SPH\GeoDualSPHysics_v5.2\examples\u-pw\04_Undrained_Triaxial\experiments\M3d2_MCCReturnRobustness\m3d2_yield_residual_comparison.csv","m3d2_yield_residual_comparison.csv",".csv","53924","2026/05/14 4:26:44"
"D:\MYF\SPH\GeoDualSPHysics_v5.2\examples\u-pw\04_Undrained_Triaxial\experiments\M3d2_MCCReturnRobustness\make_m3d2_cases.py","make_m3d2_cases.py",".py","4714","2026/05/14 4:19:15"
"D:\MYF\SPH\GeoDualSPHysics_v5.2\examples\u-pw\04_Undrained_Triaxial\experiments\M3d2_MCCReturnRobustness\README.md","README.md",".md","1260","2026/05/14 4:28:25"
"D:\MYF\SPH\GeoDualSPHysics_v5.2\examples\u-pw\04_Undrained_Triaxial\experiments\M3d2_MCCReturnRobustness\xRun_CaseM3d2_MCCMildBaseline_win64_CPU_release.bat","xRun_CaseM3d2_MCCMildBaseline_win64_CPU_release.bat",".bat","546","2026/05/14 4:22:39"
"D:\MYF\SPH\GeoDualSPHysics_v5.2\examples\u-pw\04_Undrained_Triaxial\experiments\M3d2_MCCReturnRobustness\xRun_CaseM3d2_MCCMildEarlyStop_win64_CPU_release.bat","xRun_CaseM3d2_MCCMildEarlyStop_win64_CPU_release.bat",".bat","548","2026/05/14 4:22:39"
"D:\MYF\SPH\GeoDualSPHysics_v5.2\examples\u-pw\04_Undrained_Triaxial\experiments\M3d2_MCCReturnRobustness\xRun_CaseM3d2_MCCMildSlowerHalfVelocity_win64_CPU_release.bat","xRun_CaseM3d2_MCCMildSlowerHalfVelocity_win64_CPU_release.bat",".bat","566","2026/05/14 4:22:39"
"D:\MYF\SPH\GeoDualSPHysics_v5.2\examples\u-pw\04_Undrained_Triaxial\experiments\M3d2_MCCReturnRobustness\xRun_CaseM3d2_MCCMildTightReturn_win64_CPU_release.bat","xRun_CaseM3d2_MCCMildTightReturn_win64_CPU_release.bat",".bat","552","2026/05/14 4:22:39"
"D:\MYF\SPH\GeoDualSPHysics_v5.2\examples\u-pw\04_Undrained_Triaxial\experiments\M3d3_MCCSubstepping\analyze_m3d3_mcc_substepping.py","analyze_m3d3_mcc_substepping.py",".py","24856","2026/05/14 4:47:37"
"D:\MYF\SPH\GeoDualSPHysics_v5.2\examples\u-pw\04_Undrained_Triaxial\experiments\M3d3_MCCSubstepping\CaseM3d3_MCCMildAdaptiveFallback16_Def.xml","CaseM3d3_MCCMildAdaptiveFallback16_Def.xml",".xml","9056","2026/05/14 4:47:41"
"D:\MYF\SPH\GeoDualSPHysics_v5.2\examples\u-pw\04_Undrained_Triaxial\experiments\M3d3_MCCSubstepping\CaseM3d3_MCCMildAdaptiveSubsteps16_Def.xml","CaseM3d3_MCCMildAdaptiveSubsteps16_Def.xml",".xml","9049","2026/05/14 4:47:41"
"D:\MYF\SPH\GeoDualSPHysics_v5.2\examples\u-pw\04_Undrained_Triaxial\experiments\M3d3_MCCSubstepping\CaseM3d3_MCCMildBaseline_Def.xml","CaseM3d3_MCCMildBaseline_Def.xml",".xml","9032","2026/05/14 4:47:41"
"D:\MYF\SPH\GeoDualSPHysics_v5.2\examples\u-pw\04_Undrained_Triaxial\experiments\M3d3_MCCSubstepping\CaseM3d3_MCCMildFixedSubsteps4_Def.xml","CaseM3d3_MCCMildFixedSubsteps4_Def.xml",".xml","9044","2026/05/14 4:47:41"
"D:\MYF\SPH\GeoDualSPHysics_v5.2\examples\u-pw\04_Undrained_Triaxial\experiments\M3d3_MCCSubstepping\CaseM3d3_MCCMildHalfSpeedAdaptive_Def.xml","CaseM3d3_MCCMildHalfSpeedAdaptive_Def.xml",".xml","9047","2026/05/14 4:47:41"
"D:\MYF\SPH\GeoDualSPHysics_v5.2\examples\u-pw\04_Undrained_Triaxial\experiments\M3d3_MCCSubstepping\figures\m3d3_admissibility_failures_vs_time.png","m3d3_admissibility_failures_vs_time.png",".png","45717","2026/05/14 4:47:54"
"D:\MYF\SPH\GeoDualSPHysics_v5.2\examples\u-pw\04_Undrained_Triaxial\experiments\M3d3_MCCSubstepping\figures\m3d3_admissibility_failures_vs_time.svg","m3d3_admissibility_failures_vs_time.svg",".svg","59241","2026/05/14 4:53:56"
"D:\MYF\SPH\GeoDualSPHysics_v5.2\examples\u-pw\04_Undrained_Triaxial\experiments\M3d3_MCCSubstepping\figures\m3d3_converged_residual_vs_time.png","m3d3_converged_residual_vs_time.png",".png","138273","2026/05/14 4:47:55"
"D:\MYF\SPH\GeoDualSPHysics_v5.2\examples\u-pw\04_Undrained_Triaxial\experiments\M3d3_MCCSubstepping\figures\m3d3_converged_residual_vs_time.svg","m3d3_converged_residual_vs_time.svg",".svg","65302","2026/05/14 4:53:56"
"D:\MYF\SPH\GeoDualSPHysics_v5.2\examples\u-pw\04_Undrained_Triaxial\experiments\M3d3_MCCSubstepping\figures\m3d3_divvel_vs_time.png","m3d3_divvel_vs_time.png",".png","70689","2026/05/14 4:47:57"
"D:\MYF\SPH\GeoDualSPHysics_v5.2\examples\u-pw\04_Undrained_Triaxial\experiments\M3d3_MCCSubstepping\figures\m3d3_divvel_vs_time.svg","m3d3_divvel_vs_time.svg",".svg","62363","2026/05/14 4:53:56"
"D:\MYF\SPH\GeoDualSPHysics_v5.2\examples\u-pw\04_Undrained_Triaxial\experiments\M3d3_MCCSubstepping\figures\m3d3_eq_plastic_strain_vs_time.png","m3d3_eq_plastic_strain_vs_time.png",".png","79803","2026/05/14 4:47:56"
"D:\MYF\SPH\GeoDualSPHysics_v5.2\examples\u-pw\04_Undrained_Triaxial\experiments\M3d3_MCCSubstepping\figures\m3d3_eq_plastic_strain_vs_time.svg","m3d3_eq_plastic_strain_vs_time.svg",".svg","62305","2026/05/14 4:53:56"
"D:\MYF\SPH\GeoDualSPHysics_v5.2\examples\u-pw\04_Undrained_Triaxial\experiments\M3d3_MCCSubstepping\figures\m3d3_failed_particle_locations.png","m3d3_failed_particle_locations.png",".png","37332","2026/05/14 4:47:58"
"D:\MYF\SPH\GeoDualSPHysics_v5.2\examples\u-pw\04_Undrained_Triaxial\experiments\M3d3_MCCSubstepping\figures\m3d3_failed_particle_locations.svg","m3d3_failed_particle_locations.svg",".svg","34596","2026/05/14 4:53:56"
"D:\MYF\SPH\GeoDualSPHysics_v5.2\examples\u-pw\04_Undrained_Triaxial\experiments\M3d3_MCCSubstepping\figures\m3d3_kplastic_vs_time.png","m3d3_kplastic_vs_time.png",".png","77846","2026/05/14 4:47:57"
"D:\MYF\SPH\GeoDualSPHysics_v5.2\examples\u-pw\04_Undrained_Triaxial\experiments\M3d3_MCCSubstepping\figures\m3d3_kplastic_vs_time.svg","m3d3_kplastic_vs_time.svg",".svg","61183","2026/05/14 4:53:56"
"D:\MYF\SPH\GeoDualSPHysics_v5.2\examples\u-pw\04_Undrained_Triaxial\experiments\M3d3_MCCSubstepping\figures\m3d3_line_search_failure_count_vs_time.png","m3d3_line_search_failure_count_vs_time.png",".png","106766","2026/05/14 4:47:54"
"D:\MYF\SPH\GeoDualSPHysics_v5.2\examples\u-pw\04_Undrained_Triaxial\experiments\M3d3_MCCSubstepping\figures\m3d3_line_search_failure_count_vs_time.svg","m3d3_line_search_failure_count_vs_time.svg",".svg","60033","2026/05/14 4:53:56"
"D:\MYF\SPH\GeoDualSPHysics_v5.2\examples\u-pw\04_Undrained_Triaxial\experiments\M3d3_MCCSubstepping\figures\m3d3_pairwise_reaction_vs_axial_strain.png","m3d3_pairwise_reaction_vs_axial_strain.png",".png","87918","2026/05/14 4:47:56"
"D:\MYF\SPH\GeoDualSPHysics_v5.2\examples\u-pw\04_Undrained_Triaxial\experiments\M3d3_MCCSubstepping\figures\m3d3_pairwise_reaction_vs_axial_strain.svg","m3d3_pairwise_reaction_vs_axial_strain.svg",".svg","59947","2026/05/14 4:53:56"
"D:\MYF\SPH\GeoDualSPHysics_v5.2\examples\u-pw\04_Undrained_Triaxial\experiments\M3d3_MCCSubstepping\figures\m3d3_pc_mean_vs_time.png","m3d3_pc_mean_vs_time.png",".png","93753","2026/05/14 4:47:55"
"D:\MYF\SPH\GeoDualSPHysics_v5.2\examples\u-pw\04_Undrained_Triaxial\experiments\M3d3_MCCSubstepping\figures\m3d3_pc_mean_vs_time.svg","m3d3_pc_mean_vs_time.svg",".svg","60947","2026/05/14 4:53:56"
"D:\MYF\SPH\GeoDualSPHysics_v5.2\examples\u-pw\04_Undrained_Triaxial\experiments\M3d3_MCCSubstepping\figures\m3d3_plastic_vol_strain_vs_time.png","m3d3_plastic_vol_strain_vs_time.png",".png","104858","2026/05/14 4:47:56"
"D:\MYF\SPH\GeoDualSPHysics_v5.2\examples\u-pw\04_Undrained_Triaxial\experiments\M3d3_MCCSubstepping\figures\m3d3_plastic_vol_strain_vs_time.svg","m3d3_plastic_vol_strain_vs_time.svg",".svg","63474","2026/05/14 4:53:56"
"D:\MYF\SPH\GeoDualSPHysics_v5.2\examples\u-pw\04_Undrained_Triaxial\experiments\M3d3_MCCSubstepping\figures\m3d3_pore_pressure_vs_axial_strain.png","m3d3_pore_pressure_vs_axial_strain.png",".png","111083","2026/05/14 4:47:56"
"D:\MYF\SPH\GeoDualSPHysics_v5.2\examples\u-pw\04_Undrained_Triaxial\experiments\M3d3_MCCSubstepping\figures\m3d3_pore_pressure_vs_axial_strain.svg","m3d3_pore_pressure_vs_axial_strain.svg",".svg","62026","2026/05/14 4:53:56"
"D:\MYF\SPH\GeoDualSPHysics_v5.2\examples\u-pw\04_Undrained_Triaxial\experiments\M3d3_MCCSubstepping\figures\m3d3_porepressrate_vs_time.png","m3d3_porepressrate_vs_time.png",".png","71496","2026/05/14 4:47:57"
"D:\MYF\SPH\GeoDualSPHysics_v5.2\examples\u-pw\04_Undrained_Triaxial\experiments\M3d3_MCCSubstepping\figures\m3d3_porepressrate_vs_time.svg","m3d3_porepressrate_vs_time.svg",".svg","64351","2026/05/14 4:53:56"
"D:\MYF\SPH\GeoDualSPHysics_v5.2\examples\u-pw\04_Undrained_Triaxial\experiments\M3d3_MCCSubstepping\figures\m3d3_pq_path_comparison.png","m3d3_pq_path_comparison.png",".png","106238","2026/05/14 4:47:58"
"D:\MYF\SPH\GeoDualSPHysics_v5.2\examples\u-pw\04_Undrained_Triaxial\experiments\M3d3_MCCSubstepping\figures\m3d3_pq_path_comparison.svg","m3d3_pq_path_comparison.svg",".svg","57852","2026/05/14 4:53:56"
"D:\MYF\SPH\GeoDualSPHysics_v5.2\examples\u-pw\04_Undrained_Triaxial\experiments\M3d3_MCCSubstepping\figures\m3d3_return_failure_count_vs_time.png","m3d3_return_failure_count_vs_time.png",".png","99473","2026/05/14 4:47:53"
"D:\MYF\SPH\GeoDualSPHysics_v5.2\examples\u-pw\04_Undrained_Triaxial\experiments\M3d3_MCCSubstepping\figures\m3d3_return_failure_count_vs_time.svg","m3d3_return_failure_count_vs_time.svg",".svg","63648","2026/05/14 4:53:56"
"D:\MYF\SPH\GeoDualSPHysics_v5.2\examples\u-pw\04_Undrained_Triaxial\experiments\M3d3_MCCSubstepping\figures\m3d3_substep_count_max_vs_time.png","m3d3_substep_count_max_vs_time.png",".png","96644","2026/05/14 4:47:54"
"D:\MYF\SPH\GeoDualSPHysics_v5.2\examples\u-pw\04_Undrained_Triaxial\experiments\M3d3_MCCSubstepping\figures\m3d3_substep_count_max_vs_time.svg","m3d3_substep_count_max_vs_time.svg",".svg","62304","2026/05/14 4:53:56"
"D:\MYF\SPH\GeoDualSPHysics_v5.2\examples\u-pw\04_Undrained_Triaxial\experiments\M3d3_MCCSubstepping\figures\m3d3_substep_count_mean_vs_time.png","m3d3_substep_count_mean_vs_time.png",".png","82314","2026/05/14 4:47:54"
"D:\MYF\SPH\GeoDualSPHysics_v5.2\examples\u-pw\04_Undrained_Triaxial\experiments\M3d3_MCCSubstepping\figures\m3d3_substep_count_mean_vs_time.svg","m3d3_substep_count_mean_vs_time.svg",".svg","59017","2026/05/14 4:53:56"
"D:\MYF\SPH\GeoDualSPHysics_v5.2\examples\u-pw\04_Undrained_Triaxial\experiments\M3d3_MCCSubstepping\figures\m3d3_substep_failures_vs_time.png","m3d3_substep_failures_vs_time.png",".png","98208","2026/05/14 4:47:54"
"D:\MYF\SPH\GeoDualSPHysics_v5.2\examples\u-pw\04_Undrained_Triaxial\experiments\M3d3_MCCSubstepping\figures\m3d3_substep_failures_vs_time.svg","m3d3_substep_failures_vs_time.svg",".svg","61008","2026/05/14 4:53:56"
"D:\MYF\SPH\GeoDualSPHysics_v5.2\examples\u-pw\04_Undrained_Triaxial\experiments\M3d3_MCCSubstepping\figures\m3d3_velocity_max_vs_time.png","m3d3_velocity_max_vs_time.png",".png","69597","2026/05/14 4:47:58"
"D:\MYF\SPH\GeoDualSPHysics_v5.2\examples\u-pw\04_Undrained_Triaxial\experiments\M3d3_MCCSubstepping\figures\m3d3_velocity_max_vs_time.svg","m3d3_velocity_max_vs_time.svg",".svg","61861","2026/05/14 4:53:56"
"D:\MYF\SPH\GeoDualSPHysics_v5.2\examples\u-pw\04_Undrained_Triaxial\experiments\M3d3_MCCSubstepping\figures\m3d3_void_ratio_vs_time.png","m3d3_void_ratio_vs_time.png",".png","96752","2026/05/14 4:47:55"
"D:\MYF\SPH\GeoDualSPHysics_v5.2\examples\u-pw\04_Undrained_Triaxial\experiments\M3d3_MCCSubstepping\figures\m3d3_void_ratio_vs_time.svg","m3d3_void_ratio_vs_time.svg",".svg","62271","2026/05/14 4:53:56"
"D:\MYF\SPH\GeoDualSPHysics_v5.2\examples\u-pw\04_Undrained_Triaxial\experiments\M3d3_MCCSubstepping\figures\m3d3_yield_fraction_vs_time.png","m3d3_yield_fraction_vs_time.png",".png","83759","2026/05/14 4:47:57"
"D:\MYF\SPH\GeoDualSPHysics_v5.2\examples\u-pw\04_Undrained_Triaxial\experiments\M3d3_MCCSubstepping\figures\m3d3_yield_fraction_vs_time.svg","m3d3_yield_fraction_vs_time.svg",".svg","61267","2026/05/14 4:53:56"
"D:\MYF\SPH\GeoDualSPHysics_v5.2\examples\u-pw\04_Undrained_Triaxial\experiments\M3d3_MCCSubstepping\figures\m3d3_yield_residual_vs_time.png","m3d3_yield_residual_vs_time.png",".png","103266","2026/05/14 4:47:55"
"D:\MYF\SPH\GeoDualSPHysics_v5.2\examples\u-pw\04_Undrained_Triaxial\experiments\M3d3_MCCSubstepping\figures\m3d3_yield_residual_vs_time.svg","m3d3_yield_residual_vs_time.svg",".svg","60562","2026/05/14 4:53:56"
"D:\MYF\SPH\GeoDualSPHysics_v5.2\examples\u-pw\04_Undrained_Triaxial\experiments\M3d3_MCCSubstepping\m3d3_admissibility_metrics.csv","m3d3_admissibility_metrics.csv",".csv","86891","2026/05/14 4:47:53"
"D:\MYF\SPH\GeoDualSPHysics_v5.2\examples\u-pw\04_Undrained_Triaxial\experiments\M3d3_MCCSubstepping\m3d3_case_summary.csv","m3d3_case_summary.csv",".csv","3381","2026/05/14 4:47:53"
"D:\MYF\SPH\GeoDualSPHysics_v5.2\examples\u-pw\04_Undrained_Triaxial\experiments\M3d3_MCCSubstepping\m3d3_failed_particle_locations.csv","m3d3_failed_particle_locations.csv",".csv","968796","2026/05/14 4:47:53"
"D:\MYF\SPH\GeoDualSPHysics_v5.2\examples\u-pw\04_Undrained_Triaxial\experiments\M3d3_MCCSubstepping\m3d3_failed_return_particles.csv","m3d3_failed_return_particles.csv",".csv","968796","2026/05/14 4:47:53"
"D:\MYF\SPH\GeoDualSPHysics_v5.2\examples\u-pw\04_Undrained_Triaxial\experiments\M3d3_MCCSubstepping\m3d3_pc_ev_plastic_strain_comparison.csv","m3d3_pc_ev_plastic_strain_comparison.csv",".csv","86891","2026/05/14 4:47:53"
"D:\MYF\SPH\GeoDualSPHysics_v5.2\examples\u-pw\04_Undrained_Triaxial\experiments\M3d3_MCCSubstepping\m3d3_pore_pressure_comparison.csv","m3d3_pore_pressure_comparison.csv",".csv","86891","2026/05/14 4:47:53"
"D:\MYF\SPH\GeoDualSPHysics_v5.2\examples\u-pw\04_Undrained_Triaxial\experiments\M3d3_MCCSubstepping\m3d3_reaction_stress_path_comparison.csv","m3d3_reaction_stress_path_comparison.csv",".csv","86891","2026/05/14 4:47:53"
"D:\MYF\SPH\GeoDualSPHysics_v5.2\examples\u-pw\04_Undrained_Triaxial\experiments\M3d3_MCCSubstepping\m3d3_return_failure_audit.md","m3d3_return_failure_audit.md",".md","2501","2026/05/14 4:47:53"
"D:\MYF\SPH\GeoDualSPHysics_v5.2\examples\u-pw\04_Undrained_Triaxial\experiments\M3d3_MCCSubstepping\m3d3_return_status_by_region.csv","m3d3_return_status_by_region.csv",".csv","60034","2026/05/14 4:47:53"
"D:\MYF\SPH\GeoDualSPHysics_v5.2\examples\u-pw\04_Undrained_Triaxial\experiments\M3d3_MCCSubstepping\m3d3_return_status_comparison.csv","m3d3_return_status_comparison.csv",".csv","86891","2026/05/14 4:47:53"
"D:\MYF\SPH\GeoDualSPHysics_v5.2\examples\u-pw\04_Undrained_Triaxial\experiments\M3d3_MCCSubstepping\m3d3_substep_metrics.csv","m3d3_substep_metrics.csv",".csv","86891","2026/05/14 4:47:53"
"D:\MYF\SPH\GeoDualSPHysics_v5.2\examples\u-pw\04_Undrained_Triaxial\experiments\M3d3_MCCSubstepping\m3d3_yield_residual_comparison.csv","m3d3_yield_residual_comparison.csv",".csv","86891","2026/05/14 4:47:53"
"D:\MYF\SPH\GeoDualSPHysics_v5.2\examples\u-pw\04_Undrained_Triaxial\experiments\M3d3_MCCSubstepping\make_m3d3_cases.py","make_m3d3_cases.py",".py","5729","2026/05/14 4:47:30"
"D:\MYF\SPH\GeoDualSPHysics_v5.2\examples\u-pw\04_Undrained_Triaxial\experiments\M3d3_MCCSubstepping\README.md","README.md",".md","826","2026/05/14 4:45:24"
"D:\MYF\SPH\GeoDualSPHysics_v5.2\examples\u-pw\04_Undrained_Triaxial\experiments\M3d3_MCCSubstepping\xRun_CaseM3d3_MCCMildAdaptiveFallback16_win64_CPU_release.bat","xRun_CaseM3d3_MCCMildAdaptiveFallback16_win64_CPU_release.bat",".bat","566","2026/05/14 4:47:41"
"D:\MYF\SPH\GeoDualSPHysics_v5.2\examples\u-pw\04_Undrained_Triaxial\experiments\M3d3_MCCSubstepping\xRun_CaseM3d3_MCCMildAdaptiveSubsteps16_win64_CPU_release.bat","xRun_CaseM3d3_MCCMildAdaptiveSubsteps16_win64_CPU_release.bat",".bat","566","2026/05/14 4:47:41"
"D:\MYF\SPH\GeoDualSPHysics_v5.2\examples\u-pw\04_Undrained_Triaxial\experiments\M3d3_MCCSubstepping\xRun_CaseM3d3_MCCMildBaseline_win64_CPU_release.bat","xRun_CaseM3d3_MCCMildBaseline_win64_CPU_release.bat",".bat","546","2026/05/14 4:47:41"
"D:\MYF\SPH\GeoDualSPHysics_v5.2\examples\u-pw\04_Undrained_Triaxial\experiments\M3d3_MCCSubstepping\xRun_CaseM3d3_MCCMildFixedSubsteps4_win64_CPU_release.bat","xRun_CaseM3d3_MCCMildFixedSubsteps4_win64_CPU_release.bat",".bat","558","2026/05/14 4:47:41"
"D:\MYF\SPH\GeoDualSPHysics_v5.2\examples\u-pw\04_Undrained_Triaxial\experiments\M3d3_MCCSubstepping\xRun_CaseM3d3_MCCMildHalfSpeedAdaptive_win64_CPU_release.bat","xRun_CaseM3d3_MCCMildHalfSpeedAdaptive_win64_CPU_release.bat",".bat","564","2026/05/14 4:47:41"
"D:\MYF\SPH\GeoDualSPHysics_v5.2\examples\u-pw\04_Undrained_Triaxial\experiments\M3e_MCCFeedbackOffPackage\aggregate_m3e_mcc_package.py","aggregate_m3e_mcc_package.py",".py","18471","2026/05/14 5:01:17"
"D:\MYF\SPH\GeoDualSPHysics_v5.2\examples\u-pw\04_Undrained_Triaxial\experiments\M3e_MCCFeedbackOffPackage\figures\m3e_eq_plastic_strain_main.png","m3e_eq_plastic_strain_main.png",".png","76364","2026/05/14 5:01:24"
"D:\MYF\SPH\GeoDualSPHysics_v5.2\examples\u-pw\04_Undrained_Triaxial\experiments\M3e_MCCFeedbackOffPackage\figures\m3e_eq_plastic_strain_main.svg","m3e_eq_plastic_strain_main.svg",".svg","59030","2026/05/14 5:04:53"
"D:\MYF\SPH\GeoDualSPHysics_v5.2\examples\u-pw\04_Undrained_Triaxial\experiments\M3e_MCCFeedbackOffPackage\figures\m3e_line_search_failure_counts_main.png","m3e_line_search_failure_counts_main.png",".png","104036","2026/05/14 5:01:25"
"D:\MYF\SPH\GeoDualSPHysics_v5.2\examples\u-pw\04_Undrained_Triaxial\experiments\M3e_MCCFeedbackOffPackage\figures\m3e_line_search_failure_counts_main.svg","m3e_line_search_failure_counts_main.svg",".svg","62544","2026/05/14 5:04:53"
"D:\MYF\SPH\GeoDualSPHysics_v5.2\examples\u-pw\04_Undrained_Triaxial\experiments\M3e_MCCFeedbackOffPackage\figures\m3e_pc_evolution_main.png","m3e_pc_evolution_main.png",".png","49133","2026/05/14 5:01:24"
"D:\MYF\SPH\GeoDualSPHysics_v5.2\examples\u-pw\04_Undrained_Triaxial\experiments\M3e_MCCFeedbackOffPackage\figures\m3e_pc_evolution_main.svg","m3e_pc_evolution_main.svg",".svg","58143","2026/05/14 5:04:53"
"D:\MYF\SPH\GeoDualSPHysics_v5.2\examples\u-pw\04_Undrained_Triaxial\experiments\M3e_MCCFeedbackOffPackage\figures\m3e_plastic_vol_strain_main.png","m3e_plastic_vol_strain_main.png",".png","92818","2026/05/14 5:01:24"
"D:\MYF\SPH\GeoDualSPHysics_v5.2\examples\u-pw\04_Undrained_Triaxial\experiments\M3e_MCCFeedbackOffPackage\figures\m3e_plastic_vol_strain_main.svg","m3e_plastic_vol_strain_main.svg",".svg","57690","2026/05/14 5:04:53"
"D:\MYF\SPH\GeoDualSPHysics_v5.2\examples\u-pw\04_Undrained_Triaxial\experiments\M3e_MCCFeedbackOffPackage\figures\m3e_pore_pressure_main.png","m3e_pore_pressure_main.png",".png","102635","2026/05/14 5:01:25"
"D:\MYF\SPH\GeoDualSPHysics_v5.2\examples\u-pw\04_Undrained_Triaxial\experiments\M3e_MCCFeedbackOffPackage\figures\m3e_pore_pressure_main.svg","m3e_pore_pressure_main.svg",".svg","61351","2026/05/14 5:04:53"
"D:\MYF\SPH\GeoDualSPHysics_v5.2\examples\u-pw\04_Undrained_Triaxial\experiments\M3e_MCCFeedbackOffPackage\figures\m3e_porepressrate_supp.png","m3e_porepressrate_supp.png",".png","77160","2026/05/14 5:01:25"
"D:\MYF\SPH\GeoDualSPHysics_v5.2\examples\u-pw\04_Undrained_Triaxial\experiments\M3e_MCCFeedbackOffPackage\figures\m3e_porepressrate_supp.svg","m3e_porepressrate_supp.svg",".svg","66132","2026/05/14 5:04:53"
"D:\MYF\SPH\GeoDualSPHysics_v5.2\examples\u-pw\04_Undrained_Triaxial\experiments\M3e_MCCFeedbackOffPackage\figures\m3e_pq_path_main.png","m3e_pq_path_main.png",".png","62636","2026/05/14 5:01:23"
"D:\MYF\SPH\GeoDualSPHysics_v5.2\examples\u-pw\04_Undrained_Triaxial\experiments\M3e_MCCFeedbackOffPackage\figures\m3e_pq_path_main.svg","m3e_pq_path_main.svg",".svg","56910","2026/05/14 5:04:53"
"D:\MYF\SPH\GeoDualSPHysics_v5.2\examples\u-pw\04_Undrained_Triaxial\experiments\M3e_MCCFeedbackOffPackage\figures\m3e_reaction_stress_strain_main.png","m3e_reaction_stress_strain_main.png",".png","70033","2026/05/14 5:01:23"
"D:\MYF\SPH\GeoDualSPHysics_v5.2\examples\u-pw\04_Undrained_Triaxial\experiments\M3e_MCCFeedbackOffPackage\figures\m3e_reaction_stress_strain_main.svg","m3e_reaction_stress_strain_main.svg",".svg","58482","2026/05/14 5:04:53"
"D:\MYF\SPH\GeoDualSPHysics_v5.2\examples\u-pw\04_Undrained_Triaxial\experiments\M3e_MCCFeedbackOffPackage\figures\m3e_return_failure_counts_main.png","m3e_return_failure_counts_main.png",".png","101236","2026/05/14 5:01:25"
"D:\MYF\SPH\GeoDualSPHysics_v5.2\examples\u-pw\04_Undrained_Triaxial\experiments\M3e_MCCFeedbackOffPackage\figures\m3e_return_failure_counts_main.svg","m3e_return_failure_counts_main.svg",".svg","65922","2026/05/14 5:04:53"
"D:\MYF\SPH\GeoDualSPHysics_v5.2\examples\u-pw\04_Undrained_Triaxial\experiments\M3e_MCCFeedbackOffPackage\figures\m3e_return_iterations_supp.png","m3e_return_iterations_supp.png",".png","111536","2026/05/14 5:01:27"
"D:\MYF\SPH\GeoDualSPHysics_v5.2\examples\u-pw\04_Undrained_Triaxial\experiments\M3e_MCCFeedbackOffPackage\figures\m3e_return_iterations_supp.svg","m3e_return_iterations_supp.svg",".svg","62230","2026/05/14 5:04:53"
"D:\MYF\SPH\GeoDualSPHysics_v5.2\examples\u-pw\04_Undrained_Triaxial\experiments\M3e_MCCFeedbackOffPackage\figures\m3e_substep_count_supp.png","m3e_substep_count_supp.png",".png","93934","2026/05/14 5:01:28"
"D:\MYF\SPH\GeoDualSPHysics_v5.2\examples\u-pw\04_Undrained_Triaxial\experiments\M3e_MCCFeedbackOffPackage\figures\m3e_substep_count_supp.svg","m3e_substep_count_supp.svg",".svg","64599","2026/05/14 5:04:53"
"D:\MYF\SPH\GeoDualSPHysics_v5.2\examples\u-pw\04_Undrained_Triaxial\experiments\M3e_MCCFeedbackOffPackage\figures\m3e_velocity_supp.png","m3e_velocity_supp.png",".png","72347","2026/05/14 5:01:26"
"D:\MYF\SPH\GeoDualSPHysics_v5.2\examples\u-pw\04_Undrained_Triaxial\experiments\M3e_MCCFeedbackOffPackage\figures\m3e_velocity_supp.svg","m3e_velocity_supp.svg",".svg","63401","2026/05/14 5:04:53"
"D:\MYF\SPH\GeoDualSPHysics_v5.2\examples\u-pw\04_Undrained_Triaxial\experiments\M3e_MCCFeedbackOffPackage\figures\m3e_void_ratio_evolution_main.png","m3e_void_ratio_evolution_main.png",".png","93150","2026/05/14 5:01:24"
"D:\MYF\SPH\GeoDualSPHysics_v5.2\examples\u-pw\04_Undrained_Triaxial\experiments\M3e_MCCFeedbackOffPackage\figures\m3e_void_ratio_evolution_main.svg","m3e_void_ratio_evolution_main.svg",".svg","59302","2026/05/14 5:04:53"
"D:\MYF\SPH\GeoDualSPHysics_v5.2\examples\u-pw\04_Undrained_Triaxial\experiments\M3e_MCCFeedbackOffPackage\figures\m3e_yield_residual_supp.png","m3e_yield_residual_supp.png",".png","133148","2026/05/14 5:01:27"
"D:\MYF\SPH\GeoDualSPHysics_v5.2\examples\u-pw\04_Undrained_Triaxial\experiments\M3e_MCCFeedbackOffPackage\figures\m3e_yield_residual_supp.svg","m3e_yield_residual_supp.svg",".svg","67178","2026/05/14 5:04:53"
"D:\MYF\SPH\GeoDualSPHysics_v5.2\examples\u-pw\04_Undrained_Triaxial\experiments\M3e_MCCFeedbackOffPackage\m3e_case_inventory.csv","m3e_case_inventory.csv",".csv","2480","2026/05/14 5:01:23"
"D:\MYF\SPH\GeoDualSPHysics_v5.2\examples\u-pw\04_Undrained_Triaxial\experiments\M3e_MCCFeedbackOffPackage\m3e_mcc_state_summary.csv","m3e_mcc_state_summary.csv",".csv","2035","2026/05/14 5:01:23"
"D:\MYF\SPH\GeoDualSPHysics_v5.2\examples\u-pw\04_Undrained_Triaxial\experiments\M3e_MCCFeedbackOffPackage\m3e_pore_pressure_summary.csv","m3e_pore_pressure_summary.csv",".csv","1214","2026/05/14 5:01:23"
"D:\MYF\SPH\GeoDualSPHysics_v5.2\examples\u-pw\04_Undrained_Triaxial\experiments\M3e_MCCFeedbackOffPackage\m3e_reaction_summary.csv","m3e_reaction_summary.csv",".csv","1500","2026/05/14 5:01:23"
"D:\MYF\SPH\GeoDualSPHysics_v5.2\examples\u-pw\04_Undrained_Triaxial\experiments\M3e_MCCFeedbackOffPackage\m3e_return_status_summary.csv","m3e_return_status_summary.csv",".csv","1262","2026/05/14 5:01:23"
"D:\MYF\SPH\GeoDualSPHysics_v5.2\examples\u-pw\04_Undrained_Triaxial\experiments\M3e_MCCFeedbackOffPackage\m3e_stress_path_summary.csv","m3e_stress_path_summary.csv",".csv","1676","2026/05/14 5:01:23"
"D:\MYF\SPH\GeoDualSPHysics_v5.2\examples\u-pw\04_Undrained_Triaxial\experiments\M3e_MCCFeedbackOffPackage\m3e_summary_metrics.csv","m3e_summary_metrics.csv",".csv","7922","2026/05/14 5:01:23"
"D:\MYF\SPH\GeoDualSPHysics_v5.2\examples\u-pw\04_Undrained_Triaxial\experiments\M3e_MCCFeedbackOffPackage\README.md","README.md",".md","771","2026/05/14 5:01:28"
"D:\MYF\SPH\GeoDualSPHysics_v5.2\examples\u-pw\04_Undrained_Triaxial\experiments\M3f_MCCReturnStagingRefinement\analyze_m3f_mcc_return_staging.py","analyze_m3f_mcc_return_staging.py",".py","19419","2026/05/14 5:23:03"
"D:\MYF\SPH\GeoDualSPHysics_v5.2\examples\u-pw\04_Undrained_Triaxial\experiments\M3f_MCCReturnStagingRefinement\CaseM3f_MCCMildBaseline_Def.xml","CaseM3f_MCCMildBaseline_Def.xml",".xml","9184","2026/05/14 5:20:34"
"D:\MYF\SPH\GeoDualSPHysics_v5.2\examples\u-pw\04_Undrained_Triaxial\experiments\M3f_MCCReturnStagingRefinement\CaseM3f_MCCMildHalfSpeedAdaptiveRef_Def.xml","CaseM3f_MCCMildHalfSpeedAdaptiveRef_Def.xml",".xml","9178","2026/05/14 5:20:34"
"D:\MYF\SPH\GeoDualSPHysics_v5.2\examples\u-pw\04_Undrained_Triaxial\experiments\M3f_MCCReturnStagingRefinement\CaseM3f_MCCMildHalfSpeedRampAdaptive_Def.xml","CaseM3f_MCCMildHalfSpeedRampAdaptive_Def.xml",".xml","9369","2026/05/14 5:20:34"
"D:\MYF\SPH\GeoDualSPHysics_v5.2\examples\u-pw\04_Undrained_Triaxial\experiments\M3f_MCCReturnStagingRefinement\CaseM3f_MCCMildImprovedAdaptive_Def.xml","CaseM3f_MCCMildImprovedAdaptive_Def.xml",".xml","9224","2026/05/14 5:20:34"
"D:\MYF\SPH\GeoDualSPHysics_v5.2\examples\u-pw\04_Undrained_Triaxial\experiments\M3f_MCCReturnStagingRefinement\CaseM3f_MCCMildQuarterSpeedAdaptiveRef_Def.xml","CaseM3f_MCCMildQuarterSpeedAdaptiveRef_Def.xml",".xml","9200","2026/05/14 5:20:34"
"D:\MYF\SPH\GeoDualSPHysics_v5.2\examples\u-pw\04_Undrained_Triaxial\experiments\M3f_MCCReturnStagingRefinement\CaseM3f_MCCMildRampCurrentAdaptive_Def.xml","CaseM3f_MCCMildRampCurrentAdaptive_Def.xml",".xml","9364","2026/05/14 5:20:34"
"D:\MYF\SPH\GeoDualSPHysics_v5.2\examples\u-pw\04_Undrained_Triaxial\experiments\M3f_MCCReturnStagingRefinement\CaseM3f_MCCMildRampImprovedAdaptive_Def.xml","CaseM3f_MCCMildRampImprovedAdaptive_Def.xml",".xml","9361","2026/05/14 5:20:34"
"D:\MYF\SPH\GeoDualSPHysics_v5.2\examples\u-pw\04_Undrained_Triaxial\experiments\M3f_MCCReturnStagingRefinement\figures\m3f_eq_plastic_strain.png","m3f_eq_plastic_strain.png",".png","92656","2026/05/14 5:23:15"
"D:\MYF\SPH\GeoDualSPHysics_v5.2\examples\u-pw\04_Undrained_Triaxial\experiments\M3f_MCCReturnStagingRefinement\figures\m3f_eq_plastic_strain.svg","m3f_eq_plastic_strain.svg",".svg","45352","2026/05/14 5:23:15"
"D:\MYF\SPH\GeoDualSPHysics_v5.2\examples\u-pw\04_Undrained_Triaxial\experiments\M3f_MCCReturnStagingRefinement\figures\m3f_failed_particle_locations.png","m3f_failed_particle_locations.png",".png","44672","2026/05/14 5:23:17"
"D:\MYF\SPH\GeoDualSPHysics_v5.2\examples\u-pw\04_Undrained_Triaxial\experiments\M3f_MCCReturnStagingRefinement\figures\m3f_failed_particle_locations.svg","m3f_failed_particle_locations.svg",".svg","156209","2026/05/14 5:23:17"
"D:\MYF\SPH\GeoDualSPHysics_v5.2\examples\u-pw\04_Undrained_Triaxial\experiments\M3f_MCCReturnStagingRefinement\figures\m3f_kplastic.png","m3f_kplastic.png",".png","72785","2026/05/14 5:23:16"
"D:\MYF\SPH\GeoDualSPHysics_v5.2\examples\u-pw\04_Undrained_Triaxial\experiments\M3f_MCCReturnStagingRefinement\figures\m3f_kplastic.svg","m3f_kplastic.svg",".svg","47211","2026/05/14 5:23:16"
"D:\MYF\SPH\GeoDualSPHysics_v5.2\examples\u-pw\04_Undrained_Triaxial\experiments\M3f_MCCReturnStagingRefinement\figures\m3f_pc_mean.png","m3f_pc_mean.png",".png","91748","2026/05/14 5:23:15"
"D:\MYF\SPH\GeoDualSPHysics_v5.2\examples\u-pw\04_Undrained_Triaxial\experiments\M3f_MCCReturnStagingRefinement\figures\m3f_pc_mean.svg","m3f_pc_mean.svg",".svg","48022","2026/05/14 5:23:15"
"D:\MYF\SPH\GeoDualSPHysics_v5.2\examples\u-pw\04_Undrained_Triaxial\experiments\M3f_MCCReturnStagingRefinement\figures\m3f_plastic_vol_strain.png","m3f_plastic_vol_strain.png",".png","99158","2026/05/14 5:23:15"
"D:\MYF\SPH\GeoDualSPHysics_v5.2\examples\u-pw\04_Undrained_Triaxial\experiments\M3f_MCCReturnStagingRefinement\figures\m3f_plastic_vol_strain.svg","m3f_plastic_vol_strain.svg",".svg","46578","2026/05/14 5:23:15"
"D:\MYF\SPH\GeoDualSPHysics_v5.2\examples\u-pw\04_Undrained_Triaxial\experiments\M3f_MCCReturnStagingRefinement\figures\m3f_pore_pressure.png","m3f_pore_pressure.png",".png","128468","2026/05/14 5:23:16"
"D:\MYF\SPH\GeoDualSPHysics_v5.2\examples\u-pw\04_Undrained_Triaxial\experiments\M3f_MCCReturnStagingRefinement\figures\m3f_pore_pressure.svg","m3f_pore_pressure.svg",".svg","47747","2026/05/14 5:23:16"
"D:\MYF\SPH\GeoDualSPHysics_v5.2\examples\u-pw\04_Undrained_Triaxial\experiments\M3f_MCCReturnStagingRefinement\figures\m3f_pq_path_comparison.png","m3f_pq_path_comparison.png",".png","152380","2026/05/14 5:23:16"
"D:\MYF\SPH\GeoDualSPHysics_v5.2\examples\u-pw\04_Undrained_Triaxial\experiments\M3f_MCCReturnStagingRefinement\figures\m3f_pq_path_comparison.svg","m3f_pq_path_comparison.svg",".svg","45380","2026/05/14 5:23:16"
"D:\MYF\SPH\GeoDualSPHysics_v5.2\examples\u-pw\04_Undrained_Triaxial\experiments\M3f_MCCReturnStagingRefinement\figures\m3f_reaction_stress.png","m3f_reaction_stress.png",".png","89654","2026/05/14 5:23:16"
"D:\MYF\SPH\GeoDualSPHysics_v5.2\examples\u-pw\04_Undrained_Triaxial\experiments\M3f_MCCReturnStagingRefinement\figures\m3f_reaction_stress.svg","m3f_reaction_stress.svg",".svg","46832","2026/05/14 5:23:16"
"D:\MYF\SPH\GeoDualSPHysics_v5.2\examples\u-pw\04_Undrained_Triaxial\experiments\M3f_MCCReturnStagingRefinement\figures\m3f_return_status_minus1.png","m3f_return_status_minus1.png",".png","66732","2026/05/14 5:23:14"
"D:\MYF\SPH\GeoDualSPHysics_v5.2\examples\u-pw\04_Undrained_Triaxial\experiments\M3f_MCCReturnStagingRefinement\figures\m3f_return_status_minus1.svg","m3f_return_status_minus1.svg",".svg","49767","2026/05/14 5:23:14"
"D:\MYF\SPH\GeoDualSPHysics_v5.2\examples\u-pw\04_Undrained_Triaxial\experiments\M3f_MCCReturnStagingRefinement\figures\m3f_return_status_minus3.png","m3f_return_status_minus3.png",".png","99312","2026/05/14 5:23:14"
"D:\MYF\SPH\GeoDualSPHysics_v5.2\examples\u-pw\04_Undrained_Triaxial\experiments\M3f_MCCReturnStagingRefinement\figures\m3f_return_status_minus3.svg","m3f_return_status_minus3.svg",".svg","47973","2026/05/14 5:23:14"
"D:\MYF\SPH\GeoDualSPHysics_v5.2\examples\u-pw\04_Undrained_Triaxial\experiments\M3f_MCCReturnStagingRefinement\figures\m3f_substep_count_max.png","m3f_substep_count_max.png",".png","88507","2026/05/14 5:23:14"
"D:\MYF\SPH\GeoDualSPHysics_v5.2\examples\u-pw\04_Undrained_Triaxial\experiments\M3f_MCCReturnStagingRefinement\figures\m3f_substep_count_max.svg","m3f_substep_count_max.svg",".svg","45475","2026/05/14 5:23:14"
"D:\MYF\SPH\GeoDualSPHysics_v5.2\examples\u-pw\04_Undrained_Triaxial\experiments\M3f_MCCReturnStagingRefinement\figures\m3f_void_ratio_mean.png","m3f_void_ratio_mean.png",".png","86289","2026/05/14 5:23:15"
"D:\MYF\SPH\GeoDualSPHysics_v5.2\examples\u-pw\04_Undrained_Triaxial\experiments\M3f_MCCReturnStagingRefinement\figures\m3f_void_ratio_mean.svg","m3f_void_ratio_mean.svg",".svg","45031","2026/05/14 5:23:15"
"D:\MYF\SPH\GeoDualSPHysics_v5.2\examples\u-pw\04_Undrained_Triaxial\experiments\M3f_MCCReturnStagingRefinement\figures\m3f_yield_residual_converged.png","m3f_yield_residual_converged.png",".png","140610","2026/05/14 5:23:14"
"D:\MYF\SPH\GeoDualSPHysics_v5.2\examples\u-pw\04_Undrained_Triaxial\experiments\M3f_MCCReturnStagingRefinement\figures\m3f_yield_residual_converged.svg","m3f_yield_residual_converged.svg",".svg","50350","2026/05/14 5:23:14"
"D:\MYF\SPH\GeoDualSPHysics_v5.2\examples\u-pw\04_Undrained_Triaxial\experiments\M3f_MCCReturnStagingRefinement\m3f_case_summary.csv","m3f_case_summary.csv",".csv","2566","2026/05/14 5:23:13"
"D:\MYF\SPH\GeoDualSPHysics_v5.2\examples\u-pw\04_Undrained_Triaxial\experiments\M3f_MCCReturnStagingRefinement\m3f_clean_candidate_summary.csv","m3f_clean_candidate_summary.csv",".csv","2566","2026/05/14 5:23:13"
"D:\MYF\SPH\GeoDualSPHysics_v5.2\examples\u-pw\04_Undrained_Triaxial\experiments\M3f_MCCReturnStagingRefinement\m3f_failure_region_summary.csv","m3f_failure_region_summary.csv",".csv","86794","2026/05/14 5:23:13"
"D:\MYF\SPH\GeoDualSPHysics_v5.2\examples\u-pw\04_Undrained_Triaxial\experiments\M3f_MCCReturnStagingRefinement\m3f_pc_ev_plastic_strain_metrics.csv","m3f_pc_ev_plastic_strain_metrics.csv",".csv","45423","2026/05/14 5:23:13"
"D:\MYF\SPH\GeoDualSPHysics_v5.2\examples\u-pw\04_Undrained_Triaxial\experiments\M3f_MCCReturnStagingRefinement\m3f_pore_pressure_metrics.csv","m3f_pore_pressure_metrics.csv",".csv","36511","2026/05/14 5:23:13"
"D:\MYF\SPH\GeoDualSPHysics_v5.2\examples\u-pw\04_Undrained_Triaxial\experiments\M3f_MCCReturnStagingRefinement\m3f_reaction_stress_path_metrics.csv","m3f_reaction_stress_path_metrics.csv",".csv","35635","2026/05/14 5:23:13"
"D:\MYF\SPH\GeoDualSPHysics_v5.2\examples\u-pw\04_Undrained_Triaxial\experiments\M3f_MCCReturnStagingRefinement\m3f_return_failure_timeline.csv","m3f_return_failure_timeline.csv",".csv","9466","2026/05/14 5:23:13"
"D:\MYF\SPH\GeoDualSPHysics_v5.2\examples\u-pw\04_Undrained_Triaxial\experiments\M3f_MCCReturnStagingRefinement\m3f_return_status_timeline.csv","m3f_return_status_timeline.csv",".csv","84888","2026/05/14 5:23:13"
"D:\MYF\SPH\GeoDualSPHysics_v5.2\examples\u-pw\04_Undrained_Triaxial\experiments\M3f_MCCReturnStagingRefinement\m3f_substep_trigger_metrics.csv","m3f_substep_trigger_metrics.csv",".csv","55804","2026/05/14 5:23:13"
"D:\MYF\SPH\GeoDualSPHysics_v5.2\examples\u-pw\04_Undrained_Triaxial\experiments\M3f_MCCReturnStagingRefinement\m3f_transient_failed_particles.csv","m3f_transient_failed_particles.csv",".csv","1464573","2026/05/14 5:23:13"
"D:\MYF\SPH\GeoDualSPHysics_v5.2\examples\u-pw\04_Undrained_Triaxial\experiments\M3f_MCCReturnStagingRefinement\m3f_yield_residual_metrics.csv","m3f_yield_residual_metrics.csv",".csv","21426","2026/05/14 5:23:13"
"D:\MYF\SPH\GeoDualSPHysics_v5.2\examples\u-pw\04_Undrained_Triaxial\experiments\M3f_MCCReturnStagingRefinement\make_m3f_cases.py","make_m3f_cases.py",".py","8958","2026/05/14 5:20:28"
"D:\MYF\SPH\GeoDualSPHysics_v5.2\examples\u-pw\04_Undrained_Triaxial\experiments\M3f_MCCReturnStagingRefinement\README.md","README.md",".md","244","2026/05/14 5:20:34"
"D:\MYF\SPH\GeoDualSPHysics_v5.2\examples\u-pw\04_Undrained_Triaxial\experiments\M3f_MCCReturnStagingRefinement\xRun_CaseM3f_MCCMildBaseline_win64_CPU_release.bat","xRun_CaseM3f_MCCMildBaseline_win64_CPU_release.bat",".bat","543","2026/05/14 5:20:34"
"D:\MYF\SPH\GeoDualSPHysics_v5.2\examples\u-pw\04_Undrained_Triaxial\experiments\M3f_MCCReturnStagingRefinement\xRun_CaseM3f_MCCMildHalfSpeedAdaptiveRef_win64_CPU_release.bat","xRun_CaseM3f_MCCMildHalfSpeedAdaptiveRef_win64_CPU_release.bat",".bat","567","2026/05/14 5:20:34"
"D:\MYF\SPH\GeoDualSPHysics_v5.2\examples\u-pw\04_Undrained_Triaxial\experiments\M3f_MCCReturnStagingRefinement\xRun_CaseM3f_MCCMildHalfSpeedRampAdaptive_win64_CPU_release.bat","xRun_CaseM3f_MCCMildHalfSpeedRampAdaptive_win64_CPU_release.bat",".bat","569","2026/05/14 5:20:34"
"D:\MYF\SPH\GeoDualSPHysics_v5.2\examples\u-pw\04_Undrained_Triaxial\experiments\M3f_MCCReturnStagingRefinement\xRun_CaseM3f_MCCMildImprovedAdaptive_win64_CPU_release.bat","xRun_CaseM3f_MCCMildImprovedAdaptive_win64_CPU_release.bat",".bat","559","2026/05/14 5:20:34"
"D:\MYF\SPH\GeoDualSPHysics_v5.2\examples\u-pw\04_Undrained_Triaxial\experiments\M3f_MCCReturnStagingRefinement\xRun_CaseM3f_MCCMildQuarterSpeedAdaptiveRef_win64_CPU_release.bat","xRun_CaseM3f_MCCMildQuarterSpeedAdaptiveRef_win64_CPU_release.bat",".bat","573","2026/05/14 5:20:34"
"D:\MYF\SPH\GeoDualSPHysics_v5.2\examples\u-pw\04_Undrained_Triaxial\experiments\M3f_MCCReturnStagingRefinement\xRun_CaseM3f_MCCMildRampCurrentAdaptive_win64_CPU_release.bat","xRun_CaseM3f_MCCMildRampCurrentAdaptive_win64_CPU_release.bat",".bat","565","2026/05/14 5:20:34"
"D:\MYF\SPH\GeoDualSPHysics_v5.2\examples\u-pw\04_Undrained_Triaxial\experiments\M3f_MCCReturnStagingRefinement\xRun_CaseM3f_MCCMildRampImprovedAdaptive_win64_CPU_release.bat","xRun_CaseM3f_MCCMildRampImprovedAdaptive_win64_CPU_release.bat",".bat","567","2026/05/14 5:20:34"
"D:\MYF\SPH\GeoDualSPHysics_v5.2\examples\u-pw\04_Undrained_Triaxial\experiments\M3h_MCCAdmissibleReturn\analyze_m3h_mcc_admissible_return.py","analyze_m3h_mcc_admissible_return.py",".py","25794","2026/05/14 9:27:21"
"D:\MYF\SPH\GeoDualSPHysics_v5.2\examples\u-pw\04_Undrained_Triaxial\experiments\M3h_MCCAdmissibleReturn\CaseM3h_MCCMildAdaptiveLine_Def.xml","CaseM3h_MCCMildAdaptiveLine_Def.xml",".xml","9518","2026/05/14 9:22:30"
"D:\MYF\SPH\GeoDualSPHysics_v5.2\examples\u-pw\04_Undrained_Triaxial\experiments\M3h_MCCAdmissibleReturn\CaseM3h_MCCMildAdmissibleLine_Def.xml","CaseM3h_MCCMildAdmissibleLine_Def.xml",".xml","9492","2026/05/14 9:22:30"
"D:\MYF\SPH\GeoDualSPHysics_v5.2\examples\u-pw\04_Undrained_Triaxial\experiments\M3h_MCCAdmissibleReturn\CaseM3h_MCCMildBaseline_Def.xml","CaseM3h_MCCMildBaseline_Def.xml",".xml","9490","2026/05/14 9:22:30"
"D:\MYF\SPH\GeoDualSPHysics_v5.2\examples\u-pw\04_Undrained_Triaxial\experiments\M3h_MCCAdmissibleReturn\CaseM3h_MCCMildHalfSpeedAdaptiveLine_Def.xml","CaseM3h_MCCMildHalfSpeedAdaptiveLine_Def.xml",".xml","9515","2026/05/14 9:22:30"
"D:\MYF\SPH\GeoDualSPHysics_v5.2\examples\u-pw\04_Undrained_Triaxial\experiments\M3h_MCCAdmissibleReturn\CaseM3h_MCCMildQuarterSpeedLine_Def.xml","CaseM3h_MCCMildQuarterSpeedLine_Def.xml",".xml","9505","2026/05/14 9:22:30"
"D:\MYF\SPH\GeoDualSPHysics_v5.2\examples\u-pw\04_Undrained_Triaxial\experiments\M3h_MCCAdmissibleReturn\figures\m3h_admissibility_failures.png","m3h_admissibility_failures.png",".png","45519","2026/05/14 9:27:47"
"D:\MYF\SPH\GeoDualSPHysics_v5.2\examples\u-pw\04_Undrained_Triaxial\experiments\M3h_MCCAdmissibleReturn\figures\m3h_admissibility_failures.svg","m3h_admissibility_failures.svg",".svg","42748","2026/05/14 9:27:47"
"D:\MYF\SPH\GeoDualSPHysics_v5.2\examples\u-pw\04_Undrained_Triaxial\experiments\M3h_MCCAdmissibleReturn\figures\m3h_eq_plastic_strain.png","m3h_eq_plastic_strain.png",".png","96545","2026/05/14 9:27:48"
"D:\MYF\SPH\GeoDualSPHysics_v5.2\examples\u-pw\04_Undrained_Triaxial\experiments\M3h_MCCAdmissibleReturn\figures\m3h_eq_plastic_strain.svg","m3h_eq_plastic_strain.svg",".svg","41682","2026/05/14 9:27:48"
"D:\MYF\SPH\GeoDualSPHysics_v5.2\examples\u-pw\04_Undrained_Triaxial\experiments\M3h_MCCAdmissibleReturn\figures\m3h_failed_particle_locations.png","m3h_failed_particle_locations.png",".png","49943","2026/05/14 9:27:49"
"D:\MYF\SPH\GeoDualSPHysics_v5.2\examples\u-pw\04_Undrained_Triaxial\experiments\M3h_MCCAdmissibleReturn\figures\m3h_failed_particle_locations.svg","m3h_failed_particle_locations.svg",".svg","311649","2026/05/14 9:27:49"
"D:\MYF\SPH\GeoDualSPHysics_v5.2\examples\u-pw\04_Undrained_Triaxial\experiments\M3h_MCCAdmissibleReturn\figures\m3h_kplastic.png","m3h_kplastic.png",".png","79065","2026/05/14 9:27:49"
"D:\MYF\SPH\GeoDualSPHysics_v5.2\examples\u-pw\04_Undrained_Triaxial\experiments\M3h_MCCAdmissibleReturn\figures\m3h_kplastic.svg","m3h_kplastic.svg",".svg","39917","2026/05/14 9:27:49"
"D:\MYF\SPH\GeoDualSPHysics_v5.2\examples\u-pw\04_Undrained_Triaxial\experiments\M3h_MCCAdmissibleReturn\figures\m3h_line_search_backtrack_max.png","m3h_line_search_backtrack_max.png",".png","102141","2026/05/14 9:27:46"
"D:\MYF\SPH\GeoDualSPHysics_v5.2\examples\u-pw\04_Undrained_Triaxial\experiments\M3h_MCCAdmissibleReturn\figures\m3h_line_search_backtrack_max.svg","m3h_line_search_backtrack_max.svg",".svg","39606","2026/05/14 9:27:46"
"D:\MYF\SPH\GeoDualSPHysics_v5.2\examples\u-pw\04_Undrained_Triaxial\experiments\M3h_MCCAdmissibleReturn\figures\m3h_line_search_min_alpha.png","m3h_line_search_min_alpha.png",".png","58273","2026/05/14 9:27:46"
"D:\MYF\SPH\GeoDualSPHysics_v5.2\examples\u-pw\04_Undrained_Triaxial\experiments\M3h_MCCAdmissibleReturn\figures\m3h_line_search_min_alpha.svg","m3h_line_search_min_alpha.svg",".svg","39668","2026/05/14 9:27:46"
"D:\MYF\SPH\GeoDualSPHysics_v5.2\examples\u-pw\04_Undrained_Triaxial\experiments\M3h_MCCAdmissibleReturn\figures\m3h_pc_mean.png","m3h_pc_mean.png",".png","97866","2026/05/14 9:27:47"
"D:\MYF\SPH\GeoDualSPHysics_v5.2\examples\u-pw\04_Undrained_Triaxial\experiments\M3h_MCCAdmissibleReturn\figures\m3h_pc_mean.svg","m3h_pc_mean.svg",".svg","41412","2026/05/14 9:27:47"
"D:\MYF\SPH\GeoDualSPHysics_v5.2\examples\u-pw\04_Undrained_Triaxial\experiments\M3h_MCCAdmissibleReturn\figures\m3h_plastic_vol_strain.png","m3h_plastic_vol_strain.png",".png","113628","2026/05/14 9:27:48"
"D:\MYF\SPH\GeoDualSPHysics_v5.2\examples\u-pw\04_Undrained_Triaxial\experiments\M3h_MCCAdmissibleReturn\figures\m3h_plastic_vol_strain.svg","m3h_plastic_vol_strain.svg",".svg","43906","2026/05/14 9:27:48"
"D:\MYF\SPH\GeoDualSPHysics_v5.2\examples\u-pw\04_Undrained_Triaxial\experiments\M3h_MCCAdmissibleReturn\figures\m3h_pore_pressure.png","m3h_pore_pressure.png",".png","109454","2026/05/14 9:27:49"
"D:\MYF\SPH\GeoDualSPHysics_v5.2\examples\u-pw\04_Undrained_Triaxial\experiments\M3h_MCCAdmissibleReturn\figures\m3h_pore_pressure.svg","m3h_pore_pressure.svg",".svg","40991","2026/05/14 9:27:49"
"D:\MYF\SPH\GeoDualSPHysics_v5.2\examples\u-pw\04_Undrained_Triaxial\experiments\M3h_MCCAdmissibleReturn\figures\m3h_pq_path_comparison.png","m3h_pq_path_comparison.png",".png","113789","2026/05/14 9:27:49"
"D:\MYF\SPH\GeoDualSPHysics_v5.2\examples\u-pw\04_Undrained_Triaxial\experiments\M3h_MCCAdmissibleReturn\figures\m3h_pq_path_comparison.svg","m3h_pq_path_comparison.svg",".svg","37321","2026/05/14 9:27:49"
"D:\MYF\SPH\GeoDualSPHysics_v5.2\examples\u-pw\04_Undrained_Triaxial\experiments\M3h_MCCAdmissibleReturn\figures\m3h_reaction_stress.png","m3h_reaction_stress.png",".png","72554","2026/05/14 9:27:48"
"D:\MYF\SPH\GeoDualSPHysics_v5.2\examples\u-pw\04_Undrained_Triaxial\experiments\M3h_MCCAdmissibleReturn\figures\m3h_reaction_stress.svg","m3h_reaction_stress.svg",".svg","39836","2026/05/14 9:27:48"
"D:\MYF\SPH\GeoDualSPHysics_v5.2\examples\u-pw\04_Undrained_Triaxial\experiments\M3h_MCCAdmissibleReturn\figures\m3h_return_status_minus1.png","m3h_return_status_minus1.png",".png","54834","2026/05/14 9:27:46"
"D:\MYF\SPH\GeoDualSPHysics_v5.2\examples\u-pw\04_Undrained_Triaxial\experiments\M3h_MCCAdmissibleReturn\figures\m3h_return_status_minus1.svg","m3h_return_status_minus1.svg",".svg","43461","2026/05/14 9:27:46"
"D:\MYF\SPH\GeoDualSPHysics_v5.2\examples\u-pw\04_Undrained_Triaxial\experiments\M3h_MCCAdmissibleReturn\figures\m3h_return_status_minus3.png","m3h_return_status_minus3.png",".png","96185","2026/05/14 9:27:46"
"D:\MYF\SPH\GeoDualSPHysics_v5.2\examples\u-pw\04_Undrained_Triaxial\experiments\M3h_MCCAdmissibleReturn\figures\m3h_return_status_minus3.svg","m3h_return_status_minus3.svg",".svg","42855","2026/05/14 9:27:45"
"D:\MYF\SPH\GeoDualSPHysics_v5.2\examples\u-pw\04_Undrained_Triaxial\experiments\M3h_MCCAdmissibleReturn\figures\m3h_return_status_minus5.png","m3h_return_status_minus5.png",".png","35941","2026/05/14 9:27:46"
"D:\MYF\SPH\GeoDualSPHysics_v5.2\examples\u-pw\04_Undrained_Triaxial\experiments\M3h_MCCAdmissibleReturn\figures\m3h_return_status_minus5.svg","m3h_return_status_minus5.svg",".svg","39896","2026/05/14 9:27:46"
"D:\MYF\SPH\GeoDualSPHysics_v5.2\examples\u-pw\04_Undrained_Triaxial\experiments\M3h_MCCAdmissibleReturn\figures\m3h_substep_count_max.png","m3h_substep_count_max.png",".png","77870","2026/05/14 9:27:47"
"D:\MYF\SPH\GeoDualSPHysics_v5.2\examples\u-pw\04_Undrained_Triaxial\experiments\M3h_MCCAdmissibleReturn\figures\m3h_substep_count_max.svg","m3h_substep_count_max.svg",".svg","41566","2026/05/14 9:27:47"
"D:\MYF\SPH\GeoDualSPHysics_v5.2\examples\u-pw\04_Undrained_Triaxial\experiments\M3h_MCCAdmissibleReturn\figures\m3h_void_ratio_mean.png","m3h_void_ratio_mean.png",".png","100848","2026/05/14 9:27:48"
"D:\MYF\SPH\GeoDualSPHysics_v5.2\examples\u-pw\04_Undrained_Triaxial\experiments\M3h_MCCAdmissibleReturn\figures\m3h_void_ratio_mean.svg","m3h_void_ratio_mean.svg",".svg","42137","2026/05/14 9:27:48"
"D:\MYF\SPH\GeoDualSPHysics_v5.2\examples\u-pw\04_Undrained_Triaxial\experiments\M3h_MCCAdmissibleReturn\figures\m3h_yield_residual_converged.png","m3h_yield_residual_converged.png",".png","111482","2026/05/14 9:27:47"
"D:\MYF\SPH\GeoDualSPHysics_v5.2\examples\u-pw\04_Undrained_Triaxial\experiments\M3h_MCCAdmissibleReturn\figures\m3h_yield_residual_converged.svg","m3h_yield_residual_converged.svg",".svg","44098","2026/05/14 9:27:47"
"D:\MYF\SPH\GeoDualSPHysics_v5.2\examples\u-pw\04_Undrained_Triaxial\experiments\M3h_MCCAdmissibleReturn\m3h_admissibility_metrics.csv","m3h_admissibility_metrics.csv",".csv","9767","2026/05/14 9:27:45"
"D:\MYF\SPH\GeoDualSPHysics_v5.2\examples\u-pw\04_Undrained_Triaxial\experiments\M3h_MCCAdmissibleReturn\m3h_case_summary.csv","m3h_case_summary.csv",".csv","2175","2026/05/14 9:27:45"
"D:\MYF\SPH\GeoDualSPHysics_v5.2\examples\u-pw\04_Undrained_Triaxial\experiments\M3h_MCCAdmissibleReturn\m3h_clean_candidate_summary.csv","m3h_clean_candidate_summary.csv",".csv","2175","2026/05/14 9:27:45"
"D:\MYF\SPH\GeoDualSPHysics_v5.2\examples\u-pw\04_Undrained_Triaxial\experiments\M3h_MCCAdmissibleReturn\m3h_failed_return_region_summary.csv","m3h_failed_return_region_summary.csv",".csv","59965","2026/05/14 9:27:45"
"D:\MYF\SPH\GeoDualSPHysics_v5.2\examples\u-pw\04_Undrained_Triaxial\experiments\M3h_MCCAdmissibleReturn\m3h_failed_return_state.csv","m3h_failed_return_state.csv",".csv","593760","2026/05/14 9:27:45"
"D:\MYF\SPH\GeoDualSPHysics_v5.2\examples\u-pw\04_Undrained_Triaxial\experiments\M3h_MCCAdmissibleReturn\m3h_line_search_metrics.csv","m3h_line_search_metrics.csv",".csv","12365","2026/05/14 9:27:45"
"D:\MYF\SPH\GeoDualSPHysics_v5.2\examples\u-pw\04_Undrained_Triaxial\experiments\M3h_MCCAdmissibleReturn\m3h_pc_ev_plastic_strain_metrics.csv","m3h_pc_ev_plastic_strain_metrics.csv",".csv","34653","2026/05/14 9:27:45"
"D:\MYF\SPH\GeoDualSPHysics_v5.2\examples\u-pw\04_Undrained_Triaxial\experiments\M3h_MCCAdmissibleReturn\m3h_pore_pressure_metrics.csv","m3h_pore_pressure_metrics.csv",".csv","24389","2026/05/14 9:27:45"
"D:\MYF\SPH\GeoDualSPHysics_v5.2\examples\u-pw\04_Undrained_Triaxial\experiments\M3h_MCCAdmissibleReturn\m3h_reaction_stress_path_metrics.csv","m3h_reaction_stress_path_metrics.csv",".csv","23748","2026/05/14 9:27:45"
"D:\MYF\SPH\GeoDualSPHysics_v5.2\examples\u-pw\04_Undrained_Triaxial\experiments\M3h_MCCAdmissibleReturn\m3h_return_status_timeline.csv","m3h_return_status_timeline.csv",".csv","63873","2026/05/14 9:27:45"
"D:\MYF\SPH\GeoDualSPHysics_v5.2\examples\u-pw\04_Undrained_Triaxial\experiments\M3h_MCCAdmissibleReturn\m3h_substep_metrics.csv","m3h_substep_metrics.csv",".csv","9553","2026/05/14 9:27:45"
"D:\MYF\SPH\GeoDualSPHysics_v5.2\examples\u-pw\04_Undrained_Triaxial\experiments\M3h_MCCAdmissibleReturn\m3h_trial_state_diagnostics.csv","m3h_trial_state_diagnostics.csv",".csv","133072","2026/05/14 9:27:45"
"D:\MYF\SPH\GeoDualSPHysics_v5.2\examples\u-pw\04_Undrained_Triaxial\experiments\M3h_MCCAdmissibleReturn\m3h_yield_residual_metrics.csv","m3h_yield_residual_metrics.csv",".csv","13997","2026/05/14 9:27:45"
"D:\MYF\SPH\GeoDualSPHysics_v5.2\examples\u-pw\04_Undrained_Triaxial\experiments\M3h_MCCAdmissibleReturn\make_m3h_cases.py","make_m3h_cases.py",".py","7187","2026/05/14 9:22:26"
"D:\MYF\SPH\GeoDualSPHysics_v5.2\examples\u-pw\04_Undrained_Triaxial\experiments\M3h_MCCAdmissibleReturn\README.md","README.md",".md","165","2026/05/14 9:22:30"
"D:\MYF\SPH\GeoDualSPHysics_v5.2\examples\u-pw\04_Undrained_Triaxial\experiments\M3h_MCCAdmissibleReturn\xRun_CaseM3h_MCCMildAdaptiveLine_win64_CPU_release.bat","xRun_CaseM3h_MCCMildAdaptiveLine_win64_CPU_release.bat",".bat","551","2026/05/14 9:22:30"
"D:\MYF\SPH\GeoDualSPHysics_v5.2\examples\u-pw\04_Undrained_Triaxial\experiments\M3h_MCCAdmissibleReturn\xRun_CaseM3h_MCCMildAdmissibleLine_win64_CPU_release.bat","xRun_CaseM3h_MCCMildAdmissibleLine_win64_CPU_release.bat",".bat","555","2026/05/14 9:22:30"
"D:\MYF\SPH\GeoDualSPHysics_v5.2\examples\u-pw\04_Undrained_Triaxial\experiments\M3h_MCCAdmissibleReturn\xRun_CaseM3h_MCCMildBaseline_win64_CPU_release.bat","xRun_CaseM3h_MCCMildBaseline_win64_CPU_release.bat",".bat","543","2026/05/14 9:22:30"
"D:\MYF\SPH\GeoDualSPHysics_v5.2\examples\u-pw\04_Undrained_Triaxial\experiments\M3h_MCCAdmissibleReturn\xRun_CaseM3h_MCCMildHalfSpeedAdaptiveLine_win64_CPU_release.bat","xRun_CaseM3h_MCCMildHalfSpeedAdaptiveLine_win64_CPU_release.bat",".bat","569","2026/05/14 9:22:30"
"D:\MYF\SPH\GeoDualSPHysics_v5.2\examples\u-pw\04_Undrained_Triaxial\experiments\M3h_MCCAdmissibleReturn\xRun_CaseM3h_MCCMildQuarterSpeedLine_win64_CPU_release.bat","xRun_CaseM3h_MCCMildQuarterSpeedLine_win64_CPU_release.bat",".bat","559","2026/05/14 9:22:30"
"D:\MYF\SPH\GeoDualSPHysics_v5.2\examples\u-pw\04_Undrained_Triaxial\experiments\M3i_MCCCaveatedReducedPackage\build_m3i_reduced_package.py","build_m3i_reduced_package.py",".py","29759","2026/05/14 13:02:14"
"D:\MYF\SPH\GeoDualSPHysics_v5.2\examples\u-pw\04_Undrained_Triaxial\experiments\M3i_MCCCaveatedReducedPackage\figures\main_01_dp_mcc_axial_stress_strain.png","main_01_dp_mcc_axial_stress_strain.png",".png","84494","2026/05/14 13:02:22"
"D:\MYF\SPH\GeoDualSPHysics_v5.2\examples\u-pw\04_Undrained_Triaxial\experiments\M3i_MCCCaveatedReducedPackage\figures\main_01_dp_mcc_axial_stress_strain.svg","main_01_dp_mcc_axial_stress_strain.svg",".svg","39470","2026/05/14 13:04:39"
"D:\MYF\SPH\GeoDualSPHysics_v5.2\examples\u-pw\04_Undrained_Triaxial\experiments\M3i_MCCCaveatedReducedPackage\figures\main_02_dp_mcc_pq_paths.png","main_02_dp_mcc_pq_paths.png",".png","72789","2026/05/14 13:02:22"
"D:\MYF\SPH\GeoDualSPHysics_v5.2\examples\u-pw\04_Undrained_Triaxial\experiments\M3i_MCCCaveatedReducedPackage\figures\main_02_dp_mcc_pq_paths.svg","main_02_dp_mcc_pq_paths.svg",".svg","35207","2026/05/14 13:04:39"
"D:\MYF\SPH\GeoDualSPHysics_v5.2\examples\u-pw\04_Undrained_Triaxial\experiments\M3i_MCCCaveatedReducedPackage\figures\main_03_mcc_pc_evolution.png","main_03_mcc_pc_evolution.png",".png","41949","2026/05/14 13:02:22"
"D:\MYF\SPH\GeoDualSPHysics_v5.2\examples\u-pw\04_Undrained_Triaxial\experiments\M3i_MCCCaveatedReducedPackage\figures\main_03_mcc_pc_evolution.svg","main_03_mcc_pc_evolution.svg",".svg","33187","2026/05/14 13:04:39"
"D:\MYF\SPH\GeoDualSPHysics_v5.2\examples\u-pw\04_Undrained_Triaxial\experiments\M3i_MCCCaveatedReducedPackage\figures\main_04_mcc_void_plastic_evolution.png","main_04_mcc_void_plastic_evolution.png",".png","101075","2026/05/14 13:02:22"
"D:\MYF\SPH\GeoDualSPHysics_v5.2\examples\u-pw\04_Undrained_Triaxial\experiments\M3i_MCCCaveatedReducedPackage\figures\main_04_mcc_void_plastic_evolution.svg","main_04_mcc_void_plastic_evolution.svg",".svg","39525","2026/05/14 13:04:39"
"D:\MYF\SPH\GeoDualSPHysics_v5.2\examples\u-pw\04_Undrained_Triaxial\experiments\M3i_MCCCaveatedReducedPackage\figures\main_05_return_status_comparison.png","main_05_return_status_comparison.png",".png","86590","2026/05/14 13:02:22"
"D:\MYF\SPH\GeoDualSPHysics_v5.2\examples\u-pw\04_Undrained_Triaxial\experiments\M3i_MCCCaveatedReducedPackage\figures\main_05_return_status_comparison.svg","main_05_return_status_comparison.svg",".svg","44131","2026/05/14 13:04:39"
"D:\MYF\SPH\GeoDualSPHysics_v5.2\examples\u-pw\04_Undrained_Triaxial\experiments\M3i_MCCCaveatedReducedPackage\figures\main_06_boundary_failure_evidence.png","main_06_boundary_failure_evidence.png",".png","50618","2026/05/14 13:02:22"
"D:\MYF\SPH\GeoDualSPHysics_v5.2\examples\u-pw\04_Undrained_Triaxial\experiments\M3i_MCCCaveatedReducedPackage\figures\main_06_boundary_failure_evidence.svg","main_06_boundary_failure_evidence.svg",".svg","35225","2026/05/14 13:04:39"
"D:\MYF\SPH\GeoDualSPHysics_v5.2\examples\u-pw\04_Undrained_Triaxial\experiments\M3i_MCCCaveatedReducedPackage\figures\main_07_pairwise_reaction_vs_fz_proxy.png","main_07_pairwise_reaction_vs_fz_proxy.png",".png","73534","2026/05/14 13:02:22"
"D:\MYF\SPH\GeoDualSPHysics_v5.2\examples\u-pw\04_Undrained_Triaxial\experiments\M3i_MCCCaveatedReducedPackage\figures\main_07_pairwise_reaction_vs_fz_proxy.svg","main_07_pairwise_reaction_vs_fz_proxy.svg",".svg","36534","2026/05/14 13:04:40"
"D:\MYF\SPH\GeoDualSPHysics_v5.2\examples\u-pw\04_Undrained_Triaxial\experiments\M3i_MCCCaveatedReducedPackage\figures\main_08_pore_pressure_vs_strain.png","main_08_pore_pressure_vs_strain.png",".png","86830","2026/05/14 13:02:23"
"D:\MYF\SPH\GeoDualSPHysics_v5.2\examples\u-pw\04_Undrained_Triaxial\experiments\M3i_MCCCaveatedReducedPackage\figures\main_08_pore_pressure_vs_strain.svg","main_08_pore_pressure_vs_strain.svg",".svg","40465","2026/05/14 13:04:40"
"D:\MYF\SPH\GeoDualSPHysics_v5.2\examples\u-pw\04_Undrained_Triaxial\experiments\M3i_MCCCaveatedReducedPackage\figures\supp_01_geometry_route_status.png","supp_01_geometry_route_status.png",".png","78948","2026/05/14 13:02:23"
"D:\MYF\SPH\GeoDualSPHysics_v5.2\examples\u-pw\04_Undrained_Triaxial\experiments\M3i_MCCCaveatedReducedPackage\figures\supp_01_geometry_route_status.svg","supp_01_geometry_route_status.svg",".svg","38483","2026/05/14 13:04:40"
"D:\MYF\SPH\GeoDualSPHysics_v5.2\examples\u-pw\04_Undrained_Triaxial\experiments\M3i_MCCCaveatedReducedPackage\figures\supp_02_support_neighbor_geometry.png","supp_02_support_neighbor_geometry.png",".png","71761","2026/05/14 13:02:23"
"D:\MYF\SPH\GeoDualSPHysics_v5.2\examples\u-pw\04_Undrained_Triaxial\experiments\M3i_MCCCaveatedReducedPackage\figures\supp_02_support_neighbor_geometry.svg","supp_02_support_neighbor_geometry.svg",".svg","44507","2026/05/14 13:04:40"
"D:\MYF\SPH\GeoDualSPHysics_v5.2\examples\u-pw\04_Undrained_Triaxial\experiments\M3i_MCCCaveatedReducedPackage\figures\supp_03_velocity_max.png","supp_03_velocity_max.png",".png","60358","2026/05/14 13:02:23"
"D:\MYF\SPH\GeoDualSPHysics_v5.2\examples\u-pw\04_Undrained_Triaxial\experiments\M3i_MCCCaveatedReducedPackage\figures\supp_03_velocity_max.svg","supp_03_velocity_max.svg",".svg","32726","2026/05/14 13:04:40"
"D:\MYF\SPH\GeoDualSPHysics_v5.2\examples\u-pw\04_Undrained_Triaxial\experiments\M3i_MCCCaveatedReducedPackage\figures\supp_04_porepressrate.png","supp_04_porepressrate.png",".png","75615","2026/05/14 13:02:23"
"D:\MYF\SPH\GeoDualSPHysics_v5.2\examples\u-pw\04_Undrained_Triaxial\experiments\M3i_MCCCaveatedReducedPackage\figures\supp_04_porepressrate.svg","supp_04_porepressrate.svg",".svg","33339","2026/05/14 13:04:40"
"D:\MYF\SPH\GeoDualSPHysics_v5.2\examples\u-pw\04_Undrained_Triaxial\experiments\M3i_MCCCaveatedReducedPackage\m3i_boundary_failure_evidence.csv","m3i_boundary_failure_evidence.csv",".csv","957","2026/05/14 13:02:21"
"D:\MYF\SPH\GeoDualSPHysics_v5.2\examples\u-pw\04_Undrained_Triaxial\experiments\M3i_MCCCaveatedReducedPackage\m3i_case_inventory.csv","m3i_case_inventory.csv",".csv","2608","2026/05/14 13:02:21"
"D:\MYF\SPH\GeoDualSPHysics_v5.2\examples\u-pw\04_Undrained_Triaxial\experiments\M3i_MCCCaveatedReducedPackage\m3i_geometry_route_summary.csv","m3i_geometry_route_summary.csv",".csv","799","2026/05/14 13:02:21"
"D:\MYF\SPH\GeoDualSPHysics_v5.2\examples\u-pw\04_Undrained_Triaxial\experiments\M3i_MCCCaveatedReducedPackage\m3i_mcc_state_summary.csv","m3i_mcc_state_summary.csv",".csv","1282","2026/05/14 13:02:21"
"D:\MYF\SPH\GeoDualSPHysics_v5.2\examples\u-pw\04_Undrained_Triaxial\experiments\M3i_MCCCaveatedReducedPackage\m3i_no_go_decision_table.csv","m3i_no_go_decision_table.csv",".csv","894","2026/05/14 13:02:21"
"D:\MYF\SPH\GeoDualSPHysics_v5.2\examples\u-pw\04_Undrained_Triaxial\experiments\M3i_MCCCaveatedReducedPackage\m3i_pore_pressure_summary.csv","m3i_pore_pressure_summary.csv",".csv","1119","2026/05/14 13:02:21"
"D:\MYF\SPH\GeoDualSPHysics_v5.2\examples\u-pw\04_Undrained_Triaxial\experiments\M3i_MCCCaveatedReducedPackage\m3i_reaction_stress_path_summary.csv","m3i_reaction_stress_path_summary.csv",".csv","1135","2026/05/14 13:02:21"
"D:\MYF\SPH\GeoDualSPHysics_v5.2\examples\u-pw\04_Undrained_Triaxial\experiments\M3i_MCCCaveatedReducedPackage\m3i_return_status_summary.csv","m3i_return_status_summary.csv",".csv","1001","2026/05/14 13:02:21"
"D:\MYF\SPH\GeoDualSPHysics_v5.2\examples\u-pw\04_Undrained_Triaxial\experiments\M3i_MCCCaveatedReducedPackage\m3i_summary_metrics.csv","m3i_summary_metrics.csv",".csv","2644","2026/05/14 13:02:21"
"D:\MYF\SPH\GeoDualSPHysics_v5.2\examples\u-pw\04_Undrained_Triaxial\experiments\M3i_MCCCaveatedReducedPackage\README.md","README.md",".md","831","2026/05/14 13:03:22"
"D:\MYF\SPH\GeoDualSPHysics_v5.2\examples\u-pw\04_Undrained_Triaxial\experiments\M3j_BoundaryFailureAudit\analyze_m3j_boundary_failure.py","analyze_m3j_boundary_failure.py",".py","12311","2026/05/14 9:45:03"
"D:\MYF\SPH\GeoDualSPHysics_v5.2\examples\u-pw\04_Undrained_Triaxial\experiments\M3j_BoundaryFailureAudit\figures\m3j_failed_minus3_xz.png","m3j_failed_minus3_xz.png",".png","42672","2026/05/14 9:45:11"
"D:\MYF\SPH\GeoDualSPHysics_v5.2\examples\u-pw\04_Undrained_Triaxial\experiments\M3j_BoundaryFailureAudit\figures\m3j_failed_minus3_xz.svg","m3j_failed_minus3_xz.svg",".svg","774113","2026/05/14 9:45:11"
"D:\MYF\SPH\GeoDualSPHysics_v5.2\examples\u-pw\04_Undrained_Triaxial\experiments\M3j_BoundaryFailureAudit\figures\m3j_failed_particle_maps.png","m3j_failed_particle_maps.png",".png","46160","2026/05/14 9:45:11"
"D:\MYF\SPH\GeoDualSPHysics_v5.2\examples\u-pw\04_Undrained_Triaxial\experiments\M3j_BoundaryFailureAudit\figures\m3j_failed_particle_maps.svg","m3j_failed_particle_maps.svg",".svg","1301929","2026/05/14 9:45:11"
"D:\MYF\SPH\GeoDualSPHysics_v5.2\examples\u-pw\04_Undrained_Triaxial\experiments\M3j_BoundaryFailureAudit\m3j_boundary_audit_summary.csv","m3j_boundary_audit_summary.csv",".csv","6222","2026/05/14 9:45:10"
"D:\MYF\SPH\GeoDualSPHysics_v5.2\examples\u-pw\04_Undrained_Triaxial\experiments\M3j_BoundaryFailureAudit\m3j_failed_particle_boundary_locations.csv","m3j_failed_particle_boundary_locations.csv",".csv","4287384","2026/05/14 9:45:09"
"D:\MYF\SPH\GeoDualSPHysics_v5.2\examples\u-pw\04_Undrained_Triaxial\experiments\M3j_BoundaryFailureAudit\m3j_failed_particle_maps.png","m3j_failed_particle_maps.png",".png","46160","2026/05/14 9:45:10"
"D:\MYF\SPH\GeoDualSPHysics_v5.2\examples\u-pw\04_Undrained_Triaxial\experiments\M3j_BoundaryFailureAudit\m3j_failed_particle_maps.svg","m3j_failed_particle_maps.svg",".svg","1301929","2026/05/14 9:45:10"
"D:\MYF\SPH\GeoDualSPHysics_v5.2\examples\u-pw\04_Undrained_Triaxial\experiments\M3j_BoundaryFailureAudit\m3j_failed_region_summary.csv","m3j_failed_region_summary.csv",".csv","45486","2026/05/14 9:45:10"
"D:\MYF\SPH\GeoDualSPHysics_v5.2\examples\u-pw\04_Undrained_Triaxial\experiments\M3j_BoundaryFailureAudit\m3j_local_strain_path_comparison.csv","m3j_local_strain_path_comparison.csv",".csv","10918","2026/05/14 9:45:10"
"D:\MYF\SPH\GeoDualSPHysics_v5.2\examples\u-pw\04_Undrained_Triaxial\experiments\M3j_BoundaryFailureAudit\m3j_platen_interaction_failure_timeline.csv","m3j_platen_interaction_failure_timeline.csv",".csv","37116","2026/05/14 9:45:10"
"D:\MYF\SPH\GeoDualSPHysics_v5.2\examples\u-pw\04_Undrained_Triaxial\experiments\M3j_BoundaryFailureAudit\m3j_unavailable_diagnostics.csv","m3j_unavailable_diagnostics.csv",".csv","499","2026/05/14 9:45:10"
"D:\MYF\SPH\GeoDualSPHysics_v5.2\examples\u-pw\04_Undrained_Triaxial\experiments\M3j_BoundaryFailureAudit\README.md","README.md",".md","503","2026/05/14 9:45:34"
"D:\MYF\SPH\GeoDualSPHysics_v5.2\examples\u-pw\04_Undrained_Triaxial\experiments\M3k_PlatenEdgeDenseDiagnostic\analyze_m3k_platen_edge_dense_diagnostic.py","analyze_m3k_platen_edge_dense_diagnostic.py",".py","20822","2026/05/14 10:04:11"
"D:\MYF\SPH\GeoDualSPHysics_v5.2\examples\u-pw\04_Undrained_Triaxial\experiments\M3k_PlatenEdgeDenseDiagnostic\CaseM3k_MCCMildDenseOnset_Def.xml","CaseM3k_MCCMildDenseOnset_Def.xml",".xml","9501","2026/05/14 9:55:30"
"D:\MYF\SPH\GeoDualSPHysics_v5.2\examples\u-pw\04_Undrained_Triaxial\experiments\M3k_PlatenEdgeDenseDiagnostic\figures\m3k_failed_particle_maps.png","m3k_failed_particle_maps.png",".png","41841","2026/05/14 10:00:37"
"D:\MYF\SPH\GeoDualSPHysics_v5.2\examples\u-pw\04_Undrained_Triaxial\experiments\M3k_PlatenEdgeDenseDiagnostic\figures\m3k_failed_particle_maps.svg","m3k_failed_particle_maps.svg",".svg","1368431","2026/05/14 10:00:36"
"D:\MYF\SPH\GeoDualSPHysics_v5.2\examples\u-pw\04_Undrained_Triaxial\experiments\M3k_PlatenEdgeDenseDiagnostic\figures\m3k_failed_vs_nonfailed_divvel.png","m3k_failed_vs_nonfailed_divvel.png",".png","84711","2026/05/14 10:00:37"
"D:\MYF\SPH\GeoDualSPHysics_v5.2\examples\u-pw\04_Undrained_Triaxial\experiments\M3k_PlatenEdgeDenseDiagnostic\figures\m3k_failed_vs_nonfailed_divvel.svg","m3k_failed_vs_nonfailed_divvel.svg",".svg","32131","2026/05/14 10:00:37"
"D:\MYF\SPH\GeoDualSPHysics_v5.2\examples\u-pw\04_Undrained_Triaxial\experiments\M3k_PlatenEdgeDenseDiagnostic\figures\m3k_failed_vs_nonfailed_gradv.png","m3k_failed_vs_nonfailed_gradv.png",".png","81115","2026/05/14 10:00:38"
"D:\MYF\SPH\GeoDualSPHysics_v5.2\examples\u-pw\04_Undrained_Triaxial\experiments\M3k_PlatenEdgeDenseDiagnostic\figures\m3k_failed_vs_nonfailed_gradv.svg","m3k_failed_vs_nonfailed_gradv.svg",".svg","34096","2026/05/14 10:00:38"
"D:\MYF\SPH\GeoDualSPHysics_v5.2\examples\u-pw\04_Undrained_Triaxial\experiments\M3k_PlatenEdgeDenseDiagnostic\figures\m3k_failed_vs_nonfailed_p_eff.png","m3k_failed_vs_nonfailed_p_eff.png",".png","74192","2026/05/14 10:00:37"
"D:\MYF\SPH\GeoDualSPHysics_v5.2\examples\u-pw\04_Undrained_Triaxial\experiments\M3k_PlatenEdgeDenseDiagnostic\figures\m3k_failed_vs_nonfailed_p_eff.svg","m3k_failed_vs_nonfailed_p_eff.svg",".svg","30553","2026/05/14 10:00:37"
"D:\MYF\SPH\GeoDualSPHysics_v5.2\examples\u-pw\04_Undrained_Triaxial\experiments\M3k_PlatenEdgeDenseDiagnostic\figures\m3k_failed_vs_nonfailed_q_over_p.png","m3k_failed_vs_nonfailed_q_over_p.png",".png","49376","2026/05/14 10:00:37"
"D:\MYF\SPH\GeoDualSPHysics_v5.2\examples\u-pw\04_Undrained_Triaxial\experiments\M3k_PlatenEdgeDenseDiagnostic\figures\m3k_failed_vs_nonfailed_q_over_p.svg","m3k_failed_vs_nonfailed_q_over_p.svg",".svg","31855","2026/05/14 10:00:37"
"D:\MYF\SPH\GeoDualSPHysics_v5.2\examples\u-pw\04_Undrained_Triaxial\experiments\M3k_PlatenEdgeDenseDiagnostic\figures\m3k_failed_vs_nonfailed_residual.png","m3k_failed_vs_nonfailed_residual.png",".png","77281","2026/05/14 10:00:38"
"D:\MYF\SPH\GeoDualSPHysics_v5.2\examples\u-pw\04_Undrained_Triaxial\experiments\M3k_PlatenEdgeDenseDiagnostic\figures\m3k_failed_vs_nonfailed_residual.svg","m3k_failed_vs_nonfailed_residual.svg",".svg","28846","2026/05/14 10:00:38"
"D:\MYF\SPH\GeoDualSPHysics_v5.2\examples\u-pw\04_Undrained_Triaxial\experiments\M3k_PlatenEdgeDenseDiagnostic\figures\m3k_failed_vs_nonfailed_support.png","m3k_failed_vs_nonfailed_support.png",".png","55147","2026/05/14 10:00:38"
"D:\MYF\SPH\GeoDualSPHysics_v5.2\examples\u-pw\04_Undrained_Triaxial\experiments\M3k_PlatenEdgeDenseDiagnostic\figures\m3k_failed_vs_nonfailed_support.svg","m3k_failed_vs_nonfailed_support.svg",".svg","31494","2026/05/14 10:00:38"
"D:\MYF\SPH\GeoDualSPHysics_v5.2\examples\u-pw\04_Undrained_Triaxial\experiments\M3k_PlatenEdgeDenseDiagnostic\figures\m3k_reaction_near_onset.png","m3k_reaction_near_onset.png",".png","45345","2026/05/14 10:00:39"
"D:\MYF\SPH\GeoDualSPHysics_v5.2\examples\u-pw\04_Undrained_Triaxial\experiments\M3k_PlatenEdgeDenseDiagnostic\figures\m3k_reaction_near_onset.svg","m3k_reaction_near_onset.svg",".svg","31507","2026/05/14 10:00:38"
"D:\MYF\SPH\GeoDualSPHysics_v5.2\examples\u-pw\04_Undrained_Triaxial\experiments\M3k_PlatenEdgeDenseDiagnostic\figures\m3k_region_failure_count_vs_time.png","m3k_region_failure_count_vs_time.png",".png","79626","2026/05/14 10:00:38"
"D:\MYF\SPH\GeoDualSPHysics_v5.2\examples\u-pw\04_Undrained_Triaxial\experiments\M3k_PlatenEdgeDenseDiagnostic\figures\m3k_region_failure_count_vs_time.svg","m3k_region_failure_count_vs_time.svg",".svg","38102","2026/05/14 10:00:38"
"D:\MYF\SPH\GeoDualSPHysics_v5.2\examples\u-pw\04_Undrained_Triaxial\experiments\M3k_PlatenEdgeDenseDiagnostic\m3k_failed_particle_timeline.csv","m3k_failed_particle_timeline.csv",".csv","994762","2026/05/14 10:00:35"
"D:\MYF\SPH\GeoDualSPHysics_v5.2\examples\u-pw\04_Undrained_Triaxial\experiments\M3k_PlatenEdgeDenseDiagnostic\m3k_failed_vs_nonfailed_local_metrics.csv","m3k_failed_vs_nonfailed_local_metrics.csv",".csv","725231","2026/05/14 10:00:35"
"D:\MYF\SPH\GeoDualSPHysics_v5.2\examples\u-pw\04_Undrained_Triaxial\experiments\M3k_PlatenEdgeDenseDiagnostic\m3k_failed_vs_region_summary.csv","m3k_failed_vs_region_summary.csv",".csv","4648","2026/05/14 10:00:36"
"D:\MYF\SPH\GeoDualSPHysics_v5.2\examples\u-pw\04_Undrained_Triaxial\experiments\M3k_PlatenEdgeDenseDiagnostic\m3k_failed_vs_status_summary.csv","m3k_failed_vs_status_summary.csv",".csv","1923","2026/05/14 10:00:36"
"D:\MYF\SPH\GeoDualSPHysics_v5.2\examples\u-pw\04_Undrained_Triaxial\experiments\M3k_PlatenEdgeDenseDiagnostic\m3k_failure_onset_summary.csv","m3k_failure_onset_summary.csv",".csv","224","2026/05/14 10:00:35"
"D:\MYF\SPH\GeoDualSPHysics_v5.2\examples\u-pw\04_Undrained_Triaxial\experiments\M3k_PlatenEdgeDenseDiagnostic\m3k_neighbor_support_metrics.csv","m3k_neighbor_support_metrics.csv",".csv","4878525","2026/05/14 10:00:35"
"D:\MYF\SPH\GeoDualSPHysics_v5.2\examples\u-pw\04_Undrained_Triaxial\experiments\M3k_PlatenEdgeDenseDiagnostic\m3k_region_failure_statistics.csv","m3k_region_failure_statistics.csv",".csv","91821","2026/05/14 10:00:35"
"D:\MYF\SPH\GeoDualSPHysics_v5.2\examples\u-pw\04_Undrained_Triaxial\experiments\M3k_PlatenEdgeDenseDiagnostic\m3k_velocity_gradient_proxy.csv","m3k_velocity_gradient_proxy.csv",".csv","1435672","2026/05/14 10:00:35"
"D:\MYF\SPH\GeoDualSPHysics_v5.2\examples\u-pw\04_Undrained_Triaxial\experiments\M3k_PlatenEdgeDenseDiagnostic\make_m3k_case.py","make_m3k_case.py",".py","2454","2026/05/14 9:55:24"
"D:\MYF\SPH\GeoDualSPHysics_v5.2\examples\u-pw\04_Undrained_Triaxial\experiments\M3k_PlatenEdgeDenseDiagnostic\README.md","README.md",".md","196","2026/05/14 9:55:30"
"D:\MYF\SPH\GeoDualSPHysics_v5.2\examples\u-pw\04_Undrained_Triaxial\experiments\M3k_PlatenEdgeDenseDiagnostic\xRun_CaseM3k_MCCMildDenseOnset_win64_CPU_release.bat","xRun_CaseM3k_MCCMildDenseOnset_win64_CPU_release.bat",".bat","547","2026/05/14 9:55:30"
"D:\MYF\SPH\GeoDualSPHysics_v5.2\examples\u-pw\04_Undrained_Triaxial\experiments\M3l_PlatenSpecimenSmoothing\analyze_m3l_platen_specimen_smoothing.py","analyze_m3l_platen_specimen_smoothing.py",".py","20601","2026/05/14 10:23:55"
"D:\MYF\SPH\GeoDualSPHysics_v5.2\examples\u-pw\04_Undrained_Triaxial\experiments\M3l_PlatenSpecimenSmoothing\CaseM3l_BaselineDense_Def.xml","CaseM3l_BaselineDense_Def.xml",".xml","9485","2026/05/14 10:19:42"
"D:\MYF\SPH\GeoDualSPHysics_v5.2\examples\u-pw\04_Undrained_Triaxial\experiments\M3l_PlatenSpecimenSmoothing\CaseM3l_EdgeSelectorBuffer_Def.xml","CaseM3l_EdgeSelectorBuffer_Def.xml",".xml","9500","2026/05/14 10:19:42"
"D:\MYF\SPH\GeoDualSPHysics_v5.2\examples\u-pw\04_Undrained_Triaxial\experiments\M3l_PlatenSpecimenSmoothing\CaseM3l_Gap2Dp_Def.xml","CaseM3l_Gap2Dp_Def.xml",".xml","9503","2026/05/14 10:19:42"
"D:\MYF\SPH\GeoDualSPHysics_v5.2\examples\u-pw\04_Undrained_Triaxial\experiments\M3l_PlatenSpecimenSmoothing\CaseM3l_PlatenOverhang_Def.xml","CaseM3l_PlatenOverhang_Def.xml",".xml","9555","2026/05/14 10:19:42"
"D:\MYF\SPH\GeoDualSPHysics_v5.2\examples\u-pw\04_Undrained_Triaxial\experiments\M3l_PlatenSpecimenSmoothing\figures\m3l_failed_particle_locations.png","m3l_failed_particle_locations.png",".png","83437","2026/05/14 10:24:24"
"D:\MYF\SPH\GeoDualSPHysics_v5.2\examples\u-pw\04_Undrained_Triaxial\experiments\M3l_PlatenSpecimenSmoothing\figures\m3l_failed_particle_locations.svg","m3l_failed_particle_locations.svg",".svg","1381871","2026/05/14 10:24:24"
"D:\MYF\SPH\GeoDualSPHysics_v5.2\examples\u-pw\04_Undrained_Triaxial\experiments\M3l_PlatenSpecimenSmoothing\figures\m3l_failed_vs_nonfailed_q_over_p.png","m3l_failed_vs_nonfailed_q_over_p.png",".png","45315","2026/05/14 10:24:25"
"D:\MYF\SPH\GeoDualSPHysics_v5.2\examples\u-pw\04_Undrained_Triaxial\experiments\M3l_PlatenSpecimenSmoothing\figures\m3l_failed_vs_nonfailed_q_over_p.svg","m3l_failed_vs_nonfailed_q_over_p.svg",".svg","28940","2026/05/14 10:24:25"
"D:\MYF\SPH\GeoDualSPHysics_v5.2\examples\u-pw\04_Undrained_Triaxial\experiments\M3l_PlatenSpecimenSmoothing\figures\m3l_global_pq_path.png","m3l_global_pq_path.png",".png","87383","2026/05/14 10:24:25"
"D:\MYF\SPH\GeoDualSPHysics_v5.2\examples\u-pw\04_Undrained_Triaxial\experiments\M3l_PlatenSpecimenSmoothing\figures\m3l_global_pq_path.svg","m3l_global_pq_path.svg",".svg","32479","2026/05/14 10:24:25"
"D:\MYF\SPH\GeoDualSPHysics_v5.2\examples\u-pw\04_Undrained_Triaxial\experiments\M3l_PlatenSpecimenSmoothing\figures\m3l_negative_status_vs_time.png","m3l_negative_status_vs_time.png",".png","80180","2026/05/14 10:24:23"
"D:\MYF\SPH\GeoDualSPHysics_v5.2\examples\u-pw\04_Undrained_Triaxial\experiments\M3l_PlatenSpecimenSmoothing\figures\m3l_negative_status_vs_time.svg","m3l_negative_status_vs_time.svg",".svg","32585","2026/05/14 10:24:23"
"D:\MYF\SPH\GeoDualSPHysics_v5.2\examples\u-pw\04_Undrained_Triaxial\experiments\M3l_PlatenSpecimenSmoothing\figures\m3l_neighbor_count_proxy.png","m3l_neighbor_count_proxy.png",".png","52849","2026/05/14 10:24:24"
"D:\MYF\SPH\GeoDualSPHysics_v5.2\examples\u-pw\04_Undrained_Triaxial\experiments\M3l_PlatenSpecimenSmoothing\figures\m3l_neighbor_count_proxy.svg","m3l_neighbor_count_proxy.svg",".svg","31304","2026/05/14 10:24:24"
"D:\MYF\SPH\GeoDualSPHysics_v5.2\examples\u-pw\04_Undrained_Triaxial\experiments\M3l_PlatenSpecimenSmoothing\figures\m3l_pairwise_reaction_vs_time.png","m3l_pairwise_reaction_vs_time.png",".png","65956","2026/05/14 10:24:25"
"D:\MYF\SPH\GeoDualSPHysics_v5.2\examples\u-pw\04_Undrained_Triaxial\experiments\M3l_PlatenSpecimenSmoothing\figures\m3l_pairwise_reaction_vs_time.svg","m3l_pairwise_reaction_vs_time.svg",".svg","33766","2026/05/14 10:24:25"
"D:\MYF\SPH\GeoDualSPHysics_v5.2\examples\u-pw\04_Undrained_Triaxial\experiments\M3l_PlatenSpecimenSmoothing\figures\m3l_pore_pressure_vs_time.png","m3l_pore_pressure_vs_time.png",".png","98737","2026/05/14 10:24:25"
"D:\MYF\SPH\GeoDualSPHysics_v5.2\examples\u-pw\04_Undrained_Triaxial\experiments\M3l_PlatenSpecimenSmoothing\figures\m3l_pore_pressure_vs_time.svg","m3l_pore_pressure_vs_time.svg",".svg","33035","2026/05/14 10:24:25"
"D:\MYF\SPH\GeoDualSPHysics_v5.2\examples\u-pw\04_Undrained_Triaxial\experiments\M3l_PlatenSpecimenSmoothing\figures\m3l_return_status_minus1_vs_time.png","m3l_return_status_minus1_vs_time.png",".png","75693","2026/05/14 10:24:23"
"D:\MYF\SPH\GeoDualSPHysics_v5.2\examples\u-pw\04_Undrained_Triaxial\experiments\M3l_PlatenSpecimenSmoothing\figures\m3l_return_status_minus1_vs_time.svg","m3l_return_status_minus1_vs_time.svg",".svg","34150","2026/05/14 10:24:23"
"D:\MYF\SPH\GeoDualSPHysics_v5.2\examples\u-pw\04_Undrained_Triaxial\experiments\M3l_PlatenSpecimenSmoothing\figures\m3l_return_status_minus3_vs_time.png","m3l_return_status_minus3_vs_time.png",".png","91405","2026/05/14 10:24:23"
"D:\MYF\SPH\GeoDualSPHysics_v5.2\examples\u-pw\04_Undrained_Triaxial\experiments\M3l_PlatenSpecimenSmoothing\figures\m3l_return_status_minus3_vs_time.svg","m3l_return_status_minus3_vs_time.svg",".svg","38281","2026/05/14 10:24:23"
"D:\MYF\SPH\GeoDualSPHysics_v5.2\examples\u-pw\04_Undrained_Triaxial\experiments\M3l_PlatenSpecimenSmoothing\figures\m3l_support_proxy_distribution.png","m3l_support_proxy_distribution.png",".png","49300","2026/05/14 10:24:24"
"D:\MYF\SPH\GeoDualSPHysics_v5.2\examples\u-pw\04_Undrained_Triaxial\experiments\M3l_PlatenSpecimenSmoothing\figures\m3l_support_proxy_distribution.svg","m3l_support_proxy_distribution.svg",".svg","27107","2026/05/14 10:24:24"
"D:\MYF\SPH\GeoDualSPHysics_v5.2\examples\u-pw\04_Undrained_Triaxial\experiments\M3l_PlatenSpecimenSmoothing\figures\m3l_velocity_gradient_proxy.png","m3l_velocity_gradient_proxy.png",".png","54833","2026/05/14 10:24:25"
"D:\MYF\SPH\GeoDualSPHysics_v5.2\examples\u-pw\04_Undrained_Triaxial\experiments\M3l_PlatenSpecimenSmoothing\figures\m3l_velocity_gradient_proxy.svg","m3l_velocity_gradient_proxy.svg",".svg","29265","2026/05/14 10:24:25"
"D:\MYF\SPH\GeoDualSPHysics_v5.2\examples\u-pw\04_Undrained_Triaxial\experiments\M3l_PlatenSpecimenSmoothing\m3l_case_summary.csv","m3l_case_summary.csv",".csv","817","2026/05/14 10:24:22"
"D:\MYF\SPH\GeoDualSPHysics_v5.2\examples\u-pw\04_Undrained_Triaxial\experiments\M3l_PlatenSpecimenSmoothing\m3l_failed_particle_locations.csv","m3l_failed_particle_locations.csv",".csv","4426468","2026/05/14 10:24:23"
"D:\MYF\SPH\GeoDualSPHysics_v5.2\examples\u-pw\04_Undrained_Triaxial\experiments\M3l_PlatenSpecimenSmoothing\m3l_geometry_change_summary.csv","m3l_geometry_change_summary.csv",".csv","586","2026/05/14 10:24:23"
"D:\MYF\SPH\GeoDualSPHysics_v5.2\examples\u-pw\04_Undrained_Triaxial\experiments\M3l_PlatenSpecimenSmoothing\m3l_pore_pressure_comparison.csv","m3l_pore_pressure_comparison.csv",".csv","34091","2026/05/14 10:24:23"
"D:\MYF\SPH\GeoDualSPHysics_v5.2\examples\u-pw\04_Undrained_Triaxial\experiments\M3l_PlatenSpecimenSmoothing\m3l_reaction_stress_path_comparison.csv","m3l_reaction_stress_path_comparison.csv",".csv","34091","2026/05/14 10:24:23"
"D:\MYF\SPH\GeoDualSPHysics_v5.2\examples\u-pw\04_Undrained_Triaxial\experiments\M3l_PlatenSpecimenSmoothing\m3l_region_failure_statistics.csv","m3l_region_failure_statistics.csv",".csv","32684","2026/05/14 10:24:23"
"D:\MYF\SPH\GeoDualSPHysics_v5.2\examples\u-pw\04_Undrained_Triaxial\experiments\M3l_PlatenSpecimenSmoothing\m3l_return_status_comparison.csv","m3l_return_status_comparison.csv",".csv","5395","2026/05/14 10:24:22"
"D:\MYF\SPH\GeoDualSPHysics_v5.2\examples\u-pw\04_Undrained_Triaxial\experiments\M3l_PlatenSpecimenSmoothing\m3l_stress_path_local_comparison.csv","m3l_stress_path_local_comparison.csv",".csv","19666","2026/05/14 10:24:23"
"D:\MYF\SPH\GeoDualSPHysics_v5.2\examples\u-pw\04_Undrained_Triaxial\experiments\M3l_PlatenSpecimenSmoothing\m3l_support_neighbor_comparison.csv","m3l_support_neighbor_comparison.csv",".csv","3631","2026/05/14 10:24:23"
"D:\MYF\SPH\GeoDualSPHysics_v5.2\examples\u-pw\04_Undrained_Triaxial\experiments\M3l_PlatenSpecimenSmoothing\m3l_velocity_gradient_comparison.csv","m3l_velocity_gradient_comparison.csv",".csv","3631","2026/05/14 10:24:23"
"D:\MYF\SPH\GeoDualSPHysics_v5.2\examples\u-pw\04_Undrained_Triaxial\experiments\M3l_PlatenSpecimenSmoothing\make_m3l_cases.py","make_m3l_cases.py",".py","4557","2026/05/14 10:19:27"
"D:\MYF\SPH\GeoDualSPHysics_v5.2\examples\u-pw\04_Undrained_Triaxial\experiments\M3l_PlatenSpecimenSmoothing\README.md","README.md",".md","207","2026/05/14 10:14:13"
"D:\MYF\SPH\GeoDualSPHysics_v5.2\examples\u-pw\04_Undrained_Triaxial\experiments\M3l_PlatenSpecimenSmoothing\xRun_CaseM3l_BaselineDense_win64_CPU_release.bat","xRun_CaseM3l_BaselineDense_win64_CPU_release.bat",".bat","539","2026/05/14 10:19:42"
"D:\MYF\SPH\GeoDualSPHysics_v5.2\examples\u-pw\04_Undrained_Triaxial\experiments\M3l_PlatenSpecimenSmoothing\xRun_CaseM3l_EdgeSelectorBuffer_win64_CPU_release.bat","xRun_CaseM3l_EdgeSelectorBuffer_win64_CPU_release.bat",".bat","549","2026/05/14 10:19:42"
"D:\MYF\SPH\GeoDualSPHysics_v5.2\examples\u-pw\04_Undrained_Triaxial\experiments\M3l_PlatenSpecimenSmoothing\xRun_CaseM3l_Gap2Dp_win64_CPU_release.bat","xRun_CaseM3l_Gap2Dp_win64_CPU_release.bat",".bat","525","2026/05/14 10:19:42"
"D:\MYF\SPH\GeoDualSPHysics_v5.2\examples\u-pw\04_Undrained_Triaxial\experiments\M3l_PlatenSpecimenSmoothing\xRun_CaseM3l_PlatenOverhang_win64_CPU_release.bat","xRun_CaseM3l_PlatenOverhang_win64_CPU_release.bat",".bat","541","2026/05/14 10:19:42"
"D:\MYF\SPH\GeoDualSPHysics_v5.2\examples\u-pw\04_Undrained_Triaxial\experiments\M3m_RefinedPlatenEdgeGeometry\analyze_m3m_refined_platen_edge_geometry.py","analyze_m3m_refined_platen_edge_geometry.py",".py","24009","2026/05/14 10:35:25"
"D:\MYF\SPH\GeoDualSPHysics_v5.2\examples\u-pw\04_Undrained_Triaxial\experiments\M3m_RefinedPlatenEdgeGeometry\CaseM3m_Overhang045_Def.xml","CaseM3m_Overhang045_Def.xml",".xml","9541","2026/05/14 10:35:33"
"D:\MYF\SPH\GeoDualSPHysics_v5.2\examples\u-pw\04_Undrained_Triaxial\experiments\M3m_RefinedPlatenEdgeGeometry\CaseM3m_Overhang045Extended_Def.xml","CaseM3m_Overhang045Extended_Def.xml",".xml","9540","2026/05/14 10:35:33"
"D:\MYF\SPH\GeoDualSPHysics_v5.2\examples\u-pw\04_Undrained_Triaxial\experiments\M3m_RefinedPlatenEdgeGeometry\CaseM3m_OverhangReference_Def.xml","CaseM3m_OverhangReference_Def.xml",".xml","9546","2026/05/14 10:35:33"
"D:\MYF\SPH\GeoDualSPHysics_v5.2\examples\u-pw\04_Undrained_Triaxial\experiments\M3m_RefinedPlatenEdgeGeometry\CaseM3m_SteppedCap_Def.xml","CaseM3m_SteppedCap_Def.xml",".xml","10157","2026/05/14 10:35:33"
"D:\MYF\SPH\GeoDualSPHysics_v5.2\examples\u-pw\04_Undrained_Triaxial\experiments\M3m_RefinedPlatenEdgeGeometry\CaseM3m_TrimmedEdge_Def.xml","CaseM3m_TrimmedEdge_Def.xml",".xml","9839","2026/05/14 10:35:33"
"D:\MYF\SPH\GeoDualSPHysics_v5.2\examples\u-pw\04_Undrained_Triaxial\experiments\M3m_RefinedPlatenEdgeGeometry\figures\m3m_cap_leakage_proxy_vs_time.png","m3m_cap_leakage_proxy_vs_time.png",".png","38509","2026/05/14 10:35:56"
"D:\MYF\SPH\GeoDualSPHysics_v5.2\examples\u-pw\04_Undrained_Triaxial\experiments\M3m_RefinedPlatenEdgeGeometry\figures\m3m_cap_leakage_proxy_vs_time.svg","m3m_cap_leakage_proxy_vs_time.svg",".svg","37782","2026/05/14 10:35:56"
"D:\MYF\SPH\GeoDualSPHysics_v5.2\examples\u-pw\04_Undrained_Triaxial\experiments\M3m_RefinedPlatenEdgeGeometry\figures\m3m_failed_locations_rz.png","m3m_failed_locations_rz.png",".png","99152","2026/05/14 10:35:53"
"D:\MYF\SPH\GeoDualSPHysics_v5.2\examples\u-pw\04_Undrained_Triaxial\experiments\M3m_RefinedPlatenEdgeGeometry\figures\m3m_failed_locations_rz.svg","m3m_failed_locations_rz.svg",".svg","511688","2026/05/14 10:35:53"
"D:\MYF\SPH\GeoDualSPHysics_v5.2\examples\u-pw\04_Undrained_Triaxial\experiments\M3m_RefinedPlatenEdgeGeometry\figures\m3m_failed_locations_xz.png","m3m_failed_locations_xz.png",".png","99233","2026/05/14 10:35:54"
"D:\MYF\SPH\GeoDualSPHysics_v5.2\examples\u-pw\04_Undrained_Triaxial\experiments\M3m_RefinedPlatenEdgeGeometry\figures\m3m_failed_locations_xz.svg","m3m_failed_locations_xz.svg",".svg","515921","2026/05/14 10:35:54"
"D:\MYF\SPH\GeoDualSPHysics_v5.2\examples\u-pw\04_Undrained_Triaxial\experiments\M3m_RefinedPlatenEdgeGeometry\figures\m3m_failed_vs_nonfailed_q_over_p.png","m3m_failed_vs_nonfailed_q_over_p.png",".png","48465","2026/05/14 10:35:55"
"D:\MYF\SPH\GeoDualSPHysics_v5.2\examples\u-pw\04_Undrained_Triaxial\experiments\M3m_RefinedPlatenEdgeGeometry\figures\m3m_failed_vs_nonfailed_q_over_p.svg","m3m_failed_vs_nonfailed_q_over_p.svg",".svg","27547","2026/05/14 10:35:55"
"D:\MYF\SPH\GeoDualSPHysics_v5.2\examples\u-pw\04_Undrained_Triaxial\experiments\M3m_RefinedPlatenEdgeGeometry\figures\m3m_global_pq_path.png","m3m_global_pq_path.png",".png","72193","2026/05/14 10:35:55"
"D:\MYF\SPH\GeoDualSPHysics_v5.2\examples\u-pw\04_Undrained_Triaxial\experiments\M3m_RefinedPlatenEdgeGeometry\figures\m3m_global_pq_path.svg","m3m_global_pq_path.svg",".svg","36370","2026/05/14 10:35:55"
"D:\MYF\SPH\GeoDualSPHysics_v5.2\examples\u-pw\04_Undrained_Triaxial\experiments\M3m_RefinedPlatenEdgeGeometry\figures\m3m_negative_return_status_vs_time.png","m3m_negative_return_status_vs_time.png",".png","85797","2026/05/14 10:35:53"
"D:\MYF\SPH\GeoDualSPHysics_v5.2\examples\u-pw\04_Undrained_Triaxial\experiments\M3m_RefinedPlatenEdgeGeometry\figures\m3m_negative_return_status_vs_time.svg","m3m_negative_return_status_vs_time.svg",".svg","37931","2026/05/14 10:35:52"
"D:\MYF\SPH\GeoDualSPHysics_v5.2\examples\u-pw\04_Undrained_Triaxial\experiments\M3m_RefinedPlatenEdgeGeometry\figures\m3m_neighbor_count_proxy.png","m3m_neighbor_count_proxy.png",".png","54784","2026/05/14 10:35:54"
"D:\MYF\SPH\GeoDualSPHysics_v5.2\examples\u-pw\04_Undrained_Triaxial\experiments\M3m_RefinedPlatenEdgeGeometry\figures\m3m_neighbor_count_proxy.svg","m3m_neighbor_count_proxy.svg",".svg","28716","2026/05/14 10:35:54"
"D:\MYF\SPH\GeoDualSPHysics_v5.2\examples\u-pw\04_Undrained_Triaxial\experiments\M3m_RefinedPlatenEdgeGeometry\figures\m3m_pairwise_reaction_vs_time.png","m3m_pairwise_reaction_vs_time.png",".png","68112","2026/05/14 10:35:55"
"D:\MYF\SPH\GeoDualSPHysics_v5.2\examples\u-pw\04_Undrained_Triaxial\experiments\M3m_RefinedPlatenEdgeGeometry\figures\m3m_pairwise_reaction_vs_time.svg","m3m_pairwise_reaction_vs_time.svg",".svg","39824","2026/05/14 10:35:55"
"D:\MYF\SPH\GeoDualSPHysics_v5.2\examples\u-pw\04_Undrained_Triaxial\experiments\M3m_RefinedPlatenEdgeGeometry\figures\m3m_pore_pressure_vs_time.png","m3m_pore_pressure_vs_time.png",".png","86666","2026/05/14 10:35:56"
"D:\MYF\SPH\GeoDualSPHysics_v5.2\examples\u-pw\04_Undrained_Triaxial\experiments\M3m_RefinedPlatenEdgeGeometry\figures\m3m_pore_pressure_vs_time.svg","m3m_pore_pressure_vs_time.svg",".svg","41616","2026/05/14 10:35:56"
"D:\MYF\SPH\GeoDualSPHysics_v5.2\examples\u-pw\04_Undrained_Triaxial\experiments\M3m_RefinedPlatenEdgeGeometry\figures\m3m_return_status_minus1_vs_time.png","m3m_return_status_minus1_vs_time.png",".png","59157","2026/05/14 10:35:52"
"D:\MYF\SPH\GeoDualSPHysics_v5.2\examples\u-pw\04_Undrained_Triaxial\experiments\M3m_RefinedPlatenEdgeGeometry\figures\m3m_return_status_minus1_vs_time.svg","m3m_return_status_minus1_vs_time.svg",".svg","42711","2026/05/14 10:35:52"
"D:\MYF\SPH\GeoDualSPHysics_v5.2\examples\u-pw\04_Undrained_Triaxial\experiments\M3m_RefinedPlatenEdgeGeometry\figures\m3m_return_status_minus3_vs_time.png","m3m_return_status_minus3_vs_time.png",".png","101346","2026/05/14 10:35:52"
"D:\MYF\SPH\GeoDualSPHysics_v5.2\examples\u-pw\04_Undrained_Triaxial\experiments\M3m_RefinedPlatenEdgeGeometry\figures\m3m_return_status_minus3_vs_time.svg","m3m_return_status_minus3_vs_time.svg",".svg","41511","2026/05/14 10:35:52"
"D:\MYF\SPH\GeoDualSPHysics_v5.2\examples\u-pw\04_Undrained_Triaxial\experiments\M3m_RefinedPlatenEdgeGeometry\figures\m3m_support_proxy_distribution.png","m3m_support_proxy_distribution.png",".png","59784","2026/05/14 10:35:54"
"D:\MYF\SPH\GeoDualSPHysics_v5.2\examples\u-pw\04_Undrained_Triaxial\experiments\M3m_RefinedPlatenEdgeGeometry\figures\m3m_support_proxy_distribution.svg","m3m_support_proxy_distribution.svg",".svg","31279","2026/05/14 10:35:54"
"D:\MYF\SPH\GeoDualSPHysics_v5.2\examples\u-pw\04_Undrained_Triaxial\experiments\M3m_RefinedPlatenEdgeGeometry\figures\m3m_velocity_gradient_proxy.png","m3m_velocity_gradient_proxy.png",".png","57081","2026/05/14 10:35:54"
"D:\MYF\SPH\GeoDualSPHysics_v5.2\examples\u-pw\04_Undrained_Triaxial\experiments\M3m_RefinedPlatenEdgeGeometry\figures\m3m_velocity_gradient_proxy.svg","m3m_velocity_gradient_proxy.svg",".svg","30516","2026/05/14 10:35:54"
"D:\MYF\SPH\GeoDualSPHysics_v5.2\examples\u-pw\04_Undrained_Triaxial\experiments\M3m_RefinedPlatenEdgeGeometry\figures\m3m_velocity_max_vs_time.png","m3m_velocity_max_vs_time.png",".png","64543","2026/05/14 10:35:56"
"D:\MYF\SPH\GeoDualSPHysics_v5.2\examples\u-pw\04_Undrained_Triaxial\experiments\M3m_RefinedPlatenEdgeGeometry\figures\m3m_velocity_max_vs_time.svg","m3m_velocity_max_vs_time.svg",".svg","40544","2026/05/14 10:35:56"
"D:\MYF\SPH\GeoDualSPHysics_v5.2\examples\u-pw\04_Undrained_Triaxial\experiments\M3m_RefinedPlatenEdgeGeometry\figures\m3m_yield_residual_comparison.png","m3m_yield_residual_comparison.png",".png","56800","2026/05/14 10:35:55"
"D:\MYF\SPH\GeoDualSPHysics_v5.2\examples\u-pw\04_Undrained_Triaxial\experiments\M3m_RefinedPlatenEdgeGeometry\figures\m3m_yield_residual_comparison.svg","m3m_yield_residual_comparison.svg",".svg","29498","2026/05/14 10:35:55"
"D:\MYF\SPH\GeoDualSPHysics_v5.2\examples\u-pw\04_Undrained_Triaxial\experiments\M3m_RefinedPlatenEdgeGeometry\m3m_case_summary.csv","m3m_case_summary.csv",".csv","895","2026/05/14 10:35:51"
"D:\MYF\SPH\GeoDualSPHysics_v5.2\examples\u-pw\04_Undrained_Triaxial\experiments\M3m_RefinedPlatenEdgeGeometry\m3m_clean_candidate_summary.csv","m3m_clean_candidate_summary.csv",".csv","256","2026/05/14 10:35:52"
"D:\MYF\SPH\GeoDualSPHysics_v5.2\examples\u-pw\04_Undrained_Triaxial\experiments\M3m_RefinedPlatenEdgeGeometry\m3m_failed_particle_locations.csv","m3m_failed_particle_locations.csv",".csv","594931","2026/05/14 10:35:51"
"D:\MYF\SPH\GeoDualSPHysics_v5.2\examples\u-pw\04_Undrained_Triaxial\experiments\M3m_RefinedPlatenEdgeGeometry\m3m_geometry_change_summary.csv","m3m_geometry_change_summary.csv",".csv","926","2026/05/14 10:35:51"
"D:\MYF\SPH\GeoDualSPHysics_v5.2\examples\u-pw\04_Undrained_Triaxial\experiments\M3m_RefinedPlatenEdgeGeometry\m3m_geometry_variant_summary.csv","m3m_geometry_variant_summary.csv",".csv","635","2026/05/14 10:35:51"
"D:\MYF\SPH\GeoDualSPHysics_v5.2\examples\u-pw\04_Undrained_Triaxial\experiments\M3m_RefinedPlatenEdgeGeometry\m3m_pore_pressure_comparison.csv","m3m_pore_pressure_comparison.csv",".csv","49710","2026/05/14 10:35:52"
"D:\MYF\SPH\GeoDualSPHysics_v5.2\examples\u-pw\04_Undrained_Triaxial\experiments\M3m_RefinedPlatenEdgeGeometry\m3m_reaction_stress_path_comparison.csv","m3m_reaction_stress_path_comparison.csv",".csv","49710","2026/05/14 10:35:52"
"D:\MYF\SPH\GeoDualSPHysics_v5.2\examples\u-pw\04_Undrained_Triaxial\experiments\M3m_RefinedPlatenEdgeGeometry\m3m_return_status_comparison.csv","m3m_return_status_comparison.csv",".csv","7865","2026/05/14 10:35:51"
"D:\MYF\SPH\GeoDualSPHysics_v5.2\examples\u-pw\04_Undrained_Triaxial\experiments\M3m_RefinedPlatenEdgeGeometry\m3m_stress_path_local_comparison.csv","m3m_stress_path_local_comparison.csv",".csv","22789","2026/05/14 10:35:52"
"D:\MYF\SPH\GeoDualSPHysics_v5.2\examples\u-pw\04_Undrained_Triaxial\experiments\M3m_RefinedPlatenEdgeGeometry\m3m_support_neighbor_comparison.csv","m3m_support_neighbor_comparison.csv",".csv","4592","2026/05/14 10:35:52"
"D:\MYF\SPH\GeoDualSPHysics_v5.2\examples\u-pw\04_Undrained_Triaxial\experiments\M3m_RefinedPlatenEdgeGeometry\m3m_velocity_gradient_comparison.csv","m3m_velocity_gradient_comparison.csv",".csv","4592","2026/05/14 10:35:52"
"D:\MYF\SPH\GeoDualSPHysics_v5.2\examples\u-pw\04_Undrained_Triaxial\experiments\M3m_RefinedPlatenEdgeGeometry\make_m3m_cases.py","make_m3m_cases.py",".py","6129","2026/05/14 10:35:18"
"D:\MYF\SPH\GeoDualSPHysics_v5.2\examples\u-pw\04_Undrained_Triaxial\experiments\M3m_RefinedPlatenEdgeGeometry\README.md","README.md",".md","486","2026/05/14 10:30:37"
"D:\MYF\SPH\GeoDualSPHysics_v5.2\examples\u-pw\04_Undrained_Triaxial\experiments\M3m_RefinedPlatenEdgeGeometry\xRun_CaseM3m_Overhang045_win64_CPU_release.bat","xRun_CaseM3m_Overhang045_win64_CPU_release.bat",".bat","535","2026/05/14 10:35:33"
"D:\MYF\SPH\GeoDualSPHysics_v5.2\examples\u-pw\04_Undrained_Triaxial\experiments\M3m_RefinedPlatenEdgeGeometry\xRun_CaseM3m_Overhang045Extended_win64_CPU_release.bat","xRun_CaseM3m_Overhang045Extended_win64_CPU_release.bat",".bat","551","2026/05/14 10:35:33"
"D:\MYF\SPH\GeoDualSPHysics_v5.2\examples\u-pw\04_Undrained_Triaxial\experiments\M3m_RefinedPlatenEdgeGeometry\xRun_CaseM3m_OverhangReference_win64_CPU_release.bat","xRun_CaseM3m_OverhangReference_win64_CPU_release.bat",".bat","547","2026/05/14 10:35:33"
"D:\MYF\SPH\GeoDualSPHysics_v5.2\examples\u-pw\04_Undrained_Triaxial\experiments\M3m_RefinedPlatenEdgeGeometry\xRun_CaseM3m_SteppedCap_win64_CPU_release.bat","xRun_CaseM3m_SteppedCap_win64_CPU_release.bat",".bat","533","2026/05/14 10:35:33"
"D:\MYF\SPH\GeoDualSPHysics_v5.2\examples\u-pw\04_Undrained_Triaxial\experiments\M3m_RefinedPlatenEdgeGeometry\xRun_CaseM3m_TrimmedEdge_win64_CPU_release.bat","xRun_CaseM3m_TrimmedEdge_win64_CPU_release.bat",".bat","535","2026/05/14 10:35:33"
"D:\MYF\SPH\GeoDualSPHysics_v5.2\examples\u-pw\04_Undrained_Triaxial\experiments\M3n_SmoothLayoutDiagnostic\analyze_m3n_smooth_layout_diagnostic.py","analyze_m3n_smooth_layout_diagnostic.py",".py","20070","2026/05/14 10:56:39"
"D:\MYF\SPH\GeoDualSPHysics_v5.2\examples\u-pw\04_Undrained_Triaxial\experiments\M3n_SmoothLayoutDiagnostic\CaseM3n_Dp0075Overhang045_Def.xml","CaseM3n_Dp0075Overhang045_Def.xml",".xml","9534","2026/05/14 10:54:51"
"D:\MYF\SPH\GeoDualSPHysics_v5.2\examples\u-pw\04_Undrained_Triaxial\experiments\M3n_SmoothLayoutDiagnostic\CaseM3n_Overhang045Reference_Def.xml","CaseM3n_Overhang045Reference_Def.xml",".xml","9522","2026/05/14 10:54:51"
"D:\MYF\SPH\GeoDualSPHysics_v5.2\examples\u-pw\04_Undrained_Triaxial\experiments\M3n_SmoothLayoutDiagnostic\figures\m3n_cap_leakage_proxy_vs_time.png","m3n_cap_leakage_proxy_vs_time.png",".png","31902","2026/05/14 10:56:52"
"D:\MYF\SPH\GeoDualSPHysics_v5.2\examples\u-pw\04_Undrained_Triaxial\experiments\M3n_SmoothLayoutDiagnostic\figures\m3n_cap_leakage_proxy_vs_time.svg","m3n_cap_leakage_proxy_vs_time.svg",".svg","29316","2026/05/14 10:56:52"
"D:\MYF\SPH\GeoDualSPHysics_v5.2\examples\u-pw\04_Undrained_Triaxial\experiments\M3n_SmoothLayoutDiagnostic\figures\m3n_failed_locations_rz.png","m3n_failed_locations_rz.png",".png","69009","2026/05/14 10:56:53"
"D:\MYF\SPH\GeoDualSPHysics_v5.2\examples\u-pw\04_Undrained_Triaxial\experiments\M3n_SmoothLayoutDiagnostic\figures\m3n_failed_locations_rz.svg","m3n_failed_locations_rz.svg",".svg","346198","2026/05/14 10:56:53"
"D:\MYF\SPH\GeoDualSPHysics_v5.2\examples\u-pw\04_Undrained_Triaxial\experiments\M3n_SmoothLayoutDiagnostic\figures\m3n_failed_vs_nonfailed_q_over_p.png","m3n_failed_vs_nonfailed_q_over_p.png",".png","23646","2026/05/14 10:56:51"
"D:\MYF\SPH\GeoDualSPHysics_v5.2\examples\u-pw\04_Undrained_Triaxial\experiments\M3n_SmoothLayoutDiagnostic\figures\m3n_failed_vs_nonfailed_q_over_p.svg","m3n_failed_vs_nonfailed_q_over_p.svg",".svg","20810","2026/05/14 10:56:51"
"D:\MYF\SPH\GeoDualSPHysics_v5.2\examples\u-pw\04_Undrained_Triaxial\experiments\M3n_SmoothLayoutDiagnostic\figures\m3n_geometry_particle_layout_comparison.png","m3n_geometry_particle_layout_comparison.png",".png","115773","2026/05/14 10:56:52"
"D:\MYF\SPH\GeoDualSPHysics_v5.2\examples\u-pw\04_Undrained_Triaxial\experiments\M3n_SmoothLayoutDiagnostic\figures\m3n_geometry_particle_layout_comparison.svg","m3n_geometry_particle_layout_comparison.svg",".svg","270059","2026/05/14 10:56:52"
"D:\MYF\SPH\GeoDualSPHysics_v5.2\examples\u-pw\04_Undrained_Triaxial\experiments\M3n_SmoothLayoutDiagnostic\figures\m3n_global_pq_path.png","m3n_global_pq_path.png",".png","63622","2026/05/14 10:56:51"
"D:\MYF\SPH\GeoDualSPHysics_v5.2\examples\u-pw\04_Undrained_Triaxial\experiments\M3n_SmoothLayoutDiagnostic\figures\m3n_global_pq_path.svg","m3n_global_pq_path.svg",".svg","26810","2026/05/14 10:56:51"
"D:\MYF\SPH\GeoDualSPHysics_v5.2\examples\u-pw\04_Undrained_Triaxial\experiments\M3n_SmoothLayoutDiagnostic\figures\m3n_negative_return_status_vs_time.png","m3n_negative_return_status_vs_time.png",".png","58807","2026/05/14 10:56:50"
"D:\MYF\SPH\GeoDualSPHysics_v5.2\examples\u-pw\04_Undrained_Triaxial\experiments\M3n_SmoothLayoutDiagnostic\figures\m3n_negative_return_status_vs_time.svg","m3n_negative_return_status_vs_time.svg",".svg","31097","2026/05/14 10:56:50"
"D:\MYF\SPH\GeoDualSPHysics_v5.2\examples\u-pw\04_Undrained_Triaxial\experiments\M3n_SmoothLayoutDiagnostic\figures\m3n_neighbor_count_proxy.png","m3n_neighbor_count_proxy.png",".png","34987","2026/05/14 10:56:51"
"D:\MYF\SPH\GeoDualSPHysics_v5.2\examples\u-pw\04_Undrained_Triaxial\experiments\M3n_SmoothLayoutDiagnostic\figures\m3n_neighbor_count_proxy.svg","m3n_neighbor_count_proxy.svg",".svg","26987","2026/05/14 10:56:50"
"D:\MYF\SPH\GeoDualSPHysics_v5.2\examples\u-pw\04_Undrained_Triaxial\experiments\M3n_SmoothLayoutDiagnostic\figures\m3n_pairwise_reaction_vs_time.png","m3n_pairwise_reaction_vs_time.png",".png","54797","2026/05/14 10:56:52"
"D:\MYF\SPH\GeoDualSPHysics_v5.2\examples\u-pw\04_Undrained_Triaxial\experiments\M3n_SmoothLayoutDiagnostic\figures\m3n_pairwise_reaction_vs_time.svg","m3n_pairwise_reaction_vs_time.svg",".svg","30200","2026/05/14 10:56:51"
"D:\MYF\SPH\GeoDualSPHysics_v5.2\examples\u-pw\04_Undrained_Triaxial\experiments\M3n_SmoothLayoutDiagnostic\figures\m3n_pore_pressure_vs_time.png","m3n_pore_pressure_vs_time.png",".png","76634","2026/05/14 10:56:52"
"D:\MYF\SPH\GeoDualSPHysics_v5.2\examples\u-pw\04_Undrained_Triaxial\experiments\M3n_SmoothLayoutDiagnostic\figures\m3n_pore_pressure_vs_time.svg","m3n_pore_pressure_vs_time.svg",".svg","32832","2026/05/14 10:56:52"
"D:\MYF\SPH\GeoDualSPHysics_v5.2\examples\u-pw\04_Undrained_Triaxial\experiments\M3n_SmoothLayoutDiagnostic\figures\m3n_return_status_minus1_vs_time.png","m3n_return_status_minus1_vs_time.png",".png","48269","2026/05/14 10:56:50"
"D:\MYF\SPH\GeoDualSPHysics_v5.2\examples\u-pw\04_Undrained_Triaxial\experiments\M3n_SmoothLayoutDiagnostic\figures\m3n_return_status_minus1_vs_time.svg","m3n_return_status_minus1_vs_time.svg",".svg","31299","2026/05/14 10:56:50"
"D:\MYF\SPH\GeoDualSPHysics_v5.2\examples\u-pw\04_Undrained_Triaxial\experiments\M3n_SmoothLayoutDiagnostic\figures\m3n_return_status_minus3_vs_time.png","m3n_return_status_minus3_vs_time.png",".png","69178","2026/05/14 10:56:50"
"D:\MYF\SPH\GeoDualSPHysics_v5.2\examples\u-pw\04_Undrained_Triaxial\experiments\M3n_SmoothLayoutDiagnostic\figures\m3n_return_status_minus3_vs_time.svg","m3n_return_status_minus3_vs_time.svg",".svg","34590","2026/05/14 10:56:50"
"D:\MYF\SPH\GeoDualSPHysics_v5.2\examples\u-pw\04_Undrained_Triaxial\experiments\M3n_SmoothLayoutDiagnostic\figures\m3n_support_proxy_distribution.png","m3n_support_proxy_distribution.png",".png","34276","2026/05/14 10:56:50"
"D:\MYF\SPH\GeoDualSPHysics_v5.2\examples\u-pw\04_Undrained_Triaxial\experiments\M3n_SmoothLayoutDiagnostic\figures\m3n_support_proxy_distribution.svg","m3n_support_proxy_distribution.svg",".svg","26186","2026/05/14 10:56:50"
"D:\MYF\SPH\GeoDualSPHysics_v5.2\examples\u-pw\04_Undrained_Triaxial\experiments\M3n_SmoothLayoutDiagnostic\figures\m3n_velocity_gradient_proxy.png","m3n_velocity_gradient_proxy.png",".png","37916","2026/05/14 10:56:51"
"D:\MYF\SPH\GeoDualSPHysics_v5.2\examples\u-pw\04_Undrained_Triaxial\experiments\M3n_SmoothLayoutDiagnostic\figures\m3n_velocity_gradient_proxy.svg","m3n_velocity_gradient_proxy.svg",".svg","26376","2026/05/14 10:56:51"
"D:\MYF\SPH\GeoDualSPHysics_v5.2\examples\u-pw\04_Undrained_Triaxial\experiments\M3n_SmoothLayoutDiagnostic\figures\m3n_velocity_max_vs_time.png","m3n_velocity_max_vs_time.png",".png","66286","2026/05/14 10:56:52"
"D:\MYF\SPH\GeoDualSPHysics_v5.2\examples\u-pw\04_Undrained_Triaxial\experiments\M3n_SmoothLayoutDiagnostic\figures\m3n_velocity_max_vs_time.svg","m3n_velocity_max_vs_time.svg",".svg","32599","2026/05/14 10:56:52"
"D:\MYF\SPH\GeoDualSPHysics_v5.2\examples\u-pw\04_Undrained_Triaxial\experiments\M3n_SmoothLayoutDiagnostic\figures\m3n_yield_residual_comparison.png","m3n_yield_residual_comparison.png",".png","31545","2026/05/14 10:56:51"
"D:\MYF\SPH\GeoDualSPHysics_v5.2\examples\u-pw\04_Undrained_Triaxial\experiments\M3n_SmoothLayoutDiagnostic\figures\m3n_yield_residual_comparison.svg","m3n_yield_residual_comparison.svg",".svg","22536","2026/05/14 10:56:51"
"D:\MYF\SPH\GeoDualSPHysics_v5.2\examples\u-pw\04_Undrained_Triaxial\experiments\M3n_SmoothLayoutDiagnostic\m3n_case_summary.csv","m3n_case_summary.csv",".csv","476","2026/05/14 10:56:49"
"D:\MYF\SPH\GeoDualSPHysics_v5.2\examples\u-pw\04_Undrained_Triaxial\experiments\M3n_SmoothLayoutDiagnostic\m3n_failed_particle_locations.csv","m3n_failed_particle_locations.csv",".csv","357357","2026/05/14 10:56:49"
"D:\MYF\SPH\GeoDualSPHysics_v5.2\examples\u-pw\04_Undrained_Triaxial\experiments\M3n_SmoothLayoutDiagnostic\m3n_geometry_quality_comparison.csv","m3n_geometry_quality_comparison.csv",".csv","829","2026/05/14 10:56:49"
"D:\MYF\SPH\GeoDualSPHysics_v5.2\examples\u-pw\04_Undrained_Triaxial\experiments\M3n_SmoothLayoutDiagnostic\m3n_geometry_quality_metrics.csv","m3n_geometry_quality_metrics.csv",".csv","829","2026/05/14 10:56:49"
"D:\MYF\SPH\GeoDualSPHysics_v5.2\examples\u-pw\04_Undrained_Triaxial\experiments\M3n_SmoothLayoutDiagnostic\m3n_particle_layout_summary.csv","m3n_particle_layout_summary.csv",".csv","829","2026/05/14 10:56:49"
"D:\MYF\SPH\GeoDualSPHysics_v5.2\examples\u-pw\04_Undrained_Triaxial\experiments\M3n_SmoothLayoutDiagnostic\m3n_pore_pressure_comparison.csv","m3n_pore_pressure_comparison.csv",".csv","18127","2026/05/14 10:56:49"
"D:\MYF\SPH\GeoDualSPHysics_v5.2\examples\u-pw\04_Undrained_Triaxial\experiments\M3n_SmoothLayoutDiagnostic\m3n_reaction_stress_path_comparison.csv","m3n_reaction_stress_path_comparison.csv",".csv","18127","2026/05/14 10:56:49"
"D:\MYF\SPH\GeoDualSPHysics_v5.2\examples\u-pw\04_Undrained_Triaxial\experiments\M3n_SmoothLayoutDiagnostic\m3n_return_status_comparison.csv","m3n_return_status_comparison.csv",".csv","3255","2026/05/14 10:56:49"
"D:\MYF\SPH\GeoDualSPHysics_v5.2\examples\u-pw\04_Undrained_Triaxial\experiments\M3n_SmoothLayoutDiagnostic\m3n_stress_path_local_comparison.csv","m3n_stress_path_local_comparison.csv",".csv","9220","2026/05/14 10:56:49"
"D:\MYF\SPH\GeoDualSPHysics_v5.2\examples\u-pw\04_Undrained_Triaxial\experiments\M3n_SmoothLayoutDiagnostic\m3n_support_neighbor_comparison.csv","m3n_support_neighbor_comparison.csv",".csv","2022","2026/05/14 10:56:49"
"D:\MYF\SPH\GeoDualSPHysics_v5.2\examples\u-pw\04_Undrained_Triaxial\experiments\M3n_SmoothLayoutDiagnostic\m3n_support_neighbor_metrics.csv","m3n_support_neighbor_metrics.csv",".csv","2022","2026/05/14 10:56:49"
"D:\MYF\SPH\GeoDualSPHysics_v5.2\examples\u-pw\04_Undrained_Triaxial\experiments\M3n_SmoothLayoutDiagnostic\m3n_velocity_gradient_comparison.csv","m3n_velocity_gradient_comparison.csv",".csv","2022","2026/05/14 10:56:49"
"D:\MYF\SPH\GeoDualSPHysics_v5.2\examples\u-pw\04_Undrained_Triaxial\experiments\M3n_SmoothLayoutDiagnostic\make_m3n_cases.py","make_m3n_cases.py",".py","3044","2026/05/14 10:54:41"
"D:\MYF\SPH\GeoDualSPHysics_v5.2\examples\u-pw\04_Undrained_Triaxial\experiments\M3n_SmoothLayoutDiagnostic\README.md","README.md",".md","423","2026/05/14 10:54:41"
"D:\MYF\SPH\GeoDualSPHysics_v5.2\examples\u-pw\04_Undrained_Triaxial\experiments\M3n_SmoothLayoutDiagnostic\xRun_CaseM3n_Dp0075Overhang045_win64_CPU_release.bat","xRun_CaseM3n_Dp0075Overhang045_win64_CPU_release.bat",".bat","547","2026/05/14 10:54:51"
"D:\MYF\SPH\GeoDualSPHysics_v5.2\examples\u-pw\04_Undrained_Triaxial\experiments\M3n_SmoothLayoutDiagnostic\xRun_CaseM3n_Overhang045Reference_win64_CPU_release.bat","xRun_CaseM3n_Overhang045Reference_win64_CPU_release.bat",".bat","553","2026/05/14 10:54:51"
"D:\MYF\SPH\GeoDualSPHysics_v5.2\examples\u-pw\04_Undrained_Triaxial\experiments\M3o_SmoothFanLayoutPrototype\figures\m3o_cartesian_comparison.png","m3o_cartesian_comparison.png",".png","77363","2026/05/14 11:57:08"
"D:\MYF\SPH\GeoDualSPHysics_v5.2\examples\u-pw\04_Undrained_Triaxial\experiments\M3o_SmoothFanLayoutPrototype\figures\m3o_cartesian_comparison.svg","m3o_cartesian_comparison.svg",".svg","47866","2026/05/14 11:57:08"
"D:\MYF\SPH\GeoDualSPHysics_v5.2\examples\u-pw\04_Undrained_Triaxial\experiments\M3o_SmoothFanLayoutPrototype\figures\m3o_edge_cap_support_comparison.png","m3o_edge_cap_support_comparison.png",".png","78494","2026/05/14 11:57:08"
"D:\MYF\SPH\GeoDualSPHysics_v5.2\examples\u-pw\04_Undrained_Triaxial\experiments\M3o_SmoothFanLayoutPrototype\figures\m3o_edge_cap_support_comparison.svg","m3o_edge_cap_support_comparison.svg",".svg","47035","2026/05/14 11:57:08"
"D:\MYF\SPH\GeoDualSPHysics_v5.2\examples\u-pw\04_Undrained_Triaxial\experiments\M3o_SmoothFanLayoutPrototype\figures\m3o_layout_preview_rz.png","m3o_layout_preview_rz.png",".png","58381","2026/05/14 11:57:07"
"D:\MYF\SPH\GeoDualSPHysics_v5.2\examples\u-pw\04_Undrained_Triaxial\experiments\M3o_SmoothFanLayoutPrototype\figures\m3o_layout_preview_rz.svg","m3o_layout_preview_rz.svg",".svg","305408","2026/05/14 11:57:07"
"D:\MYF\SPH\GeoDualSPHysics_v5.2\examples\u-pw\04_Undrained_Triaxial\experiments\M3o_SmoothFanLayoutPrototype\figures\m3o_layout_preview_xy.png","m3o_layout_preview_xy.png",".png","45143","2026/05/14 11:57:08"
"D:\MYF\SPH\GeoDualSPHysics_v5.2\examples\u-pw\04_Undrained_Triaxial\experiments\M3o_SmoothFanLayoutPrototype\figures\m3o_layout_preview_xy.svg","m3o_layout_preview_xy.svg",".svg","33857","2026/05/14 11:57:07"
"D:\MYF\SPH\GeoDualSPHysics_v5.2\examples\u-pw\04_Undrained_Triaxial\experiments\M3o_SmoothFanLayoutPrototype\figures\m3o_neighbor_count_distribution.png","m3o_neighbor_count_distribution.png",".png","44541","2026/05/14 11:57:08"
"D:\MYF\SPH\GeoDualSPHysics_v5.2\examples\u-pw\04_Undrained_Triaxial\experiments\M3o_SmoothFanLayoutPrototype\figures\m3o_neighbor_count_distribution.svg","m3o_neighbor_count_distribution.svg",".svg","50513","2026/05/14 11:57:08"
"D:\MYF\SPH\GeoDualSPHysics_v5.2\examples\u-pw\04_Undrained_Triaxial\experiments\M3o_SmoothFanLayoutPrototype\figures\m3o_support_proxy_distribution.png","m3o_support_proxy_distribution.png",".png","43689","2026/05/14 11:57:08"
"D:\MYF\SPH\GeoDualSPHysics_v5.2\examples\u-pw\04_Undrained_Triaxial\experiments\M3o_SmoothFanLayoutPrototype\figures\m3o_support_proxy_distribution.svg","m3o_support_proxy_distribution.svg",".svg","47843","2026/05/14 11:57:08"
"D:\MYF\SPH\GeoDualSPHysics_v5.2\examples\u-pw\04_Undrained_Triaxial\experiments\M3o_SmoothFanLayoutPrototype\generate_smooth_triaxial_layout.py","generate_smooth_triaxial_layout.py",".py","20713","2026/05/14 11:56:54"
"D:\MYF\SPH\GeoDualSPHysics_v5.2\examples\u-pw\04_Undrained_Triaxial\experiments\M3o_SmoothFanLayoutPrototype\m3o_geometry_quality_metrics.csv","m3o_geometry_quality_metrics.csv",".csv","1078","2026/05/14 11:57:07"
"D:\MYF\SPH\GeoDualSPHysics_v5.2\examples\u-pw\04_Undrained_Triaxial\experiments\M3o_SmoothFanLayoutPrototype\m3o_layout_comparison.csv","m3o_layout_comparison.csv",".csv","654","2026/05/14 11:57:07"
"D:\MYF\SPH\GeoDualSPHysics_v5.2\examples\u-pw\04_Undrained_Triaxial\experiments\M3o_SmoothFanLayoutPrototype\m3o_smooth_fan_layout_params.json","m3o_smooth_fan_layout_params.json",".json","348","2026/05/14 11:57:07"
"D:\MYF\SPH\GeoDualSPHysics_v5.2\examples\u-pw\04_Undrained_Triaxial\experiments\M3o_SmoothFanLayoutPrototype\m3o_smooth_fan_layout_particles.csv","m3o_smooth_fan_layout_particles.csv",".csv","184357","2026/05/14 11:57:07"
"D:\MYF\SPH\GeoDualSPHysics_v5.2\examples\u-pw\04_Undrained_Triaxial\experiments\M3o_SmoothFanLayoutPrototype\m3o_support_neighbor_metrics.csv","m3o_support_neighbor_metrics.csv",".csv","64543","2026/05/14 11:57:07"
"D:\MYF\SPH\GeoDualSPHysics_v5.2\examples\u-pw\04_Undrained_Triaxial\experiments\M3o_SmoothFanLayoutPrototype\README.md","README.md",".md","700","2026/05/14 11:58:29"
"D:\MYF\SPH\GeoDualSPHysics_v5.2\examples\u-pw\04_Undrained_Triaxial\experiments\T1_UndrainedTriaxialBaseline\CaseUndrainedTriaxial_PR_T1_Baseline_Def.xml","CaseUndrainedTriaxial_PR_T1_Baseline_Def.xml",".xml","11798","2026/05/13 17:34:29"
"D:\MYF\SPH\GeoDualSPHysics_v5.2\examples\u-pw\04_Undrained_Triaxial\experiments\T1_UndrainedTriaxialBaseline\figures\t1_axial_displacement_vs_time.png","t1_axial_displacement_vs_time.png",".png","32777","2026/05/13 17:25:02"
"D:\MYF\SPH\GeoDualSPHysics_v5.2\examples\u-pw\04_Undrained_Triaxial\experiments\T1_UndrainedTriaxialBaseline\figures\t1_axial_displacement_vs_time.svg","t1_axial_displacement_vs_time.svg",".svg","22788","2026/05/13 17:33:40"
"D:\MYF\SPH\GeoDualSPHysics_v5.2\examples\u-pw\04_Undrained_Triaxial\experiments\T1_UndrainedTriaxialBaseline\figures\t1_axial_strain_vs_time.png","t1_axial_strain_vs_time.png",".png","35257","2026/05/13 17:25:02"
"D:\MYF\SPH\GeoDualSPHysics_v5.2\examples\u-pw\04_Undrained_Triaxial\experiments\T1_UndrainedTriaxialBaseline\figures\t1_axial_strain_vs_time.svg","t1_axial_strain_vs_time.svg",".svg","23677","2026/05/13 17:33:40"
"D:\MYF\SPH\GeoDualSPHysics_v5.2\examples\u-pw\04_Undrained_Triaxial\experiments\T1_UndrainedTriaxialBaseline\figures\t1_divvel_porepressrate_vs_time.png","t1_divvel_porepressrate_vs_time.png",".png","36594","2026/05/13 17:25:02"
"D:\MYF\SPH\GeoDualSPHysics_v5.2\examples\u-pw\04_Undrained_Triaxial\experiments\T1_UndrainedTriaxialBaseline\figures\t1_divvel_porepressrate_vs_time.svg","t1_divvel_porepressrate_vs_time.svg",".svg","26855","2026/05/13 17:33:40"
"D:\MYF\SPH\GeoDualSPHysics_v5.2\examples\u-pw\04_Undrained_Triaxial\experiments\T1_UndrainedTriaxialBaseline\figures\t1_kplastic_max_vs_time.png","t1_kplastic_max_vs_time.png",".png","20496","2026/05/13 17:25:02"
"D:\MYF\SPH\GeoDualSPHysics_v5.2\examples\u-pw\04_Undrained_Triaxial\experiments\T1_UndrainedTriaxialBaseline\figures\t1_kplastic_max_vs_time.svg","t1_kplastic_max_vs_time.svg",".svg","20160","2026/05/13 17:33:40"
"D:\MYF\SPH\GeoDualSPHysics_v5.2\examples\u-pw\04_Undrained_Triaxial\experiments\T1_UndrainedTriaxialBaseline\figures\t1_pore_pressure_vs_time.png","t1_pore_pressure_vs_time.png",".png","33630","2026/05/13 17:25:02"
"D:\MYF\SPH\GeoDualSPHysics_v5.2\examples\u-pw\04_Undrained_Triaxial\experiments\T1_UndrainedTriaxialBaseline\figures\t1_pore_pressure_vs_time.svg","t1_pore_pressure_vs_time.svg",".svg","25122","2026/05/13 17:33:40"
"D:\MYF\SPH\GeoDualSPHysics_v5.2\examples\u-pw\04_Undrained_Triaxial\experiments\T1_UndrainedTriaxialBaseline\figures\t1_pq_path_proxy.png","t1_pq_path_proxy.png",".png","38785","2026/05/13 17:25:02"
"D:\MYF\SPH\GeoDualSPHysics_v5.2\examples\u-pw\04_Undrained_Triaxial\experiments\T1_UndrainedTriaxialBaseline\figures\t1_pq_path_proxy.svg","t1_pq_path_proxy.svg",".svg","19114","2026/05/13 17:33:40"
"D:\MYF\SPH\GeoDualSPHysics_v5.2\examples\u-pw\04_Undrained_Triaxial\experiments\T1_UndrainedTriaxialBaseline\figures\t1_velocity_max_vs_time.png","t1_velocity_max_vs_time.png",".png","36171","2026/05/13 17:25:02"
"D:\MYF\SPH\GeoDualSPHysics_v5.2\examples\u-pw\04_Undrained_Triaxial\experiments\T1_UndrainedTriaxialBaseline\figures\t1_velocity_max_vs_time.svg","t1_velocity_max_vs_time.svg",".svg","21869","2026/05/13 17:33:40"
"D:\MYF\SPH\GeoDualSPHysics_v5.2\examples\u-pw\04_Undrained_Triaxial\experiments\T1_UndrainedTriaxialBaseline\README.md","README.md",".md","771","2026/05/13 17:21:38"
"D:\MYF\SPH\GeoDualSPHysics_v5.2\examples\u-pw\04_Undrained_Triaxial\experiments\T1_UndrainedTriaxialBaseline\scripts\analyze_t1_undrained_triaxial.py","analyze_t1_undrained_triaxial.py",".py","12818","2026/05/13 17:24:49"
"D:\MYF\SPH\GeoDualSPHysics_v5.2\examples\u-pw\04_Undrained_Triaxial\experiments\T1_UndrainedTriaxialBaseline\t1_case_summary.csv","t1_case_summary.csv",".csv","561","2026/05/13 17:25:02"
"D:\MYF\SPH\GeoDualSPHysics_v5.2\examples\u-pw\04_Undrained_Triaxial\experiments\T1_UndrainedTriaxialBaseline\t1_frame_metrics.csv","t1_frame_metrics.csv",".csv","2082","2026/05/13 17:25:02"
"D:\MYF\SPH\GeoDualSPHysics_v5.2\examples\u-pw\04_Undrained_Triaxial\experiments\T1_UndrainedTriaxialBaseline\t1_measurement_region_metrics.csv","t1_measurement_region_metrics.csv",".csv","982","2026/05/13 17:25:02"
"D:\MYF\SPH\GeoDualSPHysics_v5.2\examples\u-pw\04_Undrained_Triaxial\experiments\T1_UndrainedTriaxialBaseline\t1_pore_pressure_metrics.csv","t1_pore_pressure_metrics.csv",".csv","527","2026/05/13 17:25:02"
"D:\MYF\SPH\GeoDualSPHysics_v5.2\examples\u-pw\04_Undrained_Triaxial\experiments\T1_UndrainedTriaxialBaseline\t1_stress_path_metrics.csv","t1_stress_path_metrics.csv",".csv","410","2026/05/13 17:25:02"
"D:\MYF\SPH\GeoDualSPHysics_v5.2\examples\u-pw\04_Undrained_Triaxial\experiments\T1_UndrainedTriaxialBaseline\TriaxialAxialAcc_T1.csv","TriaxialAxialAcc_T1.csv",".csv","110","2026/05/13 17:21:38"
"D:\MYF\SPH\GeoDualSPHysics_v5.2\examples\u-pw\04_Undrained_Triaxial\experiments\T1_UndrainedTriaxialBaseline\xCaseUndrainedTriaxial_PR_T1_Baseline_win64_CPU_release.bat","xCaseUndrainedTriaxial_PR_T1_Baseline_win64_CPU_release.bat",".bat","779","2026/05/13 17:21:38"
"D:\MYF\SPH\GeoDualSPHysics_v5.2\examples\u-pw\04_Undrained_Triaxial\experiments\T3_FlexibleConfinementDiagnostics\CaseT3_AxialConfinement_Selected_Def.xml","CaseT3_AxialConfinement_Selected_Def.xml",".xml","6796","2026/05/13 18:25:58"
"D:\MYF\SPH\GeoDualSPHysics_v5.2\examples\u-pw\04_Undrained_Triaxial\experiments\T3_FlexibleConfinementDiagnostics\CaseT3_ConfinementOnly_Legacy_Def.xml","CaseT3_ConfinementOnly_Legacy_Def.xml",".xml","6307","2026/05/13 18:25:58"
"D:\MYF\SPH\GeoDualSPHysics_v5.2\examples\u-pw\04_Undrained_Triaxial\experiments\T3_FlexibleConfinementDiagnostics\CaseT3_ConfinementOnly_Selected_Def.xml","CaseT3_ConfinementOnly_Selected_Def.xml",".xml","6310","2026/05/13 18:25:58"
"D:\MYF\SPH\GeoDualSPHysics_v5.2\examples\u-pw\04_Undrained_Triaxial\experiments\T3_FlexibleConfinementDiagnostics\figures\t3_axial_displacement_proxy.png","t3_axial_displacement_proxy.png",".png","59937","2026/05/13 18:48:48"
"D:\MYF\SPH\GeoDualSPHysics_v5.2\examples\u-pw\04_Undrained_Triaxial\experiments\T3_FlexibleConfinementDiagnostics\figures\t3_axial_displacement_proxy.svg","t3_axial_displacement_proxy.svg",".svg","35525","2026/05/13 18:48:47"
"D:\MYF\SPH\GeoDualSPHysics_v5.2\examples\u-pw\04_Undrained_Triaxial\experiments\T3_FlexibleConfinementDiagnostics\figures\t3_axial_velocity_proxy.png","t3_axial_velocity_proxy.png",".png","62112","2026/05/13 18:48:48"
"D:\MYF\SPH\GeoDualSPHysics_v5.2\examples\u-pw\04_Undrained_Triaxial\experiments\T3_FlexibleConfinementDiagnostics\figures\t3_axial_velocity_proxy.svg","t3_axial_velocity_proxy.svg",".svg","35286","2026/05/13 18:48:48"
"D:\MYF\SPH\GeoDualSPHysics_v5.2\examples\u-pw\04_Undrained_Triaxial\experiments\T3_FlexibleConfinementDiagnostics\figures\t3_cap_axial_leakage.png","t3_cap_axial_leakage.png",".png","40217","2026/05/13 18:48:47"
"D:\MYF\SPH\GeoDualSPHysics_v5.2\examples\u-pw\04_Undrained_Triaxial\experiments\T3_FlexibleConfinementDiagnostics\figures\t3_cap_axial_leakage.svg","t3_cap_axial_leakage.svg",".svg","34109","2026/05/13 18:48:47"
"D:\MYF\SPH\GeoDualSPHysics_v5.2\examples\u-pw\04_Undrained_Triaxial\experiments\T3_FlexibleConfinementDiagnostics\figures\t3_fi_histogram.png","t3_fi_histogram.png",".png","34892","2026/05/13 18:48:47"
"D:\MYF\SPH\GeoDualSPHysics_v5.2\examples\u-pw\04_Undrained_Triaxial\experiments\T3_FlexibleConfinementDiagnostics\figures\t3_fi_histogram.svg","t3_fi_histogram.svg",".svg","42250","2026/05/13 18:48:47"
"D:\MYF\SPH\GeoDualSPHysics_v5.2\examples\u-pw\04_Undrained_Triaxial\experiments\T3_FlexibleConfinementDiagnostics\figures\t3_kplastic_max.png","t3_kplastic_max.png",".png","35159","2026/05/13 18:48:48"
"D:\MYF\SPH\GeoDualSPHysics_v5.2\examples\u-pw\04_Undrained_Triaxial\experiments\T3_FlexibleConfinementDiagnostics\figures\t3_kplastic_max.svg","t3_kplastic_max.svg",".svg","31842","2026/05/13 18:48:48"
"D:\MYF\SPH\GeoDualSPHysics_v5.2\examples\u-pw\04_Undrained_Triaxial\experiments\T3_FlexibleConfinementDiagnostics\figures\t3_lateral_radial_acceleration.png","t3_lateral_radial_acceleration.png",".png","42890","2026/05/13 18:48:47"
"D:\MYF\SPH\GeoDualSPHysics_v5.2\examples\u-pw\04_Undrained_Triaxial\experiments\T3_FlexibleConfinementDiagnostics\figures\t3_lateral_radial_acceleration.svg","t3_lateral_radial_acceleration.svg",".svg","35908","2026/05/13 18:48:46"
"D:\MYF\SPH\GeoDualSPHysics_v5.2\examples\u-pw\04_Undrained_Triaxial\experiments\T3_FlexibleConfinementDiagnostics\figures\t3_net_force_symmetry_residual.png","t3_net_force_symmetry_residual.png",".png","82058","2026/05/13 18:48:47"
"D:\MYF\SPH\GeoDualSPHysics_v5.2\examples\u-pw\04_Undrained_Triaxial\experiments\T3_FlexibleConfinementDiagnostics\figures\t3_net_force_symmetry_residual.svg","t3_net_force_symmetry_residual.svg",".svg","35834","2026/05/13 18:48:47"
"D:\MYF\SPH\GeoDualSPHysics_v5.2\examples\u-pw\04_Undrained_Triaxial\experiments\T3_FlexibleConfinementDiagnostics\figures\t3_particle_class_counts.png","t3_particle_class_counts.png",".png","56533","2026/05/13 18:48:47"
"D:\MYF\SPH\GeoDualSPHysics_v5.2\examples\u-pw\04_Undrained_Triaxial\experiments\T3_FlexibleConfinementDiagnostics\figures\t3_particle_class_counts.svg","t3_particle_class_counts.svg",".svg","27199","2026/05/13 18:48:47"
"D:\MYF\SPH\GeoDualSPHysics_v5.2\examples\u-pw\04_Undrained_Triaxial\experiments\T3_FlexibleConfinementDiagnostics\figures\t3_pore_pressure_response.png","t3_pore_pressure_response.png",".png","57150","2026/05/13 18:48:47"
"D:\MYF\SPH\GeoDualSPHysics_v5.2\examples\u-pw\04_Undrained_Triaxial\experiments\T3_FlexibleConfinementDiagnostics\figures\t3_pore_pressure_response.svg","t3_pore_pressure_response.svg",".svg","33096","2026/05/13 18:48:47"
"D:\MYF\SPH\GeoDualSPHysics_v5.2\examples\u-pw\04_Undrained_Triaxial\experiments\T3_FlexibleConfinementDiagnostics\scripts\analyze_t3_flexible_confinement.py","analyze_t3_flexible_confinement.py",".py","16072","2026/05/13 18:48:19"
"D:\MYF\SPH\GeoDualSPHysics_v5.2\examples\u-pw\04_Undrained_Triaxial\experiments\T3_FlexibleConfinementDiagnostics\t3_case_summary.csv","t3_case_summary.csv",".csv","701","2026/05/13 18:48:46"
"D:\MYF\SPH\GeoDualSPHysics_v5.2\examples\u-pw\04_Undrained_Triaxial\experiments\T3_FlexibleConfinementDiagnostics\t3_confining_fi_particle_values.csv","t3_confining_fi_particle_values.csv",".csv","144410","2026/05/13 18:48:46"
"D:\MYF\SPH\GeoDualSPHysics_v5.2\examples\u-pw\04_Undrained_Triaxial\experiments\T3_FlexibleConfinementDiagnostics\t3_confining_fi_stats.csv","t3_confining_fi_stats.csv",".csv","2210","2026/05/13 18:48:46"
"D:\MYF\SPH\GeoDualSPHysics_v5.2\examples\u-pw\04_Undrained_Triaxial\experiments\T3_FlexibleConfinementDiagnostics\t3_confining_force_metrics.csv","t3_confining_force_metrics.csv",".csv","3547","2026/05/13 18:48:46"
"D:\MYF\SPH\GeoDualSPHysics_v5.2\examples\u-pw\04_Undrained_Triaxial\experiments\T3_FlexibleConfinementDiagnostics\t3_confining_particle_classification.csv","t3_confining_particle_classification.csv",".csv","3157","2026/05/13 18:48:46"
"D:\MYF\SPH\GeoDualSPHysics_v5.2\examples\u-pw\04_Undrained_Triaxial\experiments\T3_FlexibleConfinementDiagnostics\t3_kplastic_metrics.csv","t3_kplastic_metrics.csv",".csv","962","2026/05/13 18:48:46"
"D:\MYF\SPH\GeoDualSPHysics_v5.2\examples\u-pw\04_Undrained_Triaxial\experiments\T3_FlexibleConfinementDiagnostics\t3_pore_pressure_metrics.csv","t3_pore_pressure_metrics.csv",".csv","2195","2026/05/13 18:48:46"
"D:\MYF\SPH\GeoDualSPHysics_v5.2\examples\u-pw\04_Undrained_Triaxial\experiments\T3_FlexibleConfinementDiagnostics\TriaxialAxialAcc_T3.csv","TriaxialAxialAcc_T3.csv",".csv","110","2026/05/13 18:24:48"
"D:\MYF\SPH\GeoDualSPHysics_v5.2\examples\u-pw\04_Undrained_Triaxial\experiments\T3_FlexibleConfinementDiagnostics\xRun_T3_FlexibleConfinementDiagnostics_win64_CPU_release.bat","xRun_T3_FlexibleConfinementDiagnostics_win64_CPU_release.bat",".bat","1068","2026/05/13 18:25:58"
"D:\MYF\SPH\GeoDualSPHysics_v5.2\examples\u-pw\04_Undrained_Triaxial\experiments\T4_StressPathPostprocessing\CaseT4_StressPath_SelectedConfinement_Def.xml","CaseT4_StressPath_SelectedConfinement_Def.xml",".xml","6797","2026/05/13 19:01:52"
"D:\MYF\SPH\GeoDualSPHysics_v5.2\examples\u-pw\04_Undrained_Triaxial\experiments\T4_StressPathPostprocessing\figures\t4_axial_strain_vs_time.png","t4_axial_strain_vs_time.png",".png","41695","2026/05/13 19:03:25"
"D:\MYF\SPH\GeoDualSPHysics_v5.2\examples\u-pw\04_Undrained_Triaxial\experiments\T4_StressPathPostprocessing\figures\t4_axial_strain_vs_time.svg","t4_axial_strain_vs_time.svg",".svg","32436","2026/05/13 19:03:25"
"D:\MYF\SPH\GeoDualSPHysics_v5.2\examples\u-pw\04_Undrained_Triaxial\experiments\T4_StressPathPostprocessing\figures\t4_confinement_accel_diagnostics.png","t4_confinement_accel_diagnostics.png",".png","37559","2026/05/13 19:03:26"
"D:\MYF\SPH\GeoDualSPHysics_v5.2\examples\u-pw\04_Undrained_Triaxial\experiments\T4_StressPathPostprocessing\figures\t4_confinement_accel_diagnostics.svg","t4_confinement_accel_diagnostics.svg",".svg","31838","2026/05/13 19:03:26"
"D:\MYF\SPH\GeoDualSPHysics_v5.2\examples\u-pw\04_Undrained_Triaxial\experiments\T4_StressPathPostprocessing\figures\t4_divvel_vs_time.png","t4_divvel_vs_time.png",".png","43806","2026/05/13 19:03:26"
"D:\MYF\SPH\GeoDualSPHysics_v5.2\examples\u-pw\04_Undrained_Triaxial\experiments\T4_StressPathPostprocessing\figures\t4_divvel_vs_time.svg","t4_divvel_vs_time.svg",".svg","33218","2026/05/13 19:03:25"
"D:\MYF\SPH\GeoDualSPHysics_v5.2\examples\u-pw\04_Undrained_Triaxial\experiments\T4_StressPathPostprocessing\figures\t4_fi_histogram.png","t4_fi_histogram.png",".png","26152","2026/05/13 19:03:26"
"D:\MYF\SPH\GeoDualSPHysics_v5.2\examples\u-pw\04_Undrained_Triaxial\experiments\T4_StressPathPostprocessing\figures\t4_fi_histogram.svg","t4_fi_histogram.svg",".svg","27445","2026/05/13 19:03:26"
"D:\MYF\SPH\GeoDualSPHysics_v5.2\examples\u-pw\04_Undrained_Triaxial\experiments\T4_StressPathPostprocessing\figures\t4_kplastic_max_vs_time.png","t4_kplastic_max_vs_time.png",".png","23266","2026/05/13 19:03:26"
"D:\MYF\SPH\GeoDualSPHysics_v5.2\examples\u-pw\04_Undrained_Triaxial\experiments\T4_StressPathPostprocessing\figures\t4_kplastic_max_vs_time.svg","t4_kplastic_max_vs_time.svg",".svg","22650","2026/05/13 19:03:26"
"D:\MYF\SPH\GeoDualSPHysics_v5.2\examples\u-pw\04_Undrained_Triaxial\experiments\T4_StressPathPostprocessing\figures\t4_measurement_region_sensitivity.png","t4_measurement_region_sensitivity.png",".png","66614","2026/05/13 19:03:26"
"D:\MYF\SPH\GeoDualSPHysics_v5.2\examples\u-pw\04_Undrained_Triaxial\experiments\T4_StressPathPostprocessing\figures\t4_measurement_region_sensitivity.svg","t4_measurement_region_sensitivity.svg",".svg","31753","2026/05/13 19:03:26"
"D:\MYF\SPH\GeoDualSPHysics_v5.2\examples\u-pw\04_Undrained_Triaxial\experiments\T4_StressPathPostprocessing\figures\t4_p_eff_vs_axial_strain.png","t4_p_eff_vs_axial_strain.png",".png","67717","2026/05/13 19:03:25"
"D:\MYF\SPH\GeoDualSPHysics_v5.2\examples\u-pw\04_Undrained_Triaxial\experiments\T4_StressPathPostprocessing\figures\t4_p_eff_vs_axial_strain.svg","t4_p_eff_vs_axial_strain.svg",".svg","38731","2026/05/13 19:03:25"
"D:\MYF\SPH\GeoDualSPHysics_v5.2\examples\u-pw\04_Undrained_Triaxial\experiments\T4_StressPathPostprocessing\figures\t4_pore_pressure_vs_axial_strain.png","t4_pore_pressure_vs_axial_strain.png",".png","84144","2026/05/13 19:03:25"
"D:\MYF\SPH\GeoDualSPHysics_v5.2\examples\u-pw\04_Undrained_Triaxial\experiments\T4_StressPathPostprocessing\figures\t4_pore_pressure_vs_axial_strain.svg","t4_pore_pressure_vs_axial_strain.svg",".svg","44445","2026/05/13 19:03:25"
"D:\MYF\SPH\GeoDualSPHysics_v5.2\examples\u-pw\04_Undrained_Triaxial\experiments\T4_StressPathPostprocessing\figures\t4_pore_pressure_vs_time_regions.png","t4_pore_pressure_vs_time_regions.png",".png","65313","2026/05/13 19:03:25"
"D:\MYF\SPH\GeoDualSPHysics_v5.2\examples\u-pw\04_Undrained_Triaxial\experiments\T4_StressPathPostprocessing\figures\t4_pore_pressure_vs_time_regions.svg","t4_pore_pressure_vs_time_regions.svg",".svg","45678","2026/05/13 19:03:24"
"D:\MYF\SPH\GeoDualSPHysics_v5.2\examples\u-pw\04_Undrained_Triaxial\experiments\T4_StressPathPostprocessing\figures\t4_porepressrate_vs_time.png","t4_porepressrate_vs_time.png",".png","48653","2026/05/13 19:03:26"
"D:\MYF\SPH\GeoDualSPHysics_v5.2\examples\u-pw\04_Undrained_Triaxial\experiments\T4_StressPathPostprocessing\figures\t4_porepressrate_vs_time.svg","t4_porepressrate_vs_time.svg",".svg","37540","2026/05/13 19:03:26"
"D:\MYF\SPH\GeoDualSPHysics_v5.2\examples\u-pw\04_Undrained_Triaxial\experiments\T4_StressPathPostprocessing\figures\t4_pq_path_proxy.png","t4_pq_path_proxy.png",".png","79746","2026/05/13 19:03:25"
"D:\MYF\SPH\GeoDualSPHysics_v5.2\examples\u-pw\04_Undrained_Triaxial\experiments\T4_StressPathPostprocessing\figures\t4_pq_path_proxy.svg","t4_pq_path_proxy.svg",".svg","40889","2026/05/13 19:03:25"
"D:\MYF\SPH\GeoDualSPHysics_v5.2\examples\u-pw\04_Undrained_Triaxial\experiments\T4_StressPathPostprocessing\figures\t4_q_vs_axial_strain.png","t4_q_vs_axial_strain.png",".png","54138","2026/05/13 19:03:25"
"D:\MYF\SPH\GeoDualSPHysics_v5.2\examples\u-pw\04_Undrained_Triaxial\experiments\T4_StressPathPostprocessing\figures\t4_q_vs_axial_strain.svg","t4_q_vs_axial_strain.svg",".svg","37899","2026/05/13 19:03:25"
"D:\MYF\SPH\GeoDualSPHysics_v5.2\examples\u-pw\04_Undrained_Triaxial\experiments\T4_StressPathPostprocessing\scripts\analyze_t4_triaxial_stress_path.py","analyze_t4_triaxial_stress_path.py",".py","20108","2026/05/13 19:01:17"
"D:\MYF\SPH\GeoDualSPHysics_v5.2\examples\u-pw\04_Undrained_Triaxial\experiments\T4_StressPathPostprocessing\t4_case_summary.csv","t4_case_summary.csv",".csv","728","2026/05/13 19:03:24"
"D:\MYF\SPH\GeoDualSPHysics_v5.2\examples\u-pw\04_Undrained_Triaxial\experiments\T4_StressPathPostprocessing\t4_confinement_diagnostics.csv","t4_confinement_diagnostics.csv",".csv","1287","2026/05/13 19:03:24"
"D:\MYF\SPH\GeoDualSPHysics_v5.2\examples\u-pw\04_Undrained_Triaxial\experiments\T4_StressPathPostprocessing\t4_fi_particle_metrics.csv","t4_fi_particle_metrics.csv",".csv","29660","2026/05/13 19:03:24"
"D:\MYF\SPH\GeoDualSPHysics_v5.2\examples\u-pw\04_Undrained_Triaxial\experiments\T4_StressPathPostprocessing\t4_frame_metrics.csv","t4_frame_metrics.csv",".csv","3166","2026/05/13 19:03:24"
"D:\MYF\SPH\GeoDualSPHysics_v5.2\examples\u-pw\04_Undrained_Triaxial\experiments\T4_StressPathPostprocessing\t4_measurement_region_sensitivity.csv","t4_measurement_region_sensitivity.csv",".csv","26352","2026/05/13 19:03:24"
"D:\MYF\SPH\GeoDualSPHysics_v5.2\examples\u-pw\04_Undrained_Triaxial\experiments\T4_StressPathPostprocessing\t4_pore_pressure_strain_metrics.csv","t4_pore_pressure_strain_metrics.csv",".csv","10165","2026/05/13 19:03:24"
"D:\MYF\SPH\GeoDualSPHysics_v5.2\examples\u-pw\04_Undrained_Triaxial\experiments\T4_StressPathPostprocessing\t4_stress_path_metrics.csv","t4_stress_path_metrics.csv",".csv","15394","2026/05/13 19:03:24"
"D:\MYF\SPH\GeoDualSPHysics_v5.2\examples\u-pw\04_Undrained_Triaxial\experiments\T4_StressPathPostprocessing\TriaxialAxialAcc_T4.csv","TriaxialAxialAcc_T4.csv",".csv","132","2026/05/13 19:01:59"
"D:\MYF\SPH\GeoDualSPHysics_v5.2\examples\u-pw\04_Undrained_Triaxial\experiments\T4_StressPathPostprocessing\xRun_T4_StressPathPostprocessing_win64_CPU_release.bat","xRun_T4_StressPathPostprocessing_win64_CPU_release.bat",".bat","761","2026/05/13 18:59:06"
"D:\MYF\SPH\GeoDualSPHysics_v5.2\examples\u-pw\04_Undrained_Triaxial\experiments\T4b_RenormalizedConfinement\CaseT4b_RenormConfinement_Def.xml","CaseT4b_RenormConfinement_Def.xml",".xml","6855","2026/05/13 19:18:49"
"D:\MYF\SPH\GeoDualSPHysics_v5.2\examples\u-pw\04_Undrained_Triaxial\experiments\T4b_RenormalizedConfinement\CaseT4b_RenormGentleLoading_Def.xml","CaseT4b_RenormGentleLoading_Def.xml",".xml","6871","2026/05/13 19:18:49"
"D:\MYF\SPH\GeoDualSPHysics_v5.2\examples\u-pw\04_Undrained_Triaxial\experiments\T4b_RenormalizedConfinement\figures\t4b_cap_leakage_vs_time.png","t4b_cap_leakage_vs_time.png",".png","38437","2026/05/13 19:27:26"
"D:\MYF\SPH\GeoDualSPHysics_v5.2\examples\u-pw\04_Undrained_Triaxial\experiments\T4b_RenormalizedConfinement\figures\t4b_cap_leakage_vs_time.svg","t4b_cap_leakage_vs_time.svg",".svg","33606","2026/05/13 19:30:31"
"D:\MYF\SPH\GeoDualSPHysics_v5.2\examples\u-pw\04_Undrained_Triaxial\experiments\T4b_RenormalizedConfinement\figures\t4b_com_acceleration_vs_time.png","t4b_com_acceleration_vs_time.png",".png","82224","2026/05/13 19:27:26"
"D:\MYF\SPH\GeoDualSPHysics_v5.2\examples\u-pw\04_Undrained_Triaxial\experiments\T4b_RenormalizedConfinement\figures\t4b_com_acceleration_vs_time.svg","t4b_com_acceleration_vs_time.svg",".svg","35186","2026/05/13 19:30:31"
"D:\MYF\SPH\GeoDualSPHysics_v5.2\examples\u-pw\04_Undrained_Triaxial\experiments\T4b_RenormalizedConfinement\figures\t4b_divvel_vs_time.png","t4b_divvel_vs_time.png",".png","47972","2026/05/13 19:27:27"
"D:\MYF\SPH\GeoDualSPHysics_v5.2\examples\u-pw\04_Undrained_Triaxial\experiments\T4b_RenormalizedConfinement\figures\t4b_divvel_vs_time.svg","t4b_divvel_vs_time.svg",".svg","35734","2026/05/13 19:30:31"
"D:\MYF\SPH\GeoDualSPHysics_v5.2\examples\u-pw\04_Undrained_Triaxial\experiments\T4b_RenormalizedConfinement\figures\t4b_lateral_acceleration_vs_time.png","t4b_lateral_acceleration_vs_time.png",".png","43863","2026/05/13 19:27:26"
"D:\MYF\SPH\GeoDualSPHysics_v5.2\examples\u-pw\04_Undrained_Triaxial\experiments\T4b_RenormalizedConfinement\figures\t4b_lateral_acceleration_vs_time.svg","t4b_lateral_acceleration_vs_time.svg",".svg","35453","2026/05/13 19:30:31"
"D:\MYF\SPH\GeoDualSPHysics_v5.2\examples\u-pw\04_Undrained_Triaxial\experiments\T4b_RenormalizedConfinement\figures\t4b_measurement_region_sensitivity.png","t4b_measurement_region_sensitivity.png",".png","72375","2026/05/13 19:27:27"
"D:\MYF\SPH\GeoDualSPHysics_v5.2\examples\u-pw\04_Undrained_Triaxial\experiments\T4b_RenormalizedConfinement\figures\t4b_measurement_region_sensitivity.svg","t4b_measurement_region_sensitivity.svg",".svg","36116","2026/05/13 19:30:31"
"D:\MYF\SPH\GeoDualSPHysics_v5.2\examples\u-pw\04_Undrained_Triaxial\experiments\T4b_RenormalizedConfinement\figures\t4b_pore_pressure_vs_axial_strain.png","t4b_pore_pressure_vs_axial_strain.png",".png","52568","2026/05/13 19:27:27"
"D:\MYF\SPH\GeoDualSPHysics_v5.2\examples\u-pw\04_Undrained_Triaxial\experiments\T4b_RenormalizedConfinement\figures\t4b_pore_pressure_vs_axial_strain.svg","t4b_pore_pressure_vs_axial_strain.svg",".svg","36873","2026/05/13 19:30:31"
"D:\MYF\SPH\GeoDualSPHysics_v5.2\examples\u-pw\04_Undrained_Triaxial\experiments\T4b_RenormalizedConfinement\figures\t4b_pore_pressure_vs_time.png","t4b_pore_pressure_vs_time.png",".png","57206","2026/05/13 19:27:26"
"D:\MYF\SPH\GeoDualSPHysics_v5.2\examples\u-pw\04_Undrained_Triaxial\experiments\T4b_RenormalizedConfinement\figures\t4b_pore_pressure_vs_time.svg","t4b_pore_pressure_vs_time.svg",".svg","39222","2026/05/13 19:30:31"
"D:\MYF\SPH\GeoDualSPHysics_v5.2\examples\u-pw\04_Undrained_Triaxial\experiments\T4b_RenormalizedConfinement\figures\t4b_porepressrate_vs_time.png","t4b_porepressrate_vs_time.png",".png","76053","2026/05/13 19:27:27"
"D:\MYF\SPH\GeoDualSPHysics_v5.2\examples\u-pw\04_Undrained_Triaxial\experiments\T4b_RenormalizedConfinement\figures\t4b_porepressrate_vs_time.svg","t4b_porepressrate_vs_time.svg",".svg","47857","2026/05/13 19:30:31"
"D:\MYF\SPH\GeoDualSPHysics_v5.2\examples\u-pw\04_Undrained_Triaxial\experiments\T4b_RenormalizedConfinement\figures\t4b_pq_proxy.png","t4b_pq_proxy.png",".png","68601","2026/05/13 19:27:28"
"D:\MYF\SPH\GeoDualSPHysics_v5.2\examples\u-pw\04_Undrained_Triaxial\experiments\T4b_RenormalizedConfinement\figures\t4b_pq_proxy.svg","t4b_pq_proxy.svg",".svg","32272","2026/05/13 19:30:31"
"D:\MYF\SPH\GeoDualSPHysics_v5.2\examples\u-pw\04_Undrained_Triaxial\experiments\T4b_RenormalizedConfinement\figures\t4b_velocity_max_vs_time.png","t4b_velocity_max_vs_time.png",".png","50425","2026/05/13 19:27:27"
"D:\MYF\SPH\GeoDualSPHysics_v5.2\examples\u-pw\04_Undrained_Triaxial\experiments\T4b_RenormalizedConfinement\figures\t4b_velocity_max_vs_time.svg","t4b_velocity_max_vs_time.svg",".svg","34252","2026/05/13 19:30:31"
"D:\MYF\SPH\GeoDualSPHysics_v5.2\examples\u-pw\04_Undrained_Triaxial\experiments\T4b_RenormalizedConfinement\scripts\analyze_t4b_renormalized_confinement.py","analyze_t4b_renormalized_confinement.py",".py","17735","2026/05/13 19:27:22"
"D:\MYF\SPH\GeoDualSPHysics_v5.2\examples\u-pw\04_Undrained_Triaxial\experiments\T4b_RenormalizedConfinement\t4b_case_summary.csv","t4b_case_summary.csv",".csv","660","2026/05/13 19:27:26"
"D:\MYF\SPH\GeoDualSPHysics_v5.2\examples\u-pw\04_Undrained_Triaxial\experiments\T4b_RenormalizedConfinement\t4b_confinement_gradient_comparison.csv","t4b_confinement_gradient_comparison.csv",".csv","3757","2026/05/13 19:27:26"
"D:\MYF\SPH\GeoDualSPHysics_v5.2\examples\u-pw\04_Undrained_Triaxial\experiments\T4b_RenormalizedConfinement\t4b_loading_stability_metrics.csv","t4b_loading_stability_metrics.csv",".csv","7792","2026/05/13 19:27:26"
"D:\MYF\SPH\GeoDualSPHysics_v5.2\examples\u-pw\04_Undrained_Triaxial\experiments\T4b_RenormalizedConfinement\t4b_measurement_region_metrics.csv","t4b_measurement_region_metrics.csv",".csv","54350","2026/05/13 19:27:26"
"D:\MYF\SPH\GeoDualSPHysics_v5.2\examples\u-pw\04_Undrained_Triaxial\experiments\T4b_RenormalizedConfinement\t4b_pore_pressure_strain_metrics.csv","t4b_pore_pressure_strain_metrics.csv",".csv","54350","2026/05/13 19:27:26"
"D:\MYF\SPH\GeoDualSPHysics_v5.2\examples\u-pw\04_Undrained_Triaxial\experiments\T4b_RenormalizedConfinement\TriaxialAxialAcc_T4b.csv","TriaxialAxialAcc_T4b.csv",".csv","132","2026/05/13 19:18:49"
"D:\MYF\SPH\GeoDualSPHysics_v5.2\examples\u-pw\04_Undrained_Triaxial\experiments\T4b_RenormalizedConfinement\TriaxialAxialAcc_T4b_gentle.csv","TriaxialAxialAcc_T4b_gentle.csv",".csv","157","2026/05/13 19:18:49"
"D:\MYF\SPH\GeoDualSPHysics_v5.2\examples\u-pw\04_Undrained_Triaxial\experiments\T4b_RenormalizedConfinement\xRun_T4b_RenormConfinement_win64_CPU_release.bat","xRun_T4b_RenormConfinement_win64_CPU_release.bat",".bat","772","2026/05/13 19:18:49"
"D:\MYF\SPH\GeoDualSPHysics_v5.2\examples\u-pw\04_Undrained_Triaxial\experiments\T4b_RenormalizedConfinement\xRun_T4b_RenormGentleLoading_win64_CPU_release.bat","xRun_T4b_RenormGentleLoading_win64_CPU_release.bat",".bat","772","2026/05/13 19:18:49"
"D:\MYF\SPH\GeoDualSPHysics_v5.2\examples\u-pw\04_Undrained_Triaxial\experiments\T4c_LoadingStabilization\CaseT4c_RawStagedGentleLoading_Def.xml","CaseT4c_RawStagedGentleLoading_Def.xml",".xml","6870","2026/05/13 19:50:59"
"D:\MYF\SPH\GeoDualSPHysics_v5.2\examples\u-pw\04_Undrained_Triaxial\experiments\T4c_LoadingStabilization\CaseT4c_RawStagedLoading_Def.xml","CaseT4c_RawStagedLoading_Def.xml",".xml","6863","2026/05/13 19:50:59"
"D:\MYF\SPH\GeoDualSPHysics_v5.2\examples\u-pw\04_Undrained_Triaxial\experiments\T4c_LoadingStabilization\CaseT4c_RenormStagedLoading_Def.xml","CaseT4c_RenormStagedLoading_Def.xml",".xml","6872","2026/05/13 19:50:59"
"D:\MYF\SPH\GeoDualSPHysics_v5.2\examples\u-pw\04_Undrained_Triaxial\experiments\T4c_LoadingStabilization\figures\t4c_cap_leakage_vs_time.png","t4c_cap_leakage_vs_time.png",".png","43503","2026/05/13 19:51:47"
"D:\MYF\SPH\GeoDualSPHysics_v5.2\examples\u-pw\04_Undrained_Triaxial\experiments\T4c_LoadingStabilization\figures\t4c_cap_leakage_vs_time.svg","t4c_cap_leakage_vs_time.svg",".svg","38657","2026/05/13 19:54:52"
"D:\MYF\SPH\GeoDualSPHysics_v5.2\examples\u-pw\04_Undrained_Triaxial\experiments\T4c_LoadingStabilization\figures\t4c_com_acceleration_vs_time.png","t4c_com_acceleration_vs_time.png",".png","95431","2026/05/13 19:51:48"
"D:\MYF\SPH\GeoDualSPHysics_v5.2\examples\u-pw\04_Undrained_Triaxial\experiments\T4c_LoadingStabilization\figures\t4c_com_acceleration_vs_time.svg","t4c_com_acceleration_vs_time.svg",".svg","40346","2026/05/13 19:54:52"
"D:\MYF\SPH\GeoDualSPHysics_v5.2\examples\u-pw\04_Undrained_Triaxial\experiments\T4c_LoadingStabilization\figures\t4c_divvel_vs_time.png","t4c_divvel_vs_time.png",".png","63604","2026/05/13 19:51:49"
"D:\MYF\SPH\GeoDualSPHysics_v5.2\examples\u-pw\04_Undrained_Triaxial\experiments\T4c_LoadingStabilization\figures\t4c_divvel_vs_time.svg","t4c_divvel_vs_time.svg",".svg","43208","2026/05/13 19:54:52"
"D:\MYF\SPH\GeoDualSPHysics_v5.2\examples\u-pw\04_Undrained_Triaxial\experiments\T4c_LoadingStabilization\figures\t4c_lateral_acceleration_vs_time.png","t4c_lateral_acceleration_vs_time.png",".png","61698","2026/05/13 19:51:47"
"D:\MYF\SPH\GeoDualSPHysics_v5.2\examples\u-pw\04_Undrained_Triaxial\experiments\T4c_LoadingStabilization\figures\t4c_lateral_acceleration_vs_time.svg","t4c_lateral_acceleration_vs_time.svg",".svg","39346","2026/05/13 19:54:52"
"D:\MYF\SPH\GeoDualSPHysics_v5.2\examples\u-pw\04_Undrained_Triaxial\experiments\T4c_LoadingStabilization\figures\t4c_loading_schedule.png","t4c_loading_schedule.png",".png","99291","2026/05/13 19:51:47"
"D:\MYF\SPH\GeoDualSPHysics_v5.2\examples\u-pw\04_Undrained_Triaxial\experiments\T4c_LoadingStabilization\figures\t4c_loading_schedule.svg","t4c_loading_schedule.svg",".svg","50567","2026/05/13 19:54:52"
"D:\MYF\SPH\GeoDualSPHysics_v5.2\examples\u-pw\04_Undrained_Triaxial\experiments\T4c_LoadingStabilization\figures\t4c_measurement_region_sensitivity.png","t4c_measurement_region_sensitivity.png",".png","78928","2026/05/13 19:51:49"
"D:\MYF\SPH\GeoDualSPHysics_v5.2\examples\u-pw\04_Undrained_Triaxial\experiments\T4c_LoadingStabilization\figures\t4c_measurement_region_sensitivity.svg","t4c_measurement_region_sensitivity.svg",".svg","39970","2026/05/13 19:54:52"
"D:\MYF\SPH\GeoDualSPHysics_v5.2\examples\u-pw\04_Undrained_Triaxial\experiments\T4c_LoadingStabilization\figures\t4c_pore_pressure_vs_axial_strain.png","t4c_pore_pressure_vs_axial_strain.png",".png","76884","2026/05/13 19:51:48"
"D:\MYF\SPH\GeoDualSPHysics_v5.2\examples\u-pw\04_Undrained_Triaxial\experiments\T4c_LoadingStabilization\figures\t4c_pore_pressure_vs_axial_strain.svg","t4c_pore_pressure_vs_axial_strain.svg",".svg","46393","2026/05/13 19:54:52"
"D:\MYF\SPH\GeoDualSPHysics_v5.2\examples\u-pw\04_Undrained_Triaxial\experiments\T4c_LoadingStabilization\figures\t4c_pore_pressure_vs_time.png","t4c_pore_pressure_vs_time.png",".png","67709","2026/05/13 19:51:48"
"D:\MYF\SPH\GeoDualSPHysics_v5.2\examples\u-pw\04_Undrained_Triaxial\experiments\T4c_LoadingStabilization\figures\t4c_pore_pressure_vs_time.svg","t4c_pore_pressure_vs_time.svg",".svg","46980","2026/05/13 19:54:52"
"D:\MYF\SPH\GeoDualSPHysics_v5.2\examples\u-pw\04_Undrained_Triaxial\experiments\T4c_LoadingStabilization\figures\t4c_porepressrate_vs_time.png","t4c_porepressrate_vs_time.png",".png","91913","2026/05/13 19:51:48"
"D:\MYF\SPH\GeoDualSPHysics_v5.2\examples\u-pw\04_Undrained_Triaxial\experiments\T4c_LoadingStabilization\figures\t4c_porepressrate_vs_time.svg","t4c_porepressrate_vs_time.svg",".svg","55677","2026/05/13 19:54:52"
"D:\MYF\SPH\GeoDualSPHysics_v5.2\examples\u-pw\04_Undrained_Triaxial\experiments\T4c_LoadingStabilization\figures\t4c_pq_proxy.png","t4c_pq_proxy.png",".png","71403","2026/05/13 19:51:49"
"D:\MYF\SPH\GeoDualSPHysics_v5.2\examples\u-pw\04_Undrained_Triaxial\experiments\T4c_LoadingStabilization\figures\t4c_pq_proxy.svg","t4c_pq_proxy.svg",".svg","45165","2026/05/13 19:54:52"
"D:\MYF\SPH\GeoDualSPHysics_v5.2\examples\u-pw\04_Undrained_Triaxial\experiments\T4c_LoadingStabilization\figures\t4c_velocity_max_vs_time.png","t4c_velocity_max_vs_time.png",".png","64362","2026/05/13 19:51:49"
"D:\MYF\SPH\GeoDualSPHysics_v5.2\examples\u-pw\04_Undrained_Triaxial\experiments\T4c_LoadingStabilization\figures\t4c_velocity_max_vs_time.svg","t4c_velocity_max_vs_time.svg",".svg","41517","2026/05/13 19:54:52"
"D:\MYF\SPH\GeoDualSPHysics_v5.2\examples\u-pw\04_Undrained_Triaxial\experiments\T4c_LoadingStabilization\scripts\analyze_t4c_loading_stabilization.py","analyze_t4c_loading_stabilization.py",".py","23663","2026/05/13 19:51:08"
"D:\MYF\SPH\GeoDualSPHysics_v5.2\examples\u-pw\04_Undrained_Triaxial\experiments\T4c_LoadingStabilization\t4c_axial_loading_diagnostics.csv","t4c_axial_loading_diagnostics.csv",".csv","532","2026/05/13 19:51:47"
"D:\MYF\SPH\GeoDualSPHysics_v5.2\examples\u-pw\04_Undrained_Triaxial\experiments\T4c_LoadingStabilization\t4c_case_summary.csv","t4c_case_summary.csv",".csv","1089","2026/05/13 19:51:47"
"D:\MYF\SPH\GeoDualSPHysics_v5.2\examples\u-pw\04_Undrained_Triaxial\experiments\T4c_LoadingStabilization\t4c_confinement_diagnostics.csv","t4c_confinement_diagnostics.csv",".csv","5851","2026/05/13 19:51:47"
"D:\MYF\SPH\GeoDualSPHysics_v5.2\examples\u-pw\04_Undrained_Triaxial\experiments\T4c_LoadingStabilization\t4c_loading_stage_metrics.csv","t4c_loading_stage_metrics.csv",".csv","347","2026/05/13 19:51:47"
"D:\MYF\SPH\GeoDualSPHysics_v5.2\examples\u-pw\04_Undrained_Triaxial\experiments\T4c_LoadingStabilization\t4c_measurement_region_metrics.csv","t4c_measurement_region_metrics.csv",".csv","89912","2026/05/13 19:51:47"
"D:\MYF\SPH\GeoDualSPHysics_v5.2\examples\u-pw\04_Undrained_Triaxial\experiments\T4c_LoadingStabilization\t4c_porepressrate_stability_metrics.csv","t4c_porepressrate_stability_metrics.csv",".csv","13487","2026/05/13 19:51:47"
"D:\MYF\SPH\GeoDualSPHysics_v5.2\examples\u-pw\04_Undrained_Triaxial\experiments\T4c_LoadingStabilization\TriaxialAxialAcc_T4c_gentle.csv","TriaxialAxialAcc_T4c_gentle.csv",".csv","131","2026/05/13 19:50:59"
"D:\MYF\SPH\GeoDualSPHysics_v5.2\examples\u-pw\04_Undrained_Triaxial\experiments\T4c_LoadingStabilization\TriaxialAxialAcc_T4c_staged.csv","TriaxialAxialAcc_T4c_staged.csv",".csv","131","2026/05/13 19:50:59"
"D:\MYF\SPH\GeoDualSPHysics_v5.2\examples\u-pw\04_Undrained_Triaxial\experiments\T4c_LoadingStabilization\xRun_T4c_RawStagedGentleLoading_win64_CPU_release.bat","xRun_T4c_RawStagedGentleLoading_win64_CPU_release.bat",".bat","773","2026/05/13 19:47:45"
"D:\MYF\SPH\GeoDualSPHysics_v5.2\examples\u-pw\04_Undrained_Triaxial\experiments\T4c_LoadingStabilization\xRun_T4c_RawStagedLoading_win64_CPU_release.bat","xRun_T4c_RawStagedLoading_win64_CPU_release.bat",".bat","760","2026/05/13 19:47:45"
"D:\MYF\SPH\GeoDualSPHysics_v5.2\examples\u-pw\04_Undrained_Triaxial\experiments\T4c_LoadingStabilization\xRun_T4c_RenormStagedLoading_win64_CPU_release.bat","xRun_T4c_RenormStagedLoading_win64_CPU_release.bat",".bat","772","2026/05/13 19:47:45"
"D:\MYF\SPH\GeoDualSPHysics_v5.2\examples\u-pw\04_Undrained_Triaxial\experiments\T4d_ConfinementEquilibration\CaseT4d_ConfOnly_Raw_FeedbackOff_Def.xml","CaseT4d_ConfOnly_Raw_FeedbackOff_Def.xml",".xml","6588","2026/05/13 20:24:25"
"D:\MYF\SPH\GeoDualSPHysics_v5.2\examples\u-pw\04_Undrained_Triaxial\experiments\T4d_ConfinementEquilibration\CaseT4d_ConfOnly_Raw_FeedbackOn_Def.xml","CaseT4d_ConfOnly_Raw_FeedbackOn_Def.xml",".xml","6588","2026/05/13 20:24:17"
"D:\MYF\SPH\GeoDualSPHysics_v5.2\examples\u-pw\04_Undrained_Triaxial\experiments\T4d_ConfinementEquilibration\CaseT4d_ConfOnly_Raw_LongRampDamped_FeedbackOn_Def.xml","CaseT4d_ConfOnly_Raw_LongRampDamped_FeedbackOn_Def.xml",".xml","6598","2026/05/13 20:24:46"
"D:\MYF\SPH\GeoDualSPHysics_v5.2\examples\u-pw\04_Undrained_Triaxial\experiments\T4d_ConfinementEquilibration\CaseT4d_ConfOnly_Raw_P0Low_FeedbackOn_Def.xml","CaseT4d_ConfOnly_Raw_P0Low_FeedbackOn_Def.xml",".xml","6584","2026/05/13 20:24:35"
"D:\MYF\SPH\GeoDualSPHysics_v5.2\examples\u-pw\04_Undrained_Triaxial\experiments\T4d_ConfinementEquilibration\figures\t4d_cap_leakage_vs_time.png","t4d_cap_leakage_vs_time.png",".png","43744","2026/05/13 20:28:19"
"D:\MYF\SPH\GeoDualSPHysics_v5.2\examples\u-pw\04_Undrained_Triaxial\experiments\T4d_ConfinementEquilibration\figures\t4d_cap_leakage_vs_time.svg","t4d_cap_leakage_vs_time.svg",".svg","39925","2026/05/13 20:28:19"
"D:\MYF\SPH\GeoDualSPHysics_v5.2\examples\u-pw\04_Undrained_Triaxial\experiments\T4d_ConfinementEquilibration\figures\t4d_confinement_p0_ramp_vs_time.png","t4d_confinement_p0_ramp_vs_time.png",".png","77550","2026/05/13 20:28:18"
"D:\MYF\SPH\GeoDualSPHysics_v5.2\examples\u-pw\04_Undrained_Triaxial\experiments\T4d_ConfinementEquilibration\figures\t4d_confinement_p0_ramp_vs_time.svg","t4d_confinement_p0_ramp_vs_time.svg",".svg","45603","2026/05/13 20:28:17"
"D:\MYF\SPH\GeoDualSPHysics_v5.2\examples\u-pw\04_Undrained_Triaxial\experiments\T4d_ConfinementEquilibration\figures\t4d_divvel_vs_time.png","t4d_divvel_vs_time.png",".png","56927","2026/05/13 20:28:18"
"D:\MYF\SPH\GeoDualSPHysics_v5.2\examples\u-pw\04_Undrained_Triaxial\experiments\T4d_ConfinementEquilibration\figures\t4d_divvel_vs_time.svg","t4d_divvel_vs_time.svg",".svg","44473","2026/05/13 20:28:18"
"D:\MYF\SPH\GeoDualSPHysics_v5.2\examples\u-pw\04_Undrained_Triaxial\experiments\T4d_ConfinementEquilibration\figures\t4d_feedback_on_off_comparison.png","t4d_feedback_on_off_comparison.png",".png","56373","2026/05/13 20:28:19"
"D:\MYF\SPH\GeoDualSPHysics_v5.2\examples\u-pw\04_Undrained_Triaxial\experiments\T4d_ConfinementEquilibration\figures\t4d_feedback_on_off_comparison.svg","t4d_feedback_on_off_comparison.svg",".svg","49444","2026/05/13 20:28:19"
"D:\MYF\SPH\GeoDualSPHysics_v5.2\examples\u-pw\04_Undrained_Triaxial\experiments\T4d_ConfinementEquilibration\figures\t4d_lateral_radial_acceleration_vs_time.png","t4d_lateral_radial_acceleration_vs_time.png",".png","65618","2026/05/13 20:28:19"
"D:\MYF\SPH\GeoDualSPHysics_v5.2\examples\u-pw\04_Undrained_Triaxial\experiments\T4d_ConfinementEquilibration\figures\t4d_lateral_radial_acceleration_vs_time.svg","t4d_lateral_radial_acceleration_vs_time.svg",".svg","41310","2026/05/13 20:28:19"
"D:\MYF\SPH\GeoDualSPHysics_v5.2\examples\u-pw\04_Undrained_Triaxial\experiments\T4d_ConfinementEquilibration\figures\t4d_measurement_porepress_vs_time.png","t4d_measurement_porepress_vs_time.png",".png","56151","2026/05/13 20:28:18"
"D:\MYF\SPH\GeoDualSPHysics_v5.2\examples\u-pw\04_Undrained_Triaxial\experiments\T4d_ConfinementEquilibration\figures\t4d_measurement_porepress_vs_time.svg","t4d_measurement_porepress_vs_time.svg",".svg","46799","2026/05/13 20:28:18"
"D:\MYF\SPH\GeoDualSPHysics_v5.2\examples\u-pw\04_Undrained_Triaxial\experiments\T4d_ConfinementEquilibration\figures\t4d_p0_scaling_comparison.png","t4d_p0_scaling_comparison.png",".png","63221","2026/05/13 20:28:20"
"D:\MYF\SPH\GeoDualSPHysics_v5.2\examples\u-pw\04_Undrained_Triaxial\experiments\T4d_ConfinementEquilibration\figures\t4d_p0_scaling_comparison.svg","t4d_p0_scaling_comparison.svg",".svg","52529","2026/05/13 20:28:20"
"D:\MYF\SPH\GeoDualSPHysics_v5.2\examples\u-pw\04_Undrained_Triaxial\experiments\T4d_ConfinementEquilibration\figures\t4d_porepressrate_maxabs_vs_time.png","t4d_porepressrate_maxabs_vs_time.png",".png","84527","2026/05/13 20:28:18"
"D:\MYF\SPH\GeoDualSPHysics_v5.2\examples\u-pw\04_Undrained_Triaxial\experiments\T4d_ConfinementEquilibration\figures\t4d_porepressrate_maxabs_vs_time.svg","t4d_porepressrate_maxabs_vs_time.svg",".svg","59712","2026/05/13 20:28:18"
"D:\MYF\SPH\GeoDualSPHysics_v5.2\examples\u-pw\04_Undrained_Triaxial\experiments\T4d_ConfinementEquilibration\figures\t4d_pressure_reversal_indicator_vs_time.png","t4d_pressure_reversal_indicator_vs_time.png",".png","39087","2026/05/13 20:28:20"
"D:\MYF\SPH\GeoDualSPHysics_v5.2\examples\u-pw\04_Undrained_Triaxial\experiments\T4d_ConfinementEquilibration\figures\t4d_pressure_reversal_indicator_vs_time.svg","t4d_pressure_reversal_indicator_vs_time.svg",".svg","39031","2026/05/13 20:28:20"
"D:\MYF\SPH\GeoDualSPHysics_v5.2\examples\u-pw\04_Undrained_Triaxial\experiments\T4d_ConfinementEquilibration\figures\t4d_ramp_damping_comparison.png","t4d_ramp_damping_comparison.png",".png","62763","2026/05/13 20:28:20"
"D:\MYF\SPH\GeoDualSPHysics_v5.2\examples\u-pw\04_Undrained_Triaxial\experiments\T4d_ConfinementEquilibration\figures\t4d_ramp_damping_comparison.svg","t4d_ramp_damping_comparison.svg",".svg","51426","2026/05/13 20:28:20"
"D:\MYF\SPH\GeoDualSPHysics_v5.2\examples\u-pw\04_Undrained_Triaxial\experiments\T4d_ConfinementEquilibration\figures\t4d_velocity_max_vs_time.png","t4d_velocity_max_vs_time.png",".png","57786","2026/05/13 20:28:19"
"D:\MYF\SPH\GeoDualSPHysics_v5.2\examples\u-pw\04_Undrained_Triaxial\experiments\T4d_ConfinementEquilibration\figures\t4d_velocity_max_vs_time.svg","t4d_velocity_max_vs_time.svg",".svg","42092","2026/05/13 20:28:18"
"D:\MYF\SPH\GeoDualSPHysics_v5.2\examples\u-pw\04_Undrained_Triaxial\experiments\T4d_ConfinementEquilibration\scripts\analyze_t4d_confinement_equilibration.py","analyze_t4d_confinement_equilibration.py",".py","18993","2026/05/13 20:28:06"
"D:\MYF\SPH\GeoDualSPHysics_v5.2\examples\u-pw\04_Undrained_Triaxial\experiments\T4d_ConfinementEquilibration\t4d_case_summary.csv","t4d_case_summary.csv",".csv","1184","2026/05/13 20:28:17"
"D:\MYF\SPH\GeoDualSPHysics_v5.2\examples\u-pw\04_Undrained_Triaxial\experiments\T4d_ConfinementEquilibration\t4d_confinement_only_stability_metrics.csv","t4d_confinement_only_stability_metrics.csv",".csv","12061","2026/05/13 20:28:17"
"D:\MYF\SPH\GeoDualSPHysics_v5.2\examples\u-pw\04_Undrained_Triaxial\experiments\T4d_ConfinementEquilibration\t4d_confining_acceleration_metrics.csv","t4d_confining_acceleration_metrics.csv",".csv","4974","2026/05/13 20:28:17"
"D:\MYF\SPH\GeoDualSPHysics_v5.2\examples\u-pw\04_Undrained_Triaxial\experiments\T4d_ConfinementEquilibration\t4d_feedback_on_off_comparison.csv","t4d_feedback_on_off_comparison.csv",".csv","735","2026/05/13 20:28:17"
"D:\MYF\SPH\GeoDualSPHysics_v5.2\examples\u-pw\04_Undrained_Triaxial\experiments\T4d_ConfinementEquilibration\t4d_measurement_region_metrics.csv","t4d_measurement_region_metrics.csv",".csv","53776","2026/05/13 20:28:17"
"D:\MYF\SPH\GeoDualSPHysics_v5.2\examples\u-pw\04_Undrained_Triaxial\experiments\T4d_ConfinementEquilibration\t4d_p0_scaling_metrics.csv","t4d_p0_scaling_metrics.csv",".csv","750","2026/05/13 20:28:17"
"D:\MYF\SPH\GeoDualSPHysics_v5.2\examples\u-pw\04_Undrained_Triaxial\experiments\T4d_ConfinementEquilibration\t4d_porepressure_reversal_metrics.csv","t4d_porepressure_reversal_metrics.csv",".csv","483","2026/05/13 20:28:17"
"D:\MYF\SPH\GeoDualSPHysics_v5.2\examples\u-pw\04_Undrained_Triaxial\experiments\T4d_ConfinementEquilibration\t4d_ramp_damping_metrics.csv","t4d_ramp_damping_metrics.csv",".csv","773","2026/05/13 20:28:17"
"D:\MYF\SPH\GeoDualSPHysics_v5.2\examples\u-pw\04_Undrained_Triaxial\experiments\T4d_ConfinementEquilibration\t4d_t4c_reference_summary.csv","t4d_t4c_reference_summary.csv",".csv","1089","2026/05/13 20:28:20"
"D:\MYF\SPH\GeoDualSPHysics_v5.2\examples\u-pw\04_Undrained_Triaxial\experiments\T4d_ConfinementEquilibration\xRun_T4d_ConfOnly_Raw_FeedbackOff_win64_CPU_release.bat","xRun_T4d_ConfOnly_Raw_FeedbackOff_win64_CPU_release.bat",".bat","770","2026/05/13 20:25:19"
"D:\MYF\SPH\GeoDualSPHysics_v5.2\examples\u-pw\04_Undrained_Triaxial\experiments\T4d_ConfinementEquilibration\xRun_T4d_ConfOnly_Raw_FeedbackOn_win64_CPU_release.bat","xRun_T4d_ConfOnly_Raw_FeedbackOn_win64_CPU_release.bat",".bat","768","2026/05/13 20:25:19"
"D:\MYF\SPH\GeoDualSPHysics_v5.2\examples\u-pw\04_Undrained_Triaxial\experiments\T4d_ConfinementEquilibration\xRun_T4d_ConfOnly_Raw_LongRampDamped_FeedbackOn_win64_CPU_release.bat","xRun_T4d_ConfOnly_Raw_LongRampDamped_FeedbackOn_win64_CPU_release.bat",".bat","800","2026/05/13 20:25:19"
"D:\MYF\SPH\GeoDualSPHysics_v5.2\examples\u-pw\04_Undrained_Triaxial\experiments\T4d_ConfinementEquilibration\xRun_T4d_ConfOnly_Raw_P0Low_FeedbackOn_win64_CPU_release.bat","xRun_T4d_ConfOnly_Raw_P0Low_FeedbackOn_win64_CPU_release.bat",".bat","781","2026/05/13 20:25:19"
"D:\MYF\SPH\GeoDualSPHysics_v5.2\examples\u-pw\04_Undrained_Triaxial\experiments\T4e_FeedbackGatedConfinement\CaseT4e_ConfOnly_FeedbackDelayedAbrupt_Def.xml","CaseT4e_ConfOnly_FeedbackDelayedAbrupt_Def.xml",".xml","6784","2026/05/13 20:45:55"
"D:\MYF\SPH\GeoDualSPHysics_v5.2\examples\u-pw\04_Undrained_Triaxial\experiments\T4e_FeedbackGatedConfinement\CaseT4e_ConfOnly_FeedbackDelayedLongRamp_Def.xml","CaseT4e_ConfOnly_FeedbackDelayedLongRamp_Def.xml",".xml","6792","2026/05/13 20:45:55"
"D:\MYF\SPH\GeoDualSPHysics_v5.2\examples\u-pw\04_Undrained_Triaxial\experiments\T4e_FeedbackGatedConfinement\CaseT4e_ConfOnly_FeedbackDelayedLongRampScale025_Def.xml","CaseT4e_ConfOnly_FeedbackDelayedLongRampScale025_Def.xml",".xml","6837","2026/05/13 20:48:46"
"D:\MYF\SPH\GeoDualSPHysics_v5.2\examples\u-pw\04_Undrained_Triaxial\experiments\T4e_FeedbackGatedConfinement\CaseT4e_ConfOnly_FeedbackDelayedShortRamp_Def.xml","CaseT4e_ConfOnly_FeedbackDelayedShortRamp_Def.xml",".xml","6793","2026/05/13 20:45:55"
"D:\MYF\SPH\GeoDualSPHysics_v5.2\examples\u-pw\04_Undrained_Triaxial\experiments\T4e_FeedbackGatedConfinement\CaseT4e_ConfOnly_FeedbackOffExtended_Def.xml","CaseT4e_ConfOnly_FeedbackOffExtended_Def.xml",".xml","6582","2026/05/13 20:45:55"
"D:\MYF\SPH\GeoDualSPHysics_v5.2\examples\u-pw\04_Undrained_Triaxial\experiments\T4e_FeedbackGatedConfinement\figures\t4e_cap_leakage_vs_time.png","t4e_cap_leakage_vs_time.png",".png","48408","2026/05/13 20:51:57"
"D:\MYF\SPH\GeoDualSPHysics_v5.2\examples\u-pw\04_Undrained_Triaxial\experiments\T4e_FeedbackGatedConfinement\figures\t4e_cap_leakage_vs_time.svg","t4e_cap_leakage_vs_time.svg",".svg","43699","2026/05/13 20:51:57"
"D:\MYF\SPH\GeoDualSPHysics_v5.2\examples\u-pw\04_Undrained_Triaxial\experiments\T4e_FeedbackGatedConfinement\figures\t4e_center_excess_porepress_vs_time.png","t4e_center_excess_porepress_vs_time.png",".png","70477","2026/05/13 20:51:56"
"D:\MYF\SPH\GeoDualSPHysics_v5.2\examples\u-pw\04_Undrained_Triaxial\experiments\T4e_FeedbackGatedConfinement\figures\t4e_center_excess_porepress_vs_time.svg","t4e_center_excess_porepress_vs_time.svg",".svg","54085","2026/05/13 20:51:56"
"D:\MYF\SPH\GeoDualSPHysics_v5.2\examples\u-pw\04_Undrained_Triaxial\experiments\T4e_FeedbackGatedConfinement\figures\t4e_center_porepress_vs_time.png","t4e_center_porepress_vs_time.png",".png","66699","2026/05/13 20:51:56"
"D:\MYF\SPH\GeoDualSPHysics_v5.2\examples\u-pw\04_Undrained_Triaxial\experiments\T4e_FeedbackGatedConfinement\figures\t4e_center_porepress_vs_time.svg","t4e_center_porepress_vs_time.svg",".svg","52846","2026/05/13 20:51:56"
"D:\MYF\SPH\GeoDualSPHysics_v5.2\examples\u-pw\04_Undrained_Triaxial\experiments\T4e_FeedbackGatedConfinement\figures\t4e_center_porepressrate_mean_vs_time.png","t4e_center_porepressrate_mean_vs_time.png",".png","67732","2026/05/13 20:51:55"
"D:\MYF\SPH\GeoDualSPHysics_v5.2\examples\u-pw\04_Undrained_Triaxial\experiments\T4e_FeedbackGatedConfinement\figures\t4e_center_porepressrate_mean_vs_time.svg","t4e_center_porepressrate_mean_vs_time.svg",".svg","52625","2026/05/13 20:51:55"
"D:\MYF\SPH\GeoDualSPHysics_v5.2\examples\u-pw\04_Undrained_Triaxial\experiments\T4e_FeedbackGatedConfinement\figures\t4e_divvel_mean_vs_time.png","t4e_divvel_mean_vs_time.png",".png","70271","2026/05/13 20:51:56"
"D:\MYF\SPH\GeoDualSPHysics_v5.2\examples\u-pw\04_Undrained_Triaxial\experiments\T4e_FeedbackGatedConfinement\figures\t4e_divvel_mean_vs_time.svg","t4e_divvel_mean_vs_time.svg",".svg","54590","2026/05/13 20:51:56"
"D:\MYF\SPH\GeoDualSPHysics_v5.2\examples\u-pw\04_Undrained_Triaxial\experiments\T4e_FeedbackGatedConfinement\figures\t4e_dtmin_adjustment_markers.png","t4e_dtmin_adjustment_markers.png",".png","35560","2026/05/13 20:51:57"
"D:\MYF\SPH\GeoDualSPHysics_v5.2\examples\u-pw\04_Undrained_Triaxial\experiments\T4e_FeedbackGatedConfinement\figures\t4e_dtmin_adjustment_markers.svg","t4e_dtmin_adjustment_markers.svg",".svg","38154","2026/05/13 20:51:56"
"D:\MYF\SPH\GeoDualSPHysics_v5.2\examples\u-pw\04_Undrained_Triaxial\experiments\T4e_FeedbackGatedConfinement\figures\t4e_feedback_p0_axial_schedule_vs_time.png","t4e_feedback_p0_axial_schedule_vs_time.png",".png","99010","2026/05/13 20:51:55"
"D:\MYF\SPH\GeoDualSPHysics_v5.2\examples\u-pw\04_Undrained_Triaxial\experiments\T4e_FeedbackGatedConfinement\figures\t4e_feedback_p0_axial_schedule_vs_time.svg","t4e_feedback_p0_axial_schedule_vs_time.svg",".svg","53650","2026/05/13 20:51:55"
"D:\MYF\SPH\GeoDualSPHysics_v5.2\examples\u-pw\04_Undrained_Triaxial\experiments\T4e_FeedbackGatedConfinement\figures\t4e_lateral_acceleration_vs_time.png","t4e_lateral_acceleration_vs_time.png",".png","66369","2026/05/13 20:51:57"
"D:\MYF\SPH\GeoDualSPHysics_v5.2\examples\u-pw\04_Undrained_Triaxial\experiments\T4e_FeedbackGatedConfinement\figures\t4e_lateral_acceleration_vs_time.svg","t4e_lateral_acceleration_vs_time.svg",".svg","45713","2026/05/13 20:51:57"
"D:\MYF\SPH\GeoDualSPHysics_v5.2\examples\u-pw\04_Undrained_Triaxial\experiments\T4e_FeedbackGatedConfinement\figures\t4e_porepressrate_maxabs_vs_time.png","t4e_porepressrate_maxabs_vs_time.png",".png","99292","2026/05/13 20:51:55"
"D:\MYF\SPH\GeoDualSPHysics_v5.2\examples\u-pw\04_Undrained_Triaxial\experiments\T4e_FeedbackGatedConfinement\figures\t4e_porepressrate_maxabs_vs_time.svg","t4e_porepressrate_maxabs_vs_time.svg",".svg","68542","2026/05/13 20:51:55"
"D:\MYF\SPH\GeoDualSPHysics_v5.2\examples\u-pw\04_Undrained_Triaxial\experiments\T4e_FeedbackGatedConfinement\figures\t4e_reversal_indicator_vs_time.png","t4e_reversal_indicator_vs_time.png",".png","43049","2026/05/13 20:51:56"
"D:\MYF\SPH\GeoDualSPHysics_v5.2\examples\u-pw\04_Undrained_Triaxial\experiments\T4e_FeedbackGatedConfinement\figures\t4e_reversal_indicator_vs_time.svg","t4e_reversal_indicator_vs_time.svg",".svg","41968","2026/05/13 20:51:56"
"D:\MYF\SPH\GeoDualSPHysics_v5.2\examples\u-pw\04_Undrained_Triaxial\experiments\T4e_FeedbackGatedConfinement\figures\t4e_velocity_max_vs_time.png","t4e_velocity_max_vs_time.png",".png","74323","2026/05/13 20:51:56"
"D:\MYF\SPH\GeoDualSPHysics_v5.2\examples\u-pw\04_Undrained_Triaxial\experiments\T4e_FeedbackGatedConfinement\figures\t4e_velocity_max_vs_time.svg","t4e_velocity_max_vs_time.svg",".svg","54009","2026/05/13 20:51:56"
"D:\MYF\SPH\GeoDualSPHysics_v5.2\examples\u-pw\04_Undrained_Triaxial\experiments\T4e_FeedbackGatedConfinement\scripts\analyze_t4e_feedback_gating.py","analyze_t4e_feedback_gating.py",".py","22368","2026/05/13 20:51:37"
"D:\MYF\SPH\GeoDualSPHysics_v5.2\examples\u-pw\04_Undrained_Triaxial\experiments\T4e_FeedbackGatedConfinement\t4e_axial_loading_metrics.csv","t4e_axial_loading_metrics.csv",".csv","123","2026/05/13 20:51:54"
"D:\MYF\SPH\GeoDualSPHysics_v5.2\examples\u-pw\04_Undrained_Triaxial\experiments\T4e_FeedbackGatedConfinement\t4e_case_summary.csv","t4e_case_summary.csv",".csv","1817","2026/05/13 20:51:54"
"D:\MYF\SPH\GeoDualSPHysics_v5.2\examples\u-pw\04_Undrained_Triaxial\experiments\T4e_FeedbackGatedConfinement\t4e_confinement_diagnostics.csv","t4e_confinement_diagnostics.csv",".csv","6318","2026/05/13 20:51:54"
"D:\MYF\SPH\GeoDualSPHysics_v5.2\examples\u-pw\04_Undrained_Triaxial\experiments\T4e_FeedbackGatedConfinement\t4e_confinement_equilibration_metrics.csv","t4e_confinement_equilibration_metrics.csv",".csv","133386","2026/05/13 20:51:54"
"D:\MYF\SPH\GeoDualSPHysics_v5.2\examples\u-pw\04_Undrained_Triaxial\experiments\T4e_FeedbackGatedConfinement\t4e_dtmin_metrics.csv","t4e_dtmin_metrics.csv",".csv","2845","2026/05/13 20:51:54"
"D:\MYF\SPH\GeoDualSPHysics_v5.2\examples\u-pw\04_Undrained_Triaxial\experiments\T4e_FeedbackGatedConfinement\t4e_feedback_gating_metrics.csv","t4e_feedback_gating_metrics.csv",".csv","30359","2026/05/13 20:51:54"
"D:\MYF\SPH\GeoDualSPHysics_v5.2\examples\u-pw\04_Undrained_Triaxial\experiments\T4e_FeedbackGatedConfinement\t4e_reversal_metrics.csv","t4e_reversal_metrics.csv",".csv","594","2026/05/13 20:51:54"
"D:\MYF\SPH\GeoDualSPHysics_v5.2\examples\u-pw\04_Undrained_Triaxial\experiments\T4e_FeedbackGatedConfinement\t4e_t4d_reference_summary.csv","t4e_t4d_reference_summary.csv",".csv","1184","2026/05/13 20:51:54"
"D:\MYF\SPH\GeoDualSPHysics_v5.2\examples\u-pw\04_Undrained_Triaxial\experiments\T4e_FeedbackGatedConfinement\xRun_T4e_ConfOnly_FeedbackDelayedAbrupt_win64_CPU_release.bat","xRun_T4e_ConfOnly_FeedbackDelayedAbrupt_win64_CPU_release.bat",".bat","772","2026/05/13 20:46:23"
"D:\MYF\SPH\GeoDualSPHysics_v5.2\examples\u-pw\04_Undrained_Triaxial\experiments\T4e_FeedbackGatedConfinement\xRun_T4e_ConfOnly_FeedbackDelayedLongRamp_win64_CPU_release.bat","xRun_T4e_ConfOnly_FeedbackDelayedLongRamp_win64_CPU_release.bat",".bat","777","2026/05/13 20:46:23"
"D:\MYF\SPH\GeoDualSPHysics_v5.2\examples\u-pw\04_Undrained_Triaxial\experiments\T4e_FeedbackGatedConfinement\xRun_T4e_ConfOnly_FeedbackDelayedLongRampScale025_win64_CPU_release.bat","xRun_T4e_ConfOnly_FeedbackDelayedLongRampScale025_win64_CPU_release.bat",".bat","812","2026/05/13 20:48:46"
"D:\MYF\SPH\GeoDualSPHysics_v5.2\examples\u-pw\04_Undrained_Triaxial\experiments\T4e_FeedbackGatedConfinement\xRun_T4e_ConfOnly_FeedbackDelayedShortRamp_win64_CPU_release.bat","xRun_T4e_ConfOnly_FeedbackDelayedShortRamp_win64_CPU_release.bat",".bat","779","2026/05/13 20:46:23"
"D:\MYF\SPH\GeoDualSPHysics_v5.2\examples\u-pw\04_Undrained_Triaxial\experiments\T4e_FeedbackGatedConfinement\xRun_T4e_ConfOnly_FeedbackOffExtended_win64_CPU_release.bat","xRun_T4e_ConfOnly_FeedbackOffExtended_win64_CPU_release.bat",".bat","768","2026/05/13 20:46:23"
"D:\MYF\SPH\GeoDualSPHysics_v5.2\examples\u-pw\04_Undrained_Triaxial\experiments\T4f_FeedbackStabilization\CaseT4f_AxialGentle_RelaxA02CapR25A50_Def.xml","CaseT4f_AxialGentle_RelaxA02CapR25A50_Def.xml",".xml","7510","2026/05/13 21:22:11"
"D:\MYF\SPH\GeoDualSPHysics_v5.2\examples\u-pw\04_Undrained_Triaxial\experiments\T4f_FeedbackStabilization\CaseT4f_ConfOnly_CapR25A50_Def.xml","CaseT4f_ConfOnly_CapR25A50_Def.xml",".xml","7195","2026/05/13 21:22:11"
"D:\MYF\SPH\GeoDualSPHysics_v5.2\examples\u-pw\04_Undrained_Triaxial\experiments\T4f_FeedbackStabilization\CaseT4f_ConfOnly_FeedbackOffRef_Def.xml","CaseT4f_ConfOnly_FeedbackOffRef_Def.xml",".xml","7188","2026/05/13 21:22:11"
"D:\MYF\SPH\GeoDualSPHysics_v5.2\examples\u-pw\04_Undrained_Triaxial\experiments\T4f_FeedbackStabilization\CaseT4f_ConfOnly_FullFeedbackNoStab_Def.xml","CaseT4f_ConfOnly_FullFeedbackNoStab_Def.xml",".xml","7211","2026/05/13 21:22:11"
"D:\MYF\SPH\GeoDualSPHysics_v5.2\examples\u-pw\04_Undrained_Triaxial\experiments\T4f_FeedbackStabilization\CaseT4f_ConfOnly_RelaxA02_Def.xml","CaseT4f_ConfOnly_RelaxA02_Def.xml",".xml","7199","2026/05/13 21:22:11"
"D:\MYF\SPH\GeoDualSPHysics_v5.2\examples\u-pw\04_Undrained_Triaxial\experiments\T4f_FeedbackStabilization\CaseT4f_ConfOnly_RelaxA02CapR25A50_Def.xml","CaseT4f_ConfOnly_RelaxA02CapR25A50_Def.xml",".xml","7222","2026/05/13 21:22:11"
"D:\MYF\SPH\GeoDualSPHysics_v5.2\examples\u-pw\04_Undrained_Triaxial\experiments\T4f_FeedbackStabilization\CaseT4f_ConfOnly_RelaxA02CapR5A10_Def.xml","CaseT4f_ConfOnly_RelaxA02CapR5A10_Def.xml",".xml","7230","2026/05/13 21:22:11"
"D:\MYF\SPH\GeoDualSPHysics_v5.2\examples\u-pw\04_Undrained_Triaxial\experiments\T4f_FeedbackStabilization\figures\t4f_cap_leakage.png","t4f_cap_leakage.png",".png","46233","2026/05/13 21:16:33"
"D:\MYF\SPH\GeoDualSPHysics_v5.2\examples\u-pw\04_Undrained_Triaxial\experiments\T4f_FeedbackStabilization\figures\t4f_cap_leakage.svg","t4f_cap_leakage.svg",".svg","44784","2026/05/13 21:22:11"
"D:\MYF\SPH\GeoDualSPHysics_v5.2\examples\u-pw\04_Undrained_Triaxial\experiments\T4f_FeedbackStabilization\figures\t4f_center_core_porepress.png","t4f_center_core_porepress.png",".png","53650","2026/05/13 21:16:33"
"D:\MYF\SPH\GeoDualSPHysics_v5.2\examples\u-pw\04_Undrained_Triaxial\experiments\T4f_FeedbackStabilization\figures\t4f_center_core_porepress.svg","t4f_center_core_porepress.svg",".svg","61511","2026/05/13 21:22:11"
"D:\MYF\SPH\GeoDualSPHysics_v5.2\examples\u-pw\04_Undrained_Triaxial\experiments\T4f_FeedbackStabilization\figures\t4f_center_core_porepressrate.png","t4f_center_core_porepressrate.png",".png","57942","2026/05/13 21:16:33"
"D:\MYF\SPH\GeoDualSPHysics_v5.2\examples\u-pw\04_Undrained_Triaxial\experiments\T4f_FeedbackStabilization\figures\t4f_center_core_porepressrate.svg","t4f_center_core_porepressrate.svg",".svg","61833","2026/05/13 21:22:11"
"D:\MYF\SPH\GeoDualSPHysics_v5.2\examples\u-pw\04_Undrained_Triaxial\experiments\T4f_FeedbackStabilization\figures\t4f_divvel_maxabs.png","t4f_divvel_maxabs.png",".png","59036","2026/05/13 21:16:32"
"D:\MYF\SPH\GeoDualSPHysics_v5.2\examples\u-pw\04_Undrained_Triaxial\experiments\T4f_FeedbackStabilization\figures\t4f_divvel_maxabs.svg","t4f_divvel_maxabs.svg",".svg","62706","2026/05/13 21:22:11"
"D:\MYF\SPH\GeoDualSPHysics_v5.2\examples\u-pw\04_Undrained_Triaxial\experiments\T4f_FeedbackStabilization\figures\t4f_feedback_raw_vs_used_raw.png","t4f_feedback_raw_vs_used_raw.png",".png","64276","2026/05/13 21:16:31"
"D:\MYF\SPH\GeoDualSPHysics_v5.2\examples\u-pw\04_Undrained_Triaxial\experiments\T4f_FeedbackStabilization\figures\t4f_feedback_raw_vs_used_raw.svg","t4f_feedback_raw_vs_used_raw.svg",".svg","101488","2026/05/13 21:22:11"
"D:\MYF\SPH\GeoDualSPHysics_v5.2\examples\u-pw\04_Undrained_Triaxial\experiments\T4f_FeedbackStabilization\figures\t4f_feedback_raw_vs_used_used.png","t4f_feedback_raw_vs_used_used.png",".png","62473","2026/05/13 21:16:32"
"D:\MYF\SPH\GeoDualSPHysics_v5.2\examples\u-pw\04_Undrained_Triaxial\experiments\T4f_FeedbackStabilization\figures\t4f_feedback_raw_vs_used_used.svg","t4f_feedback_raw_vs_used_used.svg",".svg","101228","2026/05/13 21:22:11"
"D:\MYF\SPH\GeoDualSPHysics_v5.2\examples\u-pw\04_Undrained_Triaxial\experiments\T4f_FeedbackStabilization\figures\t4f_lateral_acceleration.png","t4f_lateral_acceleration.png",".png","63634","2026/05/13 21:16:33"
"D:\MYF\SPH\GeoDualSPHysics_v5.2\examples\u-pw\04_Undrained_Triaxial\experiments\T4f_FeedbackStabilization\figures\t4f_lateral_acceleration.svg","t4f_lateral_acceleration.svg",".svg","46832","2026/05/13 21:22:11"
"D:\MYF\SPH\GeoDualSPHysics_v5.2\examples\u-pw\04_Undrained_Triaxial\experiments\T4f_FeedbackStabilization\figures\t4f_limiter_activation.png","t4f_limiter_activation.png",".png","78989","2026/05/13 21:16:32"
"D:\MYF\SPH\GeoDualSPHysics_v5.2\examples\u-pw\04_Undrained_Triaxial\experiments\T4f_FeedbackStabilization\figures\t4f_limiter_activation.svg","t4f_limiter_activation.svg",".svg","97745","2026/05/13 21:22:11"
"D:\MYF\SPH\GeoDualSPHysics_v5.2\examples\u-pw\04_Undrained_Triaxial\experiments\T4f_FeedbackStabilization\figures\t4f_porepress_mean.png","t4f_porepress_mean.png",".png","51423","2026/05/13 21:16:32"
"D:\MYF\SPH\GeoDualSPHysics_v5.2\examples\u-pw\04_Undrained_Triaxial\experiments\T4f_FeedbackStabilization\figures\t4f_porepress_mean.svg","t4f_porepress_mean.svg",".svg","60962","2026/05/13 21:22:11"
"D:\MYF\SPH\GeoDualSPHysics_v5.2\examples\u-pw\04_Undrained_Triaxial\experiments\T4f_FeedbackStabilization\figures\t4f_porepressrate_maxabs.png","t4f_porepressrate_maxabs.png",".png","55707","2026/05/13 21:16:32"
"D:\MYF\SPH\GeoDualSPHysics_v5.2\examples\u-pw\04_Undrained_Triaxial\experiments\T4f_FeedbackStabilization\figures\t4f_porepressrate_maxabs.svg","t4f_porepressrate_maxabs.svg",".svg","62203","2026/05/13 21:22:11"
"D:\MYF\SPH\GeoDualSPHysics_v5.2\examples\u-pw\04_Undrained_Triaxial\experiments\T4f_FeedbackStabilization\figures\t4f_velocity_max.png","t4f_velocity_max.png",".png","54829","2026/05/13 21:16:33"
"D:\MYF\SPH\GeoDualSPHysics_v5.2\examples\u-pw\04_Undrained_Triaxial\experiments\T4f_FeedbackStabilization\figures\t4f_velocity_max.svg","t4f_velocity_max.svg",".svg","60192","2026/05/13 21:22:11"
"D:\MYF\SPH\GeoDualSPHysics_v5.2\examples\u-pw\04_Undrained_Triaxial\experiments\T4f_FeedbackStabilization\scripts\analyze_t4f_feedback_stabilization.py","analyze_t4f_feedback_stabilization.py",".py","15844","2026/05/13 21:16:25"
"D:\MYF\SPH\GeoDualSPHysics_v5.2\examples\u-pw\04_Undrained_Triaxial\experiments\T4f_FeedbackStabilization\t4f_axial_loading_metrics.csv","t4f_axial_loading_metrics.csv",".csv","17856","2026/05/13 21:16:31"
"D:\MYF\SPH\GeoDualSPHysics_v5.2\examples\u-pw\04_Undrained_Triaxial\experiments\T4f_FeedbackStabilization\t4f_case_summary.csv","t4f_case_summary.csv",".csv","2057","2026/05/13 21:16:31"
"D:\MYF\SPH\GeoDualSPHysics_v5.2\examples\u-pw\04_Undrained_Triaxial\experiments\T4f_FeedbackStabilization\t4f_confinement_stability_metrics.csv","t4f_confinement_stability_metrics.csv",".csv","33011","2026/05/13 21:16:31"
"D:\MYF\SPH\GeoDualSPHysics_v5.2\examples\u-pw\04_Undrained_Triaxial\experiments\T4f_FeedbackStabilization\t4f_confining_acceleration_metrics.csv","t4f_confining_acceleration_metrics.csv",".csv","8373","2026/05/13 21:16:31"
"D:\MYF\SPH\GeoDualSPHysics_v5.2\examples\u-pw\04_Undrained_Triaxial\experiments\T4f_FeedbackStabilization\t4f_dtmin_metrics.csv","t4f_dtmin_metrics.csv",".csv","1350","2026/05/13 21:16:31"
"D:\MYF\SPH\GeoDualSPHysics_v5.2\examples\u-pw\04_Undrained_Triaxial\experiments\T4f_FeedbackStabilization\t4f_feedback_acceleration_metrics.csv","t4f_feedback_acceleration_metrics.csv",".csv","83762","2026/05/13 21:16:31"
"D:\MYF\SPH\GeoDualSPHysics_v5.2\examples\u-pw\04_Undrained_Triaxial\experiments\T4f_FeedbackStabilization\t4f_feedback_limiter_metrics.csv","t4f_feedback_limiter_metrics.csv",".csv","45753","2026/05/13 21:16:31"
"D:\MYF\SPH\GeoDualSPHysics_v5.2\examples\u-pw\04_Undrained_Triaxial\experiments\T4f_FeedbackStabilization\t4f_measurement_region_metrics.csv","t4f_measurement_region_metrics.csv",".csv","103643","2026/05/13 21:16:31"
"D:\MYF\SPH\GeoDualSPHysics_v5.2\examples\u-pw\04_Undrained_Triaxial\experiments\T4f_FeedbackStabilization\t4f_reversal_metrics.csv","t4f_reversal_metrics.csv",".csv","839","2026/05/13 21:16:31"
"D:\MYF\SPH\GeoDualSPHysics_v5.2\examples\u-pw\04_Undrained_Triaxial\experiments\T4f_FeedbackStabilization\TriaxialAxialAcc_T4f_gentle.csv","TriaxialAxialAcc_T4f_gentle.csv",".csv","135","2026/05/13 21:14:24"
"D:\MYF\SPH\GeoDualSPHysics_v5.2\examples\u-pw\04_Undrained_Triaxial\experiments\T4f_FeedbackStabilization\xRun_CaseT4f_AxialGentle_RelaxA02CapR25A50_win64_CPU_release.bat","xRun_CaseT4f_AxialGentle_RelaxA02CapR25A50_win64_CPU_release.bat",".bat","528","2026/05/13 21:14:24"
"D:\MYF\SPH\GeoDualSPHysics_v5.2\examples\u-pw\04_Undrained_Triaxial\experiments\T4f_FeedbackStabilization\xRun_CaseT4f_ConfOnly_CapR25A50_win64_CPU_release.bat","xRun_CaseT4f_ConfOnly_CapR25A50_win64_CPU_release.bat",".bat","558","2026/05/13 21:10:11"
"D:\MYF\SPH\GeoDualSPHysics_v5.2\examples\u-pw\04_Undrained_Triaxial\experiments\T4f_FeedbackStabilization\xRun_CaseT4f_ConfOnly_FeedbackOffRef_win64_CPU_release.bat","xRun_CaseT4f_ConfOnly_FeedbackOffRef_win64_CPU_release.bat",".bat","563","2026/05/13 21:10:11"
"D:\MYF\SPH\GeoDualSPHysics_v5.2\examples\u-pw\04_Undrained_Triaxial\experiments\T4f_FeedbackStabilization\xRun_CaseT4f_ConfOnly_FullFeedbackNoStab_win64_CPU_release.bat","xRun_CaseT4f_ConfOnly_FullFeedbackNoStab_win64_CPU_release.bat",".bat","567","2026/05/13 21:10:11"
"D:\MYF\SPH\GeoDualSPHysics_v5.2\examples\u-pw\04_Undrained_Triaxial\experiments\T4f_FeedbackStabilization\xRun_CaseT4f_ConfOnly_RelaxA02_win64_CPU_release.bat","xRun_CaseT4f_ConfOnly_RelaxA02_win64_CPU_release.bat",".bat","557","2026/05/13 21:10:11"
"D:\MYF\SPH\GeoDualSPHysics_v5.2\examples\u-pw\04_Undrained_Triaxial\experiments\T4f_FeedbackStabilization\xRun_CaseT4f_ConfOnly_RelaxA02CapR25A50_win64_CPU_release.bat","xRun_CaseT4f_ConfOnly_RelaxA02CapR25A50_win64_CPU_release.bat",".bat","566","2026/05/13 21:10:11"
"D:\MYF\SPH\GeoDualSPHysics_v5.2\examples\u-pw\04_Undrained_Triaxial\experiments\T4f_FeedbackStabilization\xRun_CaseT4f_ConfOnly_RelaxA02CapR5A10_win64_CPU_release.bat","xRun_CaseT4f_ConfOnly_RelaxA02CapR5A10_win64_CPU_release.bat",".bat","523","2026/05/13 21:15:45"
"D:\MYF\SPH\GeoDualSPHysics_v5.2\examples\u-pw\04_Undrained_Triaxial\experiments\T4g_FeedbackFormulationAudit\CaseT4g_ConfOnly_FeedbackOffRef_Def.xml","CaseT4g_ConfOnly_FeedbackOffRef_Def.xml",".xml","7544","2026/05/13 21:48:03"
"D:\MYF\SPH\GeoDualSPHysics_v5.2\examples\u-pw\04_Undrained_Triaxial\experiments\T4g_FeedbackFormulationAudit\CaseT4g_ConfOnly_Op0InteriorOnly_Def.xml","CaseT4g_ConfOnly_Op0InteriorOnly_Def.xml",".xml","7546","2026/05/13 21:48:03"
"D:\MYF\SPH\GeoDualSPHysics_v5.2\examples\u-pw\04_Undrained_Triaxial\experiments\T4g_FeedbackFormulationAudit\CaseT4g_ConfOnly_Op0Unfiltered_Def.xml","CaseT4g_ConfOnly_Op0Unfiltered_Def.xml",".xml","7543","2026/05/13 21:48:03"
"D:\MYF\SPH\GeoDualSPHysics_v5.2\examples\u-pw\04_Undrained_Triaxial\experiments\T4g_FeedbackFormulationAudit\CaseT4g_ConfOnly_Op1InteriorOnly_Def.xml","CaseT4g_ConfOnly_Op1InteriorOnly_Def.xml",".xml","7546","2026/05/13 21:48:03"
"D:\MYF\SPH\GeoDualSPHysics_v5.2\examples\u-pw\04_Undrained_Triaxial\experiments\T4g_FeedbackFormulationAudit\CaseT4g_ConfOnly_Op1TotalInteriorOnly_Def.xml","CaseT4g_ConfOnly_Op1TotalInteriorOnly_Def.xml",".xml","7561","2026/05/13 21:48:03"
"D:\MYF\SPH\GeoDualSPHysics_v5.2\examples\u-pw\04_Undrained_Triaxial\experiments\T4g_FeedbackFormulationAudit\CaseT4g_ConfOnly_Op1Unfiltered_Def.xml","CaseT4g_ConfOnly_Op1Unfiltered_Def.xml",".xml","7543","2026/05/13 21:48:03"
"D:\MYF\SPH\GeoDualSPHysics_v5.2\examples\u-pw\04_Undrained_Triaxial\experiments\T4g_FeedbackFormulationAudit\figures\t4g_cap_leakage.png","t4g_cap_leakage.png",".png","24531","2026/05/13 21:41:04"
"D:\MYF\SPH\GeoDualSPHysics_v5.2\examples\u-pw\04_Undrained_Triaxial\experiments\T4g_FeedbackFormulationAudit\figures\t4g_cap_leakage.svg","t4g_cap_leakage.svg",".svg","44257","2026/05/13 21:48:03"
"D:\MYF\SPH\GeoDualSPHysics_v5.2\examples\u-pw\04_Undrained_Triaxial\experiments\T4g_FeedbackFormulationAudit\figures\t4g_center_porepress.png","t4g_center_porepress.png",".png","29673","2026/05/13 21:41:03"
"D:\MYF\SPH\GeoDualSPHysics_v5.2\examples\u-pw\04_Undrained_Triaxial\experiments\T4g_FeedbackFormulationAudit\figures\t4g_center_porepress.svg","t4g_center_porepress.svg",".svg","56434","2026/05/13 21:48:03"
"D:\MYF\SPH\GeoDualSPHysics_v5.2\examples\u-pw\04_Undrained_Triaxial\experiments\T4g_FeedbackFormulationAudit\figures\t4g_center_porepressrate.png","t4g_center_porepressrate.png",".png","33610","2026/05/13 21:41:03"
"D:\MYF\SPH\GeoDualSPHysics_v5.2\examples\u-pw\04_Undrained_Triaxial\experiments\T4g_FeedbackFormulationAudit\figures\t4g_center_porepressrate.svg","t4g_center_porepressrate.svg",".svg","55117","2026/05/13 21:48:03"
"D:\MYF\SPH\GeoDualSPHysics_v5.2\examples\u-pw\04_Undrained_Triaxial\experiments\T4g_FeedbackFormulationAudit\figures\t4g_feedback_interior_class.png","t4g_feedback_interior_class.png",".png","36224","2026/05/13 21:41:04"
"D:\MYF\SPH\GeoDualSPHysics_v5.2\examples\u-pw\04_Undrained_Triaxial\experiments\T4g_FeedbackFormulationAudit\figures\t4g_feedback_interior_class.svg","t4g_feedback_interior_class.svg",".svg","90618","2026/05/13 21:48:03"
"D:\MYF\SPH\GeoDualSPHysics_v5.2\examples\u-pw\04_Undrained_Triaxial\experiments\T4g_FeedbackFormulationAudit\figures\t4g_feedback_lateral_class.png","t4g_feedback_lateral_class.png",".png","40933","2026/05/13 21:41:04"
"D:\MYF\SPH\GeoDualSPHysics_v5.2\examples\u-pw\04_Undrained_Triaxial\experiments\T4g_FeedbackFormulationAudit\figures\t4g_feedback_lateral_class.svg","t4g_feedback_lateral_class.svg",".svg","92336","2026/05/13 21:48:03"
"D:\MYF\SPH\GeoDualSPHysics_v5.2\examples\u-pw\04_Undrained_Triaxial\experiments\T4g_FeedbackFormulationAudit\figures\t4g_feedback_used_max.png","t4g_feedback_used_max.png",".png","34431","2026/05/13 21:41:04"
"D:\MYF\SPH\GeoDualSPHysics_v5.2\examples\u-pw\04_Undrained_Triaxial\experiments\T4g_FeedbackFormulationAudit\figures\t4g_feedback_used_max.svg","t4g_feedback_used_max.svg",".svg","94087","2026/05/13 21:48:03"
"D:\MYF\SPH\GeoDualSPHysics_v5.2\examples\u-pw\04_Undrained_Triaxial\experiments\T4g_FeedbackFormulationAudit\figures\t4g_lateral_acceleration.png","t4g_lateral_acceleration.png",".png","31900","2026/05/13 21:41:04"
"D:\MYF\SPH\GeoDualSPHysics_v5.2\examples\u-pw\04_Undrained_Triaxial\experiments\T4g_FeedbackFormulationAudit\figures\t4g_lateral_acceleration.svg","t4g_lateral_acceleration.svg",".svg","45103","2026/05/13 21:48:03"
"D:\MYF\SPH\GeoDualSPHysics_v5.2\examples\u-pw\04_Undrained_Triaxial\experiments\T4g_FeedbackFormulationAudit\figures\t4g_manufactured_feedback_accel.png","t4g_manufactured_feedback_accel.png",".png","23638","2026/05/13 21:41:05"
"D:\MYF\SPH\GeoDualSPHysics_v5.2\examples\u-pw\04_Undrained_Triaxial\experiments\T4g_FeedbackFormulationAudit\figures\t4g_manufactured_feedback_accel.svg","t4g_manufactured_feedback_accel.svg",".svg","33546","2026/05/13 21:48:03"
"D:\MYF\SPH\GeoDualSPHysics_v5.2\examples\u-pw\04_Undrained_Triaxial\experiments\T4g_FeedbackFormulationAudit\figures\t4g_porepressrate_maxabs.png","t4g_porepressrate_maxabs.png",".png","32403","2026/05/13 21:41:03"
"D:\MYF\SPH\GeoDualSPHysics_v5.2\examples\u-pw\04_Undrained_Triaxial\experiments\T4g_FeedbackFormulationAudit\figures\t4g_porepressrate_maxabs.svg","t4g_porepressrate_maxabs.svg",".svg","57351","2026/05/13 21:48:03"
"D:\MYF\SPH\GeoDualSPHysics_v5.2\examples\u-pw\04_Undrained_Triaxial\experiments\T4g_FeedbackFormulationAudit\figures\t4g_variant_porepressrate_bar.png","t4g_variant_porepressrate_bar.png",".png","26436","2026/05/13 21:41:05"
"D:\MYF\SPH\GeoDualSPHysics_v5.2\examples\u-pw\04_Undrained_Triaxial\experiments\T4g_FeedbackFormulationAudit\figures\t4g_variant_porepressrate_bar.svg","t4g_variant_porepressrate_bar.svg",".svg","41198","2026/05/13 21:48:03"
"D:\MYF\SPH\GeoDualSPHysics_v5.2\examples\u-pw\04_Undrained_Triaxial\experiments\T4g_FeedbackFormulationAudit\figures\t4g_velocity_max.png","t4g_velocity_max.png",".png","29355","2026/05/13 21:41:03"
"D:\MYF\SPH\GeoDualSPHysics_v5.2\examples\u-pw\04_Undrained_Triaxial\experiments\T4g_FeedbackFormulationAudit\figures\t4g_velocity_max.svg","t4g_velocity_max.svg",".svg","54577","2026/05/13 21:48:03"
"D:\MYF\SPH\GeoDualSPHysics_v5.2\examples\u-pw\04_Undrained_Triaxial\experiments\T4g_FeedbackFormulationAudit\scripts\analyze_t4g_feedback_formulation.py","analyze_t4g_feedback_formulation.py",".py","19472","2026/05/13 21:40:50"
"D:\MYF\SPH\GeoDualSPHysics_v5.2\examples\u-pw\04_Undrained_Triaxial\experiments\T4g_FeedbackFormulationAudit\t4g_confinement_diagnostics.csv","t4g_confinement_diagnostics.csv",".csv","7119","2026/05/13 21:41:03"
"D:\MYF\SPH\GeoDualSPHysics_v5.2\examples\u-pw\04_Undrained_Triaxial\experiments\T4g_FeedbackFormulationAudit\t4g_feedback_acceleration_by_class.csv","t4g_feedback_acceleration_by_class.csv",".csv","74513","2026/05/13 21:41:03"
"D:\MYF\SPH\GeoDualSPHysics_v5.2\examples\u-pw\04_Undrained_Triaxial\experiments\T4g_FeedbackFormulationAudit\t4g_feedback_manufactured_metrics.csv","t4g_feedback_manufactured_metrics.csv",".csv","5243","2026/05/13 21:41:02"
"D:\MYF\SPH\GeoDualSPHysics_v5.2\examples\u-pw\04_Undrained_Triaxial\experiments\T4g_FeedbackFormulationAudit\t4g_feedback_variant_case_summary.csv","t4g_feedback_variant_case_summary.csv",".csv","1324","2026/05/13 21:41:03"
"D:\MYF\SPH\GeoDualSPHysics_v5.2\examples\u-pw\04_Undrained_Triaxial\experiments\T4g_FeedbackFormulationAudit\t4g_measurement_region_metrics.csv","t4g_measurement_region_metrics.csv",".csv","127956","2026/05/13 21:41:03"
"D:\MYF\SPH\GeoDualSPHysics_v5.2\examples\u-pw\04_Undrained_Triaxial\experiments\T4g_FeedbackFormulationAudit\t4g_operator_comparison.csv","t4g_operator_comparison.csv",".csv","1159","2026/05/13 21:41:03"
"D:\MYF\SPH\GeoDualSPHysics_v5.2\examples\u-pw\04_Undrained_Triaxial\experiments\T4g_FeedbackFormulationAudit\t4g_porepressrate_metrics.csv","t4g_porepressrate_metrics.csv",".csv","611","2026/05/13 21:41:03"
"D:\MYF\SPH\GeoDualSPHysics_v5.2\examples\u-pw\04_Undrained_Triaxial\experiments\T4g_FeedbackFormulationAudit\t4g_pressure_variable_comparison.csv","t4g_pressure_variable_comparison.csv",".csv","617","2026/05/13 21:41:03"
"D:\MYF\SPH\GeoDualSPHysics_v5.2\examples\u-pw\04_Undrained_Triaxial\experiments\T4g_FeedbackFormulationAudit\t4g_reversal_metrics.csv","t4g_reversal_metrics.csv",".csv","537","2026/05/13 21:41:03"
"D:\MYF\SPH\GeoDualSPHysics_v5.2\examples\u-pw\04_Undrained_Triaxial\experiments\T4g_FeedbackFormulationAudit\xRun_CaseT4g_ConfOnly_FeedbackOffRef_win64_CPU_release.bat","xRun_CaseT4g_ConfOnly_FeedbackOffRef_win64_CPU_release.bat",".bat","519","2026/05/13 21:38:10"
"D:\MYF\SPH\GeoDualSPHysics_v5.2\examples\u-pw\04_Undrained_Triaxial\experiments\T4g_FeedbackFormulationAudit\xRun_CaseT4g_ConfOnly_Op0InteriorOnly_win64_CPU_release.bat","xRun_CaseT4g_ConfOnly_Op0InteriorOnly_win64_CPU_release.bat",".bat","520","2026/05/13 21:38:10"
"D:\MYF\SPH\GeoDualSPHysics_v5.2\examples\u-pw\04_Undrained_Triaxial\experiments\T4g_FeedbackFormulationAudit\xRun_CaseT4g_ConfOnly_Op0Unfiltered_win64_CPU_release.bat","xRun_CaseT4g_ConfOnly_Op0Unfiltered_win64_CPU_release.bat",".bat","518","2026/05/13 21:38:10"
"D:\MYF\SPH\GeoDualSPHysics_v5.2\examples\u-pw\04_Undrained_Triaxial\experiments\T4g_FeedbackFormulationAudit\xRun_CaseT4g_ConfOnly_Op1InteriorOnly_win64_CPU_release.bat","xRun_CaseT4g_ConfOnly_Op1InteriorOnly_win64_CPU_release.bat",".bat","520","2026/05/13 21:38:10"
"D:\MYF\SPH\GeoDualSPHysics_v5.2\examples\u-pw\04_Undrained_Triaxial\experiments\T4g_FeedbackFormulationAudit\xRun_CaseT4g_ConfOnly_Op1TotalInteriorOnly_win64_CPU_release.bat","xRun_CaseT4g_ConfOnly_Op1TotalInteriorOnly_win64_CPU_release.bat",".bat","525","2026/05/13 21:38:10"
"D:\MYF\SPH\GeoDualSPHysics_v5.2\examples\u-pw\04_Undrained_Triaxial\experiments\T4g_FeedbackFormulationAudit\xRun_CaseT4g_ConfOnly_Op1Unfiltered_win64_CPU_release.bat","xRun_CaseT4g_ConfOnly_Op1Unfiltered_win64_CPU_release.bat",".bat","518","2026/05/13 21:38:10"
"D:\MYF\SPH\GeoDualSPHysics_v5.2\examples\u-pw\04_Undrained_Triaxial\experiments\T4h_CorrectedFeedback\CaseT4h_ConfOnly_Op1InteriorBaseline_Def.xml","CaseT4h_ConfOnly_Op1InteriorBaseline_Def.xml",".xml","7779","2026/05/13 22:10:09"
"D:\MYF\SPH\GeoDualSPHysics_v5.2\examples\u-pw\04_Undrained_Triaxial\experiments\T4h_CorrectedFeedback\CaseT4h_ConfOnly_Op2LSQInterior_Def.xml","CaseT4h_ConfOnly_Op2LSQInterior_Def.xml",".xml","7774","2026/05/13 22:10:09"
"D:\MYF\SPH\GeoDualSPHysics_v5.2\examples\u-pw\04_Undrained_Triaxial\experiments\T4h_CorrectedFeedback\CaseT4h_ConfOnly_Op2LSQInteriorStabilized_Def.xml","CaseT4h_ConfOnly_Op2LSQInteriorStabilized_Def.xml",".xml","7802","2026/05/13 22:10:09"
"D:\MYF\SPH\GeoDualSPHysics_v5.2\examples\u-pw\04_Undrained_Triaxial\experiments\T4h_CorrectedFeedback\figures\t4h_cap_leakage.png","t4h_cap_leakage.png",".png","21500","2026/05/13 22:09:22"
"D:\MYF\SPH\GeoDualSPHysics_v5.2\examples\u-pw\04_Undrained_Triaxial\experiments\T4h_CorrectedFeedback\figures\t4h_cap_leakage.svg","t4h_cap_leakage.svg",".svg","38251","2026/05/13 22:10:08"
"D:\MYF\SPH\GeoDualSPHysics_v5.2\examples\u-pw\04_Undrained_Triaxial\experiments\T4h_CorrectedFeedback\figures\t4h_center_porepress.png","t4h_center_porepress.png",".png","25453","2026/05/13 22:09:21"
"D:\MYF\SPH\GeoDualSPHysics_v5.2\examples\u-pw\04_Undrained_Triaxial\experiments\T4h_CorrectedFeedback\figures\t4h_center_porepress.svg","t4h_center_porepress.svg",".svg","42015","2026/05/13 22:10:08"
"D:\MYF\SPH\GeoDualSPHysics_v5.2\examples\u-pw\04_Undrained_Triaxial\experiments\T4h_CorrectedFeedback\figures\t4h_center_porepressrate.png","t4h_center_porepressrate.png",".png","28007","2026/05/13 22:09:21"
"D:\MYF\SPH\GeoDualSPHysics_v5.2\examples\u-pw\04_Undrained_Triaxial\experiments\T4h_CorrectedFeedback\figures\t4h_center_porepressrate.svg","t4h_center_porepressrate.svg",".svg","41772","2026/05/13 22:10:08"
"D:\MYF\SPH\GeoDualSPHysics_v5.2\examples\u-pw\04_Undrained_Triaxial\experiments\T4h_CorrectedFeedback\figures\t4h_feedback_interior_class.png","t4h_feedback_interior_class.png",".png","31162","2026/05/13 22:09:21"
"D:\MYF\SPH\GeoDualSPHysics_v5.2\examples\u-pw\04_Undrained_Triaxial\experiments\T4h_CorrectedFeedback\figures\t4h_feedback_interior_class.svg","t4h_feedback_interior_class.svg",".svg","54822","2026/05/13 22:10:08"
"D:\MYF\SPH\GeoDualSPHysics_v5.2\examples\u-pw\04_Undrained_Triaxial\experiments\T4h_CorrectedFeedback\figures\t4h_feedback_used_max.png","t4h_feedback_used_max.png",".png","30464","2026/05/13 22:09:21"
"D:\MYF\SPH\GeoDualSPHysics_v5.2\examples\u-pw\04_Undrained_Triaxial\experiments\T4h_CorrectedFeedback\figures\t4h_feedback_used_max.svg","t4h_feedback_used_max.svg",".svg","54352","2026/05/13 22:10:08"
"D:\MYF\SPH\GeoDualSPHysics_v5.2\examples\u-pw\04_Undrained_Triaxial\experiments\T4h_CorrectedFeedback\figures\t4h_lateral_acceleration.png","t4h_lateral_acceleration.png",".png","30368","2026/05/13 22:09:22"
"D:\MYF\SPH\GeoDualSPHysics_v5.2\examples\u-pw\04_Undrained_Triaxial\experiments\T4h_CorrectedFeedback\figures\t4h_lateral_acceleration.svg","t4h_lateral_acceleration.svg",".svg","39049","2026/05/13 22:10:08"
"D:\MYF\SPH\GeoDualSPHysics_v5.2\examples\u-pw\04_Undrained_Triaxial\experiments\T4h_CorrectedFeedback\figures\t4h_lsq_condition.png","t4h_lsq_condition.png",".png","34550","2026/05/13 22:09:22"
"D:\MYF\SPH\GeoDualSPHysics_v5.2\examples\u-pw\04_Undrained_Triaxial\experiments\T4h_CorrectedFeedback\figures\t4h_lsq_condition.svg","t4h_lsq_condition.svg",".svg","48458","2026/05/13 22:10:08"
"D:\MYF\SPH\GeoDualSPHysics_v5.2\examples\u-pw\04_Undrained_Triaxial\experiments\T4h_CorrectedFeedback\figures\t4h_manufactured_feedback_accel.png","t4h_manufactured_feedback_accel.png",".png","23505","2026/05/13 22:09:22"
"D:\MYF\SPH\GeoDualSPHysics_v5.2\examples\u-pw\04_Undrained_Triaxial\experiments\T4h_CorrectedFeedback\figures\t4h_manufactured_feedback_accel.svg","t4h_manufactured_feedback_accel.svg",".svg","32991","2026/05/13 22:10:08"
"D:\MYF\SPH\GeoDualSPHysics_v5.2\examples\u-pw\04_Undrained_Triaxial\experiments\T4h_CorrectedFeedback\figures\t4h_porepressrate_maxabs.png","t4h_porepressrate_maxabs.png",".png","29004","2026/05/13 22:09:21"
"D:\MYF\SPH\GeoDualSPHysics_v5.2\examples\u-pw\04_Undrained_Triaxial\experiments\T4h_CorrectedFeedback\figures\t4h_porepressrate_maxabs.svg","t4h_porepressrate_maxabs.svg",".svg","41294","2026/05/13 22:10:08"
"D:\MYF\SPH\GeoDualSPHysics_v5.2\examples\u-pw\04_Undrained_Triaxial\experiments\T4h_CorrectedFeedback\figures\t4h_variant_porepressrate_bar.png","t4h_variant_porepressrate_bar.png",".png","20020","2026/05/13 22:09:22"
"D:\MYF\SPH\GeoDualSPHysics_v5.2\examples\u-pw\04_Undrained_Triaxial\experiments\T4h_CorrectedFeedback\figures\t4h_variant_porepressrate_bar.svg","t4h_variant_porepressrate_bar.svg",".svg","27761","2026/05/13 22:10:09"
"D:\MYF\SPH\GeoDualSPHysics_v5.2\examples\u-pw\04_Undrained_Triaxial\experiments\T4h_CorrectedFeedback\figures\t4h_velocity_max.png","t4h_velocity_max.png",".png","26448","2026/05/13 22:09:21"
"D:\MYF\SPH\GeoDualSPHysics_v5.2\examples\u-pw\04_Undrained_Triaxial\experiments\T4h_CorrectedFeedback\figures\t4h_velocity_max.svg","t4h_velocity_max.svg",".svg","40683","2026/05/13 22:10:09"
"D:\MYF\SPH\GeoDualSPHysics_v5.2\examples\u-pw\04_Undrained_Triaxial\experiments\T4h_CorrectedFeedback\scripts\analyze_t4h_corrected_feedback.py","analyze_t4h_corrected_feedback.py",".py","21175","2026/05/13 22:10:09"
"D:\MYF\SPH\GeoDualSPHysics_v5.2\examples\u-pw\04_Undrained_Triaxial\experiments\T4h_CorrectedFeedback\t4h_case_summary.csv","t4h_case_summary.csv",".csv","841","2026/05/13 22:10:09"
"D:\MYF\SPH\GeoDualSPHysics_v5.2\examples\u-pw\04_Undrained_Triaxial\experiments\T4h_CorrectedFeedback\t4h_confinement_diagnostics.csv","t4h_confinement_diagnostics.csv",".csv","3935","2026/05/13 22:10:09"
"D:\MYF\SPH\GeoDualSPHysics_v5.2\examples\u-pw\04_Undrained_Triaxial\experiments\T4h_CorrectedFeedback\t4h_feedback_acceleration_metrics.csv","t4h_feedback_acceleration_metrics.csv",".csv","27436","2026/05/13 22:10:09"
"D:\MYF\SPH\GeoDualSPHysics_v5.2\examples\u-pw\04_Undrained_Triaxial\experiments\T4h_CorrectedFeedback\t4h_lsq_condition_metrics.csv","t4h_lsq_condition_metrics.csv",".csv","19421","2026/05/13 22:10:09"
"D:\MYF\SPH\GeoDualSPHysics_v5.2\examples\u-pw\04_Undrained_Triaxial\experiments\T4h_CorrectedFeedback\t4h_manufactured_feedback_metrics.csv","t4h_manufactured_feedback_metrics.csv",".csv","4743","2026/05/13 22:10:09"
"D:\MYF\SPH\GeoDualSPHysics_v5.2\examples\u-pw\04_Undrained_Triaxial\experiments\T4h_CorrectedFeedback\t4h_measurement_region_metrics.csv","t4h_measurement_region_metrics.csv",".csv","68552","2026/05/13 22:10:09"
"D:\MYF\SPH\GeoDualSPHysics_v5.2\examples\u-pw\04_Undrained_Triaxial\experiments\T4h_CorrectedFeedback\t4h_operator_comparison_metrics.csv","t4h_operator_comparison_metrics.csv",".csv","841","2026/05/13 22:10:09"
"D:\MYF\SPH\GeoDualSPHysics_v5.2\examples\u-pw\04_Undrained_Triaxial\experiments\T4h_CorrectedFeedback\t4h_porepressrate_metrics.csv","t4h_porepressrate_metrics.csv",".csv","352","2026/05/13 22:10:09"
"D:\MYF\SPH\GeoDualSPHysics_v5.2\examples\u-pw\04_Undrained_Triaxial\experiments\T4h_CorrectedFeedback\t4h_reversal_metrics.csv","t4h_reversal_metrics.csv",".csv","333","2026/05/13 22:10:09"
"D:\MYF\SPH\GeoDualSPHysics_v5.2\examples\u-pw\04_Undrained_Triaxial\experiments\T4h_CorrectedFeedback\xRun_CaseT4h_ConfOnly_Op1InteriorBaseline_win64_CPU_release.bat","xRun_CaseT4h_ConfOnly_Op1InteriorBaseline_win64_CPU_release.bat",".bat","539","2026/05/13 22:10:09"
"D:\MYF\SPH\GeoDualSPHysics_v5.2\examples\u-pw\04_Undrained_Triaxial\experiments\T4h_CorrectedFeedback\xRun_CaseT4h_ConfOnly_Op2LSQInterior_win64_CPU_release.bat","xRun_CaseT4h_ConfOnly_Op2LSQInterior_win64_CPU_release.bat",".bat","534","2026/05/13 22:10:09"
"D:\MYF\SPH\GeoDualSPHysics_v5.2\examples\u-pw\04_Undrained_Triaxial\experiments\T4h_CorrectedFeedback\xRun_CaseT4h_ConfOnly_Op2LSQInteriorStabilized_win64_CPU_release.bat","xRun_CaseT4h_ConfOnly_Op2LSQInteriorStabilized_win64_CPU_release.bat",".bat","544","2026/05/13 22:10:09"
"D:\MYF\SPH\GeoDualSPHysics_v5.2\examples\u-pw\04_Undrained_Triaxial\experiments\T4j_PaperStyleFeedback\CaseT4j_ConfOnly_Op1InteriorBaseline_Def.xml","CaseT4j_ConfOnly_Op1InteriorBaseline_Def.xml",".xml","7549","2026/05/13 22:35:16"
"D:\MYF\SPH\GeoDualSPHysics_v5.2\examples\u-pw\04_Undrained_Triaxial\experiments\T4j_PaperStyleFeedback\CaseT4j_ConfOnly_Op3Interior_Def.xml","CaseT4j_ConfOnly_Op3Interior_Def.xml",".xml","7551","2026/05/13 22:35:16"
"D:\MYF\SPH\GeoDualSPHysics_v5.2\examples\u-pw\04_Undrained_Triaxial\experiments\T4j_PaperStyleFeedback\CaseT4j_ConfOnly_Op3Unfiltered_Def.xml","CaseT4j_ConfOnly_Op3Unfiltered_Def.xml",".xml","7551","2026/05/13 22:35:16"
"D:\MYF\SPH\GeoDualSPHysics_v5.2\examples\u-pw\04_Undrained_Triaxial\experiments\T4j_PaperStyleFeedback\figures\t4j_cap_leakage.png","t4j_cap_leakage.png",".png","20825","2026/05/13 22:38:05"
"D:\MYF\SPH\GeoDualSPHysics_v5.2\examples\u-pw\04_Undrained_Triaxial\experiments\T4j_PaperStyleFeedback\figures\t4j_cap_leakage.svg","t4j_cap_leakage.svg",".svg","37151","2026/05/13 22:41:50"
"D:\MYF\SPH\GeoDualSPHysics_v5.2\examples\u-pw\04_Undrained_Triaxial\experiments\T4j_PaperStyleFeedback\figures\t4j_center_porepress.png","t4j_center_porepress.png",".png","25593","2026/05/13 22:38:04"
"D:\MYF\SPH\GeoDualSPHysics_v5.2\examples\u-pw\04_Undrained_Triaxial\experiments\T4j_PaperStyleFeedback\figures\t4j_center_porepress.svg","t4j_center_porepress.svg",".svg","38266","2026/05/13 22:41:50"
"D:\MYF\SPH\GeoDualSPHysics_v5.2\examples\u-pw\04_Undrained_Triaxial\experiments\T4j_PaperStyleFeedback\figures\t4j_center_porepressrate.png","t4j_center_porepressrate.png",".png","25900","2026/05/13 22:38:04"
"D:\MYF\SPH\GeoDualSPHysics_v5.2\examples\u-pw\04_Undrained_Triaxial\experiments\T4j_PaperStyleFeedback\figures\t4j_center_porepressrate.svg","t4j_center_porepressrate.svg",".svg","39069","2026/05/13 22:41:50"
"D:\MYF\SPH\GeoDualSPHysics_v5.2\examples\u-pw\04_Undrained_Triaxial\experiments\T4j_PaperStyleFeedback\figures\t4j_feedback_interior_class.png","t4j_feedback_interior_class.png",".png","38683","2026/05/13 22:38:05"
"D:\MYF\SPH\GeoDualSPHysics_v5.2\examples\u-pw\04_Undrained_Triaxial\experiments\T4j_PaperStyleFeedback\figures\t4j_feedback_interior_class.svg","t4j_feedback_interior_class.svg",".svg","71282","2026/05/13 22:41:50"
"D:\MYF\SPH\GeoDualSPHysics_v5.2\examples\u-pw\04_Undrained_Triaxial\experiments\T4j_PaperStyleFeedback\figures\t4j_feedback_used_max.png","t4j_feedback_used_max.png",".png","40382","2026/05/13 22:38:05"
"D:\MYF\SPH\GeoDualSPHysics_v5.2\examples\u-pw\04_Undrained_Triaxial\experiments\T4j_PaperStyleFeedback\figures\t4j_feedback_used_max.svg","t4j_feedback_used_max.svg",".svg","71224","2026/05/13 22:41:50"
"D:\MYF\SPH\GeoDualSPHysics_v5.2\examples\u-pw\04_Undrained_Triaxial\experiments\T4j_PaperStyleFeedback\figures\t4j_lateral_acceleration.png","t4j_lateral_acceleration.png",".png","29721","2026/05/13 22:38:05"
"D:\MYF\SPH\GeoDualSPHysics_v5.2\examples\u-pw\04_Undrained_Triaxial\experiments\T4j_PaperStyleFeedback\figures\t4j_lateral_acceleration.svg","t4j_lateral_acceleration.svg",".svg","37048","2026/05/13 22:41:50"
"D:\MYF\SPH\GeoDualSPHysics_v5.2\examples\u-pw\04_Undrained_Triaxial\experiments\T4j_PaperStyleFeedback\figures\t4j_lsq_condition.png","t4j_lsq_condition.png",".png","19186","2026/05/13 22:38:05"
"D:\MYF\SPH\GeoDualSPHysics_v5.2\examples\u-pw\04_Undrained_Triaxial\experiments\T4j_PaperStyleFeedback\figures\t4j_lsq_condition.svg","t4j_lsq_condition.svg",".svg","30485","2026/05/13 22:41:50"
"D:\MYF\SPH\GeoDualSPHysics_v5.2\examples\u-pw\04_Undrained_Triaxial\experiments\T4j_PaperStyleFeedback\figures\t4j_manufactured_feedback_accel.png","t4j_manufactured_feedback_accel.png",".png","26214","2026/05/13 22:38:06"
"D:\MYF\SPH\GeoDualSPHysics_v5.2\examples\u-pw\04_Undrained_Triaxial\experiments\T4j_PaperStyleFeedback\figures\t4j_manufactured_feedback_accel.svg","t4j_manufactured_feedback_accel.svg",".svg","47310","2026/05/13 22:41:50"
"D:\MYF\SPH\GeoDualSPHysics_v5.2\examples\u-pw\04_Undrained_Triaxial\experiments\T4j_PaperStyleFeedback\figures\t4j_porepressrate_maxabs.png","t4j_porepressrate_maxabs.png",".png","31097","2026/05/13 22:38:04"
"D:\MYF\SPH\GeoDualSPHysics_v5.2\examples\u-pw\04_Undrained_Triaxial\experiments\T4j_PaperStyleFeedback\figures\t4j_porepressrate_maxabs.svg","t4j_porepressrate_maxabs.svg",".svg","39484","2026/05/13 22:41:50"
"D:\MYF\SPH\GeoDualSPHysics_v5.2\examples\u-pw\04_Undrained_Triaxial\experiments\T4j_PaperStyleFeedback\figures\t4j_variant_porepressrate_bar.png","t4j_variant_porepressrate_bar.png",".png","18282","2026/05/13 22:38:05"
"D:\MYF\SPH\GeoDualSPHysics_v5.2\examples\u-pw\04_Undrained_Triaxial\experiments\T4j_PaperStyleFeedback\figures\t4j_variant_porepressrate_bar.svg","t4j_variant_porepressrate_bar.svg",".svg","25779","2026/05/13 22:41:50"
"D:\MYF\SPH\GeoDualSPHysics_v5.2\examples\u-pw\04_Undrained_Triaxial\experiments\T4j_PaperStyleFeedback\figures\t4j_velocity_max.png","t4j_velocity_max.png",".png","27011","2026/05/13 22:38:04"
"D:\MYF\SPH\GeoDualSPHysics_v5.2\examples\u-pw\04_Undrained_Triaxial\experiments\T4j_PaperStyleFeedback\figures\t4j_velocity_max.svg","t4j_velocity_max.svg",".svg","37465","2026/05/13 22:41:50"
"D:\MYF\SPH\GeoDualSPHysics_v5.2\examples\u-pw\04_Undrained_Triaxial\experiments\T4j_PaperStyleFeedback\scripts\analyze_t4j_paper_style_feedback.py","analyze_t4j_paper_style_feedback.py",".py","21237","2026/05/13 22:37:53"
"D:\MYF\SPH\GeoDualSPHysics_v5.2\examples\u-pw\04_Undrained_Triaxial\experiments\T4j_PaperStyleFeedback\t4j_case_summary.csv","t4j_case_summary.csv",".csv","780","2026/05/13 22:38:04"
"D:\MYF\SPH\GeoDualSPHysics_v5.2\examples\u-pw\04_Undrained_Triaxial\experiments\T4j_PaperStyleFeedback\t4j_confinement_diagnostics.csv","t4j_confinement_diagnostics.csv",".csv","3803","2026/05/13 22:38:04"
"D:\MYF\SPH\GeoDualSPHysics_v5.2\examples\u-pw\04_Undrained_Triaxial\experiments\T4j_PaperStyleFeedback\t4j_manufactured_metrics.csv","t4j_manufactured_metrics.csv",".csv","10408","2026/05/13 22:38:03"
"D:\MYF\SPH\GeoDualSPHysics_v5.2\examples\u-pw\04_Undrained_Triaxial\experiments\T4j_PaperStyleFeedback\t4j_measurement_region_metrics.csv","t4j_measurement_region_metrics.csv",".csv","60525","2026/05/13 22:38:04"
"D:\MYF\SPH\GeoDualSPHysics_v5.2\examples\u-pw\04_Undrained_Triaxial\experiments\T4j_PaperStyleFeedback\t4j_operator_comparison_metrics.csv","t4j_operator_comparison_metrics.csv",".csv","780","2026/05/13 22:38:04"
"D:\MYF\SPH\GeoDualSPHysics_v5.2\examples\u-pw\04_Undrained_Triaxial\experiments\T4j_PaperStyleFeedback\t4j_porepressrate_metrics.csv","t4j_porepressrate_metrics.csv",".csv","340","2026/05/13 22:38:04"
"D:\MYF\SPH\GeoDualSPHysics_v5.2\examples\u-pw\04_Undrained_Triaxial\experiments\T4j_PaperStyleFeedback\t4j_pressure_acceleration_metrics.csv","t4j_pressure_acceleration_metrics.csv",".csv","51230","2026/05/13 22:38:04"
"D:\MYF\SPH\GeoDualSPHysics_v5.2\examples\u-pw\04_Undrained_Triaxial\experiments\T4j_PaperStyleFeedback\t4j_reversal_metrics.csv","t4j_reversal_metrics.csv",".csv","287","2026/05/13 22:38:04"
"D:\MYF\SPH\GeoDualSPHysics_v5.2\examples\u-pw\04_Undrained_Triaxial\experiments\T4j_PaperStyleFeedback\xRun_CaseT4j_ConfOnly_Op1InteriorBaseline_win64_CPU_release.bat","xRun_CaseT4j_ConfOnly_Op1InteriorBaseline_win64_CPU_release.bat",".bat","537","2026/05/13 22:35:29"
"D:\MYF\SPH\GeoDualSPHysics_v5.2\examples\u-pw\04_Undrained_Triaxial\experiments\T4j_PaperStyleFeedback\xRun_CaseT4j_ConfOnly_Op3Interior_win64_CPU_release.bat","xRun_CaseT4j_ConfOnly_Op3Interior_win64_CPU_release.bat",".bat","529","2026/05/13 22:35:29"
"D:\MYF\SPH\GeoDualSPHysics_v5.2\examples\u-pw\04_Undrained_Triaxial\experiments\T4j_PaperStyleFeedback\xRun_CaseT4j_ConfOnly_Op3Unfiltered_win64_CPU_release.bat","xRun_CaseT4j_ConfOnly_Op3Unfiltered_win64_CPU_release.bat",".bat","531","2026/05/13 22:35:29"
"D:\MYF\SPH\GeoDualSPHysics_v5.2\examples\u-pw\04_Undrained_Triaxial\experiments\T4k_InitialConfinementEquilibrium\CaseT4k_InitialStressOnly_FeedbackOff_Def.xml","CaseT4k_InitialStressOnly_FeedbackOff_Def.xml",".xml","7765","2026/05/13 22:59:40"
"D:\MYF\SPH\GeoDualSPHysics_v5.2\examples\u-pw\04_Undrained_Triaxial\experiments\T4k_InitialConfinementEquilibrium\CaseT4k_InitialStressPlusConf_AxialSmoke_Def.xml","CaseT4k_InitialStressPlusConf_AxialSmoke_Def.xml",".xml","8064","2026/05/13 22:59:40"
"D:\MYF\SPH\GeoDualSPHysics_v5.2\examples\u-pw\04_Undrained_Triaxial\experiments\T4k_InitialConfinementEquilibrium\CaseT4k_InitialStressPlusConf_FeedbackDelayed_Def.xml","CaseT4k_InitialStressPlusConf_FeedbackDelayed_Def.xml",".xml","7796","2026/05/13 22:59:40"
"D:\MYF\SPH\GeoDualSPHysics_v5.2\examples\u-pw\04_Undrained_Triaxial\experiments\T4k_InitialConfinementEquilibrium\CaseT4k_InitialStressPlusConf_FeedbackOff_Def.xml","CaseT4k_InitialStressPlusConf_FeedbackOff_Def.xml",".xml","7783","2026/05/13 22:59:40"
"D:\MYF\SPH\GeoDualSPHysics_v5.2\examples\u-pw\04_Undrained_Triaxial\experiments\T4k_InitialConfinementEquilibrium\figures\t4k_cap_leakage.png","t4k_cap_leakage.png",".png","18204","2026/05/13 23:02:23"
"D:\MYF\SPH\GeoDualSPHysics_v5.2\examples\u-pw\04_Undrained_Triaxial\experiments\T4k_InitialConfinementEquilibrium\figures\t4k_cap_leakage.svg","t4k_cap_leakage.svg",".svg","35971","2026/05/13 23:02:23"
"D:\MYF\SPH\GeoDualSPHysics_v5.2\examples\u-pw\04_Undrained_Triaxial\experiments\T4k_InitialConfinementEquilibrium\figures\t4k_center_porepress.png","t4k_center_porepress.png",".png","25656","2026/05/13 23:02:23"
"D:\MYF\SPH\GeoDualSPHysics_v5.2\examples\u-pw\04_Undrained_Triaxial\experiments\T4k_InitialConfinementEquilibrium\figures\t4k_center_porepress.svg","t4k_center_porepress.svg",".svg","45101","2026/05/13 23:02:23"
"D:\MYF\SPH\GeoDualSPHysics_v5.2\examples\u-pw\04_Undrained_Triaxial\experiments\T4k_InitialConfinementEquilibrium\figures\t4k_divvel_maxabs.png","t4k_divvel_maxabs.png",".png","27435","2026/05/13 23:02:23"
"D:\MYF\SPH\GeoDualSPHysics_v5.2\examples\u-pw\04_Undrained_Triaxial\experiments\T4k_InitialConfinementEquilibrium\figures\t4k_divvel_maxabs.svg","t4k_divvel_maxabs.svg",".svg","44500","2026/05/13 23:02:23"
"D:\MYF\SPH\GeoDualSPHysics_v5.2\examples\u-pw\04_Undrained_Triaxial\experiments\T4k_InitialConfinementEquilibrium\figures\t4k_feedback_acceleration.png","t4k_feedback_acceleration.png",".png","33492","2026/05/13 23:02:23"
"D:\MYF\SPH\GeoDualSPHysics_v5.2\examples\u-pw\04_Undrained_Triaxial\experiments\T4k_InitialConfinementEquilibrium\figures\t4k_feedback_acceleration.svg","t4k_feedback_acceleration.svg",".svg","46827","2026/05/13 23:02:23"
"D:\MYF\SPH\GeoDualSPHysics_v5.2\examples\u-pw\04_Undrained_Triaxial\experiments\T4k_InitialConfinementEquilibrium\figures\t4k_initial_stress_components_proxy.png","t4k_initial_stress_components_proxy.png",".png","29773","2026/05/13 23:02:22"
"D:\MYF\SPH\GeoDualSPHysics_v5.2\examples\u-pw\04_Undrained_Triaxial\experiments\T4k_InitialConfinementEquilibrium\figures\t4k_initial_stress_components_proxy.svg","t4k_initial_stress_components_proxy.svg",".svg","44864","2026/05/13 23:02:22"
"D:\MYF\SPH\GeoDualSPHysics_v5.2\examples\u-pw\04_Undrained_Triaxial\experiments\T4k_InitialConfinementEquilibrium\figures\t4k_lateral_acceleration.png","t4k_lateral_acceleration.png",".png","26709","2026/05/13 23:02:23"
"D:\MYF\SPH\GeoDualSPHysics_v5.2\examples\u-pw\04_Undrained_Triaxial\experiments\T4k_InitialConfinementEquilibrium\figures\t4k_lateral_acceleration.svg","t4k_lateral_acceleration.svg",".svg","35913","2026/05/13 23:02:23"
"D:\MYF\SPH\GeoDualSPHysics_v5.2\examples\u-pw\04_Undrained_Triaxial\experiments\T4k_InitialConfinementEquilibrium\figures\t4k_porepressrate_maxabs.png","t4k_porepressrate_maxabs.png",".png","30269","2026/05/13 23:02:23"
"D:\MYF\SPH\GeoDualSPHysics_v5.2\examples\u-pw\04_Undrained_Triaxial\experiments\T4k_InitialConfinementEquilibrium\figures\t4k_porepressrate_maxabs.svg","t4k_porepressrate_maxabs.svg",".svg","49261","2026/05/13 23:02:23"
"D:\MYF\SPH\GeoDualSPHysics_v5.2\examples\u-pw\04_Undrained_Triaxial\experiments\T4k_InitialConfinementEquilibrium\figures\t4k_q_proxy_vs_time.png","t4k_q_proxy_vs_time.png",".png","27880","2026/05/13 23:02:22"
"D:\MYF\SPH\GeoDualSPHysics_v5.2\examples\u-pw\04_Undrained_Triaxial\experiments\T4k_InitialConfinementEquilibrium\figures\t4k_q_proxy_vs_time.svg","t4k_q_proxy_vs_time.svg",".svg","44120","2026/05/13 23:02:22"
"D:\MYF\SPH\GeoDualSPHysics_v5.2\examples\u-pw\04_Undrained_Triaxial\experiments\T4k_InitialConfinementEquilibrium\figures\t4k_velocity_max.png","t4k_velocity_max.png",".png","27891","2026/05/13 23:02:23"
"D:\MYF\SPH\GeoDualSPHysics_v5.2\examples\u-pw\04_Undrained_Triaxial\experiments\T4k_InitialConfinementEquilibrium\figures\t4k_velocity_max.svg","t4k_velocity_max.svg",".svg","44509","2026/05/13 23:02:23"
"D:\MYF\SPH\GeoDualSPHysics_v5.2\examples\u-pw\04_Undrained_Triaxial\experiments\T4k_InitialConfinementEquilibrium\scripts\analyze_t4k_initial_confinement.py","analyze_t4k_initial_confinement.py",".py","12863","2026/05/13 23:02:14"
"D:\MYF\SPH\GeoDualSPHysics_v5.2\examples\u-pw\04_Undrained_Triaxial\experiments\T4k_InitialConfinementEquilibrium\scripts\create_t4k_cases.py","create_t4k_cases.py",".py","10345","2026/05/13 22:59:22"
"D:\MYF\SPH\GeoDualSPHysics_v5.2\examples\u-pw\04_Undrained_Triaxial\experiments\T4k_InitialConfinementEquilibrium\t4k_axial_smoke_metrics.csv","t4k_axial_smoke_metrics.csv",".csv","2","2026/05/13 23:02:22"
"D:\MYF\SPH\GeoDualSPHysics_v5.2\examples\u-pw\04_Undrained_Triaxial\experiments\T4k_InitialConfinementEquilibrium\t4k_case_summary.csv","t4k_case_summary.csv",".csv","1159","2026/05/13 23:02:22"
"D:\MYF\SPH\GeoDualSPHysics_v5.2\examples\u-pw\04_Undrained_Triaxial\experiments\T4k_InitialConfinementEquilibrium\t4k_confinement_diagnostics.csv","t4k_confinement_diagnostics.csv",".csv","1464","2026/05/13 23:02:22"
"D:\MYF\SPH\GeoDualSPHysics_v5.2\examples\u-pw\04_Undrained_Triaxial\experiments\T4k_InitialConfinementEquilibrium\t4k_equilibrium_metrics.csv","t4k_equilibrium_metrics.csv",".csv","27299","2026/05/13 23:02:22"
"D:\MYF\SPH\GeoDualSPHysics_v5.2\examples\u-pw\04_Undrained_Triaxial\experiments\T4k_InitialConfinementEquilibrium\t4k_feedback_stability_metrics.csv","t4k_feedback_stability_metrics.csv",".csv","16101","2026/05/13 23:02:22"
"D:\MYF\SPH\GeoDualSPHysics_v5.2\examples\u-pw\04_Undrained_Triaxial\experiments\T4k_InitialConfinementEquilibrium\t4k_initial_stress_metrics.csv","t4k_initial_stress_metrics.csv",".csv","27299","2026/05/13 23:02:22"
"D:\MYF\SPH\GeoDualSPHysics_v5.2\examples\u-pw\04_Undrained_Triaxial\experiments\T4k_InitialConfinementEquilibrium\t4k_stress_path_proxy_metrics.csv","t4k_stress_path_proxy_metrics.csv",".csv","27299","2026/05/13 23:02:22"
"D:\MYF\SPH\GeoDualSPHysics_v5.2\examples\u-pw\04_Undrained_Triaxial\experiments\T4k_InitialConfinementEquilibrium\TriaxialAxialAcc_T4k.csv","TriaxialAxialAcc_T4k.csv",".csv","156","2026/05/13 22:59:40"
"D:\MYF\SPH\GeoDualSPHysics_v5.2\examples\u-pw\04_Undrained_Triaxial\experiments\T4k_InitialConfinementEquilibrium\xRun_CaseT4k_InitialStressOnly_FeedbackOff_win64_CPU_release.bat","xRun_CaseT4k_InitialStressOnly_FeedbackOff_win64_CPU_release.bat",".bat","540","2026/05/13 22:59:40"
"D:\MYF\SPH\GeoDualSPHysics_v5.2\examples\u-pw\04_Undrained_Triaxial\experiments\T4k_InitialConfinementEquilibrium\xRun_CaseT4k_InitialStressPlusConf_AxialSmoke_win64_CPU_release.bat","xRun_CaseT4k_InitialStressPlusConf_AxialSmoke_win64_CPU_release.bat",".bat","543","2026/05/13 22:59:40"
"D:\MYF\SPH\GeoDualSPHysics_v5.2\examples\u-pw\04_Undrained_Triaxial\experiments\T4k_InitialConfinementEquilibrium\xRun_CaseT4k_InitialStressPlusConf_FeedbackDelayed_win64_CPU_release.bat","xRun_CaseT4k_InitialStressPlusConf_FeedbackDelayed_win64_CPU_release.bat",".bat","548","2026/05/13 22:59:40"
"D:\MYF\SPH\GeoDualSPHysics_v5.2\examples\u-pw\04_Undrained_Triaxial\experiments\T4k_InitialConfinementEquilibrium\xRun_CaseT4k_InitialStressPlusConf_FeedbackOff_win64_CPU_release.bat","xRun_CaseT4k_InitialStressPlusConf_FeedbackOff_win64_CPU_release.bat",".bat","544","2026/05/13 22:59:40"
"D:\MYF\SPH\GeoDualSPHysics_v5.2\examples\u-pw\04_Undrained_Triaxial\experiments\T4l_FullHydrostaticConfinement\CaseT4l_CurrentMismatch_FeedbackOff_Def.xml","CaseT4l_CurrentMismatch_FeedbackOff_Def.xml",".xml","8083","2026/05/13 23:17:32"
"D:\MYF\SPH\GeoDualSPHysics_v5.2\examples\u-pw\04_Undrained_Triaxial\experiments\T4l_FullHydrostaticConfinement\CaseT4l_FullHydrostatic_FeedbackDelayed_Def.xml","CaseT4l_FullHydrostatic_FeedbackDelayed_Def.xml",".xml","8437","2026/05/13 23:17:32"
"D:\MYF\SPH\GeoDualSPHysics_v5.2\examples\u-pw\04_Undrained_Triaxial\experiments\T4l_FullHydrostaticConfinement\CaseT4l_FullHydrostatic_FeedbackOff_Def.xml","CaseT4l_FullHydrostatic_FeedbackOff_Def.xml",".xml","8424","2026/05/13 23:17:32"
"D:\MYF\SPH\GeoDualSPHysics_v5.2\examples\u-pw\04_Undrained_Triaxial\experiments\T4l_FullHydrostaticConfinement\figures\t4l_cap_leakage_vs_time.png","t4l_cap_leakage_vs_time.png",".png","42184","2026/05/13 23:20:38"
"D:\MYF\SPH\GeoDualSPHysics_v5.2\examples\u-pw\04_Undrained_Triaxial\experiments\T4l_FullHydrostaticConfinement\figures\t4l_cap_leakage_vs_time.svg","t4l_cap_leakage_vs_time.svg",".svg","36488","2026/05/13 23:20:37"
"D:\MYF\SPH\GeoDualSPHysics_v5.2\examples\u-pw\04_Undrained_Triaxial\experiments\T4l_FullHydrostaticConfinement\figures\t4l_cap_support_acceleration.png","t4l_cap_support_acceleration.png",".png","54426","2026/05/13 23:20:36"
"D:\MYF\SPH\GeoDualSPHysics_v5.2\examples\u-pw\04_Undrained_Triaxial\experiments\T4l_FullHydrostaticConfinement\figures\t4l_cap_support_acceleration.svg","t4l_cap_support_acceleration.svg",".svg","32850","2026/05/13 23:20:36"
"D:\MYF\SPH\GeoDualSPHysics_v5.2\examples\u-pw\04_Undrained_Triaxial\experiments\T4l_FullHydrostaticConfinement\figures\t4l_divvel_maxabs_vs_time.png","t4l_divvel_maxabs_vs_time.png",".png","40322","2026/05/13 23:20:37"
"D:\MYF\SPH\GeoDualSPHysics_v5.2\examples\u-pw\04_Undrained_Triaxial\experiments\T4l_FullHydrostaticConfinement\figures\t4l_divvel_maxabs_vs_time.svg","t4l_divvel_maxabs_vs_time.svg",".svg","43323","2026/05/13 23:20:37"
"D:\MYF\SPH\GeoDualSPHysics_v5.2\examples\u-pw\04_Undrained_Triaxial\experiments\T4l_FullHydrostaticConfinement\figures\t4l_initial_stress_components_sigma_xx.png","t4l_initial_stress_components_sigma_xx.png",".png","46278","2026/05/13 23:20:36"
"D:\MYF\SPH\GeoDualSPHysics_v5.2\examples\u-pw\04_Undrained_Triaxial\experiments\T4l_FullHydrostaticConfinement\figures\t4l_initial_stress_components_sigma_xx.svg","t4l_initial_stress_components_sigma_xx.svg",".svg","44630","2026/05/13 23:20:36"
"D:\MYF\SPH\GeoDualSPHysics_v5.2\examples\u-pw\04_Undrained_Triaxial\experiments\T4l_FullHydrostaticConfinement\figures\t4l_lateral_confinement_acceleration.png","t4l_lateral_confinement_acceleration.png",".png","57792","2026/05/13 23:20:37"
"D:\MYF\SPH\GeoDualSPHysics_v5.2\examples\u-pw\04_Undrained_Triaxial\experiments\T4l_FullHydrostaticConfinement\figures\t4l_lateral_confinement_acceleration.svg","t4l_lateral_confinement_acceleration.svg",".svg","36878","2026/05/13 23:20:37"
"D:\MYF\SPH\GeoDualSPHysics_v5.2\examples\u-pw\04_Undrained_Triaxial\experiments\T4l_FullHydrostaticConfinement\figures\t4l_negative_pressure_count_vs_time.png","t4l_negative_pressure_count_vs_time.png",".png","67169","2026/05/13 23:20:37"
"D:\MYF\SPH\GeoDualSPHysics_v5.2\examples\u-pw\04_Undrained_Triaxial\experiments\T4l_FullHydrostaticConfinement\figures\t4l_negative_pressure_count_vs_time.svg","t4l_negative_pressure_count_vs_time.svg",".svg","43818","2026/05/13 23:20:37"
"D:\MYF\SPH\GeoDualSPHysics_v5.2\examples\u-pw\04_Undrained_Triaxial\experiments\T4l_FullHydrostaticConfinement\figures\t4l_p_eff_proxy_vs_time.png","t4l_p_eff_proxy_vs_time.png",".png","46620","2026/05/13 23:20:36"
"D:\MYF\SPH\GeoDualSPHysics_v5.2\examples\u-pw\04_Undrained_Triaxial\experiments\T4l_FullHydrostaticConfinement\figures\t4l_p_eff_proxy_vs_time.svg","t4l_p_eff_proxy_vs_time.svg",".svg","44150","2026/05/13 23:20:36"
"D:\MYF\SPH\GeoDualSPHysics_v5.2\examples\u-pw\04_Undrained_Triaxial\experiments\T4l_FullHydrostaticConfinement\figures\t4l_pore_pressure_center_vs_time.png","t4l_pore_pressure_center_vs_time.png",".png","40513","2026/05/13 23:20:37"
"D:\MYF\SPH\GeoDualSPHysics_v5.2\examples\u-pw\04_Undrained_Triaxial\experiments\T4l_FullHydrostaticConfinement\figures\t4l_pore_pressure_center_vs_time.svg","t4l_pore_pressure_center_vs_time.svg",".svg","43165","2026/05/13 23:20:37"
"D:\MYF\SPH\GeoDualSPHysics_v5.2\examples\u-pw\04_Undrained_Triaxial\experiments\T4l_FullHydrostaticConfinement\figures\t4l_porepressrate_maxabs_vs_time.png","t4l_porepressrate_maxabs_vs_time.png",".png","41404","2026/05/13 23:20:37"
"D:\MYF\SPH\GeoDualSPHysics_v5.2\examples\u-pw\04_Undrained_Triaxial\experiments\T4l_FullHydrostaticConfinement\figures\t4l_porepressrate_maxabs_vs_time.svg","t4l_porepressrate_maxabs_vs_time.svg",".svg","45346","2026/05/13 23:20:37"
"D:\MYF\SPH\GeoDualSPHysics_v5.2\examples\u-pw\04_Undrained_Triaxial\experiments\T4l_FullHydrostaticConfinement\figures\t4l_q_proxy_vs_time.png","t4l_q_proxy_vs_time.png",".png","42850","2026/05/13 23:20:36"
"D:\MYF\SPH\GeoDualSPHysics_v5.2\examples\u-pw\04_Undrained_Triaxial\experiments\T4l_FullHydrostaticConfinement\figures\t4l_q_proxy_vs_time.svg","t4l_q_proxy_vs_time.svg",".svg","44251","2026/05/13 23:20:36"
"D:\MYF\SPH\GeoDualSPHysics_v5.2\examples\u-pw\04_Undrained_Triaxial\experiments\T4l_FullHydrostaticConfinement\figures\t4l_velocity_max_vs_time.png","t4l_velocity_max_vs_time.png",".png","37575","2026/05/13 23:20:37"
"D:\MYF\SPH\GeoDualSPHysics_v5.2\examples\u-pw\04_Undrained_Triaxial\experiments\T4l_FullHydrostaticConfinement\figures\t4l_velocity_max_vs_time.svg","t4l_velocity_max_vs_time.svg",".svg","41756","2026/05/13 23:20:37"
"D:\MYF\SPH\GeoDualSPHysics_v5.2\examples\u-pw\04_Undrained_Triaxial\experiments\T4l_FullHydrostaticConfinement\scripts\analyze_t4l_full_hydrostatic.py","analyze_t4l_full_hydrostatic.py",".py","16521","2026/05/13 23:20:18"
"D:\MYF\SPH\GeoDualSPHysics_v5.2\examples\u-pw\04_Undrained_Triaxial\experiments\T4l_FullHydrostaticConfinement\t4l_cap_support_metrics.csv","t4l_cap_support_metrics.csv",".csv","1512","2026/05/13 23:20:36"
"D:\MYF\SPH\GeoDualSPHysics_v5.2\examples\u-pw\04_Undrained_Triaxial\experiments\T4l_FullHydrostaticConfinement\t4l_case_summary.csv","t4l_case_summary.csv",".csv","1328","2026/05/13 23:20:36"
"D:\MYF\SPH\GeoDualSPHysics_v5.2\examples\u-pw\04_Undrained_Triaxial\experiments\T4l_FullHydrostaticConfinement\t4l_equilibrium_metrics.csv","t4l_equilibrium_metrics.csv",".csv","25747","2026/05/13 23:20:36"
"D:\MYF\SPH\GeoDualSPHysics_v5.2\examples\u-pw\04_Undrained_Triaxial\experiments\T4l_FullHydrostaticConfinement\t4l_feedback_stability_metrics.csv","t4l_feedback_stability_metrics.csv",".csv","15511","2026/05/13 23:20:36"
"D:\MYF\SPH\GeoDualSPHysics_v5.2\examples\u-pw\04_Undrained_Triaxial\experiments\T4l_FullHydrostaticConfinement\t4l_initial_stress_balance_metrics.csv","t4l_initial_stress_balance_metrics.csv",".csv","12454","2026/05/13 23:20:36"
"D:\MYF\SPH\GeoDualSPHysics_v5.2\examples\u-pw\04_Undrained_Triaxial\experiments\T4l_FullHydrostaticConfinement\t4l_lateral_confinement_metrics.csv","t4l_lateral_confinement_metrics.csv",".csv","1984","2026/05/13 23:20:36"
"D:\MYF\SPH\GeoDualSPHysics_v5.2\examples\u-pw\04_Undrained_Triaxial\experiments\T4l_FullHydrostaticConfinement\TriaxialAxialAcc_T4l.csv","TriaxialAxialAcc_T4l.csv",".csv","156","2026/05/13 22:59:40"
"D:\MYF\SPH\GeoDualSPHysics_v5.2\examples\u-pw\04_Undrained_Triaxial\experiments\T4l_FullHydrostaticConfinement\xRun_CaseT4l_CurrentMismatch_FeedbackOff_win64_CPU_release.bat","xRun_CaseT4l_CurrentMismatch_FeedbackOff_win64_CPU_release.bat",".bat","524","2026/05/13 23:17:57"
"D:\MYF\SPH\GeoDualSPHysics_v5.2\examples\u-pw\04_Undrained_Triaxial\experiments\T4l_FullHydrostaticConfinement\xRun_CaseT4l_FullHydrostatic_FeedbackDelayed_win64_CPU_release.bat","xRun_CaseT4l_FullHydrostatic_FeedbackDelayed_win64_CPU_release.bat",".bat","528","2026/05/13 23:17:57"
"D:\MYF\SPH\GeoDualSPHysics_v5.2\examples\u-pw\04_Undrained_Triaxial\experiments\T4l_FullHydrostaticConfinement\xRun_CaseT4l_FullHydrostatic_FeedbackOff_win64_CPU_release.bat","xRun_CaseT4l_FullHydrostatic_FeedbackOff_win64_CPU_release.bat",".bat","524","2026/05/13 23:17:57"
"D:\MYF\SPH\GeoDualSPHysics_v5.2\examples\u-pw\04_Undrained_Triaxial\experiments\T4m_AllSurfaceIsotropicConfinement\CaseT4m_AllSurface_FeedbackDelayed_Def.xml","CaseT4m_AllSurface_FeedbackDelayed_Def.xml",".xml","8442","2026/05/13 23:35:34"
"D:\MYF\SPH\GeoDualSPHysics_v5.2\examples\u-pw\04_Undrained_Triaxial\experiments\T4m_AllSurfaceIsotropicConfinement\CaseT4m_AllSurface_FeedbackOff_Def.xml","CaseT4m_AllSurface_FeedbackOff_Def.xml",".xml","8429","2026/05/13 23:35:34"
"D:\MYF\SPH\GeoDualSPHysics_v5.2\examples\u-pw\04_Undrained_Triaxial\experiments\T4m_AllSurfaceIsotropicConfinement\CaseT4m_T4lReference_FeedbackOff_Def.xml","CaseT4m_T4lReference_FeedbackOff_Def.xml",".xml","8438","2026/05/13 23:35:34"
"D:\MYF\SPH\GeoDualSPHysics_v5.2\examples\u-pw\04_Undrained_Triaxial\experiments\T4m_AllSurfaceIsotropicConfinement\figures\t4m_cap_acceleration.png","t4m_cap_acceleration.png",".png","48624","2026/05/13 23:37:56"
"D:\MYF\SPH\GeoDualSPHysics_v5.2\examples\u-pw\04_Undrained_Triaxial\experiments\T4m_AllSurfaceIsotropicConfinement\figures\t4m_cap_acceleration.svg","t4m_cap_acceleration.svg",".svg","35599","2026/05/13 23:37:56"
"D:\MYF\SPH\GeoDualSPHysics_v5.2\examples\u-pw\04_Undrained_Triaxial\experiments\T4m_AllSurfaceIsotropicConfinement\figures\t4m_divvel_maxabs_vs_time.png","t4m_divvel_maxabs_vs_time.png",".png","39190","2026/05/13 23:37:55"
"D:\MYF\SPH\GeoDualSPHysics_v5.2\examples\u-pw\04_Undrained_Triaxial\experiments\T4m_AllSurfaceIsotropicConfinement\figures\t4m_divvel_maxabs_vs_time.svg","t4m_divvel_maxabs_vs_time.svg",".svg","43036","2026/05/13 23:37:55"
"D:\MYF\SPH\GeoDualSPHysics_v5.2\examples\u-pw\04_Undrained_Triaxial\experiments\T4m_AllSurfaceIsotropicConfinement\figures\t4m_fi_selected_targets.png","t4m_fi_selected_targets.png",".png","40165","2026/05/13 23:37:56"
"D:\MYF\SPH\GeoDualSPHysics_v5.2\examples\u-pw\04_Undrained_Triaxial\experiments\T4m_AllSurfaceIsotropicConfinement\figures\t4m_fi_selected_targets.svg","t4m_fi_selected_targets.svg",".svg","37050","2026/05/13 23:37:56"
"D:\MYF\SPH\GeoDualSPHysics_v5.2\examples\u-pw\04_Undrained_Triaxial\experiments\T4m_AllSurfaceIsotropicConfinement\figures\t4m_force_symmetry_residual.png","t4m_force_symmetry_residual.png",".png","77146","2026/05/13 23:37:56"
"D:\MYF\SPH\GeoDualSPHysics_v5.2\examples\u-pw\04_Undrained_Triaxial\experiments\T4m_AllSurfaceIsotropicConfinement\figures\t4m_force_symmetry_residual.svg","t4m_force_symmetry_residual.svg",".svg","36758","2026/05/13 23:37:56"
"D:\MYF\SPH\GeoDualSPHysics_v5.2\examples\u-pw\04_Undrained_Triaxial\experiments\T4m_AllSurfaceIsotropicConfinement\figures\t4m_lateral_acceleration.png","t4m_lateral_acceleration.png",".png","56241","2026/05/13 23:37:56"
"D:\MYF\SPH\GeoDualSPHysics_v5.2\examples\u-pw\04_Undrained_Triaxial\experiments\T4m_AllSurfaceIsotropicConfinement\figures\t4m_lateral_acceleration.svg","t4m_lateral_acceleration.svg",".svg","37742","2026/05/13 23:37:56"
"D:\MYF\SPH\GeoDualSPHysics_v5.2\examples\u-pw\04_Undrained_Triaxial\experiments\T4m_AllSurfaceIsotropicConfinement\figures\t4m_negative_pressure_count_vs_time.png","t4m_negative_pressure_count_vs_time.png",".png","66256","2026/05/13 23:37:56"
"D:\MYF\SPH\GeoDualSPHysics_v5.2\examples\u-pw\04_Undrained_Triaxial\experiments\T4m_AllSurfaceIsotropicConfinement\figures\t4m_negative_pressure_count_vs_time.svg","t4m_negative_pressure_count_vs_time.svg",".svg","44468","2026/05/13 23:37:56"
"D:\MYF\SPH\GeoDualSPHysics_v5.2\examples\u-pw\04_Undrained_Triaxial\experiments\T4m_AllSurfaceIsotropicConfinement\figures\t4m_p_eff_proxy_vs_time.png","t4m_p_eff_proxy_vs_time.png",".png","47311","2026/05/13 23:37:54"
"D:\MYF\SPH\GeoDualSPHysics_v5.2\examples\u-pw\04_Undrained_Triaxial\experiments\T4m_AllSurfaceIsotropicConfinement\figures\t4m_p_eff_proxy_vs_time.svg","t4m_p_eff_proxy_vs_time.svg",".svg","45379","2026/05/13 23:37:54"
"D:\MYF\SPH\GeoDualSPHysics_v5.2\examples\u-pw\04_Undrained_Triaxial\experiments\T4m_AllSurfaceIsotropicConfinement\figures\t4m_pore_pressure_center_vs_time.png","t4m_pore_pressure_center_vs_time.png",".png","39246","2026/05/13 23:37:56"
"D:\MYF\SPH\GeoDualSPHysics_v5.2\examples\u-pw\04_Undrained_Triaxial\experiments\T4m_AllSurfaceIsotropicConfinement\figures\t4m_pore_pressure_center_vs_time.svg","t4m_pore_pressure_center_vs_time.svg",".svg","43340","2026/05/13 23:37:55"
"D:\MYF\SPH\GeoDualSPHysics_v5.2\examples\u-pw\04_Undrained_Triaxial\experiments\T4m_AllSurfaceIsotropicConfinement\figures\t4m_porepressrate_maxabs_vs_time.png","t4m_porepressrate_maxabs_vs_time.png",".png","43088","2026/05/13 23:37:55"
"D:\MYF\SPH\GeoDualSPHysics_v5.2\examples\u-pw\04_Undrained_Triaxial\experiments\T4m_AllSurfaceIsotropicConfinement\figures\t4m_porepressrate_maxabs_vs_time.svg","t4m_porepressrate_maxabs_vs_time.svg",".svg","47230","2026/05/13 23:37:55"
"D:\MYF\SPH\GeoDualSPHysics_v5.2\examples\u-pw\04_Undrained_Triaxial\experiments\T4m_AllSurfaceIsotropicConfinement\figures\t4m_q_proxy_vs_time.png","t4m_q_proxy_vs_time.png",".png","41763","2026/05/13 23:37:54"
"D:\MYF\SPH\GeoDualSPHysics_v5.2\examples\u-pw\04_Undrained_Triaxial\experiments\T4m_AllSurfaceIsotropicConfinement\figures\t4m_q_proxy_vs_time.svg","t4m_q_proxy_vs_time.svg",".svg","44314","2026/05/13 23:37:54"
"D:\MYF\SPH\GeoDualSPHysics_v5.2\examples\u-pw\04_Undrained_Triaxial\experiments\T4m_AllSurfaceIsotropicConfinement\figures\t4m_region_q_all_surface_feedback_off.png","t4m_region_q_all_surface_feedback_off.png",".png","52007","2026/05/13 23:37:55"
"D:\MYF\SPH\GeoDualSPHysics_v5.2\examples\u-pw\04_Undrained_Triaxial\experiments\T4m_AllSurfaceIsotropicConfinement\figures\t4m_region_q_all_surface_feedback_off.svg","t4m_region_q_all_surface_feedback_off.svg",".svg","46834","2026/05/13 23:37:55"
"D:\MYF\SPH\GeoDualSPHysics_v5.2\examples\u-pw\04_Undrained_Triaxial\experiments\T4m_AllSurfaceIsotropicConfinement\figures\t4m_sigma_xx_vs_time.png","t4m_sigma_xx_vs_time.png",".png","46995","2026/05/13 23:37:54"
"D:\MYF\SPH\GeoDualSPHysics_v5.2\examples\u-pw\04_Undrained_Triaxial\experiments\T4m_AllSurfaceIsotropicConfinement\figures\t4m_sigma_xx_vs_time.svg","t4m_sigma_xx_vs_time.svg",".svg","45738","2026/05/13 23:37:54"
"D:\MYF\SPH\GeoDualSPHysics_v5.2\examples\u-pw\04_Undrained_Triaxial\experiments\T4m_AllSurfaceIsotropicConfinement\figures\t4m_sigma_yy_vs_time.png","t4m_sigma_yy_vs_time.png",".png","46952","2026/05/13 23:37:55"
"D:\MYF\SPH\GeoDualSPHysics_v5.2\examples\u-pw\04_Undrained_Triaxial\experiments\T4m_AllSurfaceIsotropicConfinement\figures\t4m_sigma_yy_vs_time.svg","t4m_sigma_yy_vs_time.svg",".svg","45472","2026/05/13 23:37:55"
"D:\MYF\SPH\GeoDualSPHysics_v5.2\examples\u-pw\04_Undrained_Triaxial\experiments\T4m_AllSurfaceIsotropicConfinement\figures\t4m_sigma_zz_vs_time.png","t4m_sigma_zz_vs_time.png",".png","41314","2026/05/13 23:37:55"
"D:\MYF\SPH\GeoDualSPHysics_v5.2\examples\u-pw\04_Undrained_Triaxial\experiments\T4m_AllSurfaceIsotropicConfinement\figures\t4m_sigma_zz_vs_time.svg","t4m_sigma_zz_vs_time.svg",".svg","43975","2026/05/13 23:37:55"
"D:\MYF\SPH\GeoDualSPHysics_v5.2\examples\u-pw\04_Undrained_Triaxial\experiments\T4m_AllSurfaceIsotropicConfinement\figures\t4m_velocity_max_vs_time.png","t4m_velocity_max_vs_time.png",".png","36490","2026/05/13 23:37:55"
"D:\MYF\SPH\GeoDualSPHysics_v5.2\examples\u-pw\04_Undrained_Triaxial\experiments\T4m_AllSurfaceIsotropicConfinement\figures\t4m_velocity_max_vs_time.svg","t4m_velocity_max_vs_time.svg",".svg","42178","2026/05/13 23:37:55"
"D:\MYF\SPH\GeoDualSPHysics_v5.2\examples\u-pw\04_Undrained_Triaxial\experiments\T4m_AllSurfaceIsotropicConfinement\scripts\analyze_t4m_all_surface.py","analyze_t4m_all_surface.py",".py","19060","2026/05/13 23:37:49"
"D:\MYF\SPH\GeoDualSPHysics_v5.2\examples\u-pw\04_Undrained_Triaxial\experiments\T4m_AllSurfaceIsotropicConfinement\t4m_case_summary.csv","t4m_case_summary.csv",".csv","1304","2026/05/13 23:37:54"
"D:\MYF\SPH\GeoDualSPHysics_v5.2\examples\u-pw\04_Undrained_Triaxial\experiments\T4m_AllSurfaceIsotropicConfinement\t4m_confinement_force_balance.csv","t4m_confinement_force_balance.csv",".csv","4752","2026/05/13 23:37:54"
"D:\MYF\SPH\GeoDualSPHysics_v5.2\examples\u-pw\04_Undrained_Triaxial\experiments\T4m_AllSurfaceIsotropicConfinement\t4m_feedback_stability_metrics.csv","t4m_feedback_stability_metrics.csv",".csv","17776","2026/05/13 23:37:54"
"D:\MYF\SPH\GeoDualSPHysics_v5.2\examples\u-pw\04_Undrained_Triaxial\experiments\T4m_AllSurfaceIsotropicConfinement\t4m_hydrostatic_equilibrium_metrics.csv","t4m_hydrostatic_equilibrium_metrics.csv",".csv","24397","2026/05/13 23:37:54"
"D:\MYF\SPH\GeoDualSPHysics_v5.2\examples\u-pw\04_Undrained_Triaxial\experiments\T4m_AllSurfaceIsotropicConfinement\t4m_region_stress_metrics.csv","t4m_region_stress_metrics.csv",".csv","99338","2026/05/13 23:37:54"
"D:\MYF\SPH\GeoDualSPHysics_v5.2\examples\u-pw\04_Undrained_Triaxial\experiments\T4m_AllSurfaceIsotropicConfinement\TriaxialAxialAcc_T4m.csv","TriaxialAxialAcc_T4m.csv",".csv","156","2026/05/13 22:59:40"
"D:\MYF\SPH\GeoDualSPHysics_v5.2\examples\u-pw\04_Undrained_Triaxial\experiments\T4m_AllSurfaceIsotropicConfinement\xRun_CaseT4m_AllSurface_FeedbackDelayed_win64_CPU_release.bat","xRun_CaseT4m_AllSurface_FeedbackDelayed_win64_CPU_release.bat",".bat","523","2026/05/13 23:35:34"
"D:\MYF\SPH\GeoDualSPHysics_v5.2\examples\u-pw\04_Undrained_Triaxial\experiments\T4m_AllSurfaceIsotropicConfinement\xRun_CaseT4m_AllSurface_FeedbackOff_win64_CPU_release.bat","xRun_CaseT4m_AllSurface_FeedbackOff_win64_CPU_release.bat",".bat","519","2026/05/13 23:35:34"
"D:\MYF\SPH\GeoDualSPHysics_v5.2\examples\u-pw\04_Undrained_Triaxial\experiments\T4m_AllSurfaceIsotropicConfinement\xRun_CaseT4m_T4lReference_FeedbackOff_win64_CPU_release.bat","xRun_CaseT4m_T4lReference_FeedbackOff_win64_CPU_release.bat",".bat","521","2026/05/13 23:35:34"
"D:\MYF\SPH\GeoDualSPHysics_v5.2\examples\u-pw\04_Undrained_Triaxial\experiments\T4n_StagedConfinementSwitch\CaseT4n_AllSurface_Reference_FeedbackOff_Def.xml","CaseT4n_AllSurface_Reference_FeedbackOff_Def.xml",".xml","8515","2026/05/13 23:48:08"
"D:\MYF\SPH\GeoDualSPHysics_v5.2\examples\u-pw\04_Undrained_Triaxial\experiments\T4n_StagedConfinementSwitch\CaseT4n_StagedSwitch_FeedbackDelayed_Def.xml","CaseT4n_StagedSwitch_FeedbackDelayed_Def.xml",".xml","8526","2026/05/13 23:48:41"
"D:\MYF\SPH\GeoDualSPHysics_v5.2\examples\u-pw\04_Undrained_Triaxial\experiments\T4n_StagedConfinementSwitch\CaseT4n_StagedSwitch_FeedbackOff_Def.xml","CaseT4n_StagedSwitch_FeedbackOff_Def.xml",".xml","8513","2026/05/13 23:48:15"
"D:\MYF\SPH\GeoDualSPHysics_v5.2\examples\u-pw\04_Undrained_Triaxial\experiments\T4n_StagedConfinementSwitch\figures\t4n_active_targets.png","t4n_active_targets.png",".png","25171","2026/05/13 23:56:40"
"D:\MYF\SPH\GeoDualSPHysics_v5.2\examples\u-pw\04_Undrained_Triaxial\experiments\T4n_StagedConfinementSwitch\figures\t4n_active_targets.svg","t4n_active_targets.svg",".svg","20242","2026/05/13 23:56:40"
"D:\MYF\SPH\GeoDualSPHysics_v5.2\examples\u-pw\04_Undrained_Triaxial\experiments\T4n_StagedConfinementSwitch\figures\t4n_cap_acceleration.png","t4n_cap_acceleration.png",".png","23404","2026/05/13 23:56:41"
"D:\MYF\SPH\GeoDualSPHysics_v5.2\examples\u-pw\04_Undrained_Triaxial\experiments\T4n_StagedConfinementSwitch\figures\t4n_cap_acceleration.svg","t4n_cap_acceleration.svg",".svg","18597","2026/05/13 23:56:41"
"D:\MYF\SPH\GeoDualSPHysics_v5.2\examples\u-pw\04_Undrained_Triaxial\experiments\T4n_StagedConfinementSwitch\figures\t4n_divvel_maxabs_vs_time.png","t4n_divvel_maxabs_vs_time.png",".png","21529","2026/05/13 23:56:40"
"D:\MYF\SPH\GeoDualSPHysics_v5.2\examples\u-pw\04_Undrained_Triaxial\experiments\T4n_StagedConfinementSwitch\figures\t4n_divvel_maxabs_vs_time.svg","t4n_divvel_maxabs_vs_time.svg",".svg","18193","2026/05/13 23:56:40"
"D:\MYF\SPH\GeoDualSPHysics_v5.2\examples\u-pw\04_Undrained_Triaxial\experiments\T4n_StagedConfinementSwitch\figures\t4n_force_symmetry_residual.png","t4n_force_symmetry_residual.png",".png","24359","2026/05/13 23:56:41"
"D:\MYF\SPH\GeoDualSPHysics_v5.2\examples\u-pw\04_Undrained_Triaxial\experiments\T4n_StagedConfinementSwitch\figures\t4n_force_symmetry_residual.svg","t4n_force_symmetry_residual.svg",".svg","20162","2026/05/13 23:56:41"
"D:\MYF\SPH\GeoDualSPHysics_v5.2\examples\u-pw\04_Undrained_Triaxial\experiments\T4n_StagedConfinementSwitch\figures\t4n_lateral_acceleration.png","t4n_lateral_acceleration.png",".png","24449","2026/05/13 23:56:41"
"D:\MYF\SPH\GeoDualSPHysics_v5.2\examples\u-pw\04_Undrained_Triaxial\experiments\T4n_StagedConfinementSwitch\figures\t4n_lateral_acceleration.svg","t4n_lateral_acceleration.svg",".svg","19620","2026/05/13 23:56:40"
"D:\MYF\SPH\GeoDualSPHysics_v5.2\examples\u-pw\04_Undrained_Triaxial\experiments\T4n_StagedConfinementSwitch\figures\t4n_lateral_selector_stage.png","t4n_lateral_selector_stage.png",".png","23514","2026/05/13 23:56:40"
"D:\MYF\SPH\GeoDualSPHysics_v5.2\examples\u-pw\04_Undrained_Triaxial\experiments\T4n_StagedConfinementSwitch\figures\t4n_lateral_selector_stage.svg","t4n_lateral_selector_stage.svg",".svg","18730","2026/05/13 23:56:40"
"D:\MYF\SPH\GeoDualSPHysics_v5.2\examples\u-pw\04_Undrained_Triaxial\experiments\T4n_StagedConfinementSwitch\figures\t4n_negative_pressure_count_vs_time.png","t4n_negative_pressure_count_vs_time.png",".png","24466","2026/05/13 23:56:40"
"D:\MYF\SPH\GeoDualSPHysics_v5.2\examples\u-pw\04_Undrained_Triaxial\experiments\T4n_StagedConfinementSwitch\figures\t4n_negative_pressure_count_vs_time.svg","t4n_negative_pressure_count_vs_time.svg",".svg","20639","2026/05/13 23:56:40"
"D:\MYF\SPH\GeoDualSPHysics_v5.2\examples\u-pw\04_Undrained_Triaxial\experiments\T4n_StagedConfinementSwitch\figures\t4n_p_eff_proxy_vs_time.png","t4n_p_eff_proxy_vs_time.png",".png","24586","2026/05/13 23:56:39"
"D:\MYF\SPH\GeoDualSPHysics_v5.2\examples\u-pw\04_Undrained_Triaxial\experiments\T4n_StagedConfinementSwitch\figures\t4n_p_eff_proxy_vs_time.svg","t4n_p_eff_proxy_vs_time.svg",".svg","20557","2026/05/13 23:56:39"
"D:\MYF\SPH\GeoDualSPHysics_v5.2\examples\u-pw\04_Undrained_Triaxial\experiments\T4n_StagedConfinementSwitch\figures\t4n_pore_pressure_center_vs_time.png","t4n_pore_pressure_center_vs_time.png",".png","24267","2026/05/13 23:56:40"
"D:\MYF\SPH\GeoDualSPHysics_v5.2\examples\u-pw\04_Undrained_Triaxial\experiments\T4n_StagedConfinementSwitch\figures\t4n_pore_pressure_center_vs_time.svg","t4n_pore_pressure_center_vs_time.svg",".svg","20258","2026/05/13 23:56:40"
"D:\MYF\SPH\GeoDualSPHysics_v5.2\examples\u-pw\04_Undrained_Triaxial\experiments\T4n_StagedConfinementSwitch\figures\t4n_porepressrate_maxabs_vs_time.png","t4n_porepressrate_maxabs_vs_time.png",".png","24991","2026/05/13 23:56:40"
"D:\MYF\SPH\GeoDualSPHysics_v5.2\examples\u-pw\04_Undrained_Triaxial\experiments\T4n_StagedConfinementSwitch\figures\t4n_porepressrate_maxabs_vs_time.svg","t4n_porepressrate_maxabs_vs_time.svg",".svg","19573","2026/05/13 23:56:40"
"D:\MYF\SPH\GeoDualSPHysics_v5.2\examples\u-pw\04_Undrained_Triaxial\experiments\T4n_StagedConfinementSwitch\figures\t4n_q_proxy_vs_time.png","t4n_q_proxy_vs_time.png",".png","20212","2026/05/13 23:56:39"
"D:\MYF\SPH\GeoDualSPHysics_v5.2\examples\u-pw\04_Undrained_Triaxial\experiments\T4n_StagedConfinementSwitch\figures\t4n_q_proxy_vs_time.svg","t4n_q_proxy_vs_time.svg",".svg","19345","2026/05/13 23:56:39"
"D:\MYF\SPH\GeoDualSPHysics_v5.2\examples\u-pw\04_Undrained_Triaxial\experiments\T4n_StagedConfinementSwitch\figures\t4n_region_q_staged_switch_feedback_off.png","t4n_region_q_staged_switch_feedback_off.png",".png","22467","2026/05/13 23:56:40"
"D:\MYF\SPH\GeoDualSPHysics_v5.2\examples\u-pw\04_Undrained_Triaxial\experiments\T4n_StagedConfinementSwitch\figures\t4n_region_q_staged_switch_feedback_off.svg","t4n_region_q_staged_switch_feedback_off.svg",".svg","20849","2026/05/13 23:56:40"
"D:\MYF\SPH\GeoDualSPHysics_v5.2\examples\u-pw\04_Undrained_Triaxial\experiments\T4n_StagedConfinementSwitch\figures\t4n_sigma_xx_vs_time.png","t4n_sigma_xx_vs_time.png",".png","22543","2026/05/13 23:56:40"
"D:\MYF\SPH\GeoDualSPHysics_v5.2\examples\u-pw\04_Undrained_Triaxial\experiments\T4n_StagedConfinementSwitch\figures\t4n_sigma_xx_vs_time.svg","t4n_sigma_xx_vs_time.svg",".svg","18768","2026/05/13 23:56:39"
"D:\MYF\SPH\GeoDualSPHysics_v5.2\examples\u-pw\04_Undrained_Triaxial\experiments\T4n_StagedConfinementSwitch\figures\t4n_sigma_yy_vs_time.png","t4n_sigma_yy_vs_time.png",".png","22551","2026/05/13 23:56:40"
"D:\MYF\SPH\GeoDualSPHysics_v5.2\examples\u-pw\04_Undrained_Triaxial\experiments\T4n_StagedConfinementSwitch\figures\t4n_sigma_yy_vs_time.svg","t4n_sigma_yy_vs_time.svg",".svg","18847","2026/05/13 23:56:40"
"D:\MYF\SPH\GeoDualSPHysics_v5.2\examples\u-pw\04_Undrained_Triaxial\experiments\T4n_StagedConfinementSwitch\figures\t4n_sigma_zz_vs_time.png","t4n_sigma_zz_vs_time.png",".png","22249","2026/05/13 23:56:40"
"D:\MYF\SPH\GeoDualSPHysics_v5.2\examples\u-pw\04_Undrained_Triaxial\experiments\T4n_StagedConfinementSwitch\figures\t4n_sigma_zz_vs_time.svg","t4n_sigma_zz_vs_time.svg",".svg","18741","2026/05/13 23:56:40"
"D:\MYF\SPH\GeoDualSPHysics_v5.2\examples\u-pw\04_Undrained_Triaxial\experiments\T4n_StagedConfinementSwitch\figures\t4n_velocity_max_vs_time.png","t4n_velocity_max_vs_time.png",".png","22243","2026/05/13 23:56:40"
"D:\MYF\SPH\GeoDualSPHysics_v5.2\examples\u-pw\04_Undrained_Triaxial\experiments\T4n_StagedConfinementSwitch\figures\t4n_velocity_max_vs_time.svg","t4n_velocity_max_vs_time.svg",".svg","18781","2026/05/13 23:56:40"
"D:\MYF\SPH\GeoDualSPHysics_v5.2\examples\u-pw\04_Undrained_Triaxial\experiments\T4n_StagedConfinementSwitch\scripts\analyze_t4n_switch.py","analyze_t4n_switch.py",".py","21176","2026/05/13 23:56:31"
"D:\MYF\SPH\GeoDualSPHysics_v5.2\examples\u-pw\04_Undrained_Triaxial\experiments\T4n_StagedConfinementSwitch\t4n_axial_smoke_metrics.csv","t4n_axial_smoke_metrics.csv",".csv","20","2026/05/13 23:56:39"
"D:\MYF\SPH\GeoDualSPHysics_v5.2\examples\u-pw\04_Undrained_Triaxial\experiments\T4n_StagedConfinementSwitch\t4n_case_summary.csv","t4n_case_summary.csv",".csv","1201","2026/05/13 23:56:39"
"D:\MYF\SPH\GeoDualSPHysics_v5.2\examples\u-pw\04_Undrained_Triaxial\experiments\T4n_StagedConfinementSwitch\t4n_equilibrium_switch_metrics.csv","t4n_equilibrium_switch_metrics.csv",".csv","2","2026/05/13 23:56:39"
"D:\MYF\SPH\GeoDualSPHysics_v5.2\examples\u-pw\04_Undrained_Triaxial\experiments\T4n_StagedConfinementSwitch\t4n_feedback_gate_metrics.csv","t4n_feedback_gate_metrics.csv",".csv","2","2026/05/13 23:56:39"
"D:\MYF\SPH\GeoDualSPHysics_v5.2\examples\u-pw\04_Undrained_Triaxial\experiments\T4n_StagedConfinementSwitch\t4n_region_stress_metrics.csv","t4n_region_stress_metrics.csv",".csv","2","2026/05/13 23:56:39"
"D:\MYF\SPH\GeoDualSPHysics_v5.2\examples\u-pw\04_Undrained_Triaxial\experiments\T4n_StagedConfinementSwitch\t4n_selector_stage_metrics.csv","t4n_selector_stage_metrics.csv",".csv","2","2026/05/13 23:56:39"
"D:\MYF\SPH\GeoDualSPHysics_v5.2\examples\u-pw\04_Undrained_Triaxial\experiments\T4n_StagedConfinementSwitch\TriaxialAxialAcc_T4n.csv","TriaxialAxialAcc_T4n.csv",".csv","156","2026/05/13 22:59:40"
"D:\MYF\SPH\GeoDualSPHysics_v5.2\examples\u-pw\04_Undrained_Triaxial\experiments\T4n_StagedConfinementSwitch\xRun_CaseT4n_AllSurface_Reference_FeedbackOff_win64_CPU_release.bat","xRun_CaseT4n_AllSurface_Reference_FeedbackOff_win64_CPU_release.bat",".bat","529","2026/05/13 23:49:07"
"D:\MYF\SPH\GeoDualSPHysics_v5.2\examples\u-pw\04_Undrained_Triaxial\experiments\T4n_StagedConfinementSwitch\xRun_CaseT4n_StagedSwitch_FeedbackDelayed_win64_CPU_release.bat","xRun_CaseT4n_StagedSwitch_FeedbackDelayed_win64_CPU_release.bat",".bat","525","2026/05/13 23:49:07"
"D:\MYF\SPH\GeoDualSPHysics_v5.2\examples\u-pw\04_Undrained_Triaxial\experiments\T4n_StagedConfinementSwitch\xRun_CaseT4n_StagedSwitch_FeedbackOff_win64_CPU_release.bat","xRun_CaseT4n_StagedSwitch_FeedbackOff_win64_CPU_release.bat",".bat","521","2026/05/13 23:49:07"
"D:\MYF\SPH\GeoDualSPHysics_v5.2\examples\u-pw\04_Undrained_Triaxial\experiments\T4n2_RestartEquilibriumAudit\analyze_t4n2_restart_equilibrium.py","analyze_t4n2_restart_equilibrium.py",".py","14546","2026/05/14 0:20:17"
"D:\MYF\SPH\GeoDualSPHysics_v5.2\examples\u-pw\04_Undrained_Triaxial\experiments\T4n2_RestartEquilibriumAudit\CaseT4n2_Fresh_Lateral_FeedbackOff_Def.xml","CaseT4n2_Fresh_Lateral_FeedbackOff_Def.xml",".xml","8503","2026/05/14 0:16:21"
"D:\MYF\SPH\GeoDualSPHysics_v5.2\examples\u-pw\04_Undrained_Triaxial\experiments\T4n2_RestartEquilibriumAudit\CaseT4n2_StageA_AllSurface_FeedbackOff_Def.xml","CaseT4n2_StageA_AllSurface_FeedbackOff_Def.xml",".xml","8448","2026/05/14 0:16:21"
"D:\MYF\SPH\GeoDualSPHysics_v5.2\examples\u-pw\04_Undrained_Triaxial\experiments\T4n2_RestartEquilibriumAudit\CaseT4n2_StageB_Restart_Lateral_FeedbackOff_Def.xml","CaseT4n2_StageB_Restart_Lateral_FeedbackOff_Def.xml",".xml","8524","2026/05/14 0:16:21"
"D:\MYF\SPH\GeoDualSPHysics_v5.2\examples\u-pw\04_Undrained_Triaxial\experiments\T4n2_RestartEquilibriumAudit\CaseT4n2_StageC_Restart_Lateral_FeedbackDelayed_Def.xml","CaseT4n2_StageC_Restart_Lateral_FeedbackDelayed_Def.xml",".xml","8522","2026/05/14 0:16:21"
"D:\MYF\SPH\GeoDualSPHysics_v5.2\examples\u-pw\04_Undrained_Triaxial\experiments\T4n2_RestartEquilibriumAudit\figures\t4n2_divvel_maxabs_vs_part.png","t4n2_divvel_maxabs_vs_part.png",".png","23848","2026/05/14 0:20:24"
"D:\MYF\SPH\GeoDualSPHysics_v5.2\examples\u-pw\04_Undrained_Triaxial\experiments\T4n2_RestartEquilibriumAudit\figures\t4n2_divvel_maxabs_vs_part.svg","t4n2_divvel_maxabs_vs_part.svg",".svg","49112","2026/05/14 0:20:24"
"D:\MYF\SPH\GeoDualSPHysics_v5.2\examples\u-pw\04_Undrained_Triaxial\experiments\T4n2_RestartEquilibriumAudit\figures\t4n2_negative_pressure_count_vs_part.png","t4n2_negative_pressure_count_vs_part.png",".png","40574","2026/05/14 0:20:25"
"D:\MYF\SPH\GeoDualSPHysics_v5.2\examples\u-pw\04_Undrained_Triaxial\experiments\T4n2_RestartEquilibriumAudit\figures\t4n2_negative_pressure_count_vs_part.svg","t4n2_negative_pressure_count_vs_part.svg",".svg","50367","2026/05/14 0:20:25"
"D:\MYF\SPH\GeoDualSPHysics_v5.2\examples\u-pw\04_Undrained_Triaxial\experiments\T4n2_RestartEquilibriumAudit\figures\t4n2_p_eff_vs_part.png","t4n2_p_eff_vs_part.png",".png","27931","2026/05/14 0:20:23"
"D:\MYF\SPH\GeoDualSPHysics_v5.2\examples\u-pw\04_Undrained_Triaxial\experiments\T4n2_RestartEquilibriumAudit\figures\t4n2_p_eff_vs_part.svg","t4n2_p_eff_vs_part.svg",".svg","49750","2026/05/14 0:20:23"
"D:\MYF\SPH\GeoDualSPHysics_v5.2\examples\u-pw\04_Undrained_Triaxial\experiments\T4n2_RestartEquilibriumAudit\figures\t4n2_porepress_mean_vs_part.png","t4n2_porepress_mean_vs_part.png",".png","29095","2026/05/14 0:20:24"
"D:\MYF\SPH\GeoDualSPHysics_v5.2\examples\u-pw\04_Undrained_Triaxial\experiments\T4n2_RestartEquilibriumAudit\figures\t4n2_porepress_mean_vs_part.svg","t4n2_porepress_mean_vs_part.svg",".svg","53508","2026/05/14 0:20:24"
"D:\MYF\SPH\GeoDualSPHysics_v5.2\examples\u-pw\04_Undrained_Triaxial\experiments\T4n2_RestartEquilibriumAudit\figures\t4n2_porepressrate_maxabs_vs_part.png","t4n2_porepressrate_maxabs_vs_part.png",".png","26297","2026/05/14 0:20:24"
"D:\MYF\SPH\GeoDualSPHysics_v5.2\examples\u-pw\04_Undrained_Triaxial\experiments\T4n2_RestartEquilibriumAudit\figures\t4n2_porepressrate_maxabs_vs_part.svg","t4n2_porepressrate_maxabs_vs_part.svg",".svg","51780","2026/05/14 0:20:24"
"D:\MYF\SPH\GeoDualSPHysics_v5.2\examples\u-pw\04_Undrained_Triaxial\experiments\T4n2_RestartEquilibriumAudit\figures\t4n2_q_vs_part.png","t4n2_q_vs_part.png",".png","25425","2026/05/14 0:20:24"
"D:\MYF\SPH\GeoDualSPHysics_v5.2\examples\u-pw\04_Undrained_Triaxial\experiments\T4n2_RestartEquilibriumAudit\figures\t4n2_q_vs_part.svg","t4n2_q_vs_part.svg",".svg","50469","2026/05/14 0:20:24"
"D:\MYF\SPH\GeoDualSPHysics_v5.2\examples\u-pw\04_Undrained_Triaxial\experiments\T4n2_RestartEquilibriumAudit\figures\t4n2_velocity_max_vs_part.png","t4n2_velocity_max_vs_part.png",".png","22629","2026/05/14 0:20:24"
"D:\MYF\SPH\GeoDualSPHysics_v5.2\examples\u-pw\04_Undrained_Triaxial\experiments\T4n2_RestartEquilibriumAudit\figures\t4n2_velocity_max_vs_part.svg","t4n2_velocity_max_vs_part.svg",".svg","48640","2026/05/14 0:20:24"
"D:\MYF\SPH\GeoDualSPHysics_v5.2\examples\u-pw\04_Undrained_Triaxial\experiments\T4n2_RestartEquilibriumAudit\README.md","README.md",".md","1017","2026/05/14 0:21:42"
"D:\MYF\SPH\GeoDualSPHysics_v5.2\examples\u-pw\04_Undrained_Triaxial\experiments\T4n2_RestartEquilibriumAudit\t4n2_case_summary.csv","t4n2_case_summary.csv",".csv","1380","2026/05/14 0:20:23"
"D:\MYF\SPH\GeoDualSPHysics_v5.2\examples\u-pw\04_Undrained_Triaxial\experiments\T4n2_RestartEquilibriumAudit\t4n2_feedback_diagnostics.csv","t4n2_feedback_diagnostics.csv",".csv","4882","2026/05/14 0:20:23"
"D:\MYF\SPH\GeoDualSPHysics_v5.2\examples\u-pw\04_Undrained_Triaxial\experiments\T4n2_RestartEquilibriumAudit\t4n2_feedback_gate_metrics.csv","t4n2_feedback_gate_metrics.csv",".csv","5667","2026/05/14 0:20:22"
"D:\MYF\SPH\GeoDualSPHysics_v5.2\examples\u-pw\04_Undrained_Triaxial\experiments\T4n2_RestartEquilibriumAudit\t4n2_restart_state_continuity.csv","t4n2_restart_state_continuity.csv",".csv","438","2026/05/14 0:20:23"
"D:\MYF\SPH\GeoDualSPHysics_v5.2\examples\u-pw\04_Undrained_Triaxial\experiments\T4n2_RestartEquilibriumAudit\t4n2_restart_vs_fresh_comparison.csv","t4n2_restart_vs_fresh_comparison.csv",".csv","15118","2026/05/14 0:20:22"
"D:\MYF\SPH\GeoDualSPHysics_v5.2\examples\u-pw\04_Undrained_Triaxial\experiments\T4n2_RestartEquilibriumAudit\t4n2_selector_stage_metrics.csv","t4n2_selector_stage_metrics.csv",".csv","1997","2026/05/14 0:20:23"
"D:\MYF\SPH\GeoDualSPHysics_v5.2\examples\u-pw\04_Undrained_Triaxial\experiments\T4n2_RestartEquilibriumAudit\t4n2_stageA_equilibrium_metrics.csv","t4n2_stageA_equilibrium_metrics.csv",".csv","9628","2026/05/14 0:20:22"
"D:\MYF\SPH\GeoDualSPHysics_v5.2\examples\u-pw\04_Undrained_Triaxial\experiments\T4n2_RestartEquilibriumAudit\t4n2_stageB_switch_metrics.csv","t4n2_stageB_switch_metrics.csv",".csv","5685","2026/05/14 0:20:22"
"D:\MYF\SPH\GeoDualSPHysics_v5.2\examples\u-pw\04_Undrained_Triaxial\experiments\T4n2_RestartEquilibriumAudit\xRun_CaseT4n2_Fresh_Lateral_FeedbackOff_win64_CPU_release.bat","xRun_CaseT4n2_Fresh_Lateral_FeedbackOff_win64_CPU_release.bat",".bat","538","2026/05/14 0:16:57"
"D:\MYF\SPH\GeoDualSPHysics_v5.2\examples\u-pw\04_Undrained_Triaxial\experiments\T4n2_RestartEquilibriumAudit\xRun_CaseT4n2_StageA_AllSurface_FeedbackOff_win64_CPU_release.bat","xRun_CaseT4n2_StageA_AllSurface_FeedbackOff_win64_CPU_release.bat",".bat","536","2026/05/14 0:16:57"
"D:\MYF\SPH\GeoDualSPHysics_v5.2\examples\u-pw\04_Undrained_Triaxial\experiments\T4n2_RestartEquilibriumAudit\xRun_CaseT4n2_StageB_Restart_Lateral_FeedbackOff_win64_CPU_release.bat","xRun_CaseT4n2_StageB_Restart_Lateral_FeedbackOff_win64_CPU_release.bat",".bat","698","2026/05/14 0:17:20"
"D:\MYF\SPH\GeoDualSPHysics_v5.2\examples\u-pw\04_Undrained_Triaxial\experiments\T4n2_RestartEquilibriumAudit\xRun_CaseT4n2_StageC_Restart_Lateral_FeedbackDelayed_win64_CPU_release.bat","xRun_CaseT4n2_StageC_Restart_Lateral_FeedbackDelayed_win64_CPU_release.bat",".bat","719","2026/05/14 0:17:20"
"D:\MYF\SPH\GeoDualSPHysics_v5.2\examples\u-pw\04_Undrained_Triaxial\experiments\T4o_CapSupportStagedLoading\analyze_t4o_cap_support_staging.py","analyze_t4o_cap_support_staging.py",".py","25586","2026/05/14 0:32:38"
"D:\MYF\SPH\GeoDualSPHysics_v5.2\examples\u-pw\04_Undrained_Triaxial\experiments\T4o_CapSupportStagedLoading\CaseT4o_StageA_AllSurface_FeedbackOff_Def.xml","CaseT4o_StageA_AllSurface_FeedbackOff_Def.xml",".xml","8447","2026/05/14 0:26:50"
"D:\MYF\SPH\GeoDualSPHysics_v5.2\examples\u-pw\04_Undrained_Triaxial\experiments\T4o_CapSupportStagedLoading\CaseT4o_StageB_Restart_LateralCap_FeedbackOff_Def.xml","CaseT4o_StageB_Restart_LateralCap_FeedbackOff_Def.xml",".xml","8548","2026/05/14 0:26:50"
"D:\MYF\SPH\GeoDualSPHysics_v5.2\examples\u-pw\04_Undrained_Triaxial\experiments\T4o_CapSupportStagedLoading\CaseT4o_StageC_Restart_LateralCap_FeedbackDelayed_Def.xml","CaseT4o_StageC_Restart_LateralCap_FeedbackDelayed_Def.xml",".xml","8546","2026/05/14 0:26:50"
"D:\MYF\SPH\GeoDualSPHysics_v5.2\examples\u-pw\04_Undrained_Triaxial\experiments\T4o_CapSupportStagedLoading\figures\t4o_cap_support_acceleration.png","t4o_cap_support_acceleration.png",".png","57675","2026/05/14 0:32:46"
"D:\MYF\SPH\GeoDualSPHysics_v5.2\examples\u-pw\04_Undrained_Triaxial\experiments\T4o_CapSupportStagedLoading\figures\t4o_cap_support_acceleration.svg","t4o_cap_support_acceleration.svg",".svg","53530","2026/05/14 0:32:46"
"D:\MYF\SPH\GeoDualSPHysics_v5.2\examples\u-pw\04_Undrained_Triaxial\experiments\T4o_CapSupportStagedLoading\figures\t4o_divvel_maxabs_vs_time.png","t4o_divvel_maxabs_vs_time.png",".png","55060","2026/05/14 0:32:45"
"D:\MYF\SPH\GeoDualSPHysics_v5.2\examples\u-pw\04_Undrained_Triaxial\experiments\T4o_CapSupportStagedLoading\figures\t4o_divvel_maxabs_vs_time.svg","t4o_divvel_maxabs_vs_time.svg",".svg","51538","2026/05/14 0:32:46"
"D:\MYF\SPH\GeoDualSPHysics_v5.2\examples\u-pw\04_Undrained_Triaxial\experiments\T4o_CapSupportStagedLoading\figures\t4o_feedback_acceleration.png","t4o_feedback_acceleration.png",".png","55118","2026/05/14 0:32:47"
"D:\MYF\SPH\GeoDualSPHysics_v5.2\examples\u-pw\04_Undrained_Triaxial\experiments\T4o_CapSupportStagedLoading\figures\t4o_feedback_acceleration.svg","t4o_feedback_acceleration.svg",".svg","39750","2026/05/14 0:32:47"
"D:\MYF\SPH\GeoDualSPHysics_v5.2\examples\u-pw\04_Undrained_Triaxial\experiments\T4o_CapSupportStagedLoading\figures\t4o_lateral_acceleration.png","t4o_lateral_acceleration.png",".png","49558","2026/05/14 0:32:46"
"D:\MYF\SPH\GeoDualSPHysics_v5.2\examples\u-pw\04_Undrained_Triaxial\experiments\T4o_CapSupportStagedLoading\figures\t4o_lateral_acceleration.svg","t4o_lateral_acceleration.svg",".svg","42034","2026/05/14 0:32:46"
"D:\MYF\SPH\GeoDualSPHysics_v5.2\examples\u-pw\04_Undrained_Triaxial\experiments\T4o_CapSupportStagedLoading\figures\t4o_negative_pressure_count_vs_time.png","t4o_negative_pressure_count_vs_time.png",".png","77406","2026/05/14 0:32:46"
"D:\MYF\SPH\GeoDualSPHysics_v5.2\examples\u-pw\04_Undrained_Triaxial\experiments\T4o_CapSupportStagedLoading\figures\t4o_negative_pressure_count_vs_time.svg","t4o_negative_pressure_count_vs_time.svg",".svg","44213","2026/05/14 0:32:46"
"D:\MYF\SPH\GeoDualSPHysics_v5.2\examples\u-pw\04_Undrained_Triaxial\experiments\T4o_CapSupportStagedLoading\figures\t4o_p_eff_vs_time.png","t4o_p_eff_vs_time.png",".png","49607","2026/05/14 0:32:44"
"D:\MYF\SPH\GeoDualSPHysics_v5.2\examples\u-pw\04_Undrained_Triaxial\experiments\T4o_CapSupportStagedLoading\figures\t4o_p_eff_vs_time.svg","t4o_p_eff_vs_time.svg",".svg","43359","2026/05/14 0:32:44"
"D:\MYF\SPH\GeoDualSPHysics_v5.2\examples\u-pw\04_Undrained_Triaxial\experiments\T4o_CapSupportStagedLoading\figures\t4o_pore_pressure_vs_time.png","t4o_pore_pressure_vs_time.png",".png","58913","2026/05/14 0:32:44"
"D:\MYF\SPH\GeoDualSPHysics_v5.2\examples\u-pw\04_Undrained_Triaxial\experiments\T4o_CapSupportStagedLoading\figures\t4o_pore_pressure_vs_time.svg","t4o_pore_pressure_vs_time.svg",".svg","45760","2026/05/14 0:32:44"
"D:\MYF\SPH\GeoDualSPHysics_v5.2\examples\u-pw\04_Undrained_Triaxial\experiments\T4o_CapSupportStagedLoading\figures\t4o_porepressrate_maxabs_vs_time.png","t4o_porepressrate_maxabs_vs_time.png",".png","58902","2026/05/14 0:32:45"
"D:\MYF\SPH\GeoDualSPHysics_v5.2\examples\u-pw\04_Undrained_Triaxial\experiments\T4o_CapSupportStagedLoading\figures\t4o_porepressrate_maxabs_vs_time.svg","t4o_porepressrate_maxabs_vs_time.svg",".svg","53183","2026/05/14 0:32:45"
"D:\MYF\SPH\GeoDualSPHysics_v5.2\examples\u-pw\04_Undrained_Triaxial\experiments\T4o_CapSupportStagedLoading\figures\t4o_q_vs_time.png","t4o_q_vs_time.png",".png","49687","2026/05/14 0:32:44"
"D:\MYF\SPH\GeoDualSPHysics_v5.2\examples\u-pw\04_Undrained_Triaxial\experiments\T4o_CapSupportStagedLoading\figures\t4o_q_vs_time.svg","t4o_q_vs_time.svg",".svg","44253","2026/05/14 0:32:44"
"D:\MYF\SPH\GeoDualSPHysics_v5.2\examples\u-pw\04_Undrained_Triaxial\experiments\T4o_CapSupportStagedLoading\figures\t4o_region_wise_q.png","t4o_region_wise_q.png",".png","47753","2026/05/14 0:32:46"
"D:\MYF\SPH\GeoDualSPHysics_v5.2\examples\u-pw\04_Undrained_Triaxial\experiments\T4o_CapSupportStagedLoading\figures\t4o_region_wise_q.svg","t4o_region_wise_q.svg",".svg","35606","2026/05/14 0:32:46"
"D:\MYF\SPH\GeoDualSPHysics_v5.2\examples\u-pw\04_Undrained_Triaxial\experiments\T4o_CapSupportStagedLoading\figures\t4o_velocity_max_vs_time.png","t4o_velocity_max_vs_time.png",".png","54222","2026/05/14 0:32:45"
"D:\MYF\SPH\GeoDualSPHysics_v5.2\examples\u-pw\04_Undrained_Triaxial\experiments\T4o_CapSupportStagedLoading\figures\t4o_velocity_max_vs_time.svg","t4o_velocity_max_vs_time.svg",".svg","50551","2026/05/14 0:32:45"
"D:\MYF\SPH\GeoDualSPHysics_v5.2\examples\u-pw\04_Undrained_Triaxial\experiments\T4o_CapSupportStagedLoading\t4o_axial_smoke_metrics.csv","t4o_axial_smoke_metrics.csv",".csv","53","2026/05/14 0:32:43"
"D:\MYF\SPH\GeoDualSPHysics_v5.2\examples\u-pw\04_Undrained_Triaxial\experiments\T4o_CapSupportStagedLoading\t4o_cap_support_metrics.csv","t4o_cap_support_metrics.csv",".csv","1587","2026/05/14 0:32:43"
"D:\MYF\SPH\GeoDualSPHysics_v5.2\examples\u-pw\04_Undrained_Triaxial\experiments\T4o_CapSupportStagedLoading\t4o_cap_support_transition_metrics.csv","t4o_cap_support_transition_metrics.csv",".csv","636","2026/05/14 0:32:43"
"D:\MYF\SPH\GeoDualSPHysics_v5.2\examples\u-pw\04_Undrained_Triaxial\experiments\T4o_CapSupportStagedLoading\t4o_case_summary.csv","t4o_case_summary.csv",".csv","1116","2026/05/14 0:32:43"
"D:\MYF\SPH\GeoDualSPHysics_v5.2\examples\u-pw\04_Undrained_Triaxial\experiments\T4o_CapSupportStagedLoading\t4o_feedback_diagnostics.csv","t4o_feedback_diagnostics.csv",".csv","4651","2026/05/14 0:32:43"
"D:\MYF\SPH\GeoDualSPHysics_v5.2\examples\u-pw\04_Undrained_Triaxial\experiments\T4o_CapSupportStagedLoading\t4o_feedback_gate_metrics.csv","t4o_feedback_gate_metrics.csv",".csv","635","2026/05/14 0:32:43"
"D:\MYF\SPH\GeoDualSPHysics_v5.2\examples\u-pw\04_Undrained_Triaxial\experiments\T4o_CapSupportStagedLoading\t4o_lateral_confinement_metrics.csv","t4o_lateral_confinement_metrics.csv",".csv","2304","2026/05/14 0:32:43"
"D:\MYF\SPH\GeoDualSPHysics_v5.2\examples\u-pw\04_Undrained_Triaxial\experiments\T4o_CapSupportStagedLoading\t4o_region_stress_metrics.csv","t4o_region_stress_metrics.csv",".csv","2215","2026/05/14 0:32:43"
"D:\MYF\SPH\GeoDualSPHysics_v5.2\examples\u-pw\04_Undrained_Triaxial\experiments\T4o_CapSupportStagedLoading\t4o_restart_continuity_metrics.csv","t4o_restart_continuity_metrics.csv",".csv","412","2026/05/14 0:32:43"
"D:\MYF\SPH\GeoDualSPHysics_v5.2\examples\u-pw\04_Undrained_Triaxial\experiments\T4o_CapSupportStagedLoading\t4o_stageA_all_surface_frame_metrics.csv","t4o_stageA_all_surface_frame_metrics.csv",".csv","7937","2026/05/14 0:32:43"
"D:\MYF\SPH\GeoDualSPHysics_v5.2\examples\u-pw\04_Undrained_Triaxial\experiments\T4o_CapSupportStagedLoading\t4o_stageB_equilibrium_metrics.csv","t4o_stageB_equilibrium_metrics.csv",".csv","627","2026/05/14 0:32:43"
"D:\MYF\SPH\GeoDualSPHysics_v5.2\examples\u-pw\04_Undrained_Triaxial\experiments\T4o_CapSupportStagedLoading\t4o_stageB_lateral_cap_frame_metrics.csv","t4o_stageB_lateral_cap_frame_metrics.csv",".csv","4527","2026/05/14 0:32:43"
"D:\MYF\SPH\GeoDualSPHysics_v5.2\examples\u-pw\04_Undrained_Triaxial\experiments\T4o_CapSupportStagedLoading\t4o_stageC_delayed_feedback_frame_metrics.csv","t4o_stageC_delayed_feedback_frame_metrics.csv",".csv","4559","2026/05/14 0:32:43"
"D:\MYF\SPH\GeoDualSPHysics_v5.2\examples\u-pw\04_Undrained_Triaxial\experiments\T4o_CapSupportStagedLoading\xRun_CaseT4o_StageA_AllSurface_FeedbackOff_win64_CPU_release.bat","xRun_CaseT4o_StageA_AllSurface_FeedbackOff_win64_CPU_release.bat",".bat","534","2026/05/14 0:27:10"
"D:\MYF\SPH\GeoDualSPHysics_v5.2\examples\u-pw\04_Undrained_Triaxial\experiments\T4o_CapSupportStagedLoading\xRun_CaseT4o_StageB_Restart_LateralCap_FeedbackOff_win64_CPU_release.bat","xRun_CaseT4o_StageB_Restart_LateralCap_FeedbackOff_win64_CPU_release.bat",".bat","698","2026/05/14 0:27:10"
"D:\MYF\SPH\GeoDualSPHysics_v5.2\examples\u-pw\04_Undrained_Triaxial\experiments\T4o_CapSupportStagedLoading\xRun_CaseT4o_StageC_Restart_LateralCap_FeedbackDelayed_win64_CPU_release.bat","xRun_CaseT4o_StageC_Restart_LateralCap_FeedbackDelayed_win64_CPU_release.bat",".bat","719","2026/05/14 0:27:10"
"D:\MYF\SPH\GeoDualSPHysics_v5.2\examples\u-pw\04_Undrained_Triaxial\experiments\T4q_PlatenBoundaryWorkflow\analyze_t4q_platen_workflow.py","analyze_t4q_platen_workflow.py",".py","18356","2026/05/14 0:58:44"
"D:\MYF\SPH\GeoDualSPHysics_v5.2\examples\u-pw\04_Undrained_Triaxial\experiments\T4q_PlatenBoundaryWorkflow\CaseT4q_PlatenGeometry_NoLoad_Def.xml","CaseT4q_PlatenGeometry_NoLoad_Def.xml",".xml","5721","2026/05/14 0:55:09"
"D:\MYF\SPH\GeoDualSPHysics_v5.2\examples\u-pw\04_Undrained_Triaxial\experiments\T4q_PlatenBoundaryWorkflow\CaseT4q_TopVelocity_LateralConfinement_Def.xml","CaseT4q_TopVelocity_LateralConfinement_Def.xml",".xml","7432","2026/05/14 0:55:09"
"D:\MYF\SPH\GeoDualSPHysics_v5.2\examples\u-pw\04_Undrained_Triaxial\experiments\T4q_PlatenBoundaryWorkflow\CaseT4q_TopVelocity_NoConfinement_Def.xml","CaseT4q_TopVelocity_NoConfinement_Def.xml",".xml","5975","2026/05/14 0:55:09"
"D:\MYF\SPH\GeoDualSPHysics_v5.2\examples\u-pw\04_Undrained_Triaxial\experiments\T4q_PlatenBoundaryWorkflow\figures\t4q_bottom_platen_displacement.png","t4q_bottom_platen_displacement.png",".png","38776","2026/05/14 0:58:51"
"D:\MYF\SPH\GeoDualSPHysics_v5.2\examples\u-pw\04_Undrained_Triaxial\experiments\T4q_PlatenBoundaryWorkflow\figures\t4q_bottom_platen_displacement.svg","t4q_bottom_platen_displacement.svg",".svg","33412","2026/05/14 0:58:51"
"D:\MYF\SPH\GeoDualSPHysics_v5.2\examples\u-pw\04_Undrained_Triaxial\experiments\T4q_PlatenBoundaryWorkflow\figures\t4q_divvel_maxabs.png","t4q_divvel_maxabs.png",".png","62856","2026/05/14 0:58:52"
"D:\MYF\SPH\GeoDualSPHysics_v5.2\examples\u-pw\04_Undrained_Triaxial\experiments\T4q_PlatenBoundaryWorkflow\figures\t4q_divvel_maxabs.svg","t4q_divvel_maxabs.svg",".svg","36131","2026/05/14 0:58:52"
"D:\MYF\SPH\GeoDualSPHysics_v5.2\examples\u-pw\04_Undrained_Triaxial\experiments\T4q_PlatenBoundaryWorkflow\figures\t4q_group_counts.png","t4q_group_counts.png",".png","46087","2026/05/14 0:58:52"
"D:\MYF\SPH\GeoDualSPHysics_v5.2\examples\u-pw\04_Undrained_Triaxial\experiments\T4q_PlatenBoundaryWorkflow\figures\t4q_group_counts.svg","t4q_group_counts.svg",".svg","26805","2026/05/14 0:58:52"
"D:\MYF\SPH\GeoDualSPHysics_v5.2\examples\u-pw\04_Undrained_Triaxial\experiments\T4q_PlatenBoundaryWorkflow\figures\t4q_lateral_confinement_accel.png","t4q_lateral_confinement_accel.png",".png","39759","2026/05/14 0:58:52"
"D:\MYF\SPH\GeoDualSPHysics_v5.2\examples\u-pw\04_Undrained_Triaxial\experiments\T4q_PlatenBoundaryWorkflow\figures\t4q_lateral_confinement_accel.svg","t4q_lateral_confinement_accel.svg",".svg","27912","2026/05/14 0:58:52"
"D:\MYF\SPH\GeoDualSPHysics_v5.2\examples\u-pw\04_Undrained_Triaxial\experiments\T4q_PlatenBoundaryWorkflow\figures\t4q_pore_pressure.png","t4q_pore_pressure.png",".png","64677","2026/05/14 0:58:51"
"D:\MYF\SPH\GeoDualSPHysics_v5.2\examples\u-pw\04_Undrained_Triaxial\experiments\T4q_PlatenBoundaryWorkflow\figures\t4q_pore_pressure.svg","t4q_pore_pressure.svg",".svg","34646","2026/05/14 0:58:51"
"D:\MYF\SPH\GeoDualSPHysics_v5.2\examples\u-pw\04_Undrained_Triaxial\experiments\T4q_PlatenBoundaryWorkflow\figures\t4q_porepressrate_maxabs.png","t4q_porepressrate_maxabs.png",".png","64860","2026/05/14 0:58:51"
"D:\MYF\SPH\GeoDualSPHysics_v5.2\examples\u-pw\04_Undrained_Triaxial\experiments\T4q_PlatenBoundaryWorkflow\figures\t4q_porepressrate_maxabs.svg","t4q_porepressrate_maxabs.svg",".svg","38065","2026/05/14 0:58:51"
"D:\MYF\SPH\GeoDualSPHysics_v5.2\examples\u-pw\04_Undrained_Triaxial\experiments\T4q_PlatenBoundaryWorkflow\figures\t4q_specimen_axial_strain.png","t4q_specimen_axial_strain.png",".png","59833","2026/05/14 0:58:51"
"D:\MYF\SPH\GeoDualSPHysics_v5.2\examples\u-pw\04_Undrained_Triaxial\experiments\T4q_PlatenBoundaryWorkflow\figures\t4q_specimen_axial_strain.svg","t4q_specimen_axial_strain.svg",".svg","36042","2026/05/14 0:58:51"
"D:\MYF\SPH\GeoDualSPHysics_v5.2\examples\u-pw\04_Undrained_Triaxial\experiments\T4q_PlatenBoundaryWorkflow\figures\t4q_top_platen_displacement.png","t4q_top_platen_displacement.png",".png","55066","2026/05/14 0:58:50"
"D:\MYF\SPH\GeoDualSPHysics_v5.2\examples\u-pw\04_Undrained_Triaxial\experiments\T4q_PlatenBoundaryWorkflow\figures\t4q_top_platen_displacement.svg","t4q_top_platen_displacement.svg",".svg","34692","2026/05/14 0:58:50"
"D:\MYF\SPH\GeoDualSPHysics_v5.2\examples\u-pw\04_Undrained_Triaxial\experiments\T4q_PlatenBoundaryWorkflow\figures\t4q_top_platen_velocity.png","t4q_top_platen_velocity.png",".png","52147","2026/05/14 0:58:50"
"D:\MYF\SPH\GeoDualSPHysics_v5.2\examples\u-pw\04_Undrained_Triaxial\experiments\T4q_PlatenBoundaryWorkflow\figures\t4q_top_platen_velocity.svg","t4q_top_platen_velocity.svg",".svg","34548","2026/05/14 0:58:50"
"D:\MYF\SPH\GeoDualSPHysics_v5.2\examples\u-pw\04_Undrained_Triaxial\experiments\T4q_PlatenBoundaryWorkflow\figures\t4q_velocity_max.png","t4q_velocity_max.png",".png","52410","2026/05/14 0:58:51"
"D:\MYF\SPH\GeoDualSPHysics_v5.2\examples\u-pw\04_Undrained_Triaxial\experiments\T4q_PlatenBoundaryWorkflow\figures\t4q_velocity_max.svg","t4q_velocity_max.svg",".svg","34552","2026/05/14 0:58:51"
"D:\MYF\SPH\GeoDualSPHysics_v5.2\examples\u-pw\04_Undrained_Triaxial\experiments\T4q_PlatenBoundaryWorkflow\make_t4q_cases.py","make_t4q_cases.py",".py","10531","2026/05/14 0:55:05"
"D:\MYF\SPH\GeoDualSPHysics_v5.2\examples\u-pw\04_Undrained_Triaxial\experiments\T4q_PlatenBoundaryWorkflow\README.md","README.md",".md","805","2026/05/14 0:59:30"
"D:\MYF\SPH\GeoDualSPHysics_v5.2\examples\u-pw\04_Undrained_Triaxial\experiments\T4q_PlatenBoundaryWorkflow\t4q_case_summary.csv","t4q_case_summary.csv",".csv","817","2026/05/14 0:58:50"
"D:\MYF\SPH\GeoDualSPHysics_v5.2\examples\u-pw\04_Undrained_Triaxial\experiments\T4q_PlatenBoundaryWorkflow\t4q_confinement_metrics.csv","t4q_confinement_metrics.csv",".csv","1285","2026/05/14 0:58:50"
"D:\MYF\SPH\GeoDualSPHysics_v5.2\examples\u-pw\04_Undrained_Triaxial\experiments\T4q_PlatenBoundaryWorkflow\t4q_frame_metrics.csv","t4q_frame_metrics.csv",".csv","4004","2026/05/14 0:58:50"
"D:\MYF\SPH\GeoDualSPHysics_v5.2\examples\u-pw\04_Undrained_Triaxial\experiments\T4q_PlatenBoundaryWorkflow\t4q_group_counts.csv","t4q_group_counts.csv",".csv","221","2026/05/14 0:58:50"
"D:\MYF\SPH\GeoDualSPHysics_v5.2\examples\u-pw\04_Undrained_Triaxial\experiments\T4q_PlatenBoundaryWorkflow\t4q_measurement_region_metrics.csv","t4q_measurement_region_metrics.csv",".csv","4004","2026/05/14 0:58:50"
"D:\MYF\SPH\GeoDualSPHysics_v5.2\examples\u-pw\04_Undrained_Triaxial\experiments\T4q_PlatenBoundaryWorkflow\t4q_platen_motion_metrics.csv","t4q_platen_motion_metrics.csv",".csv","4004","2026/05/14 0:58:50"
"D:\MYF\SPH\GeoDualSPHysics_v5.2\examples\u-pw\04_Undrained_Triaxial\experiments\T4q_PlatenBoundaryWorkflow\t4q_reaction_proxy_metrics.csv","t4q_reaction_proxy_metrics.csv",".csv","231","2026/05/14 0:58:50"
"D:\MYF\SPH\GeoDualSPHysics_v5.2\examples\u-pw\04_Undrained_Triaxial\experiments\T4q_PlatenBoundaryWorkflow\t4q_specimen_deformation_metrics.csv","t4q_specimen_deformation_metrics.csv",".csv","4004","2026/05/14 0:58:50"
"D:\MYF\SPH\GeoDualSPHysics_v5.2\examples\u-pw\04_Undrained_Triaxial\experiments\T4q_PlatenBoundaryWorkflow\xRun_CaseT4q_PlatenGeometry_NoLoad_win64_CPU_release.bat","xRun_CaseT4q_PlatenGeometry_NoLoad_win64_CPU_release.bat",".bat","518","2026/05/14 0:55:09"
"D:\MYF\SPH\GeoDualSPHysics_v5.2\examples\u-pw\04_Undrained_Triaxial\experiments\T4q_PlatenBoundaryWorkflow\xRun_CaseT4q_TopVelocity_LateralConfinement_win64_CPU_release.bat","xRun_CaseT4q_TopVelocity_LateralConfinement_win64_CPU_release.bat",".bat","527","2026/05/14 0:55:09"
"D:\MYF\SPH\GeoDualSPHysics_v5.2\examples\u-pw\04_Undrained_Triaxial\experiments\T4q_PlatenBoundaryWorkflow\xRun_CaseT4q_TopVelocity_NoConfinement_win64_CPU_release.bat","xRun_CaseT4q_TopVelocity_NoConfinement_win64_CPU_release.bat",".bat","522","2026/05/14 0:55:09"
"D:\MYF\SPH\GeoDualSPHysics_v5.2\examples\u-pw\04_Undrained_Triaxial\experiments\T4r_PlatenReactionDiagnostics\analyze_t4r_platen_reaction.py","analyze_t4r_platen_reaction.py",".py","19614","2026/05/14 1:11:46"
"D:\MYF\SPH\GeoDualSPHysics_v5.2\examples\u-pw\04_Undrained_Triaxial\experiments\T4r_PlatenReactionDiagnostics\CaseT4r_PlatenAxial_LateralConfinement_Def.xml","CaseT4r_PlatenAxial_LateralConfinement_Def.xml",".xml","7432","2026/05/14 1:12:09"
"D:\MYF\SPH\GeoDualSPHysics_v5.2\examples\u-pw\04_Undrained_Triaxial\experiments\T4r_PlatenReactionDiagnostics\CaseT4r_PlatenAxial_NoConfinement_Def.xml","CaseT4r_PlatenAxial_NoConfinement_Def.xml",".xml","5969","2026/05/14 1:12:09"
"D:\MYF\SPH\GeoDualSPHysics_v5.2\examples\u-pw\04_Undrained_Triaxial\experiments\T4r_PlatenReactionDiagnostics\figures\t4r_axial_strain_proxy.png","t4r_axial_strain_proxy.png",".png","57362","2026/05/14 1:12:26"
"D:\MYF\SPH\GeoDualSPHysics_v5.2\examples\u-pw\04_Undrained_Triaxial\experiments\T4r_PlatenReactionDiagnostics\figures\t4r_axial_strain_proxy.svg","t4r_axial_strain_proxy.svg",".svg","33329","2026/05/14 1:12:26"
"D:\MYF\SPH\GeoDualSPHysics_v5.2\examples\u-pw\04_Undrained_Triaxial\experiments\T4r_PlatenReactionDiagnostics\figures\t4r_axial_stress_proxy.png","t4r_axial_stress_proxy.png",".png","58780","2026/05/14 1:12:26"
"D:\MYF\SPH\GeoDualSPHysics_v5.2\examples\u-pw\04_Undrained_Triaxial\experiments\T4r_PlatenReactionDiagnostics\figures\t4r_axial_stress_proxy.svg","t4r_axial_stress_proxy.svg",".svg","32328","2026/05/14 1:12:26"
"D:\MYF\SPH\GeoDualSPHysics_v5.2\examples\u-pw\04_Undrained_Triaxial\experiments\T4r_PlatenReactionDiagnostics\figures\t4r_kplastic_max.png","t4r_kplastic_max.png",".png","30528","2026/05/14 1:12:27"
"D:\MYF\SPH\GeoDualSPHysics_v5.2\examples\u-pw\04_Undrained_Triaxial\experiments\T4r_PlatenReactionDiagnostics\figures\t4r_kplastic_max.svg","t4r_kplastic_max.svg",".svg","29311","2026/05/14 1:12:27"
"D:\MYF\SPH\GeoDualSPHysics_v5.2\examples\u-pw\04_Undrained_Triaxial\experiments\T4r_PlatenReactionDiagnostics\figures\t4r_lateral_confinement_accel.png","t4r_lateral_confinement_accel.png",".png","39227","2026/05/14 1:12:28"
"D:\MYF\SPH\GeoDualSPHysics_v5.2\examples\u-pw\04_Undrained_Triaxial\experiments\T4r_PlatenReactionDiagnostics\figures\t4r_lateral_confinement_accel.svg","t4r_lateral_confinement_accel.svg",".svg","31022","2026/05/14 1:12:28"
"D:\MYF\SPH\GeoDualSPHysics_v5.2\examples\u-pw\04_Undrained_Triaxial\experiments\T4r_PlatenReactionDiagnostics\figures\t4r_measurement_region_sensitivity.png","t4r_measurement_region_sensitivity.png",".png","58115","2026/05/14 1:12:28"
"D:\MYF\SPH\GeoDualSPHysics_v5.2\examples\u-pw\04_Undrained_Triaxial\experiments\T4r_PlatenReactionDiagnostics\figures\t4r_measurement_region_sensitivity.svg","t4r_measurement_region_sensitivity.svg",".svg","26815","2026/05/14 1:12:28"
"D:\MYF\SPH\GeoDualSPHysics_v5.2\examples\u-pw\04_Undrained_Triaxial\experiments\T4r_PlatenReactionDiagnostics\figures\t4r_pore_pressure_strain.png","t4r_pore_pressure_strain.png",".png","67486","2026/05/14 1:12:27"
"D:\MYF\SPH\GeoDualSPHysics_v5.2\examples\u-pw\04_Undrained_Triaxial\experiments\T4r_PlatenReactionDiagnostics\figures\t4r_pore_pressure_strain.svg","t4r_pore_pressure_strain.svg",".svg","33322","2026/05/14 1:12:27"
"D:\MYF\SPH\GeoDualSPHysics_v5.2\examples\u-pw\04_Undrained_Triaxial\experiments\T4r_PlatenReactionDiagnostics\figures\t4r_pore_pressure_time.png","t4r_pore_pressure_time.png",".png","59168","2026/05/14 1:12:27"
"D:\MYF\SPH\GeoDualSPHysics_v5.2\examples\u-pw\04_Undrained_Triaxial\experiments\T4r_PlatenReactionDiagnostics\figures\t4r_pore_pressure_time.svg","t4r_pore_pressure_time.svg",".svg","30963","2026/05/14 1:12:27"
"D:\MYF\SPH\GeoDualSPHysics_v5.2\examples\u-pw\04_Undrained_Triaxial\experiments\T4r_PlatenReactionDiagnostics\figures\t4r_porepressrate_maxabs.png","t4r_porepressrate_maxabs.png",".png","61466","2026/05/14 1:12:27"
"D:\MYF\SPH\GeoDualSPHysics_v5.2\examples\u-pw\04_Undrained_Triaxial\experiments\T4r_PlatenReactionDiagnostics\figures\t4r_porepressrate_maxabs.svg","t4r_porepressrate_maxabs.svg",".svg","35016","2026/05/14 1:12:27"
"D:\MYF\SPH\GeoDualSPHysics_v5.2\examples\u-pw\04_Undrained_Triaxial\experiments\T4r_PlatenReactionDiagnostics\figures\t4r_pq_proxy.png","t4r_pq_proxy.png",".png","49928","2026/05/14 1:12:26"
"D:\MYF\SPH\GeoDualSPHysics_v5.2\examples\u-pw\04_Undrained_Triaxial\experiments\T4r_PlatenReactionDiagnostics\figures\t4r_pq_proxy.svg","t4r_pq_proxy.svg",".svg","25936","2026/05/14 1:12:26"
"D:\MYF\SPH\GeoDualSPHysics_v5.2\examples\u-pw\04_Undrained_Triaxial\experiments\T4r_PlatenReactionDiagnostics\figures\t4r_q_vs_time.png","t4r_q_vs_time.png",".png","53253","2026/05/14 1:12:26"
"D:\MYF\SPH\GeoDualSPHysics_v5.2\examples\u-pw\04_Undrained_Triaxial\experiments\T4r_PlatenReactionDiagnostics\figures\t4r_q_vs_time.svg","t4r_q_vs_time.svg",".svg","30160","2026/05/14 1:12:26"
"D:\MYF\SPH\GeoDualSPHysics_v5.2\examples\u-pw\04_Undrained_Triaxial\experiments\T4r_PlatenReactionDiagnostics\figures\t4r_reaction_force_proxy.png","t4r_reaction_force_proxy.png",".png","65395","2026/05/14 1:12:26"
"D:\MYF\SPH\GeoDualSPHysics_v5.2\examples\u-pw\04_Undrained_Triaxial\experiments\T4r_PlatenReactionDiagnostics\figures\t4r_reaction_force_proxy.svg","t4r_reaction_force_proxy.svg",".svg","33557","2026/05/14 1:12:26"
"D:\MYF\SPH\GeoDualSPHysics_v5.2\examples\u-pw\04_Undrained_Triaxial\experiments\T4r_PlatenReactionDiagnostics\figures\t4r_top_platen_displacement.png","t4r_top_platen_displacement.png",".png","52289","2026/05/14 1:12:25"
"D:\MYF\SPH\GeoDualSPHysics_v5.2\examples\u-pw\04_Undrained_Triaxial\experiments\T4r_PlatenReactionDiagnostics\figures\t4r_top_platen_displacement.svg","t4r_top_platen_displacement.svg",".svg","32759","2026/05/14 1:12:25"
"D:\MYF\SPH\GeoDualSPHysics_v5.2\examples\u-pw\04_Undrained_Triaxial\experiments\T4r_PlatenReactionDiagnostics\figures\t4r_velocity_max.png","t4r_velocity_max.png",".png","48810","2026/05/14 1:12:27"
"D:\MYF\SPH\GeoDualSPHysics_v5.2\examples\u-pw\04_Undrained_Triaxial\experiments\T4r_PlatenReactionDiagnostics\figures\t4r_velocity_max.svg","t4r_velocity_max.svg",".svg","32094","2026/05/14 1:12:27"
"D:\MYF\SPH\GeoDualSPHysics_v5.2\examples\u-pw\04_Undrained_Triaxial\experiments\T4r_PlatenReactionDiagnostics\make_t4r_cases.py","make_t4r_cases.py",".py","9734","2026/05/14 1:12:02"
"D:\MYF\SPH\GeoDualSPHysics_v5.2\examples\u-pw\04_Undrained_Triaxial\experiments\T4r_PlatenReactionDiagnostics\README.md","README.md",".md","175","2026/05/14 1:12:09"
"D:\MYF\SPH\GeoDualSPHysics_v5.2\examples\u-pw\04_Undrained_Triaxial\experiments\T4r_PlatenReactionDiagnostics\t4r_case_summary.csv","t4r_case_summary.csv",".csv","1760","2026/05/14 1:12:25"
"D:\MYF\SPH\GeoDualSPHysics_v5.2\examples\u-pw\04_Undrained_Triaxial\experiments\T4r_PlatenReactionDiagnostics\t4r_confinement_diagnostics.csv","t4r_confinement_diagnostics.csv",".csv","1309","2026/05/14 1:12:25"
"D:\MYF\SPH\GeoDualSPHysics_v5.2\examples\u-pw\04_Undrained_Triaxial\experiments\T4r_PlatenReactionDiagnostics\t4r_group_counts.csv","t4r_group_counts.csv",".csv","124","2026/05/14 1:12:25"
"D:\MYF\SPH\GeoDualSPHysics_v5.2\examples\u-pw\04_Undrained_Triaxial\experiments\T4r_PlatenReactionDiagnostics\t4r_measurement_region_metrics.csv","t4r_measurement_region_metrics.csv",".csv","8106","2026/05/14 1:12:25"
"D:\MYF\SPH\GeoDualSPHysics_v5.2\examples\u-pw\04_Undrained_Triaxial\experiments\T4r_PlatenReactionDiagnostics\t4r_platen_motion_metrics.csv","t4r_platen_motion_metrics.csv",".csv","4557","2026/05/14 1:12:25"
"D:\MYF\SPH\GeoDualSPHysics_v5.2\examples\u-pw\04_Undrained_Triaxial\experiments\T4r_PlatenReactionDiagnostics\t4r_reaction_metrics.csv","t4r_reaction_metrics.csv",".csv","4557","2026/05/14 1:12:25"
"D:\MYF\SPH\GeoDualSPHysics_v5.2\examples\u-pw\04_Undrained_Triaxial\experiments\T4r_PlatenReactionDiagnostics\t4r_specimen_stress_path_proxy.csv","t4r_specimen_stress_path_proxy.csv",".csv","4557","2026/05/14 1:12:25"
"D:\MYF\SPH\GeoDualSPHysics_v5.2\examples\u-pw\04_Undrained_Triaxial\experiments\T4r_PlatenReactionDiagnostics\xRun_CaseT4r_PlatenAxial_LateralConfinement_win64_CPU_release.bat","xRun_CaseT4r_PlatenAxial_LateralConfinement_win64_CPU_release.bat",".bat","527","2026/05/14 1:12:09"
"D:\MYF\SPH\GeoDualSPHysics_v5.2\examples\u-pw\04_Undrained_Triaxial\experiments\T4r_PlatenReactionDiagnostics\xRun_CaseT4r_PlatenAxial_NoConfinement_win64_CPU_release.bat","xRun_CaseT4r_PlatenAxial_NoConfinement_win64_CPU_release.bat",".bat","522","2026/05/14 1:12:09"
"D:\MYF\SPH\GeoDualSPHysics_v5.2\examples\u-pw\04_Undrained_Triaxial\experiments\T4s_PlatenAxialBaseline\analyze_t4s_platen_axial_baseline.py","analyze_t4s_platen_axial_baseline.py",".py","20013","2026/05/14 1:21:33"
"D:\MYF\SPH\GeoDualSPHysics_v5.2\examples\u-pw\04_Undrained_Triaxial\experiments\T4s_PlatenAxialBaseline\CaseT4s_PlatenAxial_LateralConfinement_Def.xml","CaseT4s_PlatenAxial_LateralConfinement_Def.xml",".xml","7450","2026/05/14 1:21:40"
"D:\MYF\SPH\GeoDualSPHysics_v5.2\examples\u-pw\04_Undrained_Triaxial\experiments\T4s_PlatenAxialBaseline\CaseT4s_PlatenAxial_NoConfinement_Def.xml","CaseT4s_PlatenAxial_NoConfinement_Def.xml",".xml","5987","2026/05/14 1:21:40"
"D:\MYF\SPH\GeoDualSPHysics_v5.2\examples\u-pw\04_Undrained_Triaxial\experiments\T4s_PlatenAxialBaseline\figures\t4s_axial_strain_proxy.png","t4s_axial_strain_proxy.png",".png","65786","2026/05/14 1:22:47"
"D:\MYF\SPH\GeoDualSPHysics_v5.2\examples\u-pw\04_Undrained_Triaxial\experiments\T4s_PlatenAxialBaseline\figures\t4s_axial_strain_proxy.svg","t4s_axial_strain_proxy.svg",".svg","32547","2026/05/14 1:22:47"
"D:\MYF\SPH\GeoDualSPHysics_v5.2\examples\u-pw\04_Undrained_Triaxial\experiments\T4s_PlatenAxialBaseline\figures\t4s_axial_stress_proxy.png","t4s_axial_stress_proxy.png",".png","65077","2026/05/14 1:22:48"
"D:\MYF\SPH\GeoDualSPHysics_v5.2\examples\u-pw\04_Undrained_Triaxial\experiments\T4s_PlatenAxialBaseline\figures\t4s_axial_stress_proxy.svg","t4s_axial_stress_proxy.svg",".svg","32346","2026/05/14 1:22:47"
"D:\MYF\SPH\GeoDualSPHysics_v5.2\examples\u-pw\04_Undrained_Triaxial\experiments\T4s_PlatenAxialBaseline\figures\t4s_divvel_maxabs.png","t4s_divvel_maxabs.png",".png","81561","2026/05/14 1:22:49"
"D:\MYF\SPH\GeoDualSPHysics_v5.2\examples\u-pw\04_Undrained_Triaxial\experiments\T4s_PlatenAxialBaseline\figures\t4s_divvel_maxabs.svg","t4s_divvel_maxabs.svg",".svg","33224","2026/05/14 1:22:49"
"D:\MYF\SPH\GeoDualSPHysics_v5.2\examples\u-pw\04_Undrained_Triaxial\experiments\T4s_PlatenAxialBaseline\figures\t4s_kplastic_max.png","t4s_kplastic_max.png",".png","30716","2026/05/14 1:22:49"
"D:\MYF\SPH\GeoDualSPHysics_v5.2\examples\u-pw\04_Undrained_Triaxial\experiments\T4s_PlatenAxialBaseline\figures\t4s_kplastic_max.svg","t4s_kplastic_max.svg",".svg","30386","2026/05/14 1:22:49"
"D:\MYF\SPH\GeoDualSPHysics_v5.2\examples\u-pw\04_Undrained_Triaxial\experiments\T4s_PlatenAxialBaseline\figures\t4s_lateral_confinement_accel.png","t4s_lateral_confinement_accel.png",".png","39227","2026/05/14 1:22:50"
"D:\MYF\SPH\GeoDualSPHysics_v5.2\examples\u-pw\04_Undrained_Triaxial\experiments\T4s_PlatenAxialBaseline\figures\t4s_lateral_confinement_accel.svg","t4s_lateral_confinement_accel.svg",".svg","31022","2026/05/14 1:22:50"
"D:\MYF\SPH\GeoDualSPHysics_v5.2\examples\u-pw\04_Undrained_Triaxial\experiments\T4s_PlatenAxialBaseline\figures\t4s_measurement_region_sensitivity.png","t4s_measurement_region_sensitivity.png",".png","69582","2026/05/14 1:22:50"
"D:\MYF\SPH\GeoDualSPHysics_v5.2\examples\u-pw\04_Undrained_Triaxial\experiments\T4s_PlatenAxialBaseline\figures\t4s_measurement_region_sensitivity.svg","t4s_measurement_region_sensitivity.svg",".svg","30159","2026/05/14 1:22:50"
"D:\MYF\SPH\GeoDualSPHysics_v5.2\examples\u-pw\04_Undrained_Triaxial\experiments\T4s_PlatenAxialBaseline\figures\t4s_p_eff_vs_axial_strain.png","t4s_p_eff_vs_axial_strain.png",".png","65045","2026/05/14 1:22:48"
"D:\MYF\SPH\GeoDualSPHysics_v5.2\examples\u-pw\04_Undrained_Triaxial\experiments\T4s_PlatenAxialBaseline\figures\t4s_p_eff_vs_axial_strain.svg","t4s_p_eff_vs_axial_strain.svg",".svg","32865","2026/05/14 1:22:48"
"D:\MYF\SPH\GeoDualSPHysics_v5.2\examples\u-pw\04_Undrained_Triaxial\experiments\T4s_PlatenAxialBaseline\figures\t4s_pore_pressure_strain.png","t4s_pore_pressure_strain.png",".png","69587","2026/05/14 1:22:49"
"D:\MYF\SPH\GeoDualSPHysics_v5.2\examples\u-pw\04_Undrained_Triaxial\experiments\T4s_PlatenAxialBaseline\figures\t4s_pore_pressure_strain.svg","t4s_pore_pressure_strain.svg",".svg","31979","2026/05/14 1:22:49"
"D:\MYF\SPH\GeoDualSPHysics_v5.2\examples\u-pw\04_Undrained_Triaxial\experiments\T4s_PlatenAxialBaseline\figures\t4s_pore_pressure_time.png","t4s_pore_pressure_time.png",".png","64825","2026/05/14 1:22:49"
"D:\MYF\SPH\GeoDualSPHysics_v5.2\examples\u-pw\04_Undrained_Triaxial\experiments\T4s_PlatenAxialBaseline\figures\t4s_pore_pressure_time.svg","t4s_pore_pressure_time.svg",".svg","31154","2026/05/14 1:22:49"
"D:\MYF\SPH\GeoDualSPHysics_v5.2\examples\u-pw\04_Undrained_Triaxial\experiments\T4s_PlatenAxialBaseline\figures\t4s_porepressrate_maxabs.png","t4s_porepressrate_maxabs.png",".png","82235","2026/05/14 1:22:50"
"D:\MYF\SPH\GeoDualSPHysics_v5.2\examples\u-pw\04_Undrained_Triaxial\experiments\T4s_PlatenAxialBaseline\figures\t4s_porepressrate_maxabs.svg","t4s_porepressrate_maxabs.svg",".svg","34945","2026/05/14 1:22:50"
"D:\MYF\SPH\GeoDualSPHysics_v5.2\examples\u-pw\04_Undrained_Triaxial\experiments\T4s_PlatenAxialBaseline\figures\t4s_pq_proxy.png","t4s_pq_proxy.png",".png","57902","2026/05/14 1:22:48"
"D:\MYF\SPH\GeoDualSPHysics_v5.2\examples\u-pw\04_Undrained_Triaxial\experiments\T4s_PlatenAxialBaseline\figures\t4s_pq_proxy.svg","t4s_pq_proxy.svg",".svg","32074","2026/05/14 1:22:48"
"D:\MYF\SPH\GeoDualSPHysics_v5.2\examples\u-pw\04_Undrained_Triaxial\experiments\T4s_PlatenAxialBaseline\figures\t4s_q_vs_axial_strain.png","t4s_q_vs_axial_strain.png",".png","69268","2026/05/14 1:22:48"
"D:\MYF\SPH\GeoDualSPHysics_v5.2\examples\u-pw\04_Undrained_Triaxial\experiments\T4s_PlatenAxialBaseline\figures\t4s_q_vs_axial_strain.svg","t4s_q_vs_axial_strain.svg",".svg","32189","2026/05/14 1:22:48"
"D:\MYF\SPH\GeoDualSPHysics_v5.2\examples\u-pw\04_Undrained_Triaxial\experiments\T4s_PlatenAxialBaseline\figures\t4s_q_vs_time.png","t4s_q_vs_time.png",".png","62958","2026/05/14 1:22:48"
"D:\MYF\SPH\GeoDualSPHysics_v5.2\examples\u-pw\04_Undrained_Triaxial\experiments\T4s_PlatenAxialBaseline\figures\t4s_q_vs_time.svg","t4s_q_vs_time.svg",".svg","32240","2026/05/14 1:22:48"
"D:\MYF\SPH\GeoDualSPHysics_v5.2\examples\u-pw\04_Undrained_Triaxial\experiments\T4s_PlatenAxialBaseline\figures\t4s_reaction_force_proxy.png","t4s_reaction_force_proxy.png",".png","62572","2026/05/14 1:22:47"
"D:\MYF\SPH\GeoDualSPHysics_v5.2\examples\u-pw\04_Undrained_Triaxial\experiments\T4s_PlatenAxialBaseline\figures\t4s_reaction_force_proxy.svg","t4s_reaction_force_proxy.svg",".svg","32317","2026/05/14 1:22:47"
"D:\MYF\SPH\GeoDualSPHysics_v5.2\examples\u-pw\04_Undrained_Triaxial\experiments\T4s_PlatenAxialBaseline\figures\t4s_top_platen_displacement.png","t4s_top_platen_displacement.png",".png","54542","2026/05/14 1:22:47"
"D:\MYF\SPH\GeoDualSPHysics_v5.2\examples\u-pw\04_Undrained_Triaxial\experiments\T4s_PlatenAxialBaseline\figures\t4s_top_platen_displacement.svg","t4s_top_platen_displacement.svg",".svg","32832","2026/05/14 1:22:47"
"D:\MYF\SPH\GeoDualSPHysics_v5.2\examples\u-pw\04_Undrained_Triaxial\experiments\T4s_PlatenAxialBaseline\figures\t4s_velocity_max.png","t4s_velocity_max.png",".png","55730","2026/05/14 1:22:49"
"D:\MYF\SPH\GeoDualSPHysics_v5.2\examples\u-pw\04_Undrained_Triaxial\experiments\T4s_PlatenAxialBaseline\figures\t4s_velocity_max.svg","t4s_velocity_max.svg",".svg","32470","2026/05/14 1:22:49"
"D:\MYF\SPH\GeoDualSPHysics_v5.2\examples\u-pw\04_Undrained_Triaxial\experiments\T4s_PlatenAxialBaseline\make_t4s_cases.py","make_t4s_cases.py",".py","9777","2026/05/14 1:20:53"
"D:\MYF\SPH\GeoDualSPHysics_v5.2\examples\u-pw\04_Undrained_Triaxial\experiments\T4s_PlatenAxialBaseline\README.md","README.md",".md","175","2026/05/14 1:21:40"
"D:\MYF\SPH\GeoDualSPHysics_v5.2\examples\u-pw\04_Undrained_Triaxial\experiments\T4s_PlatenAxialBaseline\t4s_case_summary.csv","t4s_case_summary.csv",".csv","1779","2026/05/14 1:22:46"
"D:\MYF\SPH\GeoDualSPHysics_v5.2\examples\u-pw\04_Undrained_Triaxial\experiments\T4s_PlatenAxialBaseline\t4s_confinement_metrics.csv","t4s_confinement_metrics.csv",".csv","1309","2026/05/14 1:22:46"
"D:\MYF\SPH\GeoDualSPHysics_v5.2\examples\u-pw\04_Undrained_Triaxial\experiments\T4s_PlatenAxialBaseline\t4s_group_counts.csv","t4s_group_counts.csv",".csv","124","2026/05/14 1:22:46"
"D:\MYF\SPH\GeoDualSPHysics_v5.2\examples\u-pw\04_Undrained_Triaxial\experiments\T4s_PlatenAxialBaseline\t4s_measurement_region_metrics.csv","t4s_measurement_region_metrics.csv",".csv","19467","2026/05/14 1:22:46"
"D:\MYF\SPH\GeoDualSPHysics_v5.2\examples\u-pw\04_Undrained_Triaxial\experiments\T4s_PlatenAxialBaseline\t4s_platen_motion_metrics.csv","t4s_platen_motion_metrics.csv",".csv","10372","2026/05/14 1:22:46"
"D:\MYF\SPH\GeoDualSPHysics_v5.2\examples\u-pw\04_Undrained_Triaxial\experiments\T4s_PlatenAxialBaseline\t4s_pore_pressure_strain_metrics.csv","t4s_pore_pressure_strain_metrics.csv",".csv","10372","2026/05/14 1:22:46"
"D:\MYF\SPH\GeoDualSPHysics_v5.2\examples\u-pw\04_Undrained_Triaxial\experiments\T4s_PlatenAxialBaseline\t4s_reaction_proxy_metrics.csv","t4s_reaction_proxy_metrics.csv",".csv","10372","2026/05/14 1:22:46"
"D:\MYF\SPH\GeoDualSPHysics_v5.2\examples\u-pw\04_Undrained_Triaxial\experiments\T4s_PlatenAxialBaseline\t4s_specimen_stress_proxy.csv","t4s_specimen_stress_proxy.csv",".csv","10372","2026/05/14 1:22:46"
"D:\MYF\SPH\GeoDualSPHysics_v5.2\examples\u-pw\04_Undrained_Triaxial\experiments\T4s_PlatenAxialBaseline\xRun_CaseT4s_PlatenAxial_LateralConfinement_win64_CPU_release.bat","xRun_CaseT4s_PlatenAxial_LateralConfinement_win64_CPU_release.bat",".bat","527","2026/05/14 1:21:40"
"D:\MYF\SPH\GeoDualSPHysics_v5.2\examples\u-pw\04_Undrained_Triaxial\experiments\T4s_PlatenAxialBaseline\xRun_CaseT4s_PlatenAxial_NoConfinement_win64_CPU_release.bat","xRun_CaseT4s_PlatenAxial_NoConfinement_win64_CPU_release.bat",".bat","522","2026/05/14 1:21:40"
"D:\MYF\SPH\GeoDualSPHysics_v5.2\examples\u-pw\04_Undrained_Triaxial\experiments\T4t_TruePlatenReaction\analyze_t4t_true_platen_reaction.py","analyze_t4t_true_platen_reaction.py",".py","26495","2026/05/14 2:06:51"
"D:\MYF\SPH\GeoDualSPHysics_v5.2\examples\u-pw\04_Undrained_Triaxial\experiments\T4t_TruePlatenReaction\CaseT4t_DPHighStrength_PlatenReaction_Def.xml","CaseT4t_DPHighStrength_PlatenReaction_Def.xml",".xml","7808","2026/05/14 2:01:08"
"D:\MYF\SPH\GeoDualSPHysics_v5.2\examples\u-pw\04_Undrained_Triaxial\experiments\T4t_TruePlatenReaction\CaseT4t_DPMildYield_PlatenReaction_Def.xml","CaseT4t_DPMildYield_PlatenReaction_Def.xml",".xml","7791","2026/05/14 2:01:08"
"D:\MYF\SPH\GeoDualSPHysics_v5.2\examples\u-pw\04_Undrained_Triaxial\experiments\T4t_TruePlatenReaction\CaseT4t_Elastic_PlatenReaction_Def.xml","CaseT4t_Elastic_PlatenReaction_Def.xml",".xml","7775","2026/05/14 2:01:08"
"D:\MYF\SPH\GeoDualSPHysics_v5.2\examples\u-pw\04_Undrained_Triaxial\experiments\T4t_TruePlatenReaction\figures\t4t_axial_strain_proxy.png","t4t_axial_strain_proxy.png",".png","69442","2026/05/14 2:06:58"
"D:\MYF\SPH\GeoDualSPHysics_v5.2\examples\u-pw\04_Undrained_Triaxial\experiments\T4t_TruePlatenReaction\figures\t4t_axial_strain_proxy.svg","t4t_axial_strain_proxy.svg",".svg","35995","2026/05/14 2:06:58"
"D:\MYF\SPH\GeoDualSPHysics_v5.2\examples\u-pw\04_Undrained_Triaxial\experiments\T4t_TruePlatenReaction\figures\t4t_axial_stress_proxy.png","t4t_axial_stress_proxy.png",".png","62719","2026/05/14 2:06:59"
"D:\MYF\SPH\GeoDualSPHysics_v5.2\examples\u-pw\04_Undrained_Triaxial\experiments\T4t_TruePlatenReaction\figures\t4t_axial_stress_proxy.svg","t4t_axial_stress_proxy.svg",".svg","35812","2026/05/14 2:06:59"
"D:\MYF\SPH\GeoDualSPHysics_v5.2\examples\u-pw\04_Undrained_Triaxial\experiments\T4t_TruePlatenReaction\figures\t4t_bottom_reaction_axial_stress.png","t4t_bottom_reaction_axial_stress.png",".png","63954","2026/05/14 2:07:02"
"D:\MYF\SPH\GeoDualSPHysics_v5.2\examples\u-pw\04_Undrained_Triaxial\experiments\T4t_TruePlatenReaction\figures\t4t_bottom_reaction_axial_stress.svg","t4t_bottom_reaction_axial_stress.svg",".svg","32361","2026/05/14 2:07:02"
"D:\MYF\SPH\GeoDualSPHysics_v5.2\examples\u-pw\04_Undrained_Triaxial\experiments\T4t_TruePlatenReaction\figures\t4t_bottom_reaction_fz.png","t4t_bottom_reaction_fz.png",".png","59565","2026/05/14 2:07:02"
"D:\MYF\SPH\GeoDualSPHysics_v5.2\examples\u-pw\04_Undrained_Triaxial\experiments\T4t_TruePlatenReaction\figures\t4t_bottom_reaction_fz.svg","t4t_bottom_reaction_fz.svg",".svg","32969","2026/05/14 2:07:02"
"D:\MYF\SPH\GeoDualSPHysics_v5.2\examples\u-pw\04_Undrained_Triaxial\experiments\T4t_TruePlatenReaction\figures\t4t_divvel_maxabs.png","t4t_divvel_maxabs.png",".png","79527","2026/05/14 2:07:00"
"D:\MYF\SPH\GeoDualSPHysics_v5.2\examples\u-pw\04_Undrained_Triaxial\experiments\T4t_TruePlatenReaction\figures\t4t_divvel_maxabs.svg","t4t_divvel_maxabs.svg",".svg","38839","2026/05/14 2:07:00"
"D:\MYF\SPH\GeoDualSPHysics_v5.2\examples\u-pw\04_Undrained_Triaxial\experiments\T4t_TruePlatenReaction\figures\t4t_force_balance_error.png","t4t_force_balance_error.png",".png","72087","2026/05/14 2:07:02"
"D:\MYF\SPH\GeoDualSPHysics_v5.2\examples\u-pw\04_Undrained_Triaxial\experiments\T4t_TruePlatenReaction\figures\t4t_force_balance_error.svg","t4t_force_balance_error.svg",".svg","32601","2026/05/14 2:07:02"
"D:\MYF\SPH\GeoDualSPHysics_v5.2\examples\u-pw\04_Undrained_Triaxial\experiments\T4t_TruePlatenReaction\figures\t4t_kplastic_max.png","t4t_kplastic_max.png",".png","51412","2026/05/14 2:07:00"
"D:\MYF\SPH\GeoDualSPHysics_v5.2\examples\u-pw\04_Undrained_Triaxial\experiments\T4t_TruePlatenReaction\figures\t4t_kplastic_max.svg","t4t_kplastic_max.svg",".svg","34042","2026/05/14 2:07:00"
"D:\MYF\SPH\GeoDualSPHysics_v5.2\examples\u-pw\04_Undrained_Triaxial\experiments\T4t_TruePlatenReaction\figures\t4t_kplastic_nonzero_count.png","t4t_kplastic_nonzero_count.png",".png","53910","2026/05/14 2:07:00"
"D:\MYF\SPH\GeoDualSPHysics_v5.2\examples\u-pw\04_Undrained_Triaxial\experiments\T4t_TruePlatenReaction\figures\t4t_kplastic_nonzero_count.svg","t4t_kplastic_nonzero_count.svg",".svg","36493","2026/05/14 2:07:00"
"D:\MYF\SPH\GeoDualSPHysics_v5.2\examples\u-pw\04_Undrained_Triaxial\experiments\T4t_TruePlatenReaction\figures\t4t_lateral_confinement_accel.png","t4t_lateral_confinement_accel.png",".png","42662","2026/05/14 2:07:01"
"D:\MYF\SPH\GeoDualSPHysics_v5.2\examples\u-pw\04_Undrained_Triaxial\experiments\T4t_TruePlatenReaction\figures\t4t_lateral_confinement_accel.svg","t4t_lateral_confinement_accel.svg",".svg","35494","2026/05/14 2:07:01"
"D:\MYF\SPH\GeoDualSPHysics_v5.2\examples\u-pw\04_Undrained_Triaxial\experiments\T4t_TruePlatenReaction\figures\t4t_measurement_region_sensitivity.png","t4t_measurement_region_sensitivity.png",".png","55820","2026/05/14 2:07:01"
"D:\MYF\SPH\GeoDualSPHysics_v5.2\examples\u-pw\04_Undrained_Triaxial\experiments\T4t_TruePlatenReaction\figures\t4t_measurement_region_sensitivity.svg","t4t_measurement_region_sensitivity.svg",".svg","30943","2026/05/14 2:07:01"
"D:\MYF\SPH\GeoDualSPHysics_v5.2\examples\u-pw\04_Undrained_Triaxial\experiments\T4t_TruePlatenReaction\figures\t4t_p_eff_vs_axial_strain.png","t4t_p_eff_vs_axial_strain.png",".png","66147","2026/05/14 2:06:59"
"D:\MYF\SPH\GeoDualSPHysics_v5.2\examples\u-pw\04_Undrained_Triaxial\experiments\T4t_TruePlatenReaction\figures\t4t_p_eff_vs_axial_strain.svg","t4t_p_eff_vs_axial_strain.svg",".svg","36339","2026/05/14 2:06:59"
"D:\MYF\SPH\GeoDualSPHysics_v5.2\examples\u-pw\04_Undrained_Triaxial\experiments\T4t_TruePlatenReaction\figures\t4t_pore_pressure_strain.png","t4t_pore_pressure_strain.png",".png","71635","2026/05/14 2:07:00"
"D:\MYF\SPH\GeoDualSPHysics_v5.2\examples\u-pw\04_Undrained_Triaxial\experiments\T4t_TruePlatenReaction\figures\t4t_pore_pressure_strain.svg","t4t_pore_pressure_strain.svg",".svg","35454","2026/05/14 2:07:00"
"D:\MYF\SPH\GeoDualSPHysics_v5.2\examples\u-pw\04_Undrained_Triaxial\experiments\T4t_TruePlatenReaction\figures\t4t_pore_pressure_time.png","t4t_pore_pressure_time.png",".png","66872","2026/05/14 2:07:00"
"D:\MYF\SPH\GeoDualSPHysics_v5.2\examples\u-pw\04_Undrained_Triaxial\experiments\T4t_TruePlatenReaction\figures\t4t_pore_pressure_time.svg","t4t_pore_pressure_time.svg",".svg","34975","2026/05/14 2:07:00"
"D:\MYF\SPH\GeoDualSPHysics_v5.2\examples\u-pw\04_Undrained_Triaxial\experiments\T4t_TruePlatenReaction\figures\t4t_porepressrate_maxabs.png","t4t_porepressrate_maxabs.png",".png","73236","2026/05/14 2:07:01"
"D:\MYF\SPH\GeoDualSPHysics_v5.2\examples\u-pw\04_Undrained_Triaxial\experiments\T4t_TruePlatenReaction\figures\t4t_porepressrate_maxabs.svg","t4t_porepressrate_maxabs.svg",".svg","36556","2026/05/14 2:07:01"
"D:\MYF\SPH\GeoDualSPHysics_v5.2\examples\u-pw\04_Undrained_Triaxial\experiments\T4t_TruePlatenReaction\figures\t4t_pq_proxy.png","t4t_pq_proxy.png",".png","54253","2026/05/14 2:06:59"
"D:\MYF\SPH\GeoDualSPHysics_v5.2\examples\u-pw\04_Undrained_Triaxial\experiments\T4t_TruePlatenReaction\figures\t4t_pq_proxy.svg","t4t_pq_proxy.svg",".svg","35758","2026/05/14 2:06:59"
"D:\MYF\SPH\GeoDualSPHysics_v5.2\examples\u-pw\04_Undrained_Triaxial\experiments\T4t_TruePlatenReaction\figures\t4t_q_vs_axial_strain.png","t4t_q_vs_axial_strain.png",".png","63645","2026/05/14 2:06:59"
"D:\MYF\SPH\GeoDualSPHysics_v5.2\examples\u-pw\04_Undrained_Triaxial\experiments\T4t_TruePlatenReaction\figures\t4t_q_vs_axial_strain.svg","t4t_q_vs_axial_strain.svg",".svg","35189","2026/05/14 2:06:59"
"D:\MYF\SPH\GeoDualSPHysics_v5.2\examples\u-pw\04_Undrained_Triaxial\experiments\T4t_TruePlatenReaction\figures\t4t_q_vs_time.png","t4t_q_vs_time.png",".png","57764","2026/05/14 2:06:59"
"D:\MYF\SPH\GeoDualSPHysics_v5.2\examples\u-pw\04_Undrained_Triaxial\experiments\T4t_TruePlatenReaction\figures\t4t_q_vs_time.svg","t4t_q_vs_time.svg",".svg","35226","2026/05/14 2:06:59"
"D:\MYF\SPH\GeoDualSPHysics_v5.2\examples\u-pw\04_Undrained_Triaxial\experiments\T4t_TruePlatenReaction\figures\t4t_reaction_force_proxy.png","t4t_reaction_force_proxy.png",".png","60159","2026/05/14 2:06:58"
"D:\MYF\SPH\GeoDualSPHysics_v5.2\examples\u-pw\04_Undrained_Triaxial\experiments\T4t_TruePlatenReaction\figures\t4t_reaction_force_proxy.svg","t4t_reaction_force_proxy.svg",".svg","36144","2026/05/14 2:06:58"
"D:\MYF\SPH\GeoDualSPHysics_v5.2\examples\u-pw\04_Undrained_Triaxial\experiments\T4t_TruePlatenReaction\figures\t4t_top_platen_displacement.png","t4t_top_platen_displacement.png",".png","55157","2026/05/14 2:06:58"
"D:\MYF\SPH\GeoDualSPHysics_v5.2\examples\u-pw\04_Undrained_Triaxial\experiments\T4t_TruePlatenReaction\figures\t4t_top_platen_displacement.svg","t4t_top_platen_displacement.svg",".svg","36074","2026/05/14 2:06:58"
"D:\MYF\SPH\GeoDualSPHysics_v5.2\examples\u-pw\04_Undrained_Triaxial\experiments\T4t_TruePlatenReaction\figures\t4t_top_reaction_axial_stress.png","t4t_top_reaction_axial_stress.png",".png","57222","2026/05/14 2:07:02"
"D:\MYF\SPH\GeoDualSPHysics_v5.2\examples\u-pw\04_Undrained_Triaxial\experiments\T4t_TruePlatenReaction\figures\t4t_top_reaction_axial_stress.svg","t4t_top_reaction_axial_stress.svg",".svg","32138","2026/05/14 2:07:02"
"D:\MYF\SPH\GeoDualSPHysics_v5.2\examples\u-pw\04_Undrained_Triaxial\experiments\T4t_TruePlatenReaction\figures\t4t_top_reaction_fz.png","t4t_top_reaction_fz.png",".png","50507","2026/05/14 2:07:01"
"D:\MYF\SPH\GeoDualSPHysics_v5.2\examples\u-pw\04_Undrained_Triaxial\experiments\T4t_TruePlatenReaction\figures\t4t_top_reaction_fz.svg","t4t_top_reaction_fz.svg",".svg","32329","2026/05/14 2:07:01"
"D:\MYF\SPH\GeoDualSPHysics_v5.2\examples\u-pw\04_Undrained_Triaxial\experiments\T4t_TruePlatenReaction\figures\t4t_velocity_max.png","t4t_velocity_max.png",".png","57555","2026/05/14 2:07:01"
"D:\MYF\SPH\GeoDualSPHysics_v5.2\examples\u-pw\04_Undrained_Triaxial\experiments\T4t_TruePlatenReaction\figures\t4t_velocity_max.svg","t4t_velocity_max.svg",".svg","35860","2026/05/14 2:07:01"
"D:\MYF\SPH\GeoDualSPHysics_v5.2\examples\u-pw\04_Undrained_Triaxial\experiments\T4t_TruePlatenReaction\make_t4t_cases.py","make_t4t_cases.py",".py","10793","2026/05/14 1:59:35"
"D:\MYF\SPH\GeoDualSPHysics_v5.2\examples\u-pw\04_Undrained_Triaxial\experiments\T4t_TruePlatenReaction\README.md","README.md",".md","185","2026/05/14 2:01:08"
"D:\MYF\SPH\GeoDualSPHysics_v5.2\examples\u-pw\04_Undrained_Triaxial\experiments\T4t_TruePlatenReaction\t4t_axial_stress_metrics.csv","t4t_axial_stress_metrics.csv",".csv","1108","2026/05/14 2:06:58"
"D:\MYF\SPH\GeoDualSPHysics_v5.2\examples\u-pw\04_Undrained_Triaxial\experiments\T4t_TruePlatenReaction\t4t_case_summary.csv","t4t_case_summary.csv",".csv","3045","2026/05/14 2:06:58"
"D:\MYF\SPH\GeoDualSPHysics_v5.2\examples\u-pw\04_Undrained_Triaxial\experiments\T4t_TruePlatenReaction\t4t_confinement_diagnostics.csv","t4t_confinement_diagnostics.csv",".csv","2891","2026/05/14 2:06:58"
"D:\MYF\SPH\GeoDualSPHysics_v5.2\examples\u-pw\04_Undrained_Triaxial\experiments\T4t_TruePlatenReaction\t4t_dp_plasticity_metrics.csv","t4t_dp_plasticity_metrics.csv",".csv","15381","2026/05/14 2:06:58"
"D:\MYF\SPH\GeoDualSPHysics_v5.2\examples\u-pw\04_Undrained_Triaxial\experiments\T4t_TruePlatenReaction\t4t_group_counts.csv","t4t_group_counts.csv",".csv","125","2026/05/14 2:06:58"
"D:\MYF\SPH\GeoDualSPHysics_v5.2\examples\u-pw\04_Undrained_Triaxial\experiments\T4t_TruePlatenReaction\t4t_measurement_region_metrics.csv","t4t_measurement_region_metrics.csv",".csv","29204","2026/05/14 2:06:58"
"D:\MYF\SPH\GeoDualSPHysics_v5.2\examples\u-pw\04_Undrained_Triaxial\experiments\T4t_TruePlatenReaction\t4t_platen_motion_metrics.csv","t4t_platen_motion_metrics.csv",".csv","15381","2026/05/14 2:06:58"
"D:\MYF\SPH\GeoDualSPHysics_v5.2\examples\u-pw\04_Undrained_Triaxial\experiments\T4t_TruePlatenReaction\t4t_pore_pressure_strain_metrics.csv","t4t_pore_pressure_strain_metrics.csv",".csv","15381","2026/05/14 2:06:58"
"D:\MYF\SPH\GeoDualSPHysics_v5.2\examples\u-pw\04_Undrained_Triaxial\experiments\T4t_TruePlatenReaction\t4t_reaction_vs_proxy_comparison.csv","t4t_reaction_vs_proxy_comparison.csv",".csv","1108","2026/05/14 2:06:58"
"D:\MYF\SPH\GeoDualSPHysics_v5.2\examples\u-pw\04_Undrained_Triaxial\experiments\T4t_TruePlatenReaction\t4t_stress_path_metrics.csv","t4t_stress_path_metrics.csv",".csv","15381","2026/05/14 2:06:58"
"D:\MYF\SPH\GeoDualSPHysics_v5.2\examples\u-pw\04_Undrained_Triaxial\experiments\T4t_TruePlatenReaction\t4t_true_reaction_metrics.csv","t4t_true_reaction_metrics.csv",".csv","3208","2026/05/14 2:06:58"
"D:\MYF\SPH\GeoDualSPHysics_v5.2\examples\u-pw\04_Undrained_Triaxial\experiments\T4t_TruePlatenReaction\xRun_CaseT4t_DPHighStrength_PlatenReaction_win64_CPU_release.bat","xRun_CaseT4t_DPHighStrength_PlatenReaction_win64_CPU_release.bat",".bat","526","2026/05/14 2:01:08"
"D:\MYF\SPH\GeoDualSPHysics_v5.2\examples\u-pw\04_Undrained_Triaxial\experiments\T4t_TruePlatenReaction\xRun_CaseT4t_DPMildYield_PlatenReaction_win64_CPU_release.bat","xRun_CaseT4t_DPMildYield_PlatenReaction_win64_CPU_release.bat",".bat","523","2026/05/14 2:01:08"
"D:\MYF\SPH\GeoDualSPHysics_v5.2\examples\u-pw\04_Undrained_Triaxial\experiments\T4t_TruePlatenReaction\xRun_CaseT4t_Elastic_PlatenReaction_win64_CPU_release.bat","xRun_CaseT4t_Elastic_PlatenReaction_win64_CPU_release.bat",".bat","519","2026/05/14 2:01:08"
"D:\MYF\SPH\GeoDualSPHysics_v5.2\examples\u-pw\04_Undrained_Triaxial\experiments\T5_DPFeedbackOffBaseline\analyze_t5_dp_feedback_off_triaxial.py","analyze_t5_dp_feedback_off_triaxial.py",".py","20590","2026/05/14 1:37:04"
"D:\MYF\SPH\GeoDualSPHysics_v5.2\examples\u-pw\04_Undrained_Triaxial\experiments\T5_DPFeedbackOffBaseline\CaseT5_DPHighStrength_PlatenLateralConfinement_Def.xml","CaseT5_DPHighStrength_PlatenLateralConfinement_Def.xml",".xml","7448","2026/05/14 1:37:39"
"D:\MYF\SPH\GeoDualSPHysics_v5.2\examples\u-pw\04_Undrained_Triaxial\experiments\T5_DPFeedbackOffBaseline\CaseT5_DPMildYield_PlatenLateralConfinement_Def.xml","CaseT5_DPMildYield_PlatenLateralConfinement_Def.xml",".xml","7437","2026/05/14 1:37:39"
"D:\MYF\SPH\GeoDualSPHysics_v5.2\examples\u-pw\04_Undrained_Triaxial\experiments\T5_DPFeedbackOffBaseline\figures\t5_axial_strain_proxy.png","t5_axial_strain_proxy.png",".png","65794","2026/05/14 1:37:57"
"D:\MYF\SPH\GeoDualSPHysics_v5.2\examples\u-pw\04_Undrained_Triaxial\experiments\T5_DPFeedbackOffBaseline\figures\t5_axial_strain_proxy.svg","t5_axial_strain_proxy.svg",".svg","32753","2026/05/14 1:37:57"
"D:\MYF\SPH\GeoDualSPHysics_v5.2\examples\u-pw\04_Undrained_Triaxial\experiments\T5_DPFeedbackOffBaseline\figures\t5_axial_stress_proxy.png","t5_axial_stress_proxy.png",".png","58853","2026/05/14 1:37:58"
"D:\MYF\SPH\GeoDualSPHysics_v5.2\examples\u-pw\04_Undrained_Triaxial\experiments\T5_DPFeedbackOffBaseline\figures\t5_axial_stress_proxy.svg","t5_axial_stress_proxy.svg",".svg","32090","2026/05/14 1:37:58"
"D:\MYF\SPH\GeoDualSPHysics_v5.2\examples\u-pw\04_Undrained_Triaxial\experiments\T5_DPFeedbackOffBaseline\figures\t5_divvel_maxabs.png","t5_divvel_maxabs.png",".png","74862","2026/05/14 1:37:59"
"D:\MYF\SPH\GeoDualSPHysics_v5.2\examples\u-pw\04_Undrained_Triaxial\experiments\T5_DPFeedbackOffBaseline\figures\t5_divvel_maxabs.svg","t5_divvel_maxabs.svg",".svg","35100","2026/05/14 1:37:59"
"D:\MYF\SPH\GeoDualSPHysics_v5.2\examples\u-pw\04_Undrained_Triaxial\experiments\T5_DPFeedbackOffBaseline\figures\t5_kplastic_max.png","t5_kplastic_max.png",".png","47293","2026/05/14 1:37:59"
"D:\MYF\SPH\GeoDualSPHysics_v5.2\examples\u-pw\04_Undrained_Triaxial\experiments\T5_DPFeedbackOffBaseline\figures\t5_kplastic_max.svg","t5_kplastic_max.svg",".svg","30840","2026/05/14 1:37:59"
"D:\MYF\SPH\GeoDualSPHysics_v5.2\examples\u-pw\04_Undrained_Triaxial\experiments\T5_DPFeedbackOffBaseline\figures\t5_kplastic_nonzero_count.png","t5_kplastic_nonzero_count.png",".png","50016","2026/05/14 1:38:00"
"D:\MYF\SPH\GeoDualSPHysics_v5.2\examples\u-pw\04_Undrained_Triaxial\experiments\T5_DPFeedbackOffBaseline\figures\t5_kplastic_nonzero_count.svg","t5_kplastic_nonzero_count.svg",".svg","33263","2026/05/14 1:38:00"
"D:\MYF\SPH\GeoDualSPHysics_v5.2\examples\u-pw\04_Undrained_Triaxial\experiments\T5_DPFeedbackOffBaseline\figures\t5_lateral_confinement_accel.png","t5_lateral_confinement_accel.png",".png","41128","2026/05/14 1:38:00"
"D:\MYF\SPH\GeoDualSPHysics_v5.2\examples\u-pw\04_Undrained_Triaxial\experiments\T5_DPFeedbackOffBaseline\figures\t5_lateral_confinement_accel.svg","t5_lateral_confinement_accel.svg",".svg","33447","2026/05/14 1:38:00"
"D:\MYF\SPH\GeoDualSPHysics_v5.2\examples\u-pw\04_Undrained_Triaxial\experiments\T5_DPFeedbackOffBaseline\figures\t5_measurement_region_sensitivity.png","t5_measurement_region_sensitivity.png",".png","52091","2026/05/14 1:38:00"
"D:\MYF\SPH\GeoDualSPHysics_v5.2\examples\u-pw\04_Undrained_Triaxial\experiments\T5_DPFeedbackOffBaseline\figures\t5_measurement_region_sensitivity.svg","t5_measurement_region_sensitivity.svg",".svg","29010","2026/05/14 1:38:00"
"D:\MYF\SPH\GeoDualSPHysics_v5.2\examples\u-pw\04_Undrained_Triaxial\experiments\T5_DPFeedbackOffBaseline\figures\t5_p_eff_vs_axial_strain.png","t5_p_eff_vs_axial_strain.png",".png","61658","2026/05/14 1:37:59"
"D:\MYF\SPH\GeoDualSPHysics_v5.2\examples\u-pw\04_Undrained_Triaxial\experiments\T5_DPFeedbackOffBaseline\figures\t5_p_eff_vs_axial_strain.svg","t5_p_eff_vs_axial_strain.svg",".svg","33088","2026/05/14 1:37:59"
"D:\MYF\SPH\GeoDualSPHysics_v5.2\examples\u-pw\04_Undrained_Triaxial\experiments\T5_DPFeedbackOffBaseline\figures\t5_pore_pressure_strain.png","t5_pore_pressure_strain.png",".png","66896","2026/05/14 1:37:59"
"D:\MYF\SPH\GeoDualSPHysics_v5.2\examples\u-pw\04_Undrained_Triaxial\experiments\T5_DPFeedbackOffBaseline\figures\t5_pore_pressure_strain.svg","t5_pore_pressure_strain.svg",".svg","32203","2026/05/14 1:37:59"
"D:\MYF\SPH\GeoDualSPHysics_v5.2\examples\u-pw\04_Undrained_Triaxial\experiments\T5_DPFeedbackOffBaseline\figures\t5_pore_pressure_time.png","t5_pore_pressure_time.png",".png","62508","2026/05/14 1:37:59"
"D:\MYF\SPH\GeoDualSPHysics_v5.2\examples\u-pw\04_Undrained_Triaxial\experiments\T5_DPFeedbackOffBaseline\figures\t5_pore_pressure_time.svg","t5_pore_pressure_time.svg",".svg","31718","2026/05/14 1:37:59"
"D:\MYF\SPH\GeoDualSPHysics_v5.2\examples\u-pw\04_Undrained_Triaxial\experiments\T5_DPFeedbackOffBaseline\figures\t5_porepressrate_maxabs.png","t5_porepressrate_maxabs.png",".png","68431","2026/05/14 1:38:00"
"D:\MYF\SPH\GeoDualSPHysics_v5.2\examples\u-pw\04_Undrained_Triaxial\experiments\T5_DPFeedbackOffBaseline\figures\t5_porepressrate_maxabs.svg","t5_porepressrate_maxabs.svg",".svg","32814","2026/05/14 1:38:00"
"D:\MYF\SPH\GeoDualSPHysics_v5.2\examples\u-pw\04_Undrained_Triaxial\experiments\T5_DPFeedbackOffBaseline\figures\t5_pq_proxy.png","t5_pq_proxy.png",".png","50331","2026/05/14 1:37:58"
"D:\MYF\SPH\GeoDualSPHysics_v5.2\examples\u-pw\04_Undrained_Triaxial\experiments\T5_DPFeedbackOffBaseline\figures\t5_pq_proxy.svg","t5_pq_proxy.svg",".svg","32042","2026/05/14 1:37:58"
"D:\MYF\SPH\GeoDualSPHysics_v5.2\examples\u-pw\04_Undrained_Triaxial\experiments\T5_DPFeedbackOffBaseline\figures\t5_q_vs_axial_strain.png","t5_q_vs_axial_strain.png",".png","60193","2026/05/14 1:37:58"
"D:\MYF\SPH\GeoDualSPHysics_v5.2\examples\u-pw\04_Undrained_Triaxial\experiments\T5_DPFeedbackOffBaseline\figures\t5_q_vs_axial_strain.svg","t5_q_vs_axial_strain.svg",".svg","31936","2026/05/14 1:37:58"
"D:\MYF\SPH\GeoDualSPHysics_v5.2\examples\u-pw\04_Undrained_Triaxial\experiments\T5_DPFeedbackOffBaseline\figures\t5_q_vs_time.png","t5_q_vs_time.png",".png","54220","2026/05/14 1:37:58"
"D:\MYF\SPH\GeoDualSPHysics_v5.2\examples\u-pw\04_Undrained_Triaxial\experiments\T5_DPFeedbackOffBaseline\figures\t5_q_vs_time.svg","t5_q_vs_time.svg",".svg","31531","2026/05/14 1:37:58"
"D:\MYF\SPH\GeoDualSPHysics_v5.2\examples\u-pw\04_Undrained_Triaxial\experiments\T5_DPFeedbackOffBaseline\figures\t5_reaction_force_proxy.png","t5_reaction_force_proxy.png",".png","56447","2026/05/14 1:37:58"
"D:\MYF\SPH\GeoDualSPHysics_v5.2\examples\u-pw\04_Undrained_Triaxial\experiments\T5_DPFeedbackOffBaseline\figures\t5_reaction_force_proxy.svg","t5_reaction_force_proxy.svg",".svg","32922","2026/05/14 1:37:58"
"D:\MYF\SPH\GeoDualSPHysics_v5.2\examples\u-pw\04_Undrained_Triaxial\experiments\T5_DPFeedbackOffBaseline\figures\t5_top_platen_displacement.png","t5_top_platen_displacement.png",".png","53252","2026/05/14 1:37:57"
"D:\MYF\SPH\GeoDualSPHysics_v5.2\examples\u-pw\04_Undrained_Triaxial\experiments\T5_DPFeedbackOffBaseline\figures\t5_top_platen_displacement.svg","t5_top_platen_displacement.svg",".svg","32832","2026/05/14 1:37:57"
"D:\MYF\SPH\GeoDualSPHysics_v5.2\examples\u-pw\04_Undrained_Triaxial\experiments\T5_DPFeedbackOffBaseline\figures\t5_velocity_max.png","t5_velocity_max.png",".png","53071","2026/05/14 1:38:00"
"D:\MYF\SPH\GeoDualSPHysics_v5.2\examples\u-pw\04_Undrained_Triaxial\experiments\T5_DPFeedbackOffBaseline\figures\t5_velocity_max.svg","t5_velocity_max.svg",".svg","32656","2026/05/14 1:38:00"
"D:\MYF\SPH\GeoDualSPHysics_v5.2\examples\u-pw\04_Undrained_Triaxial\experiments\T5_DPFeedbackOffBaseline\make_t5_cases.py","make_t5_cases.py",".py","9962","2026/05/14 1:36:20"
"D:\MYF\SPH\GeoDualSPHysics_v5.2\examples\u-pw\04_Undrained_Triaxial\experiments\T5_DPFeedbackOffBaseline\README.md","README.md",".md","185","2026/05/14 1:37:39"
"D:\MYF\SPH\GeoDualSPHysics_v5.2\examples\u-pw\04_Undrained_Triaxial\experiments\T5_DPFeedbackOffBaseline\t5_case_summary.csv","t5_case_summary.csv",".csv","1872","2026/05/14 1:37:57"
"D:\MYF\SPH\GeoDualSPHysics_v5.2\examples\u-pw\04_Undrained_Triaxial\experiments\T5_DPFeedbackOffBaseline\t5_confinement_diagnostics.csv","t5_confinement_diagnostics.csv",".csv","2092","2026/05/14 1:37:57"
"D:\MYF\SPH\GeoDualSPHysics_v5.2\examples\u-pw\04_Undrained_Triaxial\experiments\T5_DPFeedbackOffBaseline\t5_dp_plasticity_metrics.csv","t5_dp_plasticity_metrics.csv",".csv","10595","2026/05/14 1:37:57"
"D:\MYF\SPH\GeoDualSPHysics_v5.2\examples\u-pw\04_Undrained_Triaxial\experiments\T5_DPFeedbackOffBaseline\t5_group_counts.csv","t5_group_counts.csv",".csv","106","2026/05/14 1:37:57"
"D:\MYF\SPH\GeoDualSPHysics_v5.2\examples\u-pw\04_Undrained_Triaxial\experiments\T5_DPFeedbackOffBaseline\t5_measurement_region_metrics.csv","t5_measurement_region_metrics.csv",".csv","20011","2026/05/14 1:37:57"
"D:\MYF\SPH\GeoDualSPHysics_v5.2\examples\u-pw\04_Undrained_Triaxial\experiments\T5_DPFeedbackOffBaseline\t5_platen_motion_metrics.csv","t5_platen_motion_metrics.csv",".csv","10595","2026/05/14 1:37:57"
"D:\MYF\SPH\GeoDualSPHysics_v5.2\examples\u-pw\04_Undrained_Triaxial\experiments\T5_DPFeedbackOffBaseline\t5_pore_pressure_strain_metrics.csv","t5_pore_pressure_strain_metrics.csv",".csv","10595","2026/05/14 1:37:57"
"D:\MYF\SPH\GeoDualSPHysics_v5.2\examples\u-pw\04_Undrained_Triaxial\experiments\T5_DPFeedbackOffBaseline\t5_reaction_proxy_metrics.csv","t5_reaction_proxy_metrics.csv",".csv","10595","2026/05/14 1:37:57"
"D:\MYF\SPH\GeoDualSPHysics_v5.2\examples\u-pw\04_Undrained_Triaxial\experiments\T5_DPFeedbackOffBaseline\t5_specimen_stress_path_proxy.csv","t5_specimen_stress_path_proxy.csv",".csv","10595","2026/05/14 1:37:57"
"D:\MYF\SPH\GeoDualSPHysics_v5.2\examples\u-pw\04_Undrained_Triaxial\experiments\T5_DPFeedbackOffBaseline\xRun_CaseT5_DPHighStrength_PlatenLateralConfinement_win64_CPU_release.bat","xRun_CaseT5_DPHighStrength_PlatenLateralConfinement_win64_CPU_release.bat",".bat","534","2026/05/14 1:37:39"
"D:\MYF\SPH\GeoDualSPHysics_v5.2\examples\u-pw\04_Undrained_Triaxial\experiments\T5_DPFeedbackOffBaseline\xRun_CaseT5_DPMildYield_PlatenLateralConfinement_win64_CPU_release.bat","xRun_CaseT5_DPMildYield_PlatenLateralConfinement_win64_CPU_release.bat",".bat","531","2026/05/14 1:37:39"
"D:\MYF\SPH\GeoDualSPHysics_v5.2\examples\u-pw\04_Undrained_Triaxial\experiments\T5b_DPFeedbackOffRefinement\analyze_t5b_dp_feedback_off_refinement.py","analyze_t5b_dp_feedback_off_refinement.py",".py","29120","2026/05/14 2:17:24"
"D:\MYF\SPH\GeoDualSPHysics_v5.2\examples\u-pw\04_Undrained_Triaxial\experiments\T5b_DPFeedbackOffRefinement\CaseT5b_DPHighStrength_ReactionRefinement_Def.xml","CaseT5b_DPHighStrength_ReactionRefinement_Def.xml",".xml","7787","2026/05/14 2:17:53"
"D:\MYF\SPH\GeoDualSPHysics_v5.2\examples\u-pw\04_Undrained_Triaxial\experiments\T5b_DPFeedbackOffRefinement\CaseT5b_DPMildYield_ReactionRefinement_Def.xml","CaseT5b_DPMildYield_ReactionRefinement_Def.xml",".xml","7770","2026/05/14 2:17:53"
"D:\MYF\SPH\GeoDualSPHysics_v5.2\examples\u-pw\04_Undrained_Triaxial\experiments\T5b_DPFeedbackOffRefinement\CaseT5b_Elastic_ReactionRefinement_Def.xml","CaseT5b_Elastic_ReactionRefinement_Def.xml",".xml","7754","2026/05/14 2:17:53"
"D:\MYF\SPH\GeoDualSPHysics_v5.2\examples\u-pw\04_Undrained_Triaxial\experiments\T5b_DPFeedbackOffRefinement\figures\t5b_axial_strain_proxy.png","t5b_axial_strain_proxy.png",".png","69442","2026/05/14 2:18:21"
"D:\MYF\SPH\GeoDualSPHysics_v5.2\examples\u-pw\04_Undrained_Triaxial\experiments\T5b_DPFeedbackOffRefinement\figures\t5b_axial_strain_proxy.svg","t5b_axial_strain_proxy.svg",".svg","35995","2026/05/14 2:18:21"
"D:\MYF\SPH\GeoDualSPHysics_v5.2\examples\u-pw\04_Undrained_Triaxial\experiments\T5b_DPFeedbackOffRefinement\figures\t5b_axial_stress_proxy.png","t5b_axial_stress_proxy.png",".png","62719","2026/05/14 2:18:21"
"D:\MYF\SPH\GeoDualSPHysics_v5.2\examples\u-pw\04_Undrained_Triaxial\experiments\T5b_DPFeedbackOffRefinement\figures\t5b_axial_stress_proxy.svg","t5b_axial_stress_proxy.svg",".svg","35812","2026/05/14 2:18:21"
"D:\MYF\SPH\GeoDualSPHysics_v5.2\examples\u-pw\04_Undrained_Triaxial\experiments\T5b_DPFeedbackOffRefinement\figures\t5b_bottom_reaction_axial_stress.png","t5b_bottom_reaction_axial_stress.png",".png","57812","2026/05/14 2:18:25"
"D:\MYF\SPH\GeoDualSPHysics_v5.2\examples\u-pw\04_Undrained_Triaxial\experiments\T5b_DPFeedbackOffRefinement\figures\t5b_bottom_reaction_axial_stress.svg","t5b_bottom_reaction_axial_stress.svg",".svg","33969","2026/05/14 2:18:25"
"D:\MYF\SPH\GeoDualSPHysics_v5.2\examples\u-pw\04_Undrained_Triaxial\experiments\T5b_DPFeedbackOffRefinement\figures\t5b_bottom_reaction_fz.png","t5b_bottom_reaction_fz.png",".png","52296","2026/05/14 2:18:25"
"D:\MYF\SPH\GeoDualSPHysics_v5.2\examples\u-pw\04_Undrained_Triaxial\experiments\T5b_DPFeedbackOffRefinement\figures\t5b_bottom_reaction_fz.svg","t5b_bottom_reaction_fz.svg",".svg","34551","2026/05/14 2:18:24"
"D:\MYF\SPH\GeoDualSPHysics_v5.2\examples\u-pw\04_Undrained_Triaxial\experiments\T5b_DPFeedbackOffRefinement\figures\t5b_divvel_maxabs.png","t5b_divvel_maxabs.png",".png","79527","2026/05/14 2:18:23"
"D:\MYF\SPH\GeoDualSPHysics_v5.2\examples\u-pw\04_Undrained_Triaxial\experiments\T5b_DPFeedbackOffRefinement\figures\t5b_divvel_maxabs.svg","t5b_divvel_maxabs.svg",".svg","38839","2026/05/14 2:18:23"
"D:\MYF\SPH\GeoDualSPHysics_v5.2\examples\u-pw\04_Undrained_Triaxial\experiments\T5b_DPFeedbackOffRefinement\figures\t5b_force_balance_error.png","t5b_force_balance_error.png",".png","70699","2026/05/14 2:18:25"
"D:\MYF\SPH\GeoDualSPHysics_v5.2\examples\u-pw\04_Undrained_Triaxial\experiments\T5b_DPFeedbackOffRefinement\figures\t5b_force_balance_error.svg","t5b_force_balance_error.svg",".svg","34193","2026/05/14 2:18:25"
"D:\MYF\SPH\GeoDualSPHysics_v5.2\examples\u-pw\04_Undrained_Triaxial\experiments\T5b_DPFeedbackOffRefinement\figures\t5b_kplastic_max.png","t5b_kplastic_max.png",".png","51412","2026/05/14 2:18:23"
"D:\MYF\SPH\GeoDualSPHysics_v5.2\examples\u-pw\04_Undrained_Triaxial\experiments\T5b_DPFeedbackOffRefinement\figures\t5b_kplastic_max.svg","t5b_kplastic_max.svg",".svg","34042","2026/05/14 2:18:23"
"D:\MYF\SPH\GeoDualSPHysics_v5.2\examples\u-pw\04_Undrained_Triaxial\experiments\T5b_DPFeedbackOffRefinement\figures\t5b_kplastic_nonzero_count.png","t5b_kplastic_nonzero_count.png",".png","53910","2026/05/14 2:18:23"
"D:\MYF\SPH\GeoDualSPHysics_v5.2\examples\u-pw\04_Undrained_Triaxial\experiments\T5b_DPFeedbackOffRefinement\figures\t5b_kplastic_nonzero_count.svg","t5b_kplastic_nonzero_count.svg",".svg","36493","2026/05/14 2:18:23"
"D:\MYF\SPH\GeoDualSPHysics_v5.2\examples\u-pw\04_Undrained_Triaxial\experiments\T5b_DPFeedbackOffRefinement\figures\t5b_lateral_confinement_accel.png","t5b_lateral_confinement_accel.png",".png","42662","2026/05/14 2:18:24"
"D:\MYF\SPH\GeoDualSPHysics_v5.2\examples\u-pw\04_Undrained_Triaxial\experiments\T5b_DPFeedbackOffRefinement\figures\t5b_lateral_confinement_accel.svg","t5b_lateral_confinement_accel.svg",".svg","35494","2026/05/14 2:18:24"
"D:\MYF\SPH\GeoDualSPHysics_v5.2\examples\u-pw\04_Undrained_Triaxial\experiments\T5b_DPFeedbackOffRefinement\figures\t5b_measurement_region_sensitivity.png","t5b_measurement_region_sensitivity.png",".png","55820","2026/05/14 2:18:24"
"D:\MYF\SPH\GeoDualSPHysics_v5.2\examples\u-pw\04_Undrained_Triaxial\experiments\T5b_DPFeedbackOffRefinement\figures\t5b_measurement_region_sensitivity.svg","t5b_measurement_region_sensitivity.svg",".svg","30943","2026/05/14 2:18:24"
"D:\MYF\SPH\GeoDualSPHysics_v5.2\examples\u-pw\04_Undrained_Triaxial\experiments\T5b_DPFeedbackOffRefinement\figures\t5b_p_eff_vs_axial_strain.png","t5b_p_eff_vs_axial_strain.png",".png","66147","2026/05/14 2:18:22"
"D:\MYF\SPH\GeoDualSPHysics_v5.2\examples\u-pw\04_Undrained_Triaxial\experiments\T5b_DPFeedbackOffRefinement\figures\t5b_p_eff_vs_axial_strain.svg","t5b_p_eff_vs_axial_strain.svg",".svg","36339","2026/05/14 2:18:22"
"D:\MYF\SPH\GeoDualSPHysics_v5.2\examples\u-pw\04_Undrained_Triaxial\experiments\T5b_DPFeedbackOffRefinement\figures\t5b_pairwise_reaction_vs_strain.png","t5b_pairwise_reaction_vs_strain.png",".png","59177","2026/05/14 2:18:25"
"D:\MYF\SPH\GeoDualSPHysics_v5.2\examples\u-pw\04_Undrained_Triaxial\experiments\T5b_DPFeedbackOffRefinement\figures\t5b_pairwise_reaction_vs_strain.svg","t5b_pairwise_reaction_vs_strain.svg",".svg","36617","2026/05/14 2:18:25"
"D:\MYF\SPH\GeoDualSPHysics_v5.2\examples\u-pw\04_Undrained_Triaxial\experiments\T5b_DPFeedbackOffRefinement\figures\t5b_pore_pressure_strain.png","t5b_pore_pressure_strain.png",".png","71635","2026/05/14 2:18:23"
"D:\MYF\SPH\GeoDualSPHysics_v5.2\examples\u-pw\04_Undrained_Triaxial\experiments\T5b_DPFeedbackOffRefinement\figures\t5b_pore_pressure_strain.svg","t5b_pore_pressure_strain.svg",".svg","35454","2026/05/14 2:18:23"
"D:\MYF\SPH\GeoDualSPHysics_v5.2\examples\u-pw\04_Undrained_Triaxial\experiments\T5b_DPFeedbackOffRefinement\figures\t5b_pore_pressure_time.png","t5b_pore_pressure_time.png",".png","66872","2026/05/14 2:18:22"
"D:\MYF\SPH\GeoDualSPHysics_v5.2\examples\u-pw\04_Undrained_Triaxial\experiments\T5b_DPFeedbackOffRefinement\figures\t5b_pore_pressure_time.svg","t5b_pore_pressure_time.svg",".svg","34975","2026/05/14 2:18:22"
"D:\MYF\SPH\GeoDualSPHysics_v5.2\examples\u-pw\04_Undrained_Triaxial\experiments\T5b_DPFeedbackOffRefinement\figures\t5b_porepressrate_maxabs.png","t5b_porepressrate_maxabs.png",".png","73236","2026/05/14 2:18:24"
"D:\MYF\SPH\GeoDualSPHysics_v5.2\examples\u-pw\04_Undrained_Triaxial\experiments\T5b_DPFeedbackOffRefinement\figures\t5b_porepressrate_maxabs.svg","t5b_porepressrate_maxabs.svg",".svg","36556","2026/05/14 2:18:24"
"D:\MYF\SPH\GeoDualSPHysics_v5.2\examples\u-pw\04_Undrained_Triaxial\experiments\T5b_DPFeedbackOffRefinement\figures\t5b_pq_proxy.png","t5b_pq_proxy.png",".png","54253","2026/05/14 2:18:22"
"D:\MYF\SPH\GeoDualSPHysics_v5.2\examples\u-pw\04_Undrained_Triaxial\experiments\T5b_DPFeedbackOffRefinement\figures\t5b_pq_proxy.svg","t5b_pq_proxy.svg",".svg","35758","2026/05/14 2:18:22"
"D:\MYF\SPH\GeoDualSPHysics_v5.2\examples\u-pw\04_Undrained_Triaxial\experiments\T5b_DPFeedbackOffRefinement\figures\t5b_q_vs_axial_strain.png","t5b_q_vs_axial_strain.png",".png","63645","2026/05/14 2:18:22"
"D:\MYF\SPH\GeoDualSPHysics_v5.2\examples\u-pw\04_Undrained_Triaxial\experiments\T5b_DPFeedbackOffRefinement\figures\t5b_q_vs_axial_strain.svg","t5b_q_vs_axial_strain.svg",".svg","35189","2026/05/14 2:18:22"
"D:\MYF\SPH\GeoDualSPHysics_v5.2\examples\u-pw\04_Undrained_Triaxial\experiments\T5b_DPFeedbackOffRefinement\figures\t5b_q_vs_time.png","t5b_q_vs_time.png",".png","57764","2026/05/14 2:18:22"
"D:\MYF\SPH\GeoDualSPHysics_v5.2\examples\u-pw\04_Undrained_Triaxial\experiments\T5b_DPFeedbackOffRefinement\figures\t5b_q_vs_time.svg","t5b_q_vs_time.svg",".svg","35226","2026/05/14 2:18:22"
"D:\MYF\SPH\GeoDualSPHysics_v5.2\examples\u-pw\04_Undrained_Triaxial\experiments\T5b_DPFeedbackOffRefinement\figures\t5b_reaction_axial_stress_vs_strain.png","t5b_reaction_axial_stress_vs_strain.png",".png","63216","2026/05/14 2:18:26"
"D:\MYF\SPH\GeoDualSPHysics_v5.2\examples\u-pw\04_Undrained_Triaxial\experiments\T5b_DPFeedbackOffRefinement\figures\t5b_reaction_axial_stress_vs_strain.svg","t5b_reaction_axial_stress_vs_strain.svg",".svg","36469","2026/05/14 2:18:26"
"D:\MYF\SPH\GeoDualSPHysics_v5.2\examples\u-pw\04_Undrained_Triaxial\experiments\T5b_DPFeedbackOffRefinement\figures\t5b_reaction_force_proxy.png","t5b_reaction_force_proxy.png",".png","60159","2026/05/14 2:18:21"
"D:\MYF\SPH\GeoDualSPHysics_v5.2\examples\u-pw\04_Undrained_Triaxial\experiments\T5b_DPFeedbackOffRefinement\figures\t5b_reaction_force_proxy.svg","t5b_reaction_force_proxy.svg",".svg","36144","2026/05/14 2:18:21"
"D:\MYF\SPH\GeoDualSPHysics_v5.2\examples\u-pw\04_Undrained_Triaxial\experiments\T5b_DPFeedbackOffRefinement\figures\t5b_reaction_proxy_ratio.png","t5b_reaction_proxy_ratio.png",".png","66781","2026/05/14 2:18:26"
"D:\MYF\SPH\GeoDualSPHysics_v5.2\examples\u-pw\04_Undrained_Triaxial\experiments\T5b_DPFeedbackOffRefinement\figures\t5b_reaction_proxy_ratio.svg","t5b_reaction_proxy_ratio.svg",".svg","34413","2026/05/14 2:18:26"
"D:\MYF\SPH\GeoDualSPHysics_v5.2\examples\u-pw\04_Undrained_Triaxial\experiments\T5b_DPFeedbackOffRefinement\figures\t5b_top_platen_displacement.png","t5b_top_platen_displacement.png",".png","55157","2026/05/14 2:18:21"
"D:\MYF\SPH\GeoDualSPHysics_v5.2\examples\u-pw\04_Undrained_Triaxial\experiments\T5b_DPFeedbackOffRefinement\figures\t5b_top_platen_displacement.svg","t5b_top_platen_displacement.svg",".svg","36074","2026/05/14 2:18:21"
"D:\MYF\SPH\GeoDualSPHysics_v5.2\examples\u-pw\04_Undrained_Triaxial\experiments\T5b_DPFeedbackOffRefinement\figures\t5b_top_reaction_axial_stress.png","t5b_top_reaction_axial_stress.png",".png","70028","2026/05/14 2:18:25"
"D:\MYF\SPH\GeoDualSPHysics_v5.2\examples\u-pw\04_Undrained_Triaxial\experiments\T5b_DPFeedbackOffRefinement\figures\t5b_top_reaction_axial_stress.svg","t5b_top_reaction_axial_stress.svg",".svg","34219","2026/05/14 2:18:25"
"D:\MYF\SPH\GeoDualSPHysics_v5.2\examples\u-pw\04_Undrained_Triaxial\experiments\T5b_DPFeedbackOffRefinement\figures\t5b_top_reaction_fz.png","t5b_top_reaction_fz.png",".png","60288","2026/05/14 2:18:24"
"D:\MYF\SPH\GeoDualSPHysics_v5.2\examples\u-pw\04_Undrained_Triaxial\experiments\T5b_DPFeedbackOffRefinement\figures\t5b_top_reaction_fz.svg","t5b_top_reaction_fz.svg",".svg","33914","2026/05/14 2:18:24"
"D:\MYF\SPH\GeoDualSPHysics_v5.2\examples\u-pw\04_Undrained_Triaxial\experiments\T5b_DPFeedbackOffRefinement\figures\t5b_velocity_max.png","t5b_velocity_max.png",".png","57555","2026/05/14 2:18:24"
"D:\MYF\SPH\GeoDualSPHysics_v5.2\examples\u-pw\04_Undrained_Triaxial\experiments\T5b_DPFeedbackOffRefinement\figures\t5b_velocity_max.svg","t5b_velocity_max.svg",".svg","35860","2026/05/14 2:18:23"
"D:\MYF\SPH\GeoDualSPHysics_v5.2\examples\u-pw\04_Undrained_Triaxial\experiments\T5b_DPFeedbackOffRefinement\make_t5b_cases.py","make_t5b_cases.py",".py","10756","2026/05/14 2:16:54"
"D:\MYF\SPH\GeoDualSPHysics_v5.2\examples\u-pw\04_Undrained_Triaxial\experiments\T5b_DPFeedbackOffRefinement\README.md","README.md",".md","192","2026/05/14 2:17:53"
"D:\MYF\SPH\GeoDualSPHysics_v5.2\examples\u-pw\04_Undrained_Triaxial\experiments\T5b_DPFeedbackOffRefinement\t5b_axial_stress_metrics.csv","t5b_axial_stress_metrics.csv",".csv","1108","2026/05/14 2:18:20"
"D:\MYF\SPH\GeoDualSPHysics_v5.2\examples\u-pw\04_Undrained_Triaxial\experiments\T5b_DPFeedbackOffRefinement\t5b_axial_stress_strain_metrics.csv","t5b_axial_stress_strain_metrics.csv",".csv","8093","2026/05/14 2:18:20"
"D:\MYF\SPH\GeoDualSPHysics_v5.2\examples\u-pw\04_Undrained_Triaxial\experiments\T5b_DPFeedbackOffRefinement\t5b_case_summary.csv","t5b_case_summary.csv",".csv","3057","2026/05/14 2:18:20"
"D:\MYF\SPH\GeoDualSPHysics_v5.2\examples\u-pw\04_Undrained_Triaxial\experiments\T5b_DPFeedbackOffRefinement\t5b_confinement_diagnostics.csv","t5b_confinement_diagnostics.csv",".csv","2891","2026/05/14 2:18:20"
"D:\MYF\SPH\GeoDualSPHysics_v5.2\examples\u-pw\04_Undrained_Triaxial\experiments\T5b_DPFeedbackOffRefinement\t5b_dp_plasticity_metrics.csv","t5b_dp_plasticity_metrics.csv",".csv","15381","2026/05/14 2:18:20"
"D:\MYF\SPH\GeoDualSPHysics_v5.2\examples\u-pw\04_Undrained_Triaxial\experiments\T5b_DPFeedbackOffRefinement\t5b_group_counts.csv","t5b_group_counts.csv",".csv","125","2026/05/14 2:18:20"
"D:\MYF\SPH\GeoDualSPHysics_v5.2\examples\u-pw\04_Undrained_Triaxial\experiments\T5b_DPFeedbackOffRefinement\t5b_measurement_region_metrics.csv","t5b_measurement_region_metrics.csv",".csv","29204","2026/05/14 2:18:20"
"D:\MYF\SPH\GeoDualSPHysics_v5.2\examples\u-pw\04_Undrained_Triaxial\experiments\T5b_DPFeedbackOffRefinement\t5b_platen_motion_metrics.csv","t5b_platen_motion_metrics.csv",".csv","15381","2026/05/14 2:18:20"
"D:\MYF\SPH\GeoDualSPHysics_v5.2\examples\u-pw\04_Undrained_Triaxial\experiments\T5b_DPFeedbackOffRefinement\t5b_platen_reaction_metrics.csv","t5b_platen_reaction_metrics.csv",".csv","5363","2026/05/14 2:18:20"
"D:\MYF\SPH\GeoDualSPHysics_v5.2\examples\u-pw\04_Undrained_Triaxial\experiments\T5b_DPFeedbackOffRefinement\t5b_pore_pressure_metrics.csv","t5b_pore_pressure_metrics.csv",".csv","15381","2026/05/14 2:18:20"
"D:\MYF\SPH\GeoDualSPHysics_v5.2\examples\u-pw\04_Undrained_Triaxial\experiments\T5b_DPFeedbackOffRefinement\t5b_pore_pressure_strain_metrics.csv","t5b_pore_pressure_strain_metrics.csv",".csv","15381","2026/05/14 2:18:20"
"D:\MYF\SPH\GeoDualSPHysics_v5.2\examples\u-pw\04_Undrained_Triaxial\experiments\T5b_DPFeedbackOffRefinement\t5b_reaction_vs_proxy_comparison.csv","t5b_reaction_vs_proxy_comparison.csv",".csv","1108","2026/05/14 2:18:20"
"D:\MYF\SPH\GeoDualSPHysics_v5.2\examples\u-pw\04_Undrained_Triaxial\experiments\T5b_DPFeedbackOffRefinement\t5b_stress_path_metrics.csv","t5b_stress_path_metrics.csv",".csv","15381","2026/05/14 2:18:20"
"D:\MYF\SPH\GeoDualSPHysics_v5.2\examples\u-pw\04_Undrained_Triaxial\experiments\T5b_DPFeedbackOffRefinement\t5b_true_reaction_metrics.csv","t5b_true_reaction_metrics.csv",".csv","5363","2026/05/14 2:18:20"
"D:\MYF\SPH\GeoDualSPHysics_v5.2\examples\u-pw\04_Undrained_Triaxial\experiments\T5b_DPFeedbackOffRefinement\xRun_CaseT5b_DPHighStrength_ReactionRefinement_win64_CPU_release.bat","xRun_CaseT5b_DPHighStrength_ReactionRefinement_win64_CPU_release.bat",".bat","530","2026/05/14 2:17:53"
"D:\MYF\SPH\GeoDualSPHysics_v5.2\examples\u-pw\04_Undrained_Triaxial\experiments\T5b_DPFeedbackOffRefinement\xRun_CaseT5b_DPMildYield_ReactionRefinement_win64_CPU_release.bat","xRun_CaseT5b_DPMildYield_ReactionRefinement_win64_CPU_release.bat",".bat","527","2026/05/14 2:17:53"
"D:\MYF\SPH\GeoDualSPHysics_v5.2\examples\u-pw\04_Undrained_Triaxial\experiments\T5b_DPFeedbackOffRefinement\xRun_CaseT5b_Elastic_ReactionRefinement_win64_CPU_release.bat","xRun_CaseT5b_Elastic_ReactionRefinement_win64_CPU_release.bat",".bat","523","2026/05/14 2:17:53"
"D:\MYF\SPH\GeoDualSPHysics_v5.2\examples\u-pw\04_Undrained_Triaxial\experiments\T5c_DPExtendedFeedbackOff\analyze_t5c_dp_extended_feedback_off.py","analyze_t5c_dp_extended_feedback_off.py",".py","31621","2026/05/14 2:25:53"
"D:\MYF\SPH\GeoDualSPHysics_v5.2\examples\u-pw\04_Undrained_Triaxial\experiments\T5c_DPExtendedFeedbackOff\CaseT5c_DPHighStrength_ExtendedFeedbackOff_Def.xml","CaseT5c_DPHighStrength_ExtendedFeedbackOff_Def.xml",".xml","7798","2026/05/14 2:26:27"
"D:\MYF\SPH\GeoDualSPHysics_v5.2\examples\u-pw\04_Undrained_Triaxial\experiments\T5c_DPExtendedFeedbackOff\CaseT5c_DPMildYield_ExtendedFeedbackOff_Def.xml","CaseT5c_DPMildYield_ExtendedFeedbackOff_Def.xml",".xml","7786","2026/05/14 2:26:27"
"D:\MYF\SPH\GeoDualSPHysics_v5.2\examples\u-pw\04_Undrained_Triaxial\experiments\T5c_DPExtendedFeedbackOff\figures\t5c_axial_strain_proxy.png","t5c_axial_strain_proxy.png",".png","73289","2026/05/14 2:26:55"
"D:\MYF\SPH\GeoDualSPHysics_v5.2\examples\u-pw\04_Undrained_Triaxial\experiments\T5c_DPExtendedFeedbackOff\figures\t5c_axial_strain_proxy.svg","t5c_axial_strain_proxy.svg",".svg","40912","2026/05/14 2:30:29"
"D:\MYF\SPH\GeoDualSPHysics_v5.2\examples\u-pw\04_Undrained_Triaxial\experiments\T5c_DPExtendedFeedbackOff\figures\t5c_axial_stress_proxy.png","t5c_axial_stress_proxy.png",".png","57359","2026/05/14 2:26:55"
"D:\MYF\SPH\GeoDualSPHysics_v5.2\examples\u-pw\04_Undrained_Triaxial\experiments\T5c_DPExtendedFeedbackOff\figures\t5c_axial_stress_proxy.svg","t5c_axial_stress_proxy.svg",".svg","38354","2026/05/14 2:30:29"
"D:\MYF\SPH\GeoDualSPHysics_v5.2\examples\u-pw\04_Undrained_Triaxial\experiments\T5c_DPExtendedFeedbackOff\figures\t5c_bottom_reaction_axial_stress.png","t5c_bottom_reaction_axial_stress.png",".png","58807","2026/05/14 2:26:59"
"D:\MYF\SPH\GeoDualSPHysics_v5.2\examples\u-pw\04_Undrained_Triaxial\experiments\T5c_DPExtendedFeedbackOff\figures\t5c_bottom_reaction_axial_stress.svg","t5c_bottom_reaction_axial_stress.svg",".svg","36557","2026/05/14 2:30:29"
"D:\MYF\SPH\GeoDualSPHysics_v5.2\examples\u-pw\04_Undrained_Triaxial\experiments\T5c_DPExtendedFeedbackOff\figures\t5c_bottom_reaction_fz.png","t5c_bottom_reaction_fz.png",".png","55479","2026/05/14 2:26:58"
"D:\MYF\SPH\GeoDualSPHysics_v5.2\examples\u-pw\04_Undrained_Triaxial\experiments\T5c_DPExtendedFeedbackOff\figures\t5c_bottom_reaction_fz.svg","t5c_bottom_reaction_fz.svg",".svg","35848","2026/05/14 2:30:29"
"D:\MYF\SPH\GeoDualSPHysics_v5.2\examples\u-pw\04_Undrained_Triaxial\experiments\T5c_DPExtendedFeedbackOff\figures\t5c_divvel_maxabs.png","t5c_divvel_maxabs.png",".png","90977","2026/05/14 2:26:56"
"D:\MYF\SPH\GeoDualSPHysics_v5.2\examples\u-pw\04_Undrained_Triaxial\experiments\T5c_DPExtendedFeedbackOff\figures\t5c_divvel_maxabs.svg","t5c_divvel_maxabs.svg",".svg","41858","2026/05/14 2:30:29"
"D:\MYF\SPH\GeoDualSPHysics_v5.2\examples\u-pw\04_Undrained_Triaxial\experiments\T5c_DPExtendedFeedbackOff\figures\t5c_force_balance_error.png","t5c_force_balance_error.png",".png","70852","2026/05/14 2:26:59"
"D:\MYF\SPH\GeoDualSPHysics_v5.2\examples\u-pw\04_Undrained_Triaxial\experiments\T5c_DPExtendedFeedbackOff\figures\t5c_force_balance_error.svg","t5c_force_balance_error.svg",".svg","35021","2026/05/14 2:30:29"
"D:\MYF\SPH\GeoDualSPHysics_v5.2\examples\u-pw\04_Undrained_Triaxial\experiments\T5c_DPExtendedFeedbackOff\figures\t5c_kplastic_fraction.png","t5c_kplastic_fraction.png",".png","40243","2026/05/14 2:26:57"
"D:\MYF\SPH\GeoDualSPHysics_v5.2\examples\u-pw\04_Undrained_Triaxial\experiments\T5c_DPExtendedFeedbackOff\figures\t5c_kplastic_fraction.svg","t5c_kplastic_fraction.svg",".svg","38274","2026/05/14 2:30:29"
"D:\MYF\SPH\GeoDualSPHysics_v5.2\examples\u-pw\04_Undrained_Triaxial\experiments\T5c_DPExtendedFeedbackOff\figures\t5c_kplastic_growth_rate.png","t5c_kplastic_growth_rate.png",".png","61096","2026/05/14 2:27:00"
"D:\MYF\SPH\GeoDualSPHysics_v5.2\examples\u-pw\04_Undrained_Triaxial\experiments\T5c_DPExtendedFeedbackOff\figures\t5c_kplastic_growth_rate.svg","t5c_kplastic_growth_rate.svg",".svg","40033","2026/05/14 2:30:29"
"D:\MYF\SPH\GeoDualSPHysics_v5.2\examples\u-pw\04_Undrained_Triaxial\experiments\T5c_DPExtendedFeedbackOff\figures\t5c_kplastic_max.png","t5c_kplastic_max.png",".png","54894","2026/05/14 2:26:57"
"D:\MYF\SPH\GeoDualSPHysics_v5.2\examples\u-pw\04_Undrained_Triaxial\experiments\T5c_DPExtendedFeedbackOff\figures\t5c_kplastic_max.svg","t5c_kplastic_max.svg",".svg","40066","2026/05/14 2:30:29"
"D:\MYF\SPH\GeoDualSPHysics_v5.2\examples\u-pw\04_Undrained_Triaxial\experiments\T5c_DPExtendedFeedbackOff\figures\t5c_kplastic_mean.png","t5c_kplastic_mean.png",".png","49370","2026/05/14 2:26:57"
"D:\MYF\SPH\GeoDualSPHysics_v5.2\examples\u-pw\04_Undrained_Triaxial\experiments\T5c_DPExtendedFeedbackOff\figures\t5c_kplastic_mean.svg","t5c_kplastic_mean.svg",".svg","37074","2026/05/14 2:30:29"
"D:\MYF\SPH\GeoDualSPHysics_v5.2\examples\u-pw\04_Undrained_Triaxial\experiments\T5c_DPExtendedFeedbackOff\figures\t5c_kplastic_nonzero_count.png","t5c_kplastic_nonzero_count.png",".png","48415","2026/05/14 2:26:57"
"D:\MYF\SPH\GeoDualSPHysics_v5.2\examples\u-pw\04_Undrained_Triaxial\experiments\T5c_DPExtendedFeedbackOff\figures\t5c_kplastic_nonzero_count.svg","t5c_kplastic_nonzero_count.svg",".svg","40042","2026/05/14 2:30:29"
"D:\MYF\SPH\GeoDualSPHysics_v5.2\examples\u-pw\04_Undrained_Triaxial\experiments\T5c_DPExtendedFeedbackOff\figures\t5c_lateral_confinement_accel.png","t5c_lateral_confinement_accel.png",".png","41128","2026/05/14 2:26:58"
"D:\MYF\SPH\GeoDualSPHysics_v5.2\examples\u-pw\04_Undrained_Triaxial\experiments\T5c_DPExtendedFeedbackOff\figures\t5c_lateral_confinement_accel.svg","t5c_lateral_confinement_accel.svg",".svg","32867","2026/05/14 2:30:29"
"D:\MYF\SPH\GeoDualSPHysics_v5.2\examples\u-pw\04_Undrained_Triaxial\experiments\T5c_DPExtendedFeedbackOff\figures\t5c_measurement_region_sensitivity.png","t5c_measurement_region_sensitivity.png",".png","38631","2026/05/14 2:26:58"
"D:\MYF\SPH\GeoDualSPHysics_v5.2\examples\u-pw\04_Undrained_Triaxial\experiments\T5c_DPExtendedFeedbackOff\figures\t5c_measurement_region_sensitivity.svg","t5c_measurement_region_sensitivity.svg",".svg","25885","2026/05/14 2:30:29"
"D:\MYF\SPH\GeoDualSPHysics_v5.2\examples\u-pw\04_Undrained_Triaxial\experiments\T5c_DPExtendedFeedbackOff\figures\t5c_p_eff_vs_axial_strain.png","t5c_p_eff_vs_axial_strain.png",".png","62575","2026/05/14 2:26:56"
"D:\MYF\SPH\GeoDualSPHysics_v5.2\examples\u-pw\04_Undrained_Triaxial\experiments\T5c_DPExtendedFeedbackOff\figures\t5c_p_eff_vs_axial_strain.svg","t5c_p_eff_vs_axial_strain.svg",".svg","40551","2026/05/14 2:30:29"
"D:\MYF\SPH\GeoDualSPHysics_v5.2\examples\u-pw\04_Undrained_Triaxial\experiments\T5c_DPExtendedFeedbackOff\figures\t5c_pairwise_reaction_vs_strain.png","t5c_pairwise_reaction_vs_strain.png",".png","58358","2026/05/14 2:26:59"
"D:\MYF\SPH\GeoDualSPHysics_v5.2\examples\u-pw\04_Undrained_Triaxial\experiments\T5c_DPExtendedFeedbackOff\figures\t5c_pairwise_reaction_vs_strain.svg","t5c_pairwise_reaction_vs_strain.svg",".svg","40444","2026/05/14 2:30:29"
"D:\MYF\SPH\GeoDualSPHysics_v5.2\examples\u-pw\04_Undrained_Triaxial\experiments\T5c_DPExtendedFeedbackOff\figures\t5c_pore_pressure_strain.png","t5c_pore_pressure_strain.png",".png","72031","2026/05/14 2:26:56"
"D:\MYF\SPH\GeoDualSPHysics_v5.2\examples\u-pw\04_Undrained_Triaxial\experiments\T5c_DPExtendedFeedbackOff\figures\t5c_pore_pressure_strain.svg","t5c_pore_pressure_strain.svg",".svg","42637","2026/05/14 2:30:29"
"D:\MYF\SPH\GeoDualSPHysics_v5.2\examples\u-pw\04_Undrained_Triaxial\experiments\T5c_DPExtendedFeedbackOff\figures\t5c_pore_pressure_time.png","t5c_pore_pressure_time.png",".png","68851","2026/05/14 2:26:56"
"D:\MYF\SPH\GeoDualSPHysics_v5.2\examples\u-pw\04_Undrained_Triaxial\experiments\T5c_DPExtendedFeedbackOff\figures\t5c_pore_pressure_time.svg","t5c_pore_pressure_time.svg",".svg","41019","2026/05/14 2:30:29"
"D:\MYF\SPH\GeoDualSPHysics_v5.2\examples\u-pw\04_Undrained_Triaxial\experiments\T5c_DPExtendedFeedbackOff\figures\t5c_porepressrate_maxabs.png","t5c_porepressrate_maxabs.png",".png","86100","2026/05/14 2:26:58"
"D:\MYF\SPH\GeoDualSPHysics_v5.2\examples\u-pw\04_Undrained_Triaxial\experiments\T5c_DPExtendedFeedbackOff\figures\t5c_porepressrate_maxabs.svg","t5c_porepressrate_maxabs.svg",".svg","38902","2026/05/14 2:30:29"
"D:\MYF\SPH\GeoDualSPHysics_v5.2\examples\u-pw\04_Undrained_Triaxial\experiments\T5c_DPExtendedFeedbackOff\figures\t5c_pq_proxy.png","t5c_pq_proxy.png",".png","48033","2026/05/14 2:26:55"
"D:\MYF\SPH\GeoDualSPHysics_v5.2\examples\u-pw\04_Undrained_Triaxial\experiments\T5c_DPExtendedFeedbackOff\figures\t5c_pq_proxy.svg","t5c_pq_proxy.svg",".svg","38080","2026/05/14 2:30:29"
"D:\MYF\SPH\GeoDualSPHysics_v5.2\examples\u-pw\04_Undrained_Triaxial\experiments\T5c_DPExtendedFeedbackOff\figures\t5c_q_vs_axial_strain.png","t5c_q_vs_axial_strain.png",".png","56947","2026/05/14 2:26:56"
"D:\MYF\SPH\GeoDualSPHysics_v5.2\examples\u-pw\04_Undrained_Triaxial\experiments\T5c_DPExtendedFeedbackOff\figures\t5c_q_vs_axial_strain.svg","t5c_q_vs_axial_strain.svg",".svg","40271","2026/05/14 2:30:29"
"D:\MYF\SPH\GeoDualSPHysics_v5.2\examples\u-pw\04_Undrained_Triaxial\experiments\T5c_DPExtendedFeedbackOff\figures\t5c_q_vs_time.png","t5c_q_vs_time.png",".png","53264","2026/05/14 2:26:55"
"D:\MYF\SPH\GeoDualSPHysics_v5.2\examples\u-pw\04_Undrained_Triaxial\experiments\T5c_DPExtendedFeedbackOff\figures\t5c_q_vs_time.svg","t5c_q_vs_time.svg",".svg","38272","2026/05/14 2:30:29"
"D:\MYF\SPH\GeoDualSPHysics_v5.2\examples\u-pw\04_Undrained_Triaxial\experiments\T5c_DPExtendedFeedbackOff\figures\t5c_reaction_axial_stress_vs_strain.png","t5c_reaction_axial_stress_vs_strain.png",".png","62464","2026/05/14 2:26:59"
"D:\MYF\SPH\GeoDualSPHysics_v5.2\examples\u-pw\04_Undrained_Triaxial\experiments\T5c_DPExtendedFeedbackOff\figures\t5c_reaction_axial_stress_vs_strain.svg","t5c_reaction_axial_stress_vs_strain.svg",".svg","41642","2026/05/14 2:30:29"
"D:\MYF\SPH\GeoDualSPHysics_v5.2\examples\u-pw\04_Undrained_Triaxial\experiments\T5c_DPExtendedFeedbackOff\figures\t5c_reaction_force_proxy.png","t5c_reaction_force_proxy.png",".png","55955","2026/05/14 2:26:55"
"D:\MYF\SPH\GeoDualSPHysics_v5.2\examples\u-pw\04_Undrained_Triaxial\experiments\T5c_DPExtendedFeedbackOff\figures\t5c_reaction_force_proxy.svg","t5c_reaction_force_proxy.svg",".svg","38539","2026/05/14 2:30:29"
"D:\MYF\SPH\GeoDualSPHysics_v5.2\examples\u-pw\04_Undrained_Triaxial\experiments\T5c_DPExtendedFeedbackOff\figures\t5c_reaction_proxy_ratio.png","t5c_reaction_proxy_ratio.png",".png","62620","2026/05/14 2:27:00"
"D:\MYF\SPH\GeoDualSPHysics_v5.2\examples\u-pw\04_Undrained_Triaxial\experiments\T5c_DPExtendedFeedbackOff\figures\t5c_reaction_proxy_ratio.svg","t5c_reaction_proxy_ratio.svg",".svg","37355","2026/05/14 2:30:30"
"D:\MYF\SPH\GeoDualSPHysics_v5.2\examples\u-pw\04_Undrained_Triaxial\experiments\T5c_DPExtendedFeedbackOff\figures\t5c_top_platen_displacement.png","t5c_top_platen_displacement.png",".png","50368","2026/05/14 2:26:54"
"D:\MYF\SPH\GeoDualSPHysics_v5.2\examples\u-pw\04_Undrained_Triaxial\experiments\T5c_DPExtendedFeedbackOff\figures\t5c_top_platen_displacement.svg","t5c_top_platen_displacement.svg",".svg","38264","2026/05/14 2:30:30"
"D:\MYF\SPH\GeoDualSPHysics_v5.2\examples\u-pw\04_Undrained_Triaxial\experiments\T5c_DPExtendedFeedbackOff\figures\t5c_top_reaction_axial_stress.png","t5c_top_reaction_axial_stress.png",".png","61676","2026/05/14 2:26:59"
"D:\MYF\SPH\GeoDualSPHysics_v5.2\examples\u-pw\04_Undrained_Triaxial\experiments\T5c_DPExtendedFeedbackOff\figures\t5c_top_reaction_axial_stress.svg","t5c_top_reaction_axial_stress.svg",".svg","35315","2026/05/14 2:30:30"
"D:\MYF\SPH\GeoDualSPHysics_v5.2\examples\u-pw\04_Undrained_Triaxial\experiments\T5c_DPExtendedFeedbackOff\figures\t5c_top_reaction_fz.png","t5c_top_reaction_fz.png",".png","56866","2026/05/14 2:26:58"
"D:\MYF\SPH\GeoDualSPHysics_v5.2\examples\u-pw\04_Undrained_Triaxial\experiments\T5c_DPExtendedFeedbackOff\figures\t5c_top_reaction_fz.svg","t5c_top_reaction_fz.svg",".svg","34097","2026/05/14 2:30:30"
"D:\MYF\SPH\GeoDualSPHysics_v5.2\examples\u-pw\04_Undrained_Triaxial\experiments\T5c_DPExtendedFeedbackOff\figures\t5c_velocity_max.png","t5c_velocity_max.png",".png","50530","2026/05/14 2:26:57"
"D:\MYF\SPH\GeoDualSPHysics_v5.2\examples\u-pw\04_Undrained_Triaxial\experiments\T5c_DPExtendedFeedbackOff\figures\t5c_velocity_max.svg","t5c_velocity_max.svg",".svg","39633","2026/05/14 2:30:30"
"D:\MYF\SPH\GeoDualSPHysics_v5.2\examples\u-pw\04_Undrained_Triaxial\experiments\T5c_DPExtendedFeedbackOff\make_t5c_cases.py","make_t5c_cases.py",".py","10484","2026/05/14 2:24:17"
"D:\MYF\SPH\GeoDualSPHysics_v5.2\examples\u-pw\04_Undrained_Triaxial\experiments\T5c_DPExtendedFeedbackOff\README.md","README.md",".md","190","2026/05/14 2:26:27"
"D:\MYF\SPH\GeoDualSPHysics_v5.2\examples\u-pw\04_Undrained_Triaxial\experiments\T5c_DPExtendedFeedbackOff\t5c_axial_stress_metrics.csv","t5c_axial_stress_metrics.csv",".csv","849","2026/05/14 2:26:54"
"D:\MYF\SPH\GeoDualSPHysics_v5.2\examples\u-pw\04_Undrained_Triaxial\experiments\T5c_DPExtendedFeedbackOff\t5c_axial_stress_strain_metrics.csv","t5c_axial_stress_strain_metrics.csv",".csv","16164","2026/05/14 2:26:54"
"D:\MYF\SPH\GeoDualSPHysics_v5.2\examples\u-pw\04_Undrained_Triaxial\experiments\T5c_DPExtendedFeedbackOff\t5c_case_summary.csv","t5c_case_summary.csv",".csv","2479","2026/05/14 2:26:54"
"D:\MYF\SPH\GeoDualSPHysics_v5.2\examples\u-pw\04_Undrained_Triaxial\experiments\T5c_DPExtendedFeedbackOff\t5c_confinement_diagnostics.csv","t5c_confinement_diagnostics.csv",".csv","2092","2026/05/14 2:26:54"
"D:\MYF\SPH\GeoDualSPHysics_v5.2\examples\u-pw\04_Undrained_Triaxial\experiments\T5c_DPExtendedFeedbackOff\t5c_dp_plasticity_metrics.csv","t5c_dp_plasticity_metrics.csv",".csv","31369","2026/05/14 2:26:54"
"D:\MYF\SPH\GeoDualSPHysics_v5.2\examples\u-pw\04_Undrained_Triaxial\experiments\T5c_DPExtendedFeedbackOff\t5c_group_counts.csv","t5c_group_counts.csv",".csv","106","2026/05/14 2:26:54"
"D:\MYF\SPH\GeoDualSPHysics_v5.2\examples\u-pw\04_Undrained_Triaxial\experiments\T5c_DPExtendedFeedbackOff\t5c_measurement_region_metrics.csv","t5c_measurement_region_metrics.csv",".csv","21634","2026/05/14 2:26:54"
"D:\MYF\SPH\GeoDualSPHysics_v5.2\examples\u-pw\04_Undrained_Triaxial\experiments\T5c_DPExtendedFeedbackOff\t5c_platen_motion_metrics.csv","t5c_platen_motion_metrics.csv",".csv","31369","2026/05/14 2:26:54"
"D:\MYF\SPH\GeoDualSPHysics_v5.2\examples\u-pw\04_Undrained_Triaxial\experiments\T5c_DPExtendedFeedbackOff\t5c_platen_reaction_metrics.csv","t5c_platen_reaction_metrics.csv",".csv","8041","2026/05/14 2:26:54"
"D:\MYF\SPH\GeoDualSPHysics_v5.2\examples\u-pw\04_Undrained_Triaxial\experiments\T5c_DPExtendedFeedbackOff\t5c_pore_pressure_metrics.csv","t5c_pore_pressure_metrics.csv",".csv","31369","2026/05/14 2:26:54"
"D:\MYF\SPH\GeoDualSPHysics_v5.2\examples\u-pw\04_Undrained_Triaxial\experiments\T5c_DPExtendedFeedbackOff\t5c_pore_pressure_strain_metrics.csv","t5c_pore_pressure_strain_metrics.csv",".csv","31369","2026/05/14 2:26:54"
"D:\MYF\SPH\GeoDualSPHysics_v5.2\examples\u-pw\04_Undrained_Triaxial\experiments\T5c_DPExtendedFeedbackOff\t5c_reaction_vs_proxy_comparison.csv","t5c_reaction_vs_proxy_comparison.csv",".csv","849","2026/05/14 2:26:54"
"D:\MYF\SPH\GeoDualSPHysics_v5.2\examples\u-pw\04_Undrained_Triaxial\experiments\T5c_DPExtendedFeedbackOff\t5c_stability_metrics.csv","t5c_stability_metrics.csv",".csv","16156","2026/05/14 2:26:54"
"D:\MYF\SPH\GeoDualSPHysics_v5.2\examples\u-pw\04_Undrained_Triaxial\experiments\T5c_DPExtendedFeedbackOff\t5c_stress_path_metrics.csv","t5c_stress_path_metrics.csv",".csv","31369","2026/05/14 2:26:54"
"D:\MYF\SPH\GeoDualSPHysics_v5.2\examples\u-pw\04_Undrained_Triaxial\experiments\T5c_DPExtendedFeedbackOff\t5c_true_reaction_metrics.csv","t5c_true_reaction_metrics.csv",".csv","8041","2026/05/14 2:26:54"
"D:\MYF\SPH\GeoDualSPHysics_v5.2\examples\u-pw\04_Undrained_Triaxial\experiments\T5c_DPExtendedFeedbackOff\xRun_CaseT5c_DPHighStrength_ExtendedFeedbackOff_win64_CPU_release.bat","xRun_CaseT5c_DPHighStrength_ExtendedFeedbackOff_win64_CPU_release.bat",".bat","531","2026/05/14 2:26:27"
"D:\MYF\SPH\GeoDualSPHysics_v5.2\examples\u-pw\04_Undrained_Triaxial\experiments\T5c_DPExtendedFeedbackOff\xRun_CaseT5c_DPMildYield_ExtendedFeedbackOff_win64_CPU_release.bat","xRun_CaseT5c_DPMildYield_ExtendedFeedbackOff_win64_CPU_release.bat",".bat","528","2026/05/14 2:26:27"
"D:\MYF\SPH\GeoDualSPHysics_v5.2\examples\u-pw\04_Undrained_Triaxial\experiments\T5d_DPFeedbackOffPackage\figures\main_kplastic_evolution.png","main_kplastic_evolution.png",".png","65503","2026/05/14 2:41:06"
"D:\MYF\SPH\GeoDualSPHysics_v5.2\examples\u-pw\04_Undrained_Triaxial\experiments\T5d_DPFeedbackOffPackage\figures\main_kplastic_evolution.svg","main_kplastic_evolution.svg",".svg","54544","2026/05/14 2:41:09"
"D:\MYF\SPH\GeoDualSPHysics_v5.2\examples\u-pw\04_Undrained_Triaxial\experiments\T5d_DPFeedbackOffPackage\figures\main_pairwise_reaction_vs_fz_proxy_ratio.png","main_pairwise_reaction_vs_fz_proxy_ratio.png",".png","65312","2026/05/14 2:41:06"
"D:\MYF\SPH\GeoDualSPHysics_v5.2\examples\u-pw\04_Undrained_Triaxial\experiments\T5d_DPFeedbackOffPackage\figures\main_pairwise_reaction_vs_fz_proxy_ratio.svg","main_pairwise_reaction_vs_fz_proxy_ratio.svg",".svg","34262","2026/05/14 2:41:09"
"D:\MYF\SPH\GeoDualSPHysics_v5.2\examples\u-pw\04_Undrained_Triaxial\experiments\T5d_DPFeedbackOffPackage\figures\main_pore_pressure_vs_axial_strain.png","main_pore_pressure_vs_axial_strain.png",".png","41960","2026/05/14 2:41:06"
"D:\MYF\SPH\GeoDualSPHysics_v5.2\examples\u-pw\04_Undrained_Triaxial\experiments\T5d_DPFeedbackOffPackage\figures\main_pore_pressure_vs_axial_strain.svg","main_pore_pressure_vs_axial_strain.svg",".svg","34990","2026/05/14 2:41:09"
"D:\MYF\SPH\GeoDualSPHysics_v5.2\examples\u-pw\04_Undrained_Triaxial\experiments\T5d_DPFeedbackOffPackage\figures\main_pq_path.png","main_pq_path.png",".png","58280","2026/05/14 2:41:05"
"D:\MYF\SPH\GeoDualSPHysics_v5.2\examples\u-pw\04_Undrained_Triaxial\experiments\T5d_DPFeedbackOffPackage\figures\main_pq_path.svg","main_pq_path.svg",".svg","53019","2026/05/14 2:41:09"
"D:\MYF\SPH\GeoDualSPHysics_v5.2\examples\u-pw\04_Undrained_Triaxial\experiments\T5d_DPFeedbackOffPackage\figures\main_reaction_axial_stress_vs_axial_strain.png","main_reaction_axial_stress_vs_axial_strain.png",".png","70866","2026/05/14 2:41:05"
"D:\MYF\SPH\GeoDualSPHysics_v5.2\examples\u-pw\04_Undrained_Triaxial\experiments\T5d_DPFeedbackOffPackage\figures\main_reaction_axial_stress_vs_axial_strain.svg","main_reaction_axial_stress_vs_axial_strain.svg",".svg","55762","2026/05/14 2:41:09"
"D:\MYF\SPH\GeoDualSPHysics_v5.2\examples\u-pw\04_Undrained_Triaxial\experiments\T5d_DPFeedbackOffPackage\figures\supp_cap_leakage_final.png","supp_cap_leakage_final.png",".png","65303","2026/05/14 2:41:08"
"D:\MYF\SPH\GeoDualSPHysics_v5.2\examples\u-pw\04_Undrained_Triaxial\experiments\T5d_DPFeedbackOffPackage\figures\supp_cap_leakage_final.svg","supp_cap_leakage_final.svg",".svg","32811","2026/05/14 2:41:09"
"D:\MYF\SPH\GeoDualSPHysics_v5.2\examples\u-pw\04_Undrained_Triaxial\experiments\T5d_DPFeedbackOffPackage\figures\supp_divvel_maxabs.png","supp_divvel_maxabs.png",".png","38644","2026/05/14 2:41:07"
"D:\MYF\SPH\GeoDualSPHysics_v5.2\examples\u-pw\04_Undrained_Triaxial\experiments\T5d_DPFeedbackOffPackage\figures\supp_divvel_maxabs.svg","supp_divvel_maxabs.svg",".svg","34283","2026/05/14 2:41:09"
"D:\MYF\SPH\GeoDualSPHysics_v5.2\examples\u-pw\04_Undrained_Triaxial\experiments\T5d_DPFeedbackOffPackage\figures\supp_force_balance_error_final.png","supp_force_balance_error_final.png",".png","68040","2026/05/14 2:41:09"
"D:\MYF\SPH\GeoDualSPHysics_v5.2\examples\u-pw\04_Undrained_Triaxial\experiments\T5d_DPFeedbackOffPackage\figures\supp_force_balance_error_final.svg","supp_force_balance_error_final.svg",".svg","35162","2026/05/14 2:41:09"
"D:\MYF\SPH\GeoDualSPHysics_v5.2\examples\u-pw\04_Undrained_Triaxial\experiments\T5d_DPFeedbackOffPackage\figures\supp_kplastic_fraction.png","supp_kplastic_fraction.png",".png","37427","2026/05/14 2:41:08"
"D:\MYF\SPH\GeoDualSPHysics_v5.2\examples\u-pw\04_Undrained_Triaxial\experiments\T5d_DPFeedbackOffPackage\figures\supp_kplastic_fraction.svg","supp_kplastic_fraction.svg",".svg","33314","2026/05/14 2:41:09"
"D:\MYF\SPH\GeoDualSPHysics_v5.2\examples\u-pw\04_Undrained_Triaxial\experiments\T5d_DPFeedbackOffPackage\figures\supp_lateral_active_targets.png","supp_lateral_active_targets.png",".png","63632","2026/05/14 2:41:08"
"D:\MYF\SPH\GeoDualSPHysics_v5.2\examples\u-pw\04_Undrained_Triaxial\experiments\T5d_DPFeedbackOffPackage\figures\supp_lateral_active_targets.svg","supp_lateral_active_targets.svg",".svg","33000","2026/05/14 2:41:09"
"D:\MYF\SPH\GeoDualSPHysics_v5.2\examples\u-pw\04_Undrained_Triaxial\experiments\T5d_DPFeedbackOffPackage\figures\supp_porepressrate_maxabs.png","supp_porepressrate_maxabs.png",".png","42337","2026/05/14 2:41:07"
"D:\MYF\SPH\GeoDualSPHysics_v5.2\examples\u-pw\04_Undrained_Triaxial\experiments\T5d_DPFeedbackOffPackage\figures\supp_porepressrate_maxabs.svg","supp_porepressrate_maxabs.svg",".svg","35204","2026/05/14 2:41:09"
"D:\MYF\SPH\GeoDualSPHysics_v5.2\examples\u-pw\04_Undrained_Triaxial\experiments\T5d_DPFeedbackOffPackage\figures\supp_top_platen_displacement.png","supp_top_platen_displacement.png",".png","40875","2026/05/14 2:41:07"
"D:\MYF\SPH\GeoDualSPHysics_v5.2\examples\u-pw\04_Undrained_Triaxial\experiments\T5d_DPFeedbackOffPackage\figures\supp_top_platen_displacement.svg","supp_top_platen_displacement.svg",".svg","33987","2026/05/14 2:41:09"
"D:\MYF\SPH\GeoDualSPHysics_v5.2\examples\u-pw\04_Undrained_Triaxial\experiments\T5d_DPFeedbackOffPackage\figures\supp_velocity_max.png","supp_velocity_max.png",".png","38241","2026/05/14 2:41:07"
"D:\MYF\SPH\GeoDualSPHysics_v5.2\examples\u-pw\04_Undrained_Triaxial\experiments\T5d_DPFeedbackOffPackage\figures\supp_velocity_max.svg","supp_velocity_max.svg",".svg","33697","2026/05/14 2:41:09"
"D:\MYF\SPH\GeoDualSPHysics_v5.2\examples\u-pw\04_Undrained_Triaxial\experiments\T5d_DPFeedbackOffPackage\make_t5d_package.py","make_t5d_package.py",".py","19236","2026/05/14 2:40:56"
"D:\MYF\SPH\GeoDualSPHysics_v5.2\examples\u-pw\04_Undrained_Triaxial\experiments\T5d_DPFeedbackOffPackage\t5d_case_inventory.csv","t5d_case_inventory.csv",".csv","1504","2026/05/14 2:41:05"
"D:\MYF\SPH\GeoDualSPHysics_v5.2\examples\u-pw\04_Undrained_Triaxial\experiments\T5d_DPFeedbackOffPackage\t5d_plasticity_summary.csv","t5d_plasticity_summary.csv",".csv","770","2026/05/14 2:41:05"
"D:\MYF\SPH\GeoDualSPHysics_v5.2\examples\u-pw\04_Undrained_Triaxial\experiments\T5d_DPFeedbackOffPackage\t5d_pore_pressure_summary.csv","t5d_pore_pressure_summary.csv",".csv","823","2026/05/14 2:41:05"
"D:\MYF\SPH\GeoDualSPHysics_v5.2\examples\u-pw\04_Undrained_Triaxial\experiments\T5d_DPFeedbackOffPackage\t5d_reaction_comparison.csv","t5d_reaction_comparison.csv",".csv","1246","2026/05/14 2:41:05"
"D:\MYF\SPH\GeoDualSPHysics_v5.2\examples\u-pw\04_Undrained_Triaxial\experiments\T5d_DPFeedbackOffPackage\t5d_stress_path_comparison.csv","t5d_stress_path_comparison.csv",".csv","49088","2026/05/14 2:41:05"
"D:\MYF\SPH\GeoDualSPHysics_v5.2\examples\u-pw\04_Undrained_Triaxial\experiments\T5d_DPFeedbackOffPackage\t5d_summary_metrics.csv","t5d_summary_metrics.csv",".csv","2897","2026/05/14 2:41:05"
"D:\MYF\SPH\GeoDualSPHysics_v5.2\examples\u-pw\04_Undrained_Triaxial\notes.md","notes.md",".md","66106","2026/05/14 13:03:45"
"D:\MYF\SPH\GeoDualSPHysics_v5.2\examples\u-pw\04_Undrained_Triaxial\README.md","README.md",".md","65505","2026/05/14 13:03:45"
"D:\MYF\SPH\GeoDualSPHysics_v5.2\examples\u-pw\04_Undrained_Triaxial\smoke_status.md","smoke_status.md",".md","1675","2026/05/11 2:01:12"
"D:\MYF\SPH\GeoDualSPHysics_v5.2\examples\u-pw\04_Undrained_Triaxial\triaxial_smoke_summary.csv","triaxial_smoke_summary.csv",".csv","334","2026/05/11 2:00:43"
"D:\MYF\SPH\GeoDualSPHysics_v5.2\examples\u-pw\04_Undrained_Triaxial\TriaxialAxialAcc_m1.csv","TriaxialAxialAcc_m1.csv",".csv","116","2026/05/10 23:32:36"
"D:\MYF\SPH\GeoDualSPHysics_v5.2\examples\u-pw\04_Undrained_Triaxial\xCaseUndrainedTriaxial_PR_Smoke_win64_CPU_debug.bat","xCaseUndrainedTriaxial_PR_Smoke_win64_CPU_debug.bat",".bat","532","2026/05/10 23:32:36"
"D:\MYF\SPH\GeoDualSPHysics_v5.2\examples\u-pw\05_Retrogressive_Slope\analyze_retro_softening_smoke.py","analyze_retro_softening_smoke.py",".py","4159","2026/05/11 2:36:40"
"D:\MYF\SPH\GeoDualSPHysics_v5.2\examples\u-pw\05_Retrogressive_Slope\analyze_slope_smoke.py","analyze_slope_smoke.py",".py","3174","2026/05/11 2:02:34"
"D:\MYF\SPH\GeoDualSPHysics_v5.2\examples\u-pw\05_Retrogressive_Slope\CaseRetrogressiveSlope_PR_ReducedSmoke_Def.xml","CaseRetrogressiveSlope_PR_ReducedSmoke_Def.xml",".xml","4810","2026/05/10 23:40:19"
"D:\MYF\SPH\GeoDualSPHysics_v5.2\examples\u-pw\05_Retrogressive_Slope\CaseRetrogressiveSlope_PR_SofteningSmoke_Def.xml","CaseRetrogressiveSlope_PR_SofteningSmoke_Def.xml",".xml","5524","2026/05/11 2:36:23"
"D:\MYF\SPH\GeoDualSPHysics_v5.2\examples\u-pw\05_Retrogressive_Slope\CaseRetrogressiveSlope_PR_SofteningSmoke_Off_Def.xml","CaseRetrogressiveSlope_PR_SofteningSmoke_Off_Def.xml",".xml","5528","2026/05/11 2:36:23"
"D:\MYF\SPH\GeoDualSPHysics_v5.2\examples\u-pw\05_Retrogressive_Slope\CaseRetrogressiveSlope_PR_SofteningSmoke_Off_summary.csv","CaseRetrogressiveSlope_PR_SofteningSmoke_Off_summary.csv",".csv","465","2026/05/11 2:36:52"
"D:\MYF\SPH\GeoDualSPHysics_v5.2\examples\u-pw\05_Retrogressive_Slope\CaseRetrogressiveSlope_PR_SofteningSmoke_summary.csv","CaseRetrogressiveSlope_PR_SofteningSmoke_summary.csv",".csv","474","2026/05/11 2:36:52"
"D:\MYF\SPH\GeoDualSPHysics_v5.2\examples\u-pw\05_Retrogressive_Slope\CaseRetrogressiveSlope_PR_TODO_Def.xml","CaseRetrogressiveSlope_PR_TODO_Def.xml",".xml","862","2026/05/10 16:56:43"
"D:\MYF\SPH\GeoDualSPHysics_v5.2\examples\u-pw\05_Retrogressive_Slope\experiments\SofteningMicro\analyze_softening_micro.py","analyze_softening_micro.py",".py","3487","2026/05/11 2:29:48"
"D:\MYF\SPH\GeoDualSPHysics_v5.2\examples\u-pw\05_Retrogressive_Slope\experiments\SofteningMicro\CaseRetrogressiveSlope_PR_SofteningMicro_ExtremeResidual_Def.xml","CaseRetrogressiveSlope_PR_SofteningMicro_ExtremeResidual_Def.xml",".xml","5220","2026/05/11 2:30:05"
"D:\MYF\SPH\GeoDualSPHysics_v5.2\examples\u-pw\05_Retrogressive_Slope\experiments\SofteningMicro\CaseRetrogressiveSlope_PR_SofteningMicro_ExtremeResidual_summary.csv","CaseRetrogressiveSlope_PR_SofteningMicro_ExtremeResidual_summary.csv",".csv","408","2026/05/11 2:30:26"
"D:\MYF\SPH\GeoDualSPHysics_v5.2\examples\u-pw\05_Retrogressive_Slope\experiments\SofteningMicro\CaseRetrogressiveSlope_PR_SofteningMicro_Off_Def.xml","CaseRetrogressiveSlope_PR_SofteningMicro_Off_Def.xml",".xml","5204","2026/05/11 2:30:05"
"D:\MYF\SPH\GeoDualSPHysics_v5.2\examples\u-pw\05_Retrogressive_Slope\experiments\SofteningMicro\CaseRetrogressiveSlope_PR_SofteningMicro_Off_summary.csv","CaseRetrogressiveSlope_PR_SofteningMicro_Off_summary.csv",".csv","396","2026/05/11 2:30:21"
"D:\MYF\SPH\GeoDualSPHysics_v5.2\examples\u-pw\05_Retrogressive_Slope\experiments\SofteningMicro\CaseRetrogressiveSlope_PR_SofteningMicro_On_Def.xml","CaseRetrogressiveSlope_PR_SofteningMicro_On_Def.xml",".xml","5203","2026/05/11 2:30:05"
"D:\MYF\SPH\GeoDualSPHysics_v5.2\examples\u-pw\05_Retrogressive_Slope\experiments\SofteningMicro\CaseRetrogressiveSlope_PR_SofteningMicro_On_summary.csv","CaseRetrogressiveSlope_PR_SofteningMicro_On_summary.csv",".csv","395","2026/05/11 2:30:24"
"D:\MYF\SPH\GeoDualSPHysics_v5.2\examples\u-pw\05_Retrogressive_Slope\experiments\SofteningMicro\CaseRetrogressiveSlope_PR_SofteningMicro_Trigger_Def.xml","CaseRetrogressiveSlope_PR_SofteningMicro_Trigger_Def.xml",".xml","5209","2026/05/11 2:30:58"
"D:\MYF\SPH\GeoDualSPHysics_v5.2\examples\u-pw\05_Retrogressive_Slope\experiments\SofteningMicro\CaseRetrogressiveSlope_PR_SofteningMicro_Trigger_summary.csv","CaseRetrogressiveSlope_PR_SofteningMicro_Trigger_summary.csv",".csv","419","2026/05/11 2:31:27"
"D:\MYF\SPH\GeoDualSPHysics_v5.2\examples\u-pw\05_Retrogressive_Slope\experiments\SofteningMicro\README.md","README.md",".md","1395","2026/05/11 2:32:29"
"D:\MYF\SPH\GeoDualSPHysics_v5.2\examples\u-pw\05_Retrogressive_Slope\experiments\SofteningMicro\xCaseRetrogressiveSlope_PR_SofteningMicro_ExtremeResidual_win64_CPU_release.bat","xCaseRetrogressiveSlope_PR_SofteningMicro_ExtremeResidual_win64_CPU_release.bat",".bat","547","2026/05/11 2:29:19"
"D:\MYF\SPH\GeoDualSPHysics_v5.2\examples\u-pw\05_Retrogressive_Slope\experiments\SofteningMicro\xCaseRetrogressiveSlope_PR_SofteningMicro_Off_win64_CPU_release.bat","xCaseRetrogressiveSlope_PR_SofteningMicro_Off_win64_CPU_release.bat",".bat","535","2026/05/11 2:29:19"
"D:\MYF\SPH\GeoDualSPHysics_v5.2\examples\u-pw\05_Retrogressive_Slope\experiments\SofteningMicro\xCaseRetrogressiveSlope_PR_SofteningMicro_On_win64_CPU_release.bat","xCaseRetrogressiveSlope_PR_SofteningMicro_On_win64_CPU_release.bat",".bat","534","2026/05/11 2:29:19"
"D:\MYF\SPH\GeoDualSPHysics_v5.2\examples\u-pw\05_Retrogressive_Slope\experiments\SofteningMicro\xCaseRetrogressiveSlope_PR_SofteningMicro_Trigger_win64_CPU_release.bat","xCaseRetrogressiveSlope_PR_SofteningMicro_Trigger_win64_CPU_release.bat",".bat","539","2026/05/11 2:30:58"
"D:\MYF\SPH\GeoDualSPHysics_v5.2\examples\u-pw\05_Retrogressive_Slope\notes.md","notes.md",".md","4388","2026/05/11 2:38:33"
"D:\MYF\SPH\GeoDualSPHysics_v5.2\examples\u-pw\05_Retrogressive_Slope\README.md","README.md",".md","4049","2026/05/11 2:38:33"
"D:\MYF\SPH\GeoDualSPHysics_v5.2\examples\u-pw\05_Retrogressive_Slope\slope_smoke_summary.csv","slope_smoke_summary.csv",".csv","318","2026/05/11 2:02:50"
"D:\MYF\SPH\GeoDualSPHysics_v5.2\examples\u-pw\05_Retrogressive_Slope\smoke_status.md","smoke_status.md",".md","1554","2026/05/11 2:03:13"
"D:\MYF\SPH\GeoDualSPHysics_v5.2\examples\u-pw\05_Retrogressive_Slope\softening_smoke_status.md","softening_smoke_status.md",".md","1793","2026/05/11 2:38:33"
"D:\MYF\SPH\GeoDualSPHysics_v5.2\examples\u-pw\05_Retrogressive_Slope\xCaseRetrogressiveSlope_PR_ReducedSmoke_win64_CPU_debug.bat","xCaseRetrogressiveSlope_PR_ReducedSmoke_win64_CPU_debug.bat",".bat","533","2026/05/10 23:39:40"
"D:\MYF\SPH\GeoDualSPHysics_v5.2\examples\u-pw\05_Retrogressive_Slope\xCaseRetrogressiveSlope_PR_SofteningSmoke_Off_win64_CPU_release.bat","xCaseRetrogressiveSlope_PR_SofteningSmoke_Off_win64_CPU_release.bat",".bat","532","2026/05/11 2:34:06"
"D:\MYF\SPH\GeoDualSPHysics_v5.2\examples\u-pw\05_Retrogressive_Slope\xCaseRetrogressiveSlope_PR_SofteningSmoke_win64_CPU_release.bat","xCaseRetrogressiveSlope_PR_SofteningSmoke_win64_CPU_release.bat",".bat","528","2026/05/11 2:34:06"
"D:\MYF\SPH\GeoDualSPHysics_v5.2\examples\u-pw\06_Sainte_Monique\analyze_sainte_smoke.py","analyze_sainte_smoke.py",".py","3989","2026/05/11 2:06:14"
"D:\MYF\SPH\GeoDualSPHysics_v5.2\examples\u-pw\06_Sainte_Monique\CaseSainteMonique_PR_ReducedSmoke_Def.xml","CaseSainteMonique_PR_ReducedSmoke_Def.xml",".xml","4810","2026/05/10 23:42:47"
"D:\MYF\SPH\GeoDualSPHysics_v5.2\examples\u-pw\06_Sainte_Monique\CaseSainteMonique_PR_TODO_Def.xml","CaseSainteMonique_PR_TODO_Def.xml",".xml","856","2026/05/10 16:56:43"
"D:\MYF\SPH\GeoDualSPHysics_v5.2\examples\u-pw\06_Sainte_Monique\data\README.md","README.md",".md","723","2026/05/11 2:08:18"
"D:\MYF\SPH\GeoDualSPHysics_v5.2\examples\u-pw\06_Sainte_Monique\notes.md","notes.md",".md","2605","2026/05/11 2:07:23"
"D:\MYF\SPH\GeoDualSPHysics_v5.2\examples\u-pw\06_Sainte_Monique\README.md","README.md",".md","2734","2026/05/11 2:07:23"
"D:\MYF\SPH\GeoDualSPHysics_v5.2\examples\u-pw\06_Sainte_Monique\sainte_smoke_summary.csv","sainte_smoke_summary.csv",".csv","389","2026/05/11 2:06:31"
"D:\MYF\SPH\GeoDualSPHysics_v5.2\examples\u-pw\06_Sainte_Monique\smoke_status.md","smoke_status.md",".md","1536","2026/05/11 2:07:23"
"D:\MYF\SPH\GeoDualSPHysics_v5.2\examples\u-pw\06_Sainte_Monique\xCaseSainteMonique_PR_ReducedSmoke_win64_CPU_debug.bat","xCaseSainteMonique_PR_ReducedSmoke_win64_CPU_debug.bat",".bat","528","2026/05/10 23:42:56"
"D:\MYF\SPH\GeoDualSPHysics_v5.2\examples\u-pw\README_reproduction_plan.md","README_reproduction_plan.md",".md","22986","2026/05/11 2:50:35"
