id,kind,mk,x,y,z,r,theta,z_over_H,region,volume_weight
1,specimen,0,0.0,0.0,0.0,0.0,0.0,0.0,bottom_cap_zone,7.853981633974483e-07
2,specimen,0,0.009898640443660435,0.0014201821598407527,0.0,0.01,0.14250000000000002,0.0,bottom_cap_zone,7.853981633974483e-07
3,specimen,0,0.005995175346496156,0.008003616217983263,0.0,0.01,0.9278981633974484,0.0,bottom_cap_zone,7.853981633974483e-07
4,specimen,0,-0.0014201821598407527,0.009898640443660435,0.0,0.01,1.7132963267948966,0.0,bottom_cap_zone,7.853981633974483e-07
5,specimen,0,-0.008003616217983263,0.005995175346496156,0.0,0.01,2.498694490192345,0.0,bottom_cap_zone,7.853981633974483e-07
6,specimen,0,-0.009898640443660435,-0.0014201821598407518,0.0,0.01,-2.9990926535897935,0.0,bottom_cap_zone,7.853981633974483e-07
7,specimen,0,-0.005995175346496157,-0.008003616217983262,0.0,0.01,-2.213694490192345,0.0,bottom_cap_zone,7.853981633974483e-07
8,specimen,0,0.0014201821598407514,-0.009898640443660435,0.0,0.01,-1.4282963267948967,0.0,bottom_cap_zone,7.853981633974483e-07
9,specimen,0,0.008003616217983262,-0.005995175346496157,0.0,0.01,-0.6428981633974484,0.0,bottom_cap_zone,7.853981633974483e-07
10,specimen,0,0.01979728088732087,0.0028403643196815054,0.0,0.02,0.14250000000000002,0.0,bottom_cap_zone,7.391982714328927e-07
11,specimen,0,0.01743435670572405,0.009800163583204869,0.0,0.02,0.5120991357164463,0.0,bottom_cap_zone,7.391982714328927e-07
12,specimen,0,0.012716826043913701,0.015436396450235342,0.0,0.020000000000000004,0.8816982714328925,0.0,bottom_cap_zone,7.391982714328927e-07
13,specimen,0,0.006281817558507112,0.018987858440636,0.0,0.02,1.2512974071493388,0.0,bottom_cap_zone,7.391982714328927e-07
14,specimen,0,-0.0010015851969285903,0.01997490493327299,0.0,0.020000000000000004,1.620896542865785,0.0,bottom_cap_zone,7.391982714328927e-07
15,specimen,0,-0.00814971832154392,0.018264229829902254,0.0,0.019999999999999997,1.9904956785822314,0.0,bottom_cap_zone,7.391982714328927e-07
16,specimen,0,-0.014197186827686573,0.014086869282412005,0.0,0.02,2.3600948142986775,0.0,bottom_cap_zone,7.391982714328927e-07
17,specimen,0,-0.018327246583422187,0.008006998980294664,0.0,0.02,2.7296939500151236,0.0,bottom_cap_zone,7.391982714328927e-07
18,specimen,0,-0.01998211013328753,0.0008457390975755271,0.0,0.02,3.09929308573157,0.0,bottom_cap_zone,7.391982714328927e-07
19,specimen,0,-0.018938278984957795,-0.0064297425366732965,0.0,0.02,-2.8142930857315704,0.0,bottom_cap_zone,7.391982714328927e-07
20,specimen,0,-0.01533672831908298,-0.012836851812911068,0.0,0.02,-2.444693950015124,0.0,bottom_cap_zone,7.391982714328927e-07
21,specimen,0,-0.009663867509970657,-0.017510273120363757,0.0,0.019999999999999997,-2.075094814298678,0.0,bottom_cap_zone,7.391982714328927e-07
22,specimen,0,-0.0026858478442983408,-0.019818835015138453,0.0,0.02,-1.7054956785822315,0.0,bottom_cap_zone,7.391982714328927e-07
23,specimen,0,0.004654910455543142,-0.01945075342116277,0.0,0.02,-1.3358965428657854,0.0,bottom_cap_zone,7.391982714328927e-07
24,specimen,0,0.011366997304614261,-0.016455739797313646,0.0,0.02,-0.9662974071493393,0.0,bottom_cap_zone,7.391982714328927e-07
25,specimen,0,0.016543908180990784,-0.011238287329435308,0.0,0.02,-0.5966982714328933,0.0,bottom_cap_zone,7.391982714328927e-07
26,specimen,0,0.01948647258456462,-0.00450304188421687,0.0,0.02,-0.2270991357164463,0.0,bottom_cap_zone,7.391982714328927e-07
27,specimen,0,0.025902661565091255,0.004256127799343453,0.0,0.026249999999999996,0.1628571428571429,0.0,edge_corner,3.391492069216254e-07
28,specimen,0,0.02365433200246644,0.011381347790006765,0.0,0.026249999999999996,0.4484564750016696,0.0,edge_corner,3.391492069216254e-07
29,specimen,0,0.019489669138730934,0.017584518670205305,0.0,0.026249999999999996,0.7340558071461961,0.0,edge_corner,3.391492069216254e-07
30,specimen,0,0.01374606919090085,0.022363096426903106,0.0,0.026250000000000002,1.0196551392907227,0.0,edge_corner,3.391492069216254e-07
31,specimen,0,0.006888844468245231,0.0253299491095487,0.0,0.026250000000000002,1.3052544714352494,0.0,edge_corner,3.391492069216254e-07
32,specimen,0,-0.0005264734636920496,0.026244719958346444,0.0,0.02625,1.590853803579776,0.0,edge_corner,3.391492069216254e-07
33,specimen,0,-0.007899139646659253,0.02503329967947845,0.0,0.02625,1.8764531357243026,0.0,edge_corner,3.391492069216254e-07
34,specimen,0,-0.01463186451344647,0.0217938303393448,0.0,0.02625,2.1620524678688295,0.0,edge_corner,3.391492069216254e-07
35,specimen,0,-0.020179202736403126,0.016788754478017143,0.0,0.02625,2.447651800013356,0.0,edge_corner,3.391492069216254e-07
36,specimen,0,-0.02409174196399601,0.010423553575447941,0.0,0.026249999999999996,2.733251132157883,0.0,edge_corner,3.391492069216254e-07
37,specimen,0,-0.026052511536772276,0.003213898353456024,0.0,0.026249999999999996,3.018850464302409,0.0,edge_corner,3.391492069216254e-07
38,specimen,0,-0.025902661565091255,-0.0042561277993434475,0.0,0.026249999999999996,-2.9787355107326507,0.0,edge_corner,3.391492069216254e-07
39,specimen,0,-0.023654332002466447,-0.011381347790006756,0.0,0.02625,-2.6931361785881243,0.0,edge_corner,3.391492069216254e-07
40,specimen,0,-0.019489669138730934,-0.0175845186702053,0.0,0.026249999999999996,-2.4075368464435973,0.0,edge_corner,3.391492069216254e-07
41,specimen,0,-0.013746069190900842,-0.02236309642690311,0.0,0.026249999999999996,-2.1219375142990704,0.0,edge_corner,3.391492069216254e-07
42,specimen,0,-0.00688884446824525,-0.025329949109548697,0.0,0.02625,-1.8363381821545446,0.0,edge_corner,3.391492069216254e-07
43,specimen,0,0.0005264734636920522,-0.026244719958346444,0.0,0.02625,-1.5507388500100172,0.0,edge_corner,3.391492069216254e-07
44,specimen,0,0.00789913964665925,-0.02503329967947845,0.0,0.02625,-1.2651395178654907,0.0,edge_corner,3.391492069216254e-07
45,specimen,0,0.014631864513446476,-0.021793830339344795,0.0,0.02625,-0.9795401857209634,0.0,edge_corner,3.391492069216254e-07
46,specimen,0,0.02017920273640313,-0.016788754478017132,0.0,0.026249999999999996,-0.6939408535764369,0.0,edge_corner,3.391492069216254e-07
47,specimen,0,0.024091741963996,-0.010423553575447966,0.0,0.026249999999999996,-0.40834152143191127,0.0,edge_corner,3.391492069216254e-07
48,specimen,0,0.026052511536772276,-0.003213898353456016,0.0,0.026249999999999996,-0.12274218928738392,0.0,edge_corner,3.391492069216254e-07
49,specimen,0,0.0,0.0,0.01,0.0,0.0,0.09999999999999999,bottom_cap_zone,7.853981633974483e-07
50,specimen,0,0.009130889403123083,0.004077604530595702,0.01,0.01,0.42000000000000004,0.09999999999999999,bottom_cap_zone,7.853981633974483e-07
51,specimen,0,0.0035732120006315106,0.009339815629793928,0.01,0.01,1.2053981633974482,0.09999999999999999,bottom_cap_zone,7.853981633974483e-07
52,specimen,0,-0.004077604530595701,0.009130889403123083,0.01,0.01,1.9907963267948965,0.09999999999999999,bottom_cap_zone,7.853981633974483e-07
53,specimen,0,-0.009339815629793928,0.003573212000631511,0.01,0.01,2.7761944901923448,0.09999999999999999,bottom_cap_zone,7.853981633974483e-07
54,specimen,0,-0.009130889403123083,-0.0040776045305957,0.01,0.01,-2.7215926535897936,0.09999999999999999,bottom_cap_zone,7.853981633974483e-07
55,specimen,0,-0.0035732120006315114,-0.009339815629793928,0.01,0.01,-1.9361944901923451,0.09999999999999999,bottom_cap_zone,7.853981633974483e-07
56,specimen,0,0.0040776045305957,-0.009130889403123083,0.01,0.01,-1.1507963267948969,0.09999999999999999,bottom_cap_zone,7.853981633974483e-07
57,specimen,0,0.009339815629793928,-0.0035732120006315123,0.01,0.01,-0.3653981633974486,0.09999999999999999,bottom_cap_zone,7.853981633974483e-07
58,specimen,0,0.019214184860311238,0.005551135032926726,0.01,0.02,0.28125,0.09999999999999999,bottom_cap_zone,7.391982714328927e-07
59,specimen,0,0.015911392524357512,0.012117243413244607,0.01,0.019999999999999997,0.6508491357164463,0.09999999999999999,bottom_cap_zone,7.391982714328927e-07
60,specimen,0,0.010459678459919663,0.017046850926640163,0.01,0.02,1.0204482714328926,0.09999999999999999,bottom_cap_zone,7.391982714328927e-07
61,specimen,0,0.0035953268603905065,0.019674186762531114,0.01,0.019999999999999997,1.3900474071493387,0.09999999999999999,bottom_cap_zone,7.391982714328927e-07
62,specimen,0,-0.0037545935540282704,0.019644414657709944,0.01,0.019999999999999997,1.759646542865785,0.09999999999999999,bottom_cap_zone,7.391982714328927e-07
63,specimen,0,-0.010597435304054437,0.016961555499905683,0.01,0.02,2.1292456785822313,0.09999999999999999,bottom_cap_zone,7.391982714328927e-07
64,specimen,0,-0.016009034693851863,0.011987944284615583,0.01,0.02,2.4988448142986774,0.09999999999999999,bottom_cap_zone,7.391982714328927e-07
65,specimen,0,-0.019258525239121013,0.005395294766195716,0.01,0.019999999999999997,2.8684439500151235,0.09999999999999999,bottom_cap_zone,7.391982714328927e-07
66,specimen,0,-0.019907045235674593,-0.0019260192067592462,0.01,0.02,-3.0451422214480166,0.09999999999999999,bottom_cap_zone,7.391982714328927e-07
67,specimen,0,-0.017867008464404678,-0.008987213613400515,0.01,0.02,-2.67554308573157,0.09999999999999999,bottom_cap_zone,7.391982714328927e-07
68,specimen,0,-0.013413933195505259,-0.01483463502168227,0.01,0.02,-2.305943950015124,0.09999999999999999,bottom_cap_zone,7.391982714328927e-07
69,specimen,0,-0.007149231919383091,-0.01867855676873548,0.01,0.02,-1.9363448142986777,0.09999999999999999,bottom_cap_zone,7.391982714328927e-07
70,specimen,0,8.101274271339216e-05,-0.01999983592271492,0.01,0.02,-1.5667456785822316,0.09999999999999999,bottom_cap_zone,7.391982714328927e-07
71,specimen,0,0.007300316184999327,-0.018620026412415124,0.01,0.02,-1.1971465428657855,0.09999999999999999,bottom_cap_zone,7.391982714328927e-07
72,specimen,0,0.013533671474052657,-0.014725479157990527,0.01,0.02,-0.8275474071493395,0.09999999999999999,bottom_cap_zone,7.391982714328927e-07
73,specimen,0,0.017939229437872708,-0.008842174346582481,0.01,0.02,-0.4579482714328933,0.09999999999999999,bottom_cap_zone,7.391982714328927e-07
74,specimen,0,0.01992199506140617,-0.0017646848934889951,0.01,0.02,-0.08834913571644633,0.09999999999999999,bottom_cap_zone,7.391982714328927e-07
75,specimen,0,0.02917543023997929,0.006985289565372504,0.01,0.029999999999999995,0.23500000000000001,0.09999999999999999,edge_corner,3.4557519189487737e-07
76,specimen,0,0.02652165957530067,0.014021468302993882,0.01,0.029999999999999995,0.48632741228718346,0.09999999999999999,edge_corner,3.4557519189487737e-07
77,specimen,0,0.022201435499665016,0.02017662661978493,0.01,0.029999999999999995,0.7376548245743669,0.09999999999999999,edge_corner,3.4557519189487737e-07
78,specimen,0,0.016486213580417235,0.025064013281612868,0.01,0.03,0.9889822368615502,0.09999999999999999,edge_corner,3.4557519189487737e-07
79,specimen,0,0.009735102229859557,0.02837653580996425,0.01,0.030000000000000002,1.240309649148734,0.09999999999999999,edge_corner,3.4557519189487737e-07
80,specimen,0,0.002372298602998289,0.029906056231777074,0.01,0.03,1.4916370614359173,0.09999999999999999,edge_corner,3.4557519189487737e-07
81,specimen,0,-0.005139565269793321,0.029556469153766224,0.01,0.03,1.7429644737231007,0.09999999999999999,edge_corner,3.4557519189487737e-07
82,specimen,0,-0.012328491354684983,0.027349740417734452,0.01,0.03,1.9942918860102845,0.09999999999999999,edge_corner,3.4557519189487737e-07
83,specimen,0,-0.018742772986742224,0.023424526905947235,0.01,0.030000000000000002,2.2456192982974676,0.09999999999999999,edge_corner,3.4557519189487737e-07
84,specimen,0,-0.02397937726094522,0.018027464219275636,0.01,0.030000000000000002,2.496946710584651,0.09999999999999999,edge_corner,3.4557519189487737e-07
85,specimen,0,-0.027709269071862448,0.011497669655331338,0.01,0.03,2.7482741228718344,0.09999999999999999,edge_corner,3.4557519189487737e-07
86,specimen,0,-0.029698085599431465,0.004245434221471494,0.01,0.03,2.9996015351590177,0.09999999999999999,edge_corner,3.4557519189487737e-07
87,specimen,0,-0.02982086218686957,-0.003273557458138278,0.01,0.03,-3.0322563597333856,0.09999999999999999,edge_corner,3.4557519189487737e-07
88,specimen,0,-0.02806988432964731,-0.010586859483351066,0.01,0.030000000000000002,-2.780928947446202,0.09999999999999999,edge_corner,3.4557519189487737e-07
89,specimen,0,-0.024555172406180062,-0.017234950191479324,0.01,0.03,-2.529601535159018,0.09999999999999999,edge_corner,3.4557519189487737e-07
90,specimen,0,-0.019497568692825536,-0.022800105593364026,0.01,0.03,-2.2782741228718346,0.09999999999999999,edge_corner,3.4557519189487737e-07
91,specimen,0,-0.013214861031459104,-0.026932646507894904,0.01,0.029999999999999995,-2.0269467105846504,0.09999999999999999,edge_corner,3.4557519189487737e-07
92,specimen,0,-0.006101815050626909,-0.029372910190989636,0.01,0.03,-1.7756192982974668,0.09999999999999999,edge_corner,3.4557519189487737e-07
93,specimen,0,0.00139463041074214,-0.029967565900777347,0.01,0.03,-1.5242918860102839,0.09999999999999999,edge_corner,3.4557519189487737e-07
94,specimen,0,0.008803446114312396,-0.02867924923202136,0.01,0.029999999999999995,-1.272964473723101,0.09999999999999999,edge_corner,3.4557519189487737e-07
95,specimen,0,0.015659108921710414,-0.025588909859116885,0.01,0.03,-1.0216370614359171,0.09999999999999999,edge_corner,3.4557519189487737e-07
96,specimen,0,0.02153085232538323,-0.020890725170336702,0.01,0.030000000000000002,-0.7703096491487342,0.09999999999999999,edge_corner,3.4557519189487737e-07
97,specimen,0,0.02604973309251646,-0.014879899388391469,0.01,0.030000000000000002,-0.5189822368615504,0.09999999999999999,edge_corner,3.4557519189487737e-07
98,specimen,0,0.02893181332523017,-0.007934114803431681,0.01,0.03,-0.2676548245743666,0.09999999999999999,edge_corner,3.4557519189487737e-07
99,specimen,0,0.02999600132295332,-0.0004898006057392089,0.01,0.029999999999999995,-0.01632741228718373,0.09999999999999999,edge_corner,3.4557519189487737e-07
100,specimen,0,0.0,0.0,0.02,0.0,0.0,0.19999999999999998,interior,7.853981633974483e-07
101,specimen,0,0.0076645033969434265,0.006423035705820316,0.02,0.01,0.6974999999999999,0.19999999999999998,interior,7.853981633974483e-07
102,specimen,0,0.0008778502230171589,0.009961394429794893,0.02,0.01,1.482898163397448,0.19999999999999998,interior,7.853981633974483e-07
103,specimen,0,-0.006423035705820315,0.007664503396943427,0.02,0.01,2.2682963267948963,0.19999999999999998,interior,7.853981633974483e-07
104,specimen,0,-0.009961394429794893,0.0008778502230171597,0.02,0.01,3.0536944901923446,0.19999999999999998,interior,7.853981633974483e-07
105,specimen,0,-0.007664503396943427,-0.006423035705820313,0.02,0.01,-2.4440926535897938,0.19999999999999998,interior,7.853981633974483e-07
106,specimen,0,-0.0008778502230171602,-0.009961394429794893,0.02,0.01,-1.6586944901923453,0.19999999999999998,interior,7.853981633974483e-07
107,specimen,0,0.006423035705820313,-0.007664503396943428,0.02,0.01,-0.873296326794897,0.19999999999999998,interior,7.853981633974483e-07
108,specimen,0,0.009961394429794893,-0.0008778502230171608,0.02,0.01,-0.08789816339744874,0.19999999999999998,interior,7.853981633974483e-07
109,specimen,0,0.018261778806246166,0.008155209061191404,0.02,0.02,0.42000000000000004,0.19999999999999998,interior,7.391982714328927e-07
110,specimen,0,0.014082600286980227,0.014201421378057353,0.02,0.019999999999999997,0.7895991357164462,0.19999999999999998,interior,7.391982714328927e-07
111,specimen,0,0.00800148856457558,0.018329653045024236,0.02,0.02,1.1591982714328926,0.19999999999999998,interior,7.391982714328927e-07
112,specimen,0,0.0008397314737462776,0.01998236350014682,0.02,0.02,1.5287974071493386,0.19999999999999998,interior,7.391982714328927e-07
113,specimen,0,-0.006435436005725196,0.01893634503847603,0.02,0.02,1.8983965428657852,0.19999999999999998,interior,7.391982714328927e-07
114,specimen,0,-0.012841462192641541,0.015332868249448893,0.02,0.02,2.2679956785822313,0.19999999999999998,interior,7.391982714328927e-07
115,specimen,0,-0.017513177753443215,0.009658602640977712,0.02,0.019999999999999997,2.6375948142986774,0.19999999999999998,interior,7.391982714328927e-07
116,specimen,0,-0.01981964161477439,0.0026798892256776822,0.02,0.020000000000000004,3.0071939500151235,0.19999999999999998,interior,7.391982714328927e-07
117,specimen,0,-0.019449353051604824,-0.004660758079328958,0.02,0.020000000000000004,-2.9063922214480167,0.19999999999999998,interior,7.391982714328927e-07
118,specimen,0,-0.016452321586230334,-0.011371944179570149,0.02,0.019999999999999997,-2.53679308573157,0.19999999999999998,interior,7.391982714328927e-07
119,specimen,0,-0.011233312925174386,-0.016547286204242378,0.02,0.02,-2.1671939500151236,0.19999999999999998,interior,7.391982714328927e-07
120,specimen,0,-0.004497183107637923,-0.019487825535353505,0.02,0.02,-1.7975948142986777,0.19999999999999998,interior,7.391982714328927e-07
121,specimen,0,0.002846316208336899,-0.01979642604214606,0.02,0.020000000000000004,-1.4279956785822316,0.19999999999999998,interior,7.391982714328927e-07
122,specimen,0,0.009805404748393247,-0.017431409516163263,0.02,0.02,-1.0583965428657856,0.19999999999999998,interior,7.391982714328927e-07
123,specimen,0,0.015440219043555716,-0.012712184544248066,0.02,0.02,-0.6887974071493395,0.19999999999999998,interior,7.391982714328927e-07
124,specimen,0,0.018989746199678734,-0.006276108608985916,0.02,0.02,-0.31919827143289337,0.19999999999999998,interior,7.391982714328927e-07
125,specimen,0,0.019974602905718928,0.0010075905710381472,0.02,0.020000000000000004,0.050400864283553594,0.19999999999999998,interior,7.391982714328927e-07
126,specimen,0,0.028405484816241857,0.009650307370972867,0.02,0.030000000000000002,0.3275,0.19999999999999998,lateral_surface,3.4557519189487737e-07
127,specimen,0,0.02511314042551346,0.01641128203305401,0.02,0.029999999999999995,0.5788274122871835,0.19999999999999998,lateral_surface,3.4557519189487737e-07
128,specimen,0,0.020242845062180236,0.02214107548852506,0.02,0.03,0.830154824574367,0.19999999999999998,lateral_surface,3.4557519189487737e-07
129,specimen,0,0.014100617295613809,0.02647966374187249,0.02,0.030000000000000002,1.0814822368615502,0.19999999999999998,lateral_surface,3.4557519189487737e-07
130,specimen,0,0.007072395885921097,0.029154437336927054,0.02,0.03,1.332809649148734,0.19999999999999998,lateral_surface,3.4557519189487737e-07
131,specimen,0,-0.00040021016773663433,0.0299973304115823,0.02,0.029999999999999995,1.5841370614359174,0.19999999999999998,lateral_surface,3.4557519189487737e-07
132,specimen,0,-0.007847669544685434,0.028955380894013755,0.02,0.030000000000000002,1.8354644737231007,0.19999999999999998,lateral_surface,3.4557519189487737e-07
133,specimen,0,-0.014802030982431984,0.026094058304432514,0.02,0.029999999999999995,2.0867918860102845,0.19999999999999998,lateral_surface,3.4557519189487737e-07
134,specimen,0,-0.02082632637549037,0.02159315006435036,0.02,0.03,2.338119298297468,0.19999999999999998,lateral_surface,3.4557519189487737e-07
135,specimen,0,-0.025542027088506117,0.01573546479167424,0.02,0.030000000000000002,2.5894467105846513,0.19999999999999998,lateral_surface,3.4557519189487737e-07
136,specimen,0,-0.028652828302546392,0.008889062395145865,0.02,0.03,2.8407741228718346,0.19999999999999998,lateral_surface,3.4557519189487737e-07
137,specimen,0,-0.029963266936606475,0.0014841275166458058,0.02,0.030000000000000002,3.092101535159018,0.19999999999999998,lateral_surface,3.4557519189487737e-07
138,specimen,0,-0.029391003311852196,-0.006014060551964306,0.02,0.03,-2.9397563597333853,0.19999999999999998,lateral_surface,3.4557519189487737e-07
139,specimen,0,-0.026971994856465255,-0.013134363077926993,0.02,0.03,-2.6884289474462015,0.19999999999999998,lateral_surface,3.4557519189487737e-07
140,specimen,0,-0.02285823676818839,-0.019429385266895097,0.02,0.029999999999999995,-2.4371015351590177,0.19999999999999998,lateral_surface,3.4557519189487737e-07
141,specimen,0,-0.017308211597052005,-0.024503587723263595,0.02,0.03,-2.1857741228718353,0.19999999999999998,lateral_surface,3.4557519189487737e-07
142,specimen,0,-0.01067064783612331,-0.028038139645087667,0.02,0.029999999999999995,-1.9344467105846512,0.19999999999999998,lateral_surface,3.4557519189487737e-07
143,specimen,0,-0.003362608027753398,-0.02981095213594642,0.02,0.03,-1.6831192982974674,0.19999999999999998,lateral_surface,3.4557519189487737e-07
144,specimen,0,0.004156716809807487,-0.02971063286709093,0.02,0.03,-1.4317918860102845,0.19999999999999998,lateral_surface,3.4557519189487737e-07
145,specimen,0,0.01141485984287311,-0.027743485267131867,0.02,0.030000000000000002,-1.1804644737231016,0.19999999999999998,lateral_surface,3.4557519189487737e-07
146,specimen,0,0.01795576525109315,-0.024033112454437434,0.02,0.03,-0.9291370614359178,0.19999999999999998,lateral_surface,3.4557519189487737e-07
147,specimen,0,0.023368443891901732,-0.018812650798625923,0.02,0.03,-0.6778096491487349,0.19999999999999998,lateral_surface,3.4557519189487737e-07
148,specimen,0,0.02731279725985733,-0.01241012110504687,0.02,0.029999999999999995,-0.42648223686155107,0.19999999999999998,lateral_surface,3.4557519189487737e-07
149,specimen,0,0.02954098712653432,-0.005227817861204954,0.02,0.030000000000000002,-0.1751548245743673,0.19999999999999998,lateral_surface,3.4557519189487737e-07
150,specimen,0,0.029913008127900282,0.002282968405425618,0.02,0.030000000000000002,0.07617258771281563,0.19999999999999998,lateral_surface,3.4557519189487737e-07
151,specimen,0,0.0,0.0,0.03,0.0,0.0,0.3,measurement_core,7.853981633974483e-07
152,specimen,0,0.005611680535493416,0.008277018881672576,0.03,0.01,0.9749999999999999,0.3,measurement_core,7.853981633974483e-07
153,specimen,0,-0.0018846788187398195,0.009820793539739723,0.03,0.010000000000000002,1.760398163397448,0.3,measurement_core,7.853981633974483e-07
154,specimen,0,-0.008277018881672574,0.005611680535493418,0.03,0.01,2.545796326794896,0.3,measurement_core,7.853981633974483e-07
155,specimen,0,-0.009820793539739723,-0.0018846788187398189,0.03,0.010000000000000002,-2.951990816987242,0.3,measurement_core,7.853981633974483e-07
156,specimen,0,-0.005611680535493419,-0.008277018881672574,0.03,0.01,-2.166592653589794,0.3,measurement_core,7.853981633974483e-07
157,specimen,0,0.0018846788187398182,-0.009820793539739723,0.03,0.009999999999999998,-1.3811944901923454,0.3,measurement_core,7.853981633974483e-07
158,specimen,0,0.008277018881672574,-0.005611680535493419,0.03,0.01,-0.5957963267948971,0.3,measurement_core,7.853981633974483e-07
159,specimen,0,0.009820793539739725,0.0018846788187398176,0.03,0.01,0.1896018366025511,0.3,measurement_core,7.853981633974483e-07
160,specimen,0,0.016958368633398717,0.010602534286375052,0.03,0.02,0.5587499999999999,0.3,interior,7.391982714328927e-07
161,specimen,0,0.011983130655229659,0.016012638124297172,0.03,0.02,0.9283491357164463,0.3,interior,7.391982714328927e-07
162,specimen,0,0.005389504481252641,0.019260146454442077,0.03,0.019999999999999997,1.2979482714328925,0.3,interior,7.391982714328927e-07
163,specimen,0,-0.0019320041371928226,0.019906465281758833,0.03,0.019999999999999997,1.6675474071493386,0.3,interior,7.391982714328927e-07
164,specimen,0,-0.008992584891305909,0.017864305667242057,0.03,0.019999999999999997,2.037146542865785,0.3,interior,7.391982714328927e-07
165,specimen,0,-0.014838667226215066,0.013409472582829308,0.03,0.02,2.406745678582231,0.3,interior,7.391982714328927e-07
166,specimen,0,-0.018680705328330313,0.0071436159216528025,0.03,0.02,2.7763448142986773,0.3,interior,7.391982714328927e-07
167,specimen,0,-0.01999981066249293,-8.702565388522384e-05,0.03,0.02,-3.1372413571644633,0.3,interior,7.391982714328927e-07
168,specimen,0,-0.018617830743909262,-0.007305913932640264,0.03,0.02,-2.7676422214480167,0.3,interior,7.391982714328927e-07
169,specimen,0,-0.014721409618399125,-0.013538098051325593,0.03,0.02,-2.3980430857315707,0.3,interior,7.391982714328927e-07
170,specimen,0,-0.008836780549777446,-0.01794188701098842,0.03,0.019999999999999997,-2.028443950015124,0.3,interior,7.391982714328927e-07
171,specimen,0,-0.0017586953016169335,-0.019922524710389255,0.03,0.019999999999999997,-1.6588448142986778,0.3,interior,7.391982714328927e-07
172,specimen,0,0.005556911492294031,-0.019212515053131658,0.03,0.020000000000000004,-1.2892456785822317,0.3,interior,7.391982714328927e-07
173,specimen,0,0.012122026597261136,-0.01590774877772759,0.03,0.02,-0.9196465428657856,0.3,interior,7.391982714328927e-07
174,specimen,0,0.017049994839799947,-0.010454552882012469,0.03,0.020000000000000004,-0.5500474071493395,0.3,interior,7.391982714328927e-07
175,specimen,0,0.019675266801940903,-0.0035894116889042104,0.03,0.02,-0.18044827143289346,0.3,interior,7.391982714328927e-07
176,specimen,0,0.01964328495806274,0.003760499442407359,0.03,0.02,0.18915086428355352,0.3,interior,7.391982714328927e-07
177,specimen,0,0.027392668209369246,0.012232813591787104,0.03,0.03,0.42,0.3,lateral_surface,3.4557519189487737e-07
178,specimen,0,0.023489900134128387,0.018660776824362783,0.03,0.03,0.6713274122871835,0.3,lateral_surface,3.4557519189487737e-07
179,specimen,0,0.018111175243650614,0.023916214819527295,0.03,0.03,0.9226548245743669,0.3,lateral_surface,3.4557519189487737e-07
180,specimen,0,0.011594458604371048,0.027668909079895544,0.03,0.03,1.1739822368615502,0.3,lateral_surface,3.4557519189487737e-07
181,specimen,0,0.0043492194895429145,0.029683064023644526,0.03,0.030000000000000002,1.4253096491487338,0.3,lateral_surface,3.4557519189487737e-07
182,specimen,0,-0.0031692970811235876,0.029832122888114775,0.03,0.029999999999999995,1.6766370614359172,0.3,lateral_surface,3.4557519189487737e-07
183,specimen,0,-0.010488675060323771,0.02810671975665147,0.03,0.03,1.9279644737231005,0.3,lateral_surface,3.4557519189487737e-07
184,specimen,0,-0.017149011010835293,0.024615268053593282,0.03,0.030000000000000002,2.1792918860102843,0.3,lateral_surface,3.4557519189487737e-07
185,specimen,0,-0.022731811529885314,0.019577148530104508,0.03,0.03,2.4306192982974677,0.3,lateral_surface,3.4557519189487737e-07
186,specimen,0,-0.02688628872875787,0.013308924764753436,0.03,0.029999999999999995,2.681946710584651,0.3,lateral_surface,3.4557519189487737e-07
187,specimen,0,-0.02935140152594946,0.006204452309631507,0.03,0.030000000000000002,2.9332741228718344,0.3,lateral_surface,3.4557519189487737e-07
188,specimen,0,-0.029972257818361835,-0.0012898687024839929,0.03,0.030000000000000002,-3.098583772020569,0.3,lateral_surface,3.4557519189487737e-07
189,specimen,0,-0.028709846921793014,-0.00870314252021717,0.03,0.03,-2.8472563597333855,0.3,lateral_surface,3.4557519189487737e-07
190,specimen,0,-0.025643490755696916,-0.015569565885485918,0.03,0.030000000000000002,-2.5959289474462013,0.3,lateral_surface,3.4557519189487737e-07
191,specimen,0,-0.020965859755258474,-0.02145769616531171,0.03,0.029999999999999995,-2.344601535159018,0.3,lateral_surface,3.4557519189487737e-07
192,specimen,0,-0.01497086667935871,-0.025997560479184716,0.03,0.029999999999999995,-2.093274122871835,0.3,lateral_surface,3.4557519189487737e-07
193,specimen,0,-0.008035198990998606,-0.028903902455811308,0.03,0.03,-1.841946710584651,0.3,lateral_surface,3.4557519189487737e-07
194,specimen,0,-0.0005946501986393233,-0.029994105940021918,0.03,0.029999999999999995,-1.5906192982974672,0.3,lateral_surface,3.4557519189487737e-07
195,specimen,0,0.006883262652670892,-0.029199669437415657,0.03,0.029999999999999995,-1.3392918860102843,0.3,lateral_surface,3.4557519189487737e-07
196,specimen,0,0.013928674796644563,-0.02657051031518436,0.03,0.030000000000000002,-1.0879644737231013,0.3,lateral_surface,3.4557519189487737e-07
197,specimen,0,0.0200988970770625,-0.022271828310348667,0.03,0.03,-0.8366370614359175,0.3,lateral_surface,3.4557519189487737e-07
198,specimen,0,0.02500623173555582,-0.01657372542271896,0.03,0.03,-0.5853096491487346,0.3,lateral_surface,3.4557519189487737e-07
199,specimen,0,0.02834233288761702,-0.009834234412881494,0.03,0.030000000000000002,-0.3339822368615509,0.3,lateral_surface,3.4557519189487737e-07
200,specimen,0,0.029897581028540288,-0.002476822287098484,0.03,0.029999999999999995,-0.08265482457436704,0.3,lateral_surface,3.4557519189487737e-07
201,specimen,0,0.029574254197828866,0.005036217692098076,0.03,0.03,0.16867258771281587,0.3,lateral_surface,3.4557519189487737e-07
202,specimen,0,0.0,0.0,0.04,0.0,0.0,0.39999999999999997,measurement_core,7.853981633974483e-07
203,specimen,0,0.0031294891793632387,0.009497699588650318,0.04,0.01,1.2525,0.39999999999999997,measurement_core,7.853981633974483e-07
204,specimen,0,-0.004503004764429652,0.008928770805184992,0.04,0.01,2.0378981633974482,0.39999999999999997,measurement_core,7.853981633974483e-07
205,specimen,0,-0.009497699588650318,0.003129489179363239,0.04,0.01,2.8232963267948965,0.39999999999999997,measurement_core,7.853981633974483e-07
206,specimen,0,-0.008928770805184992,-0.004503004764429652,0.04,0.01,-2.674490816987242,0.39999999999999997,measurement_core,7.853981633974483e-07
207,specimen,0,-0.0031294891793632435,-0.009497699588650316,0.04,0.01,-1.8890926535897938,0.39999999999999997,measurement_core,7.853981633974483e-07
208,specimen,0,0.0045030047644296555,-0.00892877080518499,0.04,0.010000000000000002,-1.1036944901923447,0.39999999999999997,measurement_core,7.853981633974483e-07
209,specimen,0,0.009497699588650316,-0.003129489179363244,0.04,0.01,-0.3182963267948972,0.39999999999999997,measurement_core,7.853981633974483e-07
210,specimen,0,0.00892877080518499,0.0045030047644296555,0.04,0.010000000000000002,0.46710183660255195,0.39999999999999997,measurement_core,7.853981633974483e-07
211,specimen,0,0.015329006793886853,0.012846071411640632,0.04,0.02,0.6974999999999999,0.39999999999999997,interior,7.391982714328927e-07
212,specimen,0,0.009653336898949977,0.017516080803517974,0.04,0.020000000000000004,1.067099135716446,0.39999999999999997,interior,7.391982714328927e-07
213,specimen,0,0.0026739303648235773,0.01982044642292586,0.04,0.02,1.4366982714328924,0.39999999999999997,interior,7.391982714328927e-07
214,specimen,0,-0.004666605281831886,0.019447950924032557,0.04,0.02,1.8062974071493385,0.39999999999999997,interior,7.391982714328927e-07
215,specimen,0,-0.011376890026623428,0.016448901888032417,0.04,0.020000000000000004,2.175896542865785,0.39999999999999997,interior,7.391982714328927e-07
216,specimen,0,-0.016550662731795562,0.011228337505541659,0.04,0.02,2.545495678582231,0.39999999999999997,interior,7.391982714328927e-07
217,specimen,0,-0.019489176724650562,0.004491323924561532,0.04,0.02,2.9150948142986772,0.39999999999999997,interior,7.391982714328927e-07
218,specimen,0,-0.01979556940758522,-0.0028522678397156337,0.04,0.02,-2.9984913571644634,0.39999999999999997,interior,7.391982714328927e-07
219,specimen,0,-0.017428460750988747,-0.009810645027277505,0.04,0.020000000000000004,-2.628892221448017,0.39999999999999997,interior,7.391982714328927e-07
220,specimen,0,-0.012707541895536353,-0.01544404024124479,0.04,0.02,-2.2592930857315703,0.39999999999999997,interior,7.391982714328927e-07
221,specimen,0,-0.006270399092171332,-0.018991632242250717,0.04,0.020000000000000004,-1.889693950015124,0.39999999999999997,interior,7.391982714328927e-07
222,specimen,0,0.0010135958540722506,-0.019974299072673556,0.04,0.020000000000000004,-1.5200948142986779,0.39999999999999997,interior,7.391982714328927e-07
223,specimen,0,0.008160699063694859,-0.018259326131919815,0.04,0.019999999999999997,-1.1504956785822318,0.39999999999999997,interior,7.391982714328927e-07
224,specimen,0,0.014205654644770917,-0.014078330018631416,0.04,0.02,-0.7808965428657858,0.39999999999999997,interior,7.391982714328927e-07
225,specimen,0,0.018332057849820903,-0.00799597742560719,0.04,0.02,-0.4112974071493396,0.39999999999999997,interior,7.391982714328927e-07
226,specimen,0,0.019982615060813322,-0.0008337237740142623,0.04,0.02,-0.04169827143289353,0.39999999999999997,interior,7.391982714328927e-07
227,specimen,0,0.018934409380350407,0.006441128893082222,0.04,0.02,0.3279008642835534,0.39999999999999997,interior,7.391982714328927e-07
228,specimen,0,0.026145640154240177,0.014710727409784453,0.04,0.03,0.5125,0.39999999999999997,lateral_surface,3.4557519189487737e-07
229,specimen,0,0.02166581765067339,0.020750719156881512,0.04,0.03,0.7638274122871834,0.39999999999999997,lateral_surface,3.4557519189487737e-07
230,specimen,0,0.015824652142811268,0.025486866903545024,0.04,0.03,1.015154824574367,0.39999999999999997,lateral_surface,3.4557519189487737e-07
231,specimen,0,0.008989165541816824,0.028621581068519135,0.04,0.030000000000000002,1.2664822368615503,0.39999999999999997,lateral_surface,3.4557519189487737e-07
232,specimen,0,0.0015888566099917332,0.029957896032146273,0.04,0.029999999999999995,1.5178096491487338,0.39999999999999997,lateral_surface,3.4557519189487737e-07
233,specimen,0,-0.005911286026044992,0.02941184621063909,0.04,0.03,1.7691370614359172,0.39999999999999997,lateral_surface,3.4557519189487737e-07
234,specimen,0,-0.01304000082087605,0.027017741922513657,0.04,0.030000000000000002,2.0204644737231003,0.39999999999999997,lateral_surface,3.4557519189487737e-07
235,specimen,0,-0.019349364406363166,0.02292601354509253,0.04,0.029999999999999995,2.271791886010284,0.39999999999999997,lateral_surface,3.4557519189487737e-07
236,specimen,0,-0.024442936264214052,0.017393759420653413,0.04,0.029999999999999995,2.523119298297468,0.39999999999999997,lateral_surface,3.4557519189487737e-07
237,specimen,0,-0.028000668541753024,0.010768591422042277,0.04,0.03,2.774446710584651,0.39999999999999997,lateral_surface,3.4557519189487737e-07
238,specimen,0,-0.02979901583555828,0.003466793220275302,0.04,0.03,3.0257741228718347,0.39999999999999997,lateral_surface,3.4557519189487737e-07
239,specimen,0,-0.029724981371301324,-0.004052836349495135,0.04,0.029999999999999992,-3.006083772020569,0.39999999999999997,lateral_surface,3.4557519189487737e-07
240,specimen,0,-0.02778321700665114,-0.011317811306137368,0.04,0.03,-2.754756359733385,0.39999999999999997,lateral_surface,3.4557519189487737e-07
241,specimen,0,-0.024095730937948482,-0.01787164655441665,0.04,0.030000000000000002,-2.503428947446201,0.39999999999999997,lateral_surface,3.4557519189487737e-07
242,specimen,0,-0.018894221476515045,-0.0233025405223636,0.04,0.030000000000000002,-2.2521015351590177,0.39999999999999997,lateral_surface,3.4557519189487737e-07
243,specimen,0,-0.01250551859162637,-0.027269250168541252,0.04,0.03,-2.0007741228718348,0.39999999999999997,lateral_surface,3.4557519189487737e-07
244,specimen,0,-0.005331047981545604,-0.029522532537342702,0.04,0.029999999999999995,-1.7494467105846507,0.39999999999999997,lateral_surface,3.4557519189487737e-07
245,specimen,0,0.0021783919794386717,-0.029920805610543263,0.04,0.03,-1.498119298297467,0.39999999999999997,lateral_surface,3.4557519189487737e-07
246,specimen,0,0.009550955560789507,-0.028439044426207854,0.04,0.03,-1.246791886010284,0.39999999999999997,lateral_surface,3.4557519189487737e-07
247,specimen,0,0.016323397478298488,-0.025170353489084703,0.04,0.03,-0.9954644737231011,0.39999999999999997,lateral_surface,3.4557519189487737e-07
248,specimen,0,0.022070180298989467,-0.0203201166721576,0.04,0.03,-0.7441370614359174,0.39999999999999997,lateral_surface,3.4557519189487737e-07
249,specimen,0,0.026430212523049605,-0.014193092192557329,0.04,0.030000000000000002,-0.4928096491487344,0.39999999999999997,lateral_surface,3.4557519189487737e-07
250,specimen,0,0.029129537290764385,-0.007174263531956923,0.04,0.03,-0.2414822368615506,0.39999999999999997,lateral_surface,3.4557519189487737e-07
251,specimen,0,0.029998546099556208,0.00029535049145194045,0.04,0.029999999999999995,0.009845175425633212,0.39999999999999997,lateral_surface,3.4557519189487737e-07
252,specimen,0,0.028982635929977858,0.007746406557259727,0.04,0.030000000000000002,0.2611725877128161,0.39999999999999997,lateral_surface,3.4557519189487737e-07
253,specimen,0,0.0,0.0,0.05,0.0,0.0,0.5,measurement_core,7.853981633974483e-07
254,specimen,0,0.0004078501124159126,0.00999167945271476,0.05,0.009999999999999998,1.5299999999999998,0.5,measurement_core,7.853981633974483e-07
255,specimen,0,-0.00677679071625991,0.007353577876653887,0.05,0.01,2.315398163397448,0.5,measurement_core,7.853981633974483e-07
256,specimen,0,-0.00999167945271476,0.00040785011241591313,0.05,0.009999999999999998,3.1007963267948964,0.5,measurement_core,7.853981633974483e-07
257,specimen,0,-0.007353577876653887,-0.00677679071625991,0.05,0.01,-2.396990816987242,0.5,measurement_core,7.853981633974483e-07
258,specimen,0,-0.0004078501124159182,-0.00999167945271476,0.05,0.009999999999999998,-1.611592653589794,0.5,measurement_core,7.853981633974483e-07
259,specimen,0,0.006776790716259913,-0.007353577876653884,0.05,0.01,-0.8261944901923448,0.5,measurement_core,7.853981633974483e-07
260,specimen,0,0.00999167945271476,-0.0004078501124159188,0.05,0.009999999999999998,-0.04079632679489745,0.5,measurement_core,7.853981633974483e-07
261,specimen,0,0.007353577876653885,0.006776790716259913,0.05,0.01,0.7446018366025517,0.5,measurement_core,7.853981633974483e-07
262,specimen,0,0.01340501075807988,0.014842698089490425,0.05,0.020000000000000004,0.83625,0.5,interior,7.391982714328927e-07
263,specimen,0,0.007137999278215729,0.018682852199388394,0.05,0.020000000000000004,1.2058491357164463,0.5,interior,7.391982714328927e-07
264,specimen,0,-9.303855719087681e-05,0.01999978359450111,0.05,0.019999999999999997,1.5754482714328926,0.5,interior,7.391982714328927e-07
265,specimen,0,-0.007311511019904411,0.018615633392549832,0.05,0.02,1.9450474071493389,0.5,interior,7.391982714328927e-07
266,specimen,0,-0.013542523404898683,0.014717338748149116,0.05,0.019999999999999997,2.314646542865785,0.5,interior,7.391982714328927e-07
267,specimen,0,-0.01794454296234868,0.008831385954221596,0.05,0.02,2.6842456785822315,0.5,interior,7.391982714328927e-07
268,specimen,0,-0.019923052558588346,0.001752705550777543,0.05,0.02,3.0538448142986776,0.5,interior,7.391982714328927e-07
269,specimen,0,-0.01921084350934538,-0.005562687449375746,0.05,0.02,-2.859741357164463,0.5,interior,7.391982714328927e-07
270,specimen,0,-0.015904103593206625,-0.012126808685575615,0.05,0.02,-2.4901422214480164,0.5,interior,7.391982714328927e-07
271,specimen,0,-0.010449426359125037,-0.017053137211821844,0.05,0.02,-2.1205430857315704,0.5,interior,7.391982714328927e-07
272,specimen,0,-0.003583496192973304,-0.01967634506291618,0.05,0.020000000000000004,-1.750943950015124,0.5,interior,7.391982714328927e-07
273,specimen,0,0.003766404990877359,-0.019642153482871835,0.05,0.02,-1.381344814298678,0.5,interior,7.391982714328927e-07
274,specimen,0,0.010607632310339512,-0.016955180234035888,0.05,0.02,-1.0117456785822319,0.5,interior,7.391982714328927e-07
275,specimen,0,0.016016240107370565,-0.01197831594269639,0.05,0.019999999999999997,-0.6421465428657858,0.5,interior,7.391982714328927e-07
276,specimen,0,0.019261765928851073,-0.005383713709155795,0.05,0.02,-0.2725474071493396,0.5,interior,7.391982714328927e-07
277,specimen,0,0.01990588352851068,0.0019379888929937927,0.05,0.02,0.0970517285671064,0.5,interior,7.391982714328927e-07
278,specimen,0,0.017861601255336517,0.008997955356377416,0.05,0.020000000000000004,0.4666508642835534,0.5,interior,7.391982714328927e-07
279,specimen,0,0.0246750629289714,0.017062862287767003,0.05,0.03,0.605,0.5,lateral_surface,3.4557519189487737e-07
280,specimen,0,0.019656489155736784,0.022663239708179458,0.05,0.03,0.8563274122871836,0.5,lateral_surface,3.4557519189487737e-07
281,specimen,0,0.013402825877336988,0.026839602428161746,0.05,0.029999999999999995,1.107654824574367,0.5,lateral_surface,3.4557519189487737e-07
282,specimen,0,0.006307013756918574,0.02932953421842972,0.05,0.029999999999999995,1.3589822368615503,0.5,lateral_surface,3.4557519189487737e-07
283,specimen,0,-0.001185091233421082,0.029976583507272277,0.05,0.03,1.6103096491487339,0.5,lateral_surface,3.4557519189487737e-07
284,specimen,0,-0.008602732583104207,0.028740093808190627,0.05,0.03,1.8616370614359172,0.5,lateral_surface,3.4557519189487737e-07
285,specimen,0,-0.015479832605953613,0.02569775831646907,0.05,0.03,2.1129644737231006,0.5,lateral_surface,3.4557519189487737e-07
286,specimen,0,-0.021384277815329013,0.02104073815997973,0.05,0.03,2.3642918860102844,0.5,lateral_surface,3.4557519189487737e-07
287,specimen,0,-0.025945070203694846,0.015061651042476908,0.05,0.03,2.6156192982974678,0.5,lateral_surface,3.4557519189487737e-07
288,specimen,0,-0.028875638411869013,0.00813618499709752,0.05,0.029999999999999995,2.866946710584651,0.5,lateral_surface,3.4557519189487737e-07
289,specimen,0,-0.02999184406145598,0.0006994925255552102,0.05,0.03,3.1182741228718345,0.5,lateral_surface,3.4557519189487737e-07
290,specimen,0,-0.02922355184637498,-0.00678115163392129,0.05,0.03,-2.913583772020569,0.5,lateral_surface,3.4557519189487737e-07
291,specimen,0,-0.02661903639208067,-0.01383571109690734,0.05,0.03,-2.6622563597333855,0.5,lateral_surface,3.4557519189487737e-07
292,specimen,0,-0.022341948983304143,-0.020020921947488706,0.05,0.03,-2.4109289474462012,0.5,lateral_surface,3.4557519189487737e-07
293,specimen,0,-0.016661034751966005,-0.024948144640309047,0.05,0.029999999999999995,-2.1596015351590183,0.5,lateral_surface,3.4557519189487737e-07
294,specimen,0,-0.009933246432162268,-0.028307783652521006,0.05,0.030000000000000002,-1.9082741228718343,0.5,lateral_surface,3.4557519189487737e-07
295,specimen,0,-0.0025813157071008465,-0.029888740509099315,0.05,0.03,-1.6569467105846505,0.5,lateral_surface,3.4557519189487737e-07
296,specimen,0,0.004932808577252818,-0.029591677876392563,0.05,0.030000000000000002,-1.4056192982974667,0.5,lateral_surface,3.4557519189487737e-07
297,specimen,0,0.012136986357096716,-0.02743526129213367,0.05,0.029999999999999995,-1.1542918860102847,0.5,lateral_surface,3.4557519189487737e-07
298,specimen,0,0.018578552647410845,-0.023554986341057033,0.05,0.03,-0.9029644737231008,0.5,lateral_surface,3.4557519189487737e-07
299,specimen,0,0.023852760147751072,-0.018194664968991824,0.05,0.03,-0.651637061435917,0.5,lateral_surface,3.4557519189487737e-07
300,specimen,0,0.02762821100369266,-0.01169110588162795,0.05,0.029999999999999995,-0.40030964914873507,0.5,lateral_surface,3.4557519189487737e-07
301,specimen,0,0.029667679752819896,-0.004452951614841593,0.05,0.030000000000000002,-0.14898223686155124,0.5,lateral_surface,3.4557519189487737e-07
302,specimen,0,0.02984301907298369,0.0030649979787157246,0.05,0.029999999999999992,0.10234517542563258,0.5,lateral_surface,3.4557519189487737e-07
303,specimen,0,0.028143211749845253,0.010390362476996274,0.05,0.030000000000000002,0.35367258771281634,0.5,lateral_surface,3.4557519189487737e-07
304,specimen,0,0.0,0.0,0.06,0.0,0.0,0.6,measurement_core,7.853981633974483e-07
305,specimen,0,-0.0023449949342224433,0.00972116241806869,0.06,0.01,1.8074999999999997,0.6,measurement_core,7.853981633974483e-07
306,specimen,0,-0.008532061686668977,0.005215738046995394,0.06,0.009999999999999998,2.592898163397448,0.6,measurement_core,7.853981633974483e-07
307,specimen,0,-0.00972116241806869,-0.002344994934222443,0.06,0.01,-2.9048889803846905,0.6,measurement_core,7.853981633974483e-07
308,specimen,0,-0.00521573804699539,-0.008532061686668979,0.06,0.009999999999999998,-2.1194908169872413,0.6,measurement_core,7.853981633974483e-07
309,specimen,0,0.0023449949342224377,-0.009721162418068691,0.06,0.01,-1.3340926535897941,0.6,measurement_core,7.853981633974483e-07
310,specimen,0,0.008532061686668979,-0.005215738046995392,0.06,0.010000000000000002,-0.548694490192345,0.6,measurement_core,7.853981633974483e-07
311,specimen,0,0.009721162418068691,0.0023449949342224372,0.06,0.01,0.2367036732051024,0.6,measurement_core,7.853981633974483e-07
312,specimen,0,0.005215738046995392,0.008532061686668977,0.06,0.009999999999999998,1.0221018366025516,0.6,measurement_core,7.853981633974483e-07
313,specimen,0,0.011223361070986832,0.01655403776334515,0.06,0.02,0.9749999999999999,0.6,interior,7.391982714328927e-07
314,specimen,0,0.0044854643355172995,0.01949052615233366,0.06,0.02,1.344599135716446,0.6,interior,7.391982714328927e-07
315,specimen,0,-0.0028582192132797484,0.01979471098371579,0.06,0.02,1.7141982714328923,0.6,interior,7.391982714328927e-07
316,specimen,0,-0.009815884419383957,0.017425510410467044,0.06,0.02,2.0837974071493384,0.6,interior,7.391982714328927e-07
317,specimen,0,-0.015447860042957135,0.012702898098198235,0.06,0.019999999999999997,2.453396542865785,0.6,interior,7.391982714328927e-07
318,specimen,0,-0.018993516568181455,0.006264689008579483,0.06,0.02,2.822995678582231,0.6,interior,7.391982714328927e-07
319,specimen,0,-0.019973993434164325,-0.0010196010454880866,0.06,0.019999999999999997,-3.0905904928809096,0.6,interior,7.391982714328927e-07
320,specimen,0,-0.018256871807144897,-0.008166188328558059,0.06,0.02,-2.7209913571644635,0.6,interior,7.391982714328927e-07
321,specimen,0,-0.014074058477751533,-0.014209886627444648,0.06,0.02,-2.351392221448017,0.6,interior,7.391982714328927e-07
322,specimen,0,-0.007990465563887592,-0.018334460997594844,0.06,0.02,-1.9817930857315702,0.6,interior,7.391982714328927e-07
323,specimen,0,-0.0008277159989224679,-0.019982864815264297,0.06,0.02,-1.612193950015124,0.6,interior,7.391982714328927e-07
324,specimen,0,0.006446821198229819,-0.018932472010755878,0.06,0.02,-1.242594814298678,0.6,interior,7.391982714328927e-07
325,specimen,0,0.012850679469491708,-0.015325143952745904,0.06,0.02,-0.8729956785822319,0.6,interior,7.391982714328927e-07
326,specimen,0,0.017518982270325615,-0.009648070284363434,0.06,0.02,-0.5033965428657858,0.6,interior,7.391982714328927e-07
327,specimen,0,0.019821249439520114,-0.002667971262274675,0.06,0.019999999999999997,-0.1337974071493398,0.6,interior,7.391982714328927e-07
328,specimen,0,0.019446547038572706,0.004672452062523396,0.06,0.02,0.23580172856710635,0.6,interior,7.391982714328927e-07
329,specimen,0,0.016445480703029005,0.011381834845327033,0.06,0.02,0.6054008642835533,0.6,interior,7.391982714328927e-07
330,specimen,0,0.022993510190830273,0.01926910711746095,0.06,0.029999999999999995,0.6975000000000001,0.6,lateral_surface,3.4557519189487737e-07
331,specimen,0,0.017479094711268916,0.02438198613883805,0.06,0.029999999999999995,0.9488274122871835,0.6,lateral_surface,3.4557519189487737e-07
332,specimen,0,0.010866403427384897,0.027962855300439505,0.06,0.029999999999999995,1.200154824574367,0.6,lateral_surface,3.4557519189487737e-07
333,specimen,0,0.0035709360523219972,0.029786715423326334,0.06,0.029999999999999995,1.4514822368615503,0.6,lateral_surface,3.4557519189487737e-07
334,specimen,0,-0.003948906367892435,0.029738966668289242,0.06,0.03,1.702809649148734,0.6,lateral_surface,3.4557519189487737e-07
335,specimen,0,-0.011220624477950462,0.027822609265214845,0.06,0.030000000000000002,1.9541370614359173,0.6,lateral_surface,3.4557519189487737e-07
336,specimen,0,-0.01778730948548868,0.024158054997607824,0.06,0.03,2.205464473723101,0.6,lateral_surface,3.4557519189487737e-07
337,specimen,0,-0.023236352420905364,0.01897556128738977,0.06,0.030000000000000002,2.4567918860102846,0.6,lateral_surface,3.4557519189487737e-07
338,specimen,0,-0.027225369876390182,0.012600763274252321,0.06,0.030000000000000002,2.7081192982974676,0.6,lateral_surface,3.4557519189487737e-07
339,specimen,0,-0.02950371721463507,0.0054342129622279535,0.06,0.029999999999999995,2.9594467105846514,0.6,lateral_surface,3.4557519189487737e-07
340,specimen,0,-0.029928237493202708,-0.002073788935850429,0.06,0.03,-3.0724111843077524,0.6,lateral_surface,3.4557519189487737e-07
341,specimen,0,-0.028472256541714328,-0.009451487048227156,0.06,0.03,-2.8210837720205686,0.6,lateral_surface,3.4557519189487737e-07
342,specimen,0,-0.02522725899807532,-0.016235313469225892,0.06,0.029999999999999995,-2.5697563597333857,0.6,lateral_surface,3.4557519189487737e-07
343,specimen,0,-0.020397139992218656,-0.021999015435646984,0.06,0.03,-2.318428947446202,0.6,lateral_surface,3.4557519189487737e-07
344,specimen,0,-0.01428539366521741,-0.026380438355527114,0.06,0.029999999999999995,-2.067101535159018,0.6,lateral_surface,3.4557519189487737e-07
345,specimen,0,-0.007276043516227771,-0.029104281313063887,0.06,0.030000000000000002,-1.815774122871835,0.6,lateral_surface,3.4557519189487737e-07
346,specimen,0,0.00019048720630268593,-0.029999395237641623,0.06,0.03,-1.5644467105846511,0.6,lateral_surface,3.4557519189487737e-07
347,specimen,0,0.0076450489170982044,-0.02900953682938036,0.06,0.029999999999999995,-1.3131192982974673,0.6,lateral_surface,3.4557519189487737e-07
348,specimen,0,0.014619244087909284,-0.026196902532515734,0.06,0.029999999999999995,-1.0617918860102844,0.6,lateral_surface,3.4557519189487737e-07
349,specimen,0,0.02067485838685825,-0.021738220504065115,0.06,0.030000000000000002,-0.8104644737231015,0.6,lateral_surface,3.4557519189487737e-07
350,specimen,0,0.025431395296550648,-0.015913646133761474,0.06,0.029999999999999995,-0.5591370614359177,0.6,lateral_surface,3.4557519189487737e-07
351,specimen,0,0.02858998410963139,-0.009089158850577124,0.06,0.029999999999999995,-0.3078096491487348,0.6,lateral_surface,3.4557519189487737e-07
352,specimen,0,0.02995215907449757,-0.0016935662892230338,0.06,0.030000000000000002,-0.05648223686155098,0.6,lateral_surface,3.4557519189487737e-07
353,specimen,0,0.02943232972837755,0.005808439270584061,0.06,0.03,0.19484517542563282,0.6,lateral_surface,3.4557519189487737e-07
354,specimen,0,0.027063158860886657,0.01294547922907499,0.06,0.029999999999999995,0.4461725877128157,0.6,lateral_surface,3.4557519189487737e-07
355,specimen,0,0.0,0.0,0.07,0.0,0.0,0.7000000000000001,measurement_core,7.853981633974483e-07
356,specimen,0,-0.0049184165552806445,0.008706846650122033,0.07,0.01,2.0849999999999995,0.7000000000000001,measurement_core,7.853981633974483e-07
357,specimen,0,-0.009634516007991789,0.0026788246101135415,0.07,0.009999999999999998,2.870398163397448,0.7000000000000001,measurement_core,7.853981633974483e-07
358,specimen,0,-0.008706846650122035,-0.0049184165552806445,0.07,0.01,-2.6273889803846906,0.7000000000000001,measurement_core,7.853981633974483e-07
359,specimen,0,-0.0026788246101135376,-0.00963451600799179,0.07,0.01,-1.8419908169872417,0.7000000000000001,measurement_core,7.853981633974483e-07
360,specimen,0,0.00491841655528064,-0.008706846650122037,0.07,0.01,-1.0565926535897943,0.7000000000000001,measurement_core,7.853981633974483e-07
361,specimen,0,0.009634516007991789,-0.0026788246101135385,0.07,0.009999999999999998,-0.27119449019234515,0.7000000000000001,measurement_core,7.853981633974483e-07
362,specimen,0,0.008706846650122037,0.004918416555280639,0.07,0.01,0.5142036732051023,0.7000000000000001,measurement_core,7.853981633974483e-07
363,specimen,0,0.0026788246101135393,0.009634516007991789,0.07,0.009999999999999998,1.2996018366025515,0.7000000000000001,measurement_core,7.853981633974483e-07
364,specimen,0,0.008825990560402548,0.01794719729171341,0.07,0.02,1.1137499999999998,0.7000000000000001,interior,7.391982714328927e-07
365,specimen,0,0.001746715641512251,0.01992357860595572,0.07,0.02,1.483349135716446,0.7000000000000001,interior,7.391982714328927e-07
366,specimen,0,-0.005568462903649767,0.019209170229103505,0.07,0.019999999999999997,1.8529482714328922,0.7000000000000001,interior,7.391982714328927e-07
367,specimen,0,-0.01213158967775576,0.01590045697112413,0.07,0.02,2.2225474071493387,0.7000000000000001,interior,7.391982714328927e-07
368,specimen,0,-0.017056278042421793,0.010444298891720794,0.07,0.019999999999999997,2.592146542865785,0.7000000000000001,interior,7.391982714328927e-07
369,specimen,0,-0.019677421545359466,0.003577580373132534,0.07,0.020000000000000004,2.961745678582231,0.7000000000000001,interior,7.391982714328927e-07
370,specimen,0,-0.0196410202322395,-0.0037723101989044707,0.07,0.020000000000000004,-2.9518404928809097,0.7000000000000001,interior,7.391982714328927e-07
371,specimen,0,-0.016951990302105386,-0.010612729375487016,0.07,0.02,-2.5822413571644636,0.7000000000000001,interior,7.391982714328927e-07
372,specimen,0,-0.011973500147450942,-0.016019840642746492,0.07,0.02,-2.212642221448016,0.7000000000000001,interior,7.391982714328927e-07
373,specimen,0,-0.005377922450428553,-0.01926338366220163,0.07,0.02,-1.8430430857315703,0.7000000000000001,interior,7.391982714328927e-07
374,specimen,0,0.0019439734736212437,-0.019905299975982702,0.07,0.02,-1.4734439500151242,0.7000000000000001,interior,7.391982714328927e-07
375,specimen,0,0.009003325008129615,-0.017858895228932498,0.07,0.02,-1.103844814298678,0.7000000000000001,interior,7.391982714328927e-07
376,specimen,0,0.01484672761114398,-0.013400547721660296,0.07,0.019999999999999997,-0.734245678582232,0.7000000000000001,interior,7.391982714328927e-07
377,specimen,0,0.018684997381715654,-0.007132381989579581,0.07,0.02,-0.36464654286578596,0.7000000000000001,interior,7.391982714328927e-07
378,specimen,0,0.019999754718741915,9.905145208680381e-05,0.07,0.02,0.004952592850660164,0.7000000000000001,interior,7.391982714328927e-07
379,specimen,0,0.018613434358535467,0.0073171074462858214,0.07,0.02,0.3745517285671062,0.7000000000000001,interior,7.391982714328927e-07
380,specimen,0,0.014713266547608477,0.013546947534371917,0.07,0.02,0.7441508642835534,0.7000000000000001,interior,7.391982714328927e-07
381,specimen,0,0.02111535946956708,0.021310598172528235,0.07,0.029999999999999995,0.79,0.7000000000000001,lateral_surface,3.4557519189487737e-07
382,specimen,0,0.015152251368459053,0.02589226290742141,0.07,0.030000000000000002,1.0413274122871834,0.7000000000000001,lateral_surface,3.4557519189487737e-07
383,specimen,0,0.00823707158778831,0.028847021538759433,0.07,0.03,1.292654824574367,0.7000000000000001,lateral_surface,3.4557519189487737e-07
384,specimen,0,0.0008043263054266171,0.029989215714893224,0.07,0.029999999999999995,1.5439822368615503,0.7000000000000001,lateral_surface,3.4557519189487737e-07
385,specimen,0,-0.006678957756810264,0.029247077175039972,0.07,0.030000000000000006,1.795309649148734,0.7000000000000001,lateral_surface,3.4557519189487737e-07
386,specimen,0,-0.013742578339698363,0.026667237213053273,0.07,0.030000000000000002,2.0466370614359173,0.7000000000000001,lateral_surface,3.4557519189487737e-07
387,specimen,0,-0.01994270218383553,0.022411796661732444,0.07,0.030000000000000002,2.2979644737231006,0.7000000000000001,lateral_surface,3.4557519189487737e-07
388,specimen,0,-0.024889752705634188,0.016748140501332547,0.07,0.029999999999999995,2.5492918860102844,0.7000000000000001,lateral_surface,3.4557519189487737e-07
389,specimen,0,-0.028272888526830586,0.01003213707788183,0.07,0.03,2.800619298297468,0.7000000000000001,lateral_surface,3.4557519189487737e-07
390,specimen,0,-0.029879534781475762,0.002685777586208518,0.07,0.029999999999999995,3.051946710584651,0.7000000000000001,lateral_surface,3.4557519189487737e-07
391,specimen,0,-0.02960873997655877,-0.004829339188805288,0.07,0.029999999999999995,-2.979911184307752,0.7000000000000001,lateral_surface,3.4557519189487737e-07
392,specimen,0,-0.027477519145586167,-0.012041010821519328,0.07,0.03,-2.728583772020569,0.7000000000000001,lateral_surface,3.4557519189487737e-07
393,specimen,0,-0.0236197847314499,-0.018496101460577202,0.07,0.03,-2.4772563597333854,0.7000000000000001,lateral_surface,3.4557519189487737e-07
394,specimen,0,-0.01827793237514486,-0.023789014020964203,0.07,0.03,-2.2259289474462016,0.7000000000000001,lateral_surface,3.4557519189487737e-07
395,specimen,0,-0.01178761030617641,-0.02758717534054046,0.07,0.03,-1.9746015351590176,0.7000000000000001,lateral_surface,3.4557519189487737e-07
396,specimen,0,-0.004556629329872724,-0.029651932974936786,0.07,0.03,-1.7232741228718347,0.7000000000000001,lateral_surface,3.4557519189487737e-07
397,specimen,0,0.002960661425337318,-0.029853550608336683,0.07,0.029999999999999995,-1.4719467105846509,0.7000000000000001,lateral_surface,3.4557519189487737e-07
398,specimen,0,0.01029192293464236,-0.028179359863335834,0.07,0.03,-1.220619298297467,0.7000000000000001,lateral_surface,3.4557519189487737e-07
399,specimen,0,0.016976505074918966,-0.024734556301685515,0.07,0.030000000000000002,-0.9692918860102843,0.7000000000000001,lateral_surface,3.4557519189487737e-07
400,specimen,0,0.02259439096612017,-0.019735589600265484,0.07,0.03,-0.7179644737231012,0.7000000000000001,lateral_surface,3.4557519189487737e-07
401,specimen,0,0.02679258817656277,-0.013496563221839434,0.07,0.030000000000000002,-0.46663706143591743,0.7000000000000001,lateral_surface,3.4557519189487737e-07
402,specimen,0,0.029307308535625326,-0.006409498139297858,0.07,0.03,-0.21530964914873454,0.7000000000000001,lateral_surface,3.4557519189487737e-07
403,specimen,0,0.029980542914653425,0.0010802992838210596,0.07,0.03,0.03601776313844927,0.7000000000000001,lateral_surface,3.4557519189487737e-07
404,specimen,0,0.028769989521629864,0.008502217529874654,0.07,0.030000000000000002,0.28734517542563304,0.7000000000000001,lateral_surface,3.4557519189487737e-07
405,specimen,0,0.025751711878342274,0.015389910179557426,0.07,0.03,0.538672587712816,0.7000000000000001,lateral_surface,3.4557519189487737e-07
406,specimen,0,0.0,0.0,0.08,0.0,0.0,0.7999999999999999,interior,7.853981633974483e-07
407,specimen,0,-0.0071155136334156,0.00702634084945192,0.08,0.01,2.3625,0.7999999999999999,interior,7.853981633974483e-07
408,specimen,0,-0.009999801203389,-6.30546802380014e-05,0.08,0.01,-3.1352871437821386,0.7999999999999999,interior,7.853981633974483e-07
409,specimen,0,-0.00702634084945192,-0.0071155136334156,0.08,0.01,-2.3498889803846903,0.7999999999999999,interior,7.853981633974483e-07
410,specimen,0,6.305468023800078e-05,-0.009999801203389,0.08,0.01,-1.5644908169872418,0.7999999999999999,interior,7.853981633974483e-07
411,specimen,0,0.0071155136334156,-0.007026340849451921,0.08,0.01,-0.7790926535897935,0.7999999999999999,interior,7.853981633974483e-07
412,specimen,0,0.009999801203389,6.305468023800017e-05,0.08,0.01,0.006305509807654741,0.7999999999999999,interior,7.853981633974483e-07
413,specimen,0,0.007026340849451921,0.007115513633415599,0.08,0.01,0.791703673205103,0.7999999999999999,interior,7.853981633974483e-07
414,specimen,0,-6.305468023799956e-05,0.009999801203389,0.08,0.01,1.5771018366025513,0.7999999999999999,interior,7.853981633974483e-07
415,specimen,0,0.0062589783587264775,0.018995399177300636,0.08,0.02,1.2525,0.7999999999999999,interior,7.391982714328927e-07
416,specimen,0,-0.0010256061447428632,0.019973685990218874,0.08,0.02,1.6220991357164463,0.7999999999999999,interior,7.391982714328927e-07
417,specimen,0,-0.008171676855284846,0.018254415832143246,0.08,0.02,1.9916982714328926,0.7999999999999999,interior,7.391982714328927e-07
418,specimen,0,-0.014214117325696003,0.014069785664726693,0.08,0.02,2.3612974071493387,0.7999999999999999,interior,7.391982714328927e-07
419,specimen,0,-0.01833686248812882,0.007984952979915045,0.08,0.020000000000000004,2.7308965428657848,0.7999999999999999,interior,7.391982714328927e-07
420,specimen,0,-0.019983112763477168,0.0008217081490139736,0.08,0.020000000000000004,3.1004956785822313,0.7999999999999999,interior,7.391982714328927e-07
421,specimen,0,-0.01893053292986756,-0.006452512920653464,0.08,0.019999999999999997,-2.8130904928809093,0.7999999999999999,interior,7.391982714328927e-07
422,specimen,0,-0.015321279726375188,-0.01285528636577827,0.08,0.02,-2.4434913571644628,0.7999999999999999,interior,7.391982714328927e-07
423,specimen,0,-0.009642802797694094,-0.017521882153603903,0.08,0.02,-2.0738922214480167,0.7999999999999999,interior,7.391982714328927e-07
424,specimen,0,-0.002662011918569561,-0.019822050664484583,0.08,0.020000000000000004,-1.7042930857315703,0.7999999999999999,interior,7.391982714328927e-07
425,specimen,0,0.004678298420875045,-0.01944514139535216,0.08,0.020000000000000004,-1.3346939500151243,0.7999999999999999,interior,7.391982714328927e-07
426,specimen,0,0.011386778635234036,-0.016442058031529316,0.08,0.02,-0.9650948142986773,0.7999999999999999,interior,7.391982714328927e-07
427,specimen,0,0.01655741129858607,-0.011218383621959736,0.08,0.020000000000000004,-0.5954956785822321,0.7999999999999999,interior,7.391982714328927e-07
428,specimen,0,0.01949187381828083,-0.0044796043410348695,0.08,0.02,-0.2258965428657851,0.7999999999999999,interior,7.391982714328927e-07
429,specimen,0,0.019793850770615358,0.002864170328491273,0.08,0.02,0.1437025928506601,0.7999999999999999,interior,7.391982714328927e-07
430,specimen,0,0.017422558494864827,0.009821122924239029,0.08,0.019999999999999997,0.5133017285671071,0.7999999999999999,interior,7.391982714328927e-07
431,specimen,0,0.012698253152653443,0.01545167844834751,0.08,0.02,0.8829008642835541,0.7999999999999999,interior,7.391982714328927e-07
432,specimen,0,0.019056669237365282,0.02316988039627429,0.08,0.03,0.8825,0.7999999999999999,lateral_surface,3.4557519189487737e-07
433,specimen,0,0.012695853989137364,0.027181156919573988,0.08,0.03,1.1338274122871836,0.7999999999999999,lateral_surface,3.4557519189487737e-07
434,specimen,0,0.005537311542687147,0.029484541388314377,0.08,0.029999999999999992,1.385154824574367,0.7999999999999999,lateral_surface,3.4557519189487737e-07
435,specimen,0,-0.001969160552797418,0.029935303685069015,0.08,0.03,1.6364822368615504,0.7999999999999999,lateral_surface,3.4557519189487737e-07
436,specimen,0,-0.009351903048683803,0.02850512075694503,0.08,0.029999999999999992,1.887809649148734,0.7999999999999999,lateral_surface,3.4557519189487737e-07
437,specimen,0,-0.016147031082127866,0.02528385625716134,0.08,0.030000000000000002,2.1391370614359175,0.7999999999999999,lateral_surface,3.4557519189487737e-07
438,specimen,0,-0.02192758176805552,0.020473914081221477,0.08,0.030000000000000002,2.3904644737231004,0.7999999999999999,lateral_surface,3.4557519189487737e-07
439,specimen,0,-0.026330341847491657,0.01437752058576963,0.08,0.03,2.6417918860102843,0.7999999999999999,lateral_surface,3.4557519189487737e-07
440,specimen,0,-0.02907866971242638,0.007377734595091953,0.08,0.030000000000000002,2.893119298297468,0.7999999999999999,lateral_surface,3.4557519189487737e-07
441,specimen,0,-0.02999987781546299,-8.56215936051563e-05,0.08,0.030000000000000002,-3.1387385965949357,0.7999999999999999,lateral_surface,3.4557519189487737e-07
442,specimen,0,-0.02903608326352129,-0.007543597862681885,0.08,0.03,-2.8874111843077515,0.7999999999999999,lateral_surface,3.4557519189487737e-07
443,specimen,0,-0.0262478448128882,-0.014527582134634029,0.08,0.03,-2.636083772020569,0.7999999999999999,lateral_surface,3.4557519189487737e-07
444,specimen,0,-0.02181035773984069,-0.020598744992357445,0.08,0.03,-2.384756359733385,0.7999999999999999,lateral_surface,3.4557519189487737e-07
445,specimen,0,-0.016002445677114206,-0.025375612945326243,0.08,0.030000000000000002,-2.1334289474462014,0.7999999999999999,lateral_surface,3.4557519189487737e-07
446,specimen,0,-0.009189041099616253,-0.02855803781196396,0.08,0.029999999999999995,-1.8821015351590173,0.7999999999999999,lateral_surface,3.4557519189487737e-07
447,specimen,0,-0.001798255274900266,-0.029946056133759804,0.08,0.03,-1.6307741228718344,0.7999999999999999,lateral_surface,3.4557519189487737e-07
448,specimen,0,0.005705521542258009,-0.029452453614781056,0.08,0.029999999999999995,-1.3794467105846506,0.7999999999999999,lateral_surface,3.4557519189487737e-07
449,specimen,0,0.012850799457475795,-0.02710824511663822,0.08,0.030000000000000002,-1.1281192982974668,0.7999999999999999,lateral_surface,3.4557519189487737e-07
450,specimen,0,0.019188614380845976,-0.0230607258806654,0.08,0.03,-0.8767918860102839,0.7999999999999999,lateral_surface,3.4557519189487737e-07
451,specimen,0,0.02432073809188042,-0.017564216426193248,0.08,0.030000000000000002,-0.625464473723101,0.7999999999999999,lateral_surface,3.4557519189487737e-07
452,specimen,0,0.02792470038318414,-0.010964082656993945,0.08,0.03,-0.3741370614359172,0.7999999999999999,lateral_surface,3.4557519189487737e-07
453,specimen,0,0.029774051049548354,-0.003675035251380372,0.08,0.029999999999999995,-0.1228096491487343,0.7999999999999999,lateral_surface,3.4557519189487737e-07
454,specimen,0,0.02975258858716943,0.0038449281349116635,0.08,0.03,0.12851776313844954,0.7999999999999999,lateral_surface,3.4557519189487737e-07
455,specimen,0,0.02786166156149204,0.011123300545830673,0.08,0.03,0.37984517542563334,0.7999999999999999,lateral_surface,3.4557519189487737e-07
456,specimen,0,0.024220083871882646,0.017702755074817313,0.08,0.03,0.6311725877128161,0.7999999999999999,lateral_surface,3.4557519189487737e-07
457,specimen,0,0.0,0.0,0.09,0.0,0.0,0.8999999999999999,top_cap_zone,7.853981633974483e-07
458,specimen,0,-0.008768178903942814,0.004808226149886483,0.09,0.01,2.64,0.8999999999999999,top_cap_zone,7.853981633974483e-07
459,specimen,0,-0.00959996807769801,-0.002800109445571577,0.09,0.01,-2.857787143782138,0.8999999999999999,top_cap_zone,7.853981633974483e-07
460,specimen,0,-0.00480822614988648,-0.008768178903942816,0.09,0.01,-2.0723889803846895,0.8999999999999999,top_cap_zone,7.853981633974483e-07
461,specimen,0,0.002800109445571572,-0.009599968077698013,0.09,0.010000000000000002,-1.286990816987242,0.8999999999999999,top_cap_zone,7.853981633974483e-07
462,specimen,0,0.008768178903942816,-0.00480822614988648,0.09,0.01,-0.5015926535897928,0.8999999999999999,top_cap_zone,7.853981633974483e-07
463,specimen,0,0.009599968077698013,0.0028001094455715712,0.09,0.010000000000000002,0.28380550980765457,0.8999999999999999,top_cap_zone,7.853981633974483e-07
464,specimen,0,0.00480822614988648,0.008768178903942816,0.09,0.01,1.0692036732051038,0.8999999999999999,top_cap_zone,7.853981633974483e-07
465,specimen,0,-0.002800109445571571,0.009599968077698013,0.09,0.010000000000000002,1.8546018366025512,0.8999999999999999,top_cap_zone,7.853981633974483e-07
466,specimen,0,0.0035716642299166014,0.019678496249173467,0.09,0.019999999999999997,1.3912499999999999,0.8999999999999999,top_cap_zone,7.391982714328927e-07
467,specimen,0,-0.003778215065954939,0.019639885206268165,0.09,0.02,1.7608491357164462,0.8999999999999999,top_cap_zone,7.391982714328927e-07
468,specimen,0,-0.010617825481356855,0.016948798837895535,0.09,0.019999999999999997,2.1304482714328925,0.8999999999999999,top_cap_zone,7.391982714328927e-07
469,specimen,0,-0.016023439730099467,0.011968683269928646,0.09,0.02,2.5000474071493386,0.8999999999999999,top_cap_zone,7.391982714328927e-07
470,specimen,0,-0.019264999654347505,0.005372130705594428,0.09,0.02,2.8696465428657847,0.8999999999999999,top_cap_zone,7.391982714328927e-07
471,specimen,0,-0.01990471462422766,-0.0019499578785341927,0.09,0.02,-3.0439396285973555,0.8999999999999999,top_cap_zone,7.391982714328927e-07
472,specimen,0,-0.01785618758827459,-0.009008693846077153,0.09,0.019999999999999997,-2.674340492880909,0.8999999999999999,top_cap_zone,7.391982714328927e-07
473,specimen,0,-0.013396083473973936,-0.014850755790811535,0.09,0.019999999999999997,-2.304741357164463,0.8999999999999999,top_cap_zone,7.391982714328927e-07
474,specimen,0,-0.007126764056252051,-0.018687140875118212,0.09,0.020000000000000004,-1.9351422214480165,0.8999999999999999,top_cap_zone,7.391982714328927e-07
475,specimen,0,0.00010506433802957072,-0.019999724035217947,0.09,0.02,-1.5655430857315704,0.8999999999999999,top_cap_zone,7.391982714328927e-07
476,specimen,0,0.007322703211278704,-0.018611233642064906,0.09,0.02,-1.1959439500151243,0.8999999999999999,top_cap_zone,7.391982714328927e-07
477,specimen,0,0.013551370439345421,-0.014709193017145268,0.09,0.02,-0.8263448142986775,0.8999999999999999,top_cap_zone,7.391982714328927e-07
478,specimen,0,0.01794984999884269,-0.008820594368807978,0.09,0.019999999999999997,-0.4567456785822322,0.8999999999999999,top_cap_zone,7.391982714328927e-07
479,specimen,0,0.019924102852443833,-0.0017407255743624684,0.09,0.02,-0.08714654286578517,0.8999999999999999,top_cap_zone,7.391982714328927e-07
480,specimen,0,0.01920749521255728,0.0055742378545940476,0.09,0.02,0.28245259285066,0.8999999999999999,top_cap_zone,7.391982714328927e-07
481,specimen,0,0.015896808911809713,0.01213636957336943,0.09,0.02,0.6520517285671069,0.8999999999999999,top_cap_zone,7.391982714328927e-07
482,specimen,0,0.010439170480263183,0.017059417331315913,0.09,0.02,1.021650864283554,0.8999999999999999,top_cap_zone,7.391982714328927e-07
483,specimen,0,0.016835041606480243,0.024831056645017727,0.09,0.029999999999999995,0.975,0.8999999999999999,edge_corner,3.4557519189487737e-07
484,specimen,0,0.010130905141703086,0.02823764793692658,0.09,0.029999999999999995,1.2263274122871834,0.8999999999999999,edge_corner,3.4557519189487737e-07
485,specimen,0,0.0027902066480099074,0.0298699639581537,0.09,0.03,1.477654824574367,0.8999999999999999,edge_corner,3.4557519189487737e-07
486,specimen,0,-0.004725810791039962,0.029625440289847003,0.09,0.029999999999999995,1.7289822368615504,0.8999999999999999,edge_corner,3.4557519189487737e-07
487,specimen,0,-0.011944888157772482,0.02751944125338134,0.09,0.03,1.980309649148734,0.8999999999999999,edge_corner,3.4557519189487737e-07
488,specimen,0,-0.018413424271326473,0.023684294513540507,0.09,0.03,2.2316370614359173,0.8999999999999999,edge_corner,3.4557519189487737e-07
489,specimen,0,-0.023724977218075635,0.018360976444671783,0.09,0.029999999999999995,2.4829644737231007,0.8999999999999999,edge_corner,3.4557519189487737e-07
490,specimen,0,-0.02754580259185044,0.011883970698836541,0.09,0.030000000000000002,2.7342918860102845,0.8999999999999999,edge_corner,3.4557519189487737e-07
491,specimen,0,-0.02963582388240384,0.004660251367806477,0.09,0.030000000000000002,2.985619298297468,0.8999999999999999,edge_corner,3.4557519189487737e-07
492,specimen,0,-0.029863717365489744,-0.002856288695868493,0.09,0.03,-3.0462385965949355,0.8999999999999999,edge_corner,3.4557519189487737e-07
493,specimen,0,-0.02821516365543227,-0.010193357636087036,0.09,0.03,-2.794911184307752,0.8999999999999999,edge_corner,3.4557519189487737e-07
494,specimen,0,-0.024793747444790754,-0.01688994042748321,0.09,0.03,-2.5435837720205687,0.8999999999999999,edge_corner,3.4557519189487737e-07
495,specimen,0,-0.01981444889716843,-0.02252526614496487,0.09,0.03,-2.2922563597333854,0.8999999999999999,edge_corner,3.4557519189487737e-07
496,specimen,0,-0.013590135652891461,-0.02674524654842442,0.09,0.03,-2.0409289474462007,0.8999999999999999,edge_corner,3.4557519189487737e-07
497,specimen,0,-0.006511904204520624,-0.029284724749110185,0.09,0.030000000000000002,-1.789601535159017,0.8999999999999999,edge_corner,3.4557519189487737e-07
498,specimen,0,0.0009754941341285895,-0.02998413599212558,0.09,0.030000000000000002,-1.538274122871835,0.8999999999999999,edge_corner,3.4557519189487737e-07
499,specimen,0,0.008401598588714088,-0.02879953369681734,0.09,0.029999999999999995,-1.2869467105846513,0.8999999999999999,edge_corner,3.4557519189487737e-07
500,specimen,0,0.015299799705052483,-0.025805350782062156,0.09,0.03,-1.0356192982974675,0.8999999999999999,edge_corner,3.4557519189487737e-07
501,specimen,0,0.021236658137195174,-0.021189722772228567,0.09,0.029999999999999995,-0.7842918860102837,0.8999999999999999,edge_corner,3.4557519189487737e-07
502,specimen,0,0.025839139235612624,-0.01524266655026686,0.09,0.03,-0.5329644737231016,0.8999999999999999,edge_corner,3.4557519189487737e-07
503,specimen,0,0.02881805218614989,-0.008337857530345636,0.09,0.03,-0.2816370614359178,0.8999999999999999,edge_corner,3.4557519189487737e-07
504,specimen,0,0.029986220932449213,-0.0009091502572978147,0.09,0.030000000000000002,-0.03030964914873404,0.8999999999999999,edge_corner,3.4557519189487737e-07
505,specimen,0,0.029270245135956476,0.006576682270036785,0.09,0.03,0.22101776313844976,0.8999999999999999,edge_corner,3.4557519189487737e-07
506,specimen,0,0.02671511218914011,0.013649277662999516,0.09,0.030000000000000002,0.47234517542563353,0.8999999999999999,edge_corner,3.4557519189487737e-07
507,specimen,0,0.022481370492170256,0.019864238741864146,0.09,0.03,0.7236725877128156,0.8999999999999999,edge_corner,3.4557519189487737e-07
508,specimen,0,0.0,0.0,0.1,0.0,0.0,1.0,top_cap_zone,7.853981633974483e-07
509,specimen,0,-0.00974996140534937,0.0022222179448014865,0.1,0.010000000000000002,2.9175,1.0,top_cap_zone,7.853981633974483e-07
510,specimen,0,-0.008465609204073224,-0.0053229184479860955,0.1,0.01,-2.5802871437821384,1.0,top_cap_zone,7.853981633974483e-07
511,specimen,0,-0.002222217944801483,-0.009749961405349372,0.1,0.01,-1.7948889803846895,1.0,top_cap_zone,7.853981633974483e-07
512,specimen,0,0.005322918447986091,-0.008465609204073228,0.1,0.01,-1.009490816987242,1.0,top_cap_zone,7.853981633974483e-07
513,specimen,0,0.00974996140534937,-0.0022222179448014834,0.1,0.009999999999999998,-0.22409265358979297,1.0,top_cap_zone,7.853981633974483e-07
514,specimen,0,0.008465609204073228,0.005322918447986091,0.1,0.01,0.5613055098076545,1.0,top_cap_zone,7.853981633974483e-07
515,specimen,0,0.002222217944801484,0.00974996140534937,0.1,0.009999999999999998,1.3467036732051036,1.0,top_cap_zone,7.853981633974483e-07
516,specimen,0,-0.00532291844798609,0.008465609204073228,0.1,0.01,2.132101836602551,1.0,top_cap_zone,7.853981633974483e-07
517,specimen,0,0.0008157002248318252,0.01998335890542952,0.1,0.019999999999999997,1.5299999999999998,1.0,top_cap_zone,7.391982714328927e-07
518,specimen,0,-0.006458204059838676,0.018928592137860738,0.1,0.02,1.8995991357164461,1.0,top_cap_zone,7.391982714328927e-07
519,specimen,0,-0.012859892100083887,0.015317414115124002,0.1,0.019999999999999997,2.2691982714328924,1.0,top_cap_zone,7.391982714328927e-07
520,specimen,0,-0.017524780453090694,0.00963753443941812,0.1,0.02,2.6387974071493385,1.0,top_cap_zone,7.391982714328927e-07
521,specimen,0,-0.019822850097746827,0.0026560523342469447,0.1,0.02,3.0083965428657846,1.0,top_cap_zone,7.391982714328927e-07
522,specimen,0,-0.019443733994497978,-0.004684144356358345,0.1,0.02,-2.9051896285973555,1.0,top_cap_zone,7.391982714328927e-07
523,specimen,0,-0.016438633873842753,-0.011391721395897529,0.1,0.019999999999999997,-2.5355904928809094,1.0,top_cap_zone,7.391982714328927e-07
524,specimen,0,-0.011213405158910261,-0.01656078333721339,0.1,0.019999999999999997,-2.165991357164464,1.0,top_cap_zone,7.391982714328927e-07
525,specimen,0,-0.004473743941643936,-0.019493219722370243,0.1,0.02,-1.7963922214480166,1.0,top_cap_zone,7.391982714328927e-07
526,specimen,0,0.002870121184812342,-0.019792988768361674,0.1,0.019999999999999997,-1.4267930857315705,1.0,top_cap_zone,7.391982714328927e-07
527,specimen,0,0.009826360541369207,-0.017419605004448932,0.1,0.02,-1.0571939500151244,1.0,top_cap_zone,7.391982714328927e-07
528,specimen,0,0.015455495457070747,-0.01269360705932185,0.1,0.02,-0.6875948142986774,1.0,top_cap_zone,7.391982714328927e-07
529,specimen,0,0.01899728006943808,-0.0062532671431285245,0.1,0.02,-0.3179956785822322,1.0,top_cap_zone,7.391982714328927e-07
530,specimen,0,0.019973376740864985,0.0010316111512937562,0.1,0.02,0.05160345713421475,1.0,top_cap_zone,7.391982714328927e-07
531,specimen,0,0.018251958207136886,0.008177164643379057,0.1,0.02,0.4212025928506599,1.0,top_cap_zone,7.391982714328927e-07
532,specimen,0,0.014065511579943122,0.014218346739142563,0.1,0.02,0.790801728567107,1.0,top_cap_zone,7.391982714328927e-07
533,specimen,0,0.0079794396741878,0.018339262321205772,0.1,0.02,1.160400864283554,1.0,top_cap_zone,7.391982714328927e-07
534,specimen,0,0.009020700840796229,0.024651358103375525,0.1,0.026250000000000002,1.2200000000000002,1.0,edge_corner,3.391492069216254e-07
535,specimen,0,0.001710208925744686,0.026194230002622776,0.1,0.02625,1.505599332144527,1.0,edge_corner,3.391492069216254e-07
536,specimen,0,-0.005738833945466581,0.025615001170141694,0.1,0.02625,1.7911986642890536,1.0,edge_corner,3.391492069216254e-07
537,specimen,0,-0.012722950620575778,0.022960597281133397,0.1,0.02625,2.07679799643358,1.0,edge_corner,3.391492069216254e-07
538,specimen,0,-0.018676329502706753,0.01844606235233756,0.1,0.026249999999999996,2.3623973285781066,1.0,edge_corner,3.391492069216254e-07
539,specimen,0,-0.02311666324093677,0.0124371371547122,0.1,0.026250000000000002,2.647996660722633,1.0,edge_corner,3.391492069216254e-07
540,specimen,0,-0.025684222403475978,0.005420629071314745,0.1,0.02625,2.93359599286716,1.0,edge_corner,3.391492069216254e-07
541,specimen,0,-0.02617099861683775,-0.00203502614171825,0.1,0.02625,-3.0639899821678998,1.0,edge_corner,3.391492069216254e-07
542,specimen,0,-0.02453755616718512,-0.009325815639515697,0.1,0.026250000000000002,-2.778390650023373,1.0,edge_corner,3.391492069216254e-07
543,specimen,0,-0.020916226847332645,-0.01586108301696076,0.1,0.02625,-2.4927913178788463,1.0,edge_corner,3.391492069216254e-07
544,specimen,0,-0.015600389221900064,-0.021111379777864456,0.1,0.02625,-2.2071919857343203,1.0,edge_corner,3.391492069216254e-07
545,specimen,0,-0.009020700840796222,-0.024651358103375525,0.1,0.026249999999999996,-1.9215926535897927,1.0,edge_corner,3.391492069216254e-07
546,specimen,0,-0.0017102089257446833,-0.026194230002622776,0.1,0.02625,-1.6359933214452662,1.0,edge_corner,3.391492069216254e-07
547,specimen,0,0.005738833945466579,-0.025615001170141694,0.1,0.02625,-1.3503939893007397,1.0,edge_corner,3.391492069216254e-07
548,specimen,0,0.012722950620575775,-0.0229605972811334,0.1,0.026250000000000002,-1.0647946571562132,1.0,edge_corner,3.391492069216254e-07
549,specimen,0,0.018676329502706753,-0.018446062352337565,0.1,0.02625,-0.7791953250116868,1.0,edge_corner,3.391492069216254e-07
550,specimen,0,0.023116663240936766,-0.012437137154712202,0.1,0.02625,-0.49359599286716027,1.0,edge_corner,3.391492069216254e-07
551,specimen,0,0.025684222403475974,-0.005420629071314759,0.1,0.026249999999999996,-0.20799666072263384,1.0,edge_corner,3.391492069216254e-07
552,specimen,0,0.026170998616837745,0.00203502614171827,0.1,0.026249999999999996,0.07760267142189446,1.0,edge_corner,3.391492069216254e-07
553,specimen,0,0.02453755616718511,0.009325815639515714,0.1,0.02625,0.3632020035664209,1.0,edge_corner,3.391492069216254e-07
554,specimen,0,0.020916226847332665,0.01586108301696073,0.1,0.02625,0.6488013357109457,1.0,edge_corner,3.391492069216254e-07
555,specimen,0,0.015600389221900046,0.021111379777864467,0.1,0.02625,0.9344006678554739,1.0,edge_corner,3.391492069216254e-07
556,bottom_platen,2,0.0,0.0,-0.02,0.0,0.0,,bottom_platen,7.853981633974483e-07
557,bottom_platen,2,0.009975510002532797,0.0006994284733753277,-0.02,0.010000000000000002,0.07,,bottom_platen,7.853981633974483e-07
558,bottom_platen,2,0.006559180152106526,0.007548321385063823,-0.02,0.010000000000000002,0.8553981633974483,,bottom_platen,7.853981633974483e-07
559,bottom_platen,2,-0.0006994284733753277,0.009975510002532797,-0.02,0.010000000000000002,1.6407963267948966,,bottom_platen,7.853981633974483e-07
560,bottom_platen,2,-0.007548321385063821,0.006559180152106527,-0.02,0.01,2.4261944901923447,,bottom_platen,7.853981633974483e-07
561,bottom_platen,2,-0.009975510002532797,-0.0006994284733753248,-0.02,0.010000000000000002,-3.0715926535897937,,bottom_platen,7.853981633974483e-07
562,bottom_platen,2,-0.006559180152106527,-0.007548321385063821,-0.02,0.01,-2.286194490192345,,bottom_platen,7.853981633974483e-07
563,bottom_platen,2,0.0006994284733753286,-0.009975510002532797,-0.02,0.010000000000000002,-1.5007963267948965,,bottom_platen,7.853981633974483e-07
564,bottom_platen,2,0.007548321385063823,-0.006559180152106524,-0.02,0.01,-0.7153981633974482,,bottom_platen,7.853981633974483e-07
565,bottom_platen,2,0.01980431992425274,0.0027908622928847298,-0.02,0.019999999999999997,0.14,,bottom_platen,7.391982714328927e-07
566,bottom_platen,2,0.017458802606824482,0.009756547111347267,-0.02,0.02,0.5095991357164462,,bottom_platen,7.391982714328927e-07
567,bottom_platen,2,0.012755377254779661,0.0154045561795285,-0.02,0.019999999999999997,0.8791982714328925,,bottom_platen,7.391982714328927e-07
568,bottom_platen,2,0.0063292675244915235,0.018972094576071904,-0.02,0.02,1.2487974071493388,,bottom_platen,7.391982714328927e-07
569,bottom_platen,2,-0.0009516448566612594,0.01997734647211161,-0.02,0.02,1.618396542865785,,bottom_platen,7.391982714328927e-07
570,bottom_platen,2,-0.008104032326675758,0.018284547028794406,-0.02,0.020000000000000004,1.9879956785822315,,bottom_platen,7.391982714328927e-07
571,bottom_platen,2,-0.014161925324979358,0.01412231819106581,-0.02,0.02,2.3575948142986776,,bottom_platen,7.391982714328927e-07
572,bottom_platen,2,-0.01830717183420726,0.008052792027167249,-0.02,0.02,2.7271939500151237,,bottom_platen,7.391982714328927e-07
573,bottom_platen,2,-0.019979933343684392,0.0008956916779387125,-0.02,0.02,3.09679308573157,,bottom_platen,7.391982714328927e-07
574,bottom_platen,2,-0.01895429414246436,-0.006382376795594362,-0.02,0.02,-2.8167930857315704,,bottom_platen,7.391982714328927e-07
575,bottom_platen,2,-0.01536877248793493,-0.012798469916911723,-0.02,0.02,-2.447193950015124,,bottom_platen,7.391982714328927e-07
576,bottom_platen,2,-0.009707612947601679,-0.01748605875718014,-0.02,0.019999999999999997,-2.077594814298678,,bottom_platen,7.391982714328927e-07
577,bottom_platen,2,-0.00273538648695452,-0.019812058468694934,-0.02,0.02,-1.707995678582232,,bottom_platen,7.391982714328927e-07
578,bottom_platen,2,0.004606269076055619,-0.019462329901606686,-0.02,0.02,-1.3383965428657858,,bottom_platen,7.391982714328927e-07
579,bottom_platen,2,0.01132582247612637,-0.016484105836813555,-0.02,0.019999999999999997,-0.9687974071493397,,bottom_platen,7.391982714328927e-07
580,bottom_platen,2,0.016515760792247418,-0.011279611937175098,-0.02,0.02,-0.5991982714328936,,bottom_platen,7.391982714328927e-07
581,bottom_platen,2,0.019475154096385634,-0.004551743942933723,-0.02,0.019999999999999997,-0.22959913571644663,,bottom_platen,7.391982714328927e-07
582,bottom_platen,2,0.029340927441724448,0.006253796995382988,-0.02,0.030000000000000002,0.21000000000000002,,bottom_platen,7.539822368615502e-07
583,bottom_platen,2,0.02686387218281756,0.013354114397639434,-0.02,0.03,0.4613274122871835,,bottom_platen,7.539822368615502e-07
584,bottom_platen,2,0.02269886103625342,0.019615343679294947,-0.02,0.030000000000000002,0.7126548245743669,,bottom_platen,7.539822368615502e-07
585,bottom_platen,2,0.017107596970210144,0.024644068777392593,-0.02,0.029999999999999995,0.9639822368615504,,bottom_platen,7.539822368615502e-07
586,bottom_platen,2,0.01044139966918805,0.028124316399661693,-0.02,0.03,1.2153096491487339,,bottom_platen,7.539822368615502e-07
587,bottom_platen,2,0.003119130826169064,0.029837409788539652,-0.02,0.029999999999999995,1.4666370614359172,,bottom_platen,7.539822368615502e-07
588,bottom_platen,2,-0.004399124478018866,0.0296757089860865,-0.02,0.03,1.7179644737231006,,bottom_platen,7.539822368615502e-07
589,bottom_platen,2,-0.01164096661240478,0.027649374248414325,-0.02,0.030000000000000002,1.9692918860102844,,bottom_platen,7.539822368615502e-07
590,bottom_platen,2,-0.01815136400205287,0.02388572763942893,-0.02,0.030000000000000002,2.2206192982974677,,bottom_platen,7.539822368615502e-07
591,bottom_platen,2,-0.023521244435404844,0.01862125291729685,-0.02,0.03,2.471946710584651,,bottom_platen,7.539822368615502e-07
592,bottom_platen,2,-0.027413198575794426,0.012186736390193334,-0.02,0.030000000000000002,2.7232741228718345,,bottom_platen,7.539822368615502e-07
593,bottom_platen,2,-0.029582680630974863,0.004986482396012713,-0.02,0.030000000000000002,2.974601535159018,,bottom_platen,7.539822368615502e-07
594,bottom_platen,2,-0.029893374064622294,-0.0025270906261088072,-0.02,0.03,-3.0572563597333855,,bottom_platen,7.539822368615502e-07
595,bottom_platen,2,-0.028325756865650132,-0.009881877250202726,-0.02,0.03,-2.8059289474462012,,bottom_platen,7.539822368615502e-07
596,bottom_platen,2,-0.02497832818796257,-0.01661574918366411,-0.02,0.030000000000000002,-2.554601535159018,,bottom_platen,7.539822368615502e-07
597,bottom_platen,2,-0.020061419286360235,-0.02230559248746497,-0.02,0.030000000000000002,-2.303274122871835,,bottom_platen,7.539822368615502e-07
598,bottom_platen,2,-0.013883977630256774,-0.02659389338104764,-0.02,0.029999999999999995,-2.051946710584651,,bottom_platen,7.539822368615502e-07
599,bottom_platen,2,-0.006834154597946382,-0.02921120214800083,-0.02,0.030000000000000002,-1.8006192982974671,,bottom_platen,7.539822368615502e-07
600,bottom_platen,2,0.0006450835020153979,-0.029993063652708565,-0.02,0.03,-1.5492918860102842,,bottom_platen,7.539822368615502e-07
601,bottom_platen,2,0.008083788633094386,-0.028890350661344592,-0.02,0.029999999999999995,-1.2979644737231013,,bottom_platen,7.539822368615502e-07
602,bottom_platen,2,0.01501455959426114,-0.025972350686651,-0.02,0.03,-1.0466370614359175,,bottom_platen,7.539822368615502e-07
603,bottom_platen,2,0.021001910556432933,-0.02142241239869102,-0.02,0.029999999999999995,-0.7953096491487347,,bottom_platen,7.539822368615502e-07
604,bottom_platen,2,0.025669634238720044,-0.01552642515359964,-0.02,0.03,-0.5439822368615508,,bottom_platen,7.539822368615502e-07
605,bottom_platen,2,0.02872444039547746,-0.008654855513910242,-0.02,0.03,-0.29265482457436703,,bottom_platen,7.539822368615502e-07
606,bottom_platen,2,0.029974384321084964,-0.0012394694719498741,-0.02,0.03,-0.04132741228718409,,bottom_platen,7.539822368615502e-07
607,bottom_platen,2,0.038442217532430836,0.011054225942564552,-0.02,0.039999999999999994,0.2800000000000001,,bottom_platen,7.391982714328922e-07
608,bottom_platen,2,0.035756457039794715,0.01792974567475275,-0.02,0.039999999999999994,0.4647995678582232,,bottom_platen,7.391982714328922e-07
609,bottom_platen,2,0.031853053287811725,0.02419468942234693,-0.02,0.04,0.6495991357164463,,bottom_platen,7.391982714328922e-07
610,bottom_platen,2,0.02686493200963887,0.0296357120399946,-0.02,0.04,0.8343987035746694,,bottom_platen,7.391982714328922e-07
611,bottom_platen,2,0.020961957692812262,0.034067526028239106,-0.02,0.04,1.0191982714328924,,bottom_platen,7.391982714328922e-07
612,bottom_platen,2,0.014345149047854078,0.037339211277085796,-0.02,0.04,1.2039978392911157,,bottom_platen,7.391982714328922e-07
613,bottom_platen,2,0.007239833557181138,0.03933935446933915,-0.02,0.04,1.3887974071493387,,bottom_platen,7.391982714328922e-07
614,bottom_platen,2,-0.00011202578205833446,0.03999984312749432,-0.02,0.04000000000000001,1.5735969750075618,,bottom_platen,7.391982714328922e-07
615,bottom_platen,2,-0.007460070217649935,0.03929818510246666,-0.02,0.04,1.758396542865785,,bottom_platen,7.391982714328922e-07
616,bottom_platen,2,-0.01455407090934749,0.03725827451675245,-0.02,0.039999999999999994,1.943196110724008,,bottom_platen,7.391982714328922e-07
617,bottom_platen,2,-0.021152450171911287,0.0339495780787451,-0.02,0.039999999999999994,2.1279956785822316,,bottom_platen,7.391982714328922e-07
618,bottom_platen,2,-0.027030508113438323,0.029484769477297005,-0.02,0.04,2.312795246440454,,bottom_platen,7.391982714328922e-07
619,bottom_platen,2,-0.03198807452068339,0.024015892414382733,-0.02,0.04,2.4975948142986777,,bottom_platen,7.391982714328922e-07
620,bottom_platen,2,-0.03585632541559324,0.017729182939184827,-0.02,0.04,2.6823943821569003,,bottom_platen,7.391982714328922e-07
621,bottom_platen,2,-0.03850353215339734,0.010838727402804152,-0.02,0.04,2.867193950015124,,bottom_platen,7.391982714328922e-07
622,bottom_platen,2,-0.03983954728361427,0.0035791720043416913,-0.02,0.04,3.0519935178733464,,bottom_platen,7.391982714328922e-07
623,bottom_platen,2,-0.03981887441335803,-0.003802267803984994,-0.02,0.039999999999999994,-3.046392221448017,,bottom_platen,7.391982714328922e-07
624,bottom_platen,2,-0.038442217532430836,-0.011054225942564555,-0.02,0.04,-2.8615926535897933,,bottom_platen,7.391982714328922e-07
625,bottom_platen,2,-0.03575645703979472,-0.017929745674752737,-0.02,0.039999999999999994,-2.6767930857315703,,bottom_platen,7.391982714328922e-07
626,bottom_platen,2,-0.03185305328781173,-0.02419468942234693,-0.02,0.04,-2.491993517873347,,bottom_platen,7.391982714328922e-07
627,bottom_platen,2,-0.02686493200963886,-0.02963571203999461,-0.02,0.04,-2.3071939500151233,,bottom_platen,7.391982714328922e-07
628,bottom_platen,2,-0.020961957692812266,-0.034067526028239106,-0.02,0.04,-2.122394382156901,,bottom_platen,7.391982714328922e-07
629,bottom_platen,2,-0.014345149047854073,-0.037339211277085796,-0.02,0.04,-1.9375948142986774,,bottom_platen,7.391982714328922e-07
630,bottom_platen,2,-0.007239833557181116,-0.03933935446933915,-0.02,0.04,-1.752795246440454,,bottom_platen,7.391982714328922e-07
631,bottom_platen,2,0.00011202578205833844,-0.03999984312749432,-0.02,0.04000000000000001,-1.5679956785822313,,bottom_platen,7.391982714328922e-07
632,bottom_platen,2,0.007460070217649948,-0.03929818510246666,-0.02,0.04000000000000001,-1.3831961107240078,,bottom_platen,7.391982714328922e-07
633,bottom_platen,2,0.014554070909347485,-0.037258274516752454,-0.02,0.04,-1.1983965428657852,,bottom_platen,7.391982714328922e-07
634,bottom_platen,2,0.021152450171911284,-0.03394957807874511,-0.02,0.04000000000000001,-1.0135969750075617,,bottom_platen,7.391982714328922e-07
635,bottom_platen,2,0.027030508113438323,-0.029484769477297005,-0.02,0.04,-0.8287974071493391,,bottom_platen,7.391982714328922e-07
636,bottom_platen,2,0.03198807452068339,-0.024015892414382737,-0.02,0.04,-0.6439978392911155,,bottom_platen,7.391982714328922e-07
637,bottom_platen,2,0.035856325415593235,-0.01772918293918483,-0.02,0.04,-0.45919827143289305,,bottom_platen,7.391982714328922e-07
638,bottom_platen,2,0.03850353215339734,-0.010838727402804156,-0.02,0.04,-0.27439870357466956,,bottom_platen,7.391982714328922e-07
639,bottom_platen,2,0.03983954728361427,-0.003579172004341661,-0.02,0.039999999999999994,-0.0895991357164461,,bottom_platen,7.391982714328922e-07
640,bottom_platen,2,0.03981887441335803,0.003802267803984989,-0.02,0.039999999999999994,0.09520043214177652,,bottom_platen,7.391982714328922e-07
641,bottom_platen,2,0.04227177207813205,0.015430401335495312,-0.02,0.045,0.35000000000000003,,bottom_platen,3.51362336256753e-07
642,bottom_platen,2,0.039155479618445996,0.022177655778946974,-0.02,0.045,0.5153469817678838,,bottom_platen,3.51362336256753e-07
643,bottom_platen,2,0.03497112774548619,0.0283199615855828,-0.02,0.04499999999999999,0.6806939635357677,,bottom_platen,3.51362336256753e-07
644,bottom_platen,2,0.02983285467055575,0.033689772664793984,-0.02,0.045000000000000005,0.8460409453036515,,bottom_platen,3.51362336256753e-07
645,bottom_platen,2,0.023880819088660528,0.038140614568392406,-0.02,0.045,1.0113879270715354,,bottom_platen,3.51362336256753e-07
646,bottom_platen,2,0.017277377014675875,0.041551079931726805,-0.02,0.045,1.1767349088394192,,bottom_platen,3.51362336256753e-07
647,bottom_platen,2,0.010202653134491334,0.04382814015010509,-0.02,0.04499999999999999,1.342081890607303,,bottom_platen,3.51362336256753e-07
648,bottom_platen,2,0.0028496274731296106,0.04490968295662289,-0.02,0.04499999999999999,1.507428872375187,,bottom_platen,3.51362336256753e-07
649,bottom_platen,2,-0.004581128597274675,0.044766206682890074,-0.02,0.045,1.6727758541430708,,bottom_platen,3.51362336256753e-07
650,bottom_platen,2,-0.011886923421656276,0.04340162498763934,-0.02,0.045,1.8381228359109547,,bottom_platen,3.51362336256753e-07
651,bottom_platen,2,-0.018868473961991785,0.04085316010231813,-0.02,0.045000000000000005,2.0034698176788384,,bottom_platen,3.51362336256753e-07
652,bottom_platen,2,-0.025335341719084824,0.03719032750564587,-0.02,0.04499999999999999,2.1688167994467222,,bottom_platen,3.51362336256753e-07
653,bottom_platen,2,-0.031111127398387964,0.032513039722567826,-0.02,0.04499999999999999,2.334163781214606,,bottom_platen,3.51362336256753e-07
654,bottom_platen,2,-0.03603828262291938,0.026948880971027104,-0.02,0.045,2.49951076298249,,bottom_platen,3.51362336256753e-07
655,bottom_platen,2,-0.03998240744228891,0.02064962699708641,-0.02,0.045,2.664857744750374,,bottom_platen,3.51362336256753e-07
656,bottom_platen,2,-0.04283591641299022,0.013787105028225286,-0.02,0.04499999999999999,2.8302047265182577,,bottom_platen,3.51362336256753e-07
657,bottom_platen,2,-0.04452097324884528,0.00654850677449463,-0.02,0.045,2.9955517082861416,,bottom_platen,3.51362336256753e-07
658,bottom_platen,2,-0.044991613991987325,-0.000868717673361124,-0.02,0.045,-3.122286617125561,,bottom_platen,3.51362336256753e-07
659,bottom_platen,2,-0.044235000789812275,-0.008262245767665547,-0.02,0.045000000000000005,-2.9569396353576773,,bottom_platen,3.51362336256753e-07
660,bottom_platen,2,-0.04227177207813205,-0.01543040133549531,-0.02,0.045,-2.791592653589793,,bottom_platen,3.51362336256753e-07
661,bottom_platen,2,-0.039155479618445996,-0.022177655778946974,-0.02,0.045,-2.6262456718219096,,bottom_platen,3.51362336256753e-07
662,bottom_platen,2,-0.034971127745486184,-0.028319961585582816,-0.02,0.045,-2.4608986900540253,,bottom_platen,3.51362336256753e-07
663,bottom_platen,2,-0.02983285467055575,-0.033689772664793984,-0.02,0.045000000000000005,-2.295551708286142,,bottom_platen,3.51362336256753e-07
664,bottom_platen,2,-0.02388081908866054,-0.03814061456839239,-0.02,0.045,-2.130204726518258,,bottom_platen,3.51362336256753e-07
665,bottom_platen,2,-0.017277377014675906,-0.04155107993172679,-0.02,0.045000000000000005,-1.9648577447503748,,bottom_platen,3.51362336256753e-07
666,bottom_platen,2,-0.010202653134491348,-0.04382814015010509,-0.02,0.04499999999999999,-1.7995107629824905,,bottom_platen,3.51362336256753e-07
667,bottom_platen,2,-0.0028496274731296457,-0.04490968295662289,-0.02,0.04499999999999999,-1.634163781214607,,bottom_platen,3.51362336256753e-07
668,bottom_platen,2,0.00458112859727466,-0.044766206682890074,-0.02,0.045,-1.4688167994467227,,bottom_platen,3.51362336256753e-07
669,bottom_platen,2,0.011886923421656245,-0.043401624987639345,-0.02,0.045,-1.3034698176788393,,bottom_platen,3.51362336256753e-07
670,bottom_platen,2,0.01886847396199178,-0.04085316010231813,-0.02,0.045000000000000005,-1.138122835910955,,bottom_platen,3.51362336256753e-07
671,bottom_platen,2,0.025335341719084806,-0.03719032750564589,-0.02,0.045000000000000005,-0.9727758541430715,,bottom_platen,3.51362336256753e-07
672,bottom_platen,2,0.03111112739838796,-0.032513039722567826,-0.02,0.04499999999999999,-0.8074288723751872,,bottom_platen,3.51362336256753e-07
673,bottom_platen,2,0.03603828262291937,-0.026948880971027125,-0.02,0.045,-0.6420818906073038,,bottom_platen,3.51362336256753e-07
674,bottom_platen,2,0.03998240744228891,-0.020649626997086418,-0.02,0.045,-0.47673490883941955,,bottom_platen,3.51362336256753e-07
675,bottom_platen,2,0.04283591641299021,-0.01378710502822531,-0.02,0.045,-0.31138792707153606,,bottom_platen,3.51362336256753e-07
676,bottom_platen,2,0.04452097324884528,-0.006548506774494676,-0.02,0.045,-0.14604094530365266,,bottom_platen,3.51362336256753e-07
677,bottom_platen,2,0.044991613991987325,0.0008687176733610986,-0.02,0.04499999999999999,0.01930603646423166,,bottom_platen,3.51362336256753e-07
678,bottom_platen,2,0.04423500078981228,0.008262245767665544,-0.02,0.04500000000000001,0.18465301823211597,,bottom_platen,3.51362336256753e-07
679,bottom_platen,2,0.0,0.0,-0.0125,0.0,0.0,,bottom_platen,7.853981633974483e-07
680,bottom_platen,2,0.009800665778412416,0.0019866933079506124,-0.0125,0.01,0.2,,bottom_platen,7.853981633974483e-07
681,bottom_platen,2,0.005525312921868542,0.008334921542248165,-0.0125,0.01,0.9853981633974482,,bottom_platen,7.853981633974483e-07
682,bottom_platen,2,-0.001986693307950611,0.009800665778412416,-0.0125,0.009999999999999998,1.7707963267948965,,bottom_platen,7.853981633974483e-07
683,bottom_platen,2,-0.008334921542248165,0.005525312921868541,-0.0125,0.01,2.556194490192345,,bottom_platen,7.853981633974483e-07
684,bottom_platen,2,-0.009800665778412416,-0.001986693307950613,-0.0125,0.01,-2.9415926535897934,,bottom_platen,7.853981633974483e-07
685,bottom_platen,2,-0.005525312921868541,-0.008334921542248165,-0.0125,0.01,-2.1561944901923447,,bottom_platen,7.853981633974483e-07
686,bottom_platen,2,0.0019866933079506124,-0.009800665778412416,-0.0125,0.01,-1.3707963267948966,,bottom_platen,7.853981633974483e-07
687,bottom_platen,2,0.008334921542248165,-0.005525312921868542,-0.0125,0.01,-0.5853981633974483,,bottom_platen,7.853981633974483e-07
688,bottom_platen,2,0.019275417927317812,0.005334628733776623,-0.0125,0.020000000000000004,0.26999999999999996,,bottom_platen,7.391982714328927e-07
689,bottom_platen,2,0.016046701755107397,0.011937477236947228,-0.0125,0.02,0.6395991357164463,,bottom_platen,7.391982714328927e-07
690,bottom_platen,2,0.010650789593025754,0.01692810329142324,-0.0125,0.02,1.0091982714328926,,bottom_platen,7.391982714328927e-07
691,bottom_platen,2,0.003816429278343481,0.019632495194534052,-0.0125,0.02,1.3787974071493387,,bottom_platen,7.391982714328927e-07
692,bottom_platen,2,-0.003533360957943753,0.019685409834211704,-0.0125,0.020000000000000004,1.748396542865785,,bottom_platen,7.391982714328927e-07
693,bottom_platen,2,-0.010405951217831723,0.01707970079515758,-0.0125,0.02,2.1179956785822314,,bottom_platen,7.391982714328927e-07
694,bottom_platen,2,-0.015873160104385282,0.012167283521828174,-0.0125,0.02,2.4875948142986775,,bottom_platen,7.391982714328927e-07
695,bottom_platen,2,-0.01919661076262512,0.005611607187630421,-0.0125,0.019999999999999997,2.8571939500151236,,bottom_platen,7.391982714328927e-07
696,bottom_platen,2,-0.019927452765280115,-0.0017019477922456915,-0.0125,0.020000000000000004,-3.0563922214480166,,bottom_platen,7.391982714328927e-07
697,bottom_platen,2,-0.017966981850156362,-0.008785645291960735,-0.0125,0.019999999999999997,-2.68679308573157,,bottom_platen,7.391982714328927e-07
698,bottom_platen,2,-0.013579970477685686,-0.014682792712055333,-0.0125,0.02,-2.317193950015124,,bottom_platen,7.391982714328927e-07
699,bottom_platen,2,-0.007358908842989446,-0.018596947616223793,-0.0125,0.02,-1.9475948142986772,,bottom_platen,7.391982714328927e-07
700,bottom_platen,2,-0.00014398579192593462,-0.0199994816955771,-0.0125,0.02,-1.577995678582232,,bottom_platen,7.391982714328927e-07
701,bottom_platen,2,0.007090383338190024,-0.01870097495098898,-0.0125,0.02,-1.208396542865785,,bottom_platen,7.391982714328927e-07
702,bottom_platen,2,0.013367156909313005,-0.014876797913590332,-0.0125,0.020000000000000004,-0.8387974071493399,,bottom_platen,7.391982714328927e-07
703,bottom_platen,2,0.017838621869859874,-0.009043426882778288,-0.0125,0.02,-0.46919827143289283,,bottom_platen,7.391982714328927e-07
704,bottom_platen,2,0.019900882099666055,-0.0019886909400887733,-0.0125,0.02,-0.09959913571644588,,bottom_platen,7.391982714328927e-07
705,bottom_platen,2,0.028282639965850384,0.010004612764224432,-0.0125,0.029999999999999995,0.34,,bottom_platen,7.539822368615502e-07
706,bottom_platen,2,0.024906042803723286,0.0167239059988719,-0.0125,0.03,0.5913274122871836,,bottom_platen,7.539822368615502e-07
707,bottom_platen,2,0.019964507374220203,0.02239237471338641,-0.0125,0.029999999999999995,0.842654824574367,,bottom_platen,7.539822368615502e-07
708,bottom_platen,2,0.013768528522072861,0.026653848171265367,-0.0125,0.030000000000000002,1.0939822368615504,,bottom_platen,7.539822368615502e-07
709,bottom_platen,2,0.006707422385777892,0.029240562322547174,-0.0125,0.03,1.345309649148734,,bottom_platen,7.539822368615502e-07
710,bottom_platen,2,-0.0007751357671894635,0.029989984403837617,-0.0125,0.029999999999999995,1.5966370614359173,,bottom_platen,7.539822368615502e-07
711,bottom_platen,2,-0.008208989289154367,0.028855025469587594,-0.0125,0.03,1.8479644737231007,,bottom_platen,7.539822368615502e-07
712,bottom_platen,2,-0.015127041823530965,0.02590699916372301,-0.0125,0.029999999999999992,2.0992918860102843,,bottom_platen,7.539822368615502e-07
713,bottom_platen,2,-0.021094606686766895,0.02133114082112369,-0.0125,0.03,2.3506192982974676,,bottom_platen,7.539822368615502e-07
714,bottom_platen,2,-0.025736719831336716,0.015414968450284916,-0.0125,0.030000000000000002,2.601946710584651,,bottom_platen,7.539822368615502e-07
715,bottom_platen,2,-0.028761700215869195,0.008530216919426476,-0.0125,0.029999999999999995,2.8532741228718344,,bottom_platen,7.539822368615502e-07
716,bottom_platen,2,-0.029979477197704527,0.0011094804875771418,-0.0125,0.030000000000000002,3.1046015351590177,,bottom_platen,7.539822368615502e-07
717,bottom_platen,2,-0.02931353337040353,-0.00638096868369047,-0.0125,0.029999999999999995,-2.927256359733385,,bottom_platen,7.539822368615502e-07
718,bottom_platen,2,-0.026805712433805612,-0.013470478125000584,-0.0125,0.03,-2.675928947446202,,bottom_platen,7.539822368615502e-07
719,bottom_platen,2,-0.022613590000477444,-0.019713587884763812,-0.0125,0.03,-2.424601535159018,,bottom_platen,7.539822368615502e-07
720,bottom_platen,2,-0.017000572540452896,-0.024718020416222633,-0.0125,0.03,-2.1732741228718346,,bottom_platen,7.539822368615502e-07
721,bottom_platen,2,-0.010319346583979478,-0.02816932881841012,-0.0125,0.029999999999999995,-1.921946710584651,,bottom_platen,7.539822368615502e-07
722,bottom_platen,2,-0.002989718129732667,-0.02985065469139241,-0.0125,0.03,-1.6706192982974672,,bottom_platen,7.539822368615502e-07
723,bottom_platen,2,0.00452776531001936,-0.029656354147086002,-0.0125,0.029999999999999995,-1.4192918860102843,,bottom_platen,7.539822368615502e-07
724,bottom_platen,2,0.011760752603386885,-0.027598635803277097,-0.0125,0.029999999999999995,-1.1679644737231014,,bottom_platen,7.539822368615502e-07
725,bottom_platen,2,0.01825476855766116,-0.023806793671265886,-0.0125,0.03,-0.9166370614359175,,bottom_platen,7.539822368615502e-07
726,bottom_platen,2,0.023601770267115067,-0.01851908313762652,-0.0125,0.03,-0.6653096491487347,,bottom_platen,7.539822368615502e-07
727,bottom_platen,2,0.027465785949446958,-0.012067750502026544,-0.0125,0.03,-0.4139822368615509,,bottom_platen,7.539822368615502e-07
728,bottom_platen,2,0.02960402528848028,-0.004858156720302468,-0.0125,0.03,-0.1626548245743671,,bottom_platen,7.539822368615502e-07
729,bottom_platen,2,0.029882134842649368,0.002656692915208785,-0.0125,0.03,0.0886725877128158,,bottom_platen,7.539822368615502e-07
730,bottom_platen,2,0.03668483291266421,0.01594437311937692,-0.0125,0.04,0.41000000000000003,,bottom_platen,7.391982714328922e-07
731,bottom_platen,2,0.03313043304697456,0.02241371022655411,-0.0125,0.04,0.5947995678582232,,bottom_platen,7.391982714328922e-07
732,bottom_platen,2,0.028447816019444908,0.028119775314248398,-0.0125,0.04,0.7795991357164462,,bottom_platen,7.391982714328922e-07
733,bottom_platen,2,0.022796442736767678,0.03286825517956912,-0.0125,0.04,0.9643987035746694,,bottom_platen,7.391982714328922e-07
734,bottom_platen,2,0.016368763938009276,0.03649744603587664,-0.0125,0.04,1.1491982714328925,,bottom_platen,7.391982714328922e-07
735,bottom_platen,2,0.009383666515510414,0.03888376014129406,-0.0125,0.04,1.3339978392911158,,bottom_platen,7.391982714328922e-07
736,bottom_platen,2,0.002079019584293353,0.03994593443102971,-0.0125,0.039999999999999994,1.5187974071493389,,bottom_platen,7.391982714328922e-07
737,bottom_platen,2,-0.005296425865357666,0.03964779783358428,-0.0125,0.04,1.703596975007562,,bottom_platen,7.391982714328922e-07
738,bottom_platen,2,-0.012491507884526588,0.03799950303320834,-0.0125,0.04,1.888396542865785,,bottom_platen,7.391982714328922e-07
739,bottom_platen,2,-0.01926120658460033,0.03505718073241699,-0.0125,0.04,2.073196110724008,,bottom_platen,7.391982714328922e-07
740,bottom_platen,2,-0.025374987995706557,0.030921028188237016,-0.0125,0.04,2.2579956785822315,,bottom_platen,7.391982714328922e-07
741,bottom_platen,2,-0.030624654624562604,0.025731897114792304,-0.0125,0.04,2.4427952464404545,,bottom_platen,7.391982714328922e-07
742,bottom_platen,2,-0.03483143537040392,0.019666497147112265,-0.0125,0.039999999999999994,2.6275948142986776,,bottom_platen,7.391982714328922e-07
743,bottom_platen,2,-0.03785207336040827,0.012931378206450803,-0.0125,0.04000000000000001,2.8123943821569006,,bottom_platen,7.391982714328922e-07
744,bottom_platen,2,-0.039583704390682,0.005755896690447337,-0.0125,0.04,2.9971939500151237,,bottom_platen,7.391982714328922e-07
745,bottom_platen,2,-0.03996735984335165,-0.0016155949839121411,-0.0125,0.04000000000000001,-3.10119178930624,,bottom_platen,7.391982714328922e-07
746,bottom_platen,2,-0.038989974792120546,-0.008932069508787116,-0.0125,0.04,-2.9163922214480165,,bottom_platen,7.391982714328922e-07
747,bottom_platen,2,-0.03668483291266421,-0.015944373119376916,-0.0125,0.04,-2.7315926535897934,,bottom_platen,7.391982714328922e-07
748,bottom_platen,2,-0.033130433046974564,-0.022413710226554105,-0.0125,0.04000000000000001,-2.5467930857315704,,bottom_platen,7.391982714328922e-07
749,bottom_platen,2,-0.0284478160194449,-0.028119775314248408,-0.0125,0.04,-2.361993517873347,,bottom_platen,7.391982714328922e-07
750,bottom_platen,2,-0.022796442736767668,-0.03286825517956912,-0.0125,0.039999999999999994,-2.177193950015124,,bottom_platen,7.391982714328922e-07
751,bottom_platen,2,-0.016368763938009286,-0.03649744603587663,-0.0125,0.04,-1.992394382156901,,bottom_platen,7.391982714328922e-07
752,bottom_platen,2,-0.00938366651551042,-0.038883760141294056,-0.0125,0.039999999999999994,-1.8075948142986775,,bottom_platen,7.391982714328922e-07
753,bottom_platen,2,-0.00207901958429334,-0.03994593443102971,-0.0125,0.039999999999999994,-1.622795246440454,,bottom_platen,7.391982714328922e-07
754,bottom_platen,2,0.005296425865357661,-0.03964779783358428,-0.0125,0.04,-1.4379956785822314,,bottom_platen,7.391982714328922e-07
755,bottom_platen,2,0.012491507884526598,-0.03799950303320834,-0.0125,0.04000000000000001,-1.253196110724008,,bottom_platen,7.391982714328922e-07
756,bottom_platen,2,0.019261206584600326,-0.03505718073241699,-0.0125,0.04,-1.0683965428657853,,bottom_platen,7.391982714328922e-07
757,bottom_platen,2,0.025374987995706554,-0.03092102818823702,-0.0125,0.04000000000000001,-0.8835969750075618,,bottom_platen,7.391982714328922e-07
758,bottom_platen,2,0.030624654624562587,-0.02573189711479232,-0.0125,0.04,-0.6987974071493392,,bottom_platen,7.391982714328922e-07
759,bottom_platen,2,0.03483143537040392,-0.01966649714711227,-0.0125,0.04,-0.5139978392911158,,bottom_platen,7.391982714328922e-07
760,bottom_platen,2,0.03785207336040826,-0.012931378206450824,-0.0125,0.04,-0.32919827143289315,,bottom_platen,7.391982714328922e-07
761,bottom_platen,2,0.039583704390682,-0.005755896690447342,-0.0125,0.04,-0.14439870357466966,,bottom_platen,7.391982714328922e-07
762,bottom_platen,2,0.039967359843351646,0.001615594983912154,-0.0125,0.04,0.04040086428355381,,bottom_platen,7.391982714328922e-07
763,bottom_platen,2,0.03898997479212055,0.008932069508787095,-0.0125,0.04,0.2252004321417764,,bottom_platen,7.391982714328922e-07
764,bottom_platen,2,0.03991477152506778,0.02078006289936673,-0.0125,0.045,0.48000000000000004,,bottom_platen,3.51362336256753e-07
765,bottom_platen,2,0.03595010012755858,0.02706640539152756,-0.0125,0.04499999999999999,0.645346981767884,,bottom_platen,3.51362336256753e-07
766,bottom_platen,2,0.031004803713486337,0.03261444690146046,-0.0125,0.045000000000000005,0.8106939635357677,,bottom_platen,3.51362336256753e-07
767,bottom_platen,2,0.025213777077601314,0.037272851319439276,-0.0125,0.045,0.9760409453036516,,bottom_platen,3.51362336256753e-07
768,bottom_platen,2,0.018734984330450698,0.040914549516495556,-0.0125,0.045,1.1413879270715355,,bottom_platen,3.51362336256753e-07
769,bottom_platen,2,0.011745150049224542,0.04344020545901228,-0.0125,0.04499999999999999,1.3067349088394193,,bottom_platen,3.51362336256753e-07
770,bottom_platen,2,0.00443493869197665,0.04478092583677126,-0.0125,0.04499999999999999,1.472081890607303,,bottom_platen,3.51362336256753e-07
771,bottom_platen,2,-0.002996246231766044,0.04490013929286442,-0.0125,0.04499999999999999,1.6374288723751869,,bottom_platen,3.51362336256753e-07
772,bottom_platen,2,-0.010345701368937152,0.04379459399497582,-0.0125,0.045,1.8027758541430707,,bottom_platen,3.51362336256753e-07
773,bottom_platen,2,-0.017412952741994312,0.041494446336890346,-0.0125,0.045000000000000005,1.9681228359109546,,bottom_platen,3.51362336256753e-07
774,bottom_platen,2,-0.024005224156429895,0.03806243835068314,-0.0125,0.045,2.1334698176788387,,bottom_platen,3.51362336256753e-07
775,bottom_platen,2,-0.029942695632827095,0.033592186267640836,-0.0125,0.045000000000000005,2.2988167994467226,,bottom_platen,3.51362336256753e-07
776,bottom_platen,2,-0.035063408427142756,0.02820562691151136,-0.0125,0.045,2.464163781214606,,bottom_platen,3.51362336256753e-07
777,bottom_platen,2,-0.039227682843049984,0.022049691579817655,-0.0125,0.045,2.62951076298249,,bottom_platen,3.51362336256753e-07
778,bottom_platen,2,-0.04232192832993603,0.015292298141082588,-0.0125,0.045,2.7948577447503737,,bottom_platen,3.51362336256753e-07
779,bottom_platen,2,-0.04426174193701462,0.008117770673104844,-0.0125,0.04499999999999999,2.9602047265182576,,bottom_platen,3.51362336256753e-07
780,bottom_platen,2,-0.044994210605801326,0.0007218115826135894,-0.0125,0.04499999999999999,3.1255517082861415,,bottom_platen,3.51362336256753e-07
781,bottom_platen,2,-0.044499354500414964,-0.006693836646229,-0.0125,0.045000000000000005,-2.9922866171255613,,bottom_platen,3.51362336256753e-07
782,bottom_platen,2,-0.042790672005416884,-0.013926894460892278,-0.0125,0.045000000000000005,-2.8269396353576774,,bottom_platen,3.51362336256753e-07
783,bottom_platen,2,-0.03991477152506779,-0.020780062899366722,-0.0125,0.045,-2.6615926535897936,,bottom_platen,3.51362336256753e-07
784,bottom_platen,2,-0.03595010012755859,-0.02706640539152755,-0.0125,0.04499999999999999,-2.4962456718219097,,bottom_platen,3.51362336256753e-07
785,bottom_platen,2,-0.031004803713486323,-0.03261444690146047,-0.0125,0.045,-2.3308986900540254,,bottom_platen,3.51362336256753e-07
786,bottom_platen,2,-0.025213777077601317,-0.037272851319439276,-0.0125,0.045,-2.165551708286142,,bottom_platen,3.51362336256753e-07
787,bottom_platen,2,-0.01873498433045068,-0.04091454951649556,-0.0125,0.045,-2.000204726518257,,bottom_platen,3.51362336256753e-07
788,bottom_platen,2,-0.011745150049224547,-0.04344020545901228,-0.0125,0.045000000000000005,-1.834857744750374,,bottom_platen,3.51362336256753e-07
789,bottom_platen,2,-0.0044349386919766256,-0.04478092583677127,-0.0125,0.045,-1.6695107629824897,,bottom_platen,3.51362336256753e-07
790,bottom_platen,2,0.0029962462317660483,-0.04490013929286442,-0.0125,0.045,-1.5041637812146063,,bottom_platen,3.51362336256753e-07
791,bottom_platen,2,0.010345701368937175,-0.04379459399497581,-0.0125,0.045,-1.338816799446722,,bottom_platen,3.51362336256753e-07
792,bottom_platen,2,0.017412952741994316,-0.041494446336890346,-0.0125,0.045000000000000005,-1.1734698176788385,,bottom_platen,3.51362336256753e-07
793,bottom_platen,2,0.024005224156429906,-0.03806243835068313,-0.0125,0.045,-1.0081228359109542,,bottom_platen,3.51362336256753e-07
794,bottom_platen,2,0.029942695632827084,-0.033592186267640836,-0.0125,0.045000000000000005,-0.8427758541430709,,bottom_platen,3.51362336256753e-07
795,bottom_platen,2,0.03506340842714278,-0.028205626911511336,-0.0125,0.04499999999999999,-0.6774288723751866,,bottom_platen,3.51362336256753e-07
796,bottom_platen,2,0.03922768284304999,-0.02204969157981764,-0.0125,0.045,-0.512081890607303,,bottom_platen,3.51362336256753e-07
797,bottom_platen,2,0.04232192832993604,-0.015292298141082555,-0.0125,0.045,-0.3467349088394187,,bottom_platen,3.51362336256753e-07
798,bottom_platen,2,0.044261741937014626,-0.00811777067310483,-0.0125,0.045,-0.1813879270715353,,bottom_platen,3.51362336256753e-07
799,bottom_platen,2,0.044994210605801326,-0.0007218115826135949,-0.0125,0.04499999999999999,-0.01604094530365188,,bottom_platen,3.51362336256753e-07
800,bottom_platen,2,0.044499354500414964,0.006693836646229015,-0.0125,0.045000000000000005,0.14930603646423243,,bottom_platen,3.51362336256753e-07
801,bottom_platen,2,0.04279067200541686,0.01392689446089231,-0.0125,0.045,0.3146530182321168,,bottom_platen,3.51362336256753e-07
802,bottom_platen,2,0.0,0.0,-0.005000000000000001,0.0,0.0,,bottom_platen,7.853981633974483e-07
803,bottom_platen,2,0.00946042343528387,0.003240430283948684,-0.005000000000000001,0.01,0.33,,bottom_platen,7.853981633974483e-07
804,bottom_platen,2,0.004398199336242994,0.00898085979172772,-0.005000000000000001,0.009999999999999998,1.1153981633974484,,bottom_platen,7.853981633974483e-07
805,bottom_platen,2,-0.003240430283948684,0.00946042343528387,-0.005000000000000001,0.01,1.9007963267948966,,bottom_platen,7.853981633974483e-07
806,bottom_platen,2,-0.00898085979172772,0.004398199336242994,-0.005000000000000001,0.009999999999999998,2.686194490192345,,bottom_platen,7.853981633974483e-07
807,bottom_platen,2,-0.00946042343528387,-0.003240430283948683,-0.005000000000000001,0.01,-2.8115926535897935,,bottom_platen,7.853981633974483e-07
808,bottom_platen,2,-0.004398199336242995,-0.00898085979172772,-0.005000000000000001,0.01,-2.026194490192345,,bottom_platen,7.853981633974483e-07
809,bottom_platen,2,0.0032404302839486826,-0.00946042343528387,-0.005000000000000001,0.01,-1.2407963267948967,,bottom_platen,7.853981633974483e-07
810,bottom_platen,2,0.00898085979172772,-0.0043981993362429955,-0.005000000000000001,0.01,-0.4553981633974485,,bottom_platen,7.853981633974483e-07
811,bottom_platen,2,0.018421219880057703,0.007788366846173011,-0.005000000000000001,0.02,0.4,,bottom_platen,7.391982714328927e-07
812,bottom_platen,2,0.014363793353516926,0.013916947959141867,-0.005000000000000001,0.019999999999999997,0.7695991357164462,,bottom_platen,7.391982714328927e-07
813,bottom_platen,2,0.00836645694205709,0.018165968133757825,-0.005000000000000001,0.02,1.1391982714328925,,bottom_platen,7.391982714328927e-07
814,bottom_platen,2,0.0012391841604341247,0.01996157365080542,-0.005000000000000001,0.02,1.5087974071493386,,bottom_platen,7.391982714328927e-07
815,bottom_platen,2,-0.006055447308611951,0.019061258035413725,-0.005000000000000001,0.020000000000000004,1.8783965428657852,,bottom_platen,7.391982714328927e-07
816,bottom_platen,2,-0.012532257064238102,0.015586613900262437,-0.005000000000000001,0.02,2.2479956785822313,,bottom_platen,7.391982714328927e-07
817,bottom_platen,2,-0.01731651605970523,0.01000691118947155,-0.005000000000000001,0.02,2.6175948142986774,,bottom_platen,7.391982714328927e-07
818,bottom_platen,2,-0.019762083607181232,0.0030757196723334235,-0.005000000000000001,0.02,2.9871939500151234,,bottom_platen,7.391982714328927e-07
819,bottom_platen,2,-0.019538672258021885,-0.004270864829704393,-0.005000000000000001,0.019999999999999997,-2.9263922214480167,,bottom_platen,7.391982714328927e-07
820,bottom_platen,2,-0.016676454952896182,-0.011040645370811635,-0.005000000000000001,0.02,-2.5567930857315706,,bottom_platen,7.391982714328927e-07
821,bottom_platen,2,-0.011561989998954931,-0.01631932557626283,-0.005000000000000001,0.02,-2.187193950015123,,bottom_platen,7.391982714328927e-07
822,bottom_platen,2,-0.004886014228456568,-0.019393990434135002,-0.005000000000000001,0.02,-1.8175948142986773,,bottom_platen,7.391982714328927e-07
823,bottom_platen,2,0.002449844837934331,-0.019849389418066403,-0.005000000000000001,0.02,-1.4479956785822312,,bottom_platen,7.391982714328927e-07
824,bottom_platen,2,0.009454838783903326,-0.01762401837182422,-0.005000000000000001,0.020000000000000004,-1.0783965428657851,,bottom_platen,7.391982714328927e-07
825,bottom_platen,2,0.015182904361035874,-0.013018425986410103,-0.005000000000000001,0.02,-0.7087974071493391,,bottom_platen,7.391982714328927e-07
826,bottom_platen,2,0.01886043457283315,-0.006654623033942641,-0.005000000000000001,0.019999999999999997,-0.339198271432893,,bottom_platen,7.391982714328927e-07
827,bottom_platen,2,0.019990758586293563,0.0006079236337979736,-0.005000000000000001,0.019999999999999997,0.03040086428355402,,bottom_platen,7.391982714328927e-07
828,bottom_platen,2,0.026747048645859868,0.01358658856137205,-0.005000000000000001,0.030000000000000002,0.47000000000000003,,bottom_platen,7.539822368615502e-07
829,bottom_platen,2,0.0225278937519853,0.019811461407459614,-0.005000000000000001,0.03,0.7213274122871836,,bottom_platen,7.539822368615502e-07
830,bottom_platen,2,0.01689322844187585,0.024791507271858172,-0.005000000000000001,0.029999999999999995,0.972654824574367,,bottom_platen,7.539822368615502e-07
831,bottom_platen,2,0.010197099459815133,0.028213811557580053,-0.005000000000000001,0.029999999999999995,1.2239822368615503,,bottom_platen,7.539822368615502e-07
832,bottom_platen,2,0.0028602492163857345,0.029863338299998626,-0.005000000000000001,0.030000000000000002,1.4753096491487339,,bottom_platen,7.539822368615502e-07
833,bottom_platen,2,-0.004656321004569957,0.029636441667352725,-0.005000000000000001,0.030000000000000006,1.7266370614359172,,bottom_platen,7.539822368615502e-07
834,bottom_platen,2,-0.011880317452057757,0.02754737840953893,-0.005000000000000001,0.029999999999999995,1.9779644737231006,,bottom_platen,7.539822368615502e-07
835,bottom_platen,2,-0.018357829861281556,0.023727412054082915,-0.005000000000000001,0.030000000000000002,2.2292918860102846,,bottom_platen,7.539822368615502e-07
836,bottom_platen,2,-0.02368185230494556,0.018416565135951506,-0.005000000000000001,0.03,2.480619298297468,,bottom_platen,7.539822368615502e-07
837,bottom_platen,2,-0.02751785687252951,0.01194853769893958,-0.005000000000000001,0.029999999999999995,2.7319467105846513,,bottom_platen,7.539822368615502e-07
838,bottom_platen,2,-0.02962481328921416,0.0047297396946555355,-0.005000000000000001,0.030000000000000002,2.9832741228718347,,bottom_platen,7.539822368615502e-07
839,bottom_platen,2,-0.02987033373449555,-0.0027862452494095314,-0.005000000000000001,0.03,-3.0485837720205686,,bottom_platen,7.539822368615502e-07
840,bottom_platen,2,-0.02823899125583562,-0.010127160157360966,-0.005000000000000001,0.03,-2.7972563597333853,,bottom_platen,7.539822368615502e-07
841,bottom_platen,2,-0.02483328910082652,-0.016831748347535702,-0.005000000000000001,0.03,-2.545928947446201,,bottom_platen,7.539822368615502e-07
842,bottom_platen,2,-0.01986722006116384,-0.022478735886194513,-0.005000000000000001,0.03,-2.294601535159017,,bottom_platen,7.539822368615502e-07
843,bottom_platen,2,-0.013652820518533969,-0.026713301778116046,-0.005000000000000001,0.03,-2.0432741228718347,,bottom_platen,7.539822368615502e-07
844,bottom_platen,2,-0.006580564051163065,-0.02926937267466695,-0.005000000000000001,0.030000000000000002,-1.7919467105846512,,bottom_platen,7.539822368615502e-07
845,bottom_platen,2,0.000905173457164066,-0.029986341240845735,-0.005000000000000001,0.030000000000000006,-1.5406192982974674,,bottom_platen,7.539822368615502e-07
846,bottom_platen,2,0.008334035588182444,-0.028819157704813452,-0.005000000000000001,0.03,-1.2892918860102844,,bottom_platen,7.539822368615502e-07
847,bottom_platen,2,0.01523923961275646,-0.02584116050073979,-0.005000000000000001,0.030000000000000002,-1.0379644737231015,,bottom_platen,7.539822368615502e-07
848,bottom_platen,2,0.021186906166458196,-0.02123946814526427,-0.005000000000000001,0.03,-0.7866370614359178,,bottom_platen,7.539822368615502e-07
849,bottom_platen,2,0.025803321485731057,-0.015303221892922086,-0.005000000000000001,0.029999999999999995,-0.5353096491487348,,bottom_platen,7.539822368615502e-07
850,bottom_platen,2,0.028798419218077246,-0.00840541792773441,-0.005000000000000001,0.029999999999999995,-0.28398223686155105,,bottom_platen,7.539822368615502e-07
851,bottom_platen,2,0.0299840063577745,-0.0009794706411824358,-0.005000000000000001,0.03,-0.03265482457436721,,bottom_platen,7.539822368615502e-07
852,bottom_platen,2,0.02928558810455115,0.006508020387996042,-0.005000000000000001,0.03,0.2186725877128157,,bottom_platen,7.539822368615502e-07
853,bottom_platen,2,0.034308347254552965,0.020565439666124525,-0.005000000000000001,0.04,0.54,,bottom_platen,7.391982714328922e-07
854,bottom_platen,2,0.029945292823503458,0.02651941624008025,-0.005000000000000001,0.04,0.7247995678582232,,bottom_platen,7.391982714328922e-07
855,bottom_platen,2,0.02456248736076962,0.03157030590051406,-0.005000000000000001,0.04000000000000001,0.9095991357164465,,bottom_platen,7.391982714328922e-07
856,bottom_platen,2,0.018343235850421295,0.03554610665791429,-0.005000000000000001,0.04,1.0943987035746694,,bottom_platen,7.391982714328922e-07
857,bottom_platen,2,0.011499327443473355,0.03831142738593513,-0.005000000000000001,0.04,1.2791982714328927,,bottom_platen,7.391982714328922e-07
858,bottom_platen,2,0.004263823232361037,0.03977209840382046,-0.005000000000000001,0.04,1.4639978392911157,,bottom_platen,7.391982714328922e-07
859,bottom_platen,2,-0.003116880365037032,0.039878378311937995,-0.005000000000000001,0.039999999999999994,1.6487974071493388,,bottom_platen,7.391982714328922e-07
860,bottom_platen,2,-0.010391442339889723,0.03862664787548548,-0.005000000000000001,0.04,1.8335969750075618,,bottom_platen,7.391982714328922e-07
861,bottom_platen,2,-0.01731213620901886,0.036059533273191134,-0.005000000000000001,0.04000000000000001,2.0183965428657853,,bottom_platen,7.391982714328922e-07
862,bottom_platen,2,-0.023643286043168607,0.03226445451392149,-0.005000000000000001,0.04,2.203196110724008,,bottom_platen,7.391982714328922e-07
863,bottom_platen,2,-0.029169292128114328,0.02737064845312817,-0.005000000000000001,0.04,2.3879956785822314,,bottom_platen,7.391982714328922e-07
864,bottom_platen,2,-0.03370197295434693,0.021544767786738108,-0.005000000000000001,0.04000000000000001,2.5727952464404544,,bottom_platen,7.391982714328922e-07
865,bottom_platen,2,-0.03708697351268053,0.01498520589347149,-0.005000000000000001,0.04,2.7575948142986775,,bottom_platen,7.391982714328922e-07
866,bottom_platen,2,-0.03920902166896176,0.007915340786276185,-0.005000000000000001,0.04,2.9423943821569005,,bottom_platen,7.391982714328922e-07
867,bottom_platen,2,-0.03999585361834469,0.0005759282420091351,-0.005000000000000001,0.04,3.1271939500151236,,bottom_platen,7.391982714328922e-07
868,bottom_platen,2,-0.03942067474249401,-0.0067830968477897435,-0.005000000000000001,0.04,-2.97119178930624,,bottom_platen,7.391982714328922e-07
869,bottom_platen,2,-0.03750307206817576,-0.013911131709865129,-0.005000000000000001,0.04,-2.7863922214480166,,bottom_platen,7.391982714328922e-07
870,bottom_platen,2,-0.034308347254552965,-0.020565439666124525,-0.005000000000000001,0.04,-2.601592653589793,,bottom_platen,7.391982714328922e-07
871,bottom_platen,2,-0.02994529282350346,-0.026519416240080248,-0.005000000000000001,0.039999999999999994,-2.41679308573157,,bottom_platen,7.391982714328922e-07
872,bottom_platen,2,-0.024562487360769634,-0.03157030590051405,-0.005000000000000001,0.04000000000000001,-2.231993517873347,,bottom_platen,7.391982714328922e-07
873,bottom_platen,2,-0.018343235850421292,-0.0355461066579143,-0.005000000000000001,0.04000000000000001,-2.0471939500151235,,bottom_platen,7.391982714328922e-07
874,bottom_platen,2,-0.011499327443473342,-0.03831142738593514,-0.005000000000000001,0.04000000000000001,-1.8623943821569002,,bottom_platen,7.391982714328922e-07
875,bottom_platen,2,-0.004263823232361042,-0.03977209840382046,-0.005000000000000001,0.04,-1.6775948142986776,,bottom_platen,7.391982714328922e-07
876,bottom_platen,2,0.0031168803650370447,-0.039878378311937995,-0.005000000000000001,0.04000000000000001,-1.4927952464404541,,bottom_platen,7.391982714328922e-07
877,bottom_platen,2,0.010391442339889716,-0.03862664787548549,-0.005000000000000001,0.04,-1.3079956785822315,,bottom_platen,7.391982714328922e-07
878,bottom_platen,2,0.017312136209018853,-0.036059533273191134,-0.005000000000000001,0.04000000000000001,-1.123196110724008,,bottom_platen,7.391982714328922e-07
879,bottom_platen,2,0.0236432860431686,-0.032264454513921494,-0.005000000000000001,0.04,-0.9383965428657856,,bottom_platen,7.391982714328922e-07
880,bottom_platen,2,0.029169292128114328,-0.02737064845312817,-0.005000000000000001,0.04,-0.7535969750075618,,bottom_platen,7.391982714328922e-07
881,bottom_platen,2,0.03370197295434692,-0.021544767786738125,-0.005000000000000001,0.039999999999999994,-0.5687974071493395,,bottom_platen,7.391982714328922e-07
882,bottom_platen,2,0.037086973512680525,-0.014985205893471494,-0.005000000000000001,0.04,-0.3839978392911159,,bottom_platen,7.391982714328922e-07
883,bottom_platen,2,0.03920902166896176,-0.007915340786276205,-0.005000000000000001,0.04,-0.19919827143289326,,bottom_platen,7.391982714328922e-07
884,bottom_platen,2,0.03999585361834469,-0.0005759282420091401,-0.005000000000000001,0.04,-0.014398703574669793,,bottom_platen,7.391982714328922e-07
885,bottom_platen,2,0.03942067474249401,0.006783096847789757,-0.005000000000000001,0.04,0.17040086428355372,,bottom_platen,7.391982714328922e-07
886,bottom_platen,2,0.03750307206817577,0.013911131709865106,-0.005000000000000001,0.04,0.35520043214177627,,bottom_platen,7.391982714328922e-07
887,bottom_platen,2,0.03688416080304657,0.02577903570452166,-0.005000000000000001,0.045,0.6100000000000001,,bottom_platen,3.51362336256753e-07
888,bottom_platen,2,0.03213801910499047,0.03149837659320345,-0.005000000000000001,0.045,0.7753469817678839,,bottom_platen,3.51362336256753e-07
889,bottom_platen,2,0.02651523602331341,0.03635852387856227,-0.005000000000000001,0.045,0.9406939635357678,,bottom_platen,3.51362336256753e-07
890,bottom_platen,2,0.020169186422982002,0.04022690541211191,-0.005000000000000001,0.045000000000000005,1.1060409453036515,,bottom_platen,3.51362336256753e-07
891,bottom_platen,2,0.013272973994176623,0.04299800182973519,-0.005000000000000001,0.045,1.2713879270715354,,bottom_platen,3.51362336256753e-07
892,bottom_platen,2,0.006014709434870982,0.04459622484486858,-0.005000000000000001,0.045,1.4367349088394192,,bottom_platen,3.51362336256753e-07
893,bottom_platen,2,-0.0014076207186406373,0.0449779790999157,-0.005000000000000001,0.045,1.602081890607303,,bottom_platen,3.51362336256753e-07
894,bottom_platen,2,-0.008791554648341093,0.044132851333957925,-0.005000000000000001,0.04499999999999999,1.767428872375187,,bottom_platen,3.51362336256753e-07
895,bottom_platen,2,-0.01593567788510733,0.04208389442936693,-0.005000000000000001,0.045,1.9327758541430708,,bottom_platen,3.51362336256753e-07
896,bottom_platen,2,-0.022645117370379716,0.038886998589267946,-0.005000000000000001,0.045000000000000005,2.0981228359109547,,bottom_platen,3.51362336256753e-07
897,bottom_platen,2,-0.0287368570852034,0.03462936679849337,-0.005000000000000001,0.045000000000000005,2.2634698176788386,,bottom_platen,3.51362336256753e-07
898,bottom_platen,2,-0.034044730250138246,0.029427136153477824,-0.005000000000000001,0.045,2.4288167994467225,,bottom_platen,3.51362336256753e-07
899,bottom_platen,2,-0.0384239519218375,0.023422209945014164,-0.005000000000000001,0.045,2.594163781214606,,bottom_platen,3.51362336256753e-07
900,bottom_platen,2,-0.041755068348876115,0.0167783869063949,-0.005000000000000001,0.045000000000000005,2.75951076298249,,bottom_platen,3.51362336256753e-07
901,bottom_platen,2,-0.0439472153586969,0.009676893210959558,-0.005000000000000001,0.045,2.9248577447503736,,bottom_platen,3.51362336256753e-07
902,bottom_platen,2,-0.04494059689537272,0.002311439094507111,-0.005000000000000001,0.045,3.090204726518258,,bottom_platen,3.51362336256753e-07
903,bottom_platen,2,-0.04470811610013545,-0.005117065054971432,-0.005000000000000001,0.045000000000000005,-3.0276335988934453,,bottom_platen,3.51362336256753e-07
904,bottom_platen,2,-0.043256114443046945,-0.01240598900894344,-0.005000000000000001,0.045,-2.862286617125561,,bottom_platen,3.51362336256753e-07
905,bottom_platen,2,-0.040624198744226785,-0.01935650992275113,-0.005000000000000001,0.045,-2.6969396353576776,,bottom_platen,3.51362336256753e-07
906,bottom_platen,2,-0.03688416080304657,-0.025779035704521662,-0.005000000000000001,0.045,-2.5315926535897932,,bottom_platen,3.51362336256753e-07
907,bottom_platen,2,-0.03213801910499048,-0.031498376593203446,-0.005000000000000001,0.045,-2.36624567182191,,bottom_platen,3.51362336256753e-07
908,bottom_platen,2,-0.026515236023313408,-0.036358523878562275,-0.005000000000000001,0.045,-2.2008986900540255,,bottom_platen,3.51362336256753e-07
909,bottom_platen,2,-0.02016918642298201,-0.0402269054121119,-0.005000000000000001,0.045,-2.035551708286142,,bottom_platen,3.51362336256753e-07
910,bottom_platen,2,-0.013272973994176611,-0.0429980018297352,-0.005000000000000001,0.045000000000000005,-1.8702047265182575,,bottom_platen,3.51362336256753e-07
911,bottom_platen,2,-0.0060147094348709865,-0.04459622484486858,-0.005000000000000001,0.045,-1.704857744750374,,bottom_platen,3.51362336256753e-07
912,bottom_platen,2,0.0014076207186406516,-0.0449779790999157,-0.005000000000000001,0.045,-1.5395107629824898,,bottom_platen,3.51362336256753e-07
913,bottom_platen,2,0.008791554648341087,-0.044132851333957925,-0.005000000000000001,0.04499999999999999,-1.3741637812146064,,bottom_platen,3.51362336256753e-07
914,bottom_platen,2,0.015935677885107344,-0.04208389442936693,-0.005000000000000001,0.045,-1.208816799446722,,bottom_platen,3.51362336256753e-07
915,bottom_platen,2,0.02264511737037971,-0.038886998589267946,-0.005000000000000001,0.045000000000000005,-1.0434698176788386,,bottom_platen,3.51362336256753e-07
916,bottom_platen,2,0.028736857085203408,-0.03462936679849336,-0.005000000000000001,0.045,-0.8781228359109543,,bottom_platen,3.51362336256753e-07
917,bottom_platen,2,0.034044730250138246,-0.029427136153477827,-0.005000000000000001,0.045000000000000005,-0.7127758541430709,,bottom_platen,3.51362336256753e-07
918,bottom_platen,2,0.038423951921837514,-0.023422209945014132,-0.005000000000000001,0.045,-0.5474288723751866,,bottom_platen,3.51362336256753e-07
919,bottom_platen,2,0.041755068348876115,-0.016778386906394903,-0.005000000000000001,0.045000000000000005,-0.38208189060730313,,bottom_platen,3.51362336256753e-07
920,bottom_platen,2,0.0439472153586969,-0.009676893210959523,-0.005000000000000001,0.045,-0.21673490883941884,,bottom_platen,3.51362336256753e-07
921,bottom_platen,2,0.04494059689537272,-0.0023114390945071163,-0.005000000000000001,0.045,-0.05138792707153541,,bottom_platen,3.51362336256753e-07
922,bottom_platen,2,0.04470811610013545,0.005117065054971427,-0.005000000000000001,0.045000000000000005,0.11395905469634801,,bottom_platen,3.51362336256753e-07
923,bottom_platen,2,0.043256114443046945,0.012405989008943437,-0.005000000000000001,0.045,0.27930603646423235,,bottom_platen,3.51362336256753e-07
924,bottom_platen,2,0.04062419874422677,0.01935650992275116,-0.005000000000000001,0.045,0.4446530182321166,,bottom_platen,3.51362336256753e-07
925,top_platen,1,0.0,0.0,0.10500000000000001,0.0,0.0,,top_platen,7.853981633974483e-07
926,top_platen,1,0.009975510002532797,0.0006994284733753277,0.10500000000000001,0.010000000000000002,0.07,,top_platen,7.853981633974483e-07
927,top_platen,1,0.006559180152106526,0.007548321385063823,0.10500000000000001,0.010000000000000002,0.8553981633974483,,top_platen,7.853981633974483e-07
928,top_platen,1,-0.0006994284733753277,0.009975510002532797,0.10500000000000001,0.010000000000000002,1.6407963267948966,,top_platen,7.853981633974483e-07
929,top_platen,1,-0.007548321385063821,0.006559180152106527,0.10500000000000001,0.01,2.4261944901923447,,top_platen,7.853981633974483e-07
930,top_platen,1,-0.009975510002532797,-0.0006994284733753248,0.10500000000000001,0.010000000000000002,-3.0715926535897937,,top_platen,7.853981633974483e-07
931,top_platen,1,-0.006559180152106527,-0.007548321385063821,0.10500000000000001,0.01,-2.286194490192345,,top_platen,7.853981633974483e-07
932,top_platen,1,0.0006994284733753286,-0.009975510002532797,0.10500000000000001,0.010000000000000002,-1.5007963267948965,,top_platen,7.853981633974483e-07
933,top_platen,1,0.007548321385063823,-0.006559180152106524,0.10500000000000001,0.01,-0.7153981633974482,,top_platen,7.853981633974483e-07
934,top_platen,1,0.01980431992425274,0.0027908622928847298,0.10500000000000001,0.019999999999999997,0.14,,top_platen,7.391982714328927e-07
935,top_platen,1,0.017458802606824482,0.009756547111347267,0.10500000000000001,0.02,0.5095991357164462,,top_platen,7.391982714328927e-07
936,top_platen,1,0.012755377254779661,0.0154045561795285,0.10500000000000001,0.019999999999999997,0.8791982714328925,,top_platen,7.391982714328927e-07
937,top_platen,1,0.0063292675244915235,0.018972094576071904,0.10500000000000001,0.02,1.2487974071493388,,top_platen,7.391982714328927e-07
938,top_platen,1,-0.0009516448566612594,0.01997734647211161,0.10500000000000001,0.02,1.618396542865785,,top_platen,7.391982714328927e-07
939,top_platen,1,-0.008104032326675758,0.018284547028794406,0.10500000000000001,0.020000000000000004,1.9879956785822315,,top_platen,7.391982714328927e-07
940,top_platen,1,-0.014161925324979358,0.01412231819106581,0.10500000000000001,0.02,2.3575948142986776,,top_platen,7.391982714328927e-07
941,top_platen,1,-0.01830717183420726,0.008052792027167249,0.10500000000000001,0.02,2.7271939500151237,,top_platen,7.391982714328927e-07
942,top_platen,1,-0.019979933343684392,0.0008956916779387125,0.10500000000000001,0.02,3.09679308573157,,top_platen,7.391982714328927e-07
943,top_platen,1,-0.01895429414246436,-0.006382376795594362,0.10500000000000001,0.02,-2.8167930857315704,,top_platen,7.391982714328927e-07
944,top_platen,1,-0.01536877248793493,-0.012798469916911723,0.10500000000000001,0.02,-2.447193950015124,,top_platen,7.391982714328927e-07
945,top_platen,1,-0.009707612947601679,-0.01748605875718014,0.10500000000000001,0.019999999999999997,-2.077594814298678,,top_platen,7.391982714328927e-07
946,top_platen,1,-0.00273538648695452,-0.019812058468694934,0.10500000000000001,0.02,-1.707995678582232,,top_platen,7.391982714328927e-07
947,top_platen,1,0.004606269076055619,-0.019462329901606686,0.10500000000000001,0.02,-1.3383965428657858,,top_platen,7.391982714328927e-07
948,top_platen,1,0.01132582247612637,-0.016484105836813555,0.10500000000000001,0.019999999999999997,-0.9687974071493397,,top_platen,7.391982714328927e-07
949,top_platen,1,0.016515760792247418,-0.011279611937175098,0.10500000000000001,0.02,-0.5991982714328936,,top_platen,7.391982714328927e-07
950,top_platen,1,0.019475154096385634,-0.004551743942933723,0.10500000000000001,0.019999999999999997,-0.22959913571644663,,top_platen,7.391982714328927e-07
951,top_platen,1,0.029340927441724448,0.006253796995382988,0.10500000000000001,0.030000000000000002,0.21000000000000002,,top_platen,7.539822368615502e-07
952,top_platen,1,0.02686387218281756,0.013354114397639434,0.10500000000000001,0.03,0.4613274122871835,,top_platen,7.539822368615502e-07
953,top_platen,1,0.02269886103625342,0.019615343679294947,0.10500000000000001,0.030000000000000002,0.7126548245743669,,top_platen,7.539822368615502e-07
954,top_platen,1,0.017107596970210144,0.024644068777392593,0.10500000000000001,0.029999999999999995,0.9639822368615504,,top_platen,7.539822368615502e-07
955,top_platen,1,0.01044139966918805,0.028124316399661693,0.10500000000000001,0.03,1.2153096491487339,,top_platen,7.539822368615502e-07
956,top_platen,1,0.003119130826169064,0.029837409788539652,0.10500000000000001,0.029999999999999995,1.4666370614359172,,top_platen,7.539822368615502e-07
957,top_platen,1,-0.004399124478018866,0.0296757089860865,0.10500000000000001,0.03,1.7179644737231006,,top_platen,7.539822368615502e-07
958,top_platen,1,-0.01164096661240478,0.027649374248414325,0.10500000000000001,0.030000000000000002,1.9692918860102844,,top_platen,7.539822368615502e-07
959,top_platen,1,-0.01815136400205287,0.02388572763942893,0.10500000000000001,0.030000000000000002,2.2206192982974677,,top_platen,7.539822368615502e-07
960,top_platen,1,-0.023521244435404844,0.01862125291729685,0.10500000000000001,0.03,2.471946710584651,,top_platen,7.539822368615502e-07
961,top_platen,1,-0.027413198575794426,0.012186736390193334,0.10500000000000001,0.030000000000000002,2.7232741228718345,,top_platen,7.539822368615502e-07
962,top_platen,1,-0.029582680630974863,0.004986482396012713,0.10500000000000001,0.030000000000000002,2.974601535159018,,top_platen,7.539822368615502e-07
963,top_platen,1,-0.029893374064622294,-0.0025270906261088072,0.10500000000000001,0.03,-3.0572563597333855,,top_platen,7.539822368615502e-07
964,top_platen,1,-0.028325756865650132,-0.009881877250202726,0.10500000000000001,0.03,-2.8059289474462012,,top_platen,7.539822368615502e-07
965,top_platen,1,-0.02497832818796257,-0.01661574918366411,0.10500000000000001,0.030000000000000002,-2.554601535159018,,top_platen,7.539822368615502e-07
966,top_platen,1,-0.020061419286360235,-0.02230559248746497,0.10500000000000001,0.030000000000000002,-2.303274122871835,,top_platen,7.539822368615502e-07
967,top_platen,1,-0.013883977630256774,-0.02659389338104764,0.10500000000000001,0.029999999999999995,-2.051946710584651,,top_platen,7.539822368615502e-07
968,top_platen,1,-0.006834154597946382,-0.02921120214800083,0.10500000000000001,0.030000000000000002,-1.8006192982974671,,top_platen,7.539822368615502e-07
969,top_platen,1,0.0006450835020153979,-0.029993063652708565,0.10500000000000001,0.03,-1.5492918860102842,,top_platen,7.539822368615502e-07
970,top_platen,1,0.008083788633094386,-0.028890350661344592,0.10500000000000001,0.029999999999999995,-1.2979644737231013,,top_platen,7.539822368615502e-07
971,top_platen,1,0.01501455959426114,-0.025972350686651,0.10500000000000001,0.03,-1.0466370614359175,,top_platen,7.539822368615502e-07
972,top_platen,1,0.021001910556432933,-0.02142241239869102,0.10500000000000001,0.029999999999999995,-0.7953096491487347,,top_platen,7.539822368615502e-07
973,top_platen,1,0.025669634238720044,-0.01552642515359964,0.10500000000000001,0.03,-0.5439822368615508,,top_platen,7.539822368615502e-07
974,top_platen,1,0.02872444039547746,-0.008654855513910242,0.10500000000000001,0.03,-0.29265482457436703,,top_platen,7.539822368615502e-07
975,top_platen,1,0.029974384321084964,-0.0012394694719498741,0.10500000000000001,0.03,-0.04132741228718409,,top_platen,7.539822368615502e-07
976,top_platen,1,0.038442217532430836,0.011054225942564552,0.10500000000000001,0.039999999999999994,0.2800000000000001,,top_platen,7.391982714328922e-07
977,top_platen,1,0.035756457039794715,0.01792974567475275,0.10500000000000001,0.039999999999999994,0.4647995678582232,,top_platen,7.391982714328922e-07
978,top_platen,1,0.031853053287811725,0.02419468942234693,0.10500000000000001,0.04,0.6495991357164463,,top_platen,7.391982714328922e-07
979,top_platen,1,0.02686493200963887,0.0296357120399946,0.10500000000000001,0.04,0.8343987035746694,,top_platen,7.391982714328922e-07
980,top_platen,1,0.020961957692812262,0.034067526028239106,0.10500000000000001,0.04,1.0191982714328924,,top_platen,7.391982714328922e-07
981,top_platen,1,0.014345149047854078,0.037339211277085796,0.10500000000000001,0.04,1.2039978392911157,,top_platen,7.391982714328922e-07
982,top_platen,1,0.007239833557181138,0.03933935446933915,0.10500000000000001,0.04,1.3887974071493387,,top_platen,7.391982714328922e-07
983,top_platen,1,-0.00011202578205833446,0.03999984312749432,0.10500000000000001,0.04000000000000001,1.5735969750075618,,top_platen,7.391982714328922e-07
984,top_platen,1,-0.007460070217649935,0.03929818510246666,0.10500000000000001,0.04,1.758396542865785,,top_platen,7.391982714328922e-07
985,top_platen,1,-0.01455407090934749,0.03725827451675245,0.10500000000000001,0.039999999999999994,1.943196110724008,,top_platen,7.391982714328922e-07
986,top_platen,1,-0.021152450171911287,0.0339495780787451,0.10500000000000001,0.039999999999999994,2.1279956785822316,,top_platen,7.391982714328922e-07
987,top_platen,1,-0.027030508113438323,0.029484769477297005,0.10500000000000001,0.04,2.312795246440454,,top_platen,7.391982714328922e-07
988,top_platen,1,-0.03198807452068339,0.024015892414382733,0.10500000000000001,0.04,2.4975948142986777,,top_platen,7.391982714328922e-07
989,top_platen,1,-0.03585632541559324,0.017729182939184827,0.10500000000000001,0.04,2.6823943821569003,,top_platen,7.391982714328922e-07
990,top_platen,1,-0.03850353215339734,0.010838727402804152,0.10500000000000001,0.04,2.867193950015124,,top_platen,7.391982714328922e-07
991,top_platen,1,-0.03983954728361427,0.0035791720043416913,0.10500000000000001,0.04,3.0519935178733464,,top_platen,7.391982714328922e-07
992,top_platen,1,-0.03981887441335803,-0.003802267803984994,0.10500000000000001,0.039999999999999994,-3.046392221448017,,top_platen,7.391982714328922e-07
993,top_platen,1,-0.038442217532430836,-0.011054225942564555,0.10500000000000001,0.04,-2.8615926535897933,,top_platen,7.391982714328922e-07
994,top_platen,1,-0.03575645703979472,-0.017929745674752737,0.10500000000000001,0.039999999999999994,-2.6767930857315703,,top_platen,7.391982714328922e-07
995,top_platen,1,-0.03185305328781173,-0.02419468942234693,0.10500000000000001,0.04,-2.491993517873347,,top_platen,7.391982714328922e-07
996,top_platen,1,-0.02686493200963886,-0.02963571203999461,0.10500000000000001,0.04,-2.3071939500151233,,top_platen,7.391982714328922e-07
997,top_platen,1,-0.020961957692812266,-0.034067526028239106,0.10500000000000001,0.04,-2.122394382156901,,top_platen,7.391982714328922e-07
998,top_platen,1,-0.014345149047854073,-0.037339211277085796,0.10500000000000001,0.04,-1.9375948142986774,,top_platen,7.391982714328922e-07
999,top_platen,1,-0.007239833557181116,-0.03933935446933915,0.10500000000000001,0.04,-1.752795246440454,,top_platen,7.391982714328922e-07
1000,top_platen,1,0.00011202578205833844,-0.03999984312749432,0.10500000000000001,0.04000000000000001,-1.5679956785822313,,top_platen,7.391982714328922e-07
1001,top_platen,1,0.007460070217649948,-0.03929818510246666,0.10500000000000001,0.04000000000000001,-1.3831961107240078,,top_platen,7.391982714328922e-07
1002,top_platen,1,0.014554070909347485,-0.037258274516752454,0.10500000000000001,0.04,-1.1983965428657852,,top_platen,7.391982714328922e-07
1003,top_platen,1,0.021152450171911284,-0.03394957807874511,0.10500000000000001,0.04000000000000001,-1.0135969750075617,,top_platen,7.391982714328922e-07
1004,top_platen,1,0.027030508113438323,-0.029484769477297005,0.10500000000000001,0.04,-0.8287974071493391,,top_platen,7.391982714328922e-07
1005,top_platen,1,0.03198807452068339,-0.024015892414382737,0.10500000000000001,0.04,-0.6439978392911155,,top_platen,7.391982714328922e-07
1006,top_platen,1,0.035856325415593235,-0.01772918293918483,0.10500000000000001,0.04,-0.45919827143289305,,top_platen,7.391982714328922e-07
1007,top_platen,1,0.03850353215339734,-0.010838727402804156,0.10500000000000001,0.04,-0.27439870357466956,,top_platen,7.391982714328922e-07
1008,top_platen,1,0.03983954728361427,-0.003579172004341661,0.10500000000000001,0.039999999999999994,-0.0895991357164461,,top_platen,7.391982714328922e-07
1009,top_platen,1,0.03981887441335803,0.003802267803984989,0.10500000000000001,0.039999999999999994,0.09520043214177652,,top_platen,7.391982714328922e-07
1010,top_platen,1,0.04227177207813205,0.015430401335495312,0.10500000000000001,0.045,0.35000000000000003,,top_platen,3.51362336256753e-07
1011,top_platen,1,0.039155479618445996,0.022177655778946974,0.10500000000000001,0.045,0.5153469817678838,,top_platen,3.51362336256753e-07
1012,top_platen,1,0.03497112774548619,0.0283199615855828,0.10500000000000001,0.04499999999999999,0.6806939635357677,,top_platen,3.51362336256753e-07
1013,top_platen,1,0.02983285467055575,0.033689772664793984,0.10500000000000001,0.045000000000000005,0.8460409453036515,,top_platen,3.51362336256753e-07
1014,top_platen,1,0.023880819088660528,0.038140614568392406,0.10500000000000001,0.045,1.0113879270715354,,top_platen,3.51362336256753e-07
1015,top_platen,1,0.017277377014675875,0.041551079931726805,0.10500000000000001,0.045,1.1767349088394192,,top_platen,3.51362336256753e-07
1016,top_platen,1,0.010202653134491334,0.04382814015010509,0.10500000000000001,0.04499999999999999,1.342081890607303,,top_platen,3.51362336256753e-07
1017,top_platen,1,0.0028496274731296106,0.04490968295662289,0.10500000000000001,0.04499999999999999,1.507428872375187,,top_platen,3.51362336256753e-07
1018,top_platen,1,-0.004581128597274675,0.044766206682890074,0.10500000000000001,0.045,1.6727758541430708,,top_platen,3.51362336256753e-07
1019,top_platen,1,-0.011886923421656276,0.04340162498763934,0.10500000000000001,0.045,1.8381228359109547,,top_platen,3.51362336256753e-07
1020,top_platen,1,-0.018868473961991785,0.04085316010231813,0.10500000000000001,0.045000000000000005,2.0034698176788384,,top_platen,3.51362336256753e-07
1021,top_platen,1,-0.025335341719084824,0.03719032750564587,0.10500000000000001,0.04499999999999999,2.1688167994467222,,top_platen,3.51362336256753e-07
1022,top_platen,1,-0.031111127398387964,0.032513039722567826,0.10500000000000001,0.04499999999999999,2.334163781214606,,top_platen,3.51362336256753e-07
1023,top_platen,1,-0.03603828262291938,0.026948880971027104,0.10500000000000001,0.045,2.49951076298249,,top_platen,3.51362336256753e-07
1024,top_platen,1,-0.03998240744228891,0.02064962699708641,0.10500000000000001,0.045,2.664857744750374,,top_platen,3.51362336256753e-07
1025,top_platen,1,-0.04283591641299022,0.013787105028225286,0.10500000000000001,0.04499999999999999,2.8302047265182577,,top_platen,3.51362336256753e-07
1026,top_platen,1,-0.04452097324884528,0.00654850677449463,0.10500000000000001,0.045,2.9955517082861416,,top_platen,3.51362336256753e-07
1027,top_platen,1,-0.044991613991987325,-0.000868717673361124,0.10500000000000001,0.045,-3.122286617125561,,top_platen,3.51362336256753e-07
1028,top_platen,1,-0.044235000789812275,-0.008262245767665547,0.10500000000000001,0.045000000000000005,-2.9569396353576773,,top_platen,3.51362336256753e-07
1029,top_platen,1,-0.04227177207813205,-0.01543040133549531,0.10500000000000001,0.045,-2.791592653589793,,top_platen,3.51362336256753e-07
1030,top_platen,1,-0.039155479618445996,-0.022177655778946974,0.10500000000000001,0.045,-2.6262456718219096,,top_platen,3.51362336256753e-07
1031,top_platen,1,-0.034971127745486184,-0.028319961585582816,0.10500000000000001,0.045,-2.4608986900540253,,top_platen,3.51362336256753e-07
1032,top_platen,1,-0.02983285467055575,-0.033689772664793984,0.10500000000000001,0.045000000000000005,-2.295551708286142,,top_platen,3.51362336256753e-07
1033,top_platen,1,-0.02388081908866054,-0.03814061456839239,0.10500000000000001,0.045,-2.130204726518258,,top_platen,3.51362336256753e-07
1034,top_platen,1,-0.017277377014675906,-0.04155107993172679,0.10500000000000001,0.045000000000000005,-1.9648577447503748,,top_platen,3.51362336256753e-07
1035,top_platen,1,-0.010202653134491348,-0.04382814015010509,0.10500000000000001,0.04499999999999999,-1.7995107629824905,,top_platen,3.51362336256753e-07
1036,top_platen,1,-0.0028496274731296457,-0.04490968295662289,0.10500000000000001,0.04499999999999999,-1.634163781214607,,top_platen,3.51362336256753e-07
1037,top_platen,1,0.00458112859727466,-0.044766206682890074,0.10500000000000001,0.045,-1.4688167994467227,,top_platen,3.51362336256753e-07
1038,top_platen,1,0.011886923421656245,-0.043401624987639345,0.10500000000000001,0.045,-1.3034698176788393,,top_platen,3.51362336256753e-07
1039,top_platen,1,0.01886847396199178,-0.04085316010231813,0.10500000000000001,0.045000000000000005,-1.138122835910955,,top_platen,3.51362336256753e-07
1040,top_platen,1,0.025335341719084806,-0.03719032750564589,0.10500000000000001,0.045000000000000005,-0.9727758541430715,,top_platen,3.51362336256753e-07
1041,top_platen,1,0.03111112739838796,-0.032513039722567826,0.10500000000000001,0.04499999999999999,-0.8074288723751872,,top_platen,3.51362336256753e-07
1042,top_platen,1,0.03603828262291937,-0.026948880971027125,0.10500000000000001,0.045,-0.6420818906073038,,top_platen,3.51362336256753e-07
1043,top_platen,1,0.03998240744228891,-0.020649626997086418,0.10500000000000001,0.045,-0.47673490883941955,,top_platen,3.51362336256753e-07
1044,top_platen,1,0.04283591641299021,-0.01378710502822531,0.10500000000000001,0.045,-0.31138792707153606,,top_platen,3.51362336256753e-07
1045,top_platen,1,0.04452097324884528,-0.006548506774494676,0.10500000000000001,0.045,-0.14604094530365266,,top_platen,3.51362336256753e-07
1046,top_platen,1,0.044991613991987325,0.0008687176733610986,0.10500000000000001,0.04499999999999999,0.01930603646423166,,top_platen,3.51362336256753e-07
1047,top_platen,1,0.04423500078981228,0.008262245767665544,0.10500000000000001,0.04500000000000001,0.18465301823211597,,top_platen,3.51362336256753e-07
1048,top_platen,1,0.0,0.0,0.11250000000000002,0.0,0.0,,top_platen,7.853981633974483e-07
1049,top_platen,1,0.009800665778412416,0.0019866933079506124,0.11250000000000002,0.01,0.2,,top_platen,7.853981633974483e-07
1050,top_platen,1,0.005525312921868542,0.008334921542248165,0.11250000000000002,0.01,0.9853981633974482,,top_platen,7.853981633974483e-07
1051,top_platen,1,-0.001986693307950611,0.009800665778412416,0.11250000000000002,0.009999999999999998,1.7707963267948965,,top_platen,7.853981633974483e-07
1052,top_platen,1,-0.008334921542248165,0.005525312921868541,0.11250000000000002,0.01,2.556194490192345,,top_platen,7.853981633974483e-07
1053,top_platen,1,-0.009800665778412416,-0.001986693307950613,0.11250000000000002,0.01,-2.9415926535897934,,top_platen,7.853981633974483e-07
1054,top_platen,1,-0.005525312921868541,-0.008334921542248165,0.11250000000000002,0.01,-2.1561944901923447,,top_platen,7.853981633974483e-07
1055,top_platen,1,0.0019866933079506124,-0.009800665778412416,0.11250000000000002,0.01,-1.3707963267948966,,top_platen,7.853981633974483e-07
1056,top_platen,1,0.008334921542248165,-0.005525312921868542,0.11250000000000002,0.01,-0.5853981633974483,,top_platen,7.853981633974483e-07
1057,top_platen,1,0.019275417927317812,0.005334628733776623,0.11250000000000002,0.020000000000000004,0.26999999999999996,,top_platen,7.391982714328927e-07
1058,top_platen,1,0.016046701755107397,0.011937477236947228,0.11250000000000002,0.02,0.6395991357164463,,top_platen,7.391982714328927e-07
1059,top_platen,1,0.010650789593025754,0.01692810329142324,0.11250000000000002,0.02,1.0091982714328926,,top_platen,7.391982714328927e-07
1060,top_platen,1,0.003816429278343481,0.019632495194534052,0.11250000000000002,0.02,1.3787974071493387,,top_platen,7.391982714328927e-07
1061,top_platen,1,-0.003533360957943753,0.019685409834211704,0.11250000000000002,0.020000000000000004,1.748396542865785,,top_platen,7.391982714328927e-07
1062,top_platen,1,-0.010405951217831723,0.01707970079515758,0.11250000000000002,0.02,2.1179956785822314,,top_platen,7.391982714328927e-07
1063,top_platen,1,-0.015873160104385282,0.012167283521828174,0.11250000000000002,0.02,2.4875948142986775,,top_platen,7.391982714328927e-07
1064,top_platen,1,-0.01919661076262512,0.005611607187630421,0.11250000000000002,0.019999999999999997,2.8571939500151236,,top_platen,7.391982714328927e-07
1065,top_platen,1,-0.019927452765280115,-0.0017019477922456915,0.11250000000000002,0.020000000000000004,-3.0563922214480166,,top_platen,7.391982714328927e-07
1066,top_platen,1,-0.017966981850156362,-0.008785645291960735,0.11250000000000002,0.019999999999999997,-2.68679308573157,,top_platen,7.391982714328927e-07
1067,top_platen,1,-0.013579970477685686,-0.014682792712055333,0.11250000000000002,0.02,-2.317193950015124,,top_platen,7.391982714328927e-07
1068,top_platen,1,-0.007358908842989446,-0.018596947616223793,0.11250000000000002,0.02,-1.9475948142986772,,top_platen,7.391982714328927e-07
1069,top_platen,1,-0.00014398579192593462,-0.0199994816955771,0.11250000000000002,0.02,-1.577995678582232,,top_platen,7.391982714328927e-07
1070,top_platen,1,0.007090383338190024,-0.01870097495098898,0.11250000000000002,0.02,-1.208396542865785,,top_platen,7.391982714328927e-07
1071,top_platen,1,0.013367156909313005,-0.014876797913590332,0.11250000000000002,0.020000000000000004,-0.8387974071493399,,top_platen,7.391982714328927e-07
1072,top_platen,1,0.017838621869859874,-0.009043426882778288,0.11250000000000002,0.02,-0.46919827143289283,,top_platen,7.391982714328927e-07
1073,top_platen,1,0.019900882099666055,-0.0019886909400887733,0.11250000000000002,0.02,-0.09959913571644588,,top_platen,7.391982714328927e-07
1074,top_platen,1,0.028282639965850384,0.010004612764224432,0.11250000000000002,0.029999999999999995,0.34,,top_platen,7.539822368615502e-07
1075,top_platen,1,0.024906042803723286,0.0167239059988719,0.11250000000000002,0.03,0.5913274122871836,,top_platen,7.539822368615502e-07
1076,top_platen,1,0.019964507374220203,0.02239237471338641,0.11250000000000002,0.029999999999999995,0.842654824574367,,top_platen,7.539822368615502e-07
1077,top_platen,1,0.013768528522072861,0.026653848171265367,0.11250000000000002,0.030000000000000002,1.0939822368615504,,top_platen,7.539822368615502e-07
1078,top_platen,1,0.006707422385777892,0.029240562322547174,0.11250000000000002,0.03,1.345309649148734,,top_platen,7.539822368615502e-07
1079,top_platen,1,-0.0007751357671894635,0.029989984403837617,0.11250000000000002,0.029999999999999995,1.5966370614359173,,top_platen,7.539822368615502e-07
1080,top_platen,1,-0.008208989289154367,0.028855025469587594,0.11250000000000002,0.03,1.8479644737231007,,top_platen,7.539822368615502e-07
1081,top_platen,1,-0.015127041823530965,0.02590699916372301,0.11250000000000002,0.029999999999999992,2.0992918860102843,,top_platen,7.539822368615502e-07
1082,top_platen,1,-0.021094606686766895,0.02133114082112369,0.11250000000000002,0.03,2.3506192982974676,,top_platen,7.539822368615502e-07
1083,top_platen,1,-0.025736719831336716,0.015414968450284916,0.11250000000000002,0.030000000000000002,2.601946710584651,,top_platen,7.539822368615502e-07
1084,top_platen,1,-0.028761700215869195,0.008530216919426476,0.11250000000000002,0.029999999999999995,2.8532741228718344,,top_platen,7.539822368615502e-07
1085,top_platen,1,-0.029979477197704527,0.0011094804875771418,0.11250000000000002,0.030000000000000002,3.1046015351590177,,top_platen,7.539822368615502e-07
1086,top_platen,1,-0.02931353337040353,-0.00638096868369047,0.11250000000000002,0.029999999999999995,-2.927256359733385,,top_platen,7.539822368615502e-07
1087,top_platen,1,-0.026805712433805612,-0.013470478125000584,0.11250000000000002,0.03,-2.675928947446202,,top_platen,7.539822368615502e-07
1088,top_platen,1,-0.022613590000477444,-0.019713587884763812,0.11250000000000002,0.03,-2.424601535159018,,top_platen,7.539822368615502e-07
1089,top_platen,1,-0.017000572540452896,-0.024718020416222633,0.11250000000000002,0.03,-2.1732741228718346,,top_platen,7.539822368615502e-07
1090,top_platen,1,-0.010319346583979478,-0.02816932881841012,0.11250000000000002,0.029999999999999995,-1.921946710584651,,top_platen,7.539822368615502e-07
1091,top_platen,1,-0.002989718129732667,-0.02985065469139241,0.11250000000000002,0.03,-1.6706192982974672,,top_platen,7.539822368615502e-07
1092,top_platen,1,0.00452776531001936,-0.029656354147086002,0.11250000000000002,0.029999999999999995,-1.4192918860102843,,top_platen,7.539822368615502e-07
1093,top_platen,1,0.011760752603386885,-0.027598635803277097,0.11250000000000002,0.029999999999999995,-1.1679644737231014,,top_platen,7.539822368615502e-07
1094,top_platen,1,0.01825476855766116,-0.023806793671265886,0.11250000000000002,0.03,-0.9166370614359175,,top_platen,7.539822368615502e-07
1095,top_platen,1,0.023601770267115067,-0.01851908313762652,0.11250000000000002,0.03,-0.6653096491487347,,top_platen,7.539822368615502e-07
1096,top_platen,1,0.027465785949446958,-0.012067750502026544,0.11250000000000002,0.03,-0.4139822368615509,,top_platen,7.539822368615502e-07
1097,top_platen,1,0.02960402528848028,-0.004858156720302468,0.11250000000000002,0.03,-0.1626548245743671,,top_platen,7.539822368615502e-07
1098,top_platen,1,0.029882134842649368,0.002656692915208785,0.11250000000000002,0.03,0.0886725877128158,,top_platen,7.539822368615502e-07
1099,top_platen,1,0.03668483291266421,0.01594437311937692,0.11250000000000002,0.04,0.41000000000000003,,top_platen,7.391982714328922e-07
1100,top_platen,1,0.03313043304697456,0.02241371022655411,0.11250000000000002,0.04,0.5947995678582232,,top_platen,7.391982714328922e-07
1101,top_platen,1,0.028447816019444908,0.028119775314248398,0.11250000000000002,0.04,0.7795991357164462,,top_platen,7.391982714328922e-07
1102,top_platen,1,0.022796442736767678,0.03286825517956912,0.11250000000000002,0.04,0.9643987035746694,,top_platen,7.391982714328922e-07
1103,top_platen,1,0.016368763938009276,0.03649744603587664,0.11250000000000002,0.04,1.1491982714328925,,top_platen,7.391982714328922e-07
1104,top_platen,1,0.009383666515510414,0.03888376014129406,0.11250000000000002,0.04,1.3339978392911158,,top_platen,7.391982714328922e-07
1105,top_platen,1,0.002079019584293353,0.03994593443102971,0.11250000000000002,0.039999999999999994,1.5187974071493389,,top_platen,7.391982714328922e-07
1106,top_platen,1,-0.005296425865357666,0.03964779783358428,0.11250000000000002,0.04,1.703596975007562,,top_platen,7.391982714328922e-07
1107,top_platen,1,-0.012491507884526588,0.03799950303320834,0.11250000000000002,0.04,1.888396542865785,,top_platen,7.391982714328922e-07
1108,top_platen,1,-0.01926120658460033,0.03505718073241699,0.11250000000000002,0.04,2.073196110724008,,top_platen,7.391982714328922e-07
1109,top_platen,1,-0.025374987995706557,0.030921028188237016,0.11250000000000002,0.04,2.2579956785822315,,top_platen,7.391982714328922e-07
1110,top_platen,1,-0.030624654624562604,0.025731897114792304,0.11250000000000002,0.04,2.4427952464404545,,top_platen,7.391982714328922e-07
1111,top_platen,1,-0.03483143537040392,0.019666497147112265,0.11250000000000002,0.039999999999999994,2.6275948142986776,,top_platen,7.391982714328922e-07
1112,top_platen,1,-0.03785207336040827,0.012931378206450803,0.11250000000000002,0.04000000000000001,2.8123943821569006,,top_platen,7.391982714328922e-07
1113,top_platen,1,-0.039583704390682,0.005755896690447337,0.11250000000000002,0.04,2.9971939500151237,,top_platen,7.391982714328922e-07
1114,top_platen,1,-0.03996735984335165,-0.0016155949839121411,0.11250000000000002,0.04000000000000001,-3.10119178930624,,top_platen,7.391982714328922e-07
1115,top_platen,1,-0.038989974792120546,-0.008932069508787116,0.11250000000000002,0.04,-2.9163922214480165,,top_platen,7.391982714328922e-07
1116,top_platen,1,-0.03668483291266421,-0.015944373119376916,0.11250000000000002,0.04,-2.7315926535897934,,top_platen,7.391982714328922e-07
1117,top_platen,1,-0.033130433046974564,-0.022413710226554105,0.11250000000000002,0.04000000000000001,-2.5467930857315704,,top_platen,7.391982714328922e-07
1118,top_platen,1,-0.0284478160194449,-0.028119775314248408,0.11250000000000002,0.04,-2.361993517873347,,top_platen,7.391982714328922e-07
1119,top_platen,1,-0.022796442736767668,-0.03286825517956912,0.11250000000000002,0.039999999999999994,-2.177193950015124,,top_platen,7.391982714328922e-07
1120,top_platen,1,-0.016368763938009286,-0.03649744603587663,0.11250000000000002,0.04,-1.992394382156901,,top_platen,7.391982714328922e-07
1121,top_platen,1,-0.00938366651551042,-0.038883760141294056,0.11250000000000002,0.039999999999999994,-1.8075948142986775,,top_platen,7.391982714328922e-07
1122,top_platen,1,-0.00207901958429334,-0.03994593443102971,0.11250000000000002,0.039999999999999994,-1.622795246440454,,top_platen,7.391982714328922e-07
1123,top_platen,1,0.005296425865357661,-0.03964779783358428,0.11250000000000002,0.04,-1.4379956785822314,,top_platen,7.391982714328922e-07
1124,top_platen,1,0.012491507884526598,-0.03799950303320834,0.11250000000000002,0.04000000000000001,-1.253196110724008,,top_platen,7.391982714328922e-07
1125,top_platen,1,0.019261206584600326,-0.03505718073241699,0.11250000000000002,0.04,-1.0683965428657853,,top_platen,7.391982714328922e-07
1126,top_platen,1,0.025374987995706554,-0.03092102818823702,0.11250000000000002,0.04000000000000001,-0.8835969750075618,,top_platen,7.391982714328922e-07
1127,top_platen,1,0.030624654624562587,-0.02573189711479232,0.11250000000000002,0.04,-0.6987974071493392,,top_platen,7.391982714328922e-07
1128,top_platen,1,0.03483143537040392,-0.01966649714711227,0.11250000000000002,0.04,-0.5139978392911158,,top_platen,7.391982714328922e-07
1129,top_platen,1,0.03785207336040826,-0.012931378206450824,0.11250000000000002,0.04,-0.32919827143289315,,top_platen,7.391982714328922e-07
1130,top_platen,1,0.039583704390682,-0.005755896690447342,0.11250000000000002,0.04,-0.14439870357466966,,top_platen,7.391982714328922e-07
1131,top_platen,1,0.039967359843351646,0.001615594983912154,0.11250000000000002,0.04,0.04040086428355381,,top_platen,7.391982714328922e-07
1132,top_platen,1,0.03898997479212055,0.008932069508787095,0.11250000000000002,0.04,0.2252004321417764,,top_platen,7.391982714328922e-07
1133,top_platen,1,0.03991477152506778,0.02078006289936673,0.11250000000000002,0.045,0.48000000000000004,,top_platen,3.51362336256753e-07
1134,top_platen,1,0.03595010012755858,0.02706640539152756,0.11250000000000002,0.04499999999999999,0.645346981767884,,top_platen,3.51362336256753e-07
1135,top_platen,1,0.031004803713486337,0.03261444690146046,0.11250000000000002,0.045000000000000005,0.8106939635357677,,top_platen,3.51362336256753e-07
1136,top_platen,1,0.025213777077601314,0.037272851319439276,0.11250000000000002,0.045,0.9760409453036516,,top_platen,3.51362336256753e-07
1137,top_platen,1,0.018734984330450698,0.040914549516495556,0.11250000000000002,0.045,1.1413879270715355,,top_platen,3.51362336256753e-07
1138,top_platen,1,0.011745150049224542,0.04344020545901228,0.11250000000000002,0.04499999999999999,1.3067349088394193,,top_platen,3.51362336256753e-07
1139,top_platen,1,0.00443493869197665,0.04478092583677126,0.11250000000000002,0.04499999999999999,1.472081890607303,,top_platen,3.51362336256753e-07
1140,top_platen,1,-0.002996246231766044,0.04490013929286442,0.11250000000000002,0.04499999999999999,1.6374288723751869,,top_platen,3.51362336256753e-07
1141,top_platen,1,-0.010345701368937152,0.04379459399497582,0.11250000000000002,0.045,1.8027758541430707,,top_platen,3.51362336256753e-07
1142,top_platen,1,-0.017412952741994312,0.041494446336890346,0.11250000000000002,0.045000000000000005,1.9681228359109546,,top_platen,3.51362336256753e-07
1143,top_platen,1,-0.024005224156429895,0.03806243835068314,0.11250000000000002,0.045,2.1334698176788387,,top_platen,3.51362336256753e-07
1144,top_platen,1,-0.029942695632827095,0.033592186267640836,0.11250000000000002,0.045000000000000005,2.2988167994467226,,top_platen,3.51362336256753e-07
1145,top_platen,1,-0.035063408427142756,0.02820562691151136,0.11250000000000002,0.045,2.464163781214606,,top_platen,3.51362336256753e-07
1146,top_platen,1,-0.039227682843049984,0.022049691579817655,0.11250000000000002,0.045,2.62951076298249,,top_platen,3.51362336256753e-07
1147,top_platen,1,-0.04232192832993603,0.015292298141082588,0.11250000000000002,0.045,2.7948577447503737,,top_platen,3.51362336256753e-07
1148,top_platen,1,-0.04426174193701462,0.008117770673104844,0.11250000000000002,0.04499999999999999,2.9602047265182576,,top_platen,3.51362336256753e-07
1149,top_platen,1,-0.044994210605801326,0.0007218115826135894,0.11250000000000002,0.04499999999999999,3.1255517082861415,,top_platen,3.51362336256753e-07
1150,top_platen,1,-0.044499354500414964,-0.006693836646229,0.11250000000000002,0.045000000000000005,-2.9922866171255613,,top_platen,3.51362336256753e-07
1151,top_platen,1,-0.042790672005416884,-0.013926894460892278,0.11250000000000002,0.045000000000000005,-2.8269396353576774,,top_platen,3.51362336256753e-07
1152,top_platen,1,-0.03991477152506779,-0.020780062899366722,0.11250000000000002,0.045,-2.6615926535897936,,top_platen,3.51362336256753e-07
1153,top_platen,1,-0.03595010012755859,-0.02706640539152755,0.11250000000000002,0.04499999999999999,-2.4962456718219097,,top_platen,3.51362336256753e-07
1154,top_platen,1,-0.031004803713486323,-0.03261444690146047,0.11250000000000002,0.045,-2.3308986900540254,,top_platen,3.51362336256753e-07
1155,top_platen,1,-0.025213777077601317,-0.037272851319439276,0.11250000000000002,0.045,-2.165551708286142,,top_platen,3.51362336256753e-07
1156,top_platen,1,-0.01873498433045068,-0.04091454951649556,0.11250000000000002,0.045,-2.000204726518257,,top_platen,3.51362336256753e-07
1157,top_platen,1,-0.011745150049224547,-0.04344020545901228,0.11250000000000002,0.045000000000000005,-1.834857744750374,,top_platen,3.51362336256753e-07
1158,top_platen,1,-0.0044349386919766256,-0.04478092583677127,0.11250000000000002,0.045,-1.6695107629824897,,top_platen,3.51362336256753e-07
1159,top_platen,1,0.0029962462317660483,-0.04490013929286442,0.11250000000000002,0.045,-1.5041637812146063,,top_platen,3.51362336256753e-07
1160,top_platen,1,0.010345701368937175,-0.04379459399497581,0.11250000000000002,0.045,-1.338816799446722,,top_platen,3.51362336256753e-07
1161,top_platen,1,0.017412952741994316,-0.041494446336890346,0.11250000000000002,0.045000000000000005,-1.1734698176788385,,top_platen,3.51362336256753e-07
1162,top_platen,1,0.024005224156429906,-0.03806243835068313,0.11250000000000002,0.045,-1.0081228359109542,,top_platen,3.51362336256753e-07
1163,top_platen,1,0.029942695632827084,-0.033592186267640836,0.11250000000000002,0.045000000000000005,-0.8427758541430709,,top_platen,3.51362336256753e-07
1164,top_platen,1,0.03506340842714278,-0.028205626911511336,0.11250000000000002,0.04499999999999999,-0.6774288723751866,,top_platen,3.51362336256753e-07
1165,top_platen,1,0.03922768284304999,-0.02204969157981764,0.11250000000000002,0.045,-0.512081890607303,,top_platen,3.51362336256753e-07
1166,top_platen,1,0.04232192832993604,-0.015292298141082555,0.11250000000000002,0.045,-0.3467349088394187,,top_platen,3.51362336256753e-07
1167,top_platen,1,0.044261741937014626,-0.00811777067310483,0.11250000000000002,0.045,-0.1813879270715353,,top_platen,3.51362336256753e-07
1168,top_platen,1,0.044994210605801326,-0.0007218115826135949,0.11250000000000002,0.04499999999999999,-0.01604094530365188,,top_platen,3.51362336256753e-07
1169,top_platen,1,0.044499354500414964,0.006693836646229015,0.11250000000000002,0.045000000000000005,0.14930603646423243,,top_platen,3.51362336256753e-07
1170,top_platen,1,0.04279067200541686,0.01392689446089231,0.11250000000000002,0.045,0.3146530182321168,,top_platen,3.51362336256753e-07
1171,top_platen,1,0.0,0.0,0.12000000000000001,0.0,0.0,,top_platen,7.853981633974483e-07
1172,top_platen,1,0.00946042343528387,0.003240430283948684,0.12000000000000001,0.01,0.33,,top_platen,7.853981633974483e-07
1173,top_platen,1,0.004398199336242994,0.00898085979172772,0.12000000000000001,0.009999999999999998,1.1153981633974484,,top_platen,7.853981633974483e-07
1174,top_platen,1,-0.003240430283948684,0.00946042343528387,0.12000000000000001,0.01,1.9007963267948966,,top_platen,7.853981633974483e-07
1175,top_platen,1,-0.00898085979172772,0.004398199336242994,0.12000000000000001,0.009999999999999998,2.686194490192345,,top_platen,7.853981633974483e-07
1176,top_platen,1,-0.00946042343528387,-0.003240430283948683,0.12000000000000001,0.01,-2.8115926535897935,,top_platen,7.853981633974483e-07
1177,top_platen,1,-0.004398199336242995,-0.00898085979172772,0.12000000000000001,0.01,-2.026194490192345,,top_platen,7.853981633974483e-07
1178,top_platen,1,0.0032404302839486826,-0.00946042343528387,0.12000000000000001,0.01,-1.2407963267948967,,top_platen,7.853981633974483e-07
1179,top_platen,1,0.00898085979172772,-0.0043981993362429955,0.12000000000000001,0.01,-0.4553981633974485,,top_platen,7.853981633974483e-07
1180,top_platen,1,0.018421219880057703,0.007788366846173011,0.12000000000000001,0.02,0.4,,top_platen,7.391982714328927e-07
1181,top_platen,1,0.014363793353516926,0.013916947959141867,0.12000000000000001,0.019999999999999997,0.7695991357164462,,top_platen,7.391982714328927e-07
1182,top_platen,1,0.00836645694205709,0.018165968133757825,0.12000000000000001,0.02,1.1391982714328925,,top_platen,7.391982714328927e-07
1183,top_platen,1,0.0012391841604341247,0.01996157365080542,0.12000000000000001,0.02,1.5087974071493386,,top_platen,7.391982714328927e-07
1184,top_platen,1,-0.006055447308611951,0.019061258035413725,0.12000000000000001,0.020000000000000004,1.8783965428657852,,top_platen,7.391982714328927e-07
1185,top_platen,1,-0.012532257064238102,0.015586613900262437,0.12000000000000001,0.02,2.2479956785822313,,top_platen,7.391982714328927e-07
1186,top_platen,1,-0.01731651605970523,0.01000691118947155,0.12000000000000001,0.02,2.6175948142986774,,top_platen,7.391982714328927e-07
1187,top_platen,1,-0.019762083607181232,0.0030757196723334235,0.12000000000000001,0.02,2.9871939500151234,,top_platen,7.391982714328927e-07
1188,top_platen,1,-0.019538672258021885,-0.004270864829704393,0.12000000000000001,0.019999999999999997,-2.9263922214480167,,top_platen,7.391982714328927e-07
1189,top_platen,1,-0.016676454952896182,-0.011040645370811635,0.12000000000000001,0.02,-2.5567930857315706,,top_platen,7.391982714328927e-07
1190,top_platen,1,-0.011561989998954931,-0.01631932557626283,0.12000000000000001,0.02,-2.187193950015123,,top_platen,7.391982714328927e-07
1191,top_platen,1,-0.004886014228456568,-0.019393990434135002,0.12000000000000001,0.02,-1.8175948142986773,,top_platen,7.391982714328927e-07
1192,top_platen,1,0.002449844837934331,-0.019849389418066403,0.12000000000000001,0.02,-1.4479956785822312,,top_platen,7.391982714328927e-07
1193,top_platen,1,0.009454838783903326,-0.01762401837182422,0.12000000000000001,0.020000000000000004,-1.0783965428657851,,top_platen,7.391982714328927e-07
1194,top_platen,1,0.015182904361035874,-0.013018425986410103,0.12000000000000001,0.02,-0.7087974071493391,,top_platen,7.391982714328927e-07
1195,top_platen,1,0.01886043457283315,-0.006654623033942641,0.12000000000000001,0.019999999999999997,-0.339198271432893,,top_platen,7.391982714328927e-07
1196,top_platen,1,0.019990758586293563,0.0006079236337979736,0.12000000000000001,0.019999999999999997,0.03040086428355402,,top_platen,7.391982714328927e-07
1197,top_platen,1,0.026747048645859868,0.01358658856137205,0.12000000000000001,0.030000000000000002,0.47000000000000003,,top_platen,7.539822368615502e-07
1198,top_platen,1,0.0225278937519853,0.019811461407459614,0.12000000000000001,0.03,0.7213274122871836,,top_platen,7.539822368615502e-07
1199,top_platen,1,0.01689322844187585,0.024791507271858172,0.12000000000000001,0.029999999999999995,0.972654824574367,,top_platen,7.539822368615502e-07
1200,top_platen,1,0.010197099459815133,0.028213811557580053,0.12000000000000001,0.029999999999999995,1.2239822368615503,,top_platen,7.539822368615502e-07
1201,top_platen,1,0.0028602492163857345,0.029863338299998626,0.12000000000000001,0.030000000000000002,1.4753096491487339,,top_platen,7.539822368615502e-07
1202,top_platen,1,-0.004656321004569957,0.029636441667352725,0.12000000000000001,0.030000000000000006,1.7266370614359172,,top_platen,7.539822368615502e-07
1203,top_platen,1,-0.011880317452057757,0.02754737840953893,0.12000000000000001,0.029999999999999995,1.9779644737231006,,top_platen,7.539822368615502e-07
1204,top_platen,1,-0.018357829861281556,0.023727412054082915,0.12000000000000001,0.030000000000000002,2.2292918860102846,,top_platen,7.539822368615502e-07
1205,top_platen,1,-0.02368185230494556,0.018416565135951506,0.12000000000000001,0.03,2.480619298297468,,top_platen,7.539822368615502e-07
1206,top_platen,1,-0.02751785687252951,0.01194853769893958,0.12000000000000001,0.029999999999999995,2.7319467105846513,,top_platen,7.539822368615502e-07
1207,top_platen,1,-0.02962481328921416,0.0047297396946555355,0.12000000000000001,0.030000000000000002,2.9832741228718347,,top_platen,7.539822368615502e-07
1208,top_platen,1,-0.02987033373449555,-0.0027862452494095314,0.12000000000000001,0.03,-3.0485837720205686,,top_platen,7.539822368615502e-07
1209,top_platen,1,-0.02823899125583562,-0.010127160157360966,0.12000000000000001,0.03,-2.7972563597333853,,top_platen,7.539822368615502e-07
1210,top_platen,1,-0.02483328910082652,-0.016831748347535702,0.12000000000000001,0.03,-2.545928947446201,,top_platen,7.539822368615502e-07
1211,top_platen,1,-0.01986722006116384,-0.022478735886194513,0.12000000000000001,0.03,-2.294601535159017,,top_platen,7.539822368615502e-07
1212,top_platen,1,-0.013652820518533969,-0.026713301778116046,0.12000000000000001,0.03,-2.0432741228718347,,top_platen,7.539822368615502e-07
1213,top_platen,1,-0.006580564051163065,-0.02926937267466695,0.12000000000000001,0.030000000000000002,-1.7919467105846512,,top_platen,7.539822368615502e-07
1214,top_platen,1,0.000905173457164066,-0.029986341240845735,0.12000000000000001,0.030000000000000006,-1.5406192982974674,,top_platen,7.539822368615502e-07
1215,top_platen,1,0.008334035588182444,-0.028819157704813452,0.12000000000000001,0.03,-1.2892918860102844,,top_platen,7.539822368615502e-07
1216,top_platen,1,0.01523923961275646,-0.02584116050073979,0.12000000000000001,0.030000000000000002,-1.0379644737231015,,top_platen,7.539822368615502e-07
1217,top_platen,1,0.021186906166458196,-0.02123946814526427,0.12000000000000001,0.03,-0.7866370614359178,,top_platen,7.539822368615502e-07
1218,top_platen,1,0.025803321485731057,-0.015303221892922086,0.12000000000000001,0.029999999999999995,-0.5353096491487348,,top_platen,7.539822368615502e-07
1219,top_platen,1,0.028798419218077246,-0.00840541792773441,0.12000000000000001,0.029999999999999995,-0.28398223686155105,,top_platen,7.539822368615502e-07
1220,top_platen,1,0.0299840063577745,-0.0009794706411824358,0.12000000000000001,0.03,-0.03265482457436721,,top_platen,7.539822368615502e-07
1221,top_platen,1,0.02928558810455115,0.006508020387996042,0.12000000000000001,0.03,0.2186725877128157,,top_platen,7.539822368615502e-07
1222,top_platen,1,0.034308347254552965,0.020565439666124525,0.12000000000000001,0.04,0.54,,top_platen,7.391982714328922e-07
1223,top_platen,1,0.029945292823503458,0.02651941624008025,0.12000000000000001,0.04,0.7247995678582232,,top_platen,7.391982714328922e-07
1224,top_platen,1,0.02456248736076962,0.03157030590051406,0.12000000000000001,0.04000000000000001,0.9095991357164465,,top_platen,7.391982714328922e-07
1225,top_platen,1,0.018343235850421295,0.03554610665791429,0.12000000000000001,0.04,1.0943987035746694,,top_platen,7.391982714328922e-07
1226,top_platen,1,0.011499327443473355,0.03831142738593513,0.12000000000000001,0.04,1.2791982714328927,,top_platen,7.391982714328922e-07
1227,top_platen,1,0.004263823232361037,0.03977209840382046,0.12000000000000001,0.04,1.4639978392911157,,top_platen,7.391982714328922e-07
1228,top_platen,1,-0.003116880365037032,0.039878378311937995,0.12000000000000001,0.039999999999999994,1.6487974071493388,,top_platen,7.391982714328922e-07
1229,top_platen,1,-0.010391442339889723,0.03862664787548548,0.12000000000000001,0.04,1.8335969750075618,,top_platen,7.391982714328922e-07
1230,top_platen,1,-0.01731213620901886,0.036059533273191134,0.12000000000000001,0.04000000000000001,2.0183965428657853,,top_platen,7.391982714328922e-07
1231,top_platen,1,-0.023643286043168607,0.03226445451392149,0.12000000000000001,0.04,2.203196110724008,,top_platen,7.391982714328922e-07
1232,top_platen,1,-0.029169292128114328,0.02737064845312817,0.12000000000000001,0.04,2.3879956785822314,,top_platen,7.391982714328922e-07
1233,top_platen,1,-0.03370197295434693,0.021544767786738108,0.12000000000000001,0.04000000000000001,2.5727952464404544,,top_platen,7.391982714328922e-07
1234,top_platen,1,-0.03708697351268053,0.01498520589347149,0.12000000000000001,0.04,2.7575948142986775,,top_platen,7.391982714328922e-07
1235,top_platen,1,-0.03920902166896176,0.007915340786276185,0.12000000000000001,0.04,2.9423943821569005,,top_platen,7.391982714328922e-07
1236,top_platen,1,-0.03999585361834469,0.0005759282420091351,0.12000000000000001,0.04,3.1271939500151236,,top_platen,7.391982714328922e-07
1237,top_platen,1,-0.03942067474249401,-0.0067830968477897435,0.12000000000000001,0.04,-2.97119178930624,,top_platen,7.391982714328922e-07
1238,top_platen,1,-0.03750307206817576,-0.013911131709865129,0.12000000000000001,0.04,-2.7863922214480166,,top_platen,7.391982714328922e-07
1239,top_platen,1,-0.034308347254552965,-0.020565439666124525,0.12000000000000001,0.04,-2.601592653589793,,top_platen,7.391982714328922e-07
1240,top_platen,1,-0.02994529282350346,-0.026519416240080248,0.12000000000000001,0.039999999999999994,-2.41679308573157,,top_platen,7.391982714328922e-07
1241,top_platen,1,-0.024562487360769634,-0.03157030590051405,0.12000000000000001,0.04000000000000001,-2.231993517873347,,top_platen,7.391982714328922e-07
1242,top_platen,1,-0.018343235850421292,-0.0355461066579143,0.12000000000000001,0.04000000000000001,-2.0471939500151235,,top_platen,7.391982714328922e-07
1243,top_platen,1,-0.011499327443473342,-0.03831142738593514,0.12000000000000001,0.04000000000000001,-1.8623943821569002,,top_platen,7.391982714328922e-07
1244,top_platen,1,-0.004263823232361042,-0.03977209840382046,0.12000000000000001,0.04,-1.6775948142986776,,top_platen,7.391982714328922e-07
1245,top_platen,1,0.0031168803650370447,-0.039878378311937995,0.12000000000000001,0.04000000000000001,-1.4927952464404541,,top_platen,7.391982714328922e-07
1246,top_platen,1,0.010391442339889716,-0.03862664787548549,0.12000000000000001,0.04,-1.3079956785822315,,top_platen,7.391982714328922e-07
1247,top_platen,1,0.017312136209018853,-0.036059533273191134,0.12000000000000001,0.04000000000000001,-1.123196110724008,,top_platen,7.391982714328922e-07
1248,top_platen,1,0.0236432860431686,-0.032264454513921494,0.12000000000000001,0.04,-0.9383965428657856,,top_platen,7.391982714328922e-07
1249,top_platen,1,0.029169292128114328,-0.02737064845312817,0.12000000000000001,0.04,-0.7535969750075618,,top_platen,7.391982714328922e-07
1250,top_platen,1,0.03370197295434692,-0.021544767786738125,0.12000000000000001,0.039999999999999994,-0.5687974071493395,,top_platen,7.391982714328922e-07
1251,top_platen,1,0.037086973512680525,-0.014985205893471494,0.12000000000000001,0.04,-0.3839978392911159,,top_platen,7.391982714328922e-07
1252,top_platen,1,0.03920902166896176,-0.007915340786276205,0.12000000000000001,0.04,-0.19919827143289326,,top_platen,7.391982714328922e-07
1253,top_platen,1,0.03999585361834469,-0.0005759282420091401,0.12000000000000001,0.04,-0.014398703574669793,,top_platen,7.391982714328922e-07
1254,top_platen,1,0.03942067474249401,0.006783096847789757,0.12000000000000001,0.04,0.17040086428355372,,top_platen,7.391982714328922e-07
1255,top_platen,1,0.03750307206817577,0.013911131709865106,0.12000000000000001,0.04,0.35520043214177627,,top_platen,7.391982714328922e-07
1256,top_platen,1,0.03688416080304657,0.02577903570452166,0.12000000000000001,0.045,0.6100000000000001,,top_platen,3.51362336256753e-07
1257,top_platen,1,0.03213801910499047,0.03149837659320345,0.12000000000000001,0.045,0.7753469817678839,,top_platen,3.51362336256753e-07
1258,top_platen,1,0.02651523602331341,0.03635852387856227,0.12000000000000001,0.045,0.9406939635357678,,top_platen,3.51362336256753e-07
1259,top_platen,1,0.020169186422982002,0.04022690541211191,0.12000000000000001,0.045000000000000005,1.1060409453036515,,top_platen,3.51362336256753e-07
1260,top_platen,1,0.013272973994176623,0.04299800182973519,0.12000000000000001,0.045,1.2713879270715354,,top_platen,3.51362336256753e-07
1261,top_platen,1,0.006014709434870982,0.04459622484486858,0.12000000000000001,0.045,1.4367349088394192,,top_platen,3.51362336256753e-07
1262,top_platen,1,-0.0014076207186406373,0.0449779790999157,0.12000000000000001,0.045,1.602081890607303,,top_platen,3.51362336256753e-07
1263,top_platen,1,-0.008791554648341093,0.044132851333957925,0.12000000000000001,0.04499999999999999,1.767428872375187,,top_platen,3.51362336256753e-07
1264,top_platen,1,-0.01593567788510733,0.04208389442936693,0.12000000000000001,0.045,1.9327758541430708,,top_platen,3.51362336256753e-07
1265,top_platen,1,-0.022645117370379716,0.038886998589267946,0.12000000000000001,0.045000000000000005,2.0981228359109547,,top_platen,3.51362336256753e-07
1266,top_platen,1,-0.0287368570852034,0.03462936679849337,0.12000000000000001,0.045000000000000005,2.2634698176788386,,top_platen,3.51362336256753e-07
1267,top_platen,1,-0.034044730250138246,0.029427136153477824,0.12000000000000001,0.045,2.4288167994467225,,top_platen,3.51362336256753e-07
1268,top_platen,1,-0.0384239519218375,0.023422209945014164,0.12000000000000001,0.045,2.594163781214606,,top_platen,3.51362336256753e-07
1269,top_platen,1,-0.041755068348876115,0.0167783869063949,0.12000000000000001,0.045000000000000005,2.75951076298249,,top_platen,3.51362336256753e-07
1270,top_platen,1,-0.0439472153586969,0.009676893210959558,0.12000000000000001,0.045,2.9248577447503736,,top_platen,3.51362336256753e-07
1271,top_platen,1,-0.04494059689537272,0.002311439094507111,0.12000000000000001,0.045,3.090204726518258,,top_platen,3.51362336256753e-07
1272,top_platen,1,-0.04470811610013545,-0.005117065054971432,0.12000000000000001,0.045000000000000005,-3.0276335988934453,,top_platen,3.51362336256753e-07
1273,top_platen,1,-0.043256114443046945,-0.01240598900894344,0.12000000000000001,0.045,-2.862286617125561,,top_platen,3.51362336256753e-07
1274,top_platen,1,-0.040624198744226785,-0.01935650992275113,0.12000000000000001,0.045,-2.6969396353576776,,top_platen,3.51362336256753e-07
1275,top_platen,1,-0.03688416080304657,-0.025779035704521662,0.12000000000000001,0.045,-2.5315926535897932,,top_platen,3.51362336256753e-07
1276,top_platen,1,-0.03213801910499048,-0.031498376593203446,0.12000000000000001,0.045,-2.36624567182191,,top_platen,3.51362336256753e-07
1277,top_platen,1,-0.026515236023313408,-0.036358523878562275,0.12000000000000001,0.045,-2.2008986900540255,,top_platen,3.51362336256753e-07
1278,top_platen,1,-0.02016918642298201,-0.0402269054121119,0.12000000000000001,0.045,-2.035551708286142,,top_platen,3.51362336256753e-07
1279,top_platen,1,-0.013272973994176611,-0.0429980018297352,0.12000000000000001,0.045000000000000005,-1.8702047265182575,,top_platen,3.51362336256753e-07
1280,top_platen,1,-0.0060147094348709865,-0.04459622484486858,0.12000000000000001,0.045,-1.704857744750374,,top_platen,3.51362336256753e-07
1281,top_platen,1,0.0014076207186406516,-0.0449779790999157,0.12000000000000001,0.045,-1.5395107629824898,,top_platen,3.51362336256753e-07
1282,top_platen,1,0.008791554648341087,-0.044132851333957925,0.12000000000000001,0.04499999999999999,-1.3741637812146064,,top_platen,3.51362336256753e-07
1283,top_platen,1,0.015935677885107344,-0.04208389442936693,0.12000000000000001,0.045,-1.208816799446722,,top_platen,3.51362336256753e-07
1284,top_platen,1,0.02264511737037971,-0.038886998589267946,0.12000000000000001,0.045000000000000005,-1.0434698176788386,,top_platen,3.51362336256753e-07
1285,top_platen,1,0.028736857085203408,-0.03462936679849336,0.12000000000000001,0.045,-0.8781228359109543,,top_platen,3.51362336256753e-07
1286,top_platen,1,0.034044730250138246,-0.029427136153477827,0.12000000000000001,0.045000000000000005,-0.7127758541430709,,top_platen,3.51362336256753e-07
1287,top_platen,1,0.038423951921837514,-0.023422209945014132,0.12000000000000001,0.045,-0.5474288723751866,,top_platen,3.51362336256753e-07
1288,top_platen,1,0.041755068348876115,-0.016778386906394903,0.12000000000000001,0.045000000000000005,-0.38208189060730313,,top_platen,3.51362336256753e-07
1289,top_platen,1,0.0439472153586969,-0.009676893210959523,0.12000000000000001,0.045,-0.21673490883941884,,top_platen,3.51362336256753e-07
1290,top_platen,1,0.04494059689537272,-0.0023114390945071163,0.12000000000000001,0.045,-0.05138792707153541,,top_platen,3.51362336256753e-07
1291,top_platen,1,0.04470811610013545,0.005117065054971427,0.12000000000000001,0.045000000000000005,0.11395905469634801,,top_platen,3.51362336256753e-07
1292,top_platen,1,0.043256114443046945,0.012405989008943437,0.12000000000000001,0.045,0.27930603646423235,,top_platen,3.51362336256753e-07
1293,top_platen,1,0.04062419874422677,0.01935650992275116,0.12000000000000001,0.045,0.4446530182321166,,top_platen,3.51362336256753e-07
