case,variant,part,time,idp,return_status,failed,x,y,z,r,r_over_R,z_over_H,region,distance_to_top_platen,distance_to_bottom_platen,distance_to_lateral_boundary,distance_to_edge_corner,neighbor_count_all,neighbor_count_specimen,nearest_neighbor_distance,kernel_support_sum,kernel_support_ratio_to_core,velocity,DivVel,PorePressRate,PorePress,sigma_zz,p_eff,q,q_over_p,pc,void_ratio,plastic_vol_strain,eq_plastic_strain,plastic_multiplier,return_iterations,yield_residual,Kplastic,pairwise_reaction_avg,axial_stress_reaction,force_balance_error,lateral_active_targets,cap_leakage_proxy,axial_strain_rate_proxy,radial_strain_rate_proxy,shear_rate_proxy,velocity_gradient_norm
CaseM3m_OverhangReference,overhang_ref,6,0.001005,499,-1,1,-4.0991092e-14,-0.010000031,0.04000001,0.010000031,0.33333436666666666,0.4000001,interior,0.05999999,0.04000001,0.019999969,0.044721354630657836,153,153,0.009999990000000453,12.935966769591365,0.9967877052384739,5.790528603597036e-05,0.031617619,-21060540.0,-20019.95448289,-17.053961,-0.062121000000000016,25.681111665042547,-413.4046725751765,120.0,0.80004835,0.0,0.0,0.0,0.0,-0.062131073,0.0,0.4865955,172.09795358060526,0.682985,112,0.0,-0.0063124724358731375,0.01563354703973636,0.03256044562054029,0.023023902418301684
CaseM3m_OverhangReference,overhang_ref,6,0.001005,433,-1,1,-0.010000031,-1.9396307e-14,0.04000001,0.010000031,0.33333436666666666,0.4000001,interior,0.05999999,0.04000001,0.019999969,0.044721354630657836,153,153,0.009999990000000453,12.935966769586802,0.9967877052381223,5.790522068343817e-05,0.031617619,-21060540.0,-20019.95679531,-17.053955,-0.06212936666666735,25.681115314771567,-413.34906007579804,120.0,0.80004835,0.0,0.0,0.0,0.0,-0.06213934,0.0,0.4865955,172.09795358060526,0.682985,112,0.0,-0.006312472555061447,0.015633546012313582,0.03256044372819366,0.02302390107773012
CaseM3m_OverhangReference,overhang_ref,6,0.001005,521,-1,1,-1.6907675e-14,0.010000031,0.04000001,0.010000031,0.33333436666666666,0.4000001,interior,0.05999999,0.04000001,0.019999969,0.044721354630657836,153,153,0.009999990000000453,12.935966769579382,0.9967877052375506,5.790530490530116e-05,0.031617623,-21060542.0,-20019.95870559,-17.053955,-0.062126800000000294,25.68111137456415,-413.36607349105424,120.0,0.80004835,0.0,0.0,0.0,0.0,-0.062136795,0.0,0.4865955,172.09795358060526,0.682985,112,0.0,-0.006312472009815044,0.015633546735290542,0.032560444952694015,0.023023901941304027
CaseM3m_OverhangReference,overhang_ref,6,0.001005,587,-1,1,0.010000031,-2.643816e-14,0.04000001,0.010000031,0.33333436666666666,0.4000001,interior,0.05999999,0.04000001,0.019999969,0.044721354630657836,153,153,0.009999990000000453,12.935966769583935,0.9967877052379014,5.7905392405073965e-05,0.031617623,-21060542.0,-20019.95820286,-17.053953,-0.06212939999999989,25.681112316158483,-413.34879004398124,120.0,0.80004835,0.0,0.0,0.0,0.0,-0.06213934,0.0,0.4865955,172.09795358060526,0.682985,112,0.0,-0.00631247203282077,0.015633547529571582,0.03256044639079605,0.023023902957611152
CaseM3m_OverhangReference,overhang_ref,6,0.001005,317,-3,1,-0.030000769,-0.010000373,0.089999638,0.0316236240922904,1.0541208030763467,0.89999638,edge_ring,0.010000361999999999,0.089999638,-0.0016236240922904016,0.010131307680852943,92,64,0.009999499000611676,7.269140384410636,0.5601274254867218,0.00201141388550805,0.015025097,-10009333.0,-10852.40008857,-114.83395,62.654679666666674,79.80969611603872,1.2738026359824932,120.0,0.79999131,0.0,0.0,0.0,9.0,1195.736,0.0,0.4865955,172.09795358060526,0.682985,112,0.0,-0.0611572513556153,0.04365443507999808,0.13079830251038424,0.09311888003806743
CaseM3m_OverhangReference,overhang_ref,6,0.001005,405,-3,1,-0.010000373,-0.030000769,0.089999638,0.0316236240922904,1.0541208030763467,0.89999638,edge_ring,0.010000361999999999,0.089999638,-0.0016236240922904016,0.010131307680852943,92,64,0.009999499000611676,7.269140384408299,0.5601274254865417,0.0020114139039628864,0.015025089,-10009328.0,-10852.39777614,-114.83398,62.654694666666664,79.80971816435114,1.273802682926667,120.0,0.79999131,0.0,0.0,0.0,8.0,1195.7384,0.0,0.4865955,172.09795358060526,0.682985,112,0.0,-0.06115725436534016,0.04365443231681266,0.13079829671548293,0.0931188763845319
CaseM3m_OverhangReference,overhang_ref,6,0.001005,559,-3,1,0.010000373,-0.030000769,0.089999638,0.0316236240922904,1.0541208030763467,0.89999638,edge_ring,0.010000361999999999,0.089999638,-0.0016236240922904016,0.010131307680852943,92,64,0.009999499000611676,7.26914038441976,0.5601274254874249,0.002011413821731157,0.015025093,-10009330.0,-10852.39908318,-114.83396,62.65469033333333,79.80969522670128,1.2738024049293115,120.0,0.79999131,0.0,0.0,0.0,6.0,1195.7355,0.0,0.4865955,172.09795358060526,0.682985,112,0.0,-0.06115724736878805,0.04365443574589001,0.13079830068229856,0.09311887857732433
CaseM3m_OverhangReference,overhang_ref,6,0.001005,691,-3,1,0.030000769,-0.010000373,0.089999638,0.0316236240922904,1.0541208030763467,0.89999638,edge_ring,0.010000361999999999,0.089999638,-0.0016236240922904016,0.010131307680852943,92,64,0.009999499000611676,7.2691403844161036,0.5601274254871431,0.0020114138460670863,0.015025095,-10009332.0,-10852.3991837,-114.83397,62.654683666666664,79.80971961695829,1.273802929746789,120.0,0.79999131,0.0,0.0,0.0,8.0,1195.739,0.0,0.4865955,172.09795358060526,0.682985,112,0.0,-0.06115724989638688,0.04365443455927918,0.13079829884218583,0.09311887740661169
CaseM3m_OverhangReference,overhang_ref,6,0.001005,339,-3,1,-0.030000769,0.010000373,0.089999638,0.0316236240922904,1.0541208030763467,0.89999638,edge_ring,0.010000361999999999,0.089999638,-0.0016236240922904016,0.010131307680852943,92,64,0.009999499000611676,7.269140384417181,0.560127425487226,0.002011413802010674,0.015025092,-10009330.0,-10852.39948534,-114.83396,62.65468433333333,79.80970465671868,1.2738026774202196,120.0,0.79999131,0.0,0.0,0.0,8.0,1195.7369,0.0,0.4865955,172.09795358060526,0.682985,112,0.0,-0.06115724825736593,0.043654434668608855,0.13079829953090744,0.09311887763105393
CaseM3m_OverhangReference,overhang_ref,6,0.001005,713,-3,1,0.030000769,0.010000373,0.089999638,0.0316236240922904,1.0541208030763467,0.89999638,edge_ring,0.010000361999999999,0.089999638,-0.0016236240922904016,0.010131307680852943,92,64,0.009999499000611676,7.2691403844120215,0.5601274254868285,0.0020114138519481983,0.015025091,-10009329.0,-10852.40119451,-114.83397,62.654689,79.80971223280326,1.2738027034625177,120.0,0.79999131,0.0,0.0,0.0,8.0,1195.7379,0.0,0.4865955,172.09795358060526,0.682985,112,0.0,-0.061157247418739444,0.0436544371217641,0.13079830137032766,0.0931188788720095
CaseM3m_OverhangReference,overhang_ref,6,0.001005,471,-3,1,-0.010000373,0.030000769,0.089999638,0.0316236240922904,1.0541208030763467,0.89999638,edge_ring,0.010000361999999999,0.089999638,-0.0016236240922904016,0.010131307680852943,92,64,0.009999499000611676,7.269140384410546,0.5601274254867149,0.0020114137764090856,0.015025092,-10009330.0,-10852.39787667,-114.83398,62.654693333333334,79.80972060825655,1.2738027490399744,120.0,0.79999131,0.0,0.0,0.0,8.0,1195.7388,0.0,0.4865955,172.09795358060526,0.682985,112,0.0,-0.06115725109566309,0.04365443286930423,0.1307982963669995,0.09311887553673126
CaseM3m_OverhangReference,overhang_ref,6,0.001005,625,-3,1,0.010000373,0.030000769,0.089999638,0.0316236240922904,1.0541208030763467,0.89999638,edge_ring,0.010000361999999999,0.089999638,-0.0016236240922904016,0.010131307680852943,92,64,0.009999499000611676,7.269140384417337,0.5601274254872382,0.0020114138355144654,0.01502509,-10009329.0,-10852.39928424,-114.83397,62.654689,79.80971190862363,1.2738026982884494,120.0,0.79999131,0.0,0.0,0.0,8.0,1195.7378,0.0,0.4865955,172.09795358060526,0.682985,112,0.0,-0.06115724819882503,0.04365443607462553,0.13079830093125153,0.09311887838450833
CaseM3m_OverhangReference,overhang_ref,7,0.001106,498,-1,1,-9.0130438e-14,-0.010000031,0.030000029,0.010000031,0.33333436666666666,0.30000029,interior,0.06999997100000001,0.030000029,0.019999969,0.03605551968841667,153,153,0.009999985000000199,12.935947991037475,0.9967881946492779,0.00010536372302991162,0.025053116,-16678091.0,-20896.50456382,-18.63117,-0.3543705999999993,28.51743085583821,-80.4734672002651,119.99845,0.80005193,-1.1446766e-06,1.1996284e-06,0.0,0.0,-0.35438043,1.1996284e-06,0.36419039999999997,128.806005303588,0.807695,112,0.0,-0.006537207401135811,0.013125348876369538,0.027832229196000025,0.019711817640151553
CaseM3m_OverhangReference,overhang_ref,7,0.001106,432,-1,1,-0.010000031,-2.1435539e-14,0.030000029,0.010000031,0.33333436666666666,0.30000029,interior,0.06999997100000001,0.030000029,0.019999969,0.03605551968841667,153,153,0.009999985000000199,12.935947991038123,0.9967881946493279,0.00010536376773245357,0.025053101,-16678081.0,-20896.50084379,-18.631168,-0.354371933333334,28.517429790813637,-80.47316141142926,119.99845,0.80005193,-1.1446774e-06,1.1996292e-06,0.0,0.0,-0.35438171,1.1996292e-06,0.36419039999999997,128.806005303588,0.807695,112,0.0,-0.00653720729867463,0.013125349208932852,0.027832229783647657,0.019711818086194814
CaseM3m_OverhangReference,overhang_ref,7,0.001106,520,-1,1,-6.0957061e-15,0.010000031,0.030000029,0.010000031,0.33333436666666666,0.30000029,interior,0.06999997100000001,0.030000029,0.019999969,0.03605551968841667,153,153,0.009999985000000199,12.935947991031075,0.9967881946487848,0.00010536366812976323,0.025053114,-16678090.0,-20896.5040611,-18.631166,-0.35437189999999913,28.517426828686602,-80.47316062217877,119.99845,0.80005193,-1.1446715e-06,1.1996229e-06,0.0,0.0,-0.35438171,1.1996229e-06,0.36419039999999997,128.806005303588,0.807695,112,0.0,-0.006537207189797745,0.013125348235316752,0.027832227874135907,0.019711816693616036
CaseM3m_OverhangReference,overhang_ref,7,0.001106,586,-1,1,0.010000031,5.3065361e-14,0.030000029,0.010000031,0.33333436666666666,0.30000029,interior,0.06999997100000001,0.030000029,0.019999969,0.03605551968841667,153,153,0.009999985000000199,12.935947991030528,0.9967881946487426,0.00010536371550034277,0.025053116,-16678091.0,-20896.50496595,-18.631166,-0.35437290000000016,28.51742848954908,-80.47293822284115,119.99845,0.80005193,-1.1446753e-06,1.199627e-06,0.0,0.0,-0.35438266,1.199627e-06,0.36419039999999997,128.806005303588,0.807695,112,0.0,-0.006537207352856096,0.01312534962596449,0.027832230589814506,0.01971181861321769
CaseM3m_OverhangReference,overhang_ref,7,0.001106,499,-1,1,-4.5282032e-14,-0.010000034,0.040000014,0.010000034,0.33333446666666666,0.40000014,interior,0.059999986000000005,0.040000014,0.019999966,0.044721356866729255,153,153,0.009999983000000446,12.935931733154586,0.9967869418871499,5.368020307508353e-05,0.025013769,-16652422.0,-21694.16265229,-15.05681,-4.253528333333334,28.968659120068487,-6.810501035822845,120.0,0.80004835,0.0,0.0,0.0,0.0,-4.2535381,0.0,0.36419039999999997,128.806005303588,0.807695,112,0.0,-0.00812479582910171,0.012596302594734743,0.027719702115848982,0.019600927735278977
CaseM3m_OverhangReference,overhang_ref,7,0.001106,500,-1,1,7.9491128e-14,-0.010000037,0.049999997,0.010000037,0.33333456666666667,0.49999996999999996,interior,0.05000000300000001,0.049999997,0.019999963,0.0538516315444702,153,153,0.0099999760000002,12.935936889135268,0.9967873391847178,5.595458347912302e-05,0.022416113,-14920873.0,-21475.86209777,-18.885178,-0.1322010666666659,28.528365199139802,-215.79527244717116,119.99711,0.80005395,-2.1440694e-06,2.2406825e-06,0.0,0.0,-0.13221119,2.2406825e-06,0.36419039999999997,128.806005303588,0.807695,112,0.0,-0.013342234531440147,0.013318941747475832,0.03268717917647708,0.02311353893139036
CaseM3m_OverhangReference,overhang_ref,7,0.001106,433,-1,1,-0.010000034,-1.861647e-14,0.040000014,0.010000034,0.33333446666666666,0.40000014,interior,0.059999986000000005,0.040000014,0.019999966,0.044721356866729255,153,153,0.009999983000000446,12.935931733149925,0.9967869418867907,5.368015015128412e-05,0.025013769,-16652422.0,-21694.16496471,-15.056805,-4.253536333333333,28.96866365487922,-6.810489292841561,120.0,0.80004835,0.0,0.0,0.0,0.0,-4.2535467,0.0,0.36419039999999997,128.806005303588,0.807695,112,0.0,-0.00812479599806813,0.012596301519786112,0.02771970028665631,0.019600926439974665
CaseM3m_OverhangReference,overhang_ref,7,0.001106,434,-1,1,-0.010000037,-2.8067382e-14,0.049999997,0.010000037,0.33333456666666667,0.49999996999999996,interior,0.05000000300000001,0.049999997,0.019999963,0.0538516315444702,153,153,0.0099999760000002,12.935936889127012,0.9967873391840816,5.595463950580353e-05,0.022416109,-14920871.0,-21475.86360593,-18.885176,-0.1322023666666657,28.52836416084383,-215.79314259006483,119.99711,0.80005395,-2.1440724e-06,2.2406855e-06,0.0,0.0,-0.13221246,2.2406855e-06,0.36419039999999997,128.806005303588,0.807695,112,0.0,-0.013342234650651845,0.013318942290049181,0.03268718011473828,0.023113539594592405
CaseM3m_OverhangReference,overhang_ref,7,0.001106,521,-1,1,-1.7798354e-14,0.010000034,0.040000014,0.010000034,0.33333446666666666,0.40000014,interior,0.059999986000000005,0.040000014,0.019999966,0.044721356866729255,153,153,0.009999983000000446,12.9359317331428,0.9967869418862416,5.3680223663961234e-05,0.025013765,-16652419.0,-21694.16657338,-15.056804,-4.2535343333333335,28.96865912720883,-6.810491430665658,120.0,0.80004835,0.0,0.0,0.0,0.0,-4.2535448,0.0,0.36419039999999997,128.806005303588,0.807695,112,0.0,-0.008124795462845835,0.012596301959675694,0.027719700845368362,0.019600926833465877
CaseM3m_OverhangReference,overhang_ref,7,0.001106,522,-1,1,-3.4887788e-15,0.010000037,0.049999997,0.010000037,0.33333456666666667,0.49999996999999996,interior,0.05000000300000001,0.049999997,0.019999963,0.0538516315444702,153,153,0.0099999760000002,12.93593688911723,0.9967873391833278,5.595466125897085e-05,0.022416111,-14920872.0,-21475.86199728,-18.885176,-0.13220173333333327,28.528363236569266,-215.79416938988152,119.99711,0.80005395,-2.1440703e-06,2.2406834e-06,0.0,0.0,-0.13221183,2.2406834e-06,0.36419039999999997,128.806005303588,0.807695,112,0.0,-0.013342234420356565,0.013318942505599929,0.03268718036226139,0.023113539771517963
CaseM3m_OverhangReference,overhang_ref,7,0.001106,587,-1,1,0.010000034,-2.7728071e-14,0.040000014,0.010000034,0.33333446666666666,0.40000014,interior,0.059999986000000005,0.040000014,0.019999966,0.044721356866729255,153,153,0.009999983000000446,12.93593173314746,0.9967869418866007,5.368030448090909e-05,0.025013765,-16652419.0,-21694.16607064,-15.056802,-4.253536666666666,28.968659641156574,-6.810487815509582,120.0,0.80004835,0.0,0.0,0.0,0.0,-4.2535467,0.0,0.36419039999999997,128.806005303588,0.807695,112,0.0,-0.008124795430580305,0.012596302891249352,0.027719702457766938,0.01960092797349013
CaseM3m_OverhangReference,overhang_ref,7,0.001106,588,-1,1,0.010000037,-3.8187576e-14,0.049999997,0.010000037,0.33333456666666667,0.49999996999999996,interior,0.05000000300000001,0.049999997,0.019999963,0.0538516315444702,153,153,0.0099999760000002,12.935936889125486,0.996787339183964,5.5954551772487665e-05,0.022416111,-14920872.0,-21475.8633043,-18.885176,-0.13220206666666576,28.528363759914455,-215.79362924670355,119.99711,0.80005395,-2.1440717e-06,2.2406848e-06,0.0,0.0,-0.13221215,2.2406848e-06,0.36419039999999997,128.806005303588,0.807695,112,0.0,-0.013342234371587129,0.013318941249634874,0.032687178306746285,0.02311353831755422
CaseM3m_OverhangReference,overhang_ref,8,0.001206,498,-1,1,-9.9307295e-14,-0.010000032,0.03000004,0.010000032,0.33333440000000003,0.30000039999999994,interior,0.06999996,0.03000004,0.019999968,0.03605552828627843,153,153,0.00999997800000125,12.935922396594082,0.9967874445390625,0.00011721450119125207,0.018522644,-12319989.0,-22135.1322225,-17.430029,-3.4580863333333327,31.36544639980721,-9.07017447698401,119.99845,0.80005193,-1.1446766e-06,1.1996284e-06,0.0,0.0,-3.4580963,1.1996284e-06,0.36419039999999997,128.806005303588,0.807695,112,0.0,-0.007546254910284319,0.010054629451792033,0.022776027403528683,0.01616634606373447
CaseM3m_OverhangReference,overhang_ref,8,0.001206,432,-1,1,-0.010000032,-2.2444542e-14,0.03000004,0.010000032,0.33333440000000003,0.30000039999999994,interior,0.06999996,0.03000004,0.019999968,0.03605552828627843,153,153,0.00999997800000125,12.935922396595146,0.9967874445391446,0.00011721453218415462,0.018522644,-12319989.0,-22135.12850248,-17.430027,-3.4580873333333337,31.365444809354127,-9.070171394173617,119.99845,0.80005193,-1.1446774e-06,1.1996292e-06,0.0,0.0,-3.4580972,1.1996292e-06,0.36419039999999997,128.806005303588,0.807695,112,0.0,-0.007546254822600132,0.010054629743185571,0.022776027886347708,0.01616634642319573
CaseM3m_OverhangReference,overhang_ref,8,0.001206,520,-1,1,-5.1372442e-15,0.010000032,0.03000004,0.010000032,0.33333440000000003,0.30000039999999994,interior,0.06999996,0.03000004,0.019999968,0.03605552828627843,153,153,0.00999997800000125,12.935922396588376,0.9967874445386229,0.00011721444025238897,0.018522644,-12319989.0,-22135.13171979,-17.430025,-3.458086999999999,31.365441462519634,-9.070171300640974,119.99845,0.80005193,-1.1446715e-06,1.1996229e-06,0.0,0.0,-3.458097,1.1996229e-06,0.36419039999999997,128.806005303588,0.807695,112,0.0,-0.00754625477062026,0.010054628572279067,0.02277602570593747,0.01616634482684585
CaseM3m_OverhangReference,overhang_ref,8,0.001206,586,-1,1,0.010000032,6.1672862e-14,0.03000004,0.010000032,0.33333440000000003,0.30000039999999994,interior,0.06999996,0.03000004,0.019999968,0.03605552828627843,153,153,0.00999997800000125,12.935922396587413,0.9967874445385487,0.00011721448466548999,0.018522643,-12319987.0,-22135.13242355,-17.430025,-3.458088333333334,31.365443568309693,-9.070168412405994,119.99845,0.80005193,-1.1446753e-06,1.199627e-06,0.0,0.0,-3.4580982,1.199627e-06,0.36419039999999997,128.806005303588,0.807695,112,0.0,-0.007546254936390062,0.010054629808062111,0.022776028088648627,0.016166346540419894
CaseM3m_OverhangReference,overhang_ref,8,0.001206,499,-1,1,-4.9601199e-14,-0.010000037,0.040000018,0.010000037,0.33333456666666667,0.40000018,interior,0.05999998200000001,0.040000018,0.019999963,0.044721359102801124,153,153,0.009999975000000801,12.935907134064164,0.996786268473087,4.4037432987552414e-05,0.017633095,-11726191.0,-22873.0910185,-14.188873,-7.208190999999999,32.09833762837155,-4.453036500887887,120.0,0.80004835,0.0,0.0,0.0,0.0,-7.2082009,0.0,0.36419039999999997,128.806005303588,0.807695,112,0.0,-0.010011387770434154,0.00936643296250558,0.02351762864391362,0.016629565592629188
CaseM3m_OverhangReference,overhang_ref,8,0.001206,500,-1,1,8.9718224e-14,-0.010000041,0.049999993,0.010000041,0.3333347,0.49999993,interior,0.050000007000000006,0.049999993,0.019999958999999998,0.05385162634500215,153,153,0.009999961000000451,12.935917165260642,0.9967870414346429,7.057938821231772e-05,0.01413056,-9390614.0,-22419.97610895,-19.168419,-2.4999646666666657,32.50693731717961,-13.002958702021505,119.99711,0.80005395,-2.1440694e-06,2.2406825e-06,0.0,0.0,-2.4999747,2.2406825e-06,0.36419039999999997,128.806005303588,0.807695,112,0.0,-0.016382204249735233,0.010368002723338517,0.03116152422174039,0.022034543574614072
CaseM3m_OverhangReference,overhang_ref,8,0.001206,433,-1,1,-0.010000037,-1.7651008e-14,0.040000018,0.010000037,0.33333456666666667,0.40000018,interior,0.05999998200000001,0.040000018,0.019999963,0.044721359102801124,153,153,0.009999975000000801,12.935907134059573,0.9967862684727332,4.403738925092015e-05,0.017633099,-11726194.0,-22873.09363254,-14.188868,-7.208199666666668,32.098343119804994,-4.453031908680247,120.0,0.80004835,0.0,0.0,0.0,0.0,-7.20821,0.0,0.36419039999999997,128.806005303588,0.807695,112,0.0,-0.01001138793816863,0.009366431992873165,0.023517627230027035,0.01662956459244062
CaseM3m_OverhangReference,overhang_ref,8,0.001206,434,-1,1,-0.010000041,-2.6867038e-14,0.049999993,0.010000041,0.3333347,0.49999993,interior,0.050000007000000006,0.049999993,0.019999958999999998,0.05385162634500215,153,153,0.009999961000000451,12.935917165252192,0.9967870414339918,7.057942304634607e-05,0.014130559,-9390614.0,-22419.97761711,-19.168417,-2.499965333333332,32.506935336306924,-13.002954442157707,119.99711,0.80005395,-2.1440724e-06,2.2406855e-06,0.0,0.0,-2.4999754,2.2406855e-06,0.36419039999999997,128.806005303588,0.807695,112,0.0,-0.01638220440392246,0.0103680032848105,0.031161525141896428,0.02203454422547074
CaseM3m_OverhangReference,overhang_ref,8,0.001206,521,-1,1,-1.8853629e-14,0.010000037,0.040000018,0.010000037,0.33333456666666667,0.40000018,interior,0.05999998200000001,0.040000018,0.019999963,0.044721359102801124,153,153,0.009999975000000801,12.935907134052913,0.99678626847222,4.40374209985869e-05,0.017633101,-11726195.0,-22873.09534175,-14.188868,-7.208196333333333,32.09833813892957,-4.453033276923262,120.0,0.80004835,0.0,0.0,0.0,0.0,-7.2082067,0.0,0.36419039999999997,128.806005303588,0.807695,112,0.0,-0.010011387603438735,0.009366432137175695,0.023517627223691634,0.01662956458792712
CaseM3m_OverhangReference,overhang_ref,8,0.001206,522,-1,1,-2.0867093e-15,0.010000041,0.049999993,0.010000041,0.3333347,0.49999993,interior,0.050000007000000006,0.049999993,0.019999958999999998,0.05385162634500215,153,153,0.009999961000000451,12.935917165242769,0.9967870414332657,7.057943627242597e-05,0.014130552,-9390609.0,-22419.97550577,-19.168417,-2.4999643333333323,32.50693385514548,-13.002959050940659,119.99711,0.80005395,-2.1440703e-06,2.2406834e-06,0.0,0.0,-2.4999745,2.2406834e-06,0.36419039999999997,128.806005303588,0.807695,112,0.0,-0.016382204020917734,0.010368003382853368,0.03116152494393579,0.022034544085028
CaseM3m_OverhangReference,overhang_ref,8,0.001206,587,-1,1,0.010000037,-2.846214e-14,0.040000018,0.010000037,0.33333456666666667,0.40000018,interior,0.05999998200000001,0.040000018,0.019999963,0.044721359102801124,153,153,0.009999975000000801,12.935907134057514,0.9967862684725746,4.4037481925042284e-05,0.017633101,-11726195.0,-22873.09483901,-14.188866,-7.208199,32.09833914314252,-4.453031768843024,120.0,0.80004835,0.0,0.0,0.0,0.0,-7.208209,0.0,0.36419039999999997,128.806005303588,0.807695,112,0.0,-0.01001138750959636,0.009366433114005316,0.0235176286934585,0.016629565626835166
CaseM3m_OverhangReference,overhang_ref,8,0.001206,588,-1,1,0.010000041,-3.9514859e-14,0.049999993,0.010000041,0.3333347,0.49999993,interior,0.050000007000000006,0.049999993,0.019999958999999998,0.05385162634500215,153,153,0.009999961000000451,12.935917165251212,0.9967870414339163,7.057936444088044e-05,0.014130556,-9390612.0,-22419.9771144,-19.168417,-2.499965333333332,32.50693534995404,-13.00295444761663,119.99711,0.80005395,-2.1440717e-06,2.2406848e-06,0.0,0.0,-2.4999754,2.2406848e-06,0.36419039999999997,128.806005303588,0.807695,112,0.0,-0.01638220406106442,0.010368002132352606,0.031161523343630745,0.022034542953360634
CaseM3m_OverhangReference,overhang_ref,9,0.001307,498,-1,1,-1.0776671e-13,-0.010000031,0.030000053,0.010000031,0.33333436666666666,0.30000053,interior,0.069999947,0.030000053,0.019999969,0.036055539657641654,153,153,0.00999996800000245,12.935906876457349,0.9967867362406191,0.0001284468811312394,0.011458783,-7606568.5,-22899.87855928,-17.164248,-5.378152666666665,33.84204445023613,-6.292503494738306,119.99845,0.80005193,-1.1446766e-06,1.1996284e-06,0.0,0.0,-5.3781629,1.1996284e-06,0.36419039999999997,128.806005303588,0.807695,112,0.0,-0.008540397015406782,0.006882221934320965,0.018345806887506026,0.013083821744262985
CaseM3m_OverhangReference,overhang_ref,9,0.001307,432,-1,1,-0.010000031,-2.292174e-14,0.030000053,0.010000031,0.33333436666666666,0.30000053,interior,0.069999947,0.030000053,0.019999969,0.036055539657641654,153,153,0.00999996800000245,12.935906876458931,0.996786736240741,0.00012844689768167793,0.011458783,-7606568.5,-22899.87483925,-17.164246,-5.378153,33.842041856064824,-6.292502622380736,119.99845,0.80005193,-1.1446774e-06,1.1996292e-06,0.0,0.0,-5.3781629,1.1996292e-06,0.36419039999999997,128.806005303588,0.807695,112,0.0,-0.00854039690456847,0.006882222046041414,0.0183458070057694,0.013083821837543894
CaseM3m_OverhangReference,overhang_ref,9,0.001307,520,-1,1,-4.230938e-15,0.010000031,0.030000053,0.010000031,0.33333436666666666,0.30000053,interior,0.069999947,0.030000053,0.019999969,0.036055539657641654,153,153,0.00999996800000245,12.935906876452528,0.9967867362402476,0.00012844682501488702,0.011458781,-7606566.5,-22899.87785549,-17.164244,-5.378152666666666,33.84203853330106,-6.292502394558477,119.99845,0.80005193,-1.1446715e-06,1.1996229e-06,0.0,0.0,-5.3781629,1.1996229e-06,0.36419039999999997,128.806005303588,0.807695,112,0.0,-0.008540397108256211,0.006882220987989961,0.01834580547144163,0.013083820675439523
CaseM3m_OverhangReference,overhang_ref,9,0.001307,586,-1,1,0.010000031,6.9826699e-14,0.030000053,0.010000031,0.33333436666666666,0.30000053,interior,0.069999947,0.030000053,0.019999969,0.036055539657641654,153,153,0.00999996800000245,12.935906876451112,0.9967867362401385,0.00012844681991946319,0.011458778,-7606565.0,-22899.87840845,-17.164244,-5.3781539999999985,33.842040601132176,-6.292501219030207,119.99845,0.80005193,-1.1446753e-06,1.199627e-06,0.0,0.0,-5.3781643,1.199627e-06,0.36419039999999997,128.806005303588,0.807695,112,0.0,-0.008540397227964406,0.006882222094634984,0.018345807417765224,0.013083822052013782
CaseM3m_OverhangReference,overhang_ref,9,0.001307,499,-1,1,-5.3765406e-14,-0.010000038,0.040000021,0.010000038,0.3333346,0.40000020999999997,interior,0.05999997900000001,0.040000021,0.019999962,0.04472136133887121,153,153,0.009999965000001807,12.935894105902763,0.9967857521952369,3.334849850567258e-05,0.0094612101,-6272616.0,-23503.72493812,-14.572557,-8.793538,35.05501905835297,-3.986452217338797,120.0,0.80004835,0.0,0.0,0.0,0.0,-8.7935476,0.0,0.36419039999999997,128.806005303588,0.807695,112,0.0,-0.011904205626219884,0.006094593274428468,0.020844312947683026,0.01473923373027872
CaseM3m_OverhangReference,overhang_ref,9,0.001307,500,-1,1,9.9453228e-14,-0.010000044,0.049999986,0.010000044,0.3333348,0.49999986,interior,0.050000014,0.049999986,0.019999956,0.05385161873149342,153,153,0.009999942000001249,12.935909130900992,0.996786909958592,0.00010148460601026639,0.0052177999,-3442458.5,-22766.07271314,-20.996887,-3.374274666666667,36.56914613741577,-10.83763171346724,119.99711,0.80005395,-2.1440694e-06,2.2406825e-06,0.0,0.0,-3.374285,2.2406825e-06,0.36419039999999997,128.806005303588,0.807695,112,0.0,-0.019269650885083398,0.007439844761341283,0.031157610338006438,0.022033123271411124
CaseM3m_OverhangReference,overhang_ref,9,0.001307,433,-1,1,-0.010000038,-1.6942604e-14,0.040000021,0.010000038,0.3333346,0.40000020999999997,interior,0.05999997900000001,0.040000021,0.019999962,0.04472136133887121,153,153,0.009999965000001807,12.935894105898344,0.9967857521948964,3.3348531078520373e-05,0.0094612101,-6272616.0,-23503.72755216,-14.572552,-8.793546333333332,35.055024001263014,-3.986449001625361,120.0,0.80004835,0.0,0.0,0.0,0.0,-8.7935562,0.0,0.36419039999999997,128.806005303588,0.807695,112,0.0,-0.011904205816860712,0.006094592298879903,0.02084431202272994,0.014739233074721329
CaseM3m_OverhangReference,overhang_ref,9,0.001307,434,-1,1,-0.010000044,-2.5004557e-14,0.049999986,0.010000044,0.3333348,0.49999986,interior,0.050000014,0.049999986,0.019999956,0.05385161873149342,153,153,0.009999942000001249,12.935909130892515,0.9967869099579388,0.0001014846186089288,0.005217799,-3442458.0,-22766.07417103,-20.996887,-3.3742739999999998,36.56914516959426,-10.837633567870974,119.99711,0.80005395,-2.1440724e-06,2.2406855e-06,0.0,0.0,-3.374284,2.2406855e-06,0.36419039999999997,128.806005303588,0.807695,112,0.0,-0.019269650919566516,0.0074398453329314026,0.031157610947762128,0.022033123702416575
CaseM3m_OverhangReference,overhang_ref,9,0.001307,521,-1,1,-1.9874612e-14,0.010000038,0.040000021,0.010000038,0.3333346,0.40000020999999997,interior,0.05999997900000001,0.040000021,0.019999962,0.04472136133887121,153,153,0.009999965000001807,12.935894105892245,0.9967857521944264,3.334851713635574e-05,0.0094612138,-6272618.5,-23503.72951271,-14.572553,-8.793542,35.05501907035714,-3.986450405349419,120.0,0.80004835,0.0,0.0,0.0,0.0,-8.7935514,0.0,0.36419039999999997,128.806005303588,0.807695,112,0.0,-0.01190420543139134,0.006094592453780613,0.020844311807983577,0.014739232923916643
CaseM3m_OverhangReference,overhang_ref,9,0.001307,522,-1,1,-8.6008514e-16,0.010000044,0.049999986,0.010000044,0.3333348,0.49999986,interior,0.050000014,0.049999986,0.019999956,0.05385161873149342,153,153,0.009999942000001249,12.935909130883566,0.9967869099572493,0.00010148464504405417,0.005217799,-3442458.0,-22766.07205969,-20.996885,-3.3742743333333336,36.56914268728759,-10.837631761600766,119.99711,0.80005395,-2.1440703e-06,2.2406834e-06,0.0,0.0,-3.374284,2.2406834e-06,0.36419039999999997,128.806005303588,0.807695,112,0.0,-0.01926965051045641,0.007439845340246777,0.031157610492610566,0.02203312338295999
CaseM3m_OverhangReference,overhang_ref,9,0.001307,587,-1,1,0.010000038,-2.8429668e-14,0.040000021,0.010000038,0.3333346,0.40000020999999997,interior,0.05999997900000001,0.040000021,0.019999962,0.04472136133887121,153,153,0.009999965000001807,12.935894105896667,0.9967857521947672,3.334852922093563e-05,0.009461212,-6272617.5,-23503.72890944,-14.572551,-8.793545333333332,35.05502104372466,-3.986449118632848,120.0,0.80004835,0.0,0.0,0.0,0.0,-8.7935553,0.0,0.36419039999999997,128.806005303588,0.807695,112,0.0,-0.011904205367105488,0.006094593297391926,0.02084431276243011,0.014739233597899607
CaseM3m_OverhangReference,overhang_ref,9,0.001307,588,-1,1,0.010000044,-4.0638235e-14,0.049999986,0.010000044,0.3333348,0.49999986,interior,0.050000014,0.049999986,0.019999956,0.05385161873149342,153,153,0.009999942000001249,12.935909130892046,0.9967869099579028,0.00010148462337427247,0.0052177971,-3442456.8,-22766.07354265,-20.996887,-3.3742736666666673,36.569144640425755,-10.837634481660523,119.99711,0.80005395,-2.1440717e-06,2.2406848e-06,0.0,0.0,-3.3742836,2.2406848e-06,0.36419039999999997,128.806005303588,0.807695,112,0.0,-0.019269650495677398,0.007439844174618866,0.031157609365669622,0.022033122587275543
CaseM3m_OverhangReference,overhang_ref,10,0.001408,498,-1,1,-1.1541413e-13,-0.010000029,0.030000065,0.010000029,0.33333430000000003,0.30000065,interior,0.06999993500000001,0.030000065,0.019999971,0.036055550751653564,153,153,0.009999960000002452,12.935900720879326,0.9967859149257339,0.00013864458340932716,0.0040773009,-2681945.0,-20640.79851343,-17.866621,-6.061354000000002,35.91658457129509,-5.9255051876684774,119.99845,0.80005193,-1.1446766e-06,1.1996284e-06,0.0,0.0,-6.0613637,1.1996284e-06,0.36419039999999997,128.806005303588,0.807695,112,0.0,-0.009496621241410066,0.0037084963911292227,0.015404344863962619,0.01107262901283643
CaseM3m_OverhangReference,overhang_ref,10,0.001408,432,-1,1,-0.010000029,-2.281919e-14,0.030000065,0.010000029,0.33333430000000003,0.30000065,interior,0.06999993500000001,0.030000065,0.019999971,0.036055550751653564,153,153,0.009999960000002452,12.935900720881472,0.9967859149258992,0.00013864458431874408,0.0040772976,-2681942.8,-20640.79854933,-17.866619,-6.061353333333334,35.91658049031141,-5.925505166114401,119.99845,0.80005193,-1.1446774e-06,1.1996292e-06,0.0,0.0,-6.0613632,1.1996292e-06,0.36419039999999997,128.806005303588,0.807695,112,0.0,-0.009496621227122637,0.0037084964857185152,0.015404345025604744,0.011072629118579959
CaseM3m_OverhangReference,overhang_ref,10,0.001408,520,-1,1,-3.6046156e-15,0.010000029,0.030000065,0.010000029,0.33333430000000003,0.30000065,interior,0.06999993500000001,0.030000065,0.019999971,0.036055550751653564,153,153,0.009999960000002452,12.93590072087553,0.9967859149254413,0.00013864453716588086,0.0040772972,-2681942.5,-20640.79932276,-17.866617,-6.061353333333333,35.916577685061114,-5.925504703305166,119.99845,0.80005193,-1.1446715e-06,1.1996229e-06,0.0,0.0,-6.0613632,1.1996229e-06,0.36419039999999997,128.806005303588,0.807695,112,0.0,-0.0094966213992859,0.003708495510524724,0.015404344107019102,0.011072628394722476
CaseM3m_OverhangReference,overhang_ref,10,0.001408,586,-1,1,0.010000029,7.7154469e-14,0.030000065,0.010000029,0.33333430000000003,0.30000065,interior,0.06999993500000001,0.030000065,0.019999971,0.036055550751653564,153,153,0.009999960000002452,12.935900720873512,0.9967859149252858,0.0001386445274936844,0.0040772962,-2681941.8,-20640.79910468,-17.866617,-6.061354666666666,35.91657972186479,-5.9255037358862355,119.99845,0.80005193,-1.1446753e-06,1.199627e-06,0.0,0.0,-6.0613642,1.199627e-06,0.36419039999999997,128.806005303588,0.807695,112,0.0,-0.009496621445841668,0.0037084964496678493,0.015404345304095636,0.011072629300078738
CaseM3m_OverhangReference,overhang_ref,10,0.001408,499,-1,1,-5.7565043e-14,-0.010000036,0.040000025,0.010000036,0.33333453333333335,0.40000025,interior,0.059999975000000004,0.040000025,0.019999964,0.04472136581100717,153,153,0.009999946000003196,12.935893478259123,0.9967853568399877,3.612934658871978e-05,0.0008142211,-502943.47,-20729.32917233,-16.284565,-8.929970333333335,37.83386055357135,-4.236728582663601,120.0,0.80004835,0.0,0.0,0.0,0.0,-8.9299803,0.0,0.36419039999999997,128.806005303588,0.807695,112,0.0,-0.013746310896996818,0.002878471509296491,0.02036698705259569,0.014401773222510853
CaseM3m_OverhangReference,overhang_ref,10,0.001408,500,-1,1,1.0846394e-13,-0.010000044,0.049999971,0.010000044,0.3333348,0.49999970999999993,interior,0.05000002900000001,0.049999971,0.019999956,0.05385160480433965,153,153,0.009999920000005002,12.93591543883245,0.996787049029086,0.00014706152869259137,-0.003884383,2631175.3,-19542.9199743,-24.389132,-2.723401333333334,40.695951666824364,-14.943060785321036,119.99711,0.80005395,-2.1440694e-06,2.2406825e-06,0.0,0.0,-2.7234113,2.2406825e-06,0.36419039999999997,128.806005303588,0.807695,112,0.0,-0.0219261458885425,0.004618882216156967,0.03250506609860231,0.02299118844349971
CaseM3m_OverhangReference,overhang_ref,10,0.001408,433,-1,1,-0.010000036,-1.613139e-14,0.040000025,0.010000036,0.33333453333333335,0.40000025,interior,0.059999975000000004,0.040000025,0.019999964,0.04472136581100717,153,153,0.009999946000003196,12.935893478254997,0.9967853568396697,3.612941060065756e-05,0.00081422087,-502943.31,-20729.32954011,-16.284559,-8.929979333333334,37.833864942327345,-4.236724804177674,120.0,0.80004835,0.0,0.0,0.0,0.0,-8.9299889,0.0,0.36419039999999997,128.806005303588,0.807695,112,0.0,-0.013746310957342108,0.0028784706422137173,0.020366986602311562,0.014401772903545652
CaseM3m_OverhangReference,overhang_ref,10,0.001408,434,-1,1,-0.010000044,-2.2405067e-14,0.049999971,0.010000044,0.3333348,0.49999970999999993,interior,0.05000002900000001,0.049999971,0.019999956,0.05385160480433965,153,153,0.009999920000005002,12.935915438824056,0.9967870490284392,0.00014706151638867374,-0.0038843835,2631175.5,-19542.92050523,-24.389133,-2.723399333333333,40.695950166486774,-14.943071208244932,119.99711,0.80005395,-2.1440724e-06,2.2406855e-06,0.0,0.0,-2.7234092,2.2406855e-06,0.36419039999999997,128.806005303588,0.807695,112,0.0,-0.021926145994452553,0.004618882706356433,0.032505066575999296,0.022991188777610923
CaseM3m_OverhangReference,overhang_ref,10,0.001408,521,-1,1,-2.0803061e-14,0.010000036,0.040000025,0.010000036,0.33333453333333335,0.40000025,interior,0.059999975000000004,0.040000025,0.019999964,0.04472136581100717,153,153,0.009999946000003196,12.935893478249545,0.9967853568392496,3.612934823931792e-05,0.00081421831,-502941.56,-20729.33000858,-16.284561,-8.929974333333332,37.83386056904894,-4.236726686640601,120.0,0.80004835,0.0,0.0,0.0,0.0,-8.9299841,0.0,0.36419039999999997,128.806005303588,0.807695,112,0.0,-0.013746310753647004,0.002878470611258413,0.02036698637011368,0.014401772741208104
CaseM3m_OverhangReference,overhang_ref,10,0.001408,522,-1,1,1.4104928e-16,0.010000044,0.049999971,0.010000044,0.3333348,0.49999970999999993,interior,0.05000002900000001,0.049999971,0.019999956,0.05385160480433965,153,153,0.009999920000005002,12.935915438815691,0.9967870490277946,0.0001470615252385915,-0.0038843851,2631176.5,-19542.92085303,-24.389132,-2.723399000000002,40.69594823964436,-14.94307232970429,119.99711,0.80005395,-2.1440703e-06,2.2406834e-06,0.0,0.0,-2.7234092,2.2406834e-06,0.36419039999999997,128.806005303588,0.807695,112,0.0,-0.021926145913421083,0.004618882562879168,0.03250506642433023,0.022991188677257836
CaseM3m_OverhangReference,overhang_ref,10,0.001408,587,-1,1,0.010000036,-2.7946978e-14,0.040000025,0.010000036,0.33333453333333335,0.40000025,interior,0.059999975000000004,0.040000025,0.019999964,0.04472136581100717,153,153,0.009999946000003196,12.935893478253675,0.9967853568395679,3.612930474539906e-05,0.00081421796,-502941.31,-20729.32964669,-16.284561,-8.929977,37.83386451838432,-4.236725863726672,120.0,0.80004835,0.0,0.0,0.0,0.0,-8.929987,0.0,0.36419039999999997,128.806005303588,0.807695,112,0.0,-0.01374631064798113,0.00287847136486131,0.020366986709475978,0.014401772978934805
CaseM3m_OverhangReference,overhang_ref,10,0.001408,588,-1,1,0.010000044,-4.1784477e-14,0.049999971,0.010000044,0.3333348,0.49999970999999993,interior,0.05000002900000001,0.049999971,0.019999956,0.05385160480433965,153,153,0.009999920000005002,12.93591543882407,0.9967870490284403,0.0001470615289739334,-0.0038843849,2631176.5,-19542.92052196,-24.389133,-2.723398666666668,40.695949129372174,-14.943074485375437,119.99711,0.80005395,-2.1440717e-06,2.2406848e-06,0.0,0.0,-2.7234085,2.2406848e-06,0.36419039999999997,128.806005303588,0.807695,112,0.0,-0.021926145793470228,0.0046188816000268034,0.032505065736551576,0.022991188188106703
CaseM3m_OverhangReference,overhang_ref,11,0.001508,484,-1,1,-6.387939e-14,-0.02000015,2.072603e-07,0.02000015,0.6666716666666668,2.0726029999999997e-06,edge_ring,0.0999997927397,2.072603e-07,0.009999849999999998,0.009999850002147872,142,72,0.009999967741179205,12.703285502880757,0.9788604264597882,0.0002913909531465833,0.012727578,-8489487.0,-16019.0373045,-2.9429982,-0.3715868666666668,24.862706799595358,-66.90954129414517,119.99836,0.80005258,-1.2139374e-06,1.2653901e-06,0.0,0.0,-0.37159687,1.2653901e-06,0.36419039999999997,128.806005303588,0.807695,112,0.0,-0.006422467051415166,0.006154882503595064,0.01700409017988775,0.012131300240786898
CaseM3m_OverhangReference,overhang_ref,11,0.001508,498,-1,1,-1.2219715e-13,-0.010000022,0.030000078,0.010000022,0.3333340666666667,0.30000077999999997,interior,0.069999922,0.030000078,0.019999977999999998,0.0360555654512111,153,153,0.009999947000004053,12.93590585482333,0.996785148127588,0.00014699451250526924,-0.003396004,2291003.8,-20410.46845576,-19.543509,-5.492315333333333,37.57544519517756,-6.841458094572421,119.99845,0.80005193,-1.1446766e-06,1.1996284e-06,0.0,0.0,-5.4923253,1.1996284e-06,0.36419039999999997,128.806005303588,0.807695,112,0.0,-0.010411833170908654,0.0006255911327121334,0.014857409331417954,0.010743747014351535
CaseM3m_OverhangReference,overhang_ref,11,0.001508,363,-1,1,-0.02000015,-9.7859946e-14,2.0726037e-07,0.02000015,0.6666716666666668,2.0726037e-06,edge_ring,0.09999979273963,2.0726037e-07,0.009999849999999998,0.009999850002147872,142,72,0.009999967741109205,12.7032855028771,0.9788604264595064,0.00029139103533278173,0.012727571,-8489482.0,-16019.03787171,-2.9430027,-0.37158539999999984,24.862714495994688,-66.9098261018724,119.99836,0.80005258,-1.2139378e-06,1.2653906e-06,0.0,0.0,-0.37159538,1.2653906e-06,0.36419039999999997,128.806005303588,0.807695,112,0.0,-0.006422471014778705,0.006154881995150502,0.01700409161760244,0.01213130134858244
CaseM3m_OverhangReference,overhang_ref,11,0.001508,432,-1,1,-0.010000022,-2.2056999e-14,0.030000078,0.010000022,0.3333340666666667,0.30000077999999997,interior,0.069999922,0.030000078,0.019999977999999998,0.0360555654512111,153,153,0.009999947000004053,12.935905854826064,0.9967851481277986,0.00014699449408779887,-0.0033960056,2291005.0,-20410.46836598,-19.543507,-5.4923146666666645,37.575441127151315,-6.84145818432435,119.99845,0.80005193,-1.1446774e-06,1.1996292e-06,0.0,0.0,-5.4923248,1.1996292e-06,0.36419039999999997,128.806005303588,0.807695,112,0.0,-0.010411833163024903,0.0006255913551962229,0.014857409473928726,0.01074374709698683
CaseM3m_OverhangReference,overhang_ref,11,0.001508,520,-1,1,-3.0615476e-15,0.010000022,0.030000078,0.010000022,0.3333340666666667,0.30000077999999997,interior,0.069999922,0.030000078,0.019999977999999998,0.0360555654512111,153,153,0.009999947000004053,12.935905854820648,0.9967851481273813,0.00014699443046525075,-0.0033960082,2291006.8,-20410.46896348,-19.543505,-5.492314000000001,37.575437354537996,-6.841458327862899,119.99845,0.80005193,-1.1446715e-06,1.1996229e-06,0.0,0.0,-5.4923239,1.1996229e-06,0.36419039999999997,128.806005303588,0.807695,112,0.0,-0.010411833447825506,0.0006255903166786313,0.01485740948045365,0.010743746890735584
CaseM3m_OverhangReference,overhang_ref,11,0.001508,528,-1,1,2.2087055e-14,0.02000015,2.0726014e-07,0.02000015,0.6666716666666668,2.0726014e-06,edge_ring,0.09999979273986001,2.0726014e-07,0.009999849999999998,0.009999850002147868,142,72,0.009999967741339206,12.703285502885263,0.9788604264601355,0.0002913908661773282,0.012727578,-8489487.0,-16019.03892305,-2.943002,-0.3715856333333332,24.862709264821007,-66.90977000856692,119.99836,0.80005258,-1.2139363e-06,1.2653891e-06,0.0,0.0,-0.37159562,1.2653891e-06,0.36419039999999997,128.806005303588,0.807695,112,0.0,-0.006422463835514043,0.006154881267807013,0.01700408695016318,0.012131297755912518
CaseM3m_OverhangReference,overhang_ref,11,0.001508,586,-1,1,0.010000022,8.3544235e-14,0.030000078,0.010000022,0.3333340666666667,0.30000077999999997,interior,0.069999922,0.030000078,0.019999977999999998,0.0360555654512111,153,153,0.009999947000004053,12.935905854818081,0.9967851481271836,0.00014699438715934008,-0.0033960077,2291006.3,-20410.46879566,-19.543505,-5.492315333333334,37.57543936919711,-6.841457033821154,119.99845,0.80005193,-1.1446753e-06,1.199627e-06,0.0,0.0,-5.4923253,1.199627e-06,0.36419039999999997,128.806005303588,0.807695,112,0.0,-0.010411833456621802,0.0006255912419724827,0.014857409920964992,0.01074374721859282
CaseM3m_OverhangReference,overhang_ref,11,0.001508,649,-1,1,0.02000015,3.5521014e-14,2.072602e-07,0.02000015,0.6666716666666668,2.072602e-06,edge_ring,0.0999997927398,2.072602e-07,0.009999849999999998,0.00999985000214787,142,72,0.009999967741279205,12.703285502884622,0.9788604264600861,0.0002913909040047091,0.012727577,-8489487.0,-16019.03847578,-2.9430025,-0.37158543333333344,24.8627093493705,-66.90980624923266,119.99836,0.80005258,-1.2139359e-06,1.2653885e-06,0.0,0.0,-0.37159544,1.2653885e-06,0.36419039999999997,128.806005303588,0.807695,112,0.0,-0.006422464542512392,0.0061548818864903074,0.017004087459194173,0.012131298375940429
CaseM3m_OverhangReference,overhang_ref,11,0.001508,499,-1,1,-6.1089575e-14,-0.010000031,0.040000025,0.010000031,0.33333436666666666,0.40000025,interior,0.059999975000000004,0.040000025,0.019999969,0.04472136804707103,153,153,0.009999931000007197,12.935904268969855,0.9967850259285547,5.786235683721249e-05,-0.0079573216,5336418.0,-20192.82308163,-19.345053,-7.596631333333332,40.433152793690205,-5.322510862975959,120.0,0.80004835,0.0,0.0,0.0,0.0,-7.5966415,0.0,0.36419039999999997,128.806005303588,0.807695,112,0.0,-0.015471309703043749,-0.00018035717078215482,0.022004718125591818,0.015560120075441525
CaseM3m_OverhangReference,overhang_ref,11,0.001508,500,-1,1,1.1654845e-13,-0.010000043,0.049999956,0.010000043,0.33333476666666667,0.49999955999999995,interior,0.05000004400000001,0.049999956,0.019999957,0.05385159124857671,153,153,0.009999890000009804,12.935933002158016,0.996787239984187,0.00020316320179577168,-0.012789167,8559156.0,-18682.4102981,-29.293554,-0.5804319999999995,44.86023505023219,-77.28766685887793,119.99711,0.80005395,-2.1440694e-06,2.2406825e-06,0.0,0.0,-0.58044195,2.2406825e-06,0.36419039999999997,128.806005303588,0.807695,112,0.0,-0.024261038664873343,0.0020013885339434994,0.03473097927757701,0.02457645127292351
CaseM3m_OverhangReference,overhang_ref,11,0.001508,433,-1,1,-0.010000031,-1.4661385e-14,0.040000025,0.010000031,0.33333436666666666,0.40000025,interior,0.059999975000000004,0.040000025,0.019999969,0.04472136804707103,153,153,0.009999931000007197,12.935904268966118,0.9967850259282667,5.786242589784843e-05,-0.0079573207,5336417.0,-20192.82354995,-19.345047,-7.596640333333333,40.433157184658704,-5.322505135229566,120.0,0.80004835,0.0,0.0,0.0,0.0,-7.5966501,0.0,0.36419039999999997,128.806005303588,0.807695,112,0.0,-0.015471309834818174,-0.00018035802001525577,0.022004718309442797,0.015560120204569811
CaseM3m_OverhangReference,overhang_ref,11,0.001508,434,-1,1,-0.010000043,-1.9268573e-14,0.049999956,0.010000043,0.33333476666666667,0.49999955999999995,interior,0.05000004400000001,0.049999956,0.019999957,0.05385159124857671,153,153,0.009999890000009804,12.935933002149868,0.9967872399835591,0.00020316318189702098,-0.012789172,8559159.0,-18682.41052741,-29.293556,-0.580430000000001,44.860235030506885,-77.2879331366518,119.99711,0.80005395,-2.1440724e-06,2.2406855e-06,0.0,0.0,-0.58043969,2.2406855e-06,0.36419039999999997,128.806005303588,0.807695,112,0.0,-0.024261038771522206,0.0020013890457764552,0.03473097959008966,0.02457645148671568
CaseM3m_OverhangReference,overhang_ref,11,0.001508,521,-1,1,-2.1576552e-14,0.010000031,0.040000025,0.010000031,0.33333436666666666,0.40000025,interior,0.059999975000000004,0.040000025,0.019999969,0.04472136804707103,153,153,0.009999931000007197,12.935904268961368,0.9967850259279006,5.7862365309113115e-05,-0.0079573216,5336418.0,-20192.82391788,-19.345049,-7.596634999999998,40.433152334239296,-5.3225082334796,120.0,0.80004835,0.0,0.0,0.0,0.0,-7.5966454,0.0,0.36419039999999997,128.806005303588,0.807695,112,0.0,-0.015471309724228204,-0.00018035814262702468,0.022004718133260767,0.015560120087198344
CaseM3m_OverhangReference,overhang_ref,11,0.001508,522,-1,1,1.0859918e-15,0.010000043,0.049999956,0.010000043,0.33333476666666667,0.49999955999999995,interior,0.05000004400000001,0.049999956,0.019999957,0.05385159124857671,153,153,0.009999890000009804,12.93593300214215,0.9967872399829644,0.000203163217696217,-0.012789172,8559159.0,-18682.41087522,-29.293554,-0.5804299999999998,44.86023212399098,-77.28792812913012,119.99711,0.80005395,-2.1440703e-06,2.2406834e-06,0.0,0.0,-0.58043969,2.2406834e-06,0.36419039999999997,128.806005303588,0.807695,112,0.0,-0.024261038938452207,0.002001388700376378,0.03473097967698357,0.024576451579421447
CaseM3m_OverhangReference,overhang_ref,11,0.001508,587,-1,1,0.010000031,-2.7592181e-14,0.040000025,0.010000031,0.33333436666666666,0.40000025,interior,0.059999975000000004,0.040000025,0.019999969,0.04472136804707103,153,153,0.009999931000007197,12.935904268965103,0.9967850259281885,5.786231124478653e-05,-0.0079573216,5336418.0,-20192.82355599,-19.345049,-7.596637666666667,40.433156263791425,-5.3225068823814405,120.0,0.80004835,0.0,0.0,0.0,0.0,-7.5966477,0.0,0.36419039999999997,128.806005303588,0.807695,112,0.0,-0.015471309751568432,-0.00018035750390785999,0.02200471818122904,0.015560120119048126
CaseM3m_OverhangReference,overhang_ref,11,0.001508,588,-1,1,0.010000043,-4.2514759e-14,0.049999956,0.010000043,0.33333476666666667,0.49999955999999995,interior,0.05000004400000001,0.049999956,0.019999957,0.05385159124857671,153,153,0.009999890000009804,12.935933002150293,0.9967872399835919,0.00020316323022940064,-0.012789169,8559157.0,-18682.41074522,-29.293556,-0.5804290000000011,44.86023351972132,-77.28806369034152,119.99711,0.80005395,-2.1440717e-06,2.2406848e-06,0.0,0.0,-0.58043909,2.2406848e-06,0.36419039999999997,128.806005303588,0.807695,112,0.0,-0.02426103863704744,0.0020013880039813714,0.034730979130706045,0.02457645119119585
CaseM3m_OverhangReference,overhang_ref,12,0.001609,418,-1,1,-0.010000056,-0.010000056,1.990136e-07,0.014142214819690444,0.47140716065634813,1.990136e-06,bottom_cap_zone,0.0999998009864,1.990136e-07,0.015857785180309555,0.015857785181558354,157,86,0.0099999779866209,12.879157762258318,0.9924105552456839,0.0002921269837848294,0.0079563996,-5307877.0,-16906.72182131,-3.4801097,-0.6000168333333334,21.208556238374822,-35.34660206206684,119.9984,0.80005336,-1.1866935e-06,1.2234965e-06,0.0,0.0,-0.60002685,1.2234965e-06,0.36419039999999997,128.806005303588,0.807695,112,0.0,-0.007731474764464464,0.005217730990013981,0.01589142330858737,0.011294785693000698
CaseM3m_OverhangReference,overhang_ref,12,0.001609,484,-1,1,-6.8988184e-14,-0.020000158,2.3480035e-07,0.020000158,0.6666719333333334,2.3480034999999998e-06,edge_ring,0.09999976519965001,2.3480035e-07,0.009999841999999998,0.0099998420027566,142,72,0.009999953201146458,12.703257438334953,0.9788564594457057,0.00027496548310340587,0.010309185,-6875704.5,-16710.29508187,0.44396359,-3.744967163333333,25.48767301305403,-6.805846860982321,119.99836,0.80005258,-1.2139374e-06,1.2653901e-06,0.0,0.0,-3.7449772,1.2653901e-06,0.36419039999999997,128.806005303588,0.807695,112,0.0,-0.006887856392772597,0.0042040978670671945,0.014949897052991906,0.010873361212584006
CaseM3m_OverhangReference,overhang_ref,12,0.001609,498,-1,1,-1.2789612e-13,-0.010000014,0.030000091,0.010000014,0.3333338,0.30000090999999995,interior,0.069999909,0.030000091,0.019999985999999997,0.036055580705467445,153,153,0.009999930000006048,12.935921330913942,0.996784503117674,0.0001513639600686962,-0.010723516,7177753.0,-19688.84384474,-22.176615,-3.6954770000000003,38.8277916294666,-10.506841641678895,119.99845,0.80005193,-1.1446766e-06,1.1996284e-06,0.0,0.0,-3.6954873,1.1996284e-06,0.36419039999999997,128.806005303588,0.807695,112,0.0,-0.011262751435701598,-0.0022226933893507595,0.0166137258717716,0.011998423303532587
CaseM3m_OverhangReference,overhang_ref,12,0.001609,572,-1,1,0.010000056,-0.010000056,1.9901377e-07,0.014142214819690444,0.47140716065634813,1.9901376999999998e-06,bottom_cap_zone,0.09999980098623,1.9901377e-07,0.015857785180309555,0.015857785181558358,157,86,0.0099999779864509,12.879157762251737,0.9924105552451767,0.0002921271501193464,0.0079563921,-5307872.0,-16906.72015906,-3.4801106,-0.6000163,21.20855531558063,-35.346631942466615,119.9984,0.80005336,-1.1866938e-06,1.2234967e-06,0.0,0.0,-0.60002625,1.2234967e-06,0.36419039999999997,128.806005303588,0.807695,112,0.0,-0.0077314824336848775,0.005217730117202828,0.0158914297619851,0.011294790421768565
CaseM3m_OverhangReference,overhang_ref,12,0.001609,363,-1,1,-0.020000158,-1.0410784e-13,2.3480042e-07,0.020000158,0.6666719333333334,2.3480041999999998e-06,edge_ring,0.09999976519958001,2.3480042e-07,0.009999841999999998,0.009999842002756602,142,72,0.009999953201076456,12.703257438331269,0.9788564594454218,0.0002749655664184857,0.01030918,-6875701.5,-16710.29534747,0.44395906,-3.744965653333333,25.48768069467184,-6.8058516563391365,119.99836,0.80005258,-1.2139378e-06,1.2653906e-06,0.0,0.0,-3.7449756,1.2653906e-06,0.36419039999999997,128.806005303588,0.807695,112,0.0,-0.006887860364946685,0.004204097285912976,0.01494989883363907,0.010873362585018503
CaseM3m_OverhangReference,overhang_ref,12,0.001609,432,-1,1,-0.010000014,-2.1110072e-14,0.030000091,0.010000014,0.3333338,0.30000090999999995,interior,0.069999909,0.030000091,0.019999985999999997,0.036055580705467445,153,153,0.009999930000006048,12.935921330917239,0.996784503117928,0.0001513639702510878,-0.010723518,7177754.0,-19688.84365443,-22.176613,-3.695476333333333,38.827787574318045,-10.506842439793205,119.99845,0.80005193,-1.1446774e-06,1.1996292e-06,0.0,0.0,-3.6954865,1.1996292e-06,0.36419039999999997,128.806005303588,0.807695,112,0.0,-0.011262751533630355,-0.0022226932380406835,0.016613726004344492,0.011998423491238112
CaseM3m_OverhangReference,overhang_ref,12,0.001609,440,-1,1,-0.010000056,0.010000056,1.990136e-07,0.014142214819690444,0.47140716065634813,1.990136e-06,bottom_cap_zone,0.0999998009864,1.990136e-07,0.015857785180309555,0.015857785181558354,157,86,0.0099999779866209,12.879157762246257,0.9924105552447545,0.00029212708871234665,0.0079563949,-5307874.0,-16906.72180978,-3.4801092,-0.6000166000000001,21.208554605021302,-35.3466130854068,119.9984,0.80005336,-1.186695e-06,1.223498e-06,0.0,0.0,-0.60002661,1.223498e-06,0.36419039999999997,128.806005303588,0.807695,112,0.0,-0.007731479766059453,0.005217730059989846,0.015891427146270926,0.011294788405033826
CaseM3m_OverhangReference,overhang_ref,12,0.001609,520,-1,1,-2.6040844e-15,0.010000014,0.030000091,0.010000014,0.3333338,0.30000090999999995,interior,0.069999909,0.030000091,0.019999985999999997,0.036055580705467445,153,153,0.009999930000006048,12.935921330912334,0.9967845031175501,0.0001513639084375364,-0.01072352,7177755.5,-19688.84410112,-22.176611,-3.695475666666667,38.82778381500307,-10.506843317960712,119.99845,0.80005193,-1.1446715e-06,1.1996229e-06,0.0,0.0,-3.6954858,1.1996229e-06,0.36419039999999997,128.806005303588,0.807695,112,0.0,-0.01126275171951829,-0.0022226941096206813,0.01661372655600104,0.011998423640485945
CaseM3m_OverhangReference,overhang_ref,12,0.001609,528,-1,1,2.2909426e-14,0.020000158,2.3480018e-07,0.020000158,0.6666719333333334,2.3480018e-06,edge_ring,0.09999976519982001,2.3480018e-07,0.009999841999999998,0.009999842002756599,142,72,0.009999953201316457,12.703257438339882,0.9788564594460855,0.0002749653858357812,0.010309187,-6875706.0,-16710.29685123,0.44396016,-3.7449661866666664,25.487675429739866,-6.805849281225695,119.99836,0.80005258,-1.2139363e-06,1.2653891e-06,0.0,0.0,-3.7449763,1.2653891e-06,0.36419039999999997,128.806005303588,0.807695,112,0.0,-0.006887852752976488,0.00420409666475279,0.014949893451594023,0.010873358211576695
CaseM3m_OverhangReference,overhang_ref,12,0.001609,586,-1,1,0.010000014,8.8913652e-14,0.030000091,0.010000014,0.3333338,0.30000090999999995,interior,0.069999909,0.030000091,0.019999985999999997,0.036055580705467445,153,153,0.009999930000006048,12.935921330909224,0.9967845031173104,0.00015136386877474163,-0.010723521,7177756.0,-19688.84388303,-22.176611,-3.695476999999999,38.827785801703875,-10.506840064680118,119.99845,0.80005193,-1.1446753e-06,1.199627e-06,0.0,0.0,-3.6954873,1.199627e-06,0.36419039999999997,128.806005303588,0.807695,112,0.0,-0.011262751781443146,-0.0022226934193818578,0.016613726466516633,0.011998423625102216
CaseM3m_OverhangReference,overhang_ref,12,0.001609,594,-1,1,0.010000056,0.010000056,1.9901353e-07,0.014142214819690444,0.47140716065634813,1.9901353e-06,bottom_cap_zone,0.09999980098647,1.9901353e-07,0.015857785180309555,0.015857785181558354,157,86,0.009999977986690903,12.879157762261844,0.9924105552459556,0.0002921270859221281,0.007956394,-5307873.5,-16906.72176917,-3.4801104,-0.6000166,21.208555708130753,-35.34661492387169,119.9984,0.80005336,-1.1866929e-06,1.2234958e-06,0.0,0.0,-0.60002661,1.2234958e-06,0.36419039999999997,128.806005303588,0.807695,112,0.0,-0.007731480110212071,0.00521772937524094,0.01589142688749564,0.01129478810976156
CaseM3m_OverhangReference,overhang_ref,12,0.001609,649,-1,1,0.020000158,3.791908e-14,2.3480024e-07,0.020000158,0.6666719333333334,2.3480024e-06,edge_ring,0.09999976519976,2.3480024e-07,0.009999841999999998,0.009999842002756599,142,72,0.009999953201256457,12.70325743833925,0.9788564594460367,0.0002749654276304878,0.010309182,-6875702.5,-16710.29605208,0.44396007,-3.7449661566666665,25.48767547366197,-6.80584934747398,119.99836,0.80005258,-1.2139359e-06,1.2653885e-06,0.0,0.0,-3.744976,1.2653885e-06,0.36419039999999997,128.806005303588,0.807695,112,0.0,-0.006887853817158058,0.004204097231137245,0.014949894361134626,0.010873359345982695
CaseM3m_OverhangReference,overhang_ref,12,0.001609,499,-1,1,-6.4297194e-14,-0.010000025,0.040000021,0.010000025,0.33333416666666665,0.40000020999999997,interior,0.05999997900000001,0.040000021,0.019999975,0.044721367152638185,153,153,0.009999909000008451,12.935927630419966,0.9967849885295609,8.92317134729778e-05,-0.016428512,10986334.0,-19088.29789118,-23.705662,-4.843861,42.85551420664437,-8.847387281890287,120.0,0.80004835,0.0,0.0,0.0,0.0,-4.8438711,0.0,0.36419039999999997,128.806005303588,0.807695,112,0.0,-0.016976506012030174,-0.002894705530297487,0.024841835534097106,0.0175674763007666
CaseM3m_OverhangReference,overhang_ref,12,0.001609,433,-1,1,-0.010000025,-1.2721669e-14,0.040000021,0.010000025,0.33333416666666665,0.40000020999999997,interior,0.05999997900000001,0.040000021,0.019999975,0.044721367152638185,153,153,0.009999909000008451,12.935927630416652,0.9967849885293055,8.923177548978143e-05,-0.016428515,10986336.0,-19088.29815843,-23.705656,-4.843870333333334,42.855519051989056,-8.847371234749344,120.0,0.80004835,0.0,0.0,0.0,0.0,-4.8438802,0.0,0.36419039999999997,128.806005303588,0.807695,112,0.0,-0.016976506174839565,-0.002894706375376235,0.024841836105308216,0.017567476703903396
CaseM3m_OverhangReference,overhang_ref,12,0.001609,521,-1,1,-2.2369215e-14,0.010000025,0.040000021,0.010000025,0.33333416666666665,0.40000020999999997,interior,0.05999997900000001,0.040000021,0.019999975,0.044721367152638185,153,153,0.009999909000008451,12.93592763041258,0.9967849885289918,8.923174175061121e-05,-0.016428517,10986337.0,-19088.29842582,-23.705658,-4.843864333333333,42.85551328119132,-8.847381002452654,120.0,0.80004835,0.0,0.0,0.0,0.0,-4.8438745,0.0,0.36419039999999997,128.806005303588,0.807695,112,0.0,-0.016976506197257147,-0.002894706463131413,0.024841836115487313,0.017567476726749617
CaseM3m_OverhangReference,overhang_ref,12,0.001609,587,-1,1,0.010000025,-2.7143051e-14,0.040000021,0.010000025,0.33333416666666665,0.40000020999999997,interior,0.05999997900000001,0.040000021,0.019999975,0.044721367152638185,153,153,0.009999909000008451,12.935927630415897,0.9967849885292474,8.923168724606199e-05,-0.016428521,10986340.0,-19088.29776232,-23.705658,-4.843867,42.8555171929363,-8.847376939320649,120.0,0.80004835,0.0,0.0,0.0,0.0,-4.8438768,0.0,0.36419039999999997,128.806005303588,0.807695,112,0.0,-0.016976506287155937,-0.00289470599460273,0.024841836114511844,0.017567476716858703
CaseM3m_OverhangReference,overhang_ref,12,0.001609,426,-3,1,-0.01000021,-0.01000021,0.079999141,0.01414243260857905,0.47141442028596836,0.79999141,interior,0.02000085900000001,0.079999141,0.015857567391420947,0.02552443543570236,145,136,0.009999328000336425,12.634207666932202,0.9735357914919205,0.0015646118313851415,-0.022394864,14917874.0,-6143.656841716,-112.88918,55.94555866666667,86.37283232477587,1.543872907577886,119.98923,0.80001217,-7.9706979e-06,2.2765049e-05,0.0,6.0,2300.8049,2.2765049e-05,0.36419039999999997,128.806005303588,0.807695,112,0.0,-0.0689176398535698,0.025684155641743714,0.11202260292607498,0.0797263223237199
CaseM3m_OverhangReference,overhang_ref,12,0.001609,580,-3,1,0.01000021,-0.01000021,0.079999141,0.01414243260857905,0.47141442028596836,0.79999141,interior,0.02000085900000001,0.079999141,0.015857567391420947,0.02552443543570236,145,136,0.009999328000336425,12.63420766692846,0.9735357914916322,0.0015646117337727446,-0.022394866,14917876.0,-6143.657092158,-112.88918,55.94555499999999,86.37283814653294,1.5438731128242977,119.98923,0.80001217,-7.9706979e-06,2.2765042e-05,0.0,6.0,2300.8047,2.2765042e-05,0.36419039999999997,128.806005303588,0.807695,112,0.0,-0.06891763915057524,0.025684155487326832,0.11202260244635609,0.07972632167938641
CaseM3m_OverhangReference,overhang_ref,12,0.001609,448,-3,1,-0.01000021,0.01000021,0.079999141,0.01414243260857905,0.47141442028596836,0.79999141,interior,0.02000085900000001,0.079999141,0.015857567391420947,0.02552443543570236,145,136,0.009999328000336425,12.63420766691286,0.97353579149043,0.0015646118403579508,-0.022394871,14917879.0,-6143.657505523,-112.88917,55.94555033333333,86.37283009662194,1.5438730977172908,119.98923,0.80001217,-7.9706997e-06,2.2765043e-05,0.0,6.0,2300.8037,2.2765043e-05,0.36419039999999997,128.806005303588,0.807695,112,0.0,-0.06891764123375749,0.025684155824037408,0.11202260462436875,0.07972632357767104
CaseM3m_OverhangReference,overhang_ref,12,0.001609,602,-3,1,0.01000021,0.01000021,0.079999141,0.01414243260857905,0.47141442028596836,0.79999141,interior,0.02000085900000001,0.079999141,0.015857567391420947,0.02552443543570236,145,136,0.009999328000336425,12.634207666924082,0.9735357914912948,0.0015646120389475452,-0.022394869,14917878.0,-6143.657709869,-112.88919,55.945564,86.37283936833325,1.5438728862994973,119.98923,0.80001217,-7.9707015e-06,2.2765054e-05,0.0,6.0,2300.8057,2.2765054e-05,0.36419039999999997,128.806005303588,0.807695,112,0.0,-0.06891764303272997,0.02568415569294006,0.11202260569698887,0.07972632471534898
CaseM3m_OverhangReference,overhang_ref,13,0.001709,418,-1,1,-0.010000057,-0.010000057,2.2764223e-07,0.014142216233904006,0.47140720779680023,2.2764223e-06,bottom_cap_zone,0.09999977235777001,2.2764223e-07,0.015857783766095992,0.015857783767729918,157,86,0.0099999653579549,12.879135912693366,0.9924064374617679,0.000278686697659812,0.0049690413,-3315521.3,-17240.05049626,-0.78745192,-3.21283876,21.457900219577816,-6.678797730757524,119.9984,0.80005336,-1.1866935e-06,1.2234965e-06,0.0,0.0,-3.2128487,1.2234965e-06,0.36419039999999997,128.806005303588,0.807695,112,0.0,-0.008477317383888232,0.0032645278583670343,0.01453408907344129,0.010457828453028851
CaseM3m_OverhangReference,overhang_ref,13,0.001709,484,-1,1,-7.4026411e-14,-0.020000163,2.6090635e-07,0.020000163,0.6666721000000001,2.6090635e-06,edge_ring,0.09999973909365001,2.6090635e-07,0.009999836999999998,0.009999837003403659,142,72,0.00999993609516381,12.703233159290688,0.9788521877025105,0.00025231903585341375,0.0079197986,-5281249.5,-17241.24987456,3.3341429,-6.656408366666667,25.87703187900969,-3.887536709525552,119.99836,0.80005258,-1.2139374e-06,1.2653901e-06,0.0,0.0,-6.6564183,1.2653901e-06,0.36419039999999997,128.806005303588,0.807695,112,0.0,-0.007281204857123213,0.002291521826887415,0.013667496325316846,0.010216800088492935
CaseM3m_OverhangReference,overhang_ref,13,0.001709,495,-1,1,-1.8206372e-14,-0.010000031,2.1372632e-07,0.010000031,0.33333436666666666,2.1372631999999998e-06,bottom_cap_zone,0.09999978627368,2.1372632e-07,0.019999969,0.01999996900114197,160,91,0.0099999772736898,12.961128231111454,0.9987243849678835,0.00029428017889158715,0.0028574772,-1909327.1,-17154.69230799,-3.2168422,-0.8566833666666667,16.01597901827727,-18.69533090223876,119.99904,0.80005366,-7.1013847e-07,7.2283763e-07,0.0,0.0,-0.85669339,7.2283763e-07,0.36419039999999997,128.806005303588,0.807695,112,0.0,-0.009547727384994922,0.005194641784415347,0.01752604436970794,0.012500807758471663
CaseM3m_OverhangReference,overhang_ref,13,0.001709,498,-1,1,-1.3273169e-13,-0.010000003,0.0300001,0.010000003,0.3333334333333334,0.30000099999999996,interior,0.0699999,0.0300001,0.019999997,0.036055594295615334,153,153,0.00999991800000845,12.935944871468216,0.9967838721573749,0.00015349832301849006,-0.017511016,11703294.0,-18512.24348918,-25.704742,-0.761336,39.71791709138653,-52.1687101245528,119.99845,0.80005193,-1.1446766e-06,1.1996284e-06,0.0,0.0,-0.76134598,1.1996284e-06,0.36419039999999997,128.806005303588,0.807695,112,0.0,-0.012018578531401099,-0.004777877145268596,0.019564258050624887,0.014068630035563376
CaseM3m_OverhangReference,overhang_ref,13,0.001709,572,-1,1,0.010000057,-0.010000057,2.2764243e-07,0.014142216233904006,0.47140720779680023,2.2764243e-06,bottom_cap_zone,0.09999977235757,2.2764243e-07,0.015857783766095992,0.01585778376772992,157,86,0.0099999653577549,12.879135912686026,0.9924064374612023,0.0002786868762906652,0.0049690348,-3315516.8,-17240.04838161,-0.78745228,-3.212838806666667,21.457899428313464,-6.67879738746561,119.9984,0.80005336,-1.1866938e-06,1.2234967e-06,0.0,0.0,-3.2128489,1.2234967e-06,0.36419039999999997,128.806005303588,0.807695,112,0.0,-0.0084773254637312,0.00326452690640568,0.014534097460419587,0.010457834577336449
CaseM3m_OverhangReference,overhang_ref,13,0.001709,363,-1,1,-0.020000163,-1.0989064e-13,2.609064e-07,0.020000163,0.6666721000000001,2.6090639999999996e-06,edge_ring,0.0999997390936,2.609064e-07,0.009999836999999998,0.009999837003403659,142,72,0.00999993609511381,12.703233159287668,0.9788521877022778,0.0002523191429915553,0.0079197958,-5281247.5,-17241.24993909,3.3341377,-6.656406666666666,25.877039714409687,-3.887538879496999,119.99836,0.80005258,-1.2139378e-06,1.2653906e-06,0.0,0.0,-6.6564164,1.2653906e-06,0.36419039999999997,128.806005303588,0.807695,112,0.0,-0.007281209589768485,0.0022915213426175627,0.01366749939610089,0.010216802542242553
CaseM3m_OverhangReference,overhang_ref,13,0.001709,429,-1,1,-0.010000031,-1.6867367e-14,2.1372632e-07,0.010000031,0.33333436666666666,2.1372631999999998e-06,bottom_cap_zone,0.09999978627368,2.1372632e-07,0.019999969,0.01999996900114197,160,91,0.0099999772736898,12.961128231107928,0.9987243849676118,0.00029428020871332473,0.0028574762,-1909326.5,-17154.69266463,-3.2168429,-0.8566826666666668,16.01598334381818,-18.69535122746911,119.99904,0.80005366,-7.1013841e-07,7.2283757e-07,0.0,0.0,-0.85669267,7.2283757e-07,0.36419039999999997,128.806005303588,0.807695,112,0.0,-0.009547729045155284,0.005194641798578737,0.017526045896152646,0.012500808778586283
CaseM3m_OverhangReference,overhang_ref,13,0.001709,432,-1,1,-0.010000003,-2.0063795e-14,0.0300001,0.010000003,0.3333334333333334,0.30000099999999996,interior,0.0699999,0.0300001,0.019999997,0.036055594295615334,153,153,0.00999991800000845,12.93594487147199,0.9967838721576657,0.00015349831125677604,-0.017511016,11703294.0,-18512.24329887,-25.704741,-0.7613353333333338,39.71791456714333,-52.16875249076838,119.99845,0.80005193,-1.1446774e-06,1.1996292e-06,0.0,0.0,-0.76134539,1.1996292e-06,0.36419039999999997,128.806005303588,0.807695,112,0.0,-0.012018578630905215,-0.004777876976361207,0.019564258067850514,0.014068630094864424
CaseM3m_OverhangReference,overhang_ref,13,0.001709,440,-1,1,-0.010000057,0.010000057,2.2764225e-07,0.014142216233904006,0.47140720779680023,2.2764225e-06,bottom_cap_zone,0.09999977235775001,2.2764225e-07,0.015857783766095992,0.01585778376772992,157,86,0.0099999653579349,12.879135912680754,0.992406437460796,0.00027868681618525983,0.0049690353,-3315517.3,-17240.0500826,-0.78745008,-3.2128395400000005,21.45789856243242,-6.6787955935180054,119.9984,0.80005336,-1.186695e-06,1.223498e-06,0.0,0.0,-3.2128496,1.223498e-06,0.36419039999999997,128.806005303588,0.807695,112,0.0,-0.008477322937822258,0.0032645270038683056,0.014534094613721503,0.010457832355643888
CaseM3m_OverhangReference,overhang_ref,13,0.001709,517,-1,1,-6.2133804e-14,0.010000031,2.1372655e-07,0.010000031,0.33333436666666666,2.1372655e-06,bottom_cap_zone,0.09999978627345,2.1372655e-07,0.019999969,0.019999969001141978,160,91,0.0099999772734598,12.96112823111089,0.9987243849678401,0.00029428029102518177,0.0028574739,-1909324.9,-17154.69187392,-3.216841,-0.8566831666666667,16.015979163592238,-18.695335436448488,119.99904,0.80005366,-7.1013773e-07,7.2283683e-07,0.0,0.0,-0.85669315,7.2283683e-07,0.36419039999999997,128.806005303588,0.807695,112,0.0,-0.00954773307942316,0.005194641931074929,0.017526050702694723,0.012500812602666217
CaseM3m_OverhangReference,overhang_ref,13,0.001709,520,-1,1,-2.3988712e-15,0.010000003,0.0300001,0.010000003,0.3333334333333334,0.30000099999999996,interior,0.0699999,0.0300001,0.019999997,0.036055594295615334,153,153,0.00999991800000845,12.935944871467528,0.9967838721573219,0.00015349825994124007,-0.017511021,11703298.0,-18512.24334341,-25.704739,-0.7613339999999992,39.71790981016158,-52.168837606308955,119.99845,0.80005193,-1.1446715e-06,1.1996229e-06,0.0,0.0,-0.76134443,1.1996229e-06,0.36419039999999997,128.806005303588,0.807695,112,0.0,-0.012018579002587073,-0.004777877716034362,0.01956425909909865,0.014068630543676632
CaseM3m_OverhangReference,overhang_ref,13,0.001709,528,-1,1,2.355785e-14,0.020000163,2.6090615e-07,0.020000163,0.6666721000000001,2.6090615e-06,edge_ring,0.09999973909385,2.6090615e-07,0.009999836999999998,0.009999837003403653,142,72,0.00999993609536381,12.70323315929673,0.978852187702976,0.00025231897111705284,0.0079197995,-5281250.0,-17241.25169418,3.3341386,-6.656406966666666,25.877034442901614,-3.887537912343132,119.99836,0.80005258,-1.2139363e-06,1.2653891e-06,0.0,0.0,-6.6564169,1.2653891e-06,0.36419039999999997,128.806005303588,0.807695,112,0.0,-0.00728120244285152,0.00229152064157894,0.013667493720213243,0.0102167977554894
CaseM3m_OverhangReference,overhang_ref,13,0.001709,583,-1,1,0.010000031,2.7983671e-14,2.1372659e-07,0.010000031,0.33333436666666666,2.1372659e-06,bottom_cap_zone,0.09999978627341001,2.1372659e-07,0.019999969,0.019999969001141978,160,91,0.009999977273419799,12.961128231114584,0.9987243849681248,0.00029428029604221007,0.0028574732,-1909324.5,-17154.69155565,-3.2168429,-0.8566831333333332,16.01597870067539,-18.69533562351999,119.99904,0.80005366,-7.1013915e-07,7.2283831e-07,0.0,0.0,-0.85669315,7.2283831e-07,0.36419039999999997,128.806005303588,0.807695,112,0.0,-0.009547732852805014,0.005194642456140295,0.0175260504174752,0.012500813018057593
CaseM3m_OverhangReference,overhang_ref,13,0.001709,586,-1,1,0.010000003,9.3189474e-14,0.0300001,0.010000003,0.3333334333333334,0.30000099999999996,interior,0.0699999,0.0300001,0.019999997,0.036055594295615334,153,153,0.00999991800000845,12.935944871463901,0.9967838721570423,0.00015349822730198636,-0.017511021,11703298.0,-18512.24312533,-25.704739,-0.7613356666666663,39.717912252766205,-52.168726609987914,119.99845,0.80005193,-1.1446753e-06,1.199627e-06,0.0,0.0,-0.76134598,1.199627e-06,0.36419039999999997,128.806005303588,0.807695,112,0.0,-0.012018578965891175,-0.004777877240226082,0.019564258712754315,0.01406863033578572
CaseM3m_OverhangReference,overhang_ref,13,0.001709,594,-1,1,0.010000057,0.010000057,2.2764218e-07,0.014142216233904006,0.47140720779680023,2.2764218e-06,bottom_cap_zone,0.09999977235782001,2.2764218e-07,0.015857783766095992,0.015857783767729918,157,86,0.0099999653580049,12.87913591269702,0.9924064374620495,0.00027868681538940063,0.0049690362,-3315517.8,-17240.05009225,-0.78745204,-3.212839186666667,21.45789962288608,-6.678796658088803,119.9984,0.80005336,-1.1866929e-06,1.2234958e-06,0.0,0.0,-3.2128491,1.2234958e-06,0.36419039999999997,128.806005303588,0.807695,112,0.0,-0.008477323243869808,0.003264526379325855,0.014534094799073112,0.010457832336493573
CaseM3m_OverhangReference,overhang_ref,13,0.001709,649,-1,1,0.020000163,4.0246662e-14,2.6090621e-07,0.020000163,0.6666721000000001,2.6090621e-06,edge_ring,0.09999973909379001,2.6090621e-07,0.009999836999999998,0.009999837003403655,142,72,0.009999936095303811,12.703233159296099,0.9788521877029274,0.0002523190071126033,0.0079197986,-5281249.5,-17241.25084477,3.3341379,-6.6564060666666665,25.8770344386749,-3.887538437334753,119.99836,0.80005258,-1.2139359e-06,1.2653885e-06,0.0,0.0,-6.6564159,1.2653885e-06,0.36419039999999997,128.806005303588,0.807695,112,0.0,-0.00728120343077125,0.002291521150528668,0.013667494526751736,0.010216799025297691
CaseM3m_OverhangReference,overhang_ref,13,0.001709,499,-1,1,-6.7278885e-14,-0.010000016,0.040000018,0.010000016,0.3333338666666667,0.40000018,interior,0.05999998200000001,0.040000018,0.019999984,0.04472136849427329,153,153,0.0099998860000128,12.935959386010087,0.996784990580605,0.00012959959992548336,-0.023810355,15908391.0,-17488.93462584,-29.197983,-0.8542046666666678,45.12303221286565,-52.8246144907492,120.0,0.80004835,0.0,0.0,0.0,0.0,-0.85421449,0.0,0.36419039999999997,128.806005303588,0.807695,112,0.0,-0.018209036959114147,-0.00524736311699279,0.0279748986291388,0.019785415282686694
CaseM3m_OverhangReference,overhang_ref,13,0.001709,433,-1,1,-0.010000016,-1.0712135e-14,0.040000018,0.010000016,0.3333338666666667,0.40000018,interior,0.05999998200000001,0.040000018,0.019999984,0.04472136849427329,153,153,0.0099998860000128,12.935959386007212,0.9967849905803835,0.00012959965705212117,-0.023810361,15908394.0,-17488.93459149,-29.197977,-0.8542126666666666,45.12303499226325,-52.824123023536586,120.0,0.80004835,0.0,0.0,0.0,0.0,-0.85422277,0.0,0.36419039999999997,128.806005303588,0.807695,112,0.0,-0.018209037248279974,-0.00524736385019693,0.027974899489304705,0.01978541589172113
CaseM3m_OverhangReference,overhang_ref,13,0.001709,521,-1,1,-2.3463653e-14,0.010000016,0.040000018,0.010000016,0.3333338666666667,0.40000018,interior,0.05999998200000001,0.040000018,0.019999984,0.04472136849427329,153,153,0.0099998860000128,12.935959386003685,0.9967849905801117,0.00012959961661340974,-0.02381037,15908400.0,-17488.93425567,-29.197979,-0.8542069999999988,45.12302972909367,-52.82446728848363,120.0,0.80004835,0.0,0.0,0.0,0.0,-0.85421705,0.0,0.36419039999999997,128.806005303588,0.807695,112,0.0,-0.018209037174882314,-0.005247363764300305,0.027974899304052486,0.019785415778791043
CaseM3m_OverhangReference,overhang_ref,13,0.001709,587,-1,1,0.010000016,-2.6674084e-14,0.040000018,0.010000016,0.3333338666666667,0.40000018,interior,0.05999998200000001,0.040000018,0.019999984,0.04472136849427329,153,153,0.0099998860000128,12.93595938600656,0.9967849905803333,0.0001295995961063374,-0.023810364,15908397.0,-17488.93389377,-29.197979,-0.8542093333333334,45.123033154140295,-52.82432700431779,120.0,0.80004835,0.0,0.0,0.0,0.0,-0.85421956,0.0,0.36419039999999997,128.806005303588,0.807695,112,0.0,-0.018209037138431385,-0.005247363463181874,0.02797489907457759,0.019785415608448084
CaseM3m_OverhangReference,overhang_ref,13,0.001709,349,-3,1,-0.020000529,-0.020000529,0.079999112,0.028285019366436397,0.9428339788812132,0.79999112,lateral_surface,0.02000088800000001,0.079999112,0.0017149806335636023,0.02007427904962075,97,88,0.009999096100409475,8.030848846175532,0.6188199384845454,0.001620557057811027,-0.04552488,30301936.0,2012.936350893,-128.68292,80.45419333333332,80.60155640375598,1.0018316394002251,120.00224,0.79997265,1.6591723e-06,8.193434e-06,0.0,8.0,1914.8097,8.193434e-06,0.36419039999999997,128.806005303588,0.807695,112,0.0,-0.07030514645632828,0.013850039116517585,0.11390245014414861,0.08124242353387785
CaseM3m_OverhangReference,overhang_ref,13,0.001709,635,-3,1,0.020000529,-0.020000529,0.079999112,0.028285019366436397,0.9428339788812132,0.79999112,lateral_surface,0.02000088800000001,0.079999112,0.0017149806335636023,0.02007427904962075,97,88,0.009999096100409475,8.030848846181485,0.6188199384850042,0.0016205569597097054,-0.045524877,30301934.0,2012.935536312,-128.68291,80.45418533333333,80.60155290824498,1.0018316955706044,120.00224,0.79997265,1.6591715e-06,8.1934377e-06,0.0,8.0,1914.8079,8.1934377e-06,0.36419039999999997,128.806005303588,0.807695,112,0.0,-0.07030514601273459,0.013850038300590369,0.1139024506734581,0.08124242351175646
CaseM3m_OverhangReference,overhang_ref,13,0.001709,393,-3,1,-0.020000529,0.020000529,0.079999112,0.028285019366436397,0.9428339788812132,0.79999112,lateral_surface,0.02000088800000001,0.079999112,0.0017149806335636023,0.02007427904962075,97,88,0.009999096100409475,8.030848846173253,0.6188199384843699,0.001620556953923624,-0.045524877,30301934.0,2012.935384507,-128.68291,80.45418633333333,80.60155156193568,1.0018316663845408,120.00224,0.79997265,1.6591715e-06,8.1934377e-06,0.0,8.0,1914.8076,8.1934377e-06,0.36419039999999997,128.806005303588,0.807695,112,0.0,-0.07030514777826433,0.013850037434396242,0.11390245349961094,0.08124242528510231
CaseM3m_OverhangReference,overhang_ref,13,0.001709,679,-3,1,0.020000529,0.020000529,0.079999112,0.028285019366436397,0.9428339788812132,0.79999112,lateral_surface,0.02000088800000001,0.079999112,0.0017149806335636023,0.02007427904962075,97,88,0.009999096100409475,8.030848846183833,0.6188199384851851,0.0016205568384640543,-0.045524884,30301938.0,2012.93454762,-128.68289,80.45417199999999,80.60154689588398,1.0018317868697226,120.00224,0.79997265,1.6591684e-06,8.1934313e-06,0.0,8.0,1914.8068,8.1934313e-06,0.36419039999999997,128.806005303588,0.807695,112,0.0,-0.07030514685153562,0.013850033447050509,0.11390245318482252,0.08124242457777395
CaseM3m_OverhangReference,overhang_ref,14,0.00181,418,-1,1,-0.010000057,-0.010000057,2.5444564e-07,0.014142216233904006,0.47140720779680023,2.5444564e-06,bottom_cap_zone,0.09999974555436,2.5444564e-07,0.015857783766095992,0.015857783768137342,157,86,0.0099999525545121,12.879119376117472,0.9938229449005822,0.00025499807437679204,0.0020545812,-1371831.5,-17377.96810545,1.2845048,-5.236728666666667,21.552287444799997,-4.115601326069595,119.9984,0.80005336,-1.1866935e-06,1.2234965e-06,0.0,0.0,-5.2367387,1.2234965e-06,0.36419039999999997,128.806005303588,0.807695,112,0.0,-0.009055094370653933,0.0013970258104969398,0.014026643537701573,0.010225038862509637
CaseM3m_OverhangReference,overhang_ref,14,0.00181,484,-1,1,-7.9050244e-14,-0.020000163,2.8474042e-07,0.020000163,0.6666721000000001,2.8474041999999996e-06,edge_ring,0.09999971525958,2.8474042e-07,0.009999836999999998,0.009999837004053918,142,72,0.009999917261093812,12.703213261326164,0.9802490717247425,0.00022356893113323415,0.0055862353,-3724003.5,-17615.64400339,5.6664038,-9.067608266666667,26.071841051703952,-2.8752720987679137,119.99836,0.80005258,-1.2139374e-06,1.2653901e-06,0.0,0.0,-9.0676184,1.2653901e-06,0.36419039999999997,128.806005303588,0.807695,112,0.0,-0.007603944891093761,0.0004636140892545356,0.013184866662468053,0.010084893365506904
CaseM3m_OverhangReference,overhang_ref,14,0.00181,495,-1,1,-2.0038931e-14,-0.010000032,2.4216121e-07,0.010000032,0.33333440000000003,2.4216120999999997e-06,bottom_cap_zone,0.09999975783879,2.4216121e-07,0.019999968,0.019999968001466053,160,91,0.009999964838812051,12.961114200593384,1.0001501118090872,0.00027161170229545486,-0.00034101668,222863.61,-17132.28662902,-1.3375711,-2.5793454666666666,15.908824840502135,-6.1677759129572465,119.99904,0.80005366,-7.1013847e-07,7.2283763e-07,0.0,0.0,-2.5793555,7.2283763e-07,0.36419039999999997,128.806005303588,0.807695,112,0.0,-0.010315011085409435,0.0032462455280454633,0.016466988715166078,0.011848181853523196
CaseM3m_OverhangReference,overhang_ref,14,0.00181,572,-1,1,0.010000057,-0.010000057,2.5444587e-07,0.014142216233904006,0.47140720779680023,2.5444587e-06,bottom_cap_zone,0.09999974555413,2.5444587e-07,0.015857783766095992,0.015857783768137346,157,86,0.0099999525542821,12.879119376109417,0.9938229448999605,0.0002549982154398619,0.0020545761,-1371828.1,-17377.96565149,1.2845044,-5.236728966666667,21.552286665344468,-4.115600941452415,119.9984,0.80005336,-1.1866938e-06,1.2234967e-06,0.0,0.0,-5.2367392,1.2234967e-06,0.36419039999999997,128.806005303588,0.807695,112,0.0,-0.009055100485089729,0.001397025105254631,0.014026650891457524,0.010225044324002662
CaseM3m_OverhangReference,overhang_ref,14,0.00181,363,-1,1,-0.020000163,-1.1507897e-13,2.8474051e-07,0.020000163,0.6666721000000001,2.8474051e-06,edge_ring,0.09999971525949,2.8474051e-07,0.009999836999999998,0.009999837004053921,142,72,0.009999917261003811,12.703213261321842,0.980249071724409,0.0002235690513397628,0.0055862288,-3723999.3,-17615.64364064,5.6664,-9.067607333333333,26.071848758746086,-2.8752732446743305,119.99836,0.80005258,-1.2139378e-06,1.2653906e-06,0.0,0.0,-9.0676174,1.2653906e-06,0.36419039999999997,128.806005303588,0.807695,112,0.0,-0.007603950068919371,0.0004636136171046522,0.013184870705017693,0.010084896515989933
CaseM3m_OverhangReference,overhang_ref,14,0.00181,429,-1,1,-0.010000032,-1.7219892e-14,2.4216121e-07,0.010000032,0.33333440000000003,2.4216120999999997e-06,bottom_cap_zone,0.09999975783879,2.4216121e-07,0.019999968,0.019999968001466053,160,91,0.009999964838812051,12.961114200589893,1.0001501118088179,0.00027161173231082396,-0.00034101907,222865.2,-17132.28682544,-1.3375722,-2.5793443333333332,15.908829291213207,-6.167780348525216,119.99904,0.80005366,-7.1013841e-07,7.2283757e-07,0.0,0.0,-2.5793543,7.2283757e-07,0.36419039999999997,128.806005303588,0.807695,112,0.0,-0.010315012659866953,0.003246245488219686,0.016466990372249753,0.011848182869471658
CaseM3m_OverhangReference,overhang_ref,14,0.00181,440,-1,1,-0.010000057,0.010000057,2.5444567e-07,0.014142216233904006,0.47140720779680023,2.5444567e-06,bottom_cap_zone,0.09999974555433,2.5444567e-07,0.015857783766095992,0.015857783768137342,157,86,0.0099999525544821,12.879119376104565,0.9938229448995862,0.00025499815555346024,0.002054577,-1371828.8,-17377.96741532,1.2845073,-5.236729933333334,21.55228559753805,-4.115599977831849,119.9984,0.80005336,-1.186695e-06,1.223498e-06,0.0,0.0,-5.2367401,1.223498e-06,0.36419039999999997,128.806005303588,0.807695,112,0.0,-0.009055097770324306,0.0013970252848199772,0.014026647444896819,0.010225041685467767
CaseM3m_OverhangReference,overhang_ref,14,0.00181,517,-1,1,-6.7493706e-14,0.010000032,2.4216143e-07,0.010000032,0.33333440000000003,2.4216142999999996e-06,bottom_cap_zone,0.09999975783857,2.4216143e-07,0.019999968,0.019999968001466056,160,91,0.00999996483859205,12.961114200593133,1.0001501118090679,0.00027161181223001025,-0.00034102169,222866.95,-17132.28585879,-1.3375707,-2.5793447333333335,15.90882524425788,-6.167777823051446,119.99904,0.80005366,-7.1013773e-07,7.2283683e-07,0.0,0.0,-2.5793548,7.2283683e-07,0.36419039999999997,128.806005303588,0.807695,112,0.0,-0.010315016356480695,0.0032462458142865826,0.016466995511237963,0.0118481872208914
CaseM3m_OverhangReference,overhang_ref,14,0.00181,528,-1,1,2.4077194e-14,0.020000163,2.8474022e-07,0.020000163,0.6666721000000001,2.8474022e-06,edge_ring,0.09999971525978,2.8474022e-07,0.009999836999999998,0.009999837004053913,142,72,0.009999917261293812,12.703213261332357,0.9802490717252204,0.00022356889139423528,0.0055862358,-3724004.0,-17615.64587328,5.6663995,-9.067607166666667,26.071843763053984,-2.875272746584833,119.99836,0.80005258,-1.2139363e-06,1.2653891e-06,0.0,0.0,-9.0676174,1.2653891e-06,0.36419039999999997,128.806005303588,0.807695,112,0.0,-0.007603942788898908,0.0004636132647298783,0.013184864674622253,0.010084891744961482
CaseM3m_OverhangReference,overhang_ref,14,0.00181,583,-1,1,0.010000032,2.8855587e-14,2.4216149e-07,0.010000032,0.33333440000000003,2.4216148999999997e-06,bottom_cap_zone,0.09999975783851,2.4216149e-07,0.019999968,0.019999968001466056,160,91,0.009999964838532051,12.961114200596883,1.0001501118093572,0.0002716118121101319,-0.00034102204,222867.19,-17132.28551696,-1.3375719,-2.5793451333333333,15.908824637430422,-6.167776631299886,119.99904,0.80005366,-7.1013915e-07,7.2283831e-07,0.0,0.0,-2.5793552,7.2283831e-07,0.36419039999999997,128.806005303588,0.807695,112,0.0,-0.01031501630839672,0.0032462462438395383,0.016466995307715875,0.01184818783332137
CaseM3m_OverhangReference,overhang_ref,14,0.00181,594,-1,1,0.010000057,0.010000057,2.5444558e-07,0.014142216233904006,0.47140720779680023,2.5444558e-06,bottom_cap_zone,0.09999974555442001,2.5444558e-07,0.015857783766095992,0.015857783768137342,157,86,0.009999952554572101,12.87911937612153,0.9938229449008952,0.00025499815694632387,0.0020545768,-1371828.6,-17377.9674124,1.2845058,-5.236729766666667,21.55228680243905,-4.115600338903437,119.9984,0.80005336,-1.1866929e-06,1.2234958e-06,0.0,0.0,-5.2367396,1.2234958e-06,0.36419039999999997,128.806005303588,0.807695,112,0.0,-0.009055097870098982,0.0013970246770832334,0.014026647835747945,0.010225041791818962
CaseM3m_OverhangReference,overhang_ref,14,0.00181,649,-1,1,0.020000163,4.2489544e-14,2.8474031e-07,0.020000163,0.6666721000000001,2.8474031e-06,edge_ring,0.09999971525969001,2.8474031e-07,0.009999836999999998,0.009999837004053914,142,72,0.00999991726120381,12.703213261330719,0.9802490717250939,0.00022356892098258563,0.0055862325,-3724001.8,-17615.64479766,5.666399,-9.067606,26.0718436416001,-2.875273103132194,119.99836,0.80005258,-1.2139359e-06,1.2653885e-06,0.0,0.0,-9.0676155,1.2653885e-06,0.36419039999999997,128.806005303588,0.807695,112,0.0,-0.007603944071679818,0.0004636136155232735,0.013184865661002326,0.01008489308454028
CaseM3m_OverhangReference,overhang_ref,15,0.00191,418,-1,1,-0.010000055,-0.010000055,2.7831734e-07,0.014142213405476884,0.47140711351589615,2.7831734e-06,bottom_cap_zone,0.09999972168266001,2.7831734e-07,0.015857786594523117,0.015857786596965465,157,86,0.009999936682768901,12.87910747689574,0.9943656909916891,0.00022295980689441256,-0.00076847099,510846.0,-17326.61021944,2.6456957,-6.6170149,21.549774508623123,-3.256721472491036,119.9984,0.80005336,-1.1866935e-06,1.2234965e-06,0.0,0.0,-6.6170249,1.2234965e-06,0.36419039999999997,128.806005303588,0.807695,112,0.0,-0.009453552958109663,-0.00032105870915454963,0.014247715624426812,0.010487504035642919
CaseM3m_OverhangReference,overhang_ref,15,0.00191,484,-1,1,-8.4097836e-14,-0.020000162,3.0544294e-07,0.020000162,0.6666720666666667,3.0544294e-06,edge_ring,0.09999969455706001,3.0544294e-07,0.009999838,0.009999838004664844,142,72,0.009999896558522065,12.703197304875927,0.9807840790619229,0.00019133910058322413,0.0033197708,-2211493.8,-17837.97645569,7.3714113,-10.937011766666666,26.130665671991526,-2.3891960829402596,119.99836,0.80005258,-1.2139374e-06,1.2653901e-06,0.0,0.0,-10.937022,1.2653901e-06,0.36419039999999997,128.806005303588,0.807695,112,0.0,-0.007838466740172672,-0.001212257104451376,0.013412370813071681,0.010384278055244934
CaseM3m_OverhangReference,overhang_ref,15,0.00191,495,-1,1,-2.1564293e-14,-0.010000031,2.6775092e-07,0.010000031,0.33333436666666666,2.6775091999999997e-06,bottom_cap_zone,0.09999973224908,2.6775092e-07,0.019999969,0.019999969001792264,160,91,0.0099999522491192,12.961105385824839,1.0006965572817972,0.00023778910459811795,-0.0034585833,2301012.3,-16900.95443723,-0.21197271,-3.6049019633333335,15.734219030440126,-4.364673211776116,119.99904,0.80005366,-7.1013847e-07,7.2283763e-07,0.0,0.0,-3.604912,7.2283763e-07,0.36419039999999997,128.806005303588,0.807695,112,0.0,-0.010848290459416049,0.0014203503648606642,0.01608828568180015,0.011675569096699043
CaseM3m_OverhangReference,overhang_ref,15,0.00191,572,-1,1,0.010000055,-0.010000055,2.7831757e-07,0.014142213405476884,0.47140711351589615,2.7831757e-06,bottom_cap_zone,0.09999972168243,2.7831757e-07,0.015857786594523117,0.015857786596965472,157,86,0.009999936682538901,12.87910747688722,0.9943656909910313,0.00022295993872153275,-0.00076847471,510848.47,-17326.60751728,2.645695,-6.617015266666667,21.549773811535204,-3.2567211866795254,119.9984,0.80005336,-1.1866938e-06,1.2234967e-06,0.0,0.0,-6.6170254,1.2234967e-06,0.36419039999999997,128.806005303588,0.807695,112,0.0,-0.009453558612689393,-0.0003210593761466509,0.014247722961845299,0.010487509447994184
CaseM3m_OverhangReference,overhang_ref,15,0.00191,363,-1,1,-0.020000162,-1.1977545e-13,3.0544305e-07,0.020000162,0.6666720666666667,3.0544305e-06,edge_ring,0.09999969455695,3.0544305e-07,0.009999838,0.009999838004664849,142,72,0.009999896558412064,12.703197304870969,0.9807840790615401,0.00019133921203091158,0.0033197636,-2211489.0,-17837.97561541,7.371407,-10.937011,26.13067360672383,-2.3891969759126903,119.99836,0.80005258,-1.2139378e-06,1.2653906e-06,0.0,0.0,-10.937021,1.2653906e-06,0.36419039999999997,128.806005303588,0.807695,112,0.0,-0.007838471409142664,-0.0012122573771132278,0.013412374789979083,0.010384281079736754
CaseM3m_OverhangReference,overhang_ref,15,0.00191,429,-1,1,-0.010000031,-1.7294299e-14,2.6775092e-07,0.010000031,0.33333436666666666,2.6775091999999997e-06,bottom_cap_zone,0.09999973224908,2.6775092e-07,0.019999969,0.019999969001792264,160,91,0.0099999522491192,12.96110538582142,1.0006965572815332,0.00023778913524090178,-0.0034585842,2301012.8,-16900.95458337,-0.21197349,-3.6049009033333337,15.734223493868775,-4.3646757333384265,119.99904,0.80005366,-7.1013841e-07,7.2283757e-07,0.0,0.0,-3.6049109,7.2283757e-07,0.36419039999999997,128.806005303588,0.807695,112,0.0,-0.010848291967808893,0.001420350455296892,0.016088287496903754,0.011675570194078284
CaseM3m_OverhangReference,overhang_ref,15,0.00191,440,-1,1,-0.010000055,0.010000055,2.7831737e-07,0.014142213405476884,0.47140711351589615,2.7831736999999998e-06,bottom_cap_zone,0.09999972168263001,2.7831737e-07,0.015857786594523117,0.01585778659696547,157,86,0.009999936682738901,12.879107476882702,0.9943656909906825,0.00022295988987832446,-0.0007684736,510847.75,-17326.60935337,2.6456978,-6.617016200000001,21.54977282871986,-3.2567205787889497,119.9984,0.80005336,-1.186695e-06,1.223498e-06,0.0,0.0,-6.6170263,1.223498e-06,0.36419039999999997,128.806005303588,0.807695,112,0.0,-0.009453556328515033,-0.00032105917530347,0.014247719859922408,0.010487507047188177
CaseM3m_OverhangReference,overhang_ref,15,0.00191,517,-1,1,-7.2365399e-14,0.010000031,2.6775115e-07,0.010000031,0.33333436666666666,2.6775114999999996e-06,bottom_cap_zone,0.09999973224885,2.6775115e-07,0.019999969,0.01999996900179227,160,91,0.0099999522488892,12.961105385825018,1.000696557281811,0.00023778920156398287,-0.003458587,2301014.8,-16900.95341566,-0.21197145,-3.6049015833333335,15.734219180104835,-4.36467371338219,119.99904,0.80005366,-7.1013773e-07,7.2283683e-07,0.0,0.0,-3.6049116,7.2283683e-07,0.36419039999999997,128.806005303588,0.807695,112,0.0,-0.010848295192243826,0.0014203507338672928,0.016088292168078805,0.011675574257783056
CaseM3m_OverhangReference,overhang_ref,15,0.00191,528,-1,1,2.4525808e-14,0.020000162,3.0544277e-07,0.020000162,0.6666720666666667,3.0544277e-06,edge_ring,0.09999969455723001,3.0544277e-07,0.009999838,0.00999983800466484,142,72,0.009999896558692064,12.703197304881293,0.9807840790623372,0.00019133905333613632,0.0033197703,-2211493.5,-17837.97830045,7.3714061,-10.937010366666668,26.130668569909524,-2.389196653735413,119.99836,0.80005258,-1.2139363e-06,1.2653891e-06,0.0,0.0,-10.93702,1.2653891e-06,0.36419039999999997,128.806005303588,0.807695,112,0.0,-0.007838464074323329,-0.0012122574964706077,0.013412368356895318,0.010384276145892145
CaseM3m_OverhangReference,overhang_ref,15,0.00191,583,-1,1,0.010000031,2.9752456e-14,2.677512e-07,0.010000031,0.33333436666666666,2.677512e-06,bottom_cap_zone,0.0999997322488,2.677512e-07,0.019999969,0.01999996900179227,160,91,0.0099999522488392,12.961105385828654,1.0006965572820916,0.0002377892157453466,-0.0034585875,2301015.0,-16900.9530487,-0.21197343,-3.6049016566666663,15.734219055363164,-4.364673589989714,119.99904,0.80005366,-7.1013915e-07,7.2283831e-07,0.0,0.0,-3.6049116,7.2283831e-07,0.36419039999999997,128.806005303588,0.807695,112,0.0,-0.010848296161328779,0.001420351137537337,0.01608829327473476,0.011675575897518007
CaseM3m_OverhangReference,overhang_ref,15,0.00191,594,-1,1,0.010000055,0.010000055,2.7831732e-07,0.014142213405476884,0.47140711351589615,2.7831731999999997e-06,bottom_cap_zone,0.09999972168268001,2.7831732e-07,0.015857786594523117,0.015857786596965465,157,86,0.009999936682788901,12.87910747689978,0.994365690992001,0.00022295989372417667,-0.00076847378,510847.88,-17326.60933788,2.6456957,-6.617015500000001,21.549774024312722,-3.2567211039951047,119.9984,0.80005336,-1.1866929e-06,1.2234958e-06,0.0,0.0,-6.6170254,1.2234958e-06,0.36419039999999997,128.806005303588,0.807695,112,0.0,-0.00945355642928303,-0.00032105970917451507,0.014247720552971327,0.010487507360737247
CaseM3m_OverhangReference,overhang_ref,15,0.00191,649,-1,1,0.020000162,4.4797912e-14,3.0544282e-07,0.020000162,0.6666720666666667,3.0544282e-06,edge_ring,0.09999969455718001,3.0544282e-07,0.009999838,0.009999838004664842,142,72,0.009999896558642064,12.703197304880952,0.9807840790623109,0.00019133907574511743,0.0033197692,-2211492.8,-17837.97714943,7.3714061,-10.937009366666667,26.13066837547245,-2.389196854408148,119.99836,0.80005258,-1.2139359e-06,1.2653885e-06,0.0,0.0,-10.937019,1.2653885e-06,0.36419039999999997,128.806005303588,0.807695,112,0.0,-0.007838465429173203,-0.0012122571141874425,0.013412369359426532,0.010384277525388898
CaseM3m_OverhangReference,overhang_ref,15,0.00191,503,-3,1,1.304719e-13,-0.010000137,0.079998605,0.010000137,0.33333789999999996,0.79998605,interior,0.020001395000000005,0.079998605,0.019999863,0.02828516080853694,153,144,0.009999089000217823,12.936400252964829,0.9987891318991411,0.0017523250895944648,-0.01697178,11290671.0,-3070.426587997,-123.37441,65.22600733333333,87.8136121159574,1.3462975231212846,119.98808,0.80000293,-8.8313636e-06,4.3169799e-05,0.0,9.0,2567.678,4.3169799e-05,0.36419039999999997,128.806005303588,0.807695,112,0.0,-0.07012850970618353,0.03025899258664729,0.11703377707364215,0.08334680985963953
CaseM3m_OverhangReference,overhang_ref,15,0.00191,437,-3,1,-0.010000137,-6.6368609e-14,0.079998605,0.010000137,0.33333789999999996,0.79998605,interior,0.020001395000000005,0.079998605,0.019999863,0.02828516080853694,153,144,0.009999089000217823,12.936400252958514,0.9987891318986536,0.001752324989171562,-0.016971778,11290670.0,-3070.425566292,-123.37441,65.22600866666666,87.81361030461399,1.3462974678303532,119.98808,0.80000293,-8.8313645e-06,4.3169803e-05,0.0,9.0,2567.6777,4.3169803e-05,0.36419039999999997,128.806005303588,0.807695,112,0.0,-0.07012850877369266,0.030258992348826556,0.11703377591988126,0.08334680892153326
CaseM3m_OverhangReference,overhang_ref,15,0.00191,525,-3,1,7.1316396e-15,0.010000137,0.079998605,0.010000137,0.33333789999999996,0.79998605,interior,0.020001395000000005,0.079998605,0.019999863,0.02828516080853694,153,144,0.009999089000217823,12.936400252941024,0.9987891318973032,0.0017523252904402707,-0.01697178,11290671.0,-3070.42691464,-123.37442,65.22601200000001,87.81361985618018,1.3462975454666792,119.98808,0.80000293,-8.8313609e-06,4.3169806e-05,0.0,9.0,2567.679,4.3169806e-05,0.36419039999999997,128.806005303588,0.807695,112,0.0,-0.07012851218646858,0.030258992383595588,0.11703377913474702,0.0833468117608294
CaseM3m_OverhangReference,overhang_ref,15,0.00191,591,-3,1,0.010000137,-3.5331337e-14,0.079998605,0.010000137,0.33333789999999996,0.79998605,interior,0.020001395000000005,0.079998605,0.019999863,0.02828516080853694,153,144,0.009999089000217823,12.936400252947337,0.9987891318977906,0.001752324990387083,-0.016971782,11290672.0,-3070.427405502,-123.37441,65.226006,87.81361438867039,1.3462975854856174,119.98808,0.80000293,-8.8313627e-06,4.3169803e-05,0.0,9.0,2567.6782,4.3169803e-05,0.36419039999999997,128.806005303588,0.807695,112,0.0,-0.0701285089059687,0.030258992406663264,0.1170337760412879,0.08334680902919141
CaseM3m_OverhangReference,overhang_ref,16,0.002011,418,-1,1,-0.010000052,-0.010000052,2.9823326e-07,0.014142209162836195,0.47140697209453986,2.9823326e-06,bottom_cap_zone,0.09999970176674,2.9823326e-07,0.015857790837163804,0.0158577908399682,157,86,0.0099999197668184,12.879101659867356,0.9943616099138193,0.00018407035460088332,-0.0033577357,2237559.8,-17101.65810286,3.2394922,-7.328522933333333,21.50384539836743,-2.9342673269887065,119.9984,0.80005336,-1.1866935e-06,1.2234965e-06,0.0,0.0,-7.3285327,1.2234965e-06,0.28303465,100.10303025285448,0.75653,112,0.0,-0.00968751224811732,-0.0018251380133887996,0.014919621217824672,0.011031692501621046
CaseM3m_OverhangReference,overhang_ref,16,0.002011,484,-1,1,-8.9095662e-14,-0.020000158,3.2221539e-07,0.020000158,0.6666719333333334,3.2221539e-06,edge_ring,0.09999967778461001,3.2221539e-07,0.009999841999999998,0.009999842005191217,142,72,0.009999873785987818,12.703186458291686,0.9807796592726362,0.00015878878718202216,0.001213803,-806005.06,-17919.00783141,8.4006414,-12.2401018,26.112203259208847,-2.1333321965679115,119.99836,0.80005258,-1.2139374e-06,1.2653901e-06,0.0,0.0,-12.240111,1.2653901e-06,0.28303465,100.10303025285448,0.75653,112,0.0,-0.008003875657533674,-0.002670127289385152,0.014093439439845779,0.010925135749241697
CaseM3m_OverhangReference,overhang_ref,16,0.002011,495,-1,1,-2.2570257e-14,-0.01000003,2.8934798e-07,0.01000003,0.33333433333333334,2.8934798e-06,bottom_cap_zone,0.09999971065202,2.8934798e-07,0.01999997,0.01999997000209306,160,91,0.009999935652084083,12.961102851522314,1.0006927065308262,0.00019365184310230998,-0.0062989183,4194192.8,-16479.29305524,0.09839008,-3.9076034266666664,15.540258963137642,-3.9769283794476737,119.99904,0.80005366,-7.1013847e-07,7.2283763e-07,0.0,0.0,-3.9076135,7.2283763e-07,0.28303465,100.10303025285448,0.75653,112,0.0,-0.011160893293696418,-0.0002107609662793746,0.016234323378315,0.011856838399002614
CaseM3m_OverhangReference,overhang_ref,16,0.002011,572,-1,1,0.010000052,-0.010000052,2.9823349e-07,0.014142209162836195,0.47140697209453986,2.9823348999999998e-06,bottom_cap_zone,0.09999970176651,2.9823349e-07,0.015857790837163804,0.015857790839968203,157,86,0.009999919766588402,12.879101659858442,0.994361609913131,0.00018407046805971356,-0.0033577397,2237562.5,-17101.65512423,3.2394915,-7.328523633333333,21.503844845139092,-2.934266971225991,119.9984,0.80005336,-1.1866938e-06,1.2234967e-06,0.0,0.0,-7.3285336,1.2234967e-06,0.28303465,100.10303025285448,0.75653,112,0.0,-0.009687517471731424,-0.0018251383995463249,0.014919627971659168,0.011031697739760924
CaseM3m_OverhangReference,overhang_ref,16,0.002011,363,-1,1,-0.020000158,-1.2422805e-13,3.222155e-07,0.020000158,0.6666719333333334,3.222155e-06,edge_ring,0.0999996777845,3.222155e-07,0.009999841999999998,0.00999984200519122,142,72,0.009999873785877817,12.703186458286764,0.9807796592722562,0.0001587889058949189,0.0012138,-806003.13,-17919.00679633,8.4006367,-12.240100566666667,26.11220962153793,-2.1333329313199454,119.99836,0.80005258,-1.2139378e-06,1.2653906e-06,0.0,0.0,-12.24011,1.2653906e-06,0.28303465,100.10303025285448,0.75653,112,0.0,-0.008003880570638599,-0.0026701274706108532,0.014093443884932713,0.010925139211799698
CaseM3m_OverhangReference,overhang_ref,16,0.002011,429,-1,1,-0.01000003,-1.7320079e-14,2.8934798e-07,0.01000003,0.33333433333333334,2.8934798e-06,bottom_cap_zone,0.09999971065202,2.8934798e-07,0.01999997,0.01999997000209306,160,91,0.009999935652084083,12.961102851518952,1.0006927065305666,0.0001936518745949628,-0.0062989215,4194194.8,-16479.29300032,0.098389111,-3.9076022369999994,15.540263623533,-3.976930782868984,119.99904,0.80005366,-7.1013841e-07,7.2283757e-07,0.0,0.0,-3.9076123,7.2283757e-07,0.28303465,100.10303025285448,0.75653,112,0.0,-0.011160894815361672,-0.000210760840917834,0.01623432531316088,0.011856839611146556
CaseM3m_OverhangReference,overhang_ref,16,0.002011,440,-1,1,-0.010000052,0.010000052,2.9823329e-07,0.014142209162836195,0.47140697209453986,2.9823329e-06,bottom_cap_zone,0.09999970176671001,2.9823329e-07,0.015857790837163804,0.0158577908399682,157,86,0.009999919766788401,12.87910165985427,0.9943616099128089,0.00018407042255086874,-0.0033577397,2237562.5,-17101.65696032,3.2394943,-7.328524566666666,21.503843956019782,-2.9342664762056834,119.9984,0.80005336,-1.186695e-06,1.223498e-06,0.0,0.0,-7.3285346,1.223498e-06,0.28303465,100.10303025285448,0.75653,112,0.0,-0.009687515228839129,-0.0018251382016438351,0.01491962490032743,0.011031695359840398
CaseM3m_OverhangReference,overhang_ref,16,0.002011,517,-1,1,-7.6652138e-14,0.01000003,2.8934824e-07,0.01000003,0.33333433333333334,2.8934824e-06,bottom_cap_zone,0.09999971065176,2.8934824e-07,0.01999997,0.01999997000209306,160,91,0.009999935651824082,12.961102851522977,1.0006927065308775,0.00019365193620237767,-0.0062989257,4194197.5,-16479.29155614,0.098390959,-3.9076029863333335,15.5402595474051,-3.9769289771137095,119.99904,0.80005366,-7.1013773e-07,7.2283683e-07,0.0,0.0,-3.907613,7.2283683e-07,0.28303465,100.10303025285448,0.75653,112,0.0,-0.01116089822645644,-0.00021076057735333945,0.016234330156009325,0.011856843852158584
CaseM3m_OverhangReference,overhang_ref,16,0.002011,528,-1,1,2.4735912e-14,0.020000158,3.2221519e-07,0.020000158,0.6666719333333334,3.2221519e-06,edge_ring,0.09999967778481,3.2221519e-07,0.009999841999999998,0.00999984200519121,142,72,0.009999873786187817,12.703186458298209,0.9807796592731398,0.0001587887625319933,0.0012138034,-806005.38,-17919.00970758,8.4006357,-12.240099899999999,26.112204621028944,-2.1333326389786205,119.99836,0.80005258,-1.2139363e-06,1.2653891e-06,0.0,0.0,-12.240109,1.2653891e-06,0.28303465,100.10303025285448,0.75653,112,0.0,-0.008003873988767961,-0.0026701274363645183,0.014093438138332545,0.010925134842971662
CaseM3m_OverhangReference,overhang_ref,16,0.002011,583,-1,1,0.01000003,3.0503659e-14,2.8934826e-07,0.01000003,0.33333433333333334,2.8934826e-06,bottom_cap_zone,0.09999971065174,2.8934826e-07,0.01999997,0.01999997000209306,160,91,0.009999935651804083,12.961102851526427,1.0006927065311437,0.0001936519149760132,-0.0062989234,4194196.0,-16479.29133998,0.098388977,-3.9076028923333332,15.54025925906123,-3.9769289989909207,119.99904,0.80005366,-7.1013915e-07,7.2283831e-07,0.0,0.0,-3.9076128,7.2283831e-07,0.28303465,100.10303025285448,0.75653,112,0.0,-0.011160897639494884,-0.00021076027569871824,0.016234329094950796,0.011856843879071833
CaseM3m_OverhangReference,overhang_ref,16,0.002011,594,-1,1,0.010000052,0.010000052,2.982332e-07,0.014142209162836195,0.47140697209453986,2.982332e-06,bottom_cap_zone,0.09999970176680001,2.982332e-07,0.015857790837163804,0.0158577908399682,157,86,0.0099999197668784,12.879101659871989,0.9943616099141769,0.00018407044519974213,-0.0033577371,2237560.8,-17101.65712077,3.2394917,-7.328523366666666,21.503844849194536,-2.9342670785500173,119.9984,0.80005336,-1.1866929e-06,1.2234958e-06,0.0,0.0,-7.3285332,1.2234958e-06,0.28303465,100.10303025285448,0.75653,112,0.0,-0.009687516254288086,-0.0018251386022982347,0.014919626841485217,0.011031696747569267
CaseM3m_OverhangReference,overhang_ref,16,0.002011,649,-1,1,0.020000158,4.709697e-14,3.2221527e-07,0.020000158,0.6666719333333334,3.2221526999999998e-06,edge_ring,0.09999967778473001,3.2221527e-07,0.009999841999999998,0.009999842005191216,142,72,0.009999873786107817,12.703186458296852,0.980779659273035,0.00015878879664292745,0.0012138034,-806005.38,-17919.00855656,8.4006367,-12.240099233333334,26.112204226619824,-2.13333272294956,119.99836,0.80005258,-1.2139359e-06,1.2653885e-06,0.0,0.0,-12.240109,1.2653885e-06,0.28303465,100.10303025285448,0.75653,112,0.0,-0.008003875941985036,-0.0026701272093808447,0.014093439496925743,0.01092513647148411
CaseM3m_OverhangReference,overhang_ref,17,0.002111,418,-1,1,-0.010000047,-0.010000047,3.1324336e-07,0.014142202091768382,0.4714067363922794,3.1324335999999998e-06,bottom_cap_zone,0.09999968675664,3.1324336e-07,0.015857797908231615,0.015857797911325404,157,86,0.0099999007566929,12.879101448373978,0.9946465371314057,0.00014150965359121541,-0.0056438334,3762060.3,-16723.44234431,3.0234013,-7.3614089,21.47653513011211,-2.9174490130703257,119.9984,0.80005336,-1.1866935e-06,1.2234965e-06,0.0,0.0,-7.3614187,1.2234965e-06,0.28303465,100.10303025285448,0.75653,112,0.0,-0.009761865092816107,-0.0030725371572687963,0.01571422848772198,0.011630319492144233
CaseM3m_OverhangReference,overhang_ref,17,0.002111,484,-1,1,-9.3638137e-14,-0.020000149,3.3433173e-07,0.020000149,0.6666716333333333,3.3433172999999995e-06,edge_ring,0.09999966566827001,3.3433173e-07,0.009999851,0.009999851005588969,142,72,0.009999851669582218,12.703180520109004,0.9810602521868307,0.00013173227297784748,-0.00070119288,472140.03,-17871.54160594,8.7145567,-12.960993566666668,26.084902017184316,-2.0125696292504895,119.99836,0.80005258,-1.2139374e-06,1.2653901e-06,0.0,0.0,-12.961003,1.2653901e-06,0.28303465,100.10303025285448,0.75653,112,0.0,-0.00810836543141277,-0.003870514369653592,0.014936509205581438,0.011518685315239023
CaseM3m_OverhangReference,overhang_ref,17,0.002111,495,-1,1,-2.3123529e-14,-0.010000027,3.0588322e-07,0.010000027,0.33333423333333334,3.0588322e-06,bottom_cap_zone,0.09999969411678,3.0588322e-07,0.019999972999999997,0.019999973002339116,160,91,0.009999918116868622,12.961106492136377,1.0009797454792504,0.0001407391243059125,-0.0087718898,5842327.0,-15891.93932054,-0.45028618,-3.482027506666667,15.384001093857668,-4.418115900693938,119.99904,0.80005366,-7.1013847e-07,7.2283763e-07,0.0,0.0,-3.4820375,7.2283763e-07,0.28303465,100.10303025285448,0.75653,112,0.0,-0.011255164614970116,-0.0016011679428115445,0.016625481367687444,0.012190378804479094
CaseM3m_OverhangReference,overhang_ref,17,0.002111,572,-1,1,0.010000047,-0.010000047,3.1324359e-07,0.014142202091768382,0.4714067363922794,3.1324359e-06,bottom_cap_zone,0.09999968675641001,3.1324359e-07,0.015857797908231615,0.01585779791132541,157,86,0.0099999007564629,12.879101448364812,0.9946465371306978,0.00014150973885918288,-0.0056438362,3762062.0,-16723.43918975,3.0234005,-7.361409566666667,21.47653453524328,-2.917448668050148,119.9984,0.80005336,-1.1866938e-06,1.2234967e-06,0.0,0.0,-7.3614197,1.2234967e-06,0.28303465,100.10303025285448,0.75653,112,0.0,-0.009761869378570412,-0.0030725376213667195,0.01571423409736225,0.011630323838617587
CaseM3m_OverhangReference,overhang_ref,17,0.002111,363,-1,1,-0.020000149,-1.2819322e-13,3.3433187e-07,0.020000149,0.6666716333333333,3.3433187e-06,edge_ring,0.09999966566813001,3.3433187e-07,0.009999851,0.009999851005588973,142,72,0.00999985166944222,12.703180520103098,0.9810602521863745,0.00013173235709140939,-0.00070119638,472142.38,-17871.54033524,8.7145519,-12.960992300000001,26.08491021346356,-2.012570458317729,119.99836,0.80005258,-1.2139378e-06,1.2653906e-06,0.0,0.0,-12.961002,1.2653906e-06,0.28303465,100.10303025285448,0.75653,112,0.0,-0.008108369378355818,-0.003870514381764394,0.014936512692844838,0.011518687989260791
CaseM3m_OverhangReference,overhang_ref,17,0.002111,429,-1,1,-0.010000027,-1.7133993e-14,3.0588325e-07,0.010000027,0.33333423333333334,3.0588325e-06,bottom_cap_zone,0.09999969411675,3.0588325e-07,0.019999972999999997,0.019999973002339116,160,91,0.009999918116838622,12.961106492133169,1.0009797454790026,0.000140739175489532,-0.0087718898,5842327.0,-15891.93926562,-0.45028755,-3.4820261833333332,15.384006010023963,-4.418118991654709,119.99904,0.80005366,-7.1013841e-07,7.2283757e-07,0.0,0.0,-3.4820361,7.2283757e-07,0.28303465,100.10303025285448,0.75653,112,0.0,-0.01125516718935476,-0.001601167773914815,0.016625484697869657,0.012190381098774076
CaseM3m_OverhangReference,overhang_ref,17,0.002111,440,-1,1,-0.010000047,0.010000047,3.1324339e-07,0.014142202091768382,0.4714067363922794,3.1324338999999996e-06,bottom_cap_zone,0.09999968675661,3.1324339e-07,0.015857797908231615,0.015857797911325404,157,86,0.009999900756662902,12.879101448360922,0.9946465371303974,0.00014150971285564404,-0.0056438367,3762062.5,-16723.44097556,3.0234039,-7.3614107,21.476533407434484,-2.9174480656858996,119.9984,0.80005336,-1.186695e-06,1.223498e-06,0.0,0.0,-7.3614206,1.223498e-06,0.28303465,100.10303025285448,0.75653,112,0.0,-0.009761868252215365,-0.0030725372914961963,0.015714232314081974,0.011630322521334745
CaseM3m_OverhangReference,overhang_ref,17,0.002111,517,-1,1,-8.0270683e-14,0.010000027,3.0588347e-07,0.010000027,0.33333423333333334,3.0588347e-06,bottom_cap_zone,0.09999969411653001,3.0588347e-07,0.019999972999999997,0.01999997300233912,160,91,0.009999918116618623,12.961106492137345,1.000979745479325,0.0001407392307662024,-0.0087718954,5842331.0,-15891.9374193,-0.45028529,-3.4820271700000003,15.384001735821752,-4.418116512233231,119.99904,0.80005366,-7.1013773e-07,7.2283683e-07,0.0,0.0,-3.4820371,7.2283683e-07,0.28303465,100.10303025285448,0.75653,112,0.0,-0.01125517071296819,-0.0016011675645161685,0.01662548951473483,0.012190385262067175
CaseM3m_OverhangReference,overhang_ref,17,0.002111,528,-1,1,2.4766579e-14,0.020000149,3.3433153e-07,0.020000149,0.6666716333333333,3.3433153e-06,edge_ring,0.09999966566847,3.3433153e-07,0.009999851,0.009999851005588962,142,72,0.009999851669782218,12.703180520115685,0.9810602521873466,0.00013173224144158368,-0.00070119125,472138.97,-17871.54358893,8.714551,-12.960991333333334,26.084905029665556,-2.0125702084669927,119.99836,0.80005258,-1.2139363e-06,1.2653891e-06,0.0,0.0,-12.961001,1.2653891e-06,0.28303465,100.10303025285448,0.75653,112,0.0,-0.008108362968714332,-0.0038705143604438256,0.014936506990603641,0.01151868369318576
CaseM3m_OverhangReference,overhang_ref,17,0.002111,583,-1,1,0.010000027,3.111791e-14,3.0588353e-07,0.010000027,0.33333423333333334,3.0588352999999996e-06,bottom_cap_zone,0.09999969411647,3.0588353e-07,0.019999972999999997,0.01999997300233912,160,91,0.009999918116558622,12.961106492140928,1.000979745479602,0.0001407391808433208,-0.0087718945,5842330.0,-15891.93730367,-0.45028707,-3.48202731,15.384001500958355,-4.4181162671462095,119.99904,0.80005366,-7.1013915e-07,7.2283831e-07,0.0,0.0,-3.4820373,7.2283831e-07,0.28303465,100.10303025285448,0.75653,112,0.0,-0.011255169000558327,-0.0016011673473239174,0.016625486907879065,0.012190384185719565
CaseM3m_OverhangReference,overhang_ref,17,0.002111,594,-1,1,0.010000047,0.010000047,3.1324333e-07,0.014142202091768382,0.4714067363922794,3.1324332999999995e-06,bottom_cap_zone,0.09999968675667001,3.1324333e-07,0.015857797908231615,0.015857797911325404,157,86,0.0099999007567229,12.879101448378657,0.9946465371317671,0.00014150974696948936,-0.0056438353,3762061.5,-16723.44123655,3.0234015,-7.361409566666666,21.476534422609678,-2.9174486527495995,119.9984,0.80005336,-1.1866929e-06,1.2234958e-06,0.0,0.0,-7.3614197,1.2234958e-06,0.28303465,100.10303025285448,0.75653,112,0.0,-0.009761869683981714,-0.0030725377505076744,0.015714234836111406,0.01163032430848906
CaseM3m_OverhangReference,overhang_ref,17,0.002111,649,-1,1,0.020000149,4.9295413e-14,3.3433162e-07,0.020000149,0.6666716333333333,3.3433161999999997e-06,edge_ring,0.09999966566838,3.3433162e-07,0.009999851,0.009999851005588964,142,72,0.009999851669692219,12.703180520113987,0.9810602521872155,0.00013173225345727225,-0.00070119381,472140.66,-17871.54226826,8.7145519,-12.960990633333333,26.084904649741016,-2.012570287849398,119.99836,0.80005258,-1.2139359e-06,1.2653885e-06,0.0,0.0,-12.961,1.2653885e-06,0.28303465,100.10303025285448,0.75653,112,0.0,-0.008108364548009752,-0.003870514211860963,0.01493650813091415,0.011518685154148604
CaseM3m_OverhangReference,overhang_ref,17,0.002111,514,-3,1,-2.2548814e-13,-1.1651479e-13,0.079998218,2.5381213046149647e-13,8.46040434871655e-12,0.7999821799999999,interior,0.02000178200000001,0.079998218,0.029999999999746188,0.03605650126066443,178,169,0.009998902000000004,12.978171498738345,1.0022976673692836,0.0018243650000000031,-0.02015279,13377657.0,569.0290065701,-130.64412,72.79078433333332,86.7800035000002,1.1921839322764483,119.99847,0.7999813,-1.1228951e-06,5.2025473e-05,0.0,8.0,2582.5183,5.2025473e-05,0.28303465,100.10303025285448,0.75653,112,0.0,-0.0710067139033761,0.035625267137330593,0.12312816685525892,0.08706476173842229
CaseM3m_OverhangReference,overhang_ref,18,0.002212,418,-1,1,-0.010000042,-0.010000042,3.2251032e-07,0.014142195020700571,0.47140650069001905,3.2251031999999996e-06,bottom_cap_zone,0.09999967748968,3.2251032e-07,0.01585780497929943,0.015857804982578976,157,86,0.009999881489705601,12.879106877796954,0.9946431461452278,0.0001034986649969021,-0.0075679701,5045154.5,-16216.23337355,1.973135,-6.7217458,21.534430345109186,-3.203696031633506,119.9984,0.80005336,-1.1866935e-06,1.2234965e-06,0.0,0.0,-6.721756,1.2234965e-06,0.28303465,100.10303025285448,0.75653,112,0.0,-0.009687477007848937,-0.004032761202289136,0.016377869453633204,0.012115474427584382
CaseM3m_OverhangReference,overhang_ref,18,0.002212,484,-1,1,-9.7543379e-14,-0.020000139,3.411881e-07,0.020000139,0.6666713000000001,3.4118809999999996e-06,edge_ring,0.09999965881190001,3.411881e-07,0.009999860999999999,0.009999861005820544,142,72,0.009999826813132471,12.703179546731063,0.9810564187638456,0.00011959230788064749,-0.0023896447,1599213.0,-17710.76651376,8.2864447,-13.094632233333334,26.122553089998583,-1.9949054409868598,119.99836,0.80005258,-1.2139374e-06,1.2653901e-06,0.0,0.0,-13.094643,1.2653901e-06,0.28303465,100.10303025285448,0.75653,112,0.0,-0.008181075404883739,-0.004778668667441601,0.015730555591527955,0.01204553567358131
CaseM3m_OverhangReference,overhang_ref,18,0.002212,495,-1,1,-2.3396688e-14,-0.010000023,3.1640241e-07,0.010000023,0.3333341,3.1640241e-06,bottom_cap_zone,0.09999968359759001,3.1640241e-07,0.019999977,0.019999977002502764,160,91,0.009999899597707128,12.961116126010479,1.0009766549381962,8.307148151225358e-05,-0.010801203,7194566.5,-15168.64161587,-1.8797712,-2.3425241333333333,15.32887749144778,-6.543743679445172,119.99904,0.80005366,-7.1013847e-07,7.2283763e-07,0.0,0.0,-2.3425341,7.2283763e-07,0.28303465,100.10303025285448,0.75653,112,0.0,-0.011138138677200947,-0.0027193801901548107,0.016997089636486756,0.012488985305034698
CaseM3m_OverhangReference,overhang_ref,18,0.002212,572,-1,1,0.010000042,-0.010000042,3.2251057e-07,0.014142195020700571,0.47140650069001905,3.2251056999999998e-06,bottom_cap_zone,0.09999967748943,3.2251057e-07,0.01585780497929943,0.015857804982578983,157,86,0.009999881489455601,12.879106877787462,0.9946431461444948,0.00010349870587301643,-0.0075679701,5045154.5,-16216.23021898,1.9731343,-6.7217465333333335,21.534429856622786,-3.203695609442119,119.9984,0.80005336,-1.1866938e-06,1.2234967e-06,0.0,0.0,-6.7217565,1.2234967e-06,0.28303465,100.10303025285448,0.75653,112,0.0,-0.009687480709999157,-0.004032761570530155,0.016377874230359586,0.012115478169091733
CaseM3m_OverhangReference,overhang_ref,18,0.002212,363,-1,1,-0.020000139,-1.3136547e-13,3.4118824e-07,0.020000139,0.6666713000000001,3.4118824e-06,edge_ring,0.09999965881176001,3.4118824e-07,0.009999860999999999,0.009999861005820551,142,72,0.009999826812992472,12.703179546725163,0.9810564187633901,0.00011959237171636013,-0.0023896466,1599214.3,-17710.7651174,8.2864399,-13.094631966666666,26.12256193459517,-1.99490615704909,119.99836,0.80005258,-1.2139378e-06,1.2653906e-06,0.0,0.0,-13.094642,1.2653906e-06,0.28303465,100.10303025285448,0.75653,112,0.0,-0.008181078667701269,-0.004778668880868587,0.015730558956039486,0.012045537928720129
CaseM3m_OverhangReference,overhang_ref,18,0.002212,429,-1,1,-0.010000023,-1.6548942e-14,3.1640243e-07,0.010000023,0.3333341,3.1640242999999997e-06,bottom_cap_zone,0.09999968359757,3.1640243e-07,0.019999977,0.019999977002502764,160,91,0.009999899597687129,12.961116126007264,1.0009766549379477,8.307152797677603e-05,-0.010801207,7194569.5,-15168.64125935,-1.8797728,-2.3425226333333335,15.328882540077293,-6.543750024845989,119.99904,0.80005366,-7.1013841e-07,7.2283757e-07,0.0,0.0,-2.3425326,7.2283757e-07,0.28303465,100.10303025285448,0.75653,112,0.0,-0.011138141273659408,-0.0027193800158836863,0.01699709289829902,0.01248898762434561
CaseM3m_OverhangReference,overhang_ref,18,0.002212,440,-1,1,-0.010000042,0.010000042,3.2251037e-07,0.014142195020700571,0.47140650069001905,3.2251037e-06,bottom_cap_zone,0.09999967748963001,3.2251037e-07,0.01585780497929943,0.01585780498257898,157,86,0.009999881489655601,12.879106877783856,0.9946431461442163,0.00010349869483086963,-0.0075679729,5045156.5,-16216.23180373,1.9731379,-6.721747733333334,21.5344285089121,-3.2036948370023275,119.9984,0.80005336,-1.186695e-06,1.223498e-06,0.0,0.0,-6.7217579,1.223498e-06,0.28303465,100.10303025285448,0.75653,112,0.0,-0.009687479497767515,-0.004032761302557704,0.01637787244078142,0.012115476787956258
CaseM3m_OverhangReference,overhang_ref,18,0.002212,517,-1,1,-8.3343563e-14,0.010000023,3.1640269e-07,0.010000023,0.3333341,3.1640269e-06,bottom_cap_zone,0.09999968359731,3.1640269e-07,0.019999977,0.019999977002502767,160,91,0.009999899597427128,12.961116126011941,1.000976654938309,8.307156900174168e-05,-0.010801209,7194570.5,-15168.63931249,-1.87977,-2.3425239,15.32887804339945,-6.543744566874835,119.99904,0.80005366,-7.1013773e-07,7.2283683e-07,0.0,0.0,-2.3425338,7.2283683e-07,0.28303465,100.10303025285448,0.75653,112,0.0,-0.011138145616767858,-0.0027193797179694483,0.016997098434609666,0.012488992351745774
CaseM3m_OverhangReference,overhang_ref,18,0.002212,528,-1,1,2.4820833e-14,0.020000139,3.411879e-07,0.020000139,0.6666713000000001,3.411879e-06,edge_ring,0.0999996588121,3.411879e-07,0.009999860999999999,0.009999861005820537,142,72,0.00999982681333247,12.703179546737914,0.9810564187643748,0.00011959230263606137,-0.0023896422,1599211.3,-17710.76867269,8.2864389,-13.094629966666668,26.12255629508641,-1.9949060310664202,119.99836,0.80005258,-1.2139363e-06,1.2653891e-06,0.0,0.0,-13.09464,1.2653891e-06,0.28303465,100.10303025285448,0.75653,112,0.0,-0.008181073739742676,-0.004778668605899454,0.01573055412775323,0.012045534534478796
CaseM3m_OverhangReference,overhang_ref,18,0.002212,583,-1,1,0.010000023,3.1807276e-14,3.1640272e-07,0.010000023,0.3333341,3.1640272e-06,bottom_cap_zone,0.09999968359728001,3.1640272e-07,0.019999977,0.019999977002502767,160,91,0.009999899597397128,12.96111612601538,1.0009766549385746,8.307149692014145e-05,-0.010801207,7194569.5,-15168.6392974,-1.8797716,-2.3425240666666665,15.32887797044201,-6.543744070153563,119.99904,0.80005366,-7.1013915e-07,7.2283831e-07,0.0,0.0,-2.3425341,7.2283831e-07,0.28303465,100.10303025285448,0.75653,112,0.0,-0.011138143231294773,-0.0027193796339393373,0.016997095099785104,0.012488990579153137
CaseM3m_OverhangReference,overhang_ref,18,0.002212,594,-1,1,0.010000042,0.010000042,3.2251029e-07,0.014142195020700571,0.47140650069001905,3.2251028999999998e-06,bottom_cap_zone,0.09999967748971,3.2251029e-07,0.01585780497929943,0.015857804982578976,157,86,0.009999881489735601,12.879106877801958,0.9946431461456142,0.0001034987331243891,-0.007567971,5045155.5,-16216.23216525,1.9731352,-6.721746533333334,21.534429885786487,-3.2036956137808277,119.9984,0.80005336,-1.1866929e-06,1.2234958e-06,0.0,0.0,-6.7217565,1.2234958e-06,0.28303465,100.10303025285448,0.75653,112,0.0,-0.009687481119204481,-0.00403276187914778,0.016377875288250188,0.012115478684196155
CaseM3m_OverhangReference,overhang_ref,18,0.002212,649,-1,1,0.020000139,5.1444878e-14,3.4118798e-07,0.020000139,0.6666713000000001,3.4118797999999995e-06,edge_ring,0.09999965881202001,3.4118798e-07,0.009999860999999999,0.009999861005820542,142,72,0.00999982681325247,12.703179546736528,0.9810564187642677,0.00011959229847862866,-0.0023896431,1599211.9,-17710.76728919,8.2864399,-13.094630299999999,26.122556362848577,-1.9949059854594429,119.99836,0.80005258,-1.2139359e-06,1.2653885e-06,0.0,0.0,-13.09464,1.2653885e-06,0.28303465,100.10303025285448,0.75653,112,0.0,-0.008181075416304709,-0.004778668469523881,0.01573055545206764,0.01204553596940437
CaseM3m_OverhangReference,overhang_ref,18,0.002212,425,-3,1,-0.010000223,-0.010000223,0.069998875,0.014142450993355362,0.4714150331118454,0.6999887499999999,interior,0.030001125000000003,0.069998875,0.015857549006644635,0.0339341916326846,145,145,0.009999246000960476,12.634288937047668,0.9757360519553767,0.0012169544257174085,-0.022768565,15165730.0,2989.80650304,-122.26975,68.89741066666666,81.71754670554724,1.18607573078335,119.988,0.79999971,-8.8831357e-06,3.1852822e-05,0.0,5.0,1608.9442,3.1852822e-05,0.28303465,100.10303025285448,0.75653,112,0.0,-0.05766876796521099,0.017186155890968325,0.09109814066974171,0.06538510044184806
CaseM3m_OverhangReference,overhang_ref,18,0.002212,579,-3,1,0.010000223,-0.010000223,0.069998875,0.014142450993355362,0.4714150331118454,0.6999887499999999,interior,0.030001125000000003,0.069998875,0.015857549006644635,0.0339341916326846,145,145,0.009999246000960476,12.634288937028359,0.9757360519538855,0.0012169546259139298,-0.022768561,15165728.0,2989.804901277,-122.26974,68.897406,81.71753908981461,1.186075700583192,119.988,0.79999971,-8.8831357e-06,3.1852822e-05,0.0,5.0,1608.9432,3.1852822e-05,0.28303465,100.10303025285448,0.75653,112,0.0,-0.05766876675978154,0.017186155599362464,0.0910981379164791,0.06538509912180972
CaseM3m_OverhangReference,overhang_ref,18,0.002212,447,-3,1,-0.010000223,0.010000223,0.069998875,0.014142450993355362,0.4714150331118454,0.6999887499999999,interior,0.030001125000000003,0.069998875,0.015857549006644635,0.0339341916326846,145,145,0.009999246000960476,12.634288937024966,0.9757360519536235,0.001216954524511911,-0.022768557,15165725.0,2989.805533829,-122.26974,68.897406,81.71753893747729,1.186075698372117,119.988,0.79999971,-8.8831348e-06,3.1852818e-05,0.0,5.0,1608.9432,3.1852818e-05,0.28303465,100.10303025285448,0.75653,112,0.0,-0.05766876679517107,0.017186155543715317,0.09109813819486083,0.065385099064357
CaseM3m_OverhangReference,overhang_ref,18,0.002212,601,-3,1,0.010000223,0.010000223,0.069998875,0.014142450993355362,0.4714150331118454,0.6999887499999999,interior,0.030001125000000003,0.069998875,0.015857549006644635,0.0339341916326846,145,145,0.009999246000960476,12.634288937040289,0.9757360519548068,0.001216954529611052,-0.022768559,15165727.0,2989.804483451,-122.26974,68.897406,81.71753947403725,1.1860757061599279,119.988,0.79999971,-8.8831366e-06,3.1852815e-05,0.0,5.0,1608.9432,3.1852815e-05,0.28303465,100.10303025285448,0.75653,112,0.0,-0.05766876597786848,0.017186156071441215,0.09109813751121129,0.0653850987434922
CaseM3m_OverhangReference,overhang_ref,19,0.002312,418,-1,1,-0.010000035,-0.010000035,3.2538583e-07,0.014142185121205634,0.4714061707068545,3.2538583e-06,bottom_cap_zone,0.09999967461417,3.2538583e-07,0.015857814878794365,0.015857814882132653,157,86,0.009999859614182099,12.879117606495626,0.9946403265030631,9.076236272327454e-05,-0.0090822652,6054932.0,-15607.50938664,0.085578553,-5.433225184333335,21.746627367571406,-4.0025264239512195,119.9984,0.80005336,-1.1866935e-06,1.2234965e-06,0.0,0.0,-5.4332352,1.2234965e-06,0.28303465,100.10303025285448,0.75653,112,0.0,-0.009524360136741086,-0.0046838547147028155,0.016789716133201946,0.012415412878855892
CaseM3m_OverhangReference,overhang_ref,19,0.002312,484,-1,1,-1.0086912e-13,-0.020000126,3.4236433e-07,0.020000126,0.6666708666666666,3.4236432999999997e-06,edge_ring,0.09999965763567001,3.4236433e-07,0.009999873999999999,0.00999987400586074,142,72,0.009999802636810072,12.703183181084048,0.981053101067196,0.0001292290873761314,-0.003840999,2568162.8,-17452.57992006,7.1060739,-12.649630633333333,26.301443761436914,-2.0792262259523513,119.99836,0.80005258,-1.2139374e-06,1.2653901e-06,0.0,0.0,-12.649641,1.2653901e-06,0.28303465,100.10303025285448,0.75653,112,0.0,-0.008268633956704992,-0.005369815929996939,0.016353338352259245,0.012443834052206244
CaseM3m_OverhangReference,overhang_ref,19,0.002312,495,-1,1,-2.3536965e-14,-0.010000019,3.201115e-07,0.010000019,0.3333339666666667,3.201115e-06,bottom_cap_zone,0.0999996798885,3.201115e-07,0.019999981,0.019999981002561784,160,91,0.00999987988864906,12.96113138693677,1.0009741620846706,4.49262866146399e-05,-0.012314994,8203027.0,-14343.96194975,-4.1862688,-0.52494797,15.445329564721668,-29.422591280278056,119.99904,0.80005366,-7.1013847e-07,7.2283763e-07,0.0,0.0,-0.52495795,7.2283763e-07,0.28303465,100.10303025285448,0.75653,112,0.0,-0.010838595628769477,-0.003540298389704148,0.01716623200243672,0.012632603056625958
CaseM3m_OverhangReference,overhang_ref,19,0.002312,572,-1,1,0.010000035,-0.010000035,3.2538608e-07,0.014142185121205634,0.4714061707068545,3.2538608e-06,bottom_cap_zone,0.09999967461392001,3.2538608e-07,0.015857814878794365,0.015857814882132656,157,86,0.0099998596139321,12.87911760648605,0.9946403265023235,9.076236501776204e-05,-0.0090822633,6054930.5,-15607.50638287,0.085577838,-5.433225579333333,21.746626912835612,-4.00252604926887,119.9984,0.80005336,-1.1866938e-06,1.2234967e-06,0.0,0.0,-5.4332356,1.2234967e-06,0.28303465,100.10303025285448,0.75653,112,0.0,-0.009524363331162296,-0.004683855073563311,0.016789720237979776,0.01241541590138834
CaseM3m_OverhangReference,overhang_ref,19,0.002312,363,-1,1,-0.020000126,-1.3381101e-13,3.4236447e-07,0.020000126,0.6666708666666666,3.4236447e-06,edge_ring,0.09999965763553001,3.4236447e-07,0.009999873999999999,0.009999874005860743,142,72,0.009999802636670073,12.703183181078176,0.9810531010667425,0.00012922911816081104,-0.0038410015,2568164.3,-17452.57837289,7.1060691,-12.649631033333334,26.30145336689132,-2.0792269195507562,119.99836,0.80005258,-1.2139378e-06,1.2653906e-06,0.0,0.0,-12.649641,1.2653906e-06,0.28303465,100.10303025285448,0.75653,112,0.0,-0.008268636701111939,-0.005369816005223261,0.01635334133010642,0.012443836060204872
CaseM3m_OverhangReference,overhang_ref,19,0.002312,429,-1,1,-0.010000019,-1.5649994e-14,3.2011152e-07,0.010000019,0.3333339666666667,3.2011152e-06,bottom_cap_zone,0.09999967988848,3.2011152e-07,0.019999981,0.019999981002561784,160,91,0.00999987988862906,12.96113138693359,1.000974162084425,4.4926306062885454e-05,-0.012314996,8203028.5,-14343.96144242,-4.1862707,-0.5249460633333335,15.445334543192509,-29.422707630412184,119.99904,0.80005366,-7.1013841e-07,7.2283757e-07,0.0,0.0,-0.52495605,7.2283757e-07,0.28303465,100.10303025285448,0.75653,112,0.0,-0.0108385982568573,-0.0035402982775724406,0.017166235322622292,0.012632605329769947
CaseM3m_OverhangReference,overhang_ref,19,0.002312,440,-1,1,-0.010000035,0.010000035,3.2538588e-07,0.014142185121205634,0.4714061707068545,3.2538588e-06,bottom_cap_zone,0.09999967461412,3.2538588e-07,0.015857814878794365,0.015857814882132653,157,86,0.0099998596141321,12.879117606482724,0.9946403265020667,9.076237515257449e-05,-0.0090822652,6054932.0,-15607.50781682,0.085581616,-5.433227472,21.746625648147223,-4.0025244222182685,119.9984,0.80005336,-1.186695e-06,1.223498e-06,0.0,0.0,-5.4332376,1.223498e-06,0.28303465,100.10303025285448,0.75653,112,0.0,-0.009524363202686865,-0.004683854854381971,0.016789719802555864,0.01241541557140872
CaseM3m_OverhangReference,overhang_ref,19,0.002312,517,-1,1,-8.6010937e-14,0.010000019,3.2011181e-07,0.010000019,0.3333339666666667,3.2011180999999997e-06,bottom_cap_zone,0.09999967988819,3.2011181e-07,0.019999981,0.01999998100256179,160,91,0.00999987988833906,12.961131386938687,1.0009741620848187,4.4926257371658914e-05,-0.012314998,8203029.5,-14343.95939503,-4.1862674,-0.5249475699999998,15.445329763628408,-29.42261407863725,119.99904,0.80005366,-7.1013773e-07,7.2283683e-07,0.0,0.0,-0.5249576,7.2283683e-07,0.28303465,100.10303025285448,0.75653,112,0.0,-0.01083860235628095,-0.003540297976142713,0.01716624017849598,0.012632609535674584
CaseM3m_OverhangReference,overhang_ref,19,0.002312,528,-1,1,2.4839119e-14,0.020000126,3.423641e-07,0.020000126,0.6666708666666666,3.4236409999999998e-06,edge_ring,0.0999996576359,3.423641e-07,0.009999873999999999,0.009999874005860731,142,72,0.009999802637040072,12.703183181092053,0.9810531010678142,0.00012922909475429658,-0.0038409973,2568161.5,-17452.58220465,7.1060681,-12.649628366666667,26.30144717037394,-2.0792268680146764,119.99836,0.80005258,-1.2139363e-06,1.2653891e-06,0.0,0.0,-12.649638,1.2653891e-06,0.28303465,100.10303025285448,0.75653,112,0.0,-0.008268631549715645,-0.005369815577557782,0.016353335586312318,0.01244383207948895
CaseM3m_OverhangReference,overhang_ref,19,0.002312,583,-1,1,0.010000019,3.2399241e-14,3.2011184e-07,0.010000019,0.3333339666666667,3.2011183999999996e-06,bottom_cap_zone,0.09999967988816001,3.2011184e-07,0.019999981,0.01999998100256179,160,91,0.00999987988830906,12.961131386942073,1.00097416208508,4.492619849163552e-05,-0.012314997,8203029.0,-14343.95943021,-4.1862698,-0.5249474033333333,15.445330089811188,-29.422624041448294,119.99904,0.80005366,-7.1013915e-07,7.2283831e-07,0.0,0.0,-0.52495742,7.2283831e-07,0.28303465,100.10303025285448,0.75653,112,0.0,-0.010838600812220042,-0.0035402979570395383,0.01716623809958614,0.012632608511911367
CaseM3m_OverhangReference,overhang_ref,19,0.002312,594,-1,1,0.010000035,0.010000035,3.2538583e-07,0.014142185121205634,0.4714061707068545,3.2538583e-06,bottom_cap_zone,0.09999967461417,3.2538583e-07,0.015857814878794365,0.015857814882132653,157,86,0.009999859614182099,12.879117606500646,0.9946403265034508,9.076240420302547e-05,-0.0090822652,6054932.0,-15607.50817834,0.085578792,-5.433225597333333,21.74662677878308,-4.002526011335971,119.9984,0.80005336,-1.1866929e-06,1.2234958e-06,0.0,0.0,-5.4332356,1.2234958e-06,0.28303465,100.10303025285448,0.75653,112,0.0,-0.009524365271217968,-0.0046838553623209465,0.016789723095680956,0.012415417817285232
CaseM3m_OverhangReference,overhang_ref,19,0.002312,649,-1,1,0.020000126,5.3412546e-14,3.4236419e-07,0.020000126,0.6666708666666666,3.4236419e-06,edge_ring,0.09999965763581001,3.4236419e-07,0.009999873999999999,0.009999874005860734,142,72,0.009999802636950073,12.70318318109032,0.9810531010676804,0.00012922908804687087,-0.0038409997,2568163.0,-17452.58067035,7.1060691,-12.649628366666667,26.301447211602877,-2.0792268712739768,119.99836,0.80005258,-1.2139359e-06,1.2653885e-06,0.0,0.0,-12.649638,1.2653885e-06,0.28303465,100.10303025285448,0.75653,112,0.0,-0.00826863369155991,-0.005369815679812045,0.016353337836019114,0.012443833955655355
CaseM3m_OverhangReference,overhang_ref,19,0.002312,427,-3,1,-0.010000493,-0.010000493,0.089996636,0.0141428328310172,0.4714277610339067,0.89996636,top_cap_zone,0.010003364,0.089996636,0.0158571671689828,0.01874878774592005,148,114,0.009998284000220934,12.641906231971637,0.9763207485462795,0.002824176080330236,0.022329045,-14832719.0,-17205.48683005,-131.03598,68.073832,94.58169021015155,1.3893986489573784,120.03795,0.79993069,2.8116088e-05,0.00012352641,0.0,8.0,3851.8447,0.00012352641,0.28303465,100.10303025285448,0.75653,112,0.0,-0.08008899280936684,0.045702007971484215,0.14680252344373118,0.10432939458707861
CaseM3m_OverhangReference,overhang_ref,19,0.002312,581,-3,1,0.010000493,-0.010000493,0.089996636,0.0141428328310172,0.4714277610339067,0.89996636,top_cap_zone,0.010003364,0.089996636,0.0158571671689828,0.01874878774592005,148,114,0.009998284000220934,12.64190623198108,0.9763207485470088,0.0028241760877788648,0.022329051,-14832723.0,-17205.49029849,-131.03598,68.07383466666666,94.5816862568769,1.3893985364569188,120.03795,0.79993069,2.8116083e-05,0.00012352641,0.0,8.0,3851.844,0.00012352641,0.28303465,100.10303025285448,0.75653,112,0.0,-0.08008899273846115,0.045702008521987275,0.14680252419268272,0.10432939505700004
CaseM3m_OverhangReference,overhang_ref,19,0.002312,449,-3,1,-0.010000493,0.010000493,0.089996636,0.0141428328310172,0.4714277610339067,0.89996636,top_cap_zone,0.010003364,0.089996636,0.0158571671689828,0.01874878774592005,148,114,0.009998284000220934,12.641906231951337,0.9763207485447117,0.0028241763020525387,0.022329049,-14832722.0,-17205.48750709,-131.03598,68.07383333333333,94.58168818381381,1.3893985919770517,120.03795,0.79993069,2.8116081e-05,0.00012352641,0.0,8.0,3851.8445,0.00012352641,0.28303465,100.10303025285448,0.75653,112,0.0,-0.08008899862477792,0.04570200969214369,0.14680253147951675,0.10432940092824101
CaseM3m_OverhangReference,overhang_ref,19,0.002312,603,-3,1,0.010000493,0.010000493,0.089996636,0.0141428328310172,0.4714277610339067,0.89996636,top_cap_zone,0.010003364,0.089996636,0.0158571671689828,0.01874878774592005,148,114,0.009998284000220934,12.641906231970136,0.9763207485461636,0.0028241762921210303,0.022329047,-14832720.0,-17205.48808212,-131.03596,68.07382166666666,94.58167578230952,1.3893986479184672,120.03795,0.79993069,2.811609e-05,0.00012352642,0.0,8.0,3851.8428,0.00012352642,0.28303465,100.10303025285448,0.75653,112,0.0,-0.0800889982365151,0.045702008868707955,0.14680252983031322,0.10432939962305056
CaseM3m_OverhangReference,overhang_ref,20,0.002413,418,-1,1,-0.010000029,-0.010000029,3.2158712e-07,0.01414217663592426,0.47140588786414206,3.2158711999999997e-06,bottom_cap_zone,0.09999967841288,3.2158712e-07,0.01585782336407574,0.015857823367336533,157,86,0.0099998374128836,12.87913318809752,0.9946382294073239,0.00011602092417053703,-0.010208128,6805681.0,-14947.95447461,-2.6226382,-3.535929533333333,22.184594033328224,-6.2740486834348,119.9984,0.80005336,-1.1866935e-06,1.2234965e-06,0.0,0.0,-3.5359395,1.2234965e-06,0.28303465,100.10303025285448,0.75653,112,0.0,-0.009440200329325093,-0.004999856118946315,0.016988030754827466,0.012572719736766418
CaseM3m_OverhangReference,overhang_ref,20,0.002413,484,-1,1,-1.0371275e-13,-0.020000113,3.3775623e-07,0.020000113,0.6666704333333333,3.3775623e-06,edge_ring,0.09999966224377001,3.3775623e-07,0.009999886999999999,0.009999887005704026,142,72,0.009999776244821273,12.703191511744617,0.9810504890764502,0.00015534882792897134,-0.0050705774,3389176.5,-16230.97545413,5.1773005,-11.644940833333335,26.696081398800057,-2.292504683440145,119.99836,0.80005258,-1.2139374e-06,1.2653901e-06,0.0,0.0,-11.644951,1.2653901e-06,0.28303465,100.10303025285448,0.75653,112,0.0,-0.008510272253460079,-0.005624712785490232,0.01683616062875753,0.01274573781771393
CaseM3m_OverhangReference,overhang_ref,20,0.002413,572,-1,1,0.010000029,-0.010000029,3.2158738e-07,0.01414217663592426,0.47140588786414206,3.2158738e-06,bottom_cap_zone,0.09999967841262,3.2158738e-07,0.01585782336407574,0.01585782336733654,157,86,0.0099998374126236,12.879133188087936,0.9946382294065839,0.00011602088454281346,-0.010208131,6805682.5,-14947.95372662,-2.6226385,-3.535930366666667,22.184593705232963,-6.274047112004203,119.9984,0.80005336,-1.1866938e-06,1.2234967e-06,0.0,0.0,-3.5359404,1.2234967e-06,0.28303465,100.10303025285448,0.75653,112,0.0,-0.009440202949275693,-0.004999856297156956,0.016988033919518534,0.01257272218982393
CaseM3m_OverhangReference,overhang_ref,20,0.002413,363,-1,1,-0.020000113,-1.356353e-13,3.3775638e-07,0.020000113,0.6666704333333333,3.3775638e-06,edge_ring,0.09999966224362,3.3775638e-07,0.009999886999999999,0.009999887005704032,142,72,0.009999776244671273,12.703191511738392,0.9810504890759695,0.0001553488214210194,-0.0050705778,3389176.8,-16230.9758182,5.1772962,-11.6449414,26.696091148907858,-2.2925054091648636,119.99836,0.80005258,-1.2139378e-06,1.2653906e-06,0.0,0.0,-11.644952,1.2653906e-06,0.28303465,100.10303025285448,0.75653,112,0.0,-0.008510275677884453,-0.005624712738303779,0.016836164442995266,0.012745740624570451
CaseM3m_OverhangReference,overhang_ref,20,0.002413,440,-1,1,-0.010000029,0.010000029,3.2158718e-07,0.01414217663592426,0.47140588786414206,3.2158717999999998e-06,bottom_cap_zone,0.09999967841282001,3.2158718e-07,0.01585782336407574,0.015857823367336536,157,86,0.009999837412823601,12.879133188084797,0.9946382294063415,0.00011602088863738059,-0.010208131,6805682.5,-14947.95422153,-2.6226349,-3.5359319,22.18459218345121,-6.274043960929001,119.9984,0.80005336,-1.186695e-06,1.223498e-06,0.0,0.0,-3.5359418,1.223498e-06,0.28303465,100.10303025285448,0.75653,112,0.0,-0.0094402031966011,-0.004999855997959126,0.016988033800818876,0.012572722164489191
CaseM3m_OverhangReference,overhang_ref,20,0.002413,528,-1,1,2.4671088e-14,0.020000113,3.3775601e-07,0.020000113,0.6666704333333333,3.3775600999999998e-06,edge_ring,0.09999966224399001,3.3775601e-07,0.009999886999999999,0.009999887005704018,142,72,0.009999776245041272,12.703191511752395,0.981050489077051,0.0001553488346282246,-0.0050705709,3389172.0,-16230.97624129,5.1772947,-11.644938566666667,26.696085039726587,-2.2925054423338422,119.99836,0.80005258,-1.2139363e-06,1.2653891e-06,0.0,0.0,-11.644949,1.2653891e-06,0.28303465,100.10303025285448,0.75653,112,0.0,-0.008510271390906026,-0.005624712227204399,0.01683615903213056,0.012745736836175817
CaseM3m_OverhangReference,overhang_ref,20,0.002413,594,-1,1,0.010000029,0.010000029,3.2158712e-07,0.01414217663592426,0.47140588786414206,3.2158711999999997e-06,bottom_cap_zone,0.09999967841288,3.2158712e-07,0.01585782336407574,0.015857823367336533,157,86,0.0099998374128836,12.87913318810272,0.9946382294077256,0.00011602088142414815,-0.010208133,6805684.0,-14947.95445941,-2.6226377,-3.5359301666666663,22.184593472863607,-6.274047401161517,119.9984,0.80005336,-1.1866929e-06,1.2234958e-06,0.0,0.0,-3.5359402,1.2234958e-06,0.28303465,100.10303025285448,0.75653,112,0.0,-0.00944020569716136,-0.004999856512575032,0.016988037680589558,0.012572724806791103
CaseM3m_OverhangReference,overhang_ref,20,0.002413,649,-1,1,0.020000113,5.5111064e-14,3.3775609e-07,0.020000113,0.6666704333333333,3.3775608999999997e-06,edge_ring,0.09999966224391,3.3775609e-07,0.009999886999999999,0.009999887005704021,142,72,0.009999776244961274,12.703191511750994,0.9810504890769427,0.00015534879984001687,-0.0050705755,3389175.3,-16230.97574356,5.1772947,-11.644938233333333,26.69608545231563,-2.292505543386978,119.99836,0.80005258,-1.2139359e-06,1.2653885e-06,0.0,0.0,-11.644948,1.2653885e-06,0.28303465,100.10303025285448,0.75653,112,0.0,-0.00851027302661278,-0.005624712170150148,0.01683616060715677,0.012745738477205719
CaseM3m_OverhangReference,overhang_ref,20,0.002413,359,-3,1,-0.020001037,-0.010000714,0.069998667,0.022361926607185816,0.7453975535728605,0.6999866699999999,lateral_surface,0.030001333000000005,0.069998667,0.007638073392814183,0.030958361502684623,115,115,0.009999208010111296,11.036375911923857,0.8523245497805988,0.0014984837836680895,-0.013338863,8894004.0,6637.372640138,-119.94743,68.585888,81.47988795157536,1.187997856812401,119.99174,0.79999322,-6.1227965e-06,3.3814707e-05,0.0,4.0,1561.9415,3.3814707e-05,0.28303465,100.10303025285448,0.75653,112,0.0,-0.05922737351576797,0.027451299473790186,0.10555061226620595,0.0763678618316595
CaseM3m_OverhangReference,overhang_ref,20,0.002413,414,-3,1,-0.010000714,-0.020001037,0.069998667,0.022361926607185816,0.7453975535728605,0.6999866699999999,lateral_surface,0.030001333000000005,0.069998667,0.007638073392814183,0.030958361502684623,115,115,0.009999208010111296,11.036375911914048,0.8523245497798412,0.001498483678904168,-0.013338873,8894011.0,6637.372810011,-119.94743,68.58588666666667,81.47988995434044,1.1879979091083235,119.99174,0.79999322,-6.1227975e-06,3.3814707e-05,0.0,4.0,1561.9406,3.3814707e-05,0.28303465,100.10303025285448,0.75653,112,0.0,-0.05922737325341028,0.02745129872045628,0.10555061219133162,0.07636786110140846
CaseM3m_OverhangReference,overhang_ref,20,0.002413,568,-3,1,0.010000714,-0.020001037,0.069998667,0.022361926607185816,0.7453975535728605,0.6999866699999999,lateral_surface,0.030001333000000005,0.069998667,0.007638073392814183,0.030958361502684623,115,115,0.009999208010111296,11.036375911910776,0.8523245497795885,0.0014984835068836096,-0.013338864,8894005.0,6637.372033595,-119.94742,68.58587833333333,81.47988991403145,1.1879980528649368,119.99174,0.79999322,-6.1228034e-06,3.3814704e-05,0.0,4.0,1561.9408,3.3814704e-05,0.28303465,100.10303025285448,0.75653,112,0.0,-0.05922737327501529,0.027451299126584207,0.10555061564770209,0.07636786206788486
CaseM3m_OverhangReference,overhang_ref,20,0.002413,645,-3,1,0.020001037,-0.010000714,0.069998667,0.022361926607185816,0.7453975535728605,0.6999866699999999,lateral_surface,0.030001333000000005,0.069998667,0.007638073392814183,0.030958361502684623,115,115,0.009999208010111296,11.03637591189638,0.8523245497784767,0.001498483574140248,-0.013338866,8894006.0,6637.371990406,-119.94743,68.585883,81.47989647725973,1.1879980677256825,119.99174,0.79999322,-6.1228002e-06,3.3814693e-05,0.0,4.0,1561.9415,3.3814693e-05,0.28303465,100.10303025285448,0.75653,112,0.0,-0.05922737322566053,0.02745129808668374,0.10555061308485833,0.07636786092386602
CaseM3m_OverhangReference,overhang_ref,20,0.002413,381,-3,1,-0.020001037,0.010000714,0.069998667,0.022361926607185816,0.7453975535728605,0.6999866699999999,lateral_surface,0.030001333000000005,0.069998667,0.007638073392814183,0.030958361502684623,115,115,0.009999208010111296,11.036375911899878,0.8523245497787468,0.0014984835972560613,-0.013338868,8894007.0,6637.372081297,-119.94743,68.585883,81.47989739356449,1.1879980810856439,119.99174,0.79999322,-6.1228016e-06,3.3814697e-05,0.0,5.0,1561.9418,3.3814697e-05,0.28303465,100.10303025285448,0.75653,112,0.0,-0.05922737383982353,0.027451299367122935,0.10555061519012035,0.07636786233630383
CaseM3m_OverhangReference,overhang_ref,20,0.002413,458,-3,1,-0.010000714,0.020001037,0.069998667,0.022361926607185816,0.7453975535728605,0.6999866699999999,lateral_surface,0.030001333000000005,0.069998667,0.007638073392814183,0.030958361502684623,115,115,0.009999208010111296,11.036375911901546,0.8523245497788757,0.0014984836414495392,-0.013338866,8894006.0,6637.372111817,-119.94743,68.58588433333334,81.47989478430573,1.1879980199468798,119.99174,0.79999322,-6.1227997e-06,3.3814704e-05,0.0,4.0,1561.9413,3.3814704e-05,0.28303465,100.10303025285448,0.75653,112,0.0,-0.05922737352806283,0.02745130136134836,0.10555061678353861,0.07636786346854858
CaseM3m_OverhangReference,overhang_ref,20,0.002413,612,-3,1,0.010000714,0.020001037,0.069998667,0.022361926607185816,0.7453975535728605,0.6999866699999999,lateral_surface,0.030001333000000005,0.069998667,0.007638073392814183,0.030958361502684623,115,115,0.009999208010111296,11.036375911917698,0.8523245497801232,0.0014984837164114474,-0.013338866,8894006.0,6637.371603499,-119.94743,68.58588566666667,81.47989318971653,1.1879979736022634,119.99174,0.79999322,-6.1228038e-06,3.3814707e-05,0.0,4.0,1561.9412,3.3814707e-05,0.28303465,100.10303025285448,0.75653,112,0.0,-0.059227373148441946,0.027451300364430296,0.10555061453930761,0.07636786261641301
CaseM3m_OverhangReference,overhang_ref,20,0.002413,667,-3,1,0.020001037,0.010000714,0.069998667,0.022361926607185816,0.7453975535728605,0.6999866699999999,lateral_surface,0.030001333000000005,0.069998667,0.007638073392814183,0.030958361502684623,115,115,0.009999208010111296,11.03637591192395,0.8523245497806059,0.0014984837164114474,-0.013338866,8894006.0,6637.371550755,-119.94742,68.58587966666666,81.47988739804768,1.1879979930861428,119.99174,0.79999322,-6.1228025e-06,3.38147e-05,0.0,4.0,1561.9404,3.38147e-05,0.28303465,100.10303025285448,0.75653,112,0.0,-0.059227372605195915,0.02745130030553434,0.10555061387860078,0.07636786232972272
CaseM3m_OverhangReference,overhang_ref,21,0.002513,418,-1,1,-0.010000023,-0.010000023,3.1121667e-07,0.014142168150642887,0.4714056050214296,3.1121667e-06,bottom_cap_zone,0.09999968878333,3.1121667e-07,0.015857831849357112,0.015857831852410992,157,86,0.009999814783329999,12.879153746688498,0.9946368884295143,0.0001615043220536764,-0.011034392,7363831.0,-14207.64586124,-6.1107049,-1.0886133666666666,22.9107250053634,-21.045786967981133,119.9984,0.80005336,-1.1866935e-06,1.2234965e-06,0.0,0.0,-1.0886234,1.2234965e-06,0.28303465,100.10303025285448,0.75653,112,0.0,-0.009504106988741353,-0.0050274050808288995,0.017049824231486977,0.012624237443764558
CaseM3m_OverhangReference,overhang_ref,21,0.002513,484,-1,1,-1.0618004e-13,-0.0200001,3.2753027e-07,0.0200001,0.66667,3.2753027e-06,edge_ring,0.09999967246973,3.2753027e-07,0.009999899999999999,0.009999900005363858,142,72,0.009999750470682224,12.703204233809688,0.9810485829047458,0.0001893637842103569,-0.0061630178,4123370.3,-15816.44034161,2.5233285,-10.113110166666665,27.367981214411426,-2.7061883795766124,119.99836,0.80005258,-1.2139374e-06,1.2653901e-06,0.0,0.0,-10.11312,1.2653901e-06,0.28303465,100.10303025285448,0.75653,112,0.0,-0.008906016641295113,-0.005586058967833004,0.01721427465445709,0.012960606656615333
CaseM3m_OverhangReference,overhang_ref,21,0.002513,572,-1,1,0.010000023,-0.010000023,3.1121692e-07,0.014142168150642887,0.4714056050214296,3.1121691999999997e-06,bottom_cap_zone,0.09999968878308,3.1121692e-07,0.015857831849357112,0.015857831852410995,157,86,0.00999981478308,12.879153746679213,0.9946368884287972,0.00016150428276218986,-0.011034393,7363832.0,-14207.64501273,-6.1107049,-1.0886143000000004,22.9107246690646,-21.045768615261245,119.9984,0.80005336,-1.1866938e-06,1.2234967e-06,0.0,0.0,-1.0886244,1.2234967e-06,0.28303465,100.10303025285448,0.75653,112,0.0,-0.009504108868088907,-0.005027405336715155,0.017049826735661244,0.012624239457637432
CaseM3m_OverhangReference,overhang_ref,21,0.002513,363,-1,1,-0.0200001,-1.3684496e-13,3.2753042e-07,0.0200001,0.66667,3.2753041999999998e-06,edge_ring,0.09999967246958001,3.2753042e-07,0.009999899999999999,0.009999900005363861,142,72,0.009999750470532224,12.703204233803408,0.9810485829042609,0.00018936374480131034,-0.0061630178,4123370.3,-15816.44070568,2.5233245,-10.113111166666668,27.367991205355583,-2.706189099904477,119.99836,0.80005258,-1.2139378e-06,1.2653906e-06,0.0,0.0,-10.113121,1.2653906e-06,0.28303465,100.10303025285448,0.75653,112,0.0,-0.008906020237452067,-0.005586058602898981,0.017214278549486567,0.012960609683439536
CaseM3m_OverhangReference,overhang_ref,21,0.002513,440,-1,1,-0.010000023,0.010000023,3.1121672e-07,0.014142168150642887,0.4714056050214296,3.1121672e-06,bottom_cap_zone,0.09999968878328,3.1121672e-07,0.015857831849357112,0.015857831852410992,157,86,0.009999814783279999,12.879153746676087,0.9946368884285557,0.00016150428856101412,-0.011034395,7363833.0,-14207.6454071,-6.1107016,-1.0886157333333335,22.910723552124193,-21.04573987918742,119.9984,0.80005336,-1.186695e-06,1.223498e-06,0.0,0.0,-1.0886258,1.223498e-06,0.28303465,100.10303025285448,0.75653,112,0.0,-0.009504108929655803,-0.005027404892375237,0.017049826238321734,0.012624239155965422
CaseM3m_OverhangReference,overhang_ref,21,0.002513,528,-1,1,2.4403063e-14,0.0200001,3.2753005e-07,0.0200001,0.66667,3.2753005e-06,edge_ring,0.09999967246995001,3.2753005e-07,0.009999899999999999,0.009999900005363847,142,72,0.009999750470902225,12.703204233817505,0.9810485829053496,0.00018936375594366125,-0.0061630127,4123366.8,-15816.44148063,2.5233231,-10.113108366666665,27.367985013538128,-2.706189236906077,119.99836,0.80005258,-1.2139363e-06,1.2653891e-06,0.0,0.0,-10.113118,1.2653891e-06,0.28303465,100.10303025285448,0.75653,112,0.0,-0.008906017142357553,-0.005586057943533038,0.017214273783343653,0.012960606588349737
CaseM3m_OverhangReference,overhang_ref,21,0.002513,594,-1,1,0.010000023,0.010000023,3.1121667e-07,0.014142168150642887,0.4714056050214296,3.1121667e-06,bottom_cap_zone,0.09999968878333,3.1121667e-07,0.015857831849357112,0.015857831852410992,157,86,0.009999814783329999,12.879153746693833,0.9946368884299261,0.0001615042468269715,-0.011034397,7363835.0,-14207.64544391,-6.1107039,-1.0886141666666662,22.910724262641963,-21.045770819605025,119.9984,0.80005336,-1.1866929e-06,1.2234958e-06,0.0,0.0,-1.0886241,1.2234958e-06,0.28303465,100.10303025285448,0.75653,112,0.0,-0.009504111753843419,-0.005027405307493264,0.017049830286438784,0.012624242113688212
CaseM3m_OverhangReference,overhang_ref,21,0.002513,649,-1,1,0.0200001,5.6606721e-14,3.2753016e-07,0.0200001,0.66667,3.2753016e-06,edge_ring,0.09999967246984001,3.2753016e-07,0.009999899999999999,0.009999900005363853,142,72,0.009999750470792225,12.703204233815176,0.9810485829051697,0.00018936374181031463,-0.0061630164,4123369.3,-15816.44073157,2.5233228,-10.113107933333334,27.36798559016892,-2.7061894098808743,119.99836,0.80005258,-1.2139359e-06,1.2653885e-06,0.0,0.0,-10.113118,1.2653885e-06,0.28303465,100.10303025285448,0.75653,112,0.0,-0.00890601742359369,-0.005586058034839619,0.017214274267471814,0.01296060726933854
CaseM3m_Overhang045,overhang045,7,0.001106,638,-1,1,-8.1329732e-14,-0.01000003,0.030000033,0.01000003,0.33333433333333334,0.30000033,interior,0.06999996700000001,0.030000033,0.01999997,0.03605552357131968,153,153,0.009999981000000801,12.935955030973124,0.9967885152242376,0.0001191990065826477,0.024122247,-16055770.0,-20609.9294601,-19.13553,-0.09497086666666732,28.90061195093139,-304.3102897267217,119.99883,0.80005133,-8.7163158e-07,9.1469212e-07,0.0,0.0,-0.094980702,9.1469212e-07,0.3752375,132.7131176854335,0.786599,112,0.0,-0.006973666101175875,0.012833065966666217,0.027504377143192746,0.01947300593901458
CaseM3m_Overhang045,overhang045,7,0.001106,572,-1,1,-0.01000003,-1.0154555e-14,0.030000033,0.01000003,0.33333433333333334,0.30000033,interior,0.06999996700000001,0.030000033,0.01999997,0.03605552357131968,153,153,0.009999981000000801,12.935955030972808,0.9967885152242133,0.00011919914376953804,0.024122247,-16055770.0,-20609.92845466,-19.13553,-0.09497183333333344,28.90061327252115,-304.3072062332985,119.99883,0.80005133,-8.7163369e-07,9.1469434e-07,0.0,0.0,-0.094981655,9.1469434e-07,0.3752375,132.7131176854335,0.786599,112,0.0,-0.006973665859562181,0.012833065890547543,0.027504376928975012,0.01947300584919285
CaseM3m_Overhang045,overhang045,7,0.001106,660,-1,1,-1.7757563e-14,0.01000003,0.030000033,0.01000003,0.33333433333333334,0.30000033,interior,0.06999996700000001,0.030000033,0.01999997,0.03605552357131968,153,153,0.009999981000000801,12.935955030964148,0.996788515223546,0.0001191991063874033,0.024122246,-16055769.0,-20609.93016389,-19.135527,-0.09497186666666717,28.90060897752512,-304.30705420333214,119.99883,0.80005133,-8.7163511e-07,9.1469587e-07,0.0,0.0,-0.094981976,9.1469587e-07,0.3752375,132.7131176854335,0.786599,112,0.0,-0.006973666134189518,0.012833065602440671,0.02750437653219954,0.019473005588291938
CaseM3m_Overhang045,overhang045,7,0.001106,726,-1,1,0.01000003,1.5148307e-14,0.030000033,0.01000003,0.33333433333333334,0.30000033,interior,0.06999996700000001,0.030000033,0.01999997,0.03605552357131968,153,153,0.009999981000000801,12.935955030964685,0.9967885152235874,0.00011919923969863592,0.024122247,-16055770.0,-20609.93036496,-19.13553,-0.09497150000000094,28.900613180202484,-304.30827332623153,119.99883,0.80005133,-8.7163488e-07,9.1469559e-07,0.0,0.0,-0.094981343,9.1469559e-07,0.3752375,132.7131176854335,0.786599,112,0.0,-0.0069736663051408404,0.012833066764748616,0.027504378838554448,0.019473007295648433
CaseM3m_Overhang045,overhang045,7,0.001106,639,-1,1,-4.2677779e-14,-0.010000034,0.040000014,0.010000034,0.33333446666666666,0.40000014,interior,0.059999986000000005,0.040000014,0.019999966,0.044721356866729255,153,153,0.009999981000000801,12.935935218995708,0.9967869885992992,6.057648422842253e-05,0.024305716,-16179763.0,-21531.78591614,-18.04727,-0.5042911666666671,27.831113023971742,-55.188579264502394,119.99729,0.80005383,-2.0064253e-06,2.0953519e-06,0.0,0.0,-0.50430119,2.0953519e-06,0.3752375,132.7131176854335,0.786599,112,0.0,-0.008707272424486807,0.012568952992346772,0.028024269466754854,0.019816597488720503
CaseM3m_Overhang045,overhang045,7,0.001106,573,-1,1,-0.010000034,-2.6390506e-14,0.040000014,0.010000034,0.33333446666666666,0.40000014,interior,0.059999986000000005,0.040000014,0.019999966,0.044721356866729255,153,153,0.009999981000000801,12.935935218990684,0.9967869885989121,6.057647929007373e-05,0.024305716,-16179763.0,-21531.78641887,-18.047266,-0.5042927999999994,27.831109538291,-55.18839360445168,119.99729,0.80005383,-2.0064251e-06,2.0953519e-06,0.0,0.0,-0.5043028,2.0953519e-06,0.3752375,132.7131176854335,0.786599,112,0.0,-0.008707272543948243,0.012568951790773452,0.028024267473823257,0.019816596072168107
CaseM3m_Overhang045,overhang045,7,0.001106,661,-1,1,-2.104411e-14,0.010000034,0.040000014,0.010000034,0.33333446666666666,0.40000014,interior,0.059999986000000005,0.040000014,0.019999966,0.044721356866729255,153,153,0.009999981000000801,12.935935218982973,0.9967869885983179,6.057653418798296e-05,0.024305711,-16179759.0,-21531.787927,-18.047266,-0.5042927999999994,27.831109550926424,-55.18839362950741,119.99729,0.80005383,-2.0064242e-06,2.0953507e-06,0.0,0.0,-0.5043028,2.0953507e-06,0.3752375,132.7131176854335,0.786599,112,0.0,-0.008707272295179848,0.012568952264983252,0.02802426819265486,0.01981659657619308
CaseM3m_Overhang045,overhang045,7,0.001106,727,-1,1,0.010000034,-2.5148227e-14,0.040000014,0.010000034,0.33333446666666666,0.40000014,interior,0.059999986000000005,0.040000014,0.019999966,0.044721356866729255,153,153,0.009999981000000801,12.935935218987998,0.9967869885987052,6.057657763293485e-05,0.024305711,-16179759.0,-21531.78571508,-18.04727,-0.5042911333333334,27.831113055267455,-55.18858297449235,119.99729,0.80005383,-2.0064256e-06,2.0953523e-06,0.0,0.0,-0.50430119,2.0953523e-06,0.3752375,132.7131176854335,0.786599,112,0.0,-0.008707272249613872,0.012568952831645545,0.02802426915844162,0.01981659725824171
CaseM3m_Overhang045,overhang045,8,0.001206,638,-1,1,-8.7614777e-14,-0.010000031,0.030000046,0.010000031,0.33333436666666666,0.30000045999999997,interior,0.069999954,0.030000046,0.019999969,0.03605553383328386,153,153,0.009999975000001798,12.935930518156866,0.9967877224990027,0.0001338406163221282,0.017538818,-11662278.0,-21782.43200533,-18.146832,-3.0338343333333335,31.821726776144672,-10.488946751809454,119.99883,0.80005133,-8.7163158e-07,9.1469212e-07,0.0,0.0,-3.0338445,9.1469212e-07,0.3752375,132.7131176854335,0.786599,112,0.0,-0.008033246646640478,0.009788217374789375,0.02264408153242526,0.016060808358167596
CaseM3m_Overhang045,overhang045,8,0.001206,572,-1,1,-0.010000031,-9.3002329e-15,0.030000046,0.010000031,0.33333436666666666,0.30000045999999997,interior,0.069999954,0.030000046,0.019999969,0.03605553383328386,153,153,0.009999975000001798,12.935930518156717,0.9967877224989913,0.00013384072632443645,0.017538814,-11662275.0,-21782.43069828,-18.146832,-3.0338346666666673,31.82172714728164,-10.48894572170104,119.99883,0.80005133,-8.7163369e-07,9.1469434e-07,0.0,0.0,-3.0338452,9.1469434e-07,0.3752375,132.7131176854335,0.786599,112,0.0,-0.008033246566845755,0.009788217298104203,0.022644081376844486,0.01606080831612983
CaseM3m_Overhang045,overhang045,8,0.001206,660,-1,1,-1.8872724e-14,0.010000031,0.030000046,0.010000031,0.33333436666666666,0.30000045999999997,interior,0.069999954,0.030000046,0.019999969,0.03605553383328386,153,153,0.009999975000001798,12.935930518148622,0.9967877224983674,0.00013384071635868665,0.01753881,-11662273.0,-21782.43220644,-18.146828,-3.033835000000001,31.821721803633864,-10.488942807909412,119.99883,0.80005133,-8.7163511e-07,9.1469587e-07,0.0,0.0,-3.0338452,9.1469587e-07,0.3752375,132.7131176854335,0.786599,112,0.0,-0.008033246780885635,0.00978821680837521,0.02264408067665632,0.016060807874355786
CaseM3m_Overhang045,overhang045,8,0.001206,726,-1,1,0.010000031,1.9256655e-14,0.030000046,0.010000031,0.33333436666666666,0.30000045999999997,interior,0.069999954,0.030000046,0.019999969,0.03605553383328386,153,153,0.009999975000001798,12.935930518149013,0.9967877224983976,0.00013384081652501113,0.017538814,-11662275.0,-21782.43260858,-18.146832,-3.033834,31.821726501871417,-10.488947813845918,119.99883,0.80005133,-8.7163488e-07,9.1469559e-07,0.0,0.0,-3.0338445,9.1469559e-07,0.3752375,132.7131176854335,0.786599,112,0.0,-0.00803324691661283,0.009788217957294076,0.0226440828490414,0.01606080950844272
CaseM3m_Overhang045,overhang045,8,0.001206,639,-1,1,-4.6018921e-14,-0.010000037,0.040000021,0.010000037,0.33333456666666667,0.40000020999999997,interior,0.05999997900000001,0.040000021,0.019999963,0.04472136178608394,153,153,0.009999972000000803,12.93591191693841,0.9967862891683155,5.284116698556978e-05,0.016981991,-11291522.0,-22667.01338067,-17.357491,-3.34985,31.06485501720079,-9.27350628153523,119.99729,0.80005383,-2.0064253e-06,2.0953519e-06,0.0,0.0,-3.34986,2.0953519e-06,0.3752375,132.7131176854335,0.786599,112,0.0,-0.010680832284934027,0.00939011515833209,0.02413804964153176,0.01706879680053032
CaseM3m_Overhang045,overhang045,8,0.001206,573,-1,1,-0.010000037,-2.6284142e-14,0.040000021,0.010000037,0.33333456666666667,0.40000020999999997,interior,0.05999997900000001,0.040000021,0.019999963,0.04472136178608394,153,153,0.009999972000000803,12.935911916933339,0.9967862891679247,5.284119742376014e-05,0.016981982,-11291516.0,-22667.01328018,-17.357487,-3.349851000000001,31.064850520970534,-9.273502170983283,119.99729,0.80005383,-2.0064251e-06,2.0953519e-06,0.0,0.0,-3.3498614,2.0953519e-06,0.3752375,132.7131176854335,0.786599,112,0.0,-0.010680832472620298,0.009390114002898964,0.024138048090190902,0.017068795695411025
CaseM3m_Overhang045,overhang045,8,0.001206,661,-1,1,-2.2367387e-14,0.010000037,0.040000021,0.010000037,0.33333456666666667,0.40000020999999997,interior,0.05999997900000001,0.040000021,0.019999963,0.04472136178608394,153,153,0.009999972000000803,12.935911916926301,0.9967862891673824,5.28412462174868e-05,0.016981982,-11291516.0,-22667.0147883,-17.357487,-3.3498513333333335,31.064851036942564,-9.273501402234137,119.99729,0.80005383,-2.0064242e-06,2.0953507e-06,0.0,0.0,-3.3498616,2.0953507e-06,0.3752375,132.7131176854335,0.786599,112,0.0,-0.010680832410305546,0.009390114289685593,0.024138048541720435,0.01706879601003163
CaseM3m_Overhang045,overhang045,8,0.001206,727,-1,1,0.010000037,-2.5909898e-14,0.040000021,0.010000037,0.33333456666666667,0.40000020999999997,interior,0.05999997900000001,0.040000021,0.019999963,0.04472136178608394,153,153,0.009999972000000803,12.93591191693138,0.9967862891677737,5.2841255633604336e-05,0.016981985,-11291518.0,-22667.01277746,-17.357491,-3.3498496666666675,31.064854550286956,-9.273507064930062,119.99729,0.80005383,-2.0064256e-06,2.0953523e-06,0.0,0.0,-3.3498597,2.0953523e-06,0.3752375,132.7131176854335,0.786599,112,0.0,-0.010680832304640243,0.009390114813565664,0.024138049255587875,0.01706879651492315
CaseM3m_Overhang045,overhang045,9,0.001307,638,-1,1,-9.3241529e-14,-0.01000003,0.030000059,0.01000003,0.33333433333333334,0.30000058999999996,interior,0.06999994100000001,0.030000059,0.01999997,0.03605554520464752,153,153,0.009999966000003203,12.935915995491012,0.9967870029629138,0.00014644096803570012,0.010354028,-6868190.5,-22472.94350664,-18.128248,-4.7687843333333335,34.392806006212695,-7.2120699117824145,119.99883,0.80005133,-8.7163158e-07,9.1469212e-07,0.0,0.0,-4.7687941,9.1469212e-07,0.3752375,132.7131176854335,0.786599,112,0.0,-0.00908216093787476,0.006636149708244495,0.018496055166732923,0.013166250074162299
CaseM3m_Overhang045,overhang045,9,0.001307,572,-1,1,-0.01000003,-8.0923054e-15,0.030000059,0.01000003,0.33333433333333334,0.30000058999999996,interior,0.06999994100000001,0.030000059,0.01999997,0.03605554520464752,153,153,0.009999966000003203,12.935915995491115,0.9967870029629218,0.0001464410863589886,0.010354027,-6868190.0,-22472.94214932,-18.128246,-4.768785666666665,34.392804839098154,-7.212067650576208,119.99883,0.80005133,-8.7163369e-07,9.1469434e-07,0.0,0.0,-4.7687955,9.1469434e-07,0.3752375,132.7131176854335,0.786599,112,0.0,-0.00908216088591223,0.0066361496298069315,0.018496055022853307,0.013166250080192383
CaseM3m_Overhang045,overhang045,9,0.001307,660,-1,1,-1.9946017e-14,0.01000003,0.030000059,0.01000003,0.33333433333333334,0.30000058999999996,interior,0.06999994100000001,0.030000059,0.01999997,0.03605554520464752,153,153,0.009999966000003203,12.935915995483759,0.9967870029623549,0.0001464410231219963,0.01035403,-6868192.0,-22472.94385856,-18.128244,-4.768785000000002,34.39280102322733,-7.212067858632191,119.99883,0.80005133,-8.7163511e-07,9.1469587e-07,0.0,0.0,-4.768795,9.1469587e-07,0.3752375,132.7131176854335,0.786599,112,0.0,-0.009082161040588635,0.006636149137375355,0.01849605443697008,0.01316624967294031
CaseM3m_Overhang045,overhang045,9,0.001307,726,-1,1,0.01000003,2.3784409e-14,0.030000059,0.01000003,0.33333433333333334,0.30000058999999996,interior,0.06999994100000001,0.030000059,0.01999997,0.03605554520464752,153,153,0.009999966000003203,12.935915995483892,0.9967870029623652,0.00014644111080689255,0.010354031,-6868192.5,-22472.94431096,-18.128246,-4.768785,34.39280419420946,-7.212068523577695,119.99883,0.80005133,-8.7163488e-07,9.1469559e-07,0.0,0.0,-4.768795,9.1469559e-07,0.3752375,132.7131176854335,0.786599,112,0.0,-0.009082161125576044,0.00663615015461934,0.018496056106495466,0.013166250997023992
CaseM3m_Overhang045,overhang045,9,0.001307,639,-1,1,-4.93989e-14,-0.010000038,0.040000025,0.010000038,0.3333346,0.40000025,interior,0.059999975000000004,0.040000025,0.019999962,0.04472136491658175,153,153,0.0099999610000018,12.935899001397416,0.9967856934699,4.119412909209971e-05,0.0088922139,-5892649.5,-23259.44631522,-17.920607,-4.839853333333334,34.148559500128215,-7.055701309157071,119.99729,0.80005383,-2.0064253e-06,2.0953519e-06,0.0,0.0,-4.8398633,2.0953519e-06,0.3752375,132.7131176854335,0.786599,112,0.0,-0.012637938360410984,0.006178750761580452,0.021789339715851164,0.015408351507900436
CaseM3m_Overhang045,overhang045,9,0.001307,573,-1,1,-0.010000038,-2.576457e-14,0.040000025,0.010000038,0.3333346,0.40000025,interior,0.059999975000000004,0.040000025,0.019999962,0.04472136491658175,153,153,0.0099999610000018,12.935899001392446,0.9967856934695171,4.119419747497282e-05,0.0088922139,-5892649.5,-23259.44621472,-17.920603,-4.839854333333332,34.1485549532667,-7.055698911861198,119.99729,0.80005383,-2.0064251e-06,2.0953519e-06,0.0,0.0,-4.8398647,2.0953519e-06,0.3752375,132.7131176854335,0.786599,112,0.0,-0.01263793843775076,0.006178749621435683,0.02178933856200632,0.015408350683908676
CaseM3m_Overhang045,overhang045,9,0.001307,661,-1,1,-2.3567253e-14,0.010000038,0.040000025,0.010000038,0.3333346,0.40000025,interior,0.059999975000000004,0.040000025,0.019999962,0.04472136491658175,153,153,0.0099999610000018,12.935899001386238,0.9967856934690387,4.1194210291721013e-05,0.0088922139,-5892649.5,-23259.44772284,-17.920603,-4.839854333333332,34.148554968384936,-7.055698914984895,119.99729,0.80005383,-2.0064242e-06,2.0953507e-06,0.0,0.0,-4.8398647,2.0953507e-06,0.3752375,132.7131176854335,0.786599,112,0.0,-0.012637938315583892,0.006178749830051034,0.021789338763994484,0.0154083508210261
CaseM3m_Overhang045,overhang045,9,0.001307,727,-1,1,0.010000038,-2.6130694e-14,0.040000025,0.010000038,0.3333346,0.40000025,interior,0.059999975000000004,0.040000025,0.019999962,0.04472136491658175,153,153,0.0099999610000018,12.935899001391206,0.9967856934694215,4.119420858950468e-05,0.0088922139,-5892649.5,-23259.44571201,-17.920607,-4.839852333333332,34.148558005641654,-7.0557024582034416,119.99729,0.80005383,-2.0064256e-06,2.0953523e-06,0.0,0.0,-4.8398628,2.0953523e-06,0.3752375,132.7131176854335,0.786599,112,0.0,-0.012637938236273238,0.0061787503883994985,0.021789339309819387,0.015408351206910182
CaseM3m_Overhang045,overhang045,10,0.001408,638,-1,1,-9.8135835e-14,-0.010000026,0.030000074,0.010000026,0.3333342,0.30000074,interior,0.069999926,0.030000074,0.019999973999999997,0.036055559904211054,153,153,0.009999955000006049,12.935911920847495,0.9967862579080654,0.00015733527224257233,0.0028888751,-1887812.6,-20018.16381977,-19.100735,-5.25285,36.574754706973074,-6.962840116693429,119.99883,0.80005133,-8.7163158e-07,9.1469212e-07,0.0,0.0,-5.2528601,9.1469212e-07,0.3752375,132.7131176854335,0.786599,112,0.0,-0.010091700084682775,0.0034761508858394347,0.015925090376448542,0.011398097117612683
CaseM3m_Overhang045,overhang045,10,0.001408,572,-1,1,-0.010000026,-6.3671877e-15,0.030000074,0.010000026,0.3333342,0.30000074,interior,0.069999926,0.030000074,0.019999973999999997,0.036055559904211054,153,153,0.009999955000006049,12.935911920847909,0.9967862579080974,0.00015733538774860635,0.0028888751,-1887812.6,-20018.16393866,-19.100735,-5.252850666666667,36.574755523436544,-6.962839388435538,119.99883,0.80005133,-8.7163369e-07,9.1469434e-07,0.0,0.0,-5.252861,9.1469434e-07,0.3752375,132.7131176854335,0.786599,112,0.0,-0.010091700153900342,0.003476150773666452,0.015925090364138396,0.01139809726740233
CaseM3m_Overhang045,overhang045,10,0.001408,660,-1,1,-2.1041073e-14,0.010000026,0.030000074,0.010000026,0.3333342,0.30000074,interior,0.069999926,0.030000074,0.019999973999999997,0.036055559904211054,153,153,0.009999955000006049,12.935911920841441,0.996786257907599,0.00015733531840973668,0.0028888732,-1887811.4,-20018.16498135,-19.100731,-5.252850666666668,36.5747497187472,-6.96283828338045,119.99883,0.80005133,-8.7163511e-07,9.1469587e-07,0.0,0.0,-5.252861,9.1469587e-07,0.3752375,132.7131176854335,0.786599,112,0.0,-0.010091700450944121,0.0034761503827547002,0.01592509039519969,0.011398097294414522
CaseM3m_Overhang045,overhang045,10,0.001408,726,-1,1,0.010000026,2.8377008e-14,0.030000074,0.010000026,0.3333342,0.30000074,interior,0.069999926,0.030000074,0.019999973999999997,0.036055559904211054,153,153,0.009999955000006049,12.935911920841319,0.9967862579075896,0.00015733536617365957,0.0028888742,-1887812.0,-20018.16478949,-19.100735,-5.25285,36.574754829526555,-6.962840140024284,119.99883,0.80005133,-8.7163488e-07,9.1469559e-07,0.0,0.0,-5.2528601,9.1469559e-07,0.3752375,132.7131176854335,0.786599,112,0.0,-0.010091700452676065,0.0034761512709193627,0.015925091312206697,0.011398098092157069
CaseM3m_Overhang045,overhang045,10,0.001408,639,-1,1,-5.2865495e-14,-0.010000037,0.040000029,0.010000037,0.33333456666666667,0.40000029,interior,0.059999971000000006,0.040000029,0.019999963,0.04472136894150502,153,153,0.009999946000004053,12.935898909622303,0.9967852553184877,3.4597672115321184e-05,0.00040519453,-229527.23,-20398.8570033,-19.796331,-4.907747666666669,37.07168466018078,-7.553706339054669,119.99729,0.80005383,-2.0064253e-06,2.0953519e-06,0.0,0.0,-4.9077573,2.0953519e-06,0.3752375,132.7131176854335,0.786599,112,0.0,-0.014530384739445295,0.0030223719585695365,0.021512820665647137,0.015213502808760415
CaseM3m_Overhang045,overhang045,10,0.001408,573,-1,1,-0.010000037,-2.5238016e-14,0.040000029,0.010000037,0.33333456666666667,0.40000029,interior,0.059999971000000006,0.040000029,0.019999963,0.04472136894150502,153,153,0.009999946000004053,12.935898909617553,0.9967852553181217,3.459780526563575e-05,0.00040519246,-229525.88,-20398.8574095,-19.796326,-4.907749,37.071679070484805,-7.553703147916653,119.99729,0.80005383,-2.0064251e-06,2.0953519e-06,0.0,0.0,-4.9077592,2.0953519e-06,0.3752375,132.7131176854335,0.786599,112,0.0,-0.014530384767522114,0.0030223709578400737,0.021512820182863,0.015213502456878704
CaseM3m_Overhang045,overhang045,10,0.001408,661,-1,1,-2.4614032e-14,0.010000037,0.040000029,0.010000037,0.33333456666666667,0.40000029,interior,0.059999971000000006,0.040000029,0.019999963,0.04472136894150502,153,153,0.009999946000004053,12.935898909612241,0.9967852553177124,3.4597757686759465e-05,0.00040519112,-229524.98,-20398.85820367,-19.796326,-4.907749,37.07167908922758,-7.55370315173567,119.99729,0.80005383,-2.0064242e-06,2.0953507e-06,0.0,0.0,-4.9077592,2.0953507e-06,0.3752375,132.7131176854335,0.786599,112,0.0,-0.01453038480471561,0.003022371088121992,0.021512820432778867,0.015213502627751825
CaseM3m_Overhang045,overhang045,10,0.001408,727,-1,1,0.010000037,-2.5636563e-14,0.040000029,0.010000037,0.33333456666666667,0.40000029,interior,0.059999971000000006,0.040000029,0.019999963,0.04472136894150502,153,153,0.009999946000004053,12.935898909617,0.9967852553180792,3.459773751158873e-05,0.00040519139,-229525.17,-20398.85780008,-19.796331,-4.907746666666667,37.07168314367869,-7.553707569192383,119.99729,0.80005383,-2.0064256e-06,2.0953523e-06,0.0,0.0,-4.9077568,2.0953523e-06,0.3752375,132.7131176854335,0.786599,112,0.0,-0.014530384797079882,0.003022371571105604,0.021512820689427364,0.015213502807989027
CaseM3m_Overhang045,overhang045,11,0.001508,638,-1,1,-1.02278e-13,-0.010000019,0.030000089,0.010000019,0.3333339666666667,0.30000088999999996,interior,0.069999911,0.030000089,0.019999981,0.03605557626787127,153,153,0.009999940000011249,12.935918548976062,0.9967856471264606,0.00016561826572706728,-0.004643721,3124347.8,-19704.05231054,-21.065331,-4.474742666666667,38.351896595232766,-8.570749080371572,119.99883,0.80005133,-8.7163158e-07,9.1469212e-07,0.0,0.0,-4.4747529,9.1469212e-07,0.3752375,132.7131176854335,0.786599,112,0.0,-0.011034423923998412,0.0004058622457762702,0.01569356943378457,0.011273841758403704
CaseM3m_Overhang045,overhang045,11,0.001508,572,-1,1,-0.010000019,-4.3427595e-15,0.030000089,0.010000019,0.3333339666666667,0.30000088999999996,interior,0.069999911,0.030000089,0.019999981,0.03605557626787127,153,153,0.009999940000011249,12.935918548976806,0.996785647126518,0.0001656183549415961,-0.0046437224,3124348.5,-19704.05235403,-21.065331,-4.4747433333333335,38.35189739217693,-8.570747981562501,119.99883,0.80005133,-8.7163369e-07,9.1469434e-07,0.0,0.0,-4.4747534,9.1469434e-07,0.3752375,132.7131176854335,0.786599,112,0.0,-0.011034424067842444,0.0004058622177725651,0.015693569624989596,0.011273842016723316
CaseM3m_Overhang045,overhang045,11,0.001508,660,-1,1,-2.1781352e-14,0.010000019,0.030000089,0.010000019,0.3333339666666667,0.30000088999999996,interior,0.069999911,0.030000089,0.019999981,0.03605557626787127,153,153,0.009999940000011249,12.935918548971248,0.9967856471260896,0.00016561831191429192,-0.0046437238,3124349.5,-19704.05329618,-21.065329,-4.4747426666666685,38.35189358850451,-8.570748408438346,119.99883,0.80005133,-8.7163511e-07,9.1469587e-07,0.0,0.0,-4.4747529,9.1469587e-07,0.3752375,132.7131176854335,0.786599,112,0.0,-0.011034424521295239,0.00040586161941031306,0.015693570192937528,0.011273842472505314
CaseM3m_Overhang045,overhang045,11,0.001508,726,-1,1,0.010000019,3.2562599e-14,0.030000089,0.010000019,0.3333339666666667,0.30000088999999996,interior,0.069999911,0.030000089,0.019999981,0.03605557626787127,153,153,0.009999940000011249,12.935918548970825,0.996785647126057,0.00016561830886328697,-0.0046437243,3124349.8,-19704.05307919,-21.065331,-4.474742999999999,38.35189718167344,-8.570748572973566,119.99883,0.80005133,-8.7163488e-07,9.1469559e-07,0.0,0.0,-4.4747529,9.1469559e-07,0.3752375,132.7131176854335,0.786599,112,0.0,-0.011034424367850282,0.00040586255598448436,0.015693570201725158,0.011273842583015916
CaseM3m_Overhang045,overhang045,11,0.001508,639,-1,1,-5.6140609e-14,-0.010000034,0.040000029,0.010000034,0.33333446666666666,0.40000029,interior,0.059999971000000006,0.040000029,0.019999966,0.04472137028314312,153,153,0.009999927000007198,12.935910586991497,0.996785033610543,4.675755994551226e-05,-0.0082108565,5506579.0,-19845.24390425,-23.006315,-3.5319266666666684,39.8338218604875,-11.27821317368447,119.99729,0.80005383,-2.0064253e-06,2.0953519e-06,0.0,0.0,-3.5319364,2.0953519e-06,0.3752375,132.7131176854335,0.786599,112,0.0,-0.016288974646022702,2.062429337878696e-05,0.023160164905568815,0.01637966100429298
CaseM3m_Overhang045,overhang045,11,0.001508,573,-1,1,-0.010000034,-2.4722898e-14,0.040000029,0.010000034,0.33333446666666666,0.40000029,interior,0.059999971000000006,0.040000029,0.019999966,0.04472137028314312,153,153,0.009999927000007198,12.93591058698701,0.9967850336101973,4.6757672928514845e-05,-0.0082108611,5506582.0,-19845.24400884,-23.00631,-3.5319280000000006,39.83381624766924,-11.278207326896029,119.99729,0.80005383,-2.0064251e-06,2.0953519e-06,0.0,0.0,-3.5319383,2.0953519e-06,0.3752375,132.7131176854335,0.786599,112,0.0,-0.016288974844787578,2.062337042799963e-05,0.023160165228513017,0.016379661220716442
CaseM3m_Overhang045,overhang045,11,0.001508,661,-1,1,-2.5599931e-14,0.010000034,0.040000029,0.010000034,0.33333446666666666,0.40000029,interior,0.059999971000000006,0.040000029,0.019999966,0.04472137028314312,153,153,0.009999927000007198,12.935910586982622,0.9967850336098593,4.675760262937376e-05,-0.0082108611,5506582.0,-19845.24480301,-23.006308,-3.531928666666667,39.83381427137522,-11.278204638535135,119.99729,0.80005383,-2.0064242e-06,2.0953507e-06,0.0,0.0,-3.531939,2.0953507e-06,0.3752375,132.7131176854335,0.786599,112,0.0,-0.016288974953902306,2.0623384384511087e-05,0.023160165511794815,0.016379661411867603
CaseM3m_Overhang045,overhang045,11,0.001508,727,-1,1,0.010000034,-2.5072385e-14,0.040000029,0.010000034,0.33333446666666666,0.40000029,interior,0.059999971000000006,0.040000029,0.019999966,0.04472137028314312,153,153,0.009999927000007198,12.935910586987113,0.9967850336102053,4.6757565077258646e-05,-0.0082108611,5506582.0,-19845.24439941,-23.006313,-3.5319263333333333,39.83381834158165,-11.278213241777216,119.99729,0.80005383,-2.0064256e-06,2.0953523e-06,0.0,0.0,-3.5319364,2.0953523e-06,0.3752375,132.7131176854335,0.786599,112,0.0,-0.01628897492730148,2.0623933723779768e-05,0.02316016546056286,0.016379661375350546
CaseM3m_Overhang045,overhang045,12,0.001609,638,-1,1,-1.0537477e-13,-0.010000011,0.030000104,0.010000011,0.3333337,0.30000104,interior,0.069999896,0.030000104,0.019999989,0.0360555931862303,153,153,0.00999992500001445,12.935935195735501,0.9967850097826035,0.0001699876339754348,-0.011980847,8017436.5,-18898.00982295,-23.99209,-2.4672273333333323,39.72833838382892,-16.102423091330703,119.99883,0.80005133,-8.7163158e-07,9.1469212e-07,0.0,0.0,-2.4672372,9.1469212e-07,0.3752375,132.7131176854335,0.786599,112,0.0,-0.011877270214108093,-0.002467366945005867,0.017577221011419175,0.0126162240068313
CaseM3m_Overhang045,overhang045,12,0.001609,572,-1,1,-0.010000011,-2.3886096e-15,0.030000104,0.010000011,0.3333337,0.30000104,interior,0.069999896,0.030000104,0.019999989,0.0360555931862303,153,153,0.00999992500001445,12.93593519573641,0.9967850097826736,0.00016998774421633322,-0.011980849,8017438.5,-18898.00966537,-23.992088,-2.467228666666667,39.728337173289304,-16.102413898653346,119.99883,0.80005133,-8.7163369e-07,9.1469434e-07,0.0,0.0,-2.4672387,9.1469434e-07,0.3752375,132.7131176854335,0.786599,112,0.0,-0.011877270370103188,-0.002467367007149877,0.017577221259648376,0.012616224346923069
CaseM3m_Overhang045,overhang045,12,0.001609,660,-1,1,-2.2188779e-14,0.010000011,0.030000104,0.010000011,0.3333337,0.30000104,interior,0.069999896,0.030000104,0.019999989,0.0360555931862303,153,153,0.00999992500001445,12.935935195731838,0.9967850097823212,0.0001699877123062503,-0.011980853,8017440.5,-18898.01040645,-23.992088,-2.467227,39.728334882137844,-16.10242384755754,119.99883,0.80005133,-8.7163511e-07,9.1469587e-07,0.0,0.0,-2.467237,9.1469587e-07,0.3752375,132.7131176854335,0.786599,112,0.0,-0.011877270732915,-0.0024673674996574524,0.017577222049887747,0.012616225002597197
CaseM3m_Overhang045,overhang045,12,0.001609,726,-1,1,0.010000011,3.6125711e-14,0.030000104,0.010000011,0.3333337,0.30000104,interior,0.069999896,0.030000104,0.019999989,0.0360555931862303,153,153,0.00999992500001445,12.935935195731224,0.9967850097822739,0.00016998767852043715,-0.011980852,8017440.0,-18898.01023972,-23.99209,-2.4672273333333323,39.72833844282186,-16.102423115241322,119.99883,0.80005133,-8.7163488e-07,9.1469559e-07,0.0,0.0,-2.467237,9.1469559e-07,0.3752375,132.7131176854335,0.786599,112,0.0,-0.011877270589260242,-0.0024673666285066533,0.017577221461134294,0.012616224650151683
CaseM3m_Overhang045,overhang045,12,0.001609,639,-1,1,-5.9008652e-14,-0.010000028,0.040000029,0.010000028,0.33333426666666666,0.40000029,interior,0.059999971000000006,0.040000029,0.019999971999999998,0.044721372966419815,153,153,0.009999905000012804,12.935933751651538,0.9967848985079855,7.54140302724557e-05,-0.016544711,11065214.0,-18732.78949089,-27.504152,-0.7596896666666654,42.43601944848384,-55.85967706350783,119.99729,0.80005383,-2.0064253e-06,2.0953519e-06,0.0,0.0,-0.75969964,2.0953519e-06,0.3752375,132.7131176854335,0.786599,112,0.0,-0.017824090186049368,-0.0027132665422911007,0.025934792501122943,0.018343888050569173
CaseM3m_Overhang045,overhang045,12,0.001609,573,-1,1,-0.010000028,-2.3929059e-14,0.040000029,0.010000028,0.33333426666666666,0.40000029,interior,0.059999971000000006,0.040000029,0.019999971999999998,0.044721372966419815,153,153,0.009999905000012804,12.935933751647331,0.9967848985076614,7.541410408978672e-05,-0.016544709,11065213.0,-18732.78969602,-27.504148,-0.7596909999999989,42.4360153411778,-55.85957361766542,119.99729,0.80005383,-2.0064251e-06,2.0953519e-06,0.0,0.0,-0.7597006,2.0953519e-06,0.3752375,132.7131176854335,0.786599,112,0.0,-0.01782409058136662,-0.0027132673475545035,0.025934793374765765,0.018343888664550213
CaseM3m_Overhang045,overhang045,12,0.001609,661,-1,1,-2.6560783e-14,0.010000028,0.040000029,0.010000028,0.33333426666666666,0.40000029,interior,0.059999971000000006,0.040000029,0.019999971999999998,0.044721372966419815,153,153,0.009999905000012804,12.935933751643912,0.9967848985073978,7.541403117919992e-05,-0.016544713,11065215.0,-18732.79028911,-27.504147,-0.7596913333333326,42.43601436636198,-55.85954782472446,119.99729,0.80005383,-2.0064242e-06,2.0953507e-06,0.0,0.0,-0.75970125,2.0953507e-06,0.3752375,132.7131176854335,0.786599,112,0.0,-0.017824090612893376,-0.002713267420262786,0.025934793606173078,0.018343888810354182
CaseM3m_Overhang045,overhang045,12,0.001609,727,-1,1,0.010000028,-2.4610801e-14,0.040000029,0.010000028,0.33333426666666666,0.40000029,interior,0.059999971000000006,0.040000029,0.019999971999999998,0.044721372966419815,153,153,0.009999905000012804,12.935933751648127,0.9967848985077227,7.541400235072238e-05,-0.016544707,11065212.0,-18732.79018712,-27.504152,-0.7596890000000004,42.43601844864916,-55.859724767173326,119.99729,0.80005383,-2.0064256e-06,2.0953523e-06,0.0,0.0,-0.75969869,2.0953523e-06,0.3752375,132.7131176854335,0.786599,112,0.0,-0.01782409059441917,-0.0027132669984010413,0.025934793409639643,0.01834388866444808
CaseM3m_Overhang045,overhang045,12,0.001609,623,-3,1,5.2090947e-14,-0.03000151,0.099997036,0.03000151,1.0000503333333333,0.99997036,edge_ring,2.9640000000080713e-06,0.099997036,-1.509999999999706e-06,3.326468998810444e-06,109,50,0.00999858200626668,9.654911092654629,0.7439640429796328,0.004480694498557147,0.0043522497,-2905526.8,-6678.088392448,-144.53047,94.59176566666667,82.97164692137211,0.8771550709155502,120.08738,0.79984123,6.4701257e-05,0.00010155268,0.0,6.0,3411.4819,0.00010155268,0.3752375,132.7131176854335,0.786599,112,0.0,-0.11219688897454624,0.04812155217661236,0.18659538818627944,0.13959648219651477
CaseM3m_Overhang045,overhang045,12,0.001609,643,-3,1,1.3495342e-13,-0.010000097,0.079999104,0.010000097,0.33333656666666667,0.79999104,interior,0.020000896000000004,0.079999104,0.019999903,0.02828483623449542,153,144,0.009999335000068452,12.936335421905373,0.9968158494119472,0.0016170178290897334,-0.021772416,14506415.0,-5726.682288669,-113.34451,55.89632,86.49797689013901,1.5474717636176945,119.98927,0.80001211,-7.9504262e-06,2.3138275e-05,0.0,6.0,2323.0127,2.3138275e-05,0.3752375,132.7131176854335,0.786599,112,0.0,-0.06992313084197214,0.026390835596447258,0.11262587905200935,0.0800384719288663
CaseM3m_Overhang045,overhang045,12,0.001609,469,-3,1,-0.03000151,8.6674002e-14,0.099997036,0.03000151,1.0000503333333333,0.99997036,edge_ring,2.9640000000080713e-06,0.099997036,-1.509999999999706e-06,3.326468998810444e-06,109,50,0.00999858200626668,9.654911092654958,0.7439640429796581,0.004480694498557148,0.0043522459,-2905524.3,-6678.088601808,-144.53047,94.59176066666667,82.97165222189871,0.8771551733166671,120.08738,0.79984123,6.4701257e-05,0.00010155268,0.0,6.0,3411.4824,0.00010155268,0.3752375,132.7131176854335,0.786599,112,0.0,-0.1121968866759057,0.048121550905678157,0.18659538393299913,0.1395964795862217
CaseM3m_Overhang045,overhang045,12,0.001609,577,-3,1,-0.010000097,-5.205832e-14,0.079999104,0.010000097,0.33333656666666667,0.79999104,interior,0.020000896000000004,0.079999104,0.019999903,0.02828483623449542,153,144,0.009999335000068452,12.936335421906463,0.9968158494120313,0.0016170178303787598,-0.021772418,14506416.0,-5726.68269862,-113.34451,55.896322,86.49797403482229,1.5474716571659635,119.98927,0.80001211,-7.950428e-06,2.3138276e-05,0.0,6.0,2323.0134,2.3138276e-05,0.3752375,132.7131176854335,0.786599,112,0.0,-0.06992313042655032,0.026390835300992704,0.11262587814063553,0.080038471395683
CaseM3m_Overhang045,overhang045,12,0.001609,665,-3,1,4.4111331e-14,0.010000097,0.079999104,0.010000097,0.33333656666666667,0.79999104,interior,0.020000896000000004,0.079999104,0.019999903,0.02828483623449542,153,144,0.009999335000068452,12.936335421897773,0.9968158494113616,0.0016170177299421617,-0.021772418,14506416.0,-5726.683842118,-113.3445,55.89631333333333,86.49797212443607,1.547471862922553,119.98927,0.80001211,-7.950428e-06,2.3138276e-05,0.0,6.0,2323.0122,2.3138276e-05,0.3752375,132.7131176854335,0.786599,112,0.0,-0.06992312886335598,0.02639083478063474,0.11262587618421029,0.08003846961271384
CaseM3m_Overhang045,overhang045,12,0.001609,731,-3,1,0.010000097,6.0189496e-15,0.079999104,0.010000097,0.33333656666666667,0.79999104,interior,0.020000896000000004,0.079999104,0.019999903,0.02828483623449542,153,144,0.009999335000068452,12.93633542189669,0.9968158494112781,0.001617017625638478,-0.021772418,14506416.0,-5726.683050313,-113.34451,55.89632133333333,86.49797497975295,1.5474716925274752,119.98927,0.80001211,-7.9504262e-06,2.3138271e-05,0.0,6.0,2323.0125,2.3138271e-05,0.3752375,132.7131176854335,0.786599,112,0.0,-0.06992312811861451,0.026390834354487348,0.11262587497618437,0.08003846866064175
CaseM3m_Overhang045,overhang045,12,0.001609,843,-3,1,0.03000151,-8.5890693e-14,0.099997036,0.03000151,1.0000503333333333,0.99997036,edge_ring,2.9640000000080713e-06,0.099997036,-1.509999999999706e-06,3.326468998810444e-06,109,50,0.00999858200626668,9.654911092655032,0.7439640429796639,0.004480694498557147,0.0043522483,-2905525.8,-6678.090692119,-144.53047,94.59176300000001,82.9716491841414,0.8771551195651294,120.08738,0.79984123,6.4701242e-05,0.00010155267,0.0,6.0,3411.4822,0.00010155267,0.3752375,132.7131176854335,0.786599,112,0.0,-0.11219688571445101,0.04812154968449065,0.1865953813039207,0.1395964793096944
CaseM3m_Overhang045,overhang045,12,0.001609,689,-3,1,4.0899843e-14,0.03000151,0.099997036,0.03000151,1.0000503333333333,0.99997036,edge_ring,2.9640000000080713e-06,0.099997036,-1.509999999999706e-06,3.326468998810444e-06,109,50,0.00999858200626668,9.65491109265536,0.7439640429796891,0.004480694457953403,0.0043522483,-2905525.8,-6678.091295723,-144.53047,94.59176833333333,82.97164047359134,0.8771549780231018,120.08738,0.79984123,6.4701264e-05,0.00010155269,0.0,6.0,3411.4812,0.00010155269,0.3752375,132.7131176854335,0.786599,112,0.0,-0.11219688657382784,0.048121548953888385,0.18659538112847163,0.13959647827396673
CaseM3m_Overhang045,overhang045,13,0.001709,456,-3,1,-0.030000791,-0.010000326,0.079999134,0.03162363010047956,1.0541210033493187,0.7999913399999999,lateral_surface,0.020000866000000006,0.079999134,-0.001623630100479563,0.020066659299772336,85,76,0.009999014098348196,7.032257380003736,0.5426482664768746,0.0016523067524077182,-0.042704202,28431958.0,2809.817713195,-127.33013,80.11387833333333,79.89707112047424,0.9972937621125142,120.00181,0.79997307,1.3383921e-06,5.8415253e-06,0.0,7.0,1781.9113,5.8415253e-06,0.3752375,132.7131176854335,0.786599,112,0.0,-0.07371418376719162,0.015012876300869758,0.11938330006200278,0.0850708323135628
CaseM3m_Overhang045,overhang045,13,0.001709,544,-3,1,-0.010000326,-0.030000791,0.079999134,0.03162363010047956,1.0541210033493187,0.7999913399999999,lateral_surface,0.020000866000000006,0.079999134,-0.001623630100479563,0.020066659299772336,85,76,0.009999014098348196,7.032257380001372,0.5426482664766922,0.0016523067582619947,-0.042704213,28431966.0,2809.819643409,-127.33014,80.11388533333333,79.89707567766698,0.9972937318572896,120.00181,0.79997307,1.3383927e-06,5.8415239e-06,0.0,7.0,1781.912,5.8415239e-06,0.3752375,132.7131176854335,0.786599,112,0.0,-0.07371418380330236,0.015012877430394447,0.11938330029861535,0.08507083250057876
CaseM3m_Overhang045,overhang045,13,0.001709,698,-3,1,0.010000326,-0.030000791,0.079999134,0.03162363010047956,1.0541210033493187,0.7999913399999999,lateral_surface,0.020000866000000006,0.079999134,-0.001623630100479563,0.020066659299772336,85,76,0.009999014098348196,7.0322573800147055,0.5426482664777211,0.0016523067582619947,-0.042704213,28431966.0,2809.819475959,-127.33013,80.113876,79.89707554544803,0.997293846392453,120.00181,0.79997307,1.3383918e-06,5.841523e-06,0.0,8.0,1781.9119,5.841523e-06,0.3752375,132.7131176854335,0.786599,112,0.0,-0.07371418239080758,0.015012877568508508,0.11938329770070519,0.0850708307997813
CaseM3m_Overhang045,overhang045,13,0.001709,830,-3,1,0.030000791,-0.010000326,0.079999134,0.03162363010047956,1.0541210033493187,0.7999913399999999,lateral_surface,0.020000866000000006,0.079999134,-0.001623630100479563,0.020066659299772336,85,76,0.009999014098348196,7.032257380010504,0.542648266477397,0.0016523068466539205,-0.042704217,28431968.0,2809.818678523,-127.33013,80.11387599999999,79.8970757847831,0.9972938493798891,120.00181,0.79997307,1.3383916e-06,5.8415221e-06,0.0,8.0,1781.912,5.8415221e-06,0.3752375,132.7131176854335,0.786599,112,0.0,-0.07371418065547695,0.015012875352997966,0.11938329280076969,0.08507082802234954
CaseM3m_Overhang045,overhang045,13,0.001709,478,-3,1,-0.030000791,0.010000326,0.079999134,0.03162363010047956,1.0541210033493187,0.7999913399999999,lateral_surface,0.020000866000000006,0.079999134,-0.001623630100479563,0.020066659299772336,85,76,0.009999014098348196,7.032257380011994,0.5426482664775119,0.0016523067587550383,-0.042704213,28431966.0,2809.818459475,-127.33013,80.11387599999999,79.89707417079468,0.9972938292337109,120.00181,0.79997307,1.3383921e-06,5.8415253e-06,0.0,8.0,1781.9117,5.8415253e-06,0.3752375,132.7131176854335,0.786599,112,0.0,-0.07371418298936232,0.015012877111142353,0.11938329906519286,0.08507083167679351
CaseM3m_Overhang045,overhang045,13,0.001709,852,-3,1,0.030000791,0.010000326,0.079999134,0.03162363010047956,1.0541210033493187,0.7999913399999999,lateral_surface,0.020000866000000006,0.079999134,-0.001623630100479563,0.020066659299772336,85,76,0.009999014098348196,7.032257380005674,0.5426482664770241,0.0016523068198841242,-0.042704221,28431970.0,2809.818477853,-127.33013,80.11386933333334,79.8970832893226,0.997294026042997,120.00181,0.79997307,1.3383905e-06,5.8415208e-06,0.0,8.0,1781.9127,5.8415208e-06,0.3752375,132.7131176854335,0.786599,112,0.0,-0.07371418029677645,0.015012872132724309,0.11938329126678636,0.08507082691110086
CaseM3m_Overhang045,overhang045,13,0.001709,610,-3,1,-0.010000326,0.030000791,0.079999134,0.03162363010047956,1.0541210033493187,0.7999913399999999,lateral_surface,0.020000866000000006,0.079999134,-0.001623630100479563,0.020066659299772336,85,76,0.009999014098348196,7.032257380001544,0.5426482664767055,0.0016523068405695568,-0.042704228,28431976.0,2809.81820892,-127.33013,80.11387466666666,79.89707528776927,0.997293859773985,120.00181,0.79997307,1.3383914e-06,5.8415208e-06,0.0,8.0,1781.9117,5.8415208e-06,0.3752375,132.7131176854335,0.786599,112,0.0,-0.07371418039272687,0.015012875133573649,0.11938329214690473,0.08507082749041325
CaseM3m_Overhang045,overhang045,13,0.001709,764,-3,1,0.010000326,0.030000791,0.079999134,0.03162363010047956,1.0541210033493187,0.7999913399999999,lateral_surface,0.020000866000000006,0.079999134,-0.001623630100479563,0.020066659299772336,85,76,0.009999014098348196,7.032257380014279,0.5426482664776882,0.001652306742510487,-0.042704221,28431970.0,2809.817072949,-127.33013,80.11387599999999,79.89707469970212,0.9972938358356563,120.00181,0.79997307,1.3383915e-06,5.8415212e-06,0.0,8.0,1781.9117,5.8415212e-06,0.3752375,132.7131176854335,0.786599,112,0.0,-0.0737141792442419,0.015012874559953822,0.1193832920391617,0.08507082715888273
CaseM3m_Overhang045,overhang045,14,0.00181,566,-3,1,-0.010000239,-0.010000239,0.079998799,0.014142473620772358,0.47141578735907863,0.7999879899999999,interior,0.02000120100000001,0.079998799,0.01585752637922764,0.025524677947239643,145,136,0.00999916300064006,12.634294367191101,0.9749299688777018,0.0017177465288669368,-0.022001477,14644700.0,-2060.229144095,-123.18948,65.54872999999999,87.54979443012871,1.3356444042490025,119.98992,0.80000091,-7.4691325e-06,3.5464211e-05,0.0,6.0,2526.2532,3.5464211e-05,0.3752375,132.7131176854335,0.786599,112,0.0,-0.0717837613521495,0.02633937724997308,0.11621251094501758,0.08273756784325811
CaseM3m_Overhang045,overhang045,14,0.00181,720,-3,1,0.010000239,-0.010000239,0.079998799,0.014142473620772358,0.47141578735907863,0.7999879899999999,interior,0.02000120100000001,0.079998799,0.01585752637922764,0.025524677947239643,145,136,0.00999916300064006,12.634294367190984,0.9749299688776928,0.001717746523885342,-0.022001479,14644701.0,-2060.230208204,-123.18948,65.54872766666666,87.5497981193988,1.3356445080767034,119.98992,0.80000091,-7.4691352e-06,3.5464211e-05,0.0,6.0,2526.2539,3.5464211e-05,0.3752375,132.7131176854335,0.786599,112,0.0,-0.07178376025309313,0.02633937617023769,0.11621250882631941,0.08273756622634353
CaseM3m_Overhang045,overhang045,14,0.00181,588,-3,1,-0.010000239,0.010000239,0.079998799,0.014142473620772358,0.47141578735907863,0.7999879899999999,interior,0.02000120100000001,0.079998799,0.01585752637922764,0.025524677947239643,145,136,0.00999916300064006,12.634294367183767,0.9749299688771359,0.0017177465258779792,-0.022001479,14644701.0,-2060.230967905,-123.18949,65.54873366666668,87.54980357264593,1.3356444690123341,119.98992,0.80000091,-7.4691379e-06,3.5464225e-05,0.0,6.0,2526.2546,3.5464225e-05,0.3752375,132.7131176854335,0.786599,112,0.0,-0.0717837596779744,0.02633937606230282,0.11621250798549775,0.08273756561366996
CaseM3m_Overhang045,overhang045,14,0.00181,653,-3,1,8.3225941e-14,1.1953347e-14,0.069999292,8.407996051282309e-14,2.8026653504274362e-12,0.69999292,measurement_core,0.030000708,0.069999292,0.02999999999991592,0.04242690750568817,178,178,0.00999945499999999,12.977902527478113,1.0014446188675468,0.0011730968000000005,-0.027652526,18444312.0,-5802.739407146,-105.30067,51.67728266666666,80.43508100000018,1.5564882062168321,119.99094,0.80001533,-6.7147689e-06,1.4959136e-05,0.0,6.0,1386.2224,1.4959136e-05,0.3752375,132.7131176854335,0.786599,112,0.0,-0.05659865389963617,0.011721973836453358,0.08340523921787882,0.05897641023744828
CaseM3m_Overhang045,overhang045,14,0.00181,742,-3,1,0.010000239,0.010000239,0.079998799,0.014142473620772358,0.47141578735907863,0.7999879899999999,interior,0.02000120100000001,0.079998799,0.01585752637922764,0.025524677947239643,145,136,0.00999916300064006,12.634294367196093,0.974929968878087,0.0017177465318558942,-0.02200149,14644709.0,-2060.23013886,-123.18949,65.54873133333334,87.54980733506927,1.3356445739560452,119.98992,0.80000091,-7.469142e-06,3.5464211e-05,0.0,6.0,2526.2554,3.5464211e-05,0.3752375,132.7131176854335,0.786599,112,0.0,-0.07178375874507192,0.026339376323431137,0.11621250742990033,0.08273756510179396
CaseM3m_Overhang045,overhang045,16,0.002011,654,-3,1,-1.9623979e-13,-5.1121752e-14,0.079998381,2.027892716757807e-13,6.7596423891926905e-12,0.7999838099999999,interior,0.020001619000000012,0.079998381,0.02999999999979721,0.0360564108392529,178,169,0.009999000000000008,12.978166696466795,1.0020092320213627,0.001839547400000001,-0.02292533,15238729.0,680.1280111901,-130.45909,72.72594133333332,86.59972300000008,1.190767990242676,119.99805,0.79998249,-1.4313341e-06,4.4934277e-05,0.0,8.0,2548.9229,4.4934277e-05,0.29300729999999997,103.63013368224424,0.779335,112,0.0,-0.07230896303577417,0.03341805842312644,0.12216480174626357,0.08638355973709318
CaseM3m_Overhang045,overhang045,18,0.002212,632,-3,1,5.5737092e-14,-0.020000873,0.079998158,0.020000873,0.6666957666666666,0.79998158,lateral_surface,0.020001842000000006,0.079998158,0.009999127,0.022361936949984753,122,113,0.009998783004836635,12.014604967015169,0.9278775852579152,0.0018847258637385896,-0.014997034,9941640.0,4523.899113589,-129.51035,72.94195966666666,87.736555278038,1.2028269555545301,119.99718,0.79998207,-2.0820441e-06,6.3391264e-05,0.0,8.0,2755.1895,6.3391264e-05,0.29300729999999997,103.63013368224424,0.779335,112,0.0,-0.07034854987642863,0.03074959346684441,0.1219388090375321,0.08681537568502774
CaseM3m_Overhang045,overhang045,18,0.002212,511,-3,1,-0.020000873,8.9010925e-14,0.079998158,0.020000873,0.6666957666666666,0.79998158,lateral_surface,0.020001842000000006,0.079998158,0.009999127,0.022361936949984753,122,113,0.009998783004836635,12.014604967016643,0.9278775852580291,0.0018847258637385892,-0.01499703,9941637.0,4523.896152428,-129.51035,72.94195733333332,87.73655837617632,1.2028270365056697,119.99718,0.79998207,-2.0820398e-06,6.3391264e-05,0.0,8.0,2755.1899,6.3391264e-05,0.29300729999999997,103.63013368224424,0.779335,112,0.0,-0.07034854875830382,0.030749592580965712,0.12193880707360523,0.08681537440458854
CaseM3m_Overhang045,overhang045,18,0.002212,653,-3,1,9.5047058e-14,1.5985534e-14,0.069998801,9.638195127574726e-14,3.2127317091915756e-12,0.69998801,measurement_core,0.030001199000000006,0.069998801,0.029999999999903618,0.042427254700626325,178,178,0.009999207999999996,12.978051587175324,1.0022837372615292,0.0012598822000000004,-0.024984797,16659896.0,1373.848621201,-123.90981,69.38726833333332,81.7838125000001,1.1786573310122879,119.99111,0.80000043,-6.5796539e-06,3.179468e-05,0.0,7.0,1632.3728,3.179468e-05,0.29300729999999997,103.63013368224424,0.779335,112,0.0,-0.05696260516333718,0.01676048207342764,0.08725326246807769,0.061697373571827405
CaseM3m_Overhang045,overhang045,18,0.002212,676,-3,1,1.011968e-13,0.020000873,0.079998158,0.020000873,0.6666957666666666,0.79998158,lateral_surface,0.020001842000000006,0.079998158,0.009999127,0.022361936949984753,122,113,0.009998783004836635,12.014604967014874,0.9278775852578924,0.0018847258221876685,-0.014997029,9941636.0,4523.89456895,-129.51033,72.941952,87.73653650269546,1.2028268245781997,119.99718,0.79998207,-2.0820464e-06,6.3391264e-05,0.0,8.0,2755.1868,6.3391264e-05,0.29300729999999997,103.63013368224424,0.779335,112,0.0,-0.07034854692051472,0.0307495956126682,0.1219388091542775,0.08681537551078077
CaseM3m_Overhang045,overhang045,18,0.002212,797,-3,1,0.020000873,4.1624856e-14,0.079998158,0.020000873,0.6666957666666666,0.79998158,lateral_surface,0.020001842000000006,0.079998158,0.009999127,0.022361936949984753,122,113,0.009998783004836635,12.014604967013398,0.9278775852577784,0.0018847257683213454,-0.014997031,9941638.0,4523.895677807,-129.51033,72.941953,87.73653550270916,1.202826794378664,119.99718,0.79998207,-2.0820453e-06,6.3391264e-05,0.0,8.0,2755.1865,6.3391264e-05,0.29300729999999997,103.63013368224424,0.779335,112,0.0,-0.07034854650722591,0.03074959151511072,0.12193880457758839,0.08681537236925904
CaseM3m_Overhang045,overhang045,19,0.002312,623,-3,1,7.5154408e-14,-0.030002961,0.099993855,0.030002961,1.0000987000000001,0.99993855,edge_ring,6.144999999999068e-06,0.099993855,-2.9610000000027115e-06,6.821183621630823e-06,109,50,0.009997413024018674,9.65497797687849,0.7456429017116966,0.005339319039649346,0.014836922,-9909016.0,-11778.45476452,-115.51918,67.34208433333333,90.77087497856624,1.3479071204458697,120.1156,0.79983163,8.558789e-05,0.00016157304,0.0,6.0,3121.7661,0.00016157304,0.29300729999999997,103.63013368224424,0.779335,112,0.0,-0.11863643564584582,0.062356749135530534,0.20948004235248846,0.1579912232434619
CaseM3m_Overhang045,overhang045,19,0.002312,469,-3,1,-0.030002961,8.4484055e-14,0.099993855,0.030002961,1.0000987000000001,0.99993855,edge_ring,6.144999999999068e-06,0.099993855,-2.9610000000027115e-06,6.821183621630823e-06,109,50,0.009997413024018674,9.65497797687889,0.7456429017117274,0.005339319039649347,0.014836919,-9909014.0,-11778.45444609,-115.51918,67.34208433333333,90.77087497856623,1.3479071204458695,120.1156,0.79983163,8.558789e-05,0.00016157304,0.0,6.0,3121.7661,0.00016157304,0.29300729999999997,103.63013368224424,0.779335,112,0.0,-0.11863643593020831,0.0623567467128547,0.20948003981999266,0.15799122157370987
CaseM3m_Overhang045,overhang045,19,0.002312,843,-3,1,0.030002961,-6.1968382e-14,0.099993855,0.030002961,1.0000987000000001,0.99993855,edge_ring,6.144999999999068e-06,0.099993855,-2.9610000000027115e-06,6.821183621630823e-06,109,50,0.009997413024018674,9.654977976879131,0.7456429017117461,0.005339318592629957,0.01483692,-9909015.0,-11778.45548076,-115.51918,67.34208566666668,90.77087117162614,1.347907037226742,120.1156,0.79983163,8.5587875e-05,0.00016157304,0.0,6.0,3121.7656,0.00016157304,0.29300729999999997,103.63013368224424,0.779335,112,0.0,-0.1186364233773434,0.06235674129112016,0.20948001912406478,0.1579912042074176
CaseM3m_Overhang045,overhang045,19,0.002312,689,-3,1,3.8778913e-14,0.030002961,0.099993855,0.030002961,1.0000987000000001,0.99993855,edge_ring,6.144999999999068e-06,0.099993855,-2.9610000000027115e-06,6.821183621630823e-06,109,50,0.009997413024018674,9.654977976879534,0.7456429017117773,0.005339318955516752,0.014836921,-9909016.0,-11778.45352075,-115.51918,67.34208666666667,90.77087407121039,1.3479070602684577,120.1156,0.79983163,8.5587897e-05,0.00016157306,0.0,6.0,3121.7661,0.00016157306,0.29300729999999997,103.63013368224424,0.779335,112,0.0,-0.1186364385310357,0.062356742873407756,0.20948003749496266,0.15799121913310427
CaseM3m_Overhang045,overhang045,20,0.002413,623,-3,1,7.7652403e-14,-0.030003188,0.099993363,0.030003188,1.0001062666666667,0.99993363,edge_ring,6.637000000003779e-06,0.099993363,-3.18800000000119e-06,7.36295545280954e-06,109,50,0.00999724102850912,9.654961953520553,0.7456391541725883,0.005406269659052463,0.015671203,-10468090.0,-16778.92253081,-123.0229,65.444373,110.21050580607665,1.6840333363126063,120.1156,0.79983163,8.558789e-05,0.00016157304,0.0,5.0,6994.145,0.00016157304,0.29300729999999997,103.63013368224424,0.779335,112,0.0,-0.11900302106908694,0.06390063328391853,0.21165903694539,0.15941648654746132
CaseM3m_Overhang045,overhang045,20,0.002413,469,-3,1,-0.030003188,8.0180877e-14,0.099993363,0.030003188,1.0001062666666667,0.99993363,edge_ring,6.637000000003779e-06,0.099993363,-3.18800000000119e-06,7.36295545280954e-06,109,50,0.00999724102850912,9.654961953520969,0.7456391541726204,0.005406269659052464,0.015671199,-10468087.0,-16778.92246251,-123.0229,65.444373,110.21050580607665,1.6840333363126063,120.1156,0.79983163,8.558789e-05,0.00016157304,0.0,5.0,6994.145,0.00016157304,0.29300729999999997,103.63013368224424,0.779335,112,0.0,-0.11900302061163825,0.06390063043820422,0.2116590329842916,0.15941648419568566
CaseM3m_Overhang045,overhang045,20,0.002413,843,-3,1,0.030003188,-5.7162215e-14,0.099993363,0.030003188,1.0001062666666667,0.99993363,edge_ring,6.637000000003779e-06,0.099993363,-3.18800000000119e-06,7.36295545280954e-06,109,50,0.00999724102850912,9.654961953521235,0.745639154172641,0.0054062691213435845,0.015671205,-10468091.0,-16778.92547882,-123.0229,65.44437800000001,110.21049971133216,1.6840331145225667,120.1156,0.79983163,8.5587875e-05,0.00016157304,0.0,5.0,6994.1436,0.00016157304,0.29300729999999997,103.63013368224424,0.779335,112,0.0,-0.1190030056109277,0.06390062512249498,0.21165900983318486,0.1594164641798251
CaseM3m_Overhang045,overhang045,20,0.002413,689,-3,1,3.9277118e-14,0.030003188,0.099993363,0.030003188,1.0001062666666667,0.99993363,edge_ring,6.637000000003779e-06,0.099993363,-3.18800000000119e-06,7.36295545280954e-06,109,50,0.00999724102850912,9.654961953521653,0.7456391541726732,0.005406269574719677,0.015671194,-10468084.0,-16778.92628417,-123.0229,65.44437933333334,110.2105023163919,1.6840331200185656,120.1156,0.79983163,8.5587897e-05,0.00016157306,0.0,5.0,6994.144,0.00016157306,0.29300729999999997,103.63013368224424,0.779335,112,0.0,-0.1190030226559929,0.06390062724199387,0.21165903074066392,0.15941648201262917
CaseM3m_TrimmedEdge,trimmed_edge,6,0.001005,499,-1,1,-4.0991092e-14,-0.010000031,0.04000001,0.010000031,0.33333436666666666,0.4000001,interior,0.05999999,0.04000001,0.019999969,0.044721354630657836,153,153,0.009999990000000453,12.935966769591365,0.9967877052384739,5.790528603597036e-05,0.031617619,-21060540.0,-20019.95448289,-17.053961,-0.062121000000000016,25.681111665042547,-413.4046725751765,120.0,0.80004835,0.0,0.0,0.0,0.0,-0.062131073,0.0,0.4865955,172.09795358060526,0.682985,112,0.0,-0.0063124724358731375,0.01563354703973636,0.03256044562054029,0.023023902418301684
CaseM3m_TrimmedEdge,trimmed_edge,6,0.001005,433,-1,1,-0.010000031,-1.9396307e-14,0.04000001,0.010000031,0.33333436666666666,0.4000001,interior,0.05999999,0.04000001,0.019999969,0.044721354630657836,153,153,0.009999990000000453,12.935966769586802,0.9967877052381223,5.790522068343817e-05,0.031617619,-21060540.0,-20019.95679531,-17.053955,-0.06212936666666735,25.681115314771567,-413.34906007579804,120.0,0.80004835,0.0,0.0,0.0,0.0,-0.06213934,0.0,0.4865955,172.09795358060526,0.682985,112,0.0,-0.006312472555061447,0.015633546012313582,0.03256044372819366,0.02302390107773012
CaseM3m_TrimmedEdge,trimmed_edge,6,0.001005,521,-1,1,-1.6907675e-14,0.010000031,0.04000001,0.010000031,0.33333436666666666,0.4000001,interior,0.05999999,0.04000001,0.019999969,0.044721354630657836,153,153,0.009999990000000453,12.935966769579382,0.9967877052375506,5.790530490530116e-05,0.031617623,-21060542.0,-20019.95870559,-17.053955,-0.062126800000000294,25.68111137456415,-413.36607349105424,120.0,0.80004835,0.0,0.0,0.0,0.0,-0.062136795,0.0,0.4865955,172.09795358060526,0.682985,112,0.0,-0.006312472009815044,0.015633546735290542,0.032560444952694015,0.023023901941304027
CaseM3m_TrimmedEdge,trimmed_edge,6,0.001005,587,-1,1,0.010000031,-2.643816e-14,0.04000001,0.010000031,0.33333436666666666,0.4000001,interior,0.05999999,0.04000001,0.019999969,0.044721354630657836,153,153,0.009999990000000453,12.935966769583935,0.9967877052379014,5.7905392405073965e-05,0.031617623,-21060542.0,-20019.95820286,-17.053953,-0.06212939999999989,25.681112316158483,-413.34879004398124,120.0,0.80004835,0.0,0.0,0.0,0.0,-0.06213934,0.0,0.4865955,172.09795358060526,0.682985,112,0.0,-0.00631247203282077,0.015633547529571582,0.03256044639079605,0.023023902957611152
CaseM3m_TrimmedEdge,trimmed_edge,6,0.001005,317,-3,1,-0.030000769,-0.010000373,0.089999638,0.0316236240922904,1.0541208030763467,0.89999638,edge_ring,0.010000361999999999,0.089999638,-0.0016236240922904016,0.010131307680852943,92,64,0.009999499000611676,7.269140384410636,0.5601274254867218,0.00201141388550805,0.015025097,-10009333.0,-10852.40008857,-114.83395,62.654679666666674,79.80969611603872,1.2738026359824932,120.0,0.79999131,0.0,0.0,0.0,9.0,1195.736,0.0,0.4865955,172.09795358060526,0.682985,112,0.0,-0.0611572513556153,0.04365443507999808,0.13079830251038424,0.09311888003806743
CaseM3m_TrimmedEdge,trimmed_edge,6,0.001005,405,-3,1,-0.010000373,-0.030000769,0.089999638,0.0316236240922904,1.0541208030763467,0.89999638,edge_ring,0.010000361999999999,0.089999638,-0.0016236240922904016,0.010131307680852943,92,64,0.009999499000611676,7.269140384408299,0.5601274254865417,0.0020114139039628864,0.015025089,-10009328.0,-10852.39777614,-114.83398,62.654694666666664,79.80971816435114,1.273802682926667,120.0,0.79999131,0.0,0.0,0.0,8.0,1195.7384,0.0,0.4865955,172.09795358060526,0.682985,112,0.0,-0.06115725436534016,0.04365443231681266,0.13079829671548293,0.0931188763845319
CaseM3m_TrimmedEdge,trimmed_edge,6,0.001005,559,-3,1,0.010000373,-0.030000769,0.089999638,0.0316236240922904,1.0541208030763467,0.89999638,edge_ring,0.010000361999999999,0.089999638,-0.0016236240922904016,0.010131307680852943,92,64,0.009999499000611676,7.26914038441976,0.5601274254874249,0.002011413821731157,0.015025093,-10009330.0,-10852.39908318,-114.83396,62.65469033333333,79.80969522670128,1.2738024049293115,120.0,0.79999131,0.0,0.0,0.0,6.0,1195.7355,0.0,0.4865955,172.09795358060526,0.682985,112,0.0,-0.06115724736878805,0.04365443574589001,0.13079830068229856,0.09311887857732433
CaseM3m_TrimmedEdge,trimmed_edge,6,0.001005,691,-3,1,0.030000769,-0.010000373,0.089999638,0.0316236240922904,1.0541208030763467,0.89999638,edge_ring,0.010000361999999999,0.089999638,-0.0016236240922904016,0.010131307680852943,92,64,0.009999499000611676,7.2691403844161036,0.5601274254871431,0.0020114138460670863,0.015025095,-10009332.0,-10852.3991837,-114.83397,62.654683666666664,79.80971961695829,1.273802929746789,120.0,0.79999131,0.0,0.0,0.0,8.0,1195.739,0.0,0.4865955,172.09795358060526,0.682985,112,0.0,-0.06115724989638688,0.04365443455927918,0.13079829884218583,0.09311887740661169
CaseM3m_TrimmedEdge,trimmed_edge,6,0.001005,339,-3,1,-0.030000769,0.010000373,0.089999638,0.0316236240922904,1.0541208030763467,0.89999638,edge_ring,0.010000361999999999,0.089999638,-0.0016236240922904016,0.010131307680852943,92,64,0.009999499000611676,7.269140384417181,0.560127425487226,0.002011413802010674,0.015025092,-10009330.0,-10852.39948534,-114.83396,62.65468433333333,79.80970465671868,1.2738026774202196,120.0,0.79999131,0.0,0.0,0.0,8.0,1195.7369,0.0,0.4865955,172.09795358060526,0.682985,112,0.0,-0.06115724825736593,0.043654434668608855,0.13079829953090744,0.09311887763105393
CaseM3m_TrimmedEdge,trimmed_edge,6,0.001005,713,-3,1,0.030000769,0.010000373,0.089999638,0.0316236240922904,1.0541208030763467,0.89999638,edge_ring,0.010000361999999999,0.089999638,-0.0016236240922904016,0.010131307680852943,92,64,0.009999499000611676,7.2691403844120215,0.5601274254868285,0.0020114138519481983,0.015025091,-10009329.0,-10852.40119451,-114.83397,62.654689,79.80971223280326,1.2738027034625177,120.0,0.79999131,0.0,0.0,0.0,8.0,1195.7379,0.0,0.4865955,172.09795358060526,0.682985,112,0.0,-0.061157247418739444,0.0436544371217641,0.13079830137032766,0.0931188788720095
CaseM3m_TrimmedEdge,trimmed_edge,6,0.001005,471,-3,1,-0.010000373,0.030000769,0.089999638,0.0316236240922904,1.0541208030763467,0.89999638,edge_ring,0.010000361999999999,0.089999638,-0.0016236240922904016,0.010131307680852943,92,64,0.009999499000611676,7.269140384410546,0.5601274254867149,0.0020114137764090856,0.015025092,-10009330.0,-10852.39787667,-114.83398,62.654693333333334,79.80972060825655,1.2738027490399744,120.0,0.79999131,0.0,0.0,0.0,8.0,1195.7388,0.0,0.4865955,172.09795358060526,0.682985,112,0.0,-0.06115725109566309,0.04365443286930423,0.1307982963669995,0.09311887553673126
CaseM3m_TrimmedEdge,trimmed_edge,6,0.001005,625,-3,1,0.010000373,0.030000769,0.089999638,0.0316236240922904,1.0541208030763467,0.89999638,edge_ring,0.010000361999999999,0.089999638,-0.0016236240922904016,0.010131307680852943,92,64,0.009999499000611676,7.269140384417337,0.5601274254872382,0.0020114138355144654,0.01502509,-10009329.0,-10852.39928424,-114.83397,62.654689,79.80971190862363,1.2738026982884494,120.0,0.79999131,0.0,0.0,0.0,8.0,1195.7378,0.0,0.4865955,172.09795358060526,0.682985,112,0.0,-0.06115724819882503,0.04365443607462553,0.13079830093125153,0.09311887838450833
CaseM3m_TrimmedEdge,trimmed_edge,7,0.001106,498,-1,1,-9.0130438e-14,-0.010000031,0.030000029,0.010000031,0.33333436666666666,0.30000029,interior,0.06999997100000001,0.030000029,0.019999969,0.03605551968841667,153,153,0.009999985000000199,12.935947991037475,0.9967881946492779,0.00010536372302991162,0.025053116,-16678091.0,-20896.50456382,-18.63117,-0.3543705999999993,28.51743085583821,-80.4734672002651,119.99845,0.80005193,-1.1446766e-06,1.1996284e-06,0.0,0.0,-0.35438043,1.1996284e-06,0.36419039999999997,128.806005303588,0.807695,112,0.0,-0.006537207401135811,0.013125348876369538,0.027832229196000025,0.019711817640151553
CaseM3m_TrimmedEdge,trimmed_edge,7,0.001106,432,-1,1,-0.010000031,-2.1435539e-14,0.030000029,0.010000031,0.33333436666666666,0.30000029,interior,0.06999997100000001,0.030000029,0.019999969,0.03605551968841667,153,153,0.009999985000000199,12.935947991038123,0.9967881946493279,0.00010536376773245357,0.025053101,-16678081.0,-20896.50084379,-18.631168,-0.354371933333334,28.517429790813637,-80.47316141142926,119.99845,0.80005193,-1.1446774e-06,1.1996292e-06,0.0,0.0,-0.35438171,1.1996292e-06,0.36419039999999997,128.806005303588,0.807695,112,0.0,-0.00653720729867463,0.013125349208932852,0.027832229783647657,0.019711818086194814
CaseM3m_TrimmedEdge,trimmed_edge,7,0.001106,520,-1,1,-6.0957061e-15,0.010000031,0.030000029,0.010000031,0.33333436666666666,0.30000029,interior,0.06999997100000001,0.030000029,0.019999969,0.03605551968841667,153,153,0.009999985000000199,12.935947991031075,0.9967881946487848,0.00010536366812976323,0.025053114,-16678090.0,-20896.5040611,-18.631166,-0.35437189999999913,28.517426828686602,-80.47316062217877,119.99845,0.80005193,-1.1446715e-06,1.1996229e-06,0.0,0.0,-0.35438171,1.1996229e-06,0.36419039999999997,128.806005303588,0.807695,112,0.0,-0.006537207189797745,0.013125348235316752,0.027832227874135907,0.019711816693616036
CaseM3m_TrimmedEdge,trimmed_edge,7,0.001106,586,-1,1,0.010000031,5.3065361e-14,0.030000029,0.010000031,0.33333436666666666,0.30000029,interior,0.06999997100000001,0.030000029,0.019999969,0.03605551968841667,153,153,0.009999985000000199,12.935947991030528,0.9967881946487426,0.00010536371550034277,0.025053116,-16678091.0,-20896.50496595,-18.631166,-0.35437290000000016,28.51742848954908,-80.47293822284115,119.99845,0.80005193,-1.1446753e-06,1.199627e-06,0.0,0.0,-0.35438266,1.199627e-06,0.36419039999999997,128.806005303588,0.807695,112,0.0,-0.006537207352856096,0.01312534962596449,0.027832230589814506,0.01971181861321769
CaseM3m_TrimmedEdge,trimmed_edge,7,0.001106,499,-1,1,-4.5282032e-14,-0.010000034,0.040000014,0.010000034,0.33333446666666666,0.40000014,interior,0.059999986000000005,0.040000014,0.019999966,0.044721356866729255,153,153,0.009999983000000446,12.935931733154586,0.9967869418871499,5.368020307508353e-05,0.025013769,-16652422.0,-21694.16265229,-15.05681,-4.253528333333334,28.968659120068487,-6.810501035822845,120.0,0.80004835,0.0,0.0,0.0,0.0,-4.2535381,0.0,0.36419039999999997,128.806005303588,0.807695,112,0.0,-0.00812479582910171,0.012596302594734743,0.027719702115848982,0.019600927735278977
CaseM3m_TrimmedEdge,trimmed_edge,7,0.001106,500,-1,1,7.9491128e-14,-0.010000037,0.049999997,0.010000037,0.33333456666666667,0.49999996999999996,interior,0.05000000300000001,0.049999997,0.019999963,0.0538516315444702,153,153,0.0099999760000002,12.935936889135268,0.9967873391847178,5.595458347912302e-05,0.022416113,-14920873.0,-21475.86209777,-18.885178,-0.1322010666666659,28.528365199139802,-215.79527244717116,119.99711,0.80005395,-2.1440694e-06,2.2406825e-06,0.0,0.0,-0.13221119,2.2406825e-06,0.36419039999999997,128.806005303588,0.807695,112,0.0,-0.013342234531440147,0.013318941747475832,0.03268717917647708,0.02311353893139036
CaseM3m_TrimmedEdge,trimmed_edge,7,0.001106,433,-1,1,-0.010000034,-1.861647e-14,0.040000014,0.010000034,0.33333446666666666,0.40000014,interior,0.059999986000000005,0.040000014,0.019999966,0.044721356866729255,153,153,0.009999983000000446,12.935931733149925,0.9967869418867907,5.368015015128412e-05,0.025013769,-16652422.0,-21694.16496471,-15.056805,-4.253536333333333,28.96866365487922,-6.810489292841561,120.0,0.80004835,0.0,0.0,0.0,0.0,-4.2535467,0.0,0.36419039999999997,128.806005303588,0.807695,112,0.0,-0.00812479599806813,0.012596301519786112,0.02771970028665631,0.019600926439974665
CaseM3m_TrimmedEdge,trimmed_edge,7,0.001106,434,-1,1,-0.010000037,-2.8067382e-14,0.049999997,0.010000037,0.33333456666666667,0.49999996999999996,interior,0.05000000300000001,0.049999997,0.019999963,0.0538516315444702,153,153,0.0099999760000002,12.935936889127012,0.9967873391840816,5.595463950580353e-05,0.022416109,-14920871.0,-21475.86360593,-18.885176,-0.1322023666666657,28.52836416084383,-215.79314259006483,119.99711,0.80005395,-2.1440724e-06,2.2406855e-06,0.0,0.0,-0.13221246,2.2406855e-06,0.36419039999999997,128.806005303588,0.807695,112,0.0,-0.013342234650651845,0.013318942290049181,0.03268718011473828,0.023113539594592405
CaseM3m_TrimmedEdge,trimmed_edge,7,0.001106,521,-1,1,-1.7798354e-14,0.010000034,0.040000014,0.010000034,0.33333446666666666,0.40000014,interior,0.059999986000000005,0.040000014,0.019999966,0.044721356866729255,153,153,0.009999983000000446,12.9359317331428,0.9967869418862416,5.3680223663961234e-05,0.025013765,-16652419.0,-21694.16657338,-15.056804,-4.2535343333333335,28.96865912720883,-6.810491430665658,120.0,0.80004835,0.0,0.0,0.0,0.0,-4.2535448,0.0,0.36419039999999997,128.806005303588,0.807695,112,0.0,-0.008124795462845835,0.012596301959675694,0.027719700845368362,0.019600926833465877
CaseM3m_TrimmedEdge,trimmed_edge,7,0.001106,522,-1,1,-3.4887788e-15,0.010000037,0.049999997,0.010000037,0.33333456666666667,0.49999996999999996,interior,0.05000000300000001,0.049999997,0.019999963,0.0538516315444702,153,153,0.0099999760000002,12.93593688911723,0.9967873391833278,5.595466125897085e-05,0.022416111,-14920872.0,-21475.86199728,-18.885176,-0.13220173333333327,28.528363236569266,-215.79416938988152,119.99711,0.80005395,-2.1440703e-06,2.2406834e-06,0.0,0.0,-0.13221183,2.2406834e-06,0.36419039999999997,128.806005303588,0.807695,112,0.0,-0.013342234420356565,0.013318942505599929,0.03268718036226139,0.023113539771517963
CaseM3m_TrimmedEdge,trimmed_edge,7,0.001106,587,-1,1,0.010000034,-2.7728071e-14,0.040000014,0.010000034,0.33333446666666666,0.40000014,interior,0.059999986000000005,0.040000014,0.019999966,0.044721356866729255,153,153,0.009999983000000446,12.93593173314746,0.9967869418866007,5.368030448090909e-05,0.025013765,-16652419.0,-21694.16607064,-15.056802,-4.253536666666666,28.968659641156574,-6.810487815509582,120.0,0.80004835,0.0,0.0,0.0,0.0,-4.2535467,0.0,0.36419039999999997,128.806005303588,0.807695,112,0.0,-0.008124795430580305,0.012596302891249352,0.027719702457766938,0.01960092797349013
CaseM3m_TrimmedEdge,trimmed_edge,7,0.001106,588,-1,1,0.010000037,-3.8187576e-14,0.049999997,0.010000037,0.33333456666666667,0.49999996999999996,interior,0.05000000300000001,0.049999997,0.019999963,0.0538516315444702,153,153,0.0099999760000002,12.935936889125486,0.996787339183964,5.5954551772487665e-05,0.022416111,-14920872.0,-21475.8633043,-18.885176,-0.13220206666666576,28.528363759914455,-215.79362924670355,119.99711,0.80005395,-2.1440717e-06,2.2406848e-06,0.0,0.0,-0.13221215,2.2406848e-06,0.36419039999999997,128.806005303588,0.807695,112,0.0,-0.013342234371587129,0.013318941249634874,0.032687178306746285,0.02311353831755422
CaseM3m_TrimmedEdge,trimmed_edge,8,0.001206,498,-1,1,-9.9307295e-14,-0.010000032,0.03000004,0.010000032,0.33333440000000003,0.30000039999999994,interior,0.06999996,0.03000004,0.019999968,0.03605552828627843,153,153,0.00999997800000125,12.935922396594082,0.9967874445390625,0.00011721450119125207,0.018522644,-12319989.0,-22135.1322225,-17.430029,-3.4580863333333327,31.36544639980721,-9.07017447698401,119.99845,0.80005193,-1.1446766e-06,1.1996284e-06,0.0,0.0,-3.4580963,1.1996284e-06,0.36419039999999997,128.806005303588,0.807695,112,0.0,-0.007546254910284319,0.010054629451792033,0.022776027403528683,0.01616634606373447
CaseM3m_TrimmedEdge,trimmed_edge,8,0.001206,432,-1,1,-0.010000032,-2.2444542e-14,0.03000004,0.010000032,0.33333440000000003,0.30000039999999994,interior,0.06999996,0.03000004,0.019999968,0.03605552828627843,153,153,0.00999997800000125,12.935922396595146,0.9967874445391446,0.00011721453218415462,0.018522644,-12319989.0,-22135.12850248,-17.430027,-3.4580873333333337,31.365444809354127,-9.070171394173617,119.99845,0.80005193,-1.1446774e-06,1.1996292e-06,0.0,0.0,-3.4580972,1.1996292e-06,0.36419039999999997,128.806005303588,0.807695,112,0.0,-0.007546254822600132,0.010054629743185571,0.022776027886347708,0.01616634642319573
CaseM3m_TrimmedEdge,trimmed_edge,8,0.001206,520,-1,1,-5.1372442e-15,0.010000032,0.03000004,0.010000032,0.33333440000000003,0.30000039999999994,interior,0.06999996,0.03000004,0.019999968,0.03605552828627843,153,153,0.00999997800000125,12.935922396588376,0.9967874445386229,0.00011721444025238897,0.018522644,-12319989.0,-22135.13171979,-17.430025,-3.458086999999999,31.365441462519634,-9.070171300640974,119.99845,0.80005193,-1.1446715e-06,1.1996229e-06,0.0,0.0,-3.458097,1.1996229e-06,0.36419039999999997,128.806005303588,0.807695,112,0.0,-0.00754625477062026,0.010054628572279067,0.02277602570593747,0.01616634482684585
CaseM3m_TrimmedEdge,trimmed_edge,8,0.001206,586,-1,1,0.010000032,6.1672862e-14,0.03000004,0.010000032,0.33333440000000003,0.30000039999999994,interior,0.06999996,0.03000004,0.019999968,0.03605552828627843,153,153,0.00999997800000125,12.935922396587413,0.9967874445385487,0.00011721448466548999,0.018522643,-12319987.0,-22135.13242355,-17.430025,-3.458088333333334,31.365443568309693,-9.070168412405994,119.99845,0.80005193,-1.1446753e-06,1.199627e-06,0.0,0.0,-3.4580982,1.199627e-06,0.36419039999999997,128.806005303588,0.807695,112,0.0,-0.007546254936390062,0.010054629808062111,0.022776028088648627,0.016166346540419894
CaseM3m_TrimmedEdge,trimmed_edge,8,0.001206,499,-1,1,-4.9601199e-14,-0.010000037,0.040000018,0.010000037,0.33333456666666667,0.40000018,interior,0.05999998200000001,0.040000018,0.019999963,0.044721359102801124,153,153,0.009999975000000801,12.935907134064164,0.996786268473087,4.4037432987552414e-05,0.017633095,-11726191.0,-22873.0910185,-14.188873,-7.208190999999999,32.09833762837155,-4.453036500887887,120.0,0.80004835,0.0,0.0,0.0,0.0,-7.2082009,0.0,0.36419039999999997,128.806005303588,0.807695,112,0.0,-0.010011387770434154,0.00936643296250558,0.02351762864391362,0.016629565592629188
CaseM3m_TrimmedEdge,trimmed_edge,8,0.001206,500,-1,1,8.9718224e-14,-0.010000041,0.049999993,0.010000041,0.3333347,0.49999993,interior,0.050000007000000006,0.049999993,0.019999958999999998,0.05385162634500215,153,153,0.009999961000000451,12.935917165260642,0.9967870414346429,7.057938821231772e-05,0.01413056,-9390614.0,-22419.97610895,-19.168419,-2.4999646666666657,32.50693731717961,-13.002958702021505,119.99711,0.80005395,-2.1440694e-06,2.2406825e-06,0.0,0.0,-2.4999747,2.2406825e-06,0.36419039999999997,128.806005303588,0.807695,112,0.0,-0.016382204249735233,0.010368002723338517,0.03116152422174039,0.022034543574614072
CaseM3m_TrimmedEdge,trimmed_edge,8,0.001206,433,-1,1,-0.010000037,-1.7651008e-14,0.040000018,0.010000037,0.33333456666666667,0.40000018,interior,0.05999998200000001,0.040000018,0.019999963,0.044721359102801124,153,153,0.009999975000000801,12.935907134059573,0.9967862684727332,4.403738925092015e-05,0.017633099,-11726194.0,-22873.09363254,-14.188868,-7.208199666666668,32.098343119804994,-4.453031908680247,120.0,0.80004835,0.0,0.0,0.0,0.0,-7.20821,0.0,0.36419039999999997,128.806005303588,0.807695,112,0.0,-0.01001138793816863,0.009366431992873165,0.023517627230027035,0.01662956459244062
CaseM3m_TrimmedEdge,trimmed_edge,8,0.001206,434,-1,1,-0.010000041,-2.6867038e-14,0.049999993,0.010000041,0.3333347,0.49999993,interior,0.050000007000000006,0.049999993,0.019999958999999998,0.05385162634500215,153,153,0.009999961000000451,12.935917165252192,0.9967870414339918,7.057942304634607e-05,0.014130559,-9390614.0,-22419.97761711,-19.168417,-2.499965333333332,32.506935336306924,-13.002954442157707,119.99711,0.80005395,-2.1440724e-06,2.2406855e-06,0.0,0.0,-2.4999754,2.2406855e-06,0.36419039999999997,128.806005303588,0.807695,112,0.0,-0.01638220440392246,0.0103680032848105,0.031161525141896428,0.02203454422547074
CaseM3m_TrimmedEdge,trimmed_edge,8,0.001206,521,-1,1,-1.8853629e-14,0.010000037,0.040000018,0.010000037,0.33333456666666667,0.40000018,interior,0.05999998200000001,0.040000018,0.019999963,0.044721359102801124,153,153,0.009999975000000801,12.935907134052913,0.99678626847222,4.40374209985869e-05,0.017633101,-11726195.0,-22873.09534175,-14.188868,-7.208196333333333,32.09833813892957,-4.453033276923262,120.0,0.80004835,0.0,0.0,0.0,0.0,-7.2082067,0.0,0.36419039999999997,128.806005303588,0.807695,112,0.0,-0.010011387603438735,0.009366432137175695,0.023517627223691634,0.01662956458792712
CaseM3m_TrimmedEdge,trimmed_edge,8,0.001206,522,-1,1,-2.0867093e-15,0.010000041,0.049999993,0.010000041,0.3333347,0.49999993,interior,0.050000007000000006,0.049999993,0.019999958999999998,0.05385162634500215,153,153,0.009999961000000451,12.935917165242769,0.9967870414332657,7.057943627242597e-05,0.014130552,-9390609.0,-22419.97550577,-19.168417,-2.4999643333333323,32.50693385514548,-13.002959050940659,119.99711,0.80005395,-2.1440703e-06,2.2406834e-06,0.0,0.0,-2.4999745,2.2406834e-06,0.36419039999999997,128.806005303588,0.807695,112,0.0,-0.016382204020917734,0.010368003382853368,0.03116152494393579,0.022034544085028
CaseM3m_TrimmedEdge,trimmed_edge,8,0.001206,587,-1,1,0.010000037,-2.846214e-14,0.040000018,0.010000037,0.33333456666666667,0.40000018,interior,0.05999998200000001,0.040000018,0.019999963,0.044721359102801124,153,153,0.009999975000000801,12.935907134057514,0.9967862684725746,4.4037481925042284e-05,0.017633101,-11726195.0,-22873.09483901,-14.188866,-7.208199,32.09833914314252,-4.453031768843024,120.0,0.80004835,0.0,0.0,0.0,0.0,-7.208209,0.0,0.36419039999999997,128.806005303588,0.807695,112,0.0,-0.01001138750959636,0.009366433114005316,0.0235176286934585,0.016629565626835166
CaseM3m_TrimmedEdge,trimmed_edge,8,0.001206,588,-1,1,0.010000041,-3.9514859e-14,0.049999993,0.010000041,0.3333347,0.49999993,interior,0.050000007000000006,0.049999993,0.019999958999999998,0.05385162634500215,153,153,0.009999961000000451,12.935917165251212,0.9967870414339163,7.057936444088044e-05,0.014130556,-9390612.0,-22419.9771144,-19.168417,-2.499965333333332,32.50693534995404,-13.00295444761663,119.99711,0.80005395,-2.1440717e-06,2.2406848e-06,0.0,0.0,-2.4999754,2.2406848e-06,0.36419039999999997,128.806005303588,0.807695,112,0.0,-0.01638220406106442,0.010368002132352606,0.031161523343630745,0.022034542953360634
CaseM3m_TrimmedEdge,trimmed_edge,9,0.001307,498,-1,1,-1.0776671e-13,-0.010000031,0.030000053,0.010000031,0.33333436666666666,0.30000053,interior,0.069999947,0.030000053,0.019999969,0.036055539657641654,153,153,0.00999996800000245,12.935906876457349,0.9967867362406191,0.0001284468811312394,0.011458783,-7606568.5,-22899.87855928,-17.164248,-5.378152666666665,33.84204445023613,-6.292503494738306,119.99845,0.80005193,-1.1446766e-06,1.1996284e-06,0.0,0.0,-5.3781629,1.1996284e-06,0.36419039999999997,128.806005303588,0.807695,112,0.0,-0.008540397015406782,0.006882221934320965,0.018345806887506026,0.013083821744262985
CaseM3m_TrimmedEdge,trimmed_edge,9,0.001307,432,-1,1,-0.010000031,-2.292174e-14,0.030000053,0.010000031,0.33333436666666666,0.30000053,interior,0.069999947,0.030000053,0.019999969,0.036055539657641654,153,153,0.00999996800000245,12.935906876458931,0.996786736240741,0.00012844689768167793,0.011458783,-7606568.5,-22899.87483925,-17.164246,-5.378153,33.842041856064824,-6.292502622380736,119.99845,0.80005193,-1.1446774e-06,1.1996292e-06,0.0,0.0,-5.3781629,1.1996292e-06,0.36419039999999997,128.806005303588,0.807695,112,0.0,-0.00854039690456847,0.006882222046041414,0.0183458070057694,0.013083821837543894
CaseM3m_TrimmedEdge,trimmed_edge,9,0.001307,520,-1,1,-4.230938e-15,0.010000031,0.030000053,0.010000031,0.33333436666666666,0.30000053,interior,0.069999947,0.030000053,0.019999969,0.036055539657641654,153,153,0.00999996800000245,12.935906876452528,0.9967867362402476,0.00012844682501488702,0.011458781,-7606566.5,-22899.87785549,-17.164244,-5.378152666666666,33.84203853330106,-6.292502394558477,119.99845,0.80005193,-1.1446715e-06,1.1996229e-06,0.0,0.0,-5.3781629,1.1996229e-06,0.36419039999999997,128.806005303588,0.807695,112,0.0,-0.008540397108256211,0.006882220987989961,0.01834580547144163,0.013083820675439523
CaseM3m_TrimmedEdge,trimmed_edge,9,0.001307,586,-1,1,0.010000031,6.9826699e-14,0.030000053,0.010000031,0.33333436666666666,0.30000053,interior,0.069999947,0.030000053,0.019999969,0.036055539657641654,153,153,0.00999996800000245,12.935906876451112,0.9967867362401385,0.00012844681991946319,0.011458778,-7606565.0,-22899.87840845,-17.164244,-5.3781539999999985,33.842040601132176,-6.292501219030207,119.99845,0.80005193,-1.1446753e-06,1.199627e-06,0.0,0.0,-5.3781643,1.199627e-06,0.36419039999999997,128.806005303588,0.807695,112,0.0,-0.008540397227964406,0.006882222094634984,0.018345807417765224,0.013083822052013782
CaseM3m_TrimmedEdge,trimmed_edge,9,0.001307,499,-1,1,-5.3765406e-14,-0.010000038,0.040000021,0.010000038,0.3333346,0.40000020999999997,interior,0.05999997900000001,0.040000021,0.019999962,0.04472136133887121,153,153,0.009999965000001807,12.935894105902763,0.9967857521952369,3.334849850567258e-05,0.0094612101,-6272616.0,-23503.72493812,-14.572557,-8.793538,35.05501905835297,-3.986452217338797,120.0,0.80004835,0.0,0.0,0.0,0.0,-8.7935476,0.0,0.36419039999999997,128.806005303588,0.807695,112,0.0,-0.011904205626219884,0.006094593274428468,0.020844312947683026,0.01473923373027872
CaseM3m_TrimmedEdge,trimmed_edge,9,0.001307,500,-1,1,9.9453228e-14,-0.010000044,0.049999986,0.010000044,0.3333348,0.49999986,interior,0.050000014,0.049999986,0.019999956,0.05385161873149342,153,153,0.009999942000001249,12.935909130900992,0.996786909958592,0.00010148460601026639,0.0052177999,-3442458.5,-22766.07271314,-20.996887,-3.374274666666667,36.56914613741577,-10.83763171346724,119.99711,0.80005395,-2.1440694e-06,2.2406825e-06,0.0,0.0,-3.374285,2.2406825e-06,0.36419039999999997,128.806005303588,0.807695,112,0.0,-0.019269650885083398,0.007439844761341283,0.031157610338006438,0.022033123271411124
CaseM3m_TrimmedEdge,trimmed_edge,9,0.001307,433,-1,1,-0.010000038,-1.6942604e-14,0.040000021,0.010000038,0.3333346,0.40000020999999997,interior,0.05999997900000001,0.040000021,0.019999962,0.04472136133887121,153,153,0.009999965000001807,12.935894105898344,0.9967857521948964,3.3348531078520373e-05,0.0094612101,-6272616.0,-23503.72755216,-14.572552,-8.793546333333332,35.055024001263014,-3.986449001625361,120.0,0.80004835,0.0,0.0,0.0,0.0,-8.7935562,0.0,0.36419039999999997,128.806005303588,0.807695,112,0.0,-0.011904205816860712,0.006094592298879903,0.02084431202272994,0.014739233074721329
CaseM3m_TrimmedEdge,trimmed_edge,9,0.001307,434,-1,1,-0.010000044,-2.5004557e-14,0.049999986,0.010000044,0.3333348,0.49999986,interior,0.050000014,0.049999986,0.019999956,0.05385161873149342,153,153,0.009999942000001249,12.935909130892515,0.9967869099579388,0.0001014846186089288,0.005217799,-3442458.0,-22766.07417103,-20.996887,-3.3742739999999998,36.56914516959426,-10.837633567870974,119.99711,0.80005395,-2.1440724e-06,2.2406855e-06,0.0,0.0,-3.374284,2.2406855e-06,0.36419039999999997,128.806005303588,0.807695,112,0.0,-0.019269650919566516,0.0074398453329314026,0.031157610947762128,0.022033123702416575
CaseM3m_TrimmedEdge,trimmed_edge,9,0.001307,521,-1,1,-1.9874612e-14,0.010000038,0.040000021,0.010000038,0.3333346,0.40000020999999997,interior,0.05999997900000001,0.040000021,0.019999962,0.04472136133887121,153,153,0.009999965000001807,12.935894105892245,0.9967857521944264,3.334851713635574e-05,0.0094612138,-6272618.5,-23503.72951271,-14.572553,-8.793542,35.05501907035714,-3.986450405349419,120.0,0.80004835,0.0,0.0,0.0,0.0,-8.7935514,0.0,0.36419039999999997,128.806005303588,0.807695,112,0.0,-0.01190420543139134,0.006094592453780613,0.020844311807983577,0.014739232923916643
CaseM3m_TrimmedEdge,trimmed_edge,9,0.001307,522,-1,1,-8.6008514e-16,0.010000044,0.049999986,0.010000044,0.3333348,0.49999986,interior,0.050000014,0.049999986,0.019999956,0.05385161873149342,153,153,0.009999942000001249,12.935909130883566,0.9967869099572493,0.00010148464504405417,0.005217799,-3442458.0,-22766.07205969,-20.996885,-3.3742743333333336,36.56914268728759,-10.837631761600766,119.99711,0.80005395,-2.1440703e-06,2.2406834e-06,0.0,0.0,-3.374284,2.2406834e-06,0.36419039999999997,128.806005303588,0.807695,112,0.0,-0.01926965051045641,0.007439845340246777,0.031157610492610566,0.02203312338295999
CaseM3m_TrimmedEdge,trimmed_edge,9,0.001307,587,-1,1,0.010000038,-2.8429668e-14,0.040000021,0.010000038,0.3333346,0.40000020999999997,interior,0.05999997900000001,0.040000021,0.019999962,0.04472136133887121,153,153,0.009999965000001807,12.935894105896667,0.9967857521947672,3.334852922093563e-05,0.009461212,-6272617.5,-23503.72890944,-14.572551,-8.793545333333332,35.05502104372466,-3.986449118632848,120.0,0.80004835,0.0,0.0,0.0,0.0,-8.7935553,0.0,0.36419039999999997,128.806005303588,0.807695,112,0.0,-0.011904205367105488,0.006094593297391926,0.02084431276243011,0.014739233597899607
CaseM3m_TrimmedEdge,trimmed_edge,9,0.001307,588,-1,1,0.010000044,-4.0638235e-14,0.049999986,0.010000044,0.3333348,0.49999986,interior,0.050000014,0.049999986,0.019999956,0.05385161873149342,153,153,0.009999942000001249,12.935909130892046,0.9967869099579028,0.00010148462337427247,0.0052177971,-3442456.8,-22766.07354265,-20.996887,-3.3742736666666673,36.569144640425755,-10.837634481660523,119.99711,0.80005395,-2.1440717e-06,2.2406848e-06,0.0,0.0,-3.3742836,2.2406848e-06,0.36419039999999997,128.806005303588,0.807695,112,0.0,-0.019269650495677398,0.007439844174618866,0.031157609365669622,0.022033122587275543
CaseM3m_TrimmedEdge,trimmed_edge,10,0.001408,498,-1,1,-1.1541413e-13,-0.010000029,0.030000065,0.010000029,0.33333430000000003,0.30000065,interior,0.06999993500000001,0.030000065,0.019999971,0.036055550751653564,153,153,0.009999960000002452,12.935900720879326,0.9967859149257339,0.00013864458340932716,0.0040773009,-2681945.0,-20640.79851343,-17.866621,-6.061354000000002,35.91658457129509,-5.9255051876684774,119.99845,0.80005193,-1.1446766e-06,1.1996284e-06,0.0,0.0,-6.0613637,1.1996284e-06,0.36419039999999997,128.806005303588,0.807695,112,0.0,-0.009496621241410066,0.0037084963911292227,0.015404344863962619,0.01107262901283643
CaseM3m_TrimmedEdge,trimmed_edge,10,0.001408,432,-1,1,-0.010000029,-2.281919e-14,0.030000065,0.010000029,0.33333430000000003,0.30000065,interior,0.06999993500000001,0.030000065,0.019999971,0.036055550751653564,153,153,0.009999960000002452,12.935900720881472,0.9967859149258992,0.00013864458431874408,0.0040772976,-2681942.8,-20640.79854933,-17.866619,-6.061353333333334,35.91658049031141,-5.925505166114401,119.99845,0.80005193,-1.1446774e-06,1.1996292e-06,0.0,0.0,-6.0613632,1.1996292e-06,0.36419039999999997,128.806005303588,0.807695,112,0.0,-0.009496621227122637,0.0037084964857185152,0.015404345025604744,0.011072629118579959
CaseM3m_TrimmedEdge,trimmed_edge,10,0.001408,520,-1,1,-3.6046156e-15,0.010000029,0.030000065,0.010000029,0.33333430000000003,0.30000065,interior,0.06999993500000001,0.030000065,0.019999971,0.036055550751653564,153,153,0.009999960000002452,12.93590072087553,0.9967859149254413,0.00013864453716588086,0.0040772972,-2681942.5,-20640.79932276,-17.866617,-6.061353333333333,35.916577685061114,-5.925504703305166,119.99845,0.80005193,-1.1446715e-06,1.1996229e-06,0.0,0.0,-6.0613632,1.1996229e-06,0.36419039999999997,128.806005303588,0.807695,112,0.0,-0.0094966213992859,0.003708495510524724,0.015404344107019102,0.011072628394722476
CaseM3m_TrimmedEdge,trimmed_edge,10,0.001408,586,-1,1,0.010000029,7.7154469e-14,0.030000065,0.010000029,0.33333430000000003,0.30000065,interior,0.06999993500000001,0.030000065,0.019999971,0.036055550751653564,153,153,0.009999960000002452,12.935900720873512,0.9967859149252858,0.0001386445274936844,0.0040772962,-2681941.8,-20640.79910468,-17.866617,-6.061354666666666,35.91657972186479,-5.9255037358862355,119.99845,0.80005193,-1.1446753e-06,1.199627e-06,0.0,0.0,-6.0613642,1.199627e-06,0.36419039999999997,128.806005303588,0.807695,112,0.0,-0.009496621445841668,0.0037084964496678493,0.015404345304095636,0.011072629300078738
CaseM3m_TrimmedEdge,trimmed_edge,10,0.001408,499,-1,1,-5.7565043e-14,-0.010000036,0.040000025,0.010000036,0.33333453333333335,0.40000025,interior,0.059999975000000004,0.040000025,0.019999964,0.04472136581100717,153,153,0.009999946000003196,12.935893478259123,0.9967853568399877,3.612934658871978e-05,0.0008142211,-502943.47,-20729.32917233,-16.284565,-8.929970333333335,37.83386055357135,-4.236728582663601,120.0,0.80004835,0.0,0.0,0.0,0.0,-8.9299803,0.0,0.36419039999999997,128.806005303588,0.807695,112,0.0,-0.013746310896996818,0.002878471509296491,0.02036698705259569,0.014401773222510853
CaseM3m_TrimmedEdge,trimmed_edge,10,0.001408,500,-1,1,1.0846394e-13,-0.010000044,0.049999971,0.010000044,0.3333348,0.49999970999999993,interior,0.05000002900000001,0.049999971,0.019999956,0.05385160480433965,153,153,0.009999920000005002,12.93591543883245,0.996787049029086,0.00014706152869259137,-0.003884383,2631175.3,-19542.9199743,-24.389132,-2.723401333333334,40.695951666824364,-14.943060785321036,119.99711,0.80005395,-2.1440694e-06,2.2406825e-06,0.0,0.0,-2.7234113,2.2406825e-06,0.36419039999999997,128.806005303588,0.807695,112,0.0,-0.0219261458885425,0.004618882216156967,0.03250506609860231,0.02299118844349971
CaseM3m_TrimmedEdge,trimmed_edge,10,0.001408,433,-1,1,-0.010000036,-1.613139e-14,0.040000025,0.010000036,0.33333453333333335,0.40000025,interior,0.059999975000000004,0.040000025,0.019999964,0.04472136581100717,153,153,0.009999946000003196,12.935893478254997,0.9967853568396697,3.612941060065756e-05,0.00081422087,-502943.31,-20729.32954011,-16.284559,-8.929979333333334,37.833864942327345,-4.236724804177674,120.0,0.80004835,0.0,0.0,0.0,0.0,-8.9299889,0.0,0.36419039999999997,128.806005303588,0.807695,112,0.0,-0.013746310957342108,0.0028784706422137173,0.020366986602311562,0.014401772903545652
CaseM3m_TrimmedEdge,trimmed_edge,10,0.001408,434,-1,1,-0.010000044,-2.2405067e-14,0.049999971,0.010000044,0.3333348,0.49999970999999993,interior,0.05000002900000001,0.049999971,0.019999956,0.05385160480433965,153,153,0.009999920000005002,12.935915438824056,0.9967870490284392,0.00014706151638867374,-0.0038843835,2631175.5,-19542.92050523,-24.389133,-2.723399333333333,40.695950166486774,-14.943071208244932,119.99711,0.80005395,-2.1440724e-06,2.2406855e-06,0.0,0.0,-2.7234092,2.2406855e-06,0.36419039999999997,128.806005303588,0.807695,112,0.0,-0.021926145994452553,0.004618882706356433,0.032505066575999296,0.022991188777610923
CaseM3m_TrimmedEdge,trimmed_edge,10,0.001408,521,-1,1,-2.0803061e-14,0.010000036,0.040000025,0.010000036,0.33333453333333335,0.40000025,interior,0.059999975000000004,0.040000025,0.019999964,0.04472136581100717,153,153,0.009999946000003196,12.935893478249545,0.9967853568392496,3.612934823931792e-05,0.00081421831,-502941.56,-20729.33000858,-16.284561,-8.929974333333332,37.83386056904894,-4.236726686640601,120.0,0.80004835,0.0,0.0,0.0,0.0,-8.9299841,0.0,0.36419039999999997,128.806005303588,0.807695,112,0.0,-0.013746310753647004,0.002878470611258413,0.02036698637011368,0.014401772741208104
CaseM3m_TrimmedEdge,trimmed_edge,10,0.001408,522,-1,1,1.4104928e-16,0.010000044,0.049999971,0.010000044,0.3333348,0.49999970999999993,interior,0.05000002900000001,0.049999971,0.019999956,0.05385160480433965,153,153,0.009999920000005002,12.935915438815691,0.9967870490277946,0.0001470615252385915,-0.0038843851,2631176.5,-19542.92085303,-24.389132,-2.723399000000002,40.69594823964436,-14.94307232970429,119.99711,0.80005395,-2.1440703e-06,2.2406834e-06,0.0,0.0,-2.7234092,2.2406834e-06,0.36419039999999997,128.806005303588,0.807695,112,0.0,-0.021926145913421083,0.004618882562879168,0.03250506642433023,0.022991188677257836
CaseM3m_TrimmedEdge,trimmed_edge,10,0.001408,587,-1,1,0.010000036,-2.7946978e-14,0.040000025,0.010000036,0.33333453333333335,0.40000025,interior,0.059999975000000004,0.040000025,0.019999964,0.04472136581100717,153,153,0.009999946000003196,12.935893478253675,0.9967853568395679,3.612930474539906e-05,0.00081421796,-502941.31,-20729.32964669,-16.284561,-8.929977,37.83386451838432,-4.236725863726672,120.0,0.80004835,0.0,0.0,0.0,0.0,-8.929987,0.0,0.36419039999999997,128.806005303588,0.807695,112,0.0,-0.01374631064798113,0.00287847136486131,0.020366986709475978,0.014401772978934805
CaseM3m_TrimmedEdge,trimmed_edge,10,0.001408,588,-1,1,0.010000044,-4.1784477e-14,0.049999971,0.010000044,0.3333348,0.49999970999999993,interior,0.05000002900000001,0.049999971,0.019999956,0.05385160480433965,153,153,0.009999920000005002,12.93591543882407,0.9967870490284403,0.0001470615289739334,-0.0038843849,2631176.5,-19542.92052196,-24.389133,-2.723398666666668,40.695949129372174,-14.943074485375437,119.99711,0.80005395,-2.1440717e-06,2.2406848e-06,0.0,0.0,-2.7234085,2.2406848e-06,0.36419039999999997,128.806005303588,0.807695,112,0.0,-0.021926145793470228,0.0046188816000268034,0.032505065736551576,0.022991188188106703
CaseM3m_TrimmedEdge,trimmed_edge,11,0.001508,484,-1,1,-6.387939e-14,-0.02000015,2.072603e-07,0.02000015,0.6666716666666668,2.0726029999999997e-06,edge_ring,0.0999997927397,2.072603e-07,0.009999849999999998,0.009999850002147872,142,72,0.009999967741179205,12.703285502880757,0.9788604264597882,0.0002913909531465833,0.012727578,-8489487.0,-16019.0373045,-2.9429982,-0.3715868666666668,24.862706799595358,-66.90954129414517,119.99836,0.80005258,-1.2139374e-06,1.2653901e-06,0.0,0.0,-0.37159687,1.2653901e-06,0.36419039999999997,128.806005303588,0.807695,112,0.0,-0.006422467051415166,0.006154882503595064,0.01700409017988775,0.012131300240786898
CaseM3m_TrimmedEdge,trimmed_edge,11,0.001508,498,-1,1,-1.2219715e-13,-0.010000022,0.030000078,0.010000022,0.3333340666666667,0.30000077999999997,interior,0.069999922,0.030000078,0.019999977999999998,0.0360555654512111,153,153,0.009999947000004053,12.93590585482333,0.996785148127588,0.00014699451250526924,-0.003396004,2291003.8,-20410.46845576,-19.543509,-5.492315333333333,37.57544519517756,-6.841458094572421,119.99845,0.80005193,-1.1446766e-06,1.1996284e-06,0.0,0.0,-5.4923253,1.1996284e-06,0.36419039999999997,128.806005303588,0.807695,112,0.0,-0.010411833170908654,0.0006255911327121334,0.014857409331417954,0.010743747014351535
CaseM3m_TrimmedEdge,trimmed_edge,11,0.001508,363,-1,1,-0.02000015,-9.7859946e-14,2.0726037e-07,0.02000015,0.6666716666666668,2.0726037e-06,edge_ring,0.09999979273963,2.0726037e-07,0.009999849999999998,0.009999850002147872,142,72,0.009999967741109205,12.7032855028771,0.9788604264595064,0.00029139103533278173,0.012727571,-8489482.0,-16019.03787171,-2.9430027,-0.37158539999999984,24.862714495994688,-66.9098261018724,119.99836,0.80005258,-1.2139378e-06,1.2653906e-06,0.0,0.0,-0.37159538,1.2653906e-06,0.36419039999999997,128.806005303588,0.807695,112,0.0,-0.006422471014778705,0.006154881995150502,0.01700409161760244,0.01213130134858244
CaseM3m_TrimmedEdge,trimmed_edge,11,0.001508,432,-1,1,-0.010000022,-2.2056999e-14,0.030000078,0.010000022,0.3333340666666667,0.30000077999999997,interior,0.069999922,0.030000078,0.019999977999999998,0.0360555654512111,153,153,0.009999947000004053,12.935905854826064,0.9967851481277986,0.00014699449408779887,-0.0033960056,2291005.0,-20410.46836598,-19.543507,-5.4923146666666645,37.575441127151315,-6.84145818432435,119.99845,0.80005193,-1.1446774e-06,1.1996292e-06,0.0,0.0,-5.4923248,1.1996292e-06,0.36419039999999997,128.806005303588,0.807695,112,0.0,-0.010411833163024903,0.0006255913551962229,0.014857409473928726,0.01074374709698683
CaseM3m_TrimmedEdge,trimmed_edge,11,0.001508,520,-1,1,-3.0615476e-15,0.010000022,0.030000078,0.010000022,0.3333340666666667,0.30000077999999997,interior,0.069999922,0.030000078,0.019999977999999998,0.0360555654512111,153,153,0.009999947000004053,12.935905854820648,0.9967851481273813,0.00014699443046525075,-0.0033960082,2291006.8,-20410.46896348,-19.543505,-5.492314000000001,37.575437354537996,-6.841458327862899,119.99845,0.80005193,-1.1446715e-06,1.1996229e-06,0.0,0.0,-5.4923239,1.1996229e-06,0.36419039999999997,128.806005303588,0.807695,112,0.0,-0.010411833447825506,0.0006255903166786313,0.01485740948045365,0.010743746890735584
CaseM3m_TrimmedEdge,trimmed_edge,11,0.001508,528,-1,1,2.2087055e-14,0.02000015,2.0726014e-07,0.02000015,0.6666716666666668,2.0726014e-06,edge_ring,0.09999979273986001,2.0726014e-07,0.009999849999999998,0.009999850002147868,142,72,0.009999967741339206,12.703285502885263,0.9788604264601355,0.0002913908661773282,0.012727578,-8489487.0,-16019.03892305,-2.943002,-0.3715856333333332,24.862709264821007,-66.90977000856692,119.99836,0.80005258,-1.2139363e-06,1.2653891e-06,0.0,0.0,-0.37159562,1.2653891e-06,0.36419039999999997,128.806005303588,0.807695,112,0.0,-0.006422463835514043,0.006154881267807013,0.01700408695016318,0.012131297755912518
CaseM3m_TrimmedEdge,trimmed_edge,11,0.001508,586,-1,1,0.010000022,8.3544235e-14,0.030000078,0.010000022,0.3333340666666667,0.30000077999999997,interior,0.069999922,0.030000078,0.019999977999999998,0.0360555654512111,153,153,0.009999947000004053,12.935905854818081,0.9967851481271836,0.00014699438715934008,-0.0033960077,2291006.3,-20410.46879566,-19.543505,-5.492315333333334,37.57543936919711,-6.841457033821154,119.99845,0.80005193,-1.1446753e-06,1.199627e-06,0.0,0.0,-5.4923253,1.199627e-06,0.36419039999999997,128.806005303588,0.807695,112,0.0,-0.010411833456621802,0.0006255912419724827,0.014857409920964992,0.01074374721859282
CaseM3m_TrimmedEdge,trimmed_edge,11,0.001508,649,-1,1,0.02000015,3.5521014e-14,2.072602e-07,0.02000015,0.6666716666666668,2.072602e-06,edge_ring,0.0999997927398,2.072602e-07,0.009999849999999998,0.00999985000214787,142,72,0.009999967741279205,12.703285502884622,0.9788604264600861,0.0002913909040047091,0.012727577,-8489487.0,-16019.03847578,-2.9430025,-0.37158543333333344,24.8627093493705,-66.90980624923266,119.99836,0.80005258,-1.2139359e-06,1.2653885e-06,0.0,0.0,-0.37159544,1.2653885e-06,0.36419039999999997,128.806005303588,0.807695,112,0.0,-0.006422464542512392,0.0061548818864903074,0.017004087459194173,0.012131298375940429
CaseM3m_TrimmedEdge,trimmed_edge,11,0.001508,499,-1,1,-6.1089575e-14,-0.010000031,0.040000025,0.010000031,0.33333436666666666,0.40000025,interior,0.059999975000000004,0.040000025,0.019999969,0.04472136804707103,153,153,0.009999931000007197,12.935904268969855,0.9967850259285547,5.786235683721249e-05,-0.0079573216,5336418.0,-20192.82308163,-19.345053,-7.596631333333332,40.433152793690205,-5.322510862975959,120.0,0.80004835,0.0,0.0,0.0,0.0,-7.5966415,0.0,0.36419039999999997,128.806005303588,0.807695,112,0.0,-0.015471309703043749,-0.00018035717078215482,0.022004718125591818,0.015560120075441525
CaseM3m_TrimmedEdge,trimmed_edge,11,0.001508,500,-1,1,1.1654845e-13,-0.010000043,0.049999956,0.010000043,0.33333476666666667,0.49999955999999995,interior,0.05000004400000001,0.049999956,0.019999957,0.05385159124857671,153,153,0.009999890000009804,12.935933002158016,0.996787239984187,0.00020316320179577168,-0.012789167,8559156.0,-18682.4102981,-29.293554,-0.5804319999999995,44.86023505023219,-77.28766685887793,119.99711,0.80005395,-2.1440694e-06,2.2406825e-06,0.0,0.0,-0.58044195,2.2406825e-06,0.36419039999999997,128.806005303588,0.807695,112,0.0,-0.024261038664873343,0.0020013885339434994,0.03473097927757701,0.02457645127292351
CaseM3m_TrimmedEdge,trimmed_edge,11,0.001508,433,-1,1,-0.010000031,-1.4661385e-14,0.040000025,0.010000031,0.33333436666666666,0.40000025,interior,0.059999975000000004,0.040000025,0.019999969,0.04472136804707103,153,153,0.009999931000007197,12.935904268966118,0.9967850259282667,5.786242589784843e-05,-0.0079573207,5336417.0,-20192.82354995,-19.345047,-7.596640333333333,40.433157184658704,-5.322505135229566,120.0,0.80004835,0.0,0.0,0.0,0.0,-7.5966501,0.0,0.36419039999999997,128.806005303588,0.807695,112,0.0,-0.015471309834818174,-0.00018035802001525577,0.022004718309442797,0.015560120204569811
CaseM3m_TrimmedEdge,trimmed_edge,11,0.001508,434,-1,1,-0.010000043,-1.9268573e-14,0.049999956,0.010000043,0.33333476666666667,0.49999955999999995,interior,0.05000004400000001,0.049999956,0.019999957,0.05385159124857671,153,153,0.009999890000009804,12.935933002149868,0.9967872399835591,0.00020316318189702098,-0.012789172,8559159.0,-18682.41052741,-29.293556,-0.580430000000001,44.860235030506885,-77.2879331366518,119.99711,0.80005395,-2.1440724e-06,2.2406855e-06,0.0,0.0,-0.58043969,2.2406855e-06,0.36419039999999997,128.806005303588,0.807695,112,0.0,-0.024261038771522206,0.0020013890457764552,0.03473097959008966,0.02457645148671568
CaseM3m_TrimmedEdge,trimmed_edge,11,0.001508,521,-1,1,-2.1576552e-14,0.010000031,0.040000025,0.010000031,0.33333436666666666,0.40000025,interior,0.059999975000000004,0.040000025,0.019999969,0.04472136804707103,153,153,0.009999931000007197,12.935904268961368,0.9967850259279006,5.7862365309113115e-05,-0.0079573216,5336418.0,-20192.82391788,-19.345049,-7.596634999999998,40.433152334239296,-5.3225082334796,120.0,0.80004835,0.0,0.0,0.0,0.0,-7.5966454,0.0,0.36419039999999997,128.806005303588,0.807695,112,0.0,-0.015471309724228204,-0.00018035814262702468,0.022004718133260767,0.015560120087198344
CaseM3m_TrimmedEdge,trimmed_edge,11,0.001508,522,-1,1,1.0859918e-15,0.010000043,0.049999956,0.010000043,0.33333476666666667,0.49999955999999995,interior,0.05000004400000001,0.049999956,0.019999957,0.05385159124857671,153,153,0.009999890000009804,12.93593300214215,0.9967872399829644,0.000203163217696217,-0.012789172,8559159.0,-18682.41087522,-29.293554,-0.5804299999999998,44.86023212399098,-77.28792812913012,119.99711,0.80005395,-2.1440703e-06,2.2406834e-06,0.0,0.0,-0.58043969,2.2406834e-06,0.36419039999999997,128.806005303588,0.807695,112,0.0,-0.024261038938452207,0.002001388700376378,0.03473097967698357,0.024576451579421447
CaseM3m_TrimmedEdge,trimmed_edge,11,0.001508,587,-1,1,0.010000031,-2.7592181e-14,0.040000025,0.010000031,0.33333436666666666,0.40000025,interior,0.059999975000000004,0.040000025,0.019999969,0.04472136804707103,153,153,0.009999931000007197,12.935904268965103,0.9967850259281885,5.786231124478653e-05,-0.0079573216,5336418.0,-20192.82355599,-19.345049,-7.596637666666667,40.433156263791425,-5.3225068823814405,120.0,0.80004835,0.0,0.0,0.0,0.0,-7.5966477,0.0,0.36419039999999997,128.806005303588,0.807695,112,0.0,-0.015471309751568432,-0.00018035750390785999,0.02200471818122904,0.015560120119048126
CaseM3m_TrimmedEdge,trimmed_edge,11,0.001508,588,-1,1,0.010000043,-4.2514759e-14,0.049999956,0.010000043,0.33333476666666667,0.49999955999999995,interior,0.05000004400000001,0.049999956,0.019999957,0.05385159124857671,153,153,0.009999890000009804,12.935933002150293,0.9967872399835919,0.00020316323022940064,-0.012789169,8559157.0,-18682.41074522,-29.293556,-0.5804290000000011,44.86023351972132,-77.28806369034152,119.99711,0.80005395,-2.1440717e-06,2.2406848e-06,0.0,0.0,-0.58043909,2.2406848e-06,0.36419039999999997,128.806005303588,0.807695,112,0.0,-0.02426103863704744,0.0020013880039813714,0.034730979130706045,0.02457645119119585
CaseM3m_TrimmedEdge,trimmed_edge,12,0.001609,418,-1,1,-0.010000056,-0.010000056,1.990136e-07,0.014142214819690444,0.47140716065634813,1.990136e-06,bottom_cap_zone,0.0999998009864,1.990136e-07,0.015857785180309555,0.015857785181558354,157,86,0.0099999779866209,12.879157762258318,0.9924105552456839,0.0002921269837848294,0.0079563996,-5307877.0,-16906.72182131,-3.4801097,-0.6000168333333334,21.208556238374822,-35.34660206206684,119.9984,0.80005336,-1.1866935e-06,1.2234965e-06,0.0,0.0,-0.60002685,1.2234965e-06,0.36419039999999997,128.806005303588,0.807695,112,0.0,-0.007731474764464464,0.005217730990013981,0.01589142330858737,0.011294785693000698
CaseM3m_TrimmedEdge,trimmed_edge,12,0.001609,484,-1,1,-6.8988184e-14,-0.020000158,2.3480035e-07,0.020000158,0.6666719333333334,2.3480034999999998e-06,edge_ring,0.09999976519965001,2.3480035e-07,0.009999841999999998,0.0099998420027566,142,72,0.009999953201146458,12.703257438334953,0.9788564594457057,0.00027496548310340587,0.010309185,-6875704.5,-16710.29508187,0.44396359,-3.744967163333333,25.48767301305403,-6.805846860982321,119.99836,0.80005258,-1.2139374e-06,1.2653901e-06,0.0,0.0,-3.7449772,1.2653901e-06,0.36419039999999997,128.806005303588,0.807695,112,0.0,-0.006887856392772597,0.0042040978670671945,0.014949897052991906,0.010873361212584006
CaseM3m_TrimmedEdge,trimmed_edge,12,0.001609,498,-1,1,-1.2789612e-13,-0.010000014,0.030000091,0.010000014,0.3333338,0.30000090999999995,interior,0.069999909,0.030000091,0.019999985999999997,0.036055580705467445,153,153,0.009999930000006048,12.935921330913942,0.996784503117674,0.0001513639600686962,-0.010723516,7177753.0,-19688.84384474,-22.176615,-3.6954770000000003,38.8277916294666,-10.506841641678895,119.99845,0.80005193,-1.1446766e-06,1.1996284e-06,0.0,0.0,-3.6954873,1.1996284e-06,0.36419039999999997,128.806005303588,0.807695,112,0.0,-0.011262751435701598,-0.0022226933893507595,0.0166137258717716,0.011998423303532587
CaseM3m_TrimmedEdge,trimmed_edge,12,0.001609,572,-1,1,0.010000056,-0.010000056,1.9901377e-07,0.014142214819690444,0.47140716065634813,1.9901376999999998e-06,bottom_cap_zone,0.09999980098623,1.9901377e-07,0.015857785180309555,0.015857785181558358,157,86,0.0099999779864509,12.879157762251737,0.9924105552451767,0.0002921271501193464,0.0079563921,-5307872.0,-16906.72015906,-3.4801106,-0.6000163,21.20855531558063,-35.346631942466615,119.9984,0.80005336,-1.1866938e-06,1.2234967e-06,0.0,0.0,-0.60002625,1.2234967e-06,0.36419039999999997,128.806005303588,0.807695,112,0.0,-0.0077314824336848775,0.005217730117202828,0.0158914297619851,0.011294790421768565
CaseM3m_TrimmedEdge,trimmed_edge,12,0.001609,363,-1,1,-0.020000158,-1.0410784e-13,2.3480042e-07,0.020000158,0.6666719333333334,2.3480041999999998e-06,edge_ring,0.09999976519958001,2.3480042e-07,0.009999841999999998,0.009999842002756602,142,72,0.009999953201076456,12.703257438331269,0.9788564594454218,0.0002749655664184857,0.01030918,-6875701.5,-16710.29534747,0.44395906,-3.744965653333333,25.48768069467184,-6.8058516563391365,119.99836,0.80005258,-1.2139378e-06,1.2653906e-06,0.0,0.0,-3.7449756,1.2653906e-06,0.36419039999999997,128.806005303588,0.807695,112,0.0,-0.006887860364946685,0.004204097285912976,0.01494989883363907,0.010873362585018503
CaseM3m_TrimmedEdge,trimmed_edge,12,0.001609,432,-1,1,-0.010000014,-2.1110072e-14,0.030000091,0.010000014,0.3333338,0.30000090999999995,interior,0.069999909,0.030000091,0.019999985999999997,0.036055580705467445,153,153,0.009999930000006048,12.935921330917239,0.996784503117928,0.0001513639702510878,-0.010723518,7177754.0,-19688.84365443,-22.176613,-3.695476333333333,38.827787574318045,-10.506842439793205,119.99845,0.80005193,-1.1446774e-06,1.1996292e-06,0.0,0.0,-3.6954865,1.1996292e-06,0.36419039999999997,128.806005303588,0.807695,112,0.0,-0.011262751533630355,-0.0022226932380406835,0.016613726004344492,0.011998423491238112
CaseM3m_TrimmedEdge,trimmed_edge,12,0.001609,440,-1,1,-0.010000056,0.010000056,1.990136e-07,0.014142214819690444,0.47140716065634813,1.990136e-06,bottom_cap_zone,0.0999998009864,1.990136e-07,0.015857785180309555,0.015857785181558354,157,86,0.0099999779866209,12.879157762246257,0.9924105552447545,0.00029212708871234665,0.0079563949,-5307874.0,-16906.72180978,-3.4801092,-0.6000166000000001,21.208554605021302,-35.3466130854068,119.9984,0.80005336,-1.186695e-06,1.223498e-06,0.0,0.0,-0.60002661,1.223498e-06,0.36419039999999997,128.806005303588,0.807695,112,0.0,-0.007731479766059453,0.005217730059989846,0.015891427146270926,0.011294788405033826
CaseM3m_TrimmedEdge,trimmed_edge,12,0.001609,520,-1,1,-2.6040844e-15,0.010000014,0.030000091,0.010000014,0.3333338,0.30000090999999995,interior,0.069999909,0.030000091,0.019999985999999997,0.036055580705467445,153,153,0.009999930000006048,12.935921330912334,0.9967845031175501,0.0001513639084375364,-0.01072352,7177755.5,-19688.84410112,-22.176611,-3.695475666666667,38.82778381500307,-10.506843317960712,119.99845,0.80005193,-1.1446715e-06,1.1996229e-06,0.0,0.0,-3.6954858,1.1996229e-06,0.36419039999999997,128.806005303588,0.807695,112,0.0,-0.01126275171951829,-0.0022226941096206813,0.01661372655600104,0.011998423640485945
CaseM3m_TrimmedEdge,trimmed_edge,12,0.001609,528,-1,1,2.2909426e-14,0.020000158,2.3480018e-07,0.020000158,0.6666719333333334,2.3480018e-06,edge_ring,0.09999976519982001,2.3480018e-07,0.009999841999999998,0.009999842002756599,142,72,0.009999953201316457,12.703257438339882,0.9788564594460855,0.0002749653858357812,0.010309187,-6875706.0,-16710.29685123,0.44396016,-3.7449661866666664,25.487675429739866,-6.805849281225695,119.99836,0.80005258,-1.2139363e-06,1.2653891e-06,0.0,0.0,-3.7449763,1.2653891e-06,0.36419039999999997,128.806005303588,0.807695,112,0.0,-0.006887852752976488,0.00420409666475279,0.014949893451594023,0.010873358211576695
CaseM3m_TrimmedEdge,trimmed_edge,12,0.001609,586,-1,1,0.010000014,8.8913652e-14,0.030000091,0.010000014,0.3333338,0.30000090999999995,interior,0.069999909,0.030000091,0.019999985999999997,0.036055580705467445,153,153,0.009999930000006048,12.935921330909224,0.9967845031173104,0.00015136386877474163,-0.010723521,7177756.0,-19688.84388303,-22.176611,-3.695476999999999,38.827785801703875,-10.506840064680118,119.99845,0.80005193,-1.1446753e-06,1.199627e-06,0.0,0.0,-3.6954873,1.199627e-06,0.36419039999999997,128.806005303588,0.807695,112,0.0,-0.011262751781443146,-0.0022226934193818578,0.016613726466516633,0.011998423625102216
CaseM3m_TrimmedEdge,trimmed_edge,12,0.001609,594,-1,1,0.010000056,0.010000056,1.9901353e-07,0.014142214819690444,0.47140716065634813,1.9901353e-06,bottom_cap_zone,0.09999980098647,1.9901353e-07,0.015857785180309555,0.015857785181558354,157,86,0.009999977986690903,12.879157762261844,0.9924105552459556,0.0002921270859221281,0.007956394,-5307873.5,-16906.72176917,-3.4801104,-0.6000166,21.208555708130753,-35.34661492387169,119.9984,0.80005336,-1.1866929e-06,1.2234958e-06,0.0,0.0,-0.60002661,1.2234958e-06,0.36419039999999997,128.806005303588,0.807695,112,0.0,-0.007731480110212071,0.00521772937524094,0.01589142688749564,0.01129478810976156
CaseM3m_TrimmedEdge,trimmed_edge,12,0.001609,649,-1,1,0.020000158,3.791908e-14,2.3480024e-07,0.020000158,0.6666719333333334,2.3480024e-06,edge_ring,0.09999976519976,2.3480024e-07,0.009999841999999998,0.009999842002756599,142,72,0.009999953201256457,12.70325743833925,0.9788564594460367,0.0002749654276304878,0.010309182,-6875702.5,-16710.29605208,0.44396007,-3.7449661566666665,25.48767547366197,-6.80584934747398,119.99836,0.80005258,-1.2139359e-06,1.2653885e-06,0.0,0.0,-3.744976,1.2653885e-06,0.36419039999999997,128.806005303588,0.807695,112,0.0,-0.006887853817158058,0.004204097231137245,0.014949894361134626,0.010873359345982695
CaseM3m_TrimmedEdge,trimmed_edge,12,0.001609,499,-1,1,-6.4297194e-14,-0.010000025,0.040000021,0.010000025,0.33333416666666665,0.40000020999999997,interior,0.05999997900000001,0.040000021,0.019999975,0.044721367152638185,153,153,0.009999909000008451,12.935927630419966,0.9967849885295609,8.92317134729778e-05,-0.016428512,10986334.0,-19088.29789118,-23.705662,-4.843861,42.85551420664437,-8.847387281890287,120.0,0.80004835,0.0,0.0,0.0,0.0,-4.8438711,0.0,0.36419039999999997,128.806005303588,0.807695,112,0.0,-0.016976506012030174,-0.002894705530297487,0.024841835534097106,0.0175674763007666
CaseM3m_TrimmedEdge,trimmed_edge,12,0.001609,433,-1,1,-0.010000025,-1.2721669e-14,0.040000021,0.010000025,0.33333416666666665,0.40000020999999997,interior,0.05999997900000001,0.040000021,0.019999975,0.044721367152638185,153,153,0.009999909000008451,12.935927630416652,0.9967849885293055,8.923177548978143e-05,-0.016428515,10986336.0,-19088.29815843,-23.705656,-4.843870333333334,42.855519051989056,-8.847371234749344,120.0,0.80004835,0.0,0.0,0.0,0.0,-4.8438802,0.0,0.36419039999999997,128.806005303588,0.807695,112,0.0,-0.016976506174839565,-0.002894706375376235,0.024841836105308216,0.017567476703903396
CaseM3m_TrimmedEdge,trimmed_edge,12,0.001609,521,-1,1,-2.2369215e-14,0.010000025,0.040000021,0.010000025,0.33333416666666665,0.40000020999999997,interior,0.05999997900000001,0.040000021,0.019999975,0.044721367152638185,153,153,0.009999909000008451,12.93592763041258,0.9967849885289918,8.923174175061121e-05,-0.016428517,10986337.0,-19088.29842582,-23.705658,-4.843864333333333,42.85551328119132,-8.847381002452654,120.0,0.80004835,0.0,0.0,0.0,0.0,-4.8438745,0.0,0.36419039999999997,128.806005303588,0.807695,112,0.0,-0.016976506197257147,-0.002894706463131413,0.024841836115487313,0.017567476726749617
CaseM3m_TrimmedEdge,trimmed_edge,12,0.001609,587,-1,1,0.010000025,-2.7143051e-14,0.040000021,0.010000025,0.33333416666666665,0.40000020999999997,interior,0.05999997900000001,0.040000021,0.019999975,0.044721367152638185,153,153,0.009999909000008451,12.935927630415897,0.9967849885292474,8.923168724606199e-05,-0.016428521,10986340.0,-19088.29776232,-23.705658,-4.843867,42.8555171929363,-8.847376939320649,120.0,0.80004835,0.0,0.0,0.0,0.0,-4.8438768,0.0,0.36419039999999997,128.806005303588,0.807695,112,0.0,-0.016976506287155937,-0.00289470599460273,0.024841836114511844,0.017567476716858703
CaseM3m_TrimmedEdge,trimmed_edge,12,0.001609,426,-3,1,-0.01000021,-0.01000021,0.079999141,0.01414243260857905,0.47141442028596836,0.79999141,interior,0.02000085900000001,0.079999141,0.015857567391420947,0.02552443543570236,145,136,0.009999328000336425,12.634207666932202,0.9735357914919205,0.0015646118313851415,-0.022394864,14917874.0,-6143.656841716,-112.88918,55.94555866666667,86.37283232477587,1.543872907577886,119.98923,0.80001217,-7.9706979e-06,2.2765049e-05,0.0,6.0,2300.8049,2.2765049e-05,0.36419039999999997,128.806005303588,0.807695,112,0.0,-0.0689176398535698,0.025684155641743714,0.11202260292607498,0.0797263223237199
CaseM3m_TrimmedEdge,trimmed_edge,12,0.001609,580,-3,1,0.01000021,-0.01000021,0.079999141,0.01414243260857905,0.47141442028596836,0.79999141,interior,0.02000085900000001,0.079999141,0.015857567391420947,0.02552443543570236,145,136,0.009999328000336425,12.63420766692846,0.9735357914916322,0.0015646117337727446,-0.022394866,14917876.0,-6143.657092158,-112.88918,55.94555499999999,86.37283814653294,1.5438731128242977,119.98923,0.80001217,-7.9706979e-06,2.2765042e-05,0.0,6.0,2300.8047,2.2765042e-05,0.36419039999999997,128.806005303588,0.807695,112,0.0,-0.06891763915057524,0.025684155487326832,0.11202260244635609,0.07972632167938641
CaseM3m_TrimmedEdge,trimmed_edge,12,0.001609,448,-3,1,-0.01000021,0.01000021,0.079999141,0.01414243260857905,0.47141442028596836,0.79999141,interior,0.02000085900000001,0.079999141,0.015857567391420947,0.02552443543570236,145,136,0.009999328000336425,12.63420766691286,0.97353579149043,0.0015646118403579508,-0.022394871,14917879.0,-6143.657505523,-112.88917,55.94555033333333,86.37283009662194,1.5438730977172908,119.98923,0.80001217,-7.9706997e-06,2.2765043e-05,0.0,6.0,2300.8037,2.2765043e-05,0.36419039999999997,128.806005303588,0.807695,112,0.0,-0.06891764123375749,0.025684155824037408,0.11202260462436875,0.07972632357767104
CaseM3m_TrimmedEdge,trimmed_edge,12,0.001609,602,-3,1,0.01000021,0.01000021,0.079999141,0.01414243260857905,0.47141442028596836,0.79999141,interior,0.02000085900000001,0.079999141,0.015857567391420947,0.02552443543570236,145,136,0.009999328000336425,12.634207666924082,0.9735357914912948,0.0015646120389475452,-0.022394869,14917878.0,-6143.657709869,-112.88919,55.945564,86.37283936833325,1.5438728862994973,119.98923,0.80001217,-7.9707015e-06,2.2765054e-05,0.0,6.0,2300.8057,2.2765054e-05,0.36419039999999997,128.806005303588,0.807695,112,0.0,-0.06891764303272997,0.02568415569294006,0.11202260569698887,0.07972632471534898
CaseM3m_TrimmedEdge,trimmed_edge,13,0.001709,418,-1,1,-0.010000057,-0.010000057,2.2764223e-07,0.014142216233904006,0.47140720779680023,2.2764223e-06,bottom_cap_zone,0.09999977235777001,2.2764223e-07,0.015857783766095992,0.015857783767729918,157,86,0.0099999653579549,12.879135912693366,0.9924064374617679,0.000278686697659812,0.0049690413,-3315521.3,-17240.05049626,-0.78745192,-3.21283876,21.457900219577816,-6.678797730757524,119.9984,0.80005336,-1.1866935e-06,1.2234965e-06,0.0,0.0,-3.2128487,1.2234965e-06,0.36419039999999997,128.806005303588,0.807695,112,0.0,-0.008477317383888232,0.0032645278583670343,0.01453408907344129,0.010457828453028851
CaseM3m_TrimmedEdge,trimmed_edge,13,0.001709,484,-1,1,-7.4026411e-14,-0.020000163,2.6090635e-07,0.020000163,0.6666721000000001,2.6090635e-06,edge_ring,0.09999973909365001,2.6090635e-07,0.009999836999999998,0.009999837003403659,142,72,0.00999993609516381,12.703233159290688,0.9788521877025105,0.00025231903585341375,0.0079197986,-5281249.5,-17241.24987456,3.3341429,-6.656408366666667,25.87703187900969,-3.887536709525552,119.99836,0.80005258,-1.2139374e-06,1.2653901e-06,0.0,0.0,-6.6564183,1.2653901e-06,0.36419039999999997,128.806005303588,0.807695,112,0.0,-0.007281204857123213,0.002291521826887415,0.013667496325316846,0.010216800088492935
CaseM3m_TrimmedEdge,trimmed_edge,13,0.001709,495,-1,1,-1.8206372e-14,-0.010000031,2.1372632e-07,0.010000031,0.33333436666666666,2.1372631999999998e-06,bottom_cap_zone,0.09999978627368,2.1372632e-07,0.019999969,0.01999996900114197,160,91,0.0099999772736898,12.961128231111454,0.9987243849678835,0.00029428017889158715,0.0028574772,-1909327.1,-17154.69230799,-3.2168422,-0.8566833666666667,16.01597901827727,-18.69533090223876,119.99904,0.80005366,-7.1013847e-07,7.2283763e-07,0.0,0.0,-0.85669339,7.2283763e-07,0.36419039999999997,128.806005303588,0.807695,112,0.0,-0.009547727384994922,0.005194641784415347,0.01752604436970794,0.012500807758471663
CaseM3m_TrimmedEdge,trimmed_edge,13,0.001709,498,-1,1,-1.3273169e-13,-0.010000003,0.0300001,0.010000003,0.3333334333333334,0.30000099999999996,interior,0.0699999,0.0300001,0.019999997,0.036055594295615334,153,153,0.00999991800000845,12.935944871468216,0.9967838721573749,0.00015349832301849006,-0.017511016,11703294.0,-18512.24348918,-25.704742,-0.761336,39.71791709138653,-52.1687101245528,119.99845,0.80005193,-1.1446766e-06,1.1996284e-06,0.0,0.0,-0.76134598,1.1996284e-06,0.36419039999999997,128.806005303588,0.807695,112,0.0,-0.012018578531401099,-0.004777877145268596,0.019564258050624887,0.014068630035563376
CaseM3m_TrimmedEdge,trimmed_edge,13,0.001709,572,-1,1,0.010000057,-0.010000057,2.2764243e-07,0.014142216233904006,0.47140720779680023,2.2764243e-06,bottom_cap_zone,0.09999977235757,2.2764243e-07,0.015857783766095992,0.01585778376772992,157,86,0.0099999653577549,12.879135912686026,0.9924064374612023,0.0002786868762906652,0.0049690348,-3315516.8,-17240.04838161,-0.78745228,-3.212838806666667,21.457899428313464,-6.67879738746561,119.9984,0.80005336,-1.1866938e-06,1.2234967e-06,0.0,0.0,-3.2128489,1.2234967e-06,0.36419039999999997,128.806005303588,0.807695,112,0.0,-0.0084773254637312,0.00326452690640568,0.014534097460419587,0.010457834577336449
CaseM3m_TrimmedEdge,trimmed_edge,13,0.001709,363,-1,1,-0.020000163,-1.0989064e-13,2.609064e-07,0.020000163,0.6666721000000001,2.6090639999999996e-06,edge_ring,0.0999997390936,2.609064e-07,0.009999836999999998,0.009999837003403659,142,72,0.00999993609511381,12.703233159287668,0.9788521877022778,0.0002523191429915553,0.0079197958,-5281247.5,-17241.24993909,3.3341377,-6.656406666666666,25.877039714409687,-3.887538879496999,119.99836,0.80005258,-1.2139378e-06,1.2653906e-06,0.0,0.0,-6.6564164,1.2653906e-06,0.36419039999999997,128.806005303588,0.807695,112,0.0,-0.007281209589768485,0.0022915213426175627,0.01366749939610089,0.010216802542242553
CaseM3m_TrimmedEdge,trimmed_edge,13,0.001709,429,-1,1,-0.010000031,-1.6867367e-14,2.1372632e-07,0.010000031,0.33333436666666666,2.1372631999999998e-06,bottom_cap_zone,0.09999978627368,2.1372632e-07,0.019999969,0.01999996900114197,160,91,0.0099999772736898,12.961128231107928,0.9987243849676118,0.00029428020871332473,0.0028574762,-1909326.5,-17154.69266463,-3.2168429,-0.8566826666666668,16.01598334381818,-18.69535122746911,119.99904,0.80005366,-7.1013841e-07,7.2283757e-07,0.0,0.0,-0.85669267,7.2283757e-07,0.36419039999999997,128.806005303588,0.807695,112,0.0,-0.009547729045155284,0.005194641798578737,0.017526045896152646,0.012500808778586283
CaseM3m_TrimmedEdge,trimmed_edge,13,0.001709,432,-1,1,-0.010000003,-2.0063795e-14,0.0300001,0.010000003,0.3333334333333334,0.30000099999999996,interior,0.0699999,0.0300001,0.019999997,0.036055594295615334,153,153,0.00999991800000845,12.93594487147199,0.9967838721576657,0.00015349831125677604,-0.017511016,11703294.0,-18512.24329887,-25.704741,-0.7613353333333338,39.71791456714333,-52.16875249076838,119.99845,0.80005193,-1.1446774e-06,1.1996292e-06,0.0,0.0,-0.76134539,1.1996292e-06,0.36419039999999997,128.806005303588,0.807695,112,0.0,-0.012018578630905215,-0.004777876976361207,0.019564258067850514,0.014068630094864424
CaseM3m_TrimmedEdge,trimmed_edge,13,0.001709,440,-1,1,-0.010000057,0.010000057,2.2764225e-07,0.014142216233904006,0.47140720779680023,2.2764225e-06,bottom_cap_zone,0.09999977235775001,2.2764225e-07,0.015857783766095992,0.01585778376772992,157,86,0.0099999653579349,12.879135912680754,0.992406437460796,0.00027868681618525983,0.0049690353,-3315517.3,-17240.0500826,-0.78745008,-3.2128395400000005,21.45789856243242,-6.6787955935180054,119.9984,0.80005336,-1.186695e-06,1.223498e-06,0.0,0.0,-3.2128496,1.223498e-06,0.36419039999999997,128.806005303588,0.807695,112,0.0,-0.008477322937822258,0.0032645270038683056,0.014534094613721503,0.010457832355643888
CaseM3m_TrimmedEdge,trimmed_edge,13,0.001709,517,-1,1,-6.2133804e-14,0.010000031,2.1372655e-07,0.010000031,0.33333436666666666,2.1372655e-06,bottom_cap_zone,0.09999978627345,2.1372655e-07,0.019999969,0.019999969001141978,160,91,0.0099999772734598,12.96112823111089,0.9987243849678401,0.00029428029102518177,0.0028574739,-1909324.9,-17154.69187392,-3.216841,-0.8566831666666667,16.015979163592238,-18.695335436448488,119.99904,0.80005366,-7.1013773e-07,7.2283683e-07,0.0,0.0,-0.85669315,7.2283683e-07,0.36419039999999997,128.806005303588,0.807695,112,0.0,-0.00954773307942316,0.005194641931074929,0.017526050702694723,0.012500812602666217
CaseM3m_TrimmedEdge,trimmed_edge,13,0.001709,520,-1,1,-2.3988712e-15,0.010000003,0.0300001,0.010000003,0.3333334333333334,0.30000099999999996,interior,0.0699999,0.0300001,0.019999997,0.036055594295615334,153,153,0.00999991800000845,12.935944871467528,0.9967838721573219,0.00015349825994124007,-0.017511021,11703298.0,-18512.24334341,-25.704739,-0.7613339999999992,39.71790981016158,-52.168837606308955,119.99845,0.80005193,-1.1446715e-06,1.1996229e-06,0.0,0.0,-0.76134443,1.1996229e-06,0.36419039999999997,128.806005303588,0.807695,112,0.0,-0.012018579002587073,-0.004777877716034362,0.01956425909909865,0.014068630543676632
CaseM3m_TrimmedEdge,trimmed_edge,13,0.001709,528,-1,1,2.355785e-14,0.020000163,2.6090615e-07,0.020000163,0.6666721000000001,2.6090615e-06,edge_ring,0.09999973909385,2.6090615e-07,0.009999836999999998,0.009999837003403653,142,72,0.00999993609536381,12.70323315929673,0.978852187702976,0.00025231897111705284,0.0079197995,-5281250.0,-17241.25169418,3.3341386,-6.656406966666666,25.877034442901614,-3.887537912343132,119.99836,0.80005258,-1.2139363e-06,1.2653891e-06,0.0,0.0,-6.6564169,1.2653891e-06,0.36419039999999997,128.806005303588,0.807695,112,0.0,-0.00728120244285152,0.00229152064157894,0.013667493720213243,0.0102167977554894
CaseM3m_TrimmedEdge,trimmed_edge,13,0.001709,583,-1,1,0.010000031,2.7983671e-14,2.1372659e-07,0.010000031,0.33333436666666666,2.1372659e-06,bottom_cap_zone,0.09999978627341001,2.1372659e-07,0.019999969,0.019999969001141978,160,91,0.009999977273419799,12.961128231114584,0.9987243849681248,0.00029428029604221007,0.0028574732,-1909324.5,-17154.69155565,-3.2168429,-0.8566831333333332,16.01597870067539,-18.69533562351999,119.99904,0.80005366,-7.1013915e-07,7.2283831e-07,0.0,0.0,-0.85669315,7.2283831e-07,0.36419039999999997,128.806005303588,0.807695,112,0.0,-0.009547732852805014,0.005194642456140295,0.0175260504174752,0.012500813018057593
CaseM3m_TrimmedEdge,trimmed_edge,13,0.001709,586,-1,1,0.010000003,9.3189474e-14,0.0300001,0.010000003,0.3333334333333334,0.30000099999999996,interior,0.0699999,0.0300001,0.019999997,0.036055594295615334,153,153,0.00999991800000845,12.935944871463901,0.9967838721570423,0.00015349822730198636,-0.017511021,11703298.0,-18512.24312533,-25.704739,-0.7613356666666663,39.717912252766205,-52.168726609987914,119.99845,0.80005193,-1.1446753e-06,1.199627e-06,0.0,0.0,-0.76134598,1.199627e-06,0.36419039999999997,128.806005303588,0.807695,112,0.0,-0.012018578965891175,-0.004777877240226082,0.019564258712754315,0.01406863033578572
CaseM3m_TrimmedEdge,trimmed_edge,13,0.001709,594,-1,1,0.010000057,0.010000057,2.2764218e-07,0.014142216233904006,0.47140720779680023,2.2764218e-06,bottom_cap_zone,0.09999977235782001,2.2764218e-07,0.015857783766095992,0.015857783767729918,157,86,0.0099999653580049,12.87913591269702,0.9924064374620495,0.00027868681538940063,0.0049690362,-3315517.8,-17240.05009225,-0.78745204,-3.212839186666667,21.45789962288608,-6.678796658088803,119.9984,0.80005336,-1.1866929e-06,1.2234958e-06,0.0,0.0,-3.2128491,1.2234958e-06,0.36419039999999997,128.806005303588,0.807695,112,0.0,-0.008477323243869808,0.003264526379325855,0.014534094799073112,0.010457832336493573
CaseM3m_TrimmedEdge,trimmed_edge,13,0.001709,649,-1,1,0.020000163,4.0246662e-14,2.6090621e-07,0.020000163,0.6666721000000001,2.6090621e-06,edge_ring,0.09999973909379001,2.6090621e-07,0.009999836999999998,0.009999837003403655,142,72,0.009999936095303811,12.703233159296099,0.9788521877029274,0.0002523190071126033,0.0079197986,-5281249.5,-17241.25084477,3.3341379,-6.6564060666666665,25.8770344386749,-3.887538437334753,119.99836,0.80005258,-1.2139359e-06,1.2653885e-06,0.0,0.0,-6.6564159,1.2653885e-06,0.36419039999999997,128.806005303588,0.807695,112,0.0,-0.00728120343077125,0.002291521150528668,0.013667494526751736,0.010216799025297691
CaseM3m_TrimmedEdge,trimmed_edge,13,0.001709,499,-1,1,-6.7278885e-14,-0.010000016,0.040000018,0.010000016,0.3333338666666667,0.40000018,interior,0.05999998200000001,0.040000018,0.019999984,0.04472136849427329,153,153,0.0099998860000128,12.935959386010087,0.996784990580605,0.00012959959992548336,-0.023810355,15908391.0,-17488.93462584,-29.197983,-0.8542046666666678,45.12303221286565,-52.8246144907492,120.0,0.80004835,0.0,0.0,0.0,0.0,-0.85421449,0.0,0.36419039999999997,128.806005303588,0.807695,112,0.0,-0.018209036959114147,-0.00524736311699279,0.0279748986291388,0.019785415282686694
CaseM3m_TrimmedEdge,trimmed_edge,13,0.001709,433,-1,1,-0.010000016,-1.0712135e-14,0.040000018,0.010000016,0.3333338666666667,0.40000018,interior,0.05999998200000001,0.040000018,0.019999984,0.04472136849427329,153,153,0.0099998860000128,12.935959386007212,0.9967849905803835,0.00012959965705212117,-0.023810361,15908394.0,-17488.93459149,-29.197977,-0.8542126666666666,45.12303499226325,-52.824123023536586,120.0,0.80004835,0.0,0.0,0.0,0.0,-0.85422277,0.0,0.36419039999999997,128.806005303588,0.807695,112,0.0,-0.018209037248279974,-0.00524736385019693,0.027974899489304705,0.01978541589172113
CaseM3m_TrimmedEdge,trimmed_edge,13,0.001709,521,-1,1,-2.3463653e-14,0.010000016,0.040000018,0.010000016,0.3333338666666667,0.40000018,interior,0.05999998200000001,0.040000018,0.019999984,0.04472136849427329,153,153,0.0099998860000128,12.935959386003685,0.9967849905801117,0.00012959961661340974,-0.02381037,15908400.0,-17488.93425567,-29.197979,-0.8542069999999988,45.12302972909367,-52.82446728848363,120.0,0.80004835,0.0,0.0,0.0,0.0,-0.85421705,0.0,0.36419039999999997,128.806005303588,0.807695,112,0.0,-0.018209037174882314,-0.005247363764300305,0.027974899304052486,0.019785415778791043
CaseM3m_TrimmedEdge,trimmed_edge,13,0.001709,587,-1,1,0.010000016,-2.6674084e-14,0.040000018,0.010000016,0.3333338666666667,0.40000018,interior,0.05999998200000001,0.040000018,0.019999984,0.04472136849427329,153,153,0.0099998860000128,12.93595938600656,0.9967849905803333,0.0001295995961063374,-0.023810364,15908397.0,-17488.93389377,-29.197979,-0.8542093333333334,45.123033154140295,-52.82432700431779,120.0,0.80004835,0.0,0.0,0.0,0.0,-0.85421956,0.0,0.36419039999999997,128.806005303588,0.807695,112,0.0,-0.018209037138431385,-0.005247363463181874,0.02797489907457759,0.019785415608448084
CaseM3m_TrimmedEdge,trimmed_edge,13,0.001709,349,-3,1,-0.020000529,-0.020000529,0.079999112,0.028285019366436397,0.9428339788812132,0.79999112,lateral_surface,0.02000088800000001,0.079999112,0.0017149806335636023,0.02007427904962075,97,88,0.009999096100409475,8.030848846175532,0.6188199384845454,0.001620557057811027,-0.04552488,30301936.0,2012.936350893,-128.68292,80.45419333333332,80.60155640375598,1.0018316394002251,120.00224,0.79997265,1.6591723e-06,8.193434e-06,0.0,8.0,1914.8097,8.193434e-06,0.36419039999999997,128.806005303588,0.807695,112,0.0,-0.07030514645632828,0.013850039116517585,0.11390245014414861,0.08124242353387785
CaseM3m_TrimmedEdge,trimmed_edge,13,0.001709,635,-3,1,0.020000529,-0.020000529,0.079999112,0.028285019366436397,0.9428339788812132,0.79999112,lateral_surface,0.02000088800000001,0.079999112,0.0017149806335636023,0.02007427904962075,97,88,0.009999096100409475,8.030848846181485,0.6188199384850042,0.0016205569597097054,-0.045524877,30301934.0,2012.935536312,-128.68291,80.45418533333333,80.60155290824498,1.0018316955706044,120.00224,0.79997265,1.6591715e-06,8.1934377e-06,0.0,8.0,1914.8079,8.1934377e-06,0.36419039999999997,128.806005303588,0.807695,112,0.0,-0.07030514601273459,0.013850038300590369,0.1139024506734581,0.08124242351175646
CaseM3m_TrimmedEdge,trimmed_edge,13,0.001709,393,-3,1,-0.020000529,0.020000529,0.079999112,0.028285019366436397,0.9428339788812132,0.79999112,lateral_surface,0.02000088800000001,0.079999112,0.0017149806335636023,0.02007427904962075,97,88,0.009999096100409475,8.030848846173253,0.6188199384843699,0.001620556953923624,-0.045524877,30301934.0,2012.935384507,-128.68291,80.45418633333333,80.60155156193568,1.0018316663845408,120.00224,0.79997265,1.6591715e-06,8.1934377e-06,0.0,8.0,1914.8076,8.1934377e-06,0.36419039999999997,128.806005303588,0.807695,112,0.0,-0.07030514777826433,0.013850037434396242,0.11390245349961094,0.08124242528510231
CaseM3m_TrimmedEdge,trimmed_edge,13,0.001709,679,-3,1,0.020000529,0.020000529,0.079999112,0.028285019366436397,0.9428339788812132,0.79999112,lateral_surface,0.02000088800000001,0.079999112,0.0017149806335636023,0.02007427904962075,97,88,0.009999096100409475,8.030848846183833,0.6188199384851851,0.0016205568384640543,-0.045524884,30301938.0,2012.93454762,-128.68289,80.45417199999999,80.60154689588398,1.0018317868697226,120.00224,0.79997265,1.6591684e-06,8.1934313e-06,0.0,8.0,1914.8068,8.1934313e-06,0.36419039999999997,128.806005303588,0.807695,112,0.0,-0.07030514685153562,0.013850033447050509,0.11390245318482252,0.08124242457777395
CaseM3m_TrimmedEdge,trimmed_edge,14,0.00181,418,-1,1,-0.010000057,-0.010000057,2.5444564e-07,0.014142216233904006,0.47140720779680023,2.5444564e-06,bottom_cap_zone,0.09999974555436,2.5444564e-07,0.015857783766095992,0.015857783768137342,157,86,0.0099999525545121,12.879119376117472,0.9938229449005822,0.00025499807437679204,0.0020545812,-1371831.5,-17377.96810545,1.2845048,-5.236728666666667,21.552287444799997,-4.115601326069595,119.9984,0.80005336,-1.1866935e-06,1.2234965e-06,0.0,0.0,-5.2367387,1.2234965e-06,0.36419039999999997,128.806005303588,0.807695,112,0.0,-0.009055094370653933,0.0013970258104969398,0.014026643537701573,0.010225038862509637
CaseM3m_TrimmedEdge,trimmed_edge,14,0.00181,484,-1,1,-7.9050244e-14,-0.020000163,2.8474042e-07,0.020000163,0.6666721000000001,2.8474041999999996e-06,edge_ring,0.09999971525958,2.8474042e-07,0.009999836999999998,0.009999837004053918,142,72,0.009999917261093812,12.703213261326164,0.9802490717247425,0.00022356893113323415,0.0055862353,-3724003.5,-17615.64400339,5.6664038,-9.067608266666667,26.071841051703952,-2.8752720987679137,119.99836,0.80005258,-1.2139374e-06,1.2653901e-06,0.0,0.0,-9.0676184,1.2653901e-06,0.36419039999999997,128.806005303588,0.807695,112,0.0,-0.007603944891093761,0.0004636140892545356,0.013184866662468053,0.010084893365506904
CaseM3m_TrimmedEdge,trimmed_edge,14,0.00181,495,-1,1,-2.0038931e-14,-0.010000032,2.4216121e-07,0.010000032,0.33333440000000003,2.4216120999999997e-06,bottom_cap_zone,0.09999975783879,2.4216121e-07,0.019999968,0.019999968001466053,160,91,0.009999964838812051,12.961114200593384,1.0001501118090872,0.00027161170229545486,-0.00034101668,222863.61,-17132.28662902,-1.3375711,-2.5793454666666666,15.908824840502135,-6.1677759129572465,119.99904,0.80005366,-7.1013847e-07,7.2283763e-07,0.0,0.0,-2.5793555,7.2283763e-07,0.36419039999999997,128.806005303588,0.807695,112,0.0,-0.010315011085409435,0.0032462455280454633,0.016466988715166078,0.011848181853523196
CaseM3m_TrimmedEdge,trimmed_edge,14,0.00181,572,-1,1,0.010000057,-0.010000057,2.5444587e-07,0.014142216233904006,0.47140720779680023,2.5444587e-06,bottom_cap_zone,0.09999974555413,2.5444587e-07,0.015857783766095992,0.015857783768137346,157,86,0.0099999525542821,12.879119376109417,0.9938229448999605,0.0002549982154398619,0.0020545761,-1371828.1,-17377.96565149,1.2845044,-5.236728966666667,21.552286665344468,-4.115600941452415,119.9984,0.80005336,-1.1866938e-06,1.2234967e-06,0.0,0.0,-5.2367392,1.2234967e-06,0.36419039999999997,128.806005303588,0.807695,112,0.0,-0.009055100485089729,0.001397025105254631,0.014026650891457524,0.010225044324002662
CaseM3m_TrimmedEdge,trimmed_edge,14,0.00181,363,-1,1,-0.020000163,-1.1507897e-13,2.8474051e-07,0.020000163,0.6666721000000001,2.8474051e-06,edge_ring,0.09999971525949,2.8474051e-07,0.009999836999999998,0.009999837004053921,142,72,0.009999917261003811,12.703213261321842,0.980249071724409,0.0002235690513397628,0.0055862288,-3723999.3,-17615.64364064,5.6664,-9.067607333333333,26.071848758746086,-2.8752732446743305,119.99836,0.80005258,-1.2139378e-06,1.2653906e-06,0.0,0.0,-9.0676174,1.2653906e-06,0.36419039999999997,128.806005303588,0.807695,112,0.0,-0.007603950068919371,0.0004636136171046522,0.013184870705017693,0.010084896515989933
CaseM3m_TrimmedEdge,trimmed_edge,14,0.00181,429,-1,1,-0.010000032,-1.7219892e-14,2.4216121e-07,0.010000032,0.33333440000000003,2.4216120999999997e-06,bottom_cap_zone,0.09999975783879,2.4216121e-07,0.019999968,0.019999968001466053,160,91,0.009999964838812051,12.961114200589893,1.0001501118088179,0.00027161173231082396,-0.00034101907,222865.2,-17132.28682544,-1.3375722,-2.5793443333333332,15.908829291213207,-6.167780348525216,119.99904,0.80005366,-7.1013841e-07,7.2283757e-07,0.0,0.0,-2.5793543,7.2283757e-07,0.36419039999999997,128.806005303588,0.807695,112,0.0,-0.010315012659866953,0.003246245488219686,0.016466990372249753,0.011848182869471658
CaseM3m_TrimmedEdge,trimmed_edge,14,0.00181,440,-1,1,-0.010000057,0.010000057,2.5444567e-07,0.014142216233904006,0.47140720779680023,2.5444567e-06,bottom_cap_zone,0.09999974555433,2.5444567e-07,0.015857783766095992,0.015857783768137342,157,86,0.0099999525544821,12.879119376104565,0.9938229448995862,0.00025499815555346024,0.002054577,-1371828.8,-17377.96741532,1.2845073,-5.236729933333334,21.55228559753805,-4.115599977831849,119.9984,0.80005336,-1.186695e-06,1.223498e-06,0.0,0.0,-5.2367401,1.223498e-06,0.36419039999999997,128.806005303588,0.807695,112,0.0,-0.009055097770324306,0.0013970252848199772,0.014026647444896819,0.010225041685467767
CaseM3m_TrimmedEdge,trimmed_edge,14,0.00181,517,-1,1,-6.7493706e-14,0.010000032,2.4216143e-07,0.010000032,0.33333440000000003,2.4216142999999996e-06,bottom_cap_zone,0.09999975783857,2.4216143e-07,0.019999968,0.019999968001466056,160,91,0.00999996483859205,12.961114200593133,1.0001501118090679,0.00027161181223001025,-0.00034102169,222866.95,-17132.28585879,-1.3375707,-2.5793447333333335,15.90882524425788,-6.167777823051446,119.99904,0.80005366,-7.1013773e-07,7.2283683e-07,0.0,0.0,-2.5793548,7.2283683e-07,0.36419039999999997,128.806005303588,0.807695,112,0.0,-0.010315016356480695,0.0032462458142865826,0.016466995511237963,0.0118481872208914
CaseM3m_TrimmedEdge,trimmed_edge,14,0.00181,528,-1,1,2.4077194e-14,0.020000163,2.8474022e-07,0.020000163,0.6666721000000001,2.8474022e-06,edge_ring,0.09999971525978,2.8474022e-07,0.009999836999999998,0.009999837004053913,142,72,0.009999917261293812,12.703213261332357,0.9802490717252204,0.00022356889139423528,0.0055862358,-3724004.0,-17615.64587328,5.6663995,-9.067607166666667,26.071843763053984,-2.875272746584833,119.99836,0.80005258,-1.2139363e-06,1.2653891e-06,0.0,0.0,-9.0676174,1.2653891e-06,0.36419039999999997,128.806005303588,0.807695,112,0.0,-0.007603942788898908,0.0004636132647298783,0.013184864674622253,0.010084891744961482
CaseM3m_TrimmedEdge,trimmed_edge,14,0.00181,583,-1,1,0.010000032,2.8855587e-14,2.4216149e-07,0.010000032,0.33333440000000003,2.4216148999999997e-06,bottom_cap_zone,0.09999975783851,2.4216149e-07,0.019999968,0.019999968001466056,160,91,0.009999964838532051,12.961114200596883,1.0001501118093572,0.0002716118121101319,-0.00034102204,222867.19,-17132.28551696,-1.3375719,-2.5793451333333333,15.908824637430422,-6.167776631299886,119.99904,0.80005366,-7.1013915e-07,7.2283831e-07,0.0,0.0,-2.5793552,7.2283831e-07,0.36419039999999997,128.806005303588,0.807695,112,0.0,-0.01031501630839672,0.0032462462438395383,0.016466995307715875,0.01184818783332137
CaseM3m_TrimmedEdge,trimmed_edge,14,0.00181,594,-1,1,0.010000057,0.010000057,2.5444558e-07,0.014142216233904006,0.47140720779680023,2.5444558e-06,bottom_cap_zone,0.09999974555442001,2.5444558e-07,0.015857783766095992,0.015857783768137342,157,86,0.009999952554572101,12.87911937612153,0.9938229449008952,0.00025499815694632387,0.0020545768,-1371828.6,-17377.9674124,1.2845058,-5.236729766666667,21.55228680243905,-4.115600338903437,119.9984,0.80005336,-1.1866929e-06,1.2234958e-06,0.0,0.0,-5.2367396,1.2234958e-06,0.36419039999999997,128.806005303588,0.807695,112,0.0,-0.009055097870098982,0.0013970246770832334,0.014026647835747945,0.010225041791818962
CaseM3m_TrimmedEdge,trimmed_edge,14,0.00181,649,-1,1,0.020000163,4.2489544e-14,2.8474031e-07,0.020000163,0.6666721000000001,2.8474031e-06,edge_ring,0.09999971525969001,2.8474031e-07,0.009999836999999998,0.009999837004053914,142,72,0.00999991726120381,12.703213261330719,0.9802490717250939,0.00022356892098258563,0.0055862325,-3724001.8,-17615.64479766,5.666399,-9.067606,26.0718436416001,-2.875273103132194,119.99836,0.80005258,-1.2139359e-06,1.2653885e-06,0.0,0.0,-9.0676155,1.2653885e-06,0.36419039999999997,128.806005303588,0.807695,112,0.0,-0.007603944071679818,0.0004636136155232735,0.013184865661002326,0.01008489308454028
CaseM3m_TrimmedEdge,trimmed_edge,15,0.00191,418,-1,1,-0.010000055,-0.010000055,2.7831734e-07,0.014142213405476884,0.47140711351589615,2.7831734e-06,bottom_cap_zone,0.09999972168266001,2.7831734e-07,0.015857786594523117,0.015857786596965465,157,86,0.009999936682768901,12.87910747689574,0.9943656909916891,0.00022295980689441256,-0.00076847099,510846.0,-17326.61021944,2.6456957,-6.6170149,21.549774508623123,-3.256721472491036,119.9984,0.80005336,-1.1866935e-06,1.2234965e-06,0.0,0.0,-6.6170249,1.2234965e-06,0.36419039999999997,128.806005303588,0.807695,112,0.0,-0.009453552958109663,-0.00032105870915454963,0.014247715624426812,0.010487504035642919
CaseM3m_TrimmedEdge,trimmed_edge,15,0.00191,484,-1,1,-8.4097836e-14,-0.020000162,3.0544294e-07,0.020000162,0.6666720666666667,3.0544294e-06,edge_ring,0.09999969455706001,3.0544294e-07,0.009999838,0.009999838004664844,142,72,0.009999896558522065,12.703197304875927,0.9807840790619229,0.00019133910058322413,0.0033197708,-2211493.8,-17837.97645569,7.3714113,-10.937011766666666,26.130665671991526,-2.3891960829402596,119.99836,0.80005258,-1.2139374e-06,1.2653901e-06,0.0,0.0,-10.937022,1.2653901e-06,0.36419039999999997,128.806005303588,0.807695,112,0.0,-0.007838466740172672,-0.001212257104451376,0.013412370813071681,0.010384278055244934
CaseM3m_TrimmedEdge,trimmed_edge,15,0.00191,495,-1,1,-2.1564293e-14,-0.010000031,2.6775092e-07,0.010000031,0.33333436666666666,2.6775091999999997e-06,bottom_cap_zone,0.09999973224908,2.6775092e-07,0.019999969,0.019999969001792264,160,91,0.0099999522491192,12.961105385824839,1.0006965572817972,0.00023778910459811795,-0.0034585833,2301012.3,-16900.95443723,-0.21197271,-3.6049019633333335,15.734219030440126,-4.364673211776116,119.99904,0.80005366,-7.1013847e-07,7.2283763e-07,0.0,0.0,-3.604912,7.2283763e-07,0.36419039999999997,128.806005303588,0.807695,112,0.0,-0.010848290459416049,0.0014203503648606642,0.01608828568180015,0.011675569096699043
CaseM3m_TrimmedEdge,trimmed_edge,15,0.00191,572,-1,1,0.010000055,-0.010000055,2.7831757e-07,0.014142213405476884,0.47140711351589615,2.7831757e-06,bottom_cap_zone,0.09999972168243,2.7831757e-07,0.015857786594523117,0.015857786596965472,157,86,0.009999936682538901,12.87910747688722,0.9943656909910313,0.00022295993872153275,-0.00076847471,510848.47,-17326.60751728,2.645695,-6.617015266666667,21.549773811535204,-3.2567211866795254,119.9984,0.80005336,-1.1866938e-06,1.2234967e-06,0.0,0.0,-6.6170254,1.2234967e-06,0.36419039999999997,128.806005303588,0.807695,112,0.0,-0.009453558612689393,-0.0003210593761466509,0.014247722961845299,0.010487509447994184
CaseM3m_TrimmedEdge,trimmed_edge,15,0.00191,363,-1,1,-0.020000162,-1.1977545e-13,3.0544305e-07,0.020000162,0.6666720666666667,3.0544305e-06,edge_ring,0.09999969455695,3.0544305e-07,0.009999838,0.009999838004664849,142,72,0.009999896558412064,12.703197304870969,0.9807840790615401,0.00019133921203091158,0.0033197636,-2211489.0,-17837.97561541,7.371407,-10.937011,26.13067360672383,-2.3891969759126903,119.99836,0.80005258,-1.2139378e-06,1.2653906e-06,0.0,0.0,-10.937021,1.2653906e-06,0.36419039999999997,128.806005303588,0.807695,112,0.0,-0.007838471409142664,-0.0012122573771132278,0.013412374789979083,0.010384281079736754
CaseM3m_TrimmedEdge,trimmed_edge,15,0.00191,429,-1,1,-0.010000031,-1.7294299e-14,2.6775092e-07,0.010000031,0.33333436666666666,2.6775091999999997e-06,bottom_cap_zone,0.09999973224908,2.6775092e-07,0.019999969,0.019999969001792264,160,91,0.0099999522491192,12.96110538582142,1.0006965572815332,0.00023778913524090178,-0.0034585842,2301012.8,-16900.95458337,-0.21197349,-3.6049009033333337,15.734223493868775,-4.3646757333384265,119.99904,0.80005366,-7.1013841e-07,7.2283757e-07,0.0,0.0,-3.6049109,7.2283757e-07,0.36419039999999997,128.806005303588,0.807695,112,0.0,-0.010848291967808893,0.001420350455296892,0.016088287496903754,0.011675570194078284
CaseM3m_TrimmedEdge,trimmed_edge,15,0.00191,440,-1,1,-0.010000055,0.010000055,2.7831737e-07,0.014142213405476884,0.47140711351589615,2.7831736999999998e-06,bottom_cap_zone,0.09999972168263001,2.7831737e-07,0.015857786594523117,0.01585778659696547,157,86,0.009999936682738901,12.879107476882702,0.9943656909906825,0.00022295988987832446,-0.0007684736,510847.75,-17326.60935337,2.6456978,-6.617016200000001,21.54977282871986,-3.2567205787889497,119.9984,0.80005336,-1.186695e-06,1.223498e-06,0.0,0.0,-6.6170263,1.223498e-06,0.36419039999999997,128.806005303588,0.807695,112,0.0,-0.009453556328515033,-0.00032105917530347,0.014247719859922408,0.010487507047188177
CaseM3m_TrimmedEdge,trimmed_edge,15,0.00191,517,-1,1,-7.2365399e-14,0.010000031,2.6775115e-07,0.010000031,0.33333436666666666,2.6775114999999996e-06,bottom_cap_zone,0.09999973224885,2.6775115e-07,0.019999969,0.01999996900179227,160,91,0.0099999522488892,12.961105385825018,1.000696557281811,0.00023778920156398287,-0.003458587,2301014.8,-16900.95341566,-0.21197145,-3.6049015833333335,15.734219180104835,-4.36467371338219,119.99904,0.80005366,-7.1013773e-07,7.2283683e-07,0.0,0.0,-3.6049116,7.2283683e-07,0.36419039999999997,128.806005303588,0.807695,112,0.0,-0.010848295192243826,0.0014203507338672928,0.016088292168078805,0.011675574257783056
CaseM3m_TrimmedEdge,trimmed_edge,15,0.00191,528,-1,1,2.4525808e-14,0.020000162,3.0544277e-07,0.020000162,0.6666720666666667,3.0544277e-06,edge_ring,0.09999969455723001,3.0544277e-07,0.009999838,0.00999983800466484,142,72,0.009999896558692064,12.703197304881293,0.9807840790623372,0.00019133905333613632,0.0033197703,-2211493.5,-17837.97830045,7.3714061,-10.937010366666668,26.130668569909524,-2.389196653735413,119.99836,0.80005258,-1.2139363e-06,1.2653891e-06,0.0,0.0,-10.93702,1.2653891e-06,0.36419039999999997,128.806005303588,0.807695,112,0.0,-0.007838464074323329,-0.0012122574964706077,0.013412368356895318,0.010384276145892145
CaseM3m_TrimmedEdge,trimmed_edge,15,0.00191,583,-1,1,0.010000031,2.9752456e-14,2.677512e-07,0.010000031,0.33333436666666666,2.677512e-06,bottom_cap_zone,0.0999997322488,2.677512e-07,0.019999969,0.01999996900179227,160,91,0.0099999522488392,12.961105385828654,1.0006965572820916,0.0002377892157453466,-0.0034585875,2301015.0,-16900.9530487,-0.21197343,-3.6049016566666663,15.734219055363164,-4.364673589989714,119.99904,0.80005366,-7.1013915e-07,7.2283831e-07,0.0,0.0,-3.6049116,7.2283831e-07,0.36419039999999997,128.806005303588,0.807695,112,0.0,-0.010848296161328779,0.001420351137537337,0.01608829327473476,0.011675575897518007
CaseM3m_TrimmedEdge,trimmed_edge,15,0.00191,594,-1,1,0.010000055,0.010000055,2.7831732e-07,0.014142213405476884,0.47140711351589615,2.7831731999999997e-06,bottom_cap_zone,0.09999972168268001,2.7831732e-07,0.015857786594523117,0.015857786596965465,157,86,0.009999936682788901,12.87910747689978,0.994365690992001,0.00022295989372417667,-0.00076847378,510847.88,-17326.60933788,2.6456957,-6.617015500000001,21.549774024312722,-3.2567211039951047,119.9984,0.80005336,-1.1866929e-06,1.2234958e-06,0.0,0.0,-6.6170254,1.2234958e-06,0.36419039999999997,128.806005303588,0.807695,112,0.0,-0.00945355642928303,-0.00032105970917451507,0.014247720552971327,0.010487507360737247
CaseM3m_TrimmedEdge,trimmed_edge,15,0.00191,649,-1,1,0.020000162,4.4797912e-14,3.0544282e-07,0.020000162,0.6666720666666667,3.0544282e-06,edge_ring,0.09999969455718001,3.0544282e-07,0.009999838,0.009999838004664842,142,72,0.009999896558642064,12.703197304880952,0.9807840790623109,0.00019133907574511743,0.0033197692,-2211492.8,-17837.97714943,7.3714061,-10.937009366666667,26.13066837547245,-2.389196854408148,119.99836,0.80005258,-1.2139359e-06,1.2653885e-06,0.0,0.0,-10.937019,1.2653885e-06,0.36419039999999997,128.806005303588,0.807695,112,0.0,-0.007838465429173203,-0.0012122571141874425,0.013412369359426532,0.010384277525388898
CaseM3m_TrimmedEdge,trimmed_edge,15,0.00191,503,-3,1,1.304719e-13,-0.010000137,0.079998605,0.010000137,0.33333789999999996,0.79998605,interior,0.020001395000000005,0.079998605,0.019999863,0.02828516080853694,153,144,0.009999089000217823,12.936400252964829,0.9987891318991411,0.0017523250895944648,-0.01697178,11290671.0,-3070.426587997,-123.37441,65.22600733333333,87.8136121159574,1.3462975231212846,119.98808,0.80000293,-8.8313636e-06,4.3169799e-05,0.0,9.0,2567.678,4.3169799e-05,0.36419039999999997,128.806005303588,0.807695,112,0.0,-0.07012850970618353,0.03025899258664729,0.11703377707364215,0.08334680985963953
CaseM3m_TrimmedEdge,trimmed_edge,15,0.00191,437,-3,1,-0.010000137,-6.6368609e-14,0.079998605,0.010000137,0.33333789999999996,0.79998605,interior,0.020001395000000005,0.079998605,0.019999863,0.02828516080853694,153,144,0.009999089000217823,12.936400252958514,0.9987891318986536,0.001752324989171562,-0.016971778,11290670.0,-3070.425566292,-123.37441,65.22600866666666,87.81361030461399,1.3462974678303532,119.98808,0.80000293,-8.8313645e-06,4.3169803e-05,0.0,9.0,2567.6777,4.3169803e-05,0.36419039999999997,128.806005303588,0.807695,112,0.0,-0.07012850877369266,0.030258992348826556,0.11703377591988126,0.08334680892153326
CaseM3m_TrimmedEdge,trimmed_edge,15,0.00191,525,-3,1,7.1316396e-15,0.010000137,0.079998605,0.010000137,0.33333789999999996,0.79998605,interior,0.020001395000000005,0.079998605,0.019999863,0.02828516080853694,153,144,0.009999089000217823,12.936400252941024,0.9987891318973032,0.0017523252904402707,-0.01697178,11290671.0,-3070.42691464,-123.37442,65.22601200000001,87.81361985618018,1.3462975454666792,119.98808,0.80000293,-8.8313609e-06,4.3169806e-05,0.0,9.0,2567.679,4.3169806e-05,0.36419039999999997,128.806005303588,0.807695,112,0.0,-0.07012851218646858,0.030258992383595588,0.11703377913474702,0.0833468117608294
CaseM3m_TrimmedEdge,trimmed_edge,15,0.00191,591,-3,1,0.010000137,-3.5331337e-14,0.079998605,0.010000137,0.33333789999999996,0.79998605,interior,0.020001395000000005,0.079998605,0.019999863,0.02828516080853694,153,144,0.009999089000217823,12.936400252947337,0.9987891318977906,0.001752324990387083,-0.016971782,11290672.0,-3070.427405502,-123.37441,65.226006,87.81361438867039,1.3462975854856174,119.98808,0.80000293,-8.8313627e-06,4.3169803e-05,0.0,9.0,2567.6782,4.3169803e-05,0.36419039999999997,128.806005303588,0.807695,112,0.0,-0.0701285089059687,0.030258992406663264,0.1170337760412879,0.08334680902919141
CaseM3m_TrimmedEdge,trimmed_edge,16,0.002011,418,-1,1,-0.010000052,-0.010000052,2.9823326e-07,0.014142209162836195,0.47140697209453986,2.9823326e-06,bottom_cap_zone,0.09999970176674,2.9823326e-07,0.015857790837163804,0.0158577908399682,157,86,0.0099999197668184,12.879101659867356,0.9943616099138193,0.00018407035460088332,-0.0033577357,2237559.8,-17101.65810286,3.2394922,-7.328522933333333,21.50384539836743,-2.9342673269887065,119.9984,0.80005336,-1.1866935e-06,1.2234965e-06,0.0,0.0,-7.3285327,1.2234965e-06,0.28303465,100.10303025285448,0.75653,112,0.0,-0.00968751224811732,-0.0018251380133887996,0.014919621217824672,0.011031692501621046
CaseM3m_TrimmedEdge,trimmed_edge,16,0.002011,484,-1,1,-8.9095662e-14,-0.020000158,3.2221539e-07,0.020000158,0.6666719333333334,3.2221539e-06,edge_ring,0.09999967778461001,3.2221539e-07,0.009999841999999998,0.009999842005191217,142,72,0.009999873785987818,12.703186458291686,0.9807796592726362,0.00015878878718202216,0.001213803,-806005.06,-17919.00783141,8.4006414,-12.2401018,26.112203259208847,-2.1333321965679115,119.99836,0.80005258,-1.2139374e-06,1.2653901e-06,0.0,0.0,-12.240111,1.2653901e-06,0.28303465,100.10303025285448,0.75653,112,0.0,-0.008003875657533674,-0.002670127289385152,0.014093439439845779,0.010925135749241697
CaseM3m_TrimmedEdge,trimmed_edge,16,0.002011,495,-1,1,-2.2570257e-14,-0.01000003,2.8934798e-07,0.01000003,0.33333433333333334,2.8934798e-06,bottom_cap_zone,0.09999971065202,2.8934798e-07,0.01999997,0.01999997000209306,160,91,0.009999935652084083,12.961102851522314,1.0006927065308262,0.00019365184310230998,-0.0062989183,4194192.8,-16479.29305524,0.09839008,-3.9076034266666664,15.540258963137642,-3.9769283794476737,119.99904,0.80005366,-7.1013847e-07,7.2283763e-07,0.0,0.0,-3.9076135,7.2283763e-07,0.28303465,100.10303025285448,0.75653,112,0.0,-0.011160893293696418,-0.0002107609662793746,0.016234323378315,0.011856838399002614
CaseM3m_TrimmedEdge,trimmed_edge,16,0.002011,572,-1,1,0.010000052,-0.010000052,2.9823349e-07,0.014142209162836195,0.47140697209453986,2.9823348999999998e-06,bottom_cap_zone,0.09999970176651,2.9823349e-07,0.015857790837163804,0.015857790839968203,157,86,0.009999919766588402,12.879101659858442,0.994361609913131,0.00018407046805971356,-0.0033577397,2237562.5,-17101.65512423,3.2394915,-7.328523633333333,21.503844845139092,-2.934266971225991,119.9984,0.80005336,-1.1866938e-06,1.2234967e-06,0.0,0.0,-7.3285336,1.2234967e-06,0.28303465,100.10303025285448,0.75653,112,0.0,-0.009687517471731424,-0.0018251383995463249,0.014919627971659168,0.011031697739760924
CaseM3m_TrimmedEdge,trimmed_edge,16,0.002011,363,-1,1,-0.020000158,-1.2422805e-13,3.222155e-07,0.020000158,0.6666719333333334,3.222155e-06,edge_ring,0.0999996777845,3.222155e-07,0.009999841999999998,0.00999984200519122,142,72,0.009999873785877817,12.703186458286764,0.9807796592722562,0.0001587889058949189,0.0012138,-806003.13,-17919.00679633,8.4006367,-12.240100566666667,26.11220962153793,-2.1333329313199454,119.99836,0.80005258,-1.2139378e-06,1.2653906e-06,0.0,0.0,-12.24011,1.2653906e-06,0.28303465,100.10303025285448,0.75653,112,0.0,-0.008003880570638599,-0.0026701274706108532,0.014093443884932713,0.010925139211799698
CaseM3m_TrimmedEdge,trimmed_edge,16,0.002011,429,-1,1,-0.01000003,-1.7320079e-14,2.8934798e-07,0.01000003,0.33333433333333334,2.8934798e-06,bottom_cap_zone,0.09999971065202,2.8934798e-07,0.01999997,0.01999997000209306,160,91,0.009999935652084083,12.961102851518952,1.0006927065305666,0.0001936518745949628,-0.0062989215,4194194.8,-16479.29300032,0.098389111,-3.9076022369999994,15.540263623533,-3.976930782868984,119.99904,0.80005366,-7.1013841e-07,7.2283757e-07,0.0,0.0,-3.9076123,7.2283757e-07,0.28303465,100.10303025285448,0.75653,112,0.0,-0.011160894815361672,-0.000210760840917834,0.01623432531316088,0.011856839611146556
CaseM3m_TrimmedEdge,trimmed_edge,16,0.002011,440,-1,1,-0.010000052,0.010000052,2.9823329e-07,0.014142209162836195,0.47140697209453986,2.9823329e-06,bottom_cap_zone,0.09999970176671001,2.9823329e-07,0.015857790837163804,0.0158577908399682,157,86,0.009999919766788401,12.87910165985427,0.9943616099128089,0.00018407042255086874,-0.0033577397,2237562.5,-17101.65696032,3.2394943,-7.328524566666666,21.503843956019782,-2.9342664762056834,119.9984,0.80005336,-1.186695e-06,1.223498e-06,0.0,0.0,-7.3285346,1.223498e-06,0.28303465,100.10303025285448,0.75653,112,0.0,-0.009687515228839129,-0.0018251382016438351,0.01491962490032743,0.011031695359840398
CaseM3m_TrimmedEdge,trimmed_edge,16,0.002011,517,-1,1,-7.6652138e-14,0.01000003,2.8934824e-07,0.01000003,0.33333433333333334,2.8934824e-06,bottom_cap_zone,0.09999971065176,2.8934824e-07,0.01999997,0.01999997000209306,160,91,0.009999935651824082,12.961102851522977,1.0006927065308775,0.00019365193620237767,-0.0062989257,4194197.5,-16479.29155614,0.098390959,-3.9076029863333335,15.5402595474051,-3.9769289771137095,119.99904,0.80005366,-7.1013773e-07,7.2283683e-07,0.0,0.0,-3.907613,7.2283683e-07,0.28303465,100.10303025285448,0.75653,112,0.0,-0.01116089822645644,-0.00021076057735333945,0.016234330156009325,0.011856843852158584
CaseM3m_TrimmedEdge,trimmed_edge,16,0.002011,528,-1,1,2.4735912e-14,0.020000158,3.2221519e-07,0.020000158,0.6666719333333334,3.2221519e-06,edge_ring,0.09999967778481,3.2221519e-07,0.009999841999999998,0.00999984200519121,142,72,0.009999873786187817,12.703186458298209,0.9807796592731398,0.0001587887625319933,0.0012138034,-806005.38,-17919.00970758,8.4006357,-12.240099899999999,26.112204621028944,-2.1333326389786205,119.99836,0.80005258,-1.2139363e-06,1.2653891e-06,0.0,0.0,-12.240109,1.2653891e-06,0.28303465,100.10303025285448,0.75653,112,0.0,-0.008003873988767961,-0.0026701274363645183,0.014093438138332545,0.010925134842971662
CaseM3m_TrimmedEdge,trimmed_edge,16,0.002011,583,-1,1,0.01000003,3.0503659e-14,2.8934826e-07,0.01000003,0.33333433333333334,2.8934826e-06,bottom_cap_zone,0.09999971065174,2.8934826e-07,0.01999997,0.01999997000209306,160,91,0.009999935651804083,12.961102851526427,1.0006927065311437,0.0001936519149760132,-0.0062989234,4194196.0,-16479.29133998,0.098388977,-3.9076028923333332,15.54025925906123,-3.9769289989909207,119.99904,0.80005366,-7.1013915e-07,7.2283831e-07,0.0,0.0,-3.9076128,7.2283831e-07,0.28303465,100.10303025285448,0.75653,112,0.0,-0.011160897639494884,-0.00021076027569871824,0.016234329094950796,0.011856843879071833
CaseM3m_TrimmedEdge,trimmed_edge,16,0.002011,594,-1,1,0.010000052,0.010000052,2.982332e-07,0.014142209162836195,0.47140697209453986,2.982332e-06,bottom_cap_zone,0.09999970176680001,2.982332e-07,0.015857790837163804,0.0158577908399682,157,86,0.0099999197668784,12.879101659871989,0.9943616099141769,0.00018407044519974213,-0.0033577371,2237560.8,-17101.65712077,3.2394917,-7.328523366666666,21.503844849194536,-2.9342670785500173,119.9984,0.80005336,-1.1866929e-06,1.2234958e-06,0.0,0.0,-7.3285332,1.2234958e-06,0.28303465,100.10303025285448,0.75653,112,0.0,-0.009687516254288086,-0.0018251386022982347,0.014919626841485217,0.011031696747569267
CaseM3m_TrimmedEdge,trimmed_edge,16,0.002011,649,-1,1,0.020000158,4.709697e-14,3.2221527e-07,0.020000158,0.6666719333333334,3.2221526999999998e-06,edge_ring,0.09999967778473001,3.2221527e-07,0.009999841999999998,0.009999842005191216,142,72,0.009999873786107817,12.703186458296852,0.980779659273035,0.00015878879664292745,0.0012138034,-806005.38,-17919.00855656,8.4006367,-12.240099233333334,26.112204226619824,-2.13333272294956,119.99836,0.80005258,-1.2139359e-06,1.2653885e-06,0.0,0.0,-12.240109,1.2653885e-06,0.28303465,100.10303025285448,0.75653,112,0.0,-0.008003875941985036,-0.0026701272093808447,0.014093439496925743,0.01092513647148411
CaseM3m_TrimmedEdge,trimmed_edge,17,0.002111,418,-1,1,-0.010000047,-0.010000047,3.1324336e-07,0.014142202091768382,0.4714067363922794,3.1324335999999998e-06,bottom_cap_zone,0.09999968675664,3.1324336e-07,0.015857797908231615,0.015857797911325404,157,86,0.0099999007566929,12.879101448373978,0.9946465371314057,0.00014150965359121541,-0.0056438334,3762060.3,-16723.44234431,3.0234013,-7.3614089,21.47653513011211,-2.9174490130703257,119.9984,0.80005336,-1.1866935e-06,1.2234965e-06,0.0,0.0,-7.3614187,1.2234965e-06,0.28303465,100.10303025285448,0.75653,112,0.0,-0.009761865092816107,-0.0030725371572687963,0.01571422848772198,0.011630319492144233
CaseM3m_TrimmedEdge,trimmed_edge,17,0.002111,484,-1,1,-9.3638137e-14,-0.020000149,3.3433173e-07,0.020000149,0.6666716333333333,3.3433172999999995e-06,edge_ring,0.09999966566827001,3.3433173e-07,0.009999851,0.009999851005588969,142,72,0.009999851669582218,12.703180520109004,0.9810602521868307,0.00013173227297784748,-0.00070119288,472140.03,-17871.54160594,8.7145567,-12.960993566666668,26.084902017184316,-2.0125696292504895,119.99836,0.80005258,-1.2139374e-06,1.2653901e-06,0.0,0.0,-12.961003,1.2653901e-06,0.28303465,100.10303025285448,0.75653,112,0.0,-0.00810836543141277,-0.003870514369653592,0.014936509205581438,0.011518685315239023
CaseM3m_TrimmedEdge,trimmed_edge,17,0.002111,495,-1,1,-2.3123529e-14,-0.010000027,3.0588322e-07,0.010000027,0.33333423333333334,3.0588322e-06,bottom_cap_zone,0.09999969411678,3.0588322e-07,0.019999972999999997,0.019999973002339116,160,91,0.009999918116868622,12.961106492136377,1.0009797454792504,0.0001407391243059125,-0.0087718898,5842327.0,-15891.93932054,-0.45028618,-3.482027506666667,15.384001093857668,-4.418115900693938,119.99904,0.80005366,-7.1013847e-07,7.2283763e-07,0.0,0.0,-3.4820375,7.2283763e-07,0.28303465,100.10303025285448,0.75653,112,0.0,-0.011255164614970116,-0.0016011679428115445,0.016625481367687444,0.012190378804479094
CaseM3m_TrimmedEdge,trimmed_edge,17,0.002111,572,-1,1,0.010000047,-0.010000047,3.1324359e-07,0.014142202091768382,0.4714067363922794,3.1324359e-06,bottom_cap_zone,0.09999968675641001,3.1324359e-07,0.015857797908231615,0.01585779791132541,157,86,0.0099999007564629,12.879101448364812,0.9946465371306978,0.00014150973885918288,-0.0056438362,3762062.0,-16723.43918975,3.0234005,-7.361409566666667,21.47653453524328,-2.917448668050148,119.9984,0.80005336,-1.1866938e-06,1.2234967e-06,0.0,0.0,-7.3614197,1.2234967e-06,0.28303465,100.10303025285448,0.75653,112,0.0,-0.009761869378570412,-0.0030725376213667195,0.01571423409736225,0.011630323838617587
CaseM3m_TrimmedEdge,trimmed_edge,17,0.002111,363,-1,1,-0.020000149,-1.2819322e-13,3.3433187e-07,0.020000149,0.6666716333333333,3.3433187e-06,edge_ring,0.09999966566813001,3.3433187e-07,0.009999851,0.009999851005588973,142,72,0.00999985166944222,12.703180520103098,0.9810602521863745,0.00013173235709140939,-0.00070119638,472142.38,-17871.54033524,8.7145519,-12.960992300000001,26.08491021346356,-2.012570458317729,119.99836,0.80005258,-1.2139378e-06,1.2653906e-06,0.0,0.0,-12.961002,1.2653906e-06,0.28303465,100.10303025285448,0.75653,112,0.0,-0.008108369378355818,-0.003870514381764394,0.014936512692844838,0.011518687989260791
CaseM3m_TrimmedEdge,trimmed_edge,17,0.002111,429,-1,1,-0.010000027,-1.7133993e-14,3.0588325e-07,0.010000027,0.33333423333333334,3.0588325e-06,bottom_cap_zone,0.09999969411675,3.0588325e-07,0.019999972999999997,0.019999973002339116,160,91,0.009999918116838622,12.961106492133169,1.0009797454790026,0.000140739175489532,-0.0087718898,5842327.0,-15891.93926562,-0.45028755,-3.4820261833333332,15.384006010023963,-4.418118991654709,119.99904,0.80005366,-7.1013841e-07,7.2283757e-07,0.0,0.0,-3.4820361,7.2283757e-07,0.28303465,100.10303025285448,0.75653,112,0.0,-0.01125516718935476,-0.001601167773914815,0.016625484697869657,0.012190381098774076
CaseM3m_TrimmedEdge,trimmed_edge,17,0.002111,440,-1,1,-0.010000047,0.010000047,3.1324339e-07,0.014142202091768382,0.4714067363922794,3.1324338999999996e-06,bottom_cap_zone,0.09999968675661,3.1324339e-07,0.015857797908231615,0.015857797911325404,157,86,0.009999900756662902,12.879101448360922,0.9946465371303974,0.00014150971285564404,-0.0056438367,3762062.5,-16723.44097556,3.0234039,-7.3614107,21.476533407434484,-2.9174480656858996,119.9984,0.80005336,-1.186695e-06,1.223498e-06,0.0,0.0,-7.3614206,1.223498e-06,0.28303465,100.10303025285448,0.75653,112,0.0,-0.009761868252215365,-0.0030725372914961963,0.015714232314081974,0.011630322521334745
CaseM3m_TrimmedEdge,trimmed_edge,17,0.002111,517,-1,1,-8.0270683e-14,0.010000027,3.0588347e-07,0.010000027,0.33333423333333334,3.0588347e-06,bottom_cap_zone,0.09999969411653001,3.0588347e-07,0.019999972999999997,0.01999997300233912,160,91,0.009999918116618623,12.961106492137345,1.000979745479325,0.0001407392307662024,-0.0087718954,5842331.0,-15891.9374193,-0.45028529,-3.4820271700000003,15.384001735821752,-4.418116512233231,119.99904,0.80005366,-7.1013773e-07,7.2283683e-07,0.0,0.0,-3.4820371,7.2283683e-07,0.28303465,100.10303025285448,0.75653,112,0.0,-0.01125517071296819,-0.0016011675645161685,0.01662548951473483,0.012190385262067175
CaseM3m_TrimmedEdge,trimmed_edge,17,0.002111,528,-1,1,2.4766579e-14,0.020000149,3.3433153e-07,0.020000149,0.6666716333333333,3.3433153e-06,edge_ring,0.09999966566847,3.3433153e-07,0.009999851,0.009999851005588962,142,72,0.009999851669782218,12.703180520115685,0.9810602521873466,0.00013173224144158368,-0.00070119125,472138.97,-17871.54358893,8.714551,-12.960991333333334,26.084905029665556,-2.0125702084669927,119.99836,0.80005258,-1.2139363e-06,1.2653891e-06,0.0,0.0,-12.961001,1.2653891e-06,0.28303465,100.10303025285448,0.75653,112,0.0,-0.008108362968714332,-0.0038705143604438256,0.014936506990603641,0.01151868369318576
CaseM3m_TrimmedEdge,trimmed_edge,17,0.002111,583,-1,1,0.010000027,3.111791e-14,3.0588353e-07,0.010000027,0.33333423333333334,3.0588352999999996e-06,bottom_cap_zone,0.09999969411647,3.0588353e-07,0.019999972999999997,0.01999997300233912,160,91,0.009999918116558622,12.961106492140928,1.000979745479602,0.0001407391808433208,-0.0087718945,5842330.0,-15891.93730367,-0.45028707,-3.48202731,15.384001500958355,-4.4181162671462095,119.99904,0.80005366,-7.1013915e-07,7.2283831e-07,0.0,0.0,-3.4820373,7.2283831e-07,0.28303465,100.10303025285448,0.75653,112,0.0,-0.011255169000558327,-0.0016011673473239174,0.016625486907879065,0.012190384185719565
CaseM3m_TrimmedEdge,trimmed_edge,17,0.002111,594,-1,1,0.010000047,0.010000047,3.1324333e-07,0.014142202091768382,0.4714067363922794,3.1324332999999995e-06,bottom_cap_zone,0.09999968675667001,3.1324333e-07,0.015857797908231615,0.015857797911325404,157,86,0.0099999007567229,12.879101448378657,0.9946465371317671,0.00014150974696948936,-0.0056438353,3762061.5,-16723.44123655,3.0234015,-7.361409566666666,21.476534422609678,-2.9174486527495995,119.9984,0.80005336,-1.1866929e-06,1.2234958e-06,0.0,0.0,-7.3614197,1.2234958e-06,0.28303465,100.10303025285448,0.75653,112,0.0,-0.009761869683981714,-0.0030725377505076744,0.015714234836111406,0.01163032430848906
CaseM3m_TrimmedEdge,trimmed_edge,17,0.002111,649,-1,1,0.020000149,4.9295413e-14,3.3433162e-07,0.020000149,0.6666716333333333,3.3433161999999997e-06,edge_ring,0.09999966566838,3.3433162e-07,0.009999851,0.009999851005588964,142,72,0.009999851669692219,12.703180520113987,0.9810602521872155,0.00013173225345727225,-0.00070119381,472140.66,-17871.54226826,8.7145519,-12.960990633333333,26.084904649741016,-2.012570287849398,119.99836,0.80005258,-1.2139359e-06,1.2653885e-06,0.0,0.0,-12.961,1.2653885e-06,0.28303465,100.10303025285448,0.75653,112,0.0,-0.008108364548009752,-0.003870514211860963,0.01493650813091415,0.011518685154148604
CaseM3m_TrimmedEdge,trimmed_edge,17,0.002111,514,-3,1,-2.2548814e-13,-1.1651479e-13,0.079998218,2.5381213046149647e-13,8.46040434871655e-12,0.7999821799999999,interior,0.02000178200000001,0.079998218,0.029999999999746188,0.03605650126066443,178,169,0.009998902000000004,12.978171498738345,1.0022976673692836,0.0018243650000000031,-0.02015279,13377657.0,569.0290065701,-130.64412,72.79078433333332,86.7800035000002,1.1921839322764483,119.99847,0.7999813,-1.1228951e-06,5.2025473e-05,0.0,8.0,2582.5183,5.2025473e-05,0.28303465,100.10303025285448,0.75653,112,0.0,-0.0710067139033761,0.035625267137330593,0.12312816685525892,0.08706476173842229
CaseM3m_TrimmedEdge,trimmed_edge,18,0.002212,418,-1,1,-0.010000042,-0.010000042,3.2251032e-07,0.014142195020700571,0.47140650069001905,3.2251031999999996e-06,bottom_cap_zone,0.09999967748968,3.2251032e-07,0.01585780497929943,0.015857804982578976,157,86,0.009999881489705601,12.879106877796954,0.9946431461452278,0.0001034986649969021,-0.0075679701,5045154.5,-16216.23337355,1.973135,-6.7217458,21.534430345109186,-3.203696031633506,119.9984,0.80005336,-1.1866935e-06,1.2234965e-06,0.0,0.0,-6.721756,1.2234965e-06,0.28303465,100.10303025285448,0.75653,112,0.0,-0.009687477007848937,-0.004032761202289136,0.016377869453633204,0.012115474427584382
CaseM3m_TrimmedEdge,trimmed_edge,18,0.002212,484,-1,1,-9.7543379e-14,-0.020000139,3.411881e-07,0.020000139,0.6666713000000001,3.4118809999999996e-06,edge_ring,0.09999965881190001,3.411881e-07,0.009999860999999999,0.009999861005820544,142,72,0.009999826813132471,12.703179546731063,0.9810564187638456,0.00011959230788064749,-0.0023896447,1599213.0,-17710.76651376,8.2864447,-13.094632233333334,26.122553089998583,-1.9949054409868598,119.99836,0.80005258,-1.2139374e-06,1.2653901e-06,0.0,0.0,-13.094643,1.2653901e-06,0.28303465,100.10303025285448,0.75653,112,0.0,-0.008181075404883739,-0.004778668667441601,0.015730555591527955,0.01204553567358131
CaseM3m_TrimmedEdge,trimmed_edge,18,0.002212,495,-1,1,-2.3396688e-14,-0.010000023,3.1640241e-07,0.010000023,0.3333341,3.1640241e-06,bottom_cap_zone,0.09999968359759001,3.1640241e-07,0.019999977,0.019999977002502764,160,91,0.009999899597707128,12.961116126010479,1.0009766549381962,8.307148151225358e-05,-0.010801203,7194566.5,-15168.64161587,-1.8797712,-2.3425241333333333,15.32887749144778,-6.543743679445172,119.99904,0.80005366,-7.1013847e-07,7.2283763e-07,0.0,0.0,-2.3425341,7.2283763e-07,0.28303465,100.10303025285448,0.75653,112,0.0,-0.011138138677200947,-0.0027193801901548107,0.016997089636486756,0.012488985305034698
CaseM3m_TrimmedEdge,trimmed_edge,18,0.002212,572,-1,1,0.010000042,-0.010000042,3.2251057e-07,0.014142195020700571,0.47140650069001905,3.2251056999999998e-06,bottom_cap_zone,0.09999967748943,3.2251057e-07,0.01585780497929943,0.015857804982578983,157,86,0.009999881489455601,12.879106877787462,0.9946431461444948,0.00010349870587301643,-0.0075679701,5045154.5,-16216.23021898,1.9731343,-6.7217465333333335,21.534429856622786,-3.203695609442119,119.9984,0.80005336,-1.1866938e-06,1.2234967e-06,0.0,0.0,-6.7217565,1.2234967e-06,0.28303465,100.10303025285448,0.75653,112,0.0,-0.009687480709999157,-0.004032761570530155,0.016377874230359586,0.012115478169091733
CaseM3m_TrimmedEdge,trimmed_edge,18,0.002212,363,-1,1,-0.020000139,-1.3136547e-13,3.4118824e-07,0.020000139,0.6666713000000001,3.4118824e-06,edge_ring,0.09999965881176001,3.4118824e-07,0.009999860999999999,0.009999861005820551,142,72,0.009999826812992472,12.703179546725163,0.9810564187633901,0.00011959237171636013,-0.0023896466,1599214.3,-17710.7651174,8.2864399,-13.094631966666666,26.12256193459517,-1.99490615704909,119.99836,0.80005258,-1.2139378e-06,1.2653906e-06,0.0,0.0,-13.094642,1.2653906e-06,0.28303465,100.10303025285448,0.75653,112,0.0,-0.008181078667701269,-0.004778668880868587,0.015730558956039486,0.012045537928720129
CaseM3m_TrimmedEdge,trimmed_edge,18,0.002212,429,-1,1,-0.010000023,-1.6548942e-14,3.1640243e-07,0.010000023,0.3333341,3.1640242999999997e-06,bottom_cap_zone,0.09999968359757,3.1640243e-07,0.019999977,0.019999977002502764,160,91,0.009999899597687129,12.961116126007264,1.0009766549379477,8.307152797677603e-05,-0.010801207,7194569.5,-15168.64125935,-1.8797728,-2.3425226333333335,15.328882540077293,-6.543750024845989,119.99904,0.80005366,-7.1013841e-07,7.2283757e-07,0.0,0.0,-2.3425326,7.2283757e-07,0.28303465,100.10303025285448,0.75653,112,0.0,-0.011138141273659408,-0.0027193800158836863,0.01699709289829902,0.01248898762434561
CaseM3m_TrimmedEdge,trimmed_edge,18,0.002212,440,-1,1,-0.010000042,0.010000042,3.2251037e-07,0.014142195020700571,0.47140650069001905,3.2251037e-06,bottom_cap_zone,0.09999967748963001,3.2251037e-07,0.01585780497929943,0.01585780498257898,157,86,0.009999881489655601,12.879106877783856,0.9946431461442163,0.00010349869483086963,-0.0075679729,5045156.5,-16216.23180373,1.9731379,-6.721747733333334,21.5344285089121,-3.2036948370023275,119.9984,0.80005336,-1.186695e-06,1.223498e-06,0.0,0.0,-6.7217579,1.223498e-06,0.28303465,100.10303025285448,0.75653,112,0.0,-0.009687479497767515,-0.004032761302557704,0.01637787244078142,0.012115476787956258
CaseM3m_TrimmedEdge,trimmed_edge,18,0.002212,517,-1,1,-8.3343563e-14,0.010000023,3.1640269e-07,0.010000023,0.3333341,3.1640269e-06,bottom_cap_zone,0.09999968359731,3.1640269e-07,0.019999977,0.019999977002502767,160,91,0.009999899597427128,12.961116126011941,1.000976654938309,8.307156900174168e-05,-0.010801209,7194570.5,-15168.63931249,-1.87977,-2.3425239,15.32887804339945,-6.543744566874835,119.99904,0.80005366,-7.1013773e-07,7.2283683e-07,0.0,0.0,-2.3425338,7.2283683e-07,0.28303465,100.10303025285448,0.75653,112,0.0,-0.011138145616767858,-0.0027193797179694483,0.016997098434609666,0.012488992351745774
CaseM3m_TrimmedEdge,trimmed_edge,18,0.002212,528,-1,1,2.4820833e-14,0.020000139,3.411879e-07,0.020000139,0.6666713000000001,3.411879e-06,edge_ring,0.0999996588121,3.411879e-07,0.009999860999999999,0.009999861005820537,142,72,0.00999982681333247,12.703179546737914,0.9810564187643748,0.00011959230263606137,-0.0023896422,1599211.3,-17710.76867269,8.2864389,-13.094629966666668,26.12255629508641,-1.9949060310664202,119.99836,0.80005258,-1.2139363e-06,1.2653891e-06,0.0,0.0,-13.09464,1.2653891e-06,0.28303465,100.10303025285448,0.75653,112,0.0,-0.008181073739742676,-0.004778668605899454,0.01573055412775323,0.012045534534478796
CaseM3m_TrimmedEdge,trimmed_edge,18,0.002212,583,-1,1,0.010000023,3.1807276e-14,3.1640272e-07,0.010000023,0.3333341,3.1640272e-06,bottom_cap_zone,0.09999968359728001,3.1640272e-07,0.019999977,0.019999977002502767,160,91,0.009999899597397128,12.96111612601538,1.0009766549385746,8.307149692014145e-05,-0.010801207,7194569.5,-15168.6392974,-1.8797716,-2.3425240666666665,15.32887797044201,-6.543744070153563,119.99904,0.80005366,-7.1013915e-07,7.2283831e-07,0.0,0.0,-2.3425341,7.2283831e-07,0.28303465,100.10303025285448,0.75653,112,0.0,-0.011138143231294773,-0.0027193796339393373,0.016997095099785104,0.012488990579153137
CaseM3m_TrimmedEdge,trimmed_edge,18,0.002212,594,-1,1,0.010000042,0.010000042,3.2251029e-07,0.014142195020700571,0.47140650069001905,3.2251028999999998e-06,bottom_cap_zone,0.09999967748971,3.2251029e-07,0.01585780497929943,0.015857804982578976,157,86,0.009999881489735601,12.879106877801958,0.9946431461456142,0.0001034987331243891,-0.007567971,5045155.5,-16216.23216525,1.9731352,-6.721746533333334,21.534429885786487,-3.2036956137808277,119.9984,0.80005336,-1.1866929e-06,1.2234958e-06,0.0,0.0,-6.7217565,1.2234958e-06,0.28303465,100.10303025285448,0.75653,112,0.0,-0.009687481119204481,-0.00403276187914778,0.016377875288250188,0.012115478684196155
CaseM3m_TrimmedEdge,trimmed_edge,18,0.002212,649,-1,1,0.020000139,5.1444878e-14,3.4118798e-07,0.020000139,0.6666713000000001,3.4118797999999995e-06,edge_ring,0.09999965881202001,3.4118798e-07,0.009999860999999999,0.009999861005820542,142,72,0.00999982681325247,12.703179546736528,0.9810564187642677,0.00011959229847862866,-0.0023896431,1599211.9,-17710.76728919,8.2864399,-13.094630299999999,26.122556362848577,-1.9949059854594429,119.99836,0.80005258,-1.2139359e-06,1.2653885e-06,0.0,0.0,-13.09464,1.2653885e-06,0.28303465,100.10303025285448,0.75653,112,0.0,-0.008181075416304709,-0.004778668469523881,0.01573055545206764,0.01204553596940437
CaseM3m_TrimmedEdge,trimmed_edge,18,0.002212,425,-3,1,-0.010000223,-0.010000223,0.069998875,0.014142450993355362,0.4714150331118454,0.6999887499999999,interior,0.030001125000000003,0.069998875,0.015857549006644635,0.0339341916326846,145,145,0.009999246000960476,12.634288937047668,0.9757360519553767,0.0012169544257174085,-0.022768565,15165730.0,2989.80650304,-122.26975,68.89741066666666,81.71754670554724,1.18607573078335,119.988,0.79999971,-8.8831357e-06,3.1852822e-05,0.0,5.0,1608.9442,3.1852822e-05,0.28303465,100.10303025285448,0.75653,112,0.0,-0.05766876796521099,0.017186155890968325,0.09109814066974171,0.06538510044184806
CaseM3m_TrimmedEdge,trimmed_edge,18,0.002212,579,-3,1,0.010000223,-0.010000223,0.069998875,0.014142450993355362,0.4714150331118454,0.6999887499999999,interior,0.030001125000000003,0.069998875,0.015857549006644635,0.0339341916326846,145,145,0.009999246000960476,12.634288937028359,0.9757360519538855,0.0012169546259139298,-0.022768561,15165728.0,2989.804901277,-122.26974,68.897406,81.71753908981461,1.186075700583192,119.988,0.79999971,-8.8831357e-06,3.1852822e-05,0.0,5.0,1608.9432,3.1852822e-05,0.28303465,100.10303025285448,0.75653,112,0.0,-0.05766876675978154,0.017186155599362464,0.0910981379164791,0.06538509912180972
CaseM3m_TrimmedEdge,trimmed_edge,18,0.002212,447,-3,1,-0.010000223,0.010000223,0.069998875,0.014142450993355362,0.4714150331118454,0.6999887499999999,interior,0.030001125000000003,0.069998875,0.015857549006644635,0.0339341916326846,145,145,0.009999246000960476,12.634288937024966,0.9757360519536235,0.001216954524511911,-0.022768557,15165725.0,2989.805533829,-122.26974,68.897406,81.71753893747729,1.186075698372117,119.988,0.79999971,-8.8831348e-06,3.1852818e-05,0.0,5.0,1608.9432,3.1852818e-05,0.28303465,100.10303025285448,0.75653,112,0.0,-0.05766876679517107,0.017186155543715317,0.09109813819486083,0.065385099064357
CaseM3m_TrimmedEdge,trimmed_edge,18,0.002212,601,-3,1,0.010000223,0.010000223,0.069998875,0.014142450993355362,0.4714150331118454,0.6999887499999999,interior,0.030001125000000003,0.069998875,0.015857549006644635,0.0339341916326846,145,145,0.009999246000960476,12.634288937040289,0.9757360519548068,0.001216954529611052,-0.022768559,15165727.0,2989.804483451,-122.26974,68.897406,81.71753947403725,1.1860757061599279,119.988,0.79999971,-8.8831366e-06,3.1852815e-05,0.0,5.0,1608.9432,3.1852815e-05,0.28303465,100.10303025285448,0.75653,112,0.0,-0.05766876597786848,0.017186156071441215,0.09109813751121129,0.0653850987434922
CaseM3m_TrimmedEdge,trimmed_edge,19,0.002312,418,-1,1,-0.010000035,-0.010000035,3.2538583e-07,0.014142185121205634,0.4714061707068545,3.2538583e-06,bottom_cap_zone,0.09999967461417,3.2538583e-07,0.015857814878794365,0.015857814882132653,157,86,0.009999859614182099,12.879117606495626,0.9946403265030631,9.076236272327454e-05,-0.0090822652,6054932.0,-15607.50938664,0.085578553,-5.433225184333335,21.746627367571406,-4.0025264239512195,119.9984,0.80005336,-1.1866935e-06,1.2234965e-06,0.0,0.0,-5.4332352,1.2234965e-06,0.28303465,100.10303025285448,0.75653,112,0.0,-0.009524360136741086,-0.0046838547147028155,0.016789716133201946,0.012415412878855892
CaseM3m_TrimmedEdge,trimmed_edge,19,0.002312,484,-1,1,-1.0086912e-13,-0.020000126,3.4236433e-07,0.020000126,0.6666708666666666,3.4236432999999997e-06,edge_ring,0.09999965763567001,3.4236433e-07,0.009999873999999999,0.00999987400586074,142,72,0.009999802636810072,12.703183181084048,0.981053101067196,0.0001292290873761314,-0.003840999,2568162.8,-17452.57992006,7.1060739,-12.649630633333333,26.301443761436914,-2.0792262259523513,119.99836,0.80005258,-1.2139374e-06,1.2653901e-06,0.0,0.0,-12.649641,1.2653901e-06,0.28303465,100.10303025285448,0.75653,112,0.0,-0.008268633956704992,-0.005369815929996939,0.016353338352259245,0.012443834052206244
CaseM3m_TrimmedEdge,trimmed_edge,19,0.002312,495,-1,1,-2.3536965e-14,-0.010000019,3.201115e-07,0.010000019,0.3333339666666667,3.201115e-06,bottom_cap_zone,0.0999996798885,3.201115e-07,0.019999981,0.019999981002561784,160,91,0.00999987988864906,12.96113138693677,1.0009741620846706,4.49262866146399e-05,-0.012314994,8203027.0,-14343.96194975,-4.1862688,-0.52494797,15.445329564721668,-29.422591280278056,119.99904,0.80005366,-7.1013847e-07,7.2283763e-07,0.0,0.0,-0.52495795,7.2283763e-07,0.28303465,100.10303025285448,0.75653,112,0.0,-0.010838595628769477,-0.003540298389704148,0.01716623200243672,0.012632603056625958
CaseM3m_TrimmedEdge,trimmed_edge,19,0.002312,572,-1,1,0.010000035,-0.010000035,3.2538608e-07,0.014142185121205634,0.4714061707068545,3.2538608e-06,bottom_cap_zone,0.09999967461392001,3.2538608e-07,0.015857814878794365,0.015857814882132656,157,86,0.0099998596139321,12.87911760648605,0.9946403265023235,9.076236501776204e-05,-0.0090822633,6054930.5,-15607.50638287,0.085577838,-5.433225579333333,21.746626912835612,-4.00252604926887,119.9984,0.80005336,-1.1866938e-06,1.2234967e-06,0.0,0.0,-5.4332356,1.2234967e-06,0.28303465,100.10303025285448,0.75653,112,0.0,-0.009524363331162296,-0.004683855073563311,0.016789720237979776,0.01241541590138834
CaseM3m_TrimmedEdge,trimmed_edge,19,0.002312,363,-1,1,-0.020000126,-1.3381101e-13,3.4236447e-07,0.020000126,0.6666708666666666,3.4236447e-06,edge_ring,0.09999965763553001,3.4236447e-07,0.009999873999999999,0.009999874005860743,142,72,0.009999802636670073,12.703183181078176,0.9810531010667425,0.00012922911816081104,-0.0038410015,2568164.3,-17452.57837289,7.1060691,-12.649631033333334,26.30145336689132,-2.0792269195507562,119.99836,0.80005258,-1.2139378e-06,1.2653906e-06,0.0,0.0,-12.649641,1.2653906e-06,0.28303465,100.10303025285448,0.75653,112,0.0,-0.008268636701111939,-0.005369816005223261,0.01635334133010642,0.012443836060204872
CaseM3m_TrimmedEdge,trimmed_edge,19,0.002312,429,-1,1,-0.010000019,-1.5649994e-14,3.2011152e-07,0.010000019,0.3333339666666667,3.2011152e-06,bottom_cap_zone,0.09999967988848,3.2011152e-07,0.019999981,0.019999981002561784,160,91,0.00999987988862906,12.96113138693359,1.000974162084425,4.4926306062885454e-05,-0.012314996,8203028.5,-14343.96144242,-4.1862707,-0.5249460633333335,15.445334543192509,-29.422707630412184,119.99904,0.80005366,-7.1013841e-07,7.2283757e-07,0.0,0.0,-0.52495605,7.2283757e-07,0.28303465,100.10303025285448,0.75653,112,0.0,-0.0108385982568573,-0.0035402982775724406,0.017166235322622292,0.012632605329769947
CaseM3m_TrimmedEdge,trimmed_edge,19,0.002312,440,-1,1,-0.010000035,0.010000035,3.2538588e-07,0.014142185121205634,0.4714061707068545,3.2538588e-06,bottom_cap_zone,0.09999967461412,3.2538588e-07,0.015857814878794365,0.015857814882132653,157,86,0.0099998596141321,12.879117606482724,0.9946403265020667,9.076237515257449e-05,-0.0090822652,6054932.0,-15607.50781682,0.085581616,-5.433227472,21.746625648147223,-4.0025244222182685,119.9984,0.80005336,-1.186695e-06,1.223498e-06,0.0,0.0,-5.4332376,1.223498e-06,0.28303465,100.10303025285448,0.75653,112,0.0,-0.009524363202686865,-0.004683854854381971,0.016789719802555864,0.01241541557140872
CaseM3m_TrimmedEdge,trimmed_edge,19,0.002312,517,-1,1,-8.6010937e-14,0.010000019,3.2011181e-07,0.010000019,0.3333339666666667,3.2011180999999997e-06,bottom_cap_zone,0.09999967988819,3.2011181e-07,0.019999981,0.01999998100256179,160,91,0.00999987988833906,12.961131386938687,1.0009741620848187,4.4926257371658914e-05,-0.012314998,8203029.5,-14343.95939503,-4.1862674,-0.5249475699999998,15.445329763628408,-29.42261407863725,119.99904,0.80005366,-7.1013773e-07,7.2283683e-07,0.0,0.0,-0.5249576,7.2283683e-07,0.28303465,100.10303025285448,0.75653,112,0.0,-0.01083860235628095,-0.003540297976142713,0.01716624017849598,0.012632609535674584
CaseM3m_TrimmedEdge,trimmed_edge,19,0.002312,528,-1,1,2.4839119e-14,0.020000126,3.423641e-07,0.020000126,0.6666708666666666,3.4236409999999998e-06,edge_ring,0.0999996576359,3.423641e-07,0.009999873999999999,0.009999874005860731,142,72,0.009999802637040072,12.703183181092053,0.9810531010678142,0.00012922909475429658,-0.0038409973,2568161.5,-17452.58220465,7.1060681,-12.649628366666667,26.30144717037394,-2.0792268680146764,119.99836,0.80005258,-1.2139363e-06,1.2653891e-06,0.0,0.0,-12.649638,1.2653891e-06,0.28303465,100.10303025285448,0.75653,112,0.0,-0.008268631549715645,-0.005369815577557782,0.016353335586312318,0.01244383207948895
CaseM3m_TrimmedEdge,trimmed_edge,19,0.002312,583,-1,1,0.010000019,3.2399241e-14,3.2011184e-07,0.010000019,0.3333339666666667,3.2011183999999996e-06,bottom_cap_zone,0.09999967988816001,3.2011184e-07,0.019999981,0.01999998100256179,160,91,0.00999987988830906,12.961131386942073,1.00097416208508,4.492619849163552e-05,-0.012314997,8203029.0,-14343.95943021,-4.1862698,-0.5249474033333333,15.445330089811188,-29.422624041448294,119.99904,0.80005366,-7.1013915e-07,7.2283831e-07,0.0,0.0,-0.52495742,7.2283831e-07,0.28303465,100.10303025285448,0.75653,112,0.0,-0.010838600812220042,-0.0035402979570395383,0.01716623809958614,0.012632608511911367
CaseM3m_TrimmedEdge,trimmed_edge,19,0.002312,594,-1,1,0.010000035,0.010000035,3.2538583e-07,0.014142185121205634,0.4714061707068545,3.2538583e-06,bottom_cap_zone,0.09999967461417,3.2538583e-07,0.015857814878794365,0.015857814882132653,157,86,0.009999859614182099,12.879117606500646,0.9946403265034508,9.076240420302547e-05,-0.0090822652,6054932.0,-15607.50817834,0.085578792,-5.433225597333333,21.74662677878308,-4.002526011335971,119.9984,0.80005336,-1.1866929e-06,1.2234958e-06,0.0,0.0,-5.4332356,1.2234958e-06,0.28303465,100.10303025285448,0.75653,112,0.0,-0.009524365271217968,-0.0046838553623209465,0.016789723095680956,0.012415417817285232
CaseM3m_TrimmedEdge,trimmed_edge,19,0.002312,649,-1,1,0.020000126,5.3412546e-14,3.4236419e-07,0.020000126,0.6666708666666666,3.4236419e-06,edge_ring,0.09999965763581001,3.4236419e-07,0.009999873999999999,0.009999874005860734,142,72,0.009999802636950073,12.70318318109032,0.9810531010676804,0.00012922908804687087,-0.0038409997,2568163.0,-17452.58067035,7.1060691,-12.649628366666667,26.301447211602877,-2.0792268712739768,119.99836,0.80005258,-1.2139359e-06,1.2653885e-06,0.0,0.0,-12.649638,1.2653885e-06,0.28303465,100.10303025285448,0.75653,112,0.0,-0.00826863369155991,-0.005369815679812045,0.016353337836019114,0.012443833955655355
CaseM3m_TrimmedEdge,trimmed_edge,19,0.002312,427,-3,1,-0.010000493,-0.010000493,0.089996636,0.0141428328310172,0.4714277610339067,0.89996636,top_cap_zone,0.010003364,0.089996636,0.0158571671689828,0.01874878774592005,148,114,0.009998284000220934,12.641906231971637,0.9763207485462795,0.002824176080330236,0.022329045,-14832719.0,-17205.48683005,-131.03598,68.073832,94.58169021015155,1.3893986489573784,120.03795,0.79993069,2.8116088e-05,0.00012352641,0.0,8.0,3851.8447,0.00012352641,0.28303465,100.10303025285448,0.75653,112,0.0,-0.08008899280936684,0.045702007971484215,0.14680252344373118,0.10432939458707861
CaseM3m_TrimmedEdge,trimmed_edge,19,0.002312,581,-3,1,0.010000493,-0.010000493,0.089996636,0.0141428328310172,0.4714277610339067,0.89996636,top_cap_zone,0.010003364,0.089996636,0.0158571671689828,0.01874878774592005,148,114,0.009998284000220934,12.64190623198108,0.9763207485470088,0.0028241760877788648,0.022329051,-14832723.0,-17205.49029849,-131.03598,68.07383466666666,94.5816862568769,1.3893985364569188,120.03795,0.79993069,2.8116083e-05,0.00012352641,0.0,8.0,3851.844,0.00012352641,0.28303465,100.10303025285448,0.75653,112,0.0,-0.08008899273846115,0.045702008521987275,0.14680252419268272,0.10432939505700004
CaseM3m_TrimmedEdge,trimmed_edge,19,0.002312,449,-3,1,-0.010000493,0.010000493,0.089996636,0.0141428328310172,0.4714277610339067,0.89996636,top_cap_zone,0.010003364,0.089996636,0.0158571671689828,0.01874878774592005,148,114,0.009998284000220934,12.641906231951337,0.9763207485447117,0.0028241763020525387,0.022329049,-14832722.0,-17205.48750709,-131.03598,68.07383333333333,94.58168818381381,1.3893985919770517,120.03795,0.79993069,2.8116081e-05,0.00012352641,0.0,8.0,3851.8445,0.00012352641,0.28303465,100.10303025285448,0.75653,112,0.0,-0.08008899862477792,0.04570200969214369,0.14680253147951675,0.10432940092824101
CaseM3m_TrimmedEdge,trimmed_edge,19,0.002312,603,-3,1,0.010000493,0.010000493,0.089996636,0.0141428328310172,0.4714277610339067,0.89996636,top_cap_zone,0.010003364,0.089996636,0.0158571671689828,0.01874878774592005,148,114,0.009998284000220934,12.641906231970136,0.9763207485461636,0.0028241762921210303,0.022329047,-14832720.0,-17205.48808212,-131.03596,68.07382166666666,94.58167578230952,1.3893986479184672,120.03795,0.79993069,2.811609e-05,0.00012352642,0.0,8.0,3851.8428,0.00012352642,0.28303465,100.10303025285448,0.75653,112,0.0,-0.0800889982365151,0.045702008868707955,0.14680252983031322,0.10432939962305056
CaseM3m_TrimmedEdge,trimmed_edge,20,0.002413,418,-1,1,-0.010000029,-0.010000029,3.2158712e-07,0.01414217663592426,0.47140588786414206,3.2158711999999997e-06,bottom_cap_zone,0.09999967841288,3.2158712e-07,0.01585782336407574,0.015857823367336533,157,86,0.0099998374128836,12.87913318809752,0.9946382294073239,0.00011602092417053703,-0.010208128,6805681.0,-14947.95447461,-2.6226382,-3.535929533333333,22.184594033328224,-6.2740486834348,119.9984,0.80005336,-1.1866935e-06,1.2234965e-06,0.0,0.0,-3.5359395,1.2234965e-06,0.28303465,100.10303025285448,0.75653,112,0.0,-0.009440200329325093,-0.004999856118946315,0.016988030754827466,0.012572719736766418
CaseM3m_TrimmedEdge,trimmed_edge,20,0.002413,484,-1,1,-1.0371275e-13,-0.020000113,3.3775623e-07,0.020000113,0.6666704333333333,3.3775623e-06,edge_ring,0.09999966224377001,3.3775623e-07,0.009999886999999999,0.009999887005704026,142,72,0.009999776244821273,12.703191511744617,0.9810504890764502,0.00015534882792897134,-0.0050705774,3389176.5,-16230.97545413,5.1773005,-11.644940833333335,26.696081398800057,-2.292504683440145,119.99836,0.80005258,-1.2139374e-06,1.2653901e-06,0.0,0.0,-11.644951,1.2653901e-06,0.28303465,100.10303025285448,0.75653,112,0.0,-0.008510272253460079,-0.005624712785490232,0.01683616062875753,0.01274573781771393
CaseM3m_TrimmedEdge,trimmed_edge,20,0.002413,572,-1,1,0.010000029,-0.010000029,3.2158738e-07,0.01414217663592426,0.47140588786414206,3.2158738e-06,bottom_cap_zone,0.09999967841262,3.2158738e-07,0.01585782336407574,0.01585782336733654,157,86,0.0099998374126236,12.879133188087936,0.9946382294065839,0.00011602088454281346,-0.010208131,6805682.5,-14947.95372662,-2.6226385,-3.535930366666667,22.184593705232963,-6.274047112004203,119.9984,0.80005336,-1.1866938e-06,1.2234967e-06,0.0,0.0,-3.5359404,1.2234967e-06,0.28303465,100.10303025285448,0.75653,112,0.0,-0.009440202949275693,-0.004999856297156956,0.016988033919518534,0.01257272218982393
CaseM3m_TrimmedEdge,trimmed_edge,20,0.002413,363,-1,1,-0.020000113,-1.356353e-13,3.3775638e-07,0.020000113,0.6666704333333333,3.3775638e-06,edge_ring,0.09999966224362,3.3775638e-07,0.009999886999999999,0.009999887005704032,142,72,0.009999776244671273,12.703191511738392,0.9810504890759695,0.0001553488214210194,-0.0050705778,3389176.8,-16230.9758182,5.1772962,-11.6449414,26.696091148907858,-2.2925054091648636,119.99836,0.80005258,-1.2139378e-06,1.2653906e-06,0.0,0.0,-11.644952,1.2653906e-06,0.28303465,100.10303025285448,0.75653,112,0.0,-0.008510275677884453,-0.005624712738303779,0.016836164442995266,0.012745740624570451
CaseM3m_TrimmedEdge,trimmed_edge,20,0.002413,440,-1,1,-0.010000029,0.010000029,3.2158718e-07,0.01414217663592426,0.47140588786414206,3.2158717999999998e-06,bottom_cap_zone,0.09999967841282001,3.2158718e-07,0.01585782336407574,0.015857823367336536,157,86,0.009999837412823601,12.879133188084797,0.9946382294063415,0.00011602088863738059,-0.010208131,6805682.5,-14947.95422153,-2.6226349,-3.5359319,22.18459218345121,-6.274043960929001,119.9984,0.80005336,-1.186695e-06,1.223498e-06,0.0,0.0,-3.5359418,1.223498e-06,0.28303465,100.10303025285448,0.75653,112,0.0,-0.0094402031966011,-0.004999855997959126,0.016988033800818876,0.012572722164489191
CaseM3m_TrimmedEdge,trimmed_edge,20,0.002413,528,-1,1,2.4671088e-14,0.020000113,3.3775601e-07,0.020000113,0.6666704333333333,3.3775600999999998e-06,edge_ring,0.09999966224399001,3.3775601e-07,0.009999886999999999,0.009999887005704018,142,72,0.009999776245041272,12.703191511752395,0.981050489077051,0.0001553488346282246,-0.0050705709,3389172.0,-16230.97624129,5.1772947,-11.644938566666667,26.696085039726587,-2.2925054423338422,119.99836,0.80005258,-1.2139363e-06,1.2653891e-06,0.0,0.0,-11.644949,1.2653891e-06,0.28303465,100.10303025285448,0.75653,112,0.0,-0.008510271390906026,-0.005624712227204399,0.01683615903213056,0.012745736836175817
CaseM3m_TrimmedEdge,trimmed_edge,20,0.002413,594,-1,1,0.010000029,0.010000029,3.2158712e-07,0.01414217663592426,0.47140588786414206,3.2158711999999997e-06,bottom_cap_zone,0.09999967841288,3.2158712e-07,0.01585782336407574,0.015857823367336533,157,86,0.0099998374128836,12.87913318810272,0.9946382294077256,0.00011602088142414815,-0.010208133,6805684.0,-14947.95445941,-2.6226377,-3.5359301666666663,22.184593472863607,-6.274047401161517,119.9984,0.80005336,-1.1866929e-06,1.2234958e-06,0.0,0.0,-3.5359402,1.2234958e-06,0.28303465,100.10303025285448,0.75653,112,0.0,-0.00944020569716136,-0.004999856512575032,0.016988037680589558,0.012572724806791103
CaseM3m_TrimmedEdge,trimmed_edge,20,0.002413,649,-1,1,0.020000113,5.5111064e-14,3.3775609e-07,0.020000113,0.6666704333333333,3.3775608999999997e-06,edge_ring,0.09999966224391,3.3775609e-07,0.009999886999999999,0.009999887005704021,142,72,0.009999776244961274,12.703191511750994,0.9810504890769427,0.00015534879984001687,-0.0050705755,3389175.3,-16230.97574356,5.1772947,-11.644938233333333,26.69608545231563,-2.292505543386978,119.99836,0.80005258,-1.2139359e-06,1.2653885e-06,0.0,0.0,-11.644948,1.2653885e-06,0.28303465,100.10303025285448,0.75653,112,0.0,-0.00851027302661278,-0.005624712170150148,0.01683616060715677,0.012745738477205719
CaseM3m_TrimmedEdge,trimmed_edge,20,0.002413,359,-3,1,-0.020001037,-0.010000714,0.069998667,0.022361926607185816,0.7453975535728605,0.6999866699999999,lateral_surface,0.030001333000000005,0.069998667,0.007638073392814183,0.030958361502684623,115,115,0.009999208010111296,11.036375911923857,0.8523245497805988,0.0014984837836680895,-0.013338863,8894004.0,6637.372640138,-119.94743,68.585888,81.47988795157536,1.187997856812401,119.99174,0.79999322,-6.1227965e-06,3.3814707e-05,0.0,4.0,1561.9415,3.3814707e-05,0.28303465,100.10303025285448,0.75653,112,0.0,-0.05922737351576797,0.027451299473790186,0.10555061226620595,0.0763678618316595
CaseM3m_TrimmedEdge,trimmed_edge,20,0.002413,414,-3,1,-0.010000714,-0.020001037,0.069998667,0.022361926607185816,0.7453975535728605,0.6999866699999999,lateral_surface,0.030001333000000005,0.069998667,0.007638073392814183,0.030958361502684623,115,115,0.009999208010111296,11.036375911914048,0.8523245497798412,0.001498483678904168,-0.013338873,8894011.0,6637.372810011,-119.94743,68.58588666666667,81.47988995434044,1.1879979091083235,119.99174,0.79999322,-6.1227975e-06,3.3814707e-05,0.0,4.0,1561.9406,3.3814707e-05,0.28303465,100.10303025285448,0.75653,112,0.0,-0.05922737325341028,0.02745129872045628,0.10555061219133162,0.07636786110140846
CaseM3m_TrimmedEdge,trimmed_edge,20,0.002413,568,-3,1,0.010000714,-0.020001037,0.069998667,0.022361926607185816,0.7453975535728605,0.6999866699999999,lateral_surface,0.030001333000000005,0.069998667,0.007638073392814183,0.030958361502684623,115,115,0.009999208010111296,11.036375911910776,0.8523245497795885,0.0014984835068836096,-0.013338864,8894005.0,6637.372033595,-119.94742,68.58587833333333,81.47988991403145,1.1879980528649368,119.99174,0.79999322,-6.1228034e-06,3.3814704e-05,0.0,4.0,1561.9408,3.3814704e-05,0.28303465,100.10303025285448,0.75653,112,0.0,-0.05922737327501529,0.027451299126584207,0.10555061564770209,0.07636786206788486
CaseM3m_TrimmedEdge,trimmed_edge,20,0.002413,645,-3,1,0.020001037,-0.010000714,0.069998667,0.022361926607185816,0.7453975535728605,0.6999866699999999,lateral_surface,0.030001333000000005,0.069998667,0.007638073392814183,0.030958361502684623,115,115,0.009999208010111296,11.03637591189638,0.8523245497784767,0.001498483574140248,-0.013338866,8894006.0,6637.371990406,-119.94743,68.585883,81.47989647725973,1.1879980677256825,119.99174,0.79999322,-6.1228002e-06,3.3814693e-05,0.0,4.0,1561.9415,3.3814693e-05,0.28303465,100.10303025285448,0.75653,112,0.0,-0.05922737322566053,0.02745129808668374,0.10555061308485833,0.07636786092386602
CaseM3m_TrimmedEdge,trimmed_edge,20,0.002413,381,-3,1,-0.020001037,0.010000714,0.069998667,0.022361926607185816,0.7453975535728605,0.6999866699999999,lateral_surface,0.030001333000000005,0.069998667,0.007638073392814183,0.030958361502684623,115,115,0.009999208010111296,11.036375911899878,0.8523245497787468,0.0014984835972560613,-0.013338868,8894007.0,6637.372081297,-119.94743,68.585883,81.47989739356449,1.1879980810856439,119.99174,0.79999322,-6.1228016e-06,3.3814697e-05,0.0,5.0,1561.9418,3.3814697e-05,0.28303465,100.10303025285448,0.75653,112,0.0,-0.05922737383982353,0.027451299367122935,0.10555061519012035,0.07636786233630383
CaseM3m_TrimmedEdge,trimmed_edge,20,0.002413,458,-3,1,-0.010000714,0.020001037,0.069998667,0.022361926607185816,0.7453975535728605,0.6999866699999999,lateral_surface,0.030001333000000005,0.069998667,0.007638073392814183,0.030958361502684623,115,115,0.009999208010111296,11.036375911901546,0.8523245497788757,0.0014984836414495392,-0.013338866,8894006.0,6637.372111817,-119.94743,68.58588433333334,81.47989478430573,1.1879980199468798,119.99174,0.79999322,-6.1227997e-06,3.3814704e-05,0.0,4.0,1561.9413,3.3814704e-05,0.28303465,100.10303025285448,0.75653,112,0.0,-0.05922737352806283,0.02745130136134836,0.10555061678353861,0.07636786346854858
CaseM3m_TrimmedEdge,trimmed_edge,20,0.002413,612,-3,1,0.010000714,0.020001037,0.069998667,0.022361926607185816,0.7453975535728605,0.6999866699999999,lateral_surface,0.030001333000000005,0.069998667,0.007638073392814183,0.030958361502684623,115,115,0.009999208010111296,11.036375911917698,0.8523245497801232,0.0014984837164114474,-0.013338866,8894006.0,6637.371603499,-119.94743,68.58588566666667,81.47989318971653,1.1879979736022634,119.99174,0.79999322,-6.1228038e-06,3.3814707e-05,0.0,4.0,1561.9412,3.3814707e-05,0.28303465,100.10303025285448,0.75653,112,0.0,-0.059227373148441946,0.027451300364430296,0.10555061453930761,0.07636786261641301
CaseM3m_TrimmedEdge,trimmed_edge,20,0.002413,667,-3,1,0.020001037,0.010000714,0.069998667,0.022361926607185816,0.7453975535728605,0.6999866699999999,lateral_surface,0.030001333000000005,0.069998667,0.007638073392814183,0.030958361502684623,115,115,0.009999208010111296,11.03637591192395,0.8523245497806059,0.0014984837164114474,-0.013338866,8894006.0,6637.371550755,-119.94742,68.58587966666666,81.47988739804768,1.1879979930861428,119.99174,0.79999322,-6.1228025e-06,3.38147e-05,0.0,4.0,1561.9404,3.38147e-05,0.28303465,100.10303025285448,0.75653,112,0.0,-0.059227372605195915,0.02745130030553434,0.10555061387860078,0.07636786232972272
CaseM3m_TrimmedEdge,trimmed_edge,21,0.002513,418,-1,1,-0.010000023,-0.010000023,3.1121667e-07,0.014142168150642887,0.4714056050214296,3.1121667e-06,bottom_cap_zone,0.09999968878333,3.1121667e-07,0.015857831849357112,0.015857831852410992,157,86,0.009999814783329999,12.879153746688498,0.9946368884295143,0.0001615043220536764,-0.011034392,7363831.0,-14207.64586124,-6.1107049,-1.0886133666666666,22.9107250053634,-21.045786967981133,119.9984,0.80005336,-1.1866935e-06,1.2234965e-06,0.0,0.0,-1.0886234,1.2234965e-06,0.28303465,100.10303025285448,0.75653,112,0.0,-0.009504106988741353,-0.0050274050808288995,0.017049824231486977,0.012624237443764558
CaseM3m_TrimmedEdge,trimmed_edge,21,0.002513,484,-1,1,-1.0618004e-13,-0.0200001,3.2753027e-07,0.0200001,0.66667,3.2753027e-06,edge_ring,0.09999967246973,3.2753027e-07,0.009999899999999999,0.009999900005363858,142,72,0.009999750470682224,12.703204233809688,0.9810485829047458,0.0001893637842103569,-0.0061630178,4123370.3,-15816.44034161,2.5233285,-10.113110166666665,27.367981214411426,-2.7061883795766124,119.99836,0.80005258,-1.2139374e-06,1.2653901e-06,0.0,0.0,-10.11312,1.2653901e-06,0.28303465,100.10303025285448,0.75653,112,0.0,-0.008906016641295113,-0.005586058967833004,0.01721427465445709,0.012960606656615333
CaseM3m_TrimmedEdge,trimmed_edge,21,0.002513,572,-1,1,0.010000023,-0.010000023,3.1121692e-07,0.014142168150642887,0.4714056050214296,3.1121691999999997e-06,bottom_cap_zone,0.09999968878308,3.1121692e-07,0.015857831849357112,0.015857831852410995,157,86,0.00999981478308,12.879153746679213,0.9946368884287972,0.00016150428276218986,-0.011034393,7363832.0,-14207.64501273,-6.1107049,-1.0886143000000004,22.9107246690646,-21.045768615261245,119.9984,0.80005336,-1.1866938e-06,1.2234967e-06,0.0,0.0,-1.0886244,1.2234967e-06,0.28303465,100.10303025285448,0.75653,112,0.0,-0.009504108868088907,-0.005027405336715155,0.017049826735661244,0.012624239457637432
CaseM3m_TrimmedEdge,trimmed_edge,21,0.002513,363,-1,1,-0.0200001,-1.3684496e-13,3.2753042e-07,0.0200001,0.66667,3.2753041999999998e-06,edge_ring,0.09999967246958001,3.2753042e-07,0.009999899999999999,0.009999900005363861,142,72,0.009999750470532224,12.703204233803408,0.9810485829042609,0.00018936374480131034,-0.0061630178,4123370.3,-15816.44070568,2.5233245,-10.113111166666668,27.367991205355583,-2.706189099904477,119.99836,0.80005258,-1.2139378e-06,1.2653906e-06,0.0,0.0,-10.113121,1.2653906e-06,0.28303465,100.10303025285448,0.75653,112,0.0,-0.008906020237452067,-0.005586058602898981,0.017214278549486567,0.012960609683439536
CaseM3m_TrimmedEdge,trimmed_edge,21,0.002513,440,-1,1,-0.010000023,0.010000023,3.1121672e-07,0.014142168150642887,0.4714056050214296,3.1121672e-06,bottom_cap_zone,0.09999968878328,3.1121672e-07,0.015857831849357112,0.015857831852410992,157,86,0.009999814783279999,12.879153746676087,0.9946368884285557,0.00016150428856101412,-0.011034395,7363833.0,-14207.6454071,-6.1107016,-1.0886157333333335,22.910723552124193,-21.04573987918742,119.9984,0.80005336,-1.186695e-06,1.223498e-06,0.0,0.0,-1.0886258,1.223498e-06,0.28303465,100.10303025285448,0.75653,112,0.0,-0.009504108929655803,-0.005027404892375237,0.017049826238321734,0.012624239155965422
CaseM3m_TrimmedEdge,trimmed_edge,21,0.002513,528,-1,1,2.4403063e-14,0.0200001,3.2753005e-07,0.0200001,0.66667,3.2753005e-06,edge_ring,0.09999967246995001,3.2753005e-07,0.009999899999999999,0.009999900005363847,142,72,0.009999750470902225,12.703204233817505,0.9810485829053496,0.00018936375594366125,-0.0061630127,4123366.8,-15816.44148063,2.5233231,-10.113108366666665,27.367985013538128,-2.706189236906077,119.99836,0.80005258,-1.2139363e-06,1.2653891e-06,0.0,0.0,-10.113118,1.2653891e-06,0.28303465,100.10303025285448,0.75653,112,0.0,-0.008906017142357553,-0.005586057943533038,0.017214273783343653,0.012960606588349737
CaseM3m_TrimmedEdge,trimmed_edge,21,0.002513,594,-1,1,0.010000023,0.010000023,3.1121667e-07,0.014142168150642887,0.4714056050214296,3.1121667e-06,bottom_cap_zone,0.09999968878333,3.1121667e-07,0.015857831849357112,0.015857831852410992,157,86,0.009999814783329999,12.879153746693833,0.9946368884299261,0.0001615042468269715,-0.011034397,7363835.0,-14207.64544391,-6.1107039,-1.0886141666666662,22.910724262641963,-21.045770819605025,119.9984,0.80005336,-1.1866929e-06,1.2234958e-06,0.0,0.0,-1.0886241,1.2234958e-06,0.28303465,100.10303025285448,0.75653,112,0.0,-0.009504111753843419,-0.005027405307493264,0.017049830286438784,0.012624242113688212
CaseM3m_TrimmedEdge,trimmed_edge,21,0.002513,649,-1,1,0.0200001,5.6606721e-14,3.2753016e-07,0.0200001,0.66667,3.2753016e-06,edge_ring,0.09999967246984001,3.2753016e-07,0.009999899999999999,0.009999900005363853,142,72,0.009999750470792225,12.703204233815176,0.9810485829051697,0.00018936374181031463,-0.0061630164,4123369.3,-15816.44073157,2.5233228,-10.113107933333334,27.36798559016892,-2.7061894098808743,119.99836,0.80005258,-1.2139359e-06,1.2653885e-06,0.0,0.0,-10.113118,1.2653885e-06,0.28303465,100.10303025285448,0.75653,112,0.0,-0.00890601742359369,-0.005586058034839619,0.017214274267471814,0.01296060726933854
CaseM3m_SteppedCap,stepped_cap,6,0.001005,499,-1,1,-4.0991092e-14,-0.010000031,0.04000001,0.010000031,0.33333436666666666,0.4000001,interior,0.05999999,0.04000001,0.019999969,0.044721354630657836,153,153,0.009999990000000453,12.935966769591365,0.9967877052384739,5.790528603597036e-05,0.031617619,-21060540.0,-20019.95448289,-17.053961,-0.062121000000000016,25.681111665042547,-413.4046725751765,120.0,0.80004835,0.0,0.0,0.0,0.0,-0.062131073,0.0,0.4865955,172.09795358060526,0.682985,112,0.0,-0.0063124724358731375,0.01563354703973636,0.03256044562054029,0.023023902418301684
CaseM3m_SteppedCap,stepped_cap,6,0.001005,433,-1,1,-0.010000031,-1.9396307e-14,0.04000001,0.010000031,0.33333436666666666,0.4000001,interior,0.05999999,0.04000001,0.019999969,0.044721354630657836,153,153,0.009999990000000453,12.935966769586802,0.9967877052381223,5.790522068343817e-05,0.031617619,-21060540.0,-20019.95679531,-17.053955,-0.06212936666666735,25.681115314771567,-413.34906007579804,120.0,0.80004835,0.0,0.0,0.0,0.0,-0.06213934,0.0,0.4865955,172.09795358060526,0.682985,112,0.0,-0.006312472555061447,0.015633546012313582,0.03256044372819366,0.02302390107773012
CaseM3m_SteppedCap,stepped_cap,6,0.001005,521,-1,1,-1.6907675e-14,0.010000031,0.04000001,0.010000031,0.33333436666666666,0.4000001,interior,0.05999999,0.04000001,0.019999969,0.044721354630657836,153,153,0.009999990000000453,12.935966769579382,0.9967877052375506,5.790530490530116e-05,0.031617623,-21060542.0,-20019.95870559,-17.053955,-0.062126800000000294,25.68111137456415,-413.36607349105424,120.0,0.80004835,0.0,0.0,0.0,0.0,-0.062136795,0.0,0.4865955,172.09795358060526,0.682985,112,0.0,-0.006312472009815044,0.015633546735290542,0.032560444952694015,0.023023901941304027
CaseM3m_SteppedCap,stepped_cap,6,0.001005,587,-1,1,0.010000031,-2.643816e-14,0.04000001,0.010000031,0.33333436666666666,0.4000001,interior,0.05999999,0.04000001,0.019999969,0.044721354630657836,153,153,0.009999990000000453,12.935966769583935,0.9967877052379014,5.7905392405073965e-05,0.031617623,-21060542.0,-20019.95820286,-17.053953,-0.06212939999999989,25.681112316158483,-413.34879004398124,120.0,0.80004835,0.0,0.0,0.0,0.0,-0.06213934,0.0,0.4865955,172.09795358060526,0.682985,112,0.0,-0.00631247203282077,0.015633547529571582,0.03256044639079605,0.023023902957611152
CaseM3m_SteppedCap,stepped_cap,6,0.001005,317,-3,1,-0.030000769,-0.010000373,0.089999638,0.0316236240922904,1.0541208030763467,0.89999638,edge_ring,0.010000361999999999,0.089999638,-0.0016236240922904016,0.010131307680852943,92,64,0.009999499000611676,7.269140384410636,0.5601274254867218,0.00201141388550805,0.015025097,-10009333.0,-10852.40008857,-114.83395,62.654679666666674,79.80969611603872,1.2738026359824932,120.0,0.79999131,0.0,0.0,0.0,9.0,1195.736,0.0,0.4865955,172.09795358060526,0.682985,112,0.0,-0.0611572513556153,0.04365443507999808,0.13079830251038424,0.09311888003806743
CaseM3m_SteppedCap,stepped_cap,6,0.001005,405,-3,1,-0.010000373,-0.030000769,0.089999638,0.0316236240922904,1.0541208030763467,0.89999638,edge_ring,0.010000361999999999,0.089999638,-0.0016236240922904016,0.010131307680852943,92,64,0.009999499000611676,7.269140384408299,0.5601274254865417,0.0020114139039628864,0.015025089,-10009328.0,-10852.39777614,-114.83398,62.654694666666664,79.80971816435114,1.273802682926667,120.0,0.79999131,0.0,0.0,0.0,8.0,1195.7384,0.0,0.4865955,172.09795358060526,0.682985,112,0.0,-0.06115725436534016,0.04365443231681266,0.13079829671548293,0.0931188763845319
CaseM3m_SteppedCap,stepped_cap,6,0.001005,559,-3,1,0.010000373,-0.030000769,0.089999638,0.0316236240922904,1.0541208030763467,0.89999638,edge_ring,0.010000361999999999,0.089999638,-0.0016236240922904016,0.010131307680852943,92,64,0.009999499000611676,7.26914038441976,0.5601274254874249,0.002011413821731157,0.015025093,-10009330.0,-10852.39908318,-114.83396,62.65469033333333,79.80969522670128,1.2738024049293115,120.0,0.79999131,0.0,0.0,0.0,6.0,1195.7355,0.0,0.4865955,172.09795358060526,0.682985,112,0.0,-0.06115724736878805,0.04365443574589001,0.13079830068229856,0.09311887857732433
CaseM3m_SteppedCap,stepped_cap,6,0.001005,691,-3,1,0.030000769,-0.010000373,0.089999638,0.0316236240922904,1.0541208030763467,0.89999638,edge_ring,0.010000361999999999,0.089999638,-0.0016236240922904016,0.010131307680852943,92,64,0.009999499000611676,7.2691403844161036,0.5601274254871431,0.0020114138460670863,0.015025095,-10009332.0,-10852.3991837,-114.83397,62.654683666666664,79.80971961695829,1.273802929746789,120.0,0.79999131,0.0,0.0,0.0,8.0,1195.739,0.0,0.4865955,172.09795358060526,0.682985,112,0.0,-0.06115724989638688,0.04365443455927918,0.13079829884218583,0.09311887740661169
CaseM3m_SteppedCap,stepped_cap,6,0.001005,339,-3,1,-0.030000769,0.010000373,0.089999638,0.0316236240922904,1.0541208030763467,0.89999638,edge_ring,0.010000361999999999,0.089999638,-0.0016236240922904016,0.010131307680852943,92,64,0.009999499000611676,7.269140384417181,0.560127425487226,0.002011413802010674,0.015025092,-10009330.0,-10852.39948534,-114.83396,62.65468433333333,79.80970465671868,1.2738026774202196,120.0,0.79999131,0.0,0.0,0.0,8.0,1195.7369,0.0,0.4865955,172.09795358060526,0.682985,112,0.0,-0.06115724825736593,0.043654434668608855,0.13079829953090744,0.09311887763105393
CaseM3m_SteppedCap,stepped_cap,6,0.001005,713,-3,1,0.030000769,0.010000373,0.089999638,0.0316236240922904,1.0541208030763467,0.89999638,edge_ring,0.010000361999999999,0.089999638,-0.0016236240922904016,0.010131307680852943,92,64,0.009999499000611676,7.2691403844120215,0.5601274254868285,0.0020114138519481983,0.015025091,-10009329.0,-10852.40119451,-114.83397,62.654689,79.80971223280326,1.2738027034625177,120.0,0.79999131,0.0,0.0,0.0,8.0,1195.7379,0.0,0.4865955,172.09795358060526,0.682985,112,0.0,-0.061157247418739444,0.0436544371217641,0.13079830137032766,0.0931188788720095
CaseM3m_SteppedCap,stepped_cap,6,0.001005,471,-3,1,-0.010000373,0.030000769,0.089999638,0.0316236240922904,1.0541208030763467,0.89999638,edge_ring,0.010000361999999999,0.089999638,-0.0016236240922904016,0.010131307680852943,92,64,0.009999499000611676,7.269140384410546,0.5601274254867149,0.0020114137764090856,0.015025092,-10009330.0,-10852.39787667,-114.83398,62.654693333333334,79.80972060825655,1.2738027490399744,120.0,0.79999131,0.0,0.0,0.0,8.0,1195.7388,0.0,0.4865955,172.09795358060526,0.682985,112,0.0,-0.06115725109566309,0.04365443286930423,0.1307982963669995,0.09311887553673126
CaseM3m_SteppedCap,stepped_cap,6,0.001005,625,-3,1,0.010000373,0.030000769,0.089999638,0.0316236240922904,1.0541208030763467,0.89999638,edge_ring,0.010000361999999999,0.089999638,-0.0016236240922904016,0.010131307680852943,92,64,0.009999499000611676,7.269140384417337,0.5601274254872382,0.0020114138355144654,0.01502509,-10009329.0,-10852.39928424,-114.83397,62.654689,79.80971190862363,1.2738026982884494,120.0,0.79999131,0.0,0.0,0.0,8.0,1195.7378,0.0,0.4865955,172.09795358060526,0.682985,112,0.0,-0.06115724819882503,0.04365443607462553,0.13079830093125153,0.09311887838450833
CaseM3m_SteppedCap,stepped_cap,7,0.001106,498,-1,1,-9.0130438e-14,-0.010000031,0.030000029,0.010000031,0.33333436666666666,0.30000029,interior,0.06999997100000001,0.030000029,0.019999969,0.03605551968841667,153,153,0.009999985000000199,12.935947991037475,0.9967881946492779,0.00010536372302991162,0.025053116,-16678091.0,-20896.50456382,-18.63117,-0.3543705999999993,28.51743085583821,-80.4734672002651,119.99845,0.80005193,-1.1446766e-06,1.1996284e-06,0.0,0.0,-0.35438043,1.1996284e-06,0.36419039999999997,128.806005303588,0.807695,112,0.0,-0.006537207401135811,0.013125348876369538,0.027832229196000025,0.019711817640151553
CaseM3m_SteppedCap,stepped_cap,7,0.001106,432,-1,1,-0.010000031,-2.1435539e-14,0.030000029,0.010000031,0.33333436666666666,0.30000029,interior,0.06999997100000001,0.030000029,0.019999969,0.03605551968841667,153,153,0.009999985000000199,12.935947991038123,0.9967881946493279,0.00010536376773245357,0.025053101,-16678081.0,-20896.50084379,-18.631168,-0.354371933333334,28.517429790813637,-80.47316141142926,119.99845,0.80005193,-1.1446774e-06,1.1996292e-06,0.0,0.0,-0.35438171,1.1996292e-06,0.36419039999999997,128.806005303588,0.807695,112,0.0,-0.00653720729867463,0.013125349208932852,0.027832229783647657,0.019711818086194814
CaseM3m_SteppedCap,stepped_cap,7,0.001106,520,-1,1,-6.0957061e-15,0.010000031,0.030000029,0.010000031,0.33333436666666666,0.30000029,interior,0.06999997100000001,0.030000029,0.019999969,0.03605551968841667,153,153,0.009999985000000199,12.935947991031075,0.9967881946487848,0.00010536366812976323,0.025053114,-16678090.0,-20896.5040611,-18.631166,-0.35437189999999913,28.517426828686602,-80.47316062217877,119.99845,0.80005193,-1.1446715e-06,1.1996229e-06,0.0,0.0,-0.35438171,1.1996229e-06,0.36419039999999997,128.806005303588,0.807695,112,0.0,-0.006537207189797745,0.013125348235316752,0.027832227874135907,0.019711816693616036
CaseM3m_SteppedCap,stepped_cap,7,0.001106,586,-1,1,0.010000031,5.3065361e-14,0.030000029,0.010000031,0.33333436666666666,0.30000029,interior,0.06999997100000001,0.030000029,0.019999969,0.03605551968841667,153,153,0.009999985000000199,12.935947991030528,0.9967881946487426,0.00010536371550034277,0.025053116,-16678091.0,-20896.50496595,-18.631166,-0.35437290000000016,28.51742848954908,-80.47293822284115,119.99845,0.80005193,-1.1446753e-06,1.199627e-06,0.0,0.0,-0.35438266,1.199627e-06,0.36419039999999997,128.806005303588,0.807695,112,0.0,-0.006537207352856096,0.01312534962596449,0.027832230589814506,0.01971181861321769
CaseM3m_SteppedCap,stepped_cap,7,0.001106,499,-1,1,-4.5282032e-14,-0.010000034,0.040000014,0.010000034,0.33333446666666666,0.40000014,interior,0.059999986000000005,0.040000014,0.019999966,0.044721356866729255,153,153,0.009999983000000446,12.935931733154586,0.9967869418871499,5.368020307508353e-05,0.025013769,-16652422.0,-21694.16265229,-15.05681,-4.253528333333334,28.968659120068487,-6.810501035822845,120.0,0.80004835,0.0,0.0,0.0,0.0,-4.2535381,0.0,0.36419039999999997,128.806005303588,0.807695,112,0.0,-0.00812479582910171,0.012596302594734743,0.027719702115848982,0.019600927735278977
CaseM3m_SteppedCap,stepped_cap,7,0.001106,500,-1,1,7.9491128e-14,-0.010000037,0.049999997,0.010000037,0.33333456666666667,0.49999996999999996,interior,0.05000000300000001,0.049999997,0.019999963,0.0538516315444702,153,153,0.0099999760000002,12.935936889135268,0.9967873391847178,5.595458347912302e-05,0.022416113,-14920873.0,-21475.86209777,-18.885178,-0.1322010666666659,28.528365199139802,-215.79527244717116,119.99711,0.80005395,-2.1440694e-06,2.2406825e-06,0.0,0.0,-0.13221119,2.2406825e-06,0.36419039999999997,128.806005303588,0.807695,112,0.0,-0.013342234531440147,0.013318941747475832,0.03268717917647708,0.02311353893139036
CaseM3m_SteppedCap,stepped_cap,7,0.001106,433,-1,1,-0.010000034,-1.861647e-14,0.040000014,0.010000034,0.33333446666666666,0.40000014,interior,0.059999986000000005,0.040000014,0.019999966,0.044721356866729255,153,153,0.009999983000000446,12.935931733149925,0.9967869418867907,5.368015015128412e-05,0.025013769,-16652422.0,-21694.16496471,-15.056805,-4.253536333333333,28.96866365487922,-6.810489292841561,120.0,0.80004835,0.0,0.0,0.0,0.0,-4.2535467,0.0,0.36419039999999997,128.806005303588,0.807695,112,0.0,-0.00812479599806813,0.012596301519786112,0.02771970028665631,0.019600926439974665
CaseM3m_SteppedCap,stepped_cap,7,0.001106,434,-1,1,-0.010000037,-2.8067382e-14,0.049999997,0.010000037,0.33333456666666667,0.49999996999999996,interior,0.05000000300000001,0.049999997,0.019999963,0.0538516315444702,153,153,0.0099999760000002,12.935936889127012,0.9967873391840816,5.595463950580353e-05,0.022416109,-14920871.0,-21475.86360593,-18.885176,-0.1322023666666657,28.52836416084383,-215.79314259006483,119.99711,0.80005395,-2.1440724e-06,2.2406855e-06,0.0,0.0,-0.13221246,2.2406855e-06,0.36419039999999997,128.806005303588,0.807695,112,0.0,-0.013342234650651845,0.013318942290049181,0.03268718011473828,0.023113539594592405
CaseM3m_SteppedCap,stepped_cap,7,0.001106,521,-1,1,-1.7798354e-14,0.010000034,0.040000014,0.010000034,0.33333446666666666,0.40000014,interior,0.059999986000000005,0.040000014,0.019999966,0.044721356866729255,153,153,0.009999983000000446,12.9359317331428,0.9967869418862416,5.3680223663961234e-05,0.025013765,-16652419.0,-21694.16657338,-15.056804,-4.2535343333333335,28.96865912720883,-6.810491430665658,120.0,0.80004835,0.0,0.0,0.0,0.0,-4.2535448,0.0,0.36419039999999997,128.806005303588,0.807695,112,0.0,-0.008124795462845835,0.012596301959675694,0.027719700845368362,0.019600926833465877
CaseM3m_SteppedCap,stepped_cap,7,0.001106,522,-1,1,-3.4887788e-15,0.010000037,0.049999997,0.010000037,0.33333456666666667,0.49999996999999996,interior,0.05000000300000001,0.049999997,0.019999963,0.0538516315444702,153,153,0.0099999760000002,12.93593688911723,0.9967873391833278,5.595466125897085e-05,0.022416111,-14920872.0,-21475.86199728,-18.885176,-0.13220173333333327,28.528363236569266,-215.79416938988152,119.99711,0.80005395,-2.1440703e-06,2.2406834e-06,0.0,0.0,-0.13221183,2.2406834e-06,0.36419039999999997,128.806005303588,0.807695,112,0.0,-0.013342234420356565,0.013318942505599929,0.03268718036226139,0.023113539771517963
CaseM3m_SteppedCap,stepped_cap,7,0.001106,587,-1,1,0.010000034,-2.7728071e-14,0.040000014,0.010000034,0.33333446666666666,0.40000014,interior,0.059999986000000005,0.040000014,0.019999966,0.044721356866729255,153,153,0.009999983000000446,12.93593173314746,0.9967869418866007,5.368030448090909e-05,0.025013765,-16652419.0,-21694.16607064,-15.056802,-4.253536666666666,28.968659641156574,-6.810487815509582,120.0,0.80004835,0.0,0.0,0.0,0.0,-4.2535467,0.0,0.36419039999999997,128.806005303588,0.807695,112,0.0,-0.008124795430580305,0.012596302891249352,0.027719702457766938,0.01960092797349013
CaseM3m_SteppedCap,stepped_cap,7,0.001106,588,-1,1,0.010000037,-3.8187576e-14,0.049999997,0.010000037,0.33333456666666667,0.49999996999999996,interior,0.05000000300000001,0.049999997,0.019999963,0.0538516315444702,153,153,0.0099999760000002,12.935936889125486,0.996787339183964,5.5954551772487665e-05,0.022416111,-14920872.0,-21475.8633043,-18.885176,-0.13220206666666576,28.528363759914455,-215.79362924670355,119.99711,0.80005395,-2.1440717e-06,2.2406848e-06,0.0,0.0,-0.13221215,2.2406848e-06,0.36419039999999997,128.806005303588,0.807695,112,0.0,-0.013342234371587129,0.013318941249634874,0.032687178306746285,0.02311353831755422
CaseM3m_SteppedCap,stepped_cap,8,0.001206,498,-1,1,-9.9307295e-14,-0.010000032,0.03000004,0.010000032,0.33333440000000003,0.30000039999999994,interior,0.06999996,0.03000004,0.019999968,0.03605552828627843,153,153,0.00999997800000125,12.935922396594082,0.9967874445390625,0.00011721450119125207,0.018522644,-12319989.0,-22135.1322225,-17.430029,-3.4580863333333327,31.36544639980721,-9.07017447698401,119.99845,0.80005193,-1.1446766e-06,1.1996284e-06,0.0,0.0,-3.4580963,1.1996284e-06,0.36419039999999997,128.806005303588,0.807695,112,0.0,-0.007546254910284319,0.010054629451792033,0.022776027403528683,0.01616634606373447
CaseM3m_SteppedCap,stepped_cap,8,0.001206,432,-1,1,-0.010000032,-2.2444542e-14,0.03000004,0.010000032,0.33333440000000003,0.30000039999999994,interior,0.06999996,0.03000004,0.019999968,0.03605552828627843,153,153,0.00999997800000125,12.935922396595146,0.9967874445391446,0.00011721453218415462,0.018522644,-12319989.0,-22135.12850248,-17.430027,-3.4580873333333337,31.365444809354127,-9.070171394173617,119.99845,0.80005193,-1.1446774e-06,1.1996292e-06,0.0,0.0,-3.4580972,1.1996292e-06,0.36419039999999997,128.806005303588,0.807695,112,0.0,-0.007546254822600132,0.010054629743185571,0.022776027886347708,0.01616634642319573
CaseM3m_SteppedCap,stepped_cap,8,0.001206,520,-1,1,-5.1372442e-15,0.010000032,0.03000004,0.010000032,0.33333440000000003,0.30000039999999994,interior,0.06999996,0.03000004,0.019999968,0.03605552828627843,153,153,0.00999997800000125,12.935922396588376,0.9967874445386229,0.00011721444025238897,0.018522644,-12319989.0,-22135.13171979,-17.430025,-3.458086999999999,31.365441462519634,-9.070171300640974,119.99845,0.80005193,-1.1446715e-06,1.1996229e-06,0.0,0.0,-3.458097,1.1996229e-06,0.36419039999999997,128.806005303588,0.807695,112,0.0,-0.00754625477062026,0.010054628572279067,0.02277602570593747,0.01616634482684585
CaseM3m_SteppedCap,stepped_cap,8,0.001206,586,-1,1,0.010000032,6.1672862e-14,0.03000004,0.010000032,0.33333440000000003,0.30000039999999994,interior,0.06999996,0.03000004,0.019999968,0.03605552828627843,153,153,0.00999997800000125,12.935922396587413,0.9967874445385487,0.00011721448466548999,0.018522643,-12319987.0,-22135.13242355,-17.430025,-3.458088333333334,31.365443568309693,-9.070168412405994,119.99845,0.80005193,-1.1446753e-06,1.199627e-06,0.0,0.0,-3.4580982,1.199627e-06,0.36419039999999997,128.806005303588,0.807695,112,0.0,-0.007546254936390062,0.010054629808062111,0.022776028088648627,0.016166346540419894
CaseM3m_SteppedCap,stepped_cap,8,0.001206,499,-1,1,-4.9601199e-14,-0.010000037,0.040000018,0.010000037,0.33333456666666667,0.40000018,interior,0.05999998200000001,0.040000018,0.019999963,0.044721359102801124,153,153,0.009999975000000801,12.935907134064164,0.996786268473087,4.4037432987552414e-05,0.017633095,-11726191.0,-22873.0910185,-14.188873,-7.208190999999999,32.09833762837155,-4.453036500887887,120.0,0.80004835,0.0,0.0,0.0,0.0,-7.2082009,0.0,0.36419039999999997,128.806005303588,0.807695,112,0.0,-0.010011387770434154,0.00936643296250558,0.02351762864391362,0.016629565592629188
CaseM3m_SteppedCap,stepped_cap,8,0.001206,500,-1,1,8.9718224e-14,-0.010000041,0.049999993,0.010000041,0.3333347,0.49999993,interior,0.050000007000000006,0.049999993,0.019999958999999998,0.05385162634500215,153,153,0.009999961000000451,12.935917165260642,0.9967870414346429,7.057938821231772e-05,0.01413056,-9390614.0,-22419.97610895,-19.168419,-2.4999646666666657,32.50693731717961,-13.002958702021505,119.99711,0.80005395,-2.1440694e-06,2.2406825e-06,0.0,0.0,-2.4999747,2.2406825e-06,0.36419039999999997,128.806005303588,0.807695,112,0.0,-0.016382204249735233,0.010368002723338517,0.03116152422174039,0.022034543574614072
CaseM3m_SteppedCap,stepped_cap,8,0.001206,433,-1,1,-0.010000037,-1.7651008e-14,0.040000018,0.010000037,0.33333456666666667,0.40000018,interior,0.05999998200000001,0.040000018,0.019999963,0.044721359102801124,153,153,0.009999975000000801,12.935907134059573,0.9967862684727332,4.403738925092015e-05,0.017633099,-11726194.0,-22873.09363254,-14.188868,-7.208199666666668,32.098343119804994,-4.453031908680247,120.0,0.80004835,0.0,0.0,0.0,0.0,-7.20821,0.0,0.36419039999999997,128.806005303588,0.807695,112,0.0,-0.01001138793816863,0.009366431992873165,0.023517627230027035,0.01662956459244062
CaseM3m_SteppedCap,stepped_cap,8,0.001206,434,-1,1,-0.010000041,-2.6867038e-14,0.049999993,0.010000041,0.3333347,0.49999993,interior,0.050000007000000006,0.049999993,0.019999958999999998,0.05385162634500215,153,153,0.009999961000000451,12.935917165252192,0.9967870414339918,7.057942304634607e-05,0.014130559,-9390614.0,-22419.97761711,-19.168417,-2.499965333333332,32.506935336306924,-13.002954442157707,119.99711,0.80005395,-2.1440724e-06,2.2406855e-06,0.0,0.0,-2.4999754,2.2406855e-06,0.36419039999999997,128.806005303588,0.807695,112,0.0,-0.01638220440392246,0.0103680032848105,0.031161525141896428,0.02203454422547074
CaseM3m_SteppedCap,stepped_cap,8,0.001206,521,-1,1,-1.8853629e-14,0.010000037,0.040000018,0.010000037,0.33333456666666667,0.40000018,interior,0.05999998200000001,0.040000018,0.019999963,0.044721359102801124,153,153,0.009999975000000801,12.935907134052913,0.99678626847222,4.40374209985869e-05,0.017633101,-11726195.0,-22873.09534175,-14.188868,-7.208196333333333,32.09833813892957,-4.453033276923262,120.0,0.80004835,0.0,0.0,0.0,0.0,-7.2082067,0.0,0.36419039999999997,128.806005303588,0.807695,112,0.0,-0.010011387603438735,0.009366432137175695,0.023517627223691634,0.01662956458792712
CaseM3m_SteppedCap,stepped_cap,8,0.001206,522,-1,1,-2.0867093e-15,0.010000041,0.049999993,0.010000041,0.3333347,0.49999993,interior,0.050000007000000006,0.049999993,0.019999958999999998,0.05385162634500215,153,153,0.009999961000000451,12.935917165242769,0.9967870414332657,7.057943627242597e-05,0.014130552,-9390609.0,-22419.97550577,-19.168417,-2.4999643333333323,32.50693385514548,-13.002959050940659,119.99711,0.80005395,-2.1440703e-06,2.2406834e-06,0.0,0.0,-2.4999745,2.2406834e-06,0.36419039999999997,128.806005303588,0.807695,112,0.0,-0.016382204020917734,0.010368003382853368,0.03116152494393579,0.022034544085028
CaseM3m_SteppedCap,stepped_cap,8,0.001206,587,-1,1,0.010000037,-2.846214e-14,0.040000018,0.010000037,0.33333456666666667,0.40000018,interior,0.05999998200000001,0.040000018,0.019999963,0.044721359102801124,153,153,0.009999975000000801,12.935907134057514,0.9967862684725746,4.4037481925042284e-05,0.017633101,-11726195.0,-22873.09483901,-14.188866,-7.208199,32.09833914314252,-4.453031768843024,120.0,0.80004835,0.0,0.0,0.0,0.0,-7.208209,0.0,0.36419039999999997,128.806005303588,0.807695,112,0.0,-0.01001138750959636,0.009366433114005316,0.0235176286934585,0.016629565626835166
CaseM3m_SteppedCap,stepped_cap,8,0.001206,588,-1,1,0.010000041,-3.9514859e-14,0.049999993,0.010000041,0.3333347,0.49999993,interior,0.050000007000000006,0.049999993,0.019999958999999998,0.05385162634500215,153,153,0.009999961000000451,12.935917165251212,0.9967870414339163,7.057936444088044e-05,0.014130556,-9390612.0,-22419.9771144,-19.168417,-2.499965333333332,32.50693534995404,-13.00295444761663,119.99711,0.80005395,-2.1440717e-06,2.2406848e-06,0.0,0.0,-2.4999754,2.2406848e-06,0.36419039999999997,128.806005303588,0.807695,112,0.0,-0.01638220406106442,0.010368002132352606,0.031161523343630745,0.022034542953360634
CaseM3m_SteppedCap,stepped_cap,9,0.001307,498,-1,1,-1.0776671e-13,-0.010000031,0.030000053,0.010000031,0.33333436666666666,0.30000053,interior,0.069999947,0.030000053,0.019999969,0.036055539657641654,153,153,0.00999996800000245,12.935906876457349,0.9967867362406191,0.0001284468811312394,0.011458783,-7606568.5,-22899.87855928,-17.164248,-5.378152666666665,33.84204445023613,-6.292503494738306,119.99845,0.80005193,-1.1446766e-06,1.1996284e-06,0.0,0.0,-5.3781629,1.1996284e-06,0.36419039999999997,128.806005303588,0.807695,112,0.0,-0.008540397015406782,0.006882221934320965,0.018345806887506026,0.013083821744262985
CaseM3m_SteppedCap,stepped_cap,9,0.001307,432,-1,1,-0.010000031,-2.292174e-14,0.030000053,0.010000031,0.33333436666666666,0.30000053,interior,0.069999947,0.030000053,0.019999969,0.036055539657641654,153,153,0.00999996800000245,12.935906876458931,0.996786736240741,0.00012844689768167793,0.011458783,-7606568.5,-22899.87483925,-17.164246,-5.378153,33.842041856064824,-6.292502622380736,119.99845,0.80005193,-1.1446774e-06,1.1996292e-06,0.0,0.0,-5.3781629,1.1996292e-06,0.36419039999999997,128.806005303588,0.807695,112,0.0,-0.00854039690456847,0.006882222046041414,0.0183458070057694,0.013083821837543894
CaseM3m_SteppedCap,stepped_cap,9,0.001307,520,-1,1,-4.230938e-15,0.010000031,0.030000053,0.010000031,0.33333436666666666,0.30000053,interior,0.069999947,0.030000053,0.019999969,0.036055539657641654,153,153,0.00999996800000245,12.935906876452528,0.9967867362402476,0.00012844682501488702,0.011458781,-7606566.5,-22899.87785549,-17.164244,-5.378152666666666,33.84203853330106,-6.292502394558477,119.99845,0.80005193,-1.1446715e-06,1.1996229e-06,0.0,0.0,-5.3781629,1.1996229e-06,0.36419039999999997,128.806005303588,0.807695,112,0.0,-0.008540397108256211,0.006882220987989961,0.01834580547144163,0.013083820675439523
CaseM3m_SteppedCap,stepped_cap,9,0.001307,586,-1,1,0.010000031,6.9826699e-14,0.030000053,0.010000031,0.33333436666666666,0.30000053,interior,0.069999947,0.030000053,0.019999969,0.036055539657641654,153,153,0.00999996800000245,12.935906876451112,0.9967867362401385,0.00012844681991946319,0.011458778,-7606565.0,-22899.87840845,-17.164244,-5.3781539999999985,33.842040601132176,-6.292501219030207,119.99845,0.80005193,-1.1446753e-06,1.199627e-06,0.0,0.0,-5.3781643,1.199627e-06,0.36419039999999997,128.806005303588,0.807695,112,0.0,-0.008540397227964406,0.006882222094634984,0.018345807417765224,0.013083822052013782
CaseM3m_SteppedCap,stepped_cap,9,0.001307,499,-1,1,-5.3765406e-14,-0.010000038,0.040000021,0.010000038,0.3333346,0.40000020999999997,interior,0.05999997900000001,0.040000021,0.019999962,0.04472136133887121,153,153,0.009999965000001807,12.935894105902763,0.9967857521952369,3.334849850567258e-05,0.0094612101,-6272616.0,-23503.72493812,-14.572557,-8.793538,35.05501905835297,-3.986452217338797,120.0,0.80004835,0.0,0.0,0.0,0.0,-8.7935476,0.0,0.36419039999999997,128.806005303588,0.807695,112,0.0,-0.011904205626219884,0.006094593274428468,0.020844312947683026,0.01473923373027872
CaseM3m_SteppedCap,stepped_cap,9,0.001307,500,-1,1,9.9453228e-14,-0.010000044,0.049999986,0.010000044,0.3333348,0.49999986,interior,0.050000014,0.049999986,0.019999956,0.05385161873149342,153,153,0.009999942000001249,12.935909130900992,0.996786909958592,0.00010148460601026639,0.0052177999,-3442458.5,-22766.07271314,-20.996887,-3.374274666666667,36.56914613741577,-10.83763171346724,119.99711,0.80005395,-2.1440694e-06,2.2406825e-06,0.0,0.0,-3.374285,2.2406825e-06,0.36419039999999997,128.806005303588,0.807695,112,0.0,-0.019269650885083398,0.007439844761341283,0.031157610338006438,0.022033123271411124
CaseM3m_SteppedCap,stepped_cap,9,0.001307,433,-1,1,-0.010000038,-1.6942604e-14,0.040000021,0.010000038,0.3333346,0.40000020999999997,interior,0.05999997900000001,0.040000021,0.019999962,0.04472136133887121,153,153,0.009999965000001807,12.935894105898344,0.9967857521948964,3.3348531078520373e-05,0.0094612101,-6272616.0,-23503.72755216,-14.572552,-8.793546333333332,35.055024001263014,-3.986449001625361,120.0,0.80004835,0.0,0.0,0.0,0.0,-8.7935562,0.0,0.36419039999999997,128.806005303588,0.807695,112,0.0,-0.011904205816860712,0.006094592298879903,0.02084431202272994,0.014739233074721329
CaseM3m_SteppedCap,stepped_cap,9,0.001307,434,-1,1,-0.010000044,-2.5004557e-14,0.049999986,0.010000044,0.3333348,0.49999986,interior,0.050000014,0.049999986,0.019999956,0.05385161873149342,153,153,0.009999942000001249,12.935909130892515,0.9967869099579388,0.0001014846186089288,0.005217799,-3442458.0,-22766.07417103,-20.996887,-3.3742739999999998,36.56914516959426,-10.837633567870974,119.99711,0.80005395,-2.1440724e-06,2.2406855e-06,0.0,0.0,-3.374284,2.2406855e-06,0.36419039999999997,128.806005303588,0.807695,112,0.0,-0.019269650919566516,0.0074398453329314026,0.031157610947762128,0.022033123702416575
CaseM3m_SteppedCap,stepped_cap,9,0.001307,521,-1,1,-1.9874612e-14,0.010000038,0.040000021,0.010000038,0.3333346,0.40000020999999997,interior,0.05999997900000001,0.040000021,0.019999962,0.04472136133887121,153,153,0.009999965000001807,12.935894105892245,0.9967857521944264,3.334851713635574e-05,0.0094612138,-6272618.5,-23503.72951271,-14.572553,-8.793542,35.05501907035714,-3.986450405349419,120.0,0.80004835,0.0,0.0,0.0,0.0,-8.7935514,0.0,0.36419039999999997,128.806005303588,0.807695,112,0.0,-0.01190420543139134,0.006094592453780613,0.020844311807983577,0.014739232923916643
CaseM3m_SteppedCap,stepped_cap,9,0.001307,522,-1,1,-8.6008514e-16,0.010000044,0.049999986,0.010000044,0.3333348,0.49999986,interior,0.050000014,0.049999986,0.019999956,0.05385161873149342,153,153,0.009999942000001249,12.935909130883566,0.9967869099572493,0.00010148464504405417,0.005217799,-3442458.0,-22766.07205969,-20.996885,-3.3742743333333336,36.56914268728759,-10.837631761600766,119.99711,0.80005395,-2.1440703e-06,2.2406834e-06,0.0,0.0,-3.374284,2.2406834e-06,0.36419039999999997,128.806005303588,0.807695,112,0.0,-0.01926965051045641,0.007439845340246777,0.031157610492610566,0.02203312338295999
CaseM3m_SteppedCap,stepped_cap,9,0.001307,587,-1,1,0.010000038,-2.8429668e-14,0.040000021,0.010000038,0.3333346,0.40000020999999997,interior,0.05999997900000001,0.040000021,0.019999962,0.04472136133887121,153,153,0.009999965000001807,12.935894105896667,0.9967857521947672,3.334852922093563e-05,0.009461212,-6272617.5,-23503.72890944,-14.572551,-8.793545333333332,35.05502104372466,-3.986449118632848,120.0,0.80004835,0.0,0.0,0.0,0.0,-8.7935553,0.0,0.36419039999999997,128.806005303588,0.807695,112,0.0,-0.011904205367105488,0.006094593297391926,0.02084431276243011,0.014739233597899607
CaseM3m_SteppedCap,stepped_cap,9,0.001307,588,-1,1,0.010000044,-4.0638235e-14,0.049999986,0.010000044,0.3333348,0.49999986,interior,0.050000014,0.049999986,0.019999956,0.05385161873149342,153,153,0.009999942000001249,12.935909130892046,0.9967869099579028,0.00010148462337427247,0.0052177971,-3442456.8,-22766.07354265,-20.996887,-3.3742736666666673,36.569144640425755,-10.837634481660523,119.99711,0.80005395,-2.1440717e-06,2.2406848e-06,0.0,0.0,-3.3742836,2.2406848e-06,0.36419039999999997,128.806005303588,0.807695,112,0.0,-0.019269650495677398,0.007439844174618866,0.031157609365669622,0.022033122587275543
CaseM3m_SteppedCap,stepped_cap,10,0.001408,498,-1,1,-1.1541413e-13,-0.010000029,0.030000065,0.010000029,0.33333430000000003,0.30000065,interior,0.06999993500000001,0.030000065,0.019999971,0.036055550751653564,153,153,0.009999960000002452,12.935900720879326,0.9967859149257339,0.00013864458340932716,0.0040773009,-2681945.0,-20640.79851343,-17.866621,-6.061354000000002,35.91658457129509,-5.9255051876684774,119.99845,0.80005193,-1.1446766e-06,1.1996284e-06,0.0,0.0,-6.0613637,1.1996284e-06,0.36419039999999997,128.806005303588,0.807695,112,0.0,-0.009496621241410066,0.0037084963911292227,0.015404344863962619,0.01107262901283643
CaseM3m_SteppedCap,stepped_cap,10,0.001408,432,-1,1,-0.010000029,-2.281919e-14,0.030000065,0.010000029,0.33333430000000003,0.30000065,interior,0.06999993500000001,0.030000065,0.019999971,0.036055550751653564,153,153,0.009999960000002452,12.935900720881472,0.9967859149258992,0.00013864458431874408,0.0040772976,-2681942.8,-20640.79854933,-17.866619,-6.061353333333334,35.91658049031141,-5.925505166114401,119.99845,0.80005193,-1.1446774e-06,1.1996292e-06,0.0,0.0,-6.0613632,1.1996292e-06,0.36419039999999997,128.806005303588,0.807695,112,0.0,-0.009496621227122637,0.0037084964857185152,0.015404345025604744,0.011072629118579959
CaseM3m_SteppedCap,stepped_cap,10,0.001408,520,-1,1,-3.6046156e-15,0.010000029,0.030000065,0.010000029,0.33333430000000003,0.30000065,interior,0.06999993500000001,0.030000065,0.019999971,0.036055550751653564,153,153,0.009999960000002452,12.93590072087553,0.9967859149254413,0.00013864453716588086,0.0040772972,-2681942.5,-20640.79932276,-17.866617,-6.061353333333333,35.916577685061114,-5.925504703305166,119.99845,0.80005193,-1.1446715e-06,1.1996229e-06,0.0,0.0,-6.0613632,1.1996229e-06,0.36419039999999997,128.806005303588,0.807695,112,0.0,-0.0094966213992859,0.003708495510524724,0.015404344107019102,0.011072628394722476
CaseM3m_SteppedCap,stepped_cap,10,0.001408,586,-1,1,0.010000029,7.7154469e-14,0.030000065,0.010000029,0.33333430000000003,0.30000065,interior,0.06999993500000001,0.030000065,0.019999971,0.036055550751653564,153,153,0.009999960000002452,12.935900720873512,0.9967859149252858,0.0001386445274936844,0.0040772962,-2681941.8,-20640.79910468,-17.866617,-6.061354666666666,35.91657972186479,-5.9255037358862355,119.99845,0.80005193,-1.1446753e-06,1.199627e-06,0.0,0.0,-6.0613642,1.199627e-06,0.36419039999999997,128.806005303588,0.807695,112,0.0,-0.009496621445841668,0.0037084964496678493,0.015404345304095636,0.011072629300078738
CaseM3m_SteppedCap,stepped_cap,10,0.001408,499,-1,1,-5.7565043e-14,-0.010000036,0.040000025,0.010000036,0.33333453333333335,0.40000025,interior,0.059999975000000004,0.040000025,0.019999964,0.04472136581100717,153,153,0.009999946000003196,12.935893478259123,0.9967853568399877,3.612934658871978e-05,0.0008142211,-502943.47,-20729.32917233,-16.284565,-8.929970333333335,37.83386055357135,-4.236728582663601,120.0,0.80004835,0.0,0.0,0.0,0.0,-8.9299803,0.0,0.36419039999999997,128.806005303588,0.807695,112,0.0,-0.013746310896996818,0.002878471509296491,0.02036698705259569,0.014401773222510853
CaseM3m_SteppedCap,stepped_cap,10,0.001408,500,-1,1,1.0846394e-13,-0.010000044,0.049999971,0.010000044,0.3333348,0.49999970999999993,interior,0.05000002900000001,0.049999971,0.019999956,0.05385160480433965,153,153,0.009999920000005002,12.93591543883245,0.996787049029086,0.00014706152869259137,-0.003884383,2631175.3,-19542.9199743,-24.389132,-2.723401333333334,40.695951666824364,-14.943060785321036,119.99711,0.80005395,-2.1440694e-06,2.2406825e-06,0.0,0.0,-2.7234113,2.2406825e-06,0.36419039999999997,128.806005303588,0.807695,112,0.0,-0.0219261458885425,0.004618882216156967,0.03250506609860231,0.02299118844349971
CaseM3m_SteppedCap,stepped_cap,10,0.001408,433,-1,1,-0.010000036,-1.613139e-14,0.040000025,0.010000036,0.33333453333333335,0.40000025,interior,0.059999975000000004,0.040000025,0.019999964,0.04472136581100717,153,153,0.009999946000003196,12.935893478254997,0.9967853568396697,3.612941060065756e-05,0.00081422087,-502943.31,-20729.32954011,-16.284559,-8.929979333333334,37.833864942327345,-4.236724804177674,120.0,0.80004835,0.0,0.0,0.0,0.0,-8.9299889,0.0,0.36419039999999997,128.806005303588,0.807695,112,0.0,-0.013746310957342108,0.0028784706422137173,0.020366986602311562,0.014401772903545652
CaseM3m_SteppedCap,stepped_cap,10,0.001408,434,-1,1,-0.010000044,-2.2405067e-14,0.049999971,0.010000044,0.3333348,0.49999970999999993,interior,0.05000002900000001,0.049999971,0.019999956,0.05385160480433965,153,153,0.009999920000005002,12.935915438824056,0.9967870490284392,0.00014706151638867374,-0.0038843835,2631175.5,-19542.92050523,-24.389133,-2.723399333333333,40.695950166486774,-14.943071208244932,119.99711,0.80005395,-2.1440724e-06,2.2406855e-06,0.0,0.0,-2.7234092,2.2406855e-06,0.36419039999999997,128.806005303588,0.807695,112,0.0,-0.021926145994452553,0.004618882706356433,0.032505066575999296,0.022991188777610923
CaseM3m_SteppedCap,stepped_cap,10,0.001408,521,-1,1,-2.0803061e-14,0.010000036,0.040000025,0.010000036,0.33333453333333335,0.40000025,interior,0.059999975000000004,0.040000025,0.019999964,0.04472136581100717,153,153,0.009999946000003196,12.935893478249545,0.9967853568392496,3.612934823931792e-05,0.00081421831,-502941.56,-20729.33000858,-16.284561,-8.929974333333332,37.83386056904894,-4.236726686640601,120.0,0.80004835,0.0,0.0,0.0,0.0,-8.9299841,0.0,0.36419039999999997,128.806005303588,0.807695,112,0.0,-0.013746310753647004,0.002878470611258413,0.02036698637011368,0.014401772741208104
CaseM3m_SteppedCap,stepped_cap,10,0.001408,522,-1,1,1.4104928e-16,0.010000044,0.049999971,0.010000044,0.3333348,0.49999970999999993,interior,0.05000002900000001,0.049999971,0.019999956,0.05385160480433965,153,153,0.009999920000005002,12.935915438815691,0.9967870490277946,0.0001470615252385915,-0.0038843851,2631176.5,-19542.92085303,-24.389132,-2.723399000000002,40.69594823964436,-14.94307232970429,119.99711,0.80005395,-2.1440703e-06,2.2406834e-06,0.0,0.0,-2.7234092,2.2406834e-06,0.36419039999999997,128.806005303588,0.807695,112,0.0,-0.021926145913421083,0.004618882562879168,0.03250506642433023,0.022991188677257836
CaseM3m_SteppedCap,stepped_cap,10,0.001408,587,-1,1,0.010000036,-2.7946978e-14,0.040000025,0.010000036,0.33333453333333335,0.40000025,interior,0.059999975000000004,0.040000025,0.019999964,0.04472136581100717,153,153,0.009999946000003196,12.935893478253675,0.9967853568395679,3.612930474539906e-05,0.00081421796,-502941.31,-20729.32964669,-16.284561,-8.929977,37.83386451838432,-4.236725863726672,120.0,0.80004835,0.0,0.0,0.0,0.0,-8.929987,0.0,0.36419039999999997,128.806005303588,0.807695,112,0.0,-0.01374631064798113,0.00287847136486131,0.020366986709475978,0.014401772978934805
CaseM3m_SteppedCap,stepped_cap,10,0.001408,588,-1,1,0.010000044,-4.1784477e-14,0.049999971,0.010000044,0.3333348,0.49999970999999993,interior,0.05000002900000001,0.049999971,0.019999956,0.05385160480433965,153,153,0.009999920000005002,12.93591543882407,0.9967870490284403,0.0001470615289739334,-0.0038843849,2631176.5,-19542.92052196,-24.389133,-2.723398666666668,40.695949129372174,-14.943074485375437,119.99711,0.80005395,-2.1440717e-06,2.2406848e-06,0.0,0.0,-2.7234085,2.2406848e-06,0.36419039999999997,128.806005303588,0.807695,112,0.0,-0.021926145793470228,0.0046188816000268034,0.032505065736551576,0.022991188188106703
CaseM3m_SteppedCap,stepped_cap,11,0.001508,484,-1,1,-6.387939e-14,-0.02000015,2.072603e-07,0.02000015,0.6666716666666668,2.0726029999999997e-06,edge_ring,0.0999997927397,2.072603e-07,0.009999849999999998,0.009999850002147872,142,72,0.009999967741179205,12.703285502880757,0.9788604264597882,0.0002913909531465833,0.012727578,-8489487.0,-16019.0373045,-2.9429982,-0.3715868666666668,24.862706799595358,-66.90954129414517,119.99836,0.80005258,-1.2139374e-06,1.2653901e-06,0.0,0.0,-0.37159687,1.2653901e-06,0.36419039999999997,128.806005303588,0.807695,112,0.0,-0.006422467051415166,0.006154882503595064,0.01700409017988775,0.012131300240786898
CaseM3m_SteppedCap,stepped_cap,11,0.001508,498,-1,1,-1.2219715e-13,-0.010000022,0.030000078,0.010000022,0.3333340666666667,0.30000077999999997,interior,0.069999922,0.030000078,0.019999977999999998,0.0360555654512111,153,153,0.009999947000004053,12.93590585482333,0.996785148127588,0.00014699451250526924,-0.003396004,2291003.8,-20410.46845576,-19.543509,-5.492315333333333,37.57544519517756,-6.841458094572421,119.99845,0.80005193,-1.1446766e-06,1.1996284e-06,0.0,0.0,-5.4923253,1.1996284e-06,0.36419039999999997,128.806005303588,0.807695,112,0.0,-0.010411833170908654,0.0006255911327121334,0.014857409331417954,0.010743747014351535
CaseM3m_SteppedCap,stepped_cap,11,0.001508,363,-1,1,-0.02000015,-9.7859946e-14,2.0726037e-07,0.02000015,0.6666716666666668,2.0726037e-06,edge_ring,0.09999979273963,2.0726037e-07,0.009999849999999998,0.009999850002147872,142,72,0.009999967741109205,12.7032855028771,0.9788604264595064,0.00029139103533278173,0.012727571,-8489482.0,-16019.03787171,-2.9430027,-0.37158539999999984,24.862714495994688,-66.9098261018724,119.99836,0.80005258,-1.2139378e-06,1.2653906e-06,0.0,0.0,-0.37159538,1.2653906e-06,0.36419039999999997,128.806005303588,0.807695,112,0.0,-0.006422471014778705,0.006154881995150502,0.01700409161760244,0.01213130134858244
CaseM3m_SteppedCap,stepped_cap,11,0.001508,432,-1,1,-0.010000022,-2.2056999e-14,0.030000078,0.010000022,0.3333340666666667,0.30000077999999997,interior,0.069999922,0.030000078,0.019999977999999998,0.0360555654512111,153,153,0.009999947000004053,12.935905854826064,0.9967851481277986,0.00014699449408779887,-0.0033960056,2291005.0,-20410.46836598,-19.543507,-5.4923146666666645,37.575441127151315,-6.84145818432435,119.99845,0.80005193,-1.1446774e-06,1.1996292e-06,0.0,0.0,-5.4923248,1.1996292e-06,0.36419039999999997,128.806005303588,0.807695,112,0.0,-0.010411833163024903,0.0006255913551962229,0.014857409473928726,0.01074374709698683
CaseM3m_SteppedCap,stepped_cap,11,0.001508,520,-1,1,-3.0615476e-15,0.010000022,0.030000078,0.010000022,0.3333340666666667,0.30000077999999997,interior,0.069999922,0.030000078,0.019999977999999998,0.0360555654512111,153,153,0.009999947000004053,12.935905854820648,0.9967851481273813,0.00014699443046525075,-0.0033960082,2291006.8,-20410.46896348,-19.543505,-5.492314000000001,37.575437354537996,-6.841458327862899,119.99845,0.80005193,-1.1446715e-06,1.1996229e-06,0.0,0.0,-5.4923239,1.1996229e-06,0.36419039999999997,128.806005303588,0.807695,112,0.0,-0.010411833447825506,0.0006255903166786313,0.01485740948045365,0.010743746890735584
CaseM3m_SteppedCap,stepped_cap,11,0.001508,528,-1,1,2.2087055e-14,0.02000015,2.0726014e-07,0.02000015,0.6666716666666668,2.0726014e-06,edge_ring,0.09999979273986001,2.0726014e-07,0.009999849999999998,0.009999850002147868,142,72,0.009999967741339206,12.703285502885263,0.9788604264601355,0.0002913908661773282,0.012727578,-8489487.0,-16019.03892305,-2.943002,-0.3715856333333332,24.862709264821007,-66.90977000856692,119.99836,0.80005258,-1.2139363e-06,1.2653891e-06,0.0,0.0,-0.37159562,1.2653891e-06,0.36419039999999997,128.806005303588,0.807695,112,0.0,-0.006422463835514043,0.006154881267807013,0.01700408695016318,0.012131297755912518
CaseM3m_SteppedCap,stepped_cap,11,0.001508,586,-1,1,0.010000022,8.3544235e-14,0.030000078,0.010000022,0.3333340666666667,0.30000077999999997,interior,0.069999922,0.030000078,0.019999977999999998,0.0360555654512111,153,153,0.009999947000004053,12.935905854818081,0.9967851481271836,0.00014699438715934008,-0.0033960077,2291006.3,-20410.46879566,-19.543505,-5.492315333333334,37.57543936919711,-6.841457033821154,119.99845,0.80005193,-1.1446753e-06,1.199627e-06,0.0,0.0,-5.4923253,1.199627e-06,0.36419039999999997,128.806005303588,0.807695,112,0.0,-0.010411833456621802,0.0006255912419724827,0.014857409920964992,0.01074374721859282
CaseM3m_SteppedCap,stepped_cap,11,0.001508,649,-1,1,0.02000015,3.5521014e-14,2.072602e-07,0.02000015,0.6666716666666668,2.072602e-06,edge_ring,0.0999997927398,2.072602e-07,0.009999849999999998,0.00999985000214787,142,72,0.009999967741279205,12.703285502884622,0.9788604264600861,0.0002913909040047091,0.012727577,-8489487.0,-16019.03847578,-2.9430025,-0.37158543333333344,24.8627093493705,-66.90980624923266,119.99836,0.80005258,-1.2139359e-06,1.2653885e-06,0.0,0.0,-0.37159544,1.2653885e-06,0.36419039999999997,128.806005303588,0.807695,112,0.0,-0.006422464542512392,0.0061548818864903074,0.017004087459194173,0.012131298375940429
CaseM3m_SteppedCap,stepped_cap,11,0.001508,499,-1,1,-6.1089575e-14,-0.010000031,0.040000025,0.010000031,0.33333436666666666,0.40000025,interior,0.059999975000000004,0.040000025,0.019999969,0.04472136804707103,153,153,0.009999931000007197,12.935904268969855,0.9967850259285547,5.786235683721249e-05,-0.0079573216,5336418.0,-20192.82308163,-19.345053,-7.596631333333332,40.433152793690205,-5.322510862975959,120.0,0.80004835,0.0,0.0,0.0,0.0,-7.5966415,0.0,0.36419039999999997,128.806005303588,0.807695,112,0.0,-0.015471309703043749,-0.00018035717078215482,0.022004718125591818,0.015560120075441525
CaseM3m_SteppedCap,stepped_cap,11,0.001508,500,-1,1,1.1654845e-13,-0.010000043,0.049999956,0.010000043,0.33333476666666667,0.49999955999999995,interior,0.05000004400000001,0.049999956,0.019999957,0.05385159124857671,153,153,0.009999890000009804,12.935933002158016,0.996787239984187,0.00020316320179577168,-0.012789167,8559156.0,-18682.4102981,-29.293554,-0.5804319999999995,44.86023505023219,-77.28766685887793,119.99711,0.80005395,-2.1440694e-06,2.2406825e-06,0.0,0.0,-0.58044195,2.2406825e-06,0.36419039999999997,128.806005303588,0.807695,112,0.0,-0.024261038664873343,0.0020013885339434994,0.03473097927757701,0.02457645127292351
CaseM3m_SteppedCap,stepped_cap,11,0.001508,433,-1,1,-0.010000031,-1.4661385e-14,0.040000025,0.010000031,0.33333436666666666,0.40000025,interior,0.059999975000000004,0.040000025,0.019999969,0.04472136804707103,153,153,0.009999931000007197,12.935904268966118,0.9967850259282667,5.786242589784843e-05,-0.0079573207,5336417.0,-20192.82354995,-19.345047,-7.596640333333333,40.433157184658704,-5.322505135229566,120.0,0.80004835,0.0,0.0,0.0,0.0,-7.5966501,0.0,0.36419039999999997,128.806005303588,0.807695,112,0.0,-0.015471309834818174,-0.00018035802001525577,0.022004718309442797,0.015560120204569811
CaseM3m_SteppedCap,stepped_cap,11,0.001508,434,-1,1,-0.010000043,-1.9268573e-14,0.049999956,0.010000043,0.33333476666666667,0.49999955999999995,interior,0.05000004400000001,0.049999956,0.019999957,0.05385159124857671,153,153,0.009999890000009804,12.935933002149868,0.9967872399835591,0.00020316318189702098,-0.012789172,8559159.0,-18682.41052741,-29.293556,-0.580430000000001,44.860235030506885,-77.2879331366518,119.99711,0.80005395,-2.1440724e-06,2.2406855e-06,0.0,0.0,-0.58043969,2.2406855e-06,0.36419039999999997,128.806005303588,0.807695,112,0.0,-0.024261038771522206,0.0020013890457764552,0.03473097959008966,0.02457645148671568
CaseM3m_SteppedCap,stepped_cap,11,0.001508,521,-1,1,-2.1576552e-14,0.010000031,0.040000025,0.010000031,0.33333436666666666,0.40000025,interior,0.059999975000000004,0.040000025,0.019999969,0.04472136804707103,153,153,0.009999931000007197,12.935904268961368,0.9967850259279006,5.7862365309113115e-05,-0.0079573216,5336418.0,-20192.82391788,-19.345049,-7.596634999999998,40.433152334239296,-5.3225082334796,120.0,0.80004835,0.0,0.0,0.0,0.0,-7.5966454,0.0,0.36419039999999997,128.806005303588,0.807695,112,0.0,-0.015471309724228204,-0.00018035814262702468,0.022004718133260767,0.015560120087198344
CaseM3m_SteppedCap,stepped_cap,11,0.001508,522,-1,1,1.0859918e-15,0.010000043,0.049999956,0.010000043,0.33333476666666667,0.49999955999999995,interior,0.05000004400000001,0.049999956,0.019999957,0.05385159124857671,153,153,0.009999890000009804,12.93593300214215,0.9967872399829644,0.000203163217696217,-0.012789172,8559159.0,-18682.41087522,-29.293554,-0.5804299999999998,44.86023212399098,-77.28792812913012,119.99711,0.80005395,-2.1440703e-06,2.2406834e-06,0.0,0.0,-0.58043969,2.2406834e-06,0.36419039999999997,128.806005303588,0.807695,112,0.0,-0.024261038938452207,0.002001388700376378,0.03473097967698357,0.024576451579421447
CaseM3m_SteppedCap,stepped_cap,11,0.001508,587,-1,1,0.010000031,-2.7592181e-14,0.040000025,0.010000031,0.33333436666666666,0.40000025,interior,0.059999975000000004,0.040000025,0.019999969,0.04472136804707103,153,153,0.009999931000007197,12.935904268965103,0.9967850259281885,5.786231124478653e-05,-0.0079573216,5336418.0,-20192.82355599,-19.345049,-7.596637666666667,40.433156263791425,-5.3225068823814405,120.0,0.80004835,0.0,0.0,0.0,0.0,-7.5966477,0.0,0.36419039999999997,128.806005303588,0.807695,112,0.0,-0.015471309751568432,-0.00018035750390785999,0.02200471818122904,0.015560120119048126
CaseM3m_SteppedCap,stepped_cap,11,0.001508,588,-1,1,0.010000043,-4.2514759e-14,0.049999956,0.010000043,0.33333476666666667,0.49999955999999995,interior,0.05000004400000001,0.049999956,0.019999957,0.05385159124857671,153,153,0.009999890000009804,12.935933002150293,0.9967872399835919,0.00020316323022940064,-0.012789169,8559157.0,-18682.41074522,-29.293556,-0.5804290000000011,44.86023351972132,-77.28806369034152,119.99711,0.80005395,-2.1440717e-06,2.2406848e-06,0.0,0.0,-0.58043909,2.2406848e-06,0.36419039999999997,128.806005303588,0.807695,112,0.0,-0.02426103863704744,0.0020013880039813714,0.034730979130706045,0.02457645119119585
CaseM3m_SteppedCap,stepped_cap,12,0.001609,418,-1,1,-0.010000056,-0.010000056,1.990136e-07,0.014142214819690444,0.47140716065634813,1.990136e-06,bottom_cap_zone,0.0999998009864,1.990136e-07,0.015857785180309555,0.015857785181558354,157,86,0.0099999779866209,12.879157762258318,0.9924105552456839,0.0002921269837848294,0.0079563996,-5307877.0,-16906.72182131,-3.4801097,-0.6000168333333334,21.208556238374822,-35.34660206206684,119.9984,0.80005336,-1.1866935e-06,1.2234965e-06,0.0,0.0,-0.60002685,1.2234965e-06,0.36419039999999997,128.806005303588,0.807695,112,0.0,-0.007731474764464464,0.005217730990013981,0.01589142330858737,0.011294785693000698
CaseM3m_SteppedCap,stepped_cap,12,0.001609,484,-1,1,-6.8988184e-14,-0.020000158,2.3480035e-07,0.020000158,0.6666719333333334,2.3480034999999998e-06,edge_ring,0.09999976519965001,2.3480035e-07,0.009999841999999998,0.0099998420027566,142,72,0.009999953201146458,12.703257438334953,0.9788564594457057,0.00027496548310340587,0.010309185,-6875704.5,-16710.29508187,0.44396359,-3.744967163333333,25.48767301305403,-6.805846860982321,119.99836,0.80005258,-1.2139374e-06,1.2653901e-06,0.0,0.0,-3.7449772,1.2653901e-06,0.36419039999999997,128.806005303588,0.807695,112,0.0,-0.006887856392772597,0.0042040978670671945,0.014949897052991906,0.010873361212584006
CaseM3m_SteppedCap,stepped_cap,12,0.001609,498,-1,1,-1.2789612e-13,-0.010000014,0.030000091,0.010000014,0.3333338,0.30000090999999995,interior,0.069999909,0.030000091,0.019999985999999997,0.036055580705467445,153,153,0.009999930000006048,12.935921330913942,0.996784503117674,0.0001513639600686962,-0.010723516,7177753.0,-19688.84384474,-22.176615,-3.6954770000000003,38.8277916294666,-10.506841641678895,119.99845,0.80005193,-1.1446766e-06,1.1996284e-06,0.0,0.0,-3.6954873,1.1996284e-06,0.36419039999999997,128.806005303588,0.807695,112,0.0,-0.011262751435701598,-0.0022226933893507595,0.0166137258717716,0.011998423303532587
CaseM3m_SteppedCap,stepped_cap,12,0.001609,572,-1,1,0.010000056,-0.010000056,1.9901377e-07,0.014142214819690444,0.47140716065634813,1.9901376999999998e-06,bottom_cap_zone,0.09999980098623,1.9901377e-07,0.015857785180309555,0.015857785181558358,157,86,0.0099999779864509,12.879157762251737,0.9924105552451767,0.0002921271501193464,0.0079563921,-5307872.0,-16906.72015906,-3.4801106,-0.6000163,21.20855531558063,-35.346631942466615,119.9984,0.80005336,-1.1866938e-06,1.2234967e-06,0.0,0.0,-0.60002625,1.2234967e-06,0.36419039999999997,128.806005303588,0.807695,112,0.0,-0.0077314824336848775,0.005217730117202828,0.0158914297619851,0.011294790421768565
CaseM3m_SteppedCap,stepped_cap,12,0.001609,363,-1,1,-0.020000158,-1.0410784e-13,2.3480042e-07,0.020000158,0.6666719333333334,2.3480041999999998e-06,edge_ring,0.09999976519958001,2.3480042e-07,0.009999841999999998,0.009999842002756602,142,72,0.009999953201076456,12.703257438331269,0.9788564594454218,0.0002749655664184857,0.01030918,-6875701.5,-16710.29534747,0.44395906,-3.744965653333333,25.48768069467184,-6.8058516563391365,119.99836,0.80005258,-1.2139378e-06,1.2653906e-06,0.0,0.0,-3.7449756,1.2653906e-06,0.36419039999999997,128.806005303588,0.807695,112,0.0,-0.006887860364946685,0.004204097285912976,0.01494989883363907,0.010873362585018503
CaseM3m_SteppedCap,stepped_cap,12,0.001609,432,-1,1,-0.010000014,-2.1110072e-14,0.030000091,0.010000014,0.3333338,0.30000090999999995,interior,0.069999909,0.030000091,0.019999985999999997,0.036055580705467445,153,153,0.009999930000006048,12.935921330917239,0.996784503117928,0.0001513639702510878,-0.010723518,7177754.0,-19688.84365443,-22.176613,-3.695476333333333,38.827787574318045,-10.506842439793205,119.99845,0.80005193,-1.1446774e-06,1.1996292e-06,0.0,0.0,-3.6954865,1.1996292e-06,0.36419039999999997,128.806005303588,0.807695,112,0.0,-0.011262751533630355,-0.0022226932380406835,0.016613726004344492,0.011998423491238112
CaseM3m_SteppedCap,stepped_cap,12,0.001609,440,-1,1,-0.010000056,0.010000056,1.990136e-07,0.014142214819690444,0.47140716065634813,1.990136e-06,bottom_cap_zone,0.0999998009864,1.990136e-07,0.015857785180309555,0.015857785181558354,157,86,0.0099999779866209,12.879157762246257,0.9924105552447545,0.00029212708871234665,0.0079563949,-5307874.0,-16906.72180978,-3.4801092,-0.6000166000000001,21.208554605021302,-35.3466130854068,119.9984,0.80005336,-1.186695e-06,1.223498e-06,0.0,0.0,-0.60002661,1.223498e-06,0.36419039999999997,128.806005303588,0.807695,112,0.0,-0.007731479766059453,0.005217730059989846,0.015891427146270926,0.011294788405033826
CaseM3m_SteppedCap,stepped_cap,12,0.001609,520,-1,1,-2.6040844e-15,0.010000014,0.030000091,0.010000014,0.3333338,0.30000090999999995,interior,0.069999909,0.030000091,0.019999985999999997,0.036055580705467445,153,153,0.009999930000006048,12.935921330912334,0.9967845031175501,0.0001513639084375364,-0.01072352,7177755.5,-19688.84410112,-22.176611,-3.695475666666667,38.82778381500307,-10.506843317960712,119.99845,0.80005193,-1.1446715e-06,1.1996229e-06,0.0,0.0,-3.6954858,1.1996229e-06,0.36419039999999997,128.806005303588,0.807695,112,0.0,-0.01126275171951829,-0.0022226941096206813,0.01661372655600104,0.011998423640485945
CaseM3m_SteppedCap,stepped_cap,12,0.001609,528,-1,1,2.2909426e-14,0.020000158,2.3480018e-07,0.020000158,0.6666719333333334,2.3480018e-06,edge_ring,0.09999976519982001,2.3480018e-07,0.009999841999999998,0.009999842002756599,142,72,0.009999953201316457,12.703257438339882,0.9788564594460855,0.0002749653858357812,0.010309187,-6875706.0,-16710.29685123,0.44396016,-3.7449661866666664,25.487675429739866,-6.805849281225695,119.99836,0.80005258,-1.2139363e-06,1.2653891e-06,0.0,0.0,-3.7449763,1.2653891e-06,0.36419039999999997,128.806005303588,0.807695,112,0.0,-0.006887852752976488,0.00420409666475279,0.014949893451594023,0.010873358211576695
CaseM3m_SteppedCap,stepped_cap,12,0.001609,586,-1,1,0.010000014,8.8913652e-14,0.030000091,0.010000014,0.3333338,0.30000090999999995,interior,0.069999909,0.030000091,0.019999985999999997,0.036055580705467445,153,153,0.009999930000006048,12.935921330909224,0.9967845031173104,0.00015136386877474163,-0.010723521,7177756.0,-19688.84388303,-22.176611,-3.695476999999999,38.827785801703875,-10.506840064680118,119.99845,0.80005193,-1.1446753e-06,1.199627e-06,0.0,0.0,-3.6954873,1.199627e-06,0.36419039999999997,128.806005303588,0.807695,112,0.0,-0.011262751781443146,-0.0022226934193818578,0.016613726466516633,0.011998423625102216
CaseM3m_SteppedCap,stepped_cap,12,0.001609,594,-1,1,0.010000056,0.010000056,1.9901353e-07,0.014142214819690444,0.47140716065634813,1.9901353e-06,bottom_cap_zone,0.09999980098647,1.9901353e-07,0.015857785180309555,0.015857785181558354,157,86,0.009999977986690903,12.879157762261844,0.9924105552459556,0.0002921270859221281,0.007956394,-5307873.5,-16906.72176917,-3.4801104,-0.6000166,21.208555708130753,-35.34661492387169,119.9984,0.80005336,-1.1866929e-06,1.2234958e-06,0.0,0.0,-0.60002661,1.2234958e-06,0.36419039999999997,128.806005303588,0.807695,112,0.0,-0.007731480110212071,0.00521772937524094,0.01589142688749564,0.01129478810976156
CaseM3m_SteppedCap,stepped_cap,12,0.001609,649,-1,1,0.020000158,3.791908e-14,2.3480024e-07,0.020000158,0.6666719333333334,2.3480024e-06,edge_ring,0.09999976519976,2.3480024e-07,0.009999841999999998,0.009999842002756599,142,72,0.009999953201256457,12.70325743833925,0.9788564594460367,0.0002749654276304878,0.010309182,-6875702.5,-16710.29605208,0.44396007,-3.7449661566666665,25.48767547366197,-6.80584934747398,119.99836,0.80005258,-1.2139359e-06,1.2653885e-06,0.0,0.0,-3.744976,1.2653885e-06,0.36419039999999997,128.806005303588,0.807695,112,0.0,-0.006887853817158058,0.004204097231137245,0.014949894361134626,0.010873359345982695
CaseM3m_SteppedCap,stepped_cap,12,0.001609,499,-1,1,-6.4297194e-14,-0.010000025,0.040000021,0.010000025,0.33333416666666665,0.40000020999999997,interior,0.05999997900000001,0.040000021,0.019999975,0.044721367152638185,153,153,0.009999909000008451,12.935927630419966,0.9967849885295609,8.92317134729778e-05,-0.016428512,10986334.0,-19088.29789118,-23.705662,-4.843861,42.85551420664437,-8.847387281890287,120.0,0.80004835,0.0,0.0,0.0,0.0,-4.8438711,0.0,0.36419039999999997,128.806005303588,0.807695,112,0.0,-0.016976506012030174,-0.002894705530297487,0.024841835534097106,0.0175674763007666
CaseM3m_SteppedCap,stepped_cap,12,0.001609,433,-1,1,-0.010000025,-1.2721669e-14,0.040000021,0.010000025,0.33333416666666665,0.40000020999999997,interior,0.05999997900000001,0.040000021,0.019999975,0.044721367152638185,153,153,0.009999909000008451,12.935927630416652,0.9967849885293055,8.923177548978143e-05,-0.016428515,10986336.0,-19088.29815843,-23.705656,-4.843870333333334,42.855519051989056,-8.847371234749344,120.0,0.80004835,0.0,0.0,0.0,0.0,-4.8438802,0.0,0.36419039999999997,128.806005303588,0.807695,112,0.0,-0.016976506174839565,-0.002894706375376235,0.024841836105308216,0.017567476703903396
CaseM3m_SteppedCap,stepped_cap,12,0.001609,521,-1,1,-2.2369215e-14,0.010000025,0.040000021,0.010000025,0.33333416666666665,0.40000020999999997,interior,0.05999997900000001,0.040000021,0.019999975,0.044721367152638185,153,153,0.009999909000008451,12.93592763041258,0.9967849885289918,8.923174175061121e-05,-0.016428517,10986337.0,-19088.29842582,-23.705658,-4.843864333333333,42.85551328119132,-8.847381002452654,120.0,0.80004835,0.0,0.0,0.0,0.0,-4.8438745,0.0,0.36419039999999997,128.806005303588,0.807695,112,0.0,-0.016976506197257147,-0.002894706463131413,0.024841836115487313,0.017567476726749617
CaseM3m_SteppedCap,stepped_cap,12,0.001609,587,-1,1,0.010000025,-2.7143051e-14,0.040000021,0.010000025,0.33333416666666665,0.40000020999999997,interior,0.05999997900000001,0.040000021,0.019999975,0.044721367152638185,153,153,0.009999909000008451,12.935927630415897,0.9967849885292474,8.923168724606199e-05,-0.016428521,10986340.0,-19088.29776232,-23.705658,-4.843867,42.8555171929363,-8.847376939320649,120.0,0.80004835,0.0,0.0,0.0,0.0,-4.8438768,0.0,0.36419039999999997,128.806005303588,0.807695,112,0.0,-0.016976506287155937,-0.00289470599460273,0.024841836114511844,0.017567476716858703
CaseM3m_SteppedCap,stepped_cap,12,0.001609,426,-3,1,-0.01000021,-0.01000021,0.079999141,0.01414243260857905,0.47141442028596836,0.79999141,interior,0.02000085900000001,0.079999141,0.015857567391420947,0.02552443543570236,145,136,0.009999328000336425,12.634207666932202,0.9735357914919205,0.0015646118313851415,-0.022394864,14917874.0,-6143.656841716,-112.88918,55.94555866666667,86.37283232477587,1.543872907577886,119.98923,0.80001217,-7.9706979e-06,2.2765049e-05,0.0,6.0,2300.8049,2.2765049e-05,0.36419039999999997,128.806005303588,0.807695,112,0.0,-0.0689176398535698,0.025684155641743714,0.11202260292607498,0.0797263223237199
CaseM3m_SteppedCap,stepped_cap,12,0.001609,580,-3,1,0.01000021,-0.01000021,0.079999141,0.01414243260857905,0.47141442028596836,0.79999141,interior,0.02000085900000001,0.079999141,0.015857567391420947,0.02552443543570236,145,136,0.009999328000336425,12.63420766692846,0.9735357914916322,0.0015646117337727446,-0.022394866,14917876.0,-6143.657092158,-112.88918,55.94555499999999,86.37283814653294,1.5438731128242977,119.98923,0.80001217,-7.9706979e-06,2.2765042e-05,0.0,6.0,2300.8047,2.2765042e-05,0.36419039999999997,128.806005303588,0.807695,112,0.0,-0.06891763915057524,0.025684155487326832,0.11202260244635609,0.07972632167938641
CaseM3m_SteppedCap,stepped_cap,12,0.001609,448,-3,1,-0.01000021,0.01000021,0.079999141,0.01414243260857905,0.47141442028596836,0.79999141,interior,0.02000085900000001,0.079999141,0.015857567391420947,0.02552443543570236,145,136,0.009999328000336425,12.63420766691286,0.97353579149043,0.0015646118403579508,-0.022394871,14917879.0,-6143.657505523,-112.88917,55.94555033333333,86.37283009662194,1.5438730977172908,119.98923,0.80001217,-7.9706997e-06,2.2765043e-05,0.0,6.0,2300.8037,2.2765043e-05,0.36419039999999997,128.806005303588,0.807695,112,0.0,-0.06891764123375749,0.025684155824037408,0.11202260462436875,0.07972632357767104
CaseM3m_SteppedCap,stepped_cap,12,0.001609,602,-3,1,0.01000021,0.01000021,0.079999141,0.01414243260857905,0.47141442028596836,0.79999141,interior,0.02000085900000001,0.079999141,0.015857567391420947,0.02552443543570236,145,136,0.009999328000336425,12.634207666924082,0.9735357914912948,0.0015646120389475452,-0.022394869,14917878.0,-6143.657709869,-112.88919,55.945564,86.37283936833325,1.5438728862994973,119.98923,0.80001217,-7.9707015e-06,2.2765054e-05,0.0,6.0,2300.8057,2.2765054e-05,0.36419039999999997,128.806005303588,0.807695,112,0.0,-0.06891764303272997,0.02568415569294006,0.11202260569698887,0.07972632471534898
CaseM3m_SteppedCap,stepped_cap,13,0.001709,418,-1,1,-0.010000057,-0.010000057,2.2764223e-07,0.014142216233904006,0.47140720779680023,2.2764223e-06,bottom_cap_zone,0.09999977235777001,2.2764223e-07,0.015857783766095992,0.015857783767729918,157,86,0.0099999653579549,12.879135912693366,0.9924064374617679,0.000278686697659812,0.0049690413,-3315521.3,-17240.05049626,-0.78745192,-3.21283876,21.457900219577816,-6.678797730757524,119.9984,0.80005336,-1.1866935e-06,1.2234965e-06,0.0,0.0,-3.2128487,1.2234965e-06,0.36419039999999997,128.806005303588,0.807695,112,0.0,-0.008477317383888232,0.0032645278583670343,0.01453408907344129,0.010457828453028851
CaseM3m_SteppedCap,stepped_cap,13,0.001709,484,-1,1,-7.4026411e-14,-0.020000163,2.6090635e-07,0.020000163,0.6666721000000001,2.6090635e-06,edge_ring,0.09999973909365001,2.6090635e-07,0.009999836999999998,0.009999837003403659,142,72,0.00999993609516381,12.703233159290688,0.9788521877025105,0.00025231903585341375,0.0079197986,-5281249.5,-17241.24987456,3.3341429,-6.656408366666667,25.87703187900969,-3.887536709525552,119.99836,0.80005258,-1.2139374e-06,1.2653901e-06,0.0,0.0,-6.6564183,1.2653901e-06,0.36419039999999997,128.806005303588,0.807695,112,0.0,-0.007281204857123213,0.002291521826887415,0.013667496325316846,0.010216800088492935
CaseM3m_SteppedCap,stepped_cap,13,0.001709,495,-1,1,-1.8206372e-14,-0.010000031,2.1372632e-07,0.010000031,0.33333436666666666,2.1372631999999998e-06,bottom_cap_zone,0.09999978627368,2.1372632e-07,0.019999969,0.01999996900114197,160,91,0.0099999772736898,12.961128231111454,0.9987243849678835,0.00029428017889158715,0.0028574772,-1909327.1,-17154.69230799,-3.2168422,-0.8566833666666667,16.01597901827727,-18.69533090223876,119.99904,0.80005366,-7.1013847e-07,7.2283763e-07,0.0,0.0,-0.85669339,7.2283763e-07,0.36419039999999997,128.806005303588,0.807695,112,0.0,-0.009547727384994922,0.005194641784415347,0.01752604436970794,0.012500807758471663
CaseM3m_SteppedCap,stepped_cap,13,0.001709,498,-1,1,-1.3273169e-13,-0.010000003,0.0300001,0.010000003,0.3333334333333334,0.30000099999999996,interior,0.0699999,0.0300001,0.019999997,0.036055594295615334,153,153,0.00999991800000845,12.935944871468216,0.9967838721573749,0.00015349832301849006,-0.017511016,11703294.0,-18512.24348918,-25.704742,-0.761336,39.71791709138653,-52.1687101245528,119.99845,0.80005193,-1.1446766e-06,1.1996284e-06,0.0,0.0,-0.76134598,1.1996284e-06,0.36419039999999997,128.806005303588,0.807695,112,0.0,-0.012018578531401099,-0.004777877145268596,0.019564258050624887,0.014068630035563376
CaseM3m_SteppedCap,stepped_cap,13,0.001709,572,-1,1,0.010000057,-0.010000057,2.2764243e-07,0.014142216233904006,0.47140720779680023,2.2764243e-06,bottom_cap_zone,0.09999977235757,2.2764243e-07,0.015857783766095992,0.01585778376772992,157,86,0.0099999653577549,12.879135912686026,0.9924064374612023,0.0002786868762906652,0.0049690348,-3315516.8,-17240.04838161,-0.78745228,-3.212838806666667,21.457899428313464,-6.67879738746561,119.9984,0.80005336,-1.1866938e-06,1.2234967e-06,0.0,0.0,-3.2128489,1.2234967e-06,0.36419039999999997,128.806005303588,0.807695,112,0.0,-0.0084773254637312,0.00326452690640568,0.014534097460419587,0.010457834577336449
CaseM3m_SteppedCap,stepped_cap,13,0.001709,363,-1,1,-0.020000163,-1.0989064e-13,2.609064e-07,0.020000163,0.6666721000000001,2.6090639999999996e-06,edge_ring,0.0999997390936,2.609064e-07,0.009999836999999998,0.009999837003403659,142,72,0.00999993609511381,12.703233159287668,0.9788521877022778,0.0002523191429915553,0.0079197958,-5281247.5,-17241.24993909,3.3341377,-6.656406666666666,25.877039714409687,-3.887538879496999,119.99836,0.80005258,-1.2139378e-06,1.2653906e-06,0.0,0.0,-6.6564164,1.2653906e-06,0.36419039999999997,128.806005303588,0.807695,112,0.0,-0.007281209589768485,0.0022915213426175627,0.01366749939610089,0.010216802542242553
CaseM3m_SteppedCap,stepped_cap,13,0.001709,429,-1,1,-0.010000031,-1.6867367e-14,2.1372632e-07,0.010000031,0.33333436666666666,2.1372631999999998e-06,bottom_cap_zone,0.09999978627368,2.1372632e-07,0.019999969,0.01999996900114197,160,91,0.0099999772736898,12.961128231107928,0.9987243849676118,0.00029428020871332473,0.0028574762,-1909326.5,-17154.69266463,-3.2168429,-0.8566826666666668,16.01598334381818,-18.69535122746911,119.99904,0.80005366,-7.1013841e-07,7.2283757e-07,0.0,0.0,-0.85669267,7.2283757e-07,0.36419039999999997,128.806005303588,0.807695,112,0.0,-0.009547729045155284,0.005194641798578737,0.017526045896152646,0.012500808778586283
CaseM3m_SteppedCap,stepped_cap,13,0.001709,432,-1,1,-0.010000003,-2.0063795e-14,0.0300001,0.010000003,0.3333334333333334,0.30000099999999996,interior,0.0699999,0.0300001,0.019999997,0.036055594295615334,153,153,0.00999991800000845,12.93594487147199,0.9967838721576657,0.00015349831125677604,-0.017511016,11703294.0,-18512.24329887,-25.704741,-0.7613353333333338,39.71791456714333,-52.16875249076838,119.99845,0.80005193,-1.1446774e-06,1.1996292e-06,0.0,0.0,-0.76134539,1.1996292e-06,0.36419039999999997,128.806005303588,0.807695,112,0.0,-0.012018578630905215,-0.004777876976361207,0.019564258067850514,0.014068630094864424
CaseM3m_SteppedCap,stepped_cap,13,0.001709,440,-1,1,-0.010000057,0.010000057,2.2764225e-07,0.014142216233904006,0.47140720779680023,2.2764225e-06,bottom_cap_zone,0.09999977235775001,2.2764225e-07,0.015857783766095992,0.01585778376772992,157,86,0.0099999653579349,12.879135912680754,0.992406437460796,0.00027868681618525983,0.0049690353,-3315517.3,-17240.0500826,-0.78745008,-3.2128395400000005,21.45789856243242,-6.6787955935180054,119.9984,0.80005336,-1.186695e-06,1.223498e-06,0.0,0.0,-3.2128496,1.223498e-06,0.36419039999999997,128.806005303588,0.807695,112,0.0,-0.008477322937822258,0.0032645270038683056,0.014534094613721503,0.010457832355643888
CaseM3m_SteppedCap,stepped_cap,13,0.001709,517,-1,1,-6.2133804e-14,0.010000031,2.1372655e-07,0.010000031,0.33333436666666666,2.1372655e-06,bottom_cap_zone,0.09999978627345,2.1372655e-07,0.019999969,0.019999969001141978,160,91,0.0099999772734598,12.96112823111089,0.9987243849678401,0.00029428029102518177,0.0028574739,-1909324.9,-17154.69187392,-3.216841,-0.8566831666666667,16.015979163592238,-18.695335436448488,119.99904,0.80005366,-7.1013773e-07,7.2283683e-07,0.0,0.0,-0.85669315,7.2283683e-07,0.36419039999999997,128.806005303588,0.807695,112,0.0,-0.00954773307942316,0.005194641931074929,0.017526050702694723,0.012500812602666217
CaseM3m_SteppedCap,stepped_cap,13,0.001709,520,-1,1,-2.3988712e-15,0.010000003,0.0300001,0.010000003,0.3333334333333334,0.30000099999999996,interior,0.0699999,0.0300001,0.019999997,0.036055594295615334,153,153,0.00999991800000845,12.935944871467528,0.9967838721573219,0.00015349825994124007,-0.017511021,11703298.0,-18512.24334341,-25.704739,-0.7613339999999992,39.71790981016158,-52.168837606308955,119.99845,0.80005193,-1.1446715e-06,1.1996229e-06,0.0,0.0,-0.76134443,1.1996229e-06,0.36419039999999997,128.806005303588,0.807695,112,0.0,-0.012018579002587073,-0.004777877716034362,0.01956425909909865,0.014068630543676632
CaseM3m_SteppedCap,stepped_cap,13,0.001709,528,-1,1,2.355785e-14,0.020000163,2.6090615e-07,0.020000163,0.6666721000000001,2.6090615e-06,edge_ring,0.09999973909385,2.6090615e-07,0.009999836999999998,0.009999837003403653,142,72,0.00999993609536381,12.70323315929673,0.978852187702976,0.00025231897111705284,0.0079197995,-5281250.0,-17241.25169418,3.3341386,-6.656406966666666,25.877034442901614,-3.887537912343132,119.99836,0.80005258,-1.2139363e-06,1.2653891e-06,0.0,0.0,-6.6564169,1.2653891e-06,0.36419039999999997,128.806005303588,0.807695,112,0.0,-0.00728120244285152,0.00229152064157894,0.013667493720213243,0.0102167977554894
CaseM3m_SteppedCap,stepped_cap,13,0.001709,583,-1,1,0.010000031,2.7983671e-14,2.1372659e-07,0.010000031,0.33333436666666666,2.1372659e-06,bottom_cap_zone,0.09999978627341001,2.1372659e-07,0.019999969,0.019999969001141978,160,91,0.009999977273419799,12.961128231114584,0.9987243849681248,0.00029428029604221007,0.0028574732,-1909324.5,-17154.69155565,-3.2168429,-0.8566831333333332,16.01597870067539,-18.69533562351999,119.99904,0.80005366,-7.1013915e-07,7.2283831e-07,0.0,0.0,-0.85669315,7.2283831e-07,0.36419039999999997,128.806005303588,0.807695,112,0.0,-0.009547732852805014,0.005194642456140295,0.0175260504174752,0.012500813018057593
CaseM3m_SteppedCap,stepped_cap,13,0.001709,586,-1,1,0.010000003,9.3189474e-14,0.0300001,0.010000003,0.3333334333333334,0.30000099999999996,interior,0.0699999,0.0300001,0.019999997,0.036055594295615334,153,153,0.00999991800000845,12.935944871463901,0.9967838721570423,0.00015349822730198636,-0.017511021,11703298.0,-18512.24312533,-25.704739,-0.7613356666666663,39.717912252766205,-52.168726609987914,119.99845,0.80005193,-1.1446753e-06,1.199627e-06,0.0,0.0,-0.76134598,1.199627e-06,0.36419039999999997,128.806005303588,0.807695,112,0.0,-0.012018578965891175,-0.004777877240226082,0.019564258712754315,0.01406863033578572
CaseM3m_SteppedCap,stepped_cap,13,0.001709,594,-1,1,0.010000057,0.010000057,2.2764218e-07,0.014142216233904006,0.47140720779680023,2.2764218e-06,bottom_cap_zone,0.09999977235782001,2.2764218e-07,0.015857783766095992,0.015857783767729918,157,86,0.0099999653580049,12.87913591269702,0.9924064374620495,0.00027868681538940063,0.0049690362,-3315517.8,-17240.05009225,-0.78745204,-3.212839186666667,21.45789962288608,-6.678796658088803,119.9984,0.80005336,-1.1866929e-06,1.2234958e-06,0.0,0.0,-3.2128491,1.2234958e-06,0.36419039999999997,128.806005303588,0.807695,112,0.0,-0.008477323243869808,0.003264526379325855,0.014534094799073112,0.010457832336493573
CaseM3m_SteppedCap,stepped_cap,13,0.001709,649,-1,1,0.020000163,4.0246662e-14,2.6090621e-07,0.020000163,0.6666721000000001,2.6090621e-06,edge_ring,0.09999973909379001,2.6090621e-07,0.009999836999999998,0.009999837003403655,142,72,0.009999936095303811,12.703233159296099,0.9788521877029274,0.0002523190071126033,0.0079197986,-5281249.5,-17241.25084477,3.3341379,-6.6564060666666665,25.8770344386749,-3.887538437334753,119.99836,0.80005258,-1.2139359e-06,1.2653885e-06,0.0,0.0,-6.6564159,1.2653885e-06,0.36419039999999997,128.806005303588,0.807695,112,0.0,-0.00728120343077125,0.002291521150528668,0.013667494526751736,0.010216799025297691
CaseM3m_SteppedCap,stepped_cap,13,0.001709,499,-1,1,-6.7278885e-14,-0.010000016,0.040000018,0.010000016,0.3333338666666667,0.40000018,interior,0.05999998200000001,0.040000018,0.019999984,0.04472136849427329,153,153,0.0099998860000128,12.935959386010087,0.996784990580605,0.00012959959992548336,-0.023810355,15908391.0,-17488.93462584,-29.197983,-0.8542046666666678,45.12303221286565,-52.8246144907492,120.0,0.80004835,0.0,0.0,0.0,0.0,-0.85421449,0.0,0.36419039999999997,128.806005303588,0.807695,112,0.0,-0.018209036959114147,-0.00524736311699279,0.0279748986291388,0.019785415282686694
CaseM3m_SteppedCap,stepped_cap,13,0.001709,433,-1,1,-0.010000016,-1.0712135e-14,0.040000018,0.010000016,0.3333338666666667,0.40000018,interior,0.05999998200000001,0.040000018,0.019999984,0.04472136849427329,153,153,0.0099998860000128,12.935959386007212,0.9967849905803835,0.00012959965705212117,-0.023810361,15908394.0,-17488.93459149,-29.197977,-0.8542126666666666,45.12303499226325,-52.824123023536586,120.0,0.80004835,0.0,0.0,0.0,0.0,-0.85422277,0.0,0.36419039999999997,128.806005303588,0.807695,112,0.0,-0.018209037248279974,-0.00524736385019693,0.027974899489304705,0.01978541589172113
CaseM3m_SteppedCap,stepped_cap,13,0.001709,521,-1,1,-2.3463653e-14,0.010000016,0.040000018,0.010000016,0.3333338666666667,0.40000018,interior,0.05999998200000001,0.040000018,0.019999984,0.04472136849427329,153,153,0.0099998860000128,12.935959386003685,0.9967849905801117,0.00012959961661340974,-0.02381037,15908400.0,-17488.93425567,-29.197979,-0.8542069999999988,45.12302972909367,-52.82446728848363,120.0,0.80004835,0.0,0.0,0.0,0.0,-0.85421705,0.0,0.36419039999999997,128.806005303588,0.807695,112,0.0,-0.018209037174882314,-0.005247363764300305,0.027974899304052486,0.019785415778791043
CaseM3m_SteppedCap,stepped_cap,13,0.001709,587,-1,1,0.010000016,-2.6674084e-14,0.040000018,0.010000016,0.3333338666666667,0.40000018,interior,0.05999998200000001,0.040000018,0.019999984,0.04472136849427329,153,153,0.0099998860000128,12.93595938600656,0.9967849905803333,0.0001295995961063374,-0.023810364,15908397.0,-17488.93389377,-29.197979,-0.8542093333333334,45.123033154140295,-52.82432700431779,120.0,0.80004835,0.0,0.0,0.0,0.0,-0.85421956,0.0,0.36419039999999997,128.806005303588,0.807695,112,0.0,-0.018209037138431385,-0.005247363463181874,0.02797489907457759,0.019785415608448084
CaseM3m_SteppedCap,stepped_cap,13,0.001709,349,-3,1,-0.020000529,-0.020000529,0.079999112,0.028285019366436397,0.9428339788812132,0.79999112,lateral_surface,0.02000088800000001,0.079999112,0.0017149806335636023,0.02007427904962075,97,88,0.009999096100409475,8.030848846175532,0.6188199384845454,0.001620557057811027,-0.04552488,30301936.0,2012.936350893,-128.68292,80.45419333333332,80.60155640375598,1.0018316394002251,120.00224,0.79997265,1.6591723e-06,8.193434e-06,0.0,8.0,1914.8097,8.193434e-06,0.36419039999999997,128.806005303588,0.807695,112,0.0,-0.07030514645632828,0.013850039116517585,0.11390245014414861,0.08124242353387785
CaseM3m_SteppedCap,stepped_cap,13,0.001709,635,-3,1,0.020000529,-0.020000529,0.079999112,0.028285019366436397,0.9428339788812132,0.79999112,lateral_surface,0.02000088800000001,0.079999112,0.0017149806335636023,0.02007427904962075,97,88,0.009999096100409475,8.030848846181485,0.6188199384850042,0.0016205569597097054,-0.045524877,30301934.0,2012.935536312,-128.68291,80.45418533333333,80.60155290824498,1.0018316955706044,120.00224,0.79997265,1.6591715e-06,8.1934377e-06,0.0,8.0,1914.8079,8.1934377e-06,0.36419039999999997,128.806005303588,0.807695,112,0.0,-0.07030514601273459,0.013850038300590369,0.1139024506734581,0.08124242351175646
CaseM3m_SteppedCap,stepped_cap,13,0.001709,393,-3,1,-0.020000529,0.020000529,0.079999112,0.028285019366436397,0.9428339788812132,0.79999112,lateral_surface,0.02000088800000001,0.079999112,0.0017149806335636023,0.02007427904962075,97,88,0.009999096100409475,8.030848846173253,0.6188199384843699,0.001620556953923624,-0.045524877,30301934.0,2012.935384507,-128.68291,80.45418633333333,80.60155156193568,1.0018316663845408,120.00224,0.79997265,1.6591715e-06,8.1934377e-06,0.0,8.0,1914.8076,8.1934377e-06,0.36419039999999997,128.806005303588,0.807695,112,0.0,-0.07030514777826433,0.013850037434396242,0.11390245349961094,0.08124242528510231
CaseM3m_SteppedCap,stepped_cap,13,0.001709,679,-3,1,0.020000529,0.020000529,0.079999112,0.028285019366436397,0.9428339788812132,0.79999112,lateral_surface,0.02000088800000001,0.079999112,0.0017149806335636023,0.02007427904962075,97,88,0.009999096100409475,8.030848846183833,0.6188199384851851,0.0016205568384640543,-0.045524884,30301938.0,2012.93454762,-128.68289,80.45417199999999,80.60154689588398,1.0018317868697226,120.00224,0.79997265,1.6591684e-06,8.1934313e-06,0.0,8.0,1914.8068,8.1934313e-06,0.36419039999999997,128.806005303588,0.807695,112,0.0,-0.07030514685153562,0.013850033447050509,0.11390245318482252,0.08124242457777395
CaseM3m_SteppedCap,stepped_cap,14,0.00181,418,-1,1,-0.010000057,-0.010000057,2.5444564e-07,0.014142216233904006,0.47140720779680023,2.5444564e-06,bottom_cap_zone,0.09999974555436,2.5444564e-07,0.015857783766095992,0.015857783768137342,157,86,0.0099999525545121,12.879119376117472,0.9938229449005822,0.00025499807437679204,0.0020545812,-1371831.5,-17377.96810545,1.2845048,-5.236728666666667,21.552287444799997,-4.115601326069595,119.9984,0.80005336,-1.1866935e-06,1.2234965e-06,0.0,0.0,-5.2367387,1.2234965e-06,0.36419039999999997,128.806005303588,0.807695,112,0.0,-0.009055094370653933,0.0013970258104969398,0.014026643537701573,0.010225038862509637
CaseM3m_SteppedCap,stepped_cap,14,0.00181,484,-1,1,-7.9050244e-14,-0.020000163,2.8474042e-07,0.020000163,0.6666721000000001,2.8474041999999996e-06,edge_ring,0.09999971525958,2.8474042e-07,0.009999836999999998,0.009999837004053918,142,72,0.009999917261093812,12.703213261326164,0.9802490717247425,0.00022356893113323415,0.0055862353,-3724003.5,-17615.64400339,5.6664038,-9.067608266666667,26.071841051703952,-2.8752720987679137,119.99836,0.80005258,-1.2139374e-06,1.2653901e-06,0.0,0.0,-9.0676184,1.2653901e-06,0.36419039999999997,128.806005303588,0.807695,112,0.0,-0.007603944891093761,0.0004636140892545356,0.013184866662468053,0.010084893365506904
CaseM3m_SteppedCap,stepped_cap,14,0.00181,495,-1,1,-2.0038931e-14,-0.010000032,2.4216121e-07,0.010000032,0.33333440000000003,2.4216120999999997e-06,bottom_cap_zone,0.09999975783879,2.4216121e-07,0.019999968,0.019999968001466053,160,91,0.009999964838812051,12.961114200593384,1.0001501118090872,0.00027161170229545486,-0.00034101668,222863.61,-17132.28662902,-1.3375711,-2.5793454666666666,15.908824840502135,-6.1677759129572465,119.99904,0.80005366,-7.1013847e-07,7.2283763e-07,0.0,0.0,-2.5793555,7.2283763e-07,0.36419039999999997,128.806005303588,0.807695,112,0.0,-0.010315011085409435,0.0032462455280454633,0.016466988715166078,0.011848181853523196
CaseM3m_SteppedCap,stepped_cap,14,0.00181,572,-1,1,0.010000057,-0.010000057,2.5444587e-07,0.014142216233904006,0.47140720779680023,2.5444587e-06,bottom_cap_zone,0.09999974555413,2.5444587e-07,0.015857783766095992,0.015857783768137346,157,86,0.0099999525542821,12.879119376109417,0.9938229448999605,0.0002549982154398619,0.0020545761,-1371828.1,-17377.96565149,1.2845044,-5.236728966666667,21.552286665344468,-4.115600941452415,119.9984,0.80005336,-1.1866938e-06,1.2234967e-06,0.0,0.0,-5.2367392,1.2234967e-06,0.36419039999999997,128.806005303588,0.807695,112,0.0,-0.009055100485089729,0.001397025105254631,0.014026650891457524,0.010225044324002662
CaseM3m_SteppedCap,stepped_cap,14,0.00181,363,-1,1,-0.020000163,-1.1507897e-13,2.8474051e-07,0.020000163,0.6666721000000001,2.8474051e-06,edge_ring,0.09999971525949,2.8474051e-07,0.009999836999999998,0.009999837004053921,142,72,0.009999917261003811,12.703213261321842,0.980249071724409,0.0002235690513397628,0.0055862288,-3723999.3,-17615.64364064,5.6664,-9.067607333333333,26.071848758746086,-2.8752732446743305,119.99836,0.80005258,-1.2139378e-06,1.2653906e-06,0.0,0.0,-9.0676174,1.2653906e-06,0.36419039999999997,128.806005303588,0.807695,112,0.0,-0.007603950068919371,0.0004636136171046522,0.013184870705017693,0.010084896515989933
CaseM3m_SteppedCap,stepped_cap,14,0.00181,429,-1,1,-0.010000032,-1.7219892e-14,2.4216121e-07,0.010000032,0.33333440000000003,2.4216120999999997e-06,bottom_cap_zone,0.09999975783879,2.4216121e-07,0.019999968,0.019999968001466053,160,91,0.009999964838812051,12.961114200589893,1.0001501118088179,0.00027161173231082396,-0.00034101907,222865.2,-17132.28682544,-1.3375722,-2.5793443333333332,15.908829291213207,-6.167780348525216,119.99904,0.80005366,-7.1013841e-07,7.2283757e-07,0.0,0.0,-2.5793543,7.2283757e-07,0.36419039999999997,128.806005303588,0.807695,112,0.0,-0.010315012659866953,0.003246245488219686,0.016466990372249753,0.011848182869471658
CaseM3m_SteppedCap,stepped_cap,14,0.00181,440,-1,1,-0.010000057,0.010000057,2.5444567e-07,0.014142216233904006,0.47140720779680023,2.5444567e-06,bottom_cap_zone,0.09999974555433,2.5444567e-07,0.015857783766095992,0.015857783768137342,157,86,0.0099999525544821,12.879119376104565,0.9938229448995862,0.00025499815555346024,0.002054577,-1371828.8,-17377.96741532,1.2845073,-5.236729933333334,21.55228559753805,-4.115599977831849,119.9984,0.80005336,-1.186695e-06,1.223498e-06,0.0,0.0,-5.2367401,1.223498e-06,0.36419039999999997,128.806005303588,0.807695,112,0.0,-0.009055097770324306,0.0013970252848199772,0.014026647444896819,0.010225041685467767
CaseM3m_SteppedCap,stepped_cap,14,0.00181,517,-1,1,-6.7493706e-14,0.010000032,2.4216143e-07,0.010000032,0.33333440000000003,2.4216142999999996e-06,bottom_cap_zone,0.09999975783857,2.4216143e-07,0.019999968,0.019999968001466056,160,91,0.00999996483859205,12.961114200593133,1.0001501118090679,0.00027161181223001025,-0.00034102169,222866.95,-17132.28585879,-1.3375707,-2.5793447333333335,15.90882524425788,-6.167777823051446,119.99904,0.80005366,-7.1013773e-07,7.2283683e-07,0.0,0.0,-2.5793548,7.2283683e-07,0.36419039999999997,128.806005303588,0.807695,112,0.0,-0.010315016356480695,0.0032462458142865826,0.016466995511237963,0.0118481872208914
CaseM3m_SteppedCap,stepped_cap,14,0.00181,528,-1,1,2.4077194e-14,0.020000163,2.8474022e-07,0.020000163,0.6666721000000001,2.8474022e-06,edge_ring,0.09999971525978,2.8474022e-07,0.009999836999999998,0.009999837004053913,142,72,0.009999917261293812,12.703213261332357,0.9802490717252204,0.00022356889139423528,0.0055862358,-3724004.0,-17615.64587328,5.6663995,-9.067607166666667,26.071843763053984,-2.875272746584833,119.99836,0.80005258,-1.2139363e-06,1.2653891e-06,0.0,0.0,-9.0676174,1.2653891e-06,0.36419039999999997,128.806005303588,0.807695,112,0.0,-0.007603942788898908,0.0004636132647298783,0.013184864674622253,0.010084891744961482
CaseM3m_SteppedCap,stepped_cap,14,0.00181,583,-1,1,0.010000032,2.8855587e-14,2.4216149e-07,0.010000032,0.33333440000000003,2.4216148999999997e-06,bottom_cap_zone,0.09999975783851,2.4216149e-07,0.019999968,0.019999968001466056,160,91,0.009999964838532051,12.961114200596883,1.0001501118093572,0.0002716118121101319,-0.00034102204,222867.19,-17132.28551696,-1.3375719,-2.5793451333333333,15.908824637430422,-6.167776631299886,119.99904,0.80005366,-7.1013915e-07,7.2283831e-07,0.0,0.0,-2.5793552,7.2283831e-07,0.36419039999999997,128.806005303588,0.807695,112,0.0,-0.01031501630839672,0.0032462462438395383,0.016466995307715875,0.01184818783332137
CaseM3m_SteppedCap,stepped_cap,14,0.00181,594,-1,1,0.010000057,0.010000057,2.5444558e-07,0.014142216233904006,0.47140720779680023,2.5444558e-06,bottom_cap_zone,0.09999974555442001,2.5444558e-07,0.015857783766095992,0.015857783768137342,157,86,0.009999952554572101,12.87911937612153,0.9938229449008952,0.00025499815694632387,0.0020545768,-1371828.6,-17377.9674124,1.2845058,-5.236729766666667,21.55228680243905,-4.115600338903437,119.9984,0.80005336,-1.1866929e-06,1.2234958e-06,0.0,0.0,-5.2367396,1.2234958e-06,0.36419039999999997,128.806005303588,0.807695,112,0.0,-0.009055097870098982,0.0013970246770832334,0.014026647835747945,0.010225041791818962
CaseM3m_SteppedCap,stepped_cap,14,0.00181,649,-1,1,0.020000163,4.2489544e-14,2.8474031e-07,0.020000163,0.6666721000000001,2.8474031e-06,edge_ring,0.09999971525969001,2.8474031e-07,0.009999836999999998,0.009999837004053914,142,72,0.00999991726120381,12.703213261330719,0.9802490717250939,0.00022356892098258563,0.0055862325,-3724001.8,-17615.64479766,5.666399,-9.067606,26.0718436416001,-2.875273103132194,119.99836,0.80005258,-1.2139359e-06,1.2653885e-06,0.0,0.0,-9.0676155,1.2653885e-06,0.36419039999999997,128.806005303588,0.807695,112,0.0,-0.007603944071679818,0.0004636136155232735,0.013184865661002326,0.01008489308454028
CaseM3m_SteppedCap,stepped_cap,15,0.00191,418,-1,1,-0.010000055,-0.010000055,2.7831734e-07,0.014142213405476884,0.47140711351589615,2.7831734e-06,bottom_cap_zone,0.09999972168266001,2.7831734e-07,0.015857786594523117,0.015857786596965465,157,86,0.009999936682768901,12.87910747689574,0.9943656909916891,0.00022295980689441256,-0.00076847099,510846.0,-17326.61021944,2.6456957,-6.6170149,21.549774508623123,-3.256721472491036,119.9984,0.80005336,-1.1866935e-06,1.2234965e-06,0.0,0.0,-6.6170249,1.2234965e-06,0.36419039999999997,128.806005303588,0.807695,112,0.0,-0.009453552958109663,-0.00032105870915454963,0.014247715624426812,0.010487504035642919
CaseM3m_SteppedCap,stepped_cap,15,0.00191,484,-1,1,-8.4097836e-14,-0.020000162,3.0544294e-07,0.020000162,0.6666720666666667,3.0544294e-06,edge_ring,0.09999969455706001,3.0544294e-07,0.009999838,0.009999838004664844,142,72,0.009999896558522065,12.703197304875927,0.9807840790619229,0.00019133910058322413,0.0033197708,-2211493.8,-17837.97645569,7.3714113,-10.937011766666666,26.130665671991526,-2.3891960829402596,119.99836,0.80005258,-1.2139374e-06,1.2653901e-06,0.0,0.0,-10.937022,1.2653901e-06,0.36419039999999997,128.806005303588,0.807695,112,0.0,-0.007838466740172672,-0.001212257104451376,0.013412370813071681,0.010384278055244934
CaseM3m_SteppedCap,stepped_cap,15,0.00191,495,-1,1,-2.1564293e-14,-0.010000031,2.6775092e-07,0.010000031,0.33333436666666666,2.6775091999999997e-06,bottom_cap_zone,0.09999973224908,2.6775092e-07,0.019999969,0.019999969001792264,160,91,0.0099999522491192,12.961105385824839,1.0006965572817972,0.00023778910459811795,-0.0034585833,2301012.3,-16900.95443723,-0.21197271,-3.6049019633333335,15.734219030440126,-4.364673211776116,119.99904,0.80005366,-7.1013847e-07,7.2283763e-07,0.0,0.0,-3.604912,7.2283763e-07,0.36419039999999997,128.806005303588,0.807695,112,0.0,-0.010848290459416049,0.0014203503648606642,0.01608828568180015,0.011675569096699043
CaseM3m_SteppedCap,stepped_cap,15,0.00191,572,-1,1,0.010000055,-0.010000055,2.7831757e-07,0.014142213405476884,0.47140711351589615,2.7831757e-06,bottom_cap_zone,0.09999972168243,2.7831757e-07,0.015857786594523117,0.015857786596965472,157,86,0.009999936682538901,12.87910747688722,0.9943656909910313,0.00022295993872153275,-0.00076847471,510848.47,-17326.60751728,2.645695,-6.617015266666667,21.549773811535204,-3.2567211866795254,119.9984,0.80005336,-1.1866938e-06,1.2234967e-06,0.0,0.0,-6.6170254,1.2234967e-06,0.36419039999999997,128.806005303588,0.807695,112,0.0,-0.009453558612689393,-0.0003210593761466509,0.014247722961845299,0.010487509447994184
CaseM3m_SteppedCap,stepped_cap,15,0.00191,363,-1,1,-0.020000162,-1.1977545e-13,3.0544305e-07,0.020000162,0.6666720666666667,3.0544305e-06,edge_ring,0.09999969455695,3.0544305e-07,0.009999838,0.009999838004664849,142,72,0.009999896558412064,12.703197304870969,0.9807840790615401,0.00019133921203091158,0.0033197636,-2211489.0,-17837.97561541,7.371407,-10.937011,26.13067360672383,-2.3891969759126903,119.99836,0.80005258,-1.2139378e-06,1.2653906e-06,0.0,0.0,-10.937021,1.2653906e-06,0.36419039999999997,128.806005303588,0.807695,112,0.0,-0.007838471409142664,-0.0012122573771132278,0.013412374789979083,0.010384281079736754
CaseM3m_SteppedCap,stepped_cap,15,0.00191,429,-1,1,-0.010000031,-1.7294299e-14,2.6775092e-07,0.010000031,0.33333436666666666,2.6775091999999997e-06,bottom_cap_zone,0.09999973224908,2.6775092e-07,0.019999969,0.019999969001792264,160,91,0.0099999522491192,12.96110538582142,1.0006965572815332,0.00023778913524090178,-0.0034585842,2301012.8,-16900.95458337,-0.21197349,-3.6049009033333337,15.734223493868775,-4.3646757333384265,119.99904,0.80005366,-7.1013841e-07,7.2283757e-07,0.0,0.0,-3.6049109,7.2283757e-07,0.36419039999999997,128.806005303588,0.807695,112,0.0,-0.010848291967808893,0.001420350455296892,0.016088287496903754,0.011675570194078284
CaseM3m_SteppedCap,stepped_cap,15,0.00191,440,-1,1,-0.010000055,0.010000055,2.7831737e-07,0.014142213405476884,0.47140711351589615,2.7831736999999998e-06,bottom_cap_zone,0.09999972168263001,2.7831737e-07,0.015857786594523117,0.01585778659696547,157,86,0.009999936682738901,12.879107476882702,0.9943656909906825,0.00022295988987832446,-0.0007684736,510847.75,-17326.60935337,2.6456978,-6.617016200000001,21.54977282871986,-3.2567205787889497,119.9984,0.80005336,-1.186695e-06,1.223498e-06,0.0,0.0,-6.6170263,1.223498e-06,0.36419039999999997,128.806005303588,0.807695,112,0.0,-0.009453556328515033,-0.00032105917530347,0.014247719859922408,0.010487507047188177
CaseM3m_SteppedCap,stepped_cap,15,0.00191,517,-1,1,-7.2365399e-14,0.010000031,2.6775115e-07,0.010000031,0.33333436666666666,2.6775114999999996e-06,bottom_cap_zone,0.09999973224885,2.6775115e-07,0.019999969,0.01999996900179227,160,91,0.0099999522488892,12.961105385825018,1.000696557281811,0.00023778920156398287,-0.003458587,2301014.8,-16900.95341566,-0.21197145,-3.6049015833333335,15.734219180104835,-4.36467371338219,119.99904,0.80005366,-7.1013773e-07,7.2283683e-07,0.0,0.0,-3.6049116,7.2283683e-07,0.36419039999999997,128.806005303588,0.807695,112,0.0,-0.010848295192243826,0.0014203507338672928,0.016088292168078805,0.011675574257783056
CaseM3m_SteppedCap,stepped_cap,15,0.00191,528,-1,1,2.4525808e-14,0.020000162,3.0544277e-07,0.020000162,0.6666720666666667,3.0544277e-06,edge_ring,0.09999969455723001,3.0544277e-07,0.009999838,0.00999983800466484,142,72,0.009999896558692064,12.703197304881293,0.9807840790623372,0.00019133905333613632,0.0033197703,-2211493.5,-17837.97830045,7.3714061,-10.937010366666668,26.130668569909524,-2.389196653735413,119.99836,0.80005258,-1.2139363e-06,1.2653891e-06,0.0,0.0,-10.93702,1.2653891e-06,0.36419039999999997,128.806005303588,0.807695,112,0.0,-0.007838464074323329,-0.0012122574964706077,0.013412368356895318,0.010384276145892145
CaseM3m_SteppedCap,stepped_cap,15,0.00191,583,-1,1,0.010000031,2.9752456e-14,2.677512e-07,0.010000031,0.33333436666666666,2.677512e-06,bottom_cap_zone,0.0999997322488,2.677512e-07,0.019999969,0.01999996900179227,160,91,0.0099999522488392,12.961105385828654,1.0006965572820916,0.0002377892157453466,-0.0034585875,2301015.0,-16900.9530487,-0.21197343,-3.6049016566666663,15.734219055363164,-4.364673589989714,119.99904,0.80005366,-7.1013915e-07,7.2283831e-07,0.0,0.0,-3.6049116,7.2283831e-07,0.36419039999999997,128.806005303588,0.807695,112,0.0,-0.010848296161328779,0.001420351137537337,0.01608829327473476,0.011675575897518007
CaseM3m_SteppedCap,stepped_cap,15,0.00191,594,-1,1,0.010000055,0.010000055,2.7831732e-07,0.014142213405476884,0.47140711351589615,2.7831731999999997e-06,bottom_cap_zone,0.09999972168268001,2.7831732e-07,0.015857786594523117,0.015857786596965465,157,86,0.009999936682788901,12.87910747689978,0.994365690992001,0.00022295989372417667,-0.00076847378,510847.88,-17326.60933788,2.6456957,-6.617015500000001,21.549774024312722,-3.2567211039951047,119.9984,0.80005336,-1.1866929e-06,1.2234958e-06,0.0,0.0,-6.6170254,1.2234958e-06,0.36419039999999997,128.806005303588,0.807695,112,0.0,-0.00945355642928303,-0.00032105970917451507,0.014247720552971327,0.010487507360737247
CaseM3m_SteppedCap,stepped_cap,15,0.00191,649,-1,1,0.020000162,4.4797912e-14,3.0544282e-07,0.020000162,0.6666720666666667,3.0544282e-06,edge_ring,0.09999969455718001,3.0544282e-07,0.009999838,0.009999838004664842,142,72,0.009999896558642064,12.703197304880952,0.9807840790623109,0.00019133907574511743,0.0033197692,-2211492.8,-17837.97714943,7.3714061,-10.937009366666667,26.13066837547245,-2.389196854408148,119.99836,0.80005258,-1.2139359e-06,1.2653885e-06,0.0,0.0,-10.937019,1.2653885e-06,0.36419039999999997,128.806005303588,0.807695,112,0.0,-0.007838465429173203,-0.0012122571141874425,0.013412369359426532,0.010384277525388898
CaseM3m_SteppedCap,stepped_cap,15,0.00191,503,-3,1,1.304719e-13,-0.010000137,0.079998605,0.010000137,0.33333789999999996,0.79998605,interior,0.020001395000000005,0.079998605,0.019999863,0.02828516080853694,153,144,0.009999089000217823,12.936400252964829,0.9987891318991411,0.0017523250895944648,-0.01697178,11290671.0,-3070.426587997,-123.37441,65.22600733333333,87.8136121159574,1.3462975231212846,119.98808,0.80000293,-8.8313636e-06,4.3169799e-05,0.0,9.0,2567.678,4.3169799e-05,0.36419039999999997,128.806005303588,0.807695,112,0.0,-0.07012850970618353,0.03025899258664729,0.11703377707364215,0.08334680985963953
CaseM3m_SteppedCap,stepped_cap,15,0.00191,437,-3,1,-0.010000137,-6.6368609e-14,0.079998605,0.010000137,0.33333789999999996,0.79998605,interior,0.020001395000000005,0.079998605,0.019999863,0.02828516080853694,153,144,0.009999089000217823,12.936400252958514,0.9987891318986536,0.001752324989171562,-0.016971778,11290670.0,-3070.425566292,-123.37441,65.22600866666666,87.81361030461399,1.3462974678303532,119.98808,0.80000293,-8.8313645e-06,4.3169803e-05,0.0,9.0,2567.6777,4.3169803e-05,0.36419039999999997,128.806005303588,0.807695,112,0.0,-0.07012850877369266,0.030258992348826556,0.11703377591988126,0.08334680892153326
CaseM3m_SteppedCap,stepped_cap,15,0.00191,525,-3,1,7.1316396e-15,0.010000137,0.079998605,0.010000137,0.33333789999999996,0.79998605,interior,0.020001395000000005,0.079998605,0.019999863,0.02828516080853694,153,144,0.009999089000217823,12.936400252941024,0.9987891318973032,0.0017523252904402707,-0.01697178,11290671.0,-3070.42691464,-123.37442,65.22601200000001,87.81361985618018,1.3462975454666792,119.98808,0.80000293,-8.8313609e-06,4.3169806e-05,0.0,9.0,2567.679,4.3169806e-05,0.36419039999999997,128.806005303588,0.807695,112,0.0,-0.07012851218646858,0.030258992383595588,0.11703377913474702,0.0833468117608294
CaseM3m_SteppedCap,stepped_cap,15,0.00191,591,-3,1,0.010000137,-3.5331337e-14,0.079998605,0.010000137,0.33333789999999996,0.79998605,interior,0.020001395000000005,0.079998605,0.019999863,0.02828516080853694,153,144,0.009999089000217823,12.936400252947337,0.9987891318977906,0.001752324990387083,-0.016971782,11290672.0,-3070.427405502,-123.37441,65.226006,87.81361438867039,1.3462975854856174,119.98808,0.80000293,-8.8313627e-06,4.3169803e-05,0.0,9.0,2567.6782,4.3169803e-05,0.36419039999999997,128.806005303588,0.807695,112,0.0,-0.0701285089059687,0.030258992406663264,0.1170337760412879,0.08334680902919141
CaseM3m_SteppedCap,stepped_cap,16,0.002011,418,-1,1,-0.010000052,-0.010000052,2.9823326e-07,0.014142209162836195,0.47140697209453986,2.9823326e-06,bottom_cap_zone,0.09999970176674,2.9823326e-07,0.015857790837163804,0.0158577908399682,157,86,0.0099999197668184,12.879101659867356,0.9943616099138193,0.00018407035460088332,-0.0033577357,2237559.8,-17101.65810286,3.2394922,-7.328522933333333,21.50384539836743,-2.9342673269887065,119.9984,0.80005336,-1.1866935e-06,1.2234965e-06,0.0,0.0,-7.3285327,1.2234965e-06,0.28303465,100.10303025285448,0.75653,112,0.0,-0.00968751224811732,-0.0018251380133887996,0.014919621217824672,0.011031692501621046
CaseM3m_SteppedCap,stepped_cap,16,0.002011,484,-1,1,-8.9095662e-14,-0.020000158,3.2221539e-07,0.020000158,0.6666719333333334,3.2221539e-06,edge_ring,0.09999967778461001,3.2221539e-07,0.009999841999999998,0.009999842005191217,142,72,0.009999873785987818,12.703186458291686,0.9807796592726362,0.00015878878718202216,0.001213803,-806005.06,-17919.00783141,8.4006414,-12.2401018,26.112203259208847,-2.1333321965679115,119.99836,0.80005258,-1.2139374e-06,1.2653901e-06,0.0,0.0,-12.240111,1.2653901e-06,0.28303465,100.10303025285448,0.75653,112,0.0,-0.008003875657533674,-0.002670127289385152,0.014093439439845779,0.010925135749241697
CaseM3m_SteppedCap,stepped_cap,16,0.002011,495,-1,1,-2.2570257e-14,-0.01000003,2.8934798e-07,0.01000003,0.33333433333333334,2.8934798e-06,bottom_cap_zone,0.09999971065202,2.8934798e-07,0.01999997,0.01999997000209306,160,91,0.009999935652084083,12.961102851522314,1.0006927065308262,0.00019365184310230998,-0.0062989183,4194192.8,-16479.29305524,0.09839008,-3.9076034266666664,15.540258963137642,-3.9769283794476737,119.99904,0.80005366,-7.1013847e-07,7.2283763e-07,0.0,0.0,-3.9076135,7.2283763e-07,0.28303465,100.10303025285448,0.75653,112,0.0,-0.011160893293696418,-0.0002107609662793746,0.016234323378315,0.011856838399002614
CaseM3m_SteppedCap,stepped_cap,16,0.002011,572,-1,1,0.010000052,-0.010000052,2.9823349e-07,0.014142209162836195,0.47140697209453986,2.9823348999999998e-06,bottom_cap_zone,0.09999970176651,2.9823349e-07,0.015857790837163804,0.015857790839968203,157,86,0.009999919766588402,12.879101659858442,0.994361609913131,0.00018407046805971356,-0.0033577397,2237562.5,-17101.65512423,3.2394915,-7.328523633333333,21.503844845139092,-2.934266971225991,119.9984,0.80005336,-1.1866938e-06,1.2234967e-06,0.0,0.0,-7.3285336,1.2234967e-06,0.28303465,100.10303025285448,0.75653,112,0.0,-0.009687517471731424,-0.0018251383995463249,0.014919627971659168,0.011031697739760924
CaseM3m_SteppedCap,stepped_cap,16,0.002011,363,-1,1,-0.020000158,-1.2422805e-13,3.222155e-07,0.020000158,0.6666719333333334,3.222155e-06,edge_ring,0.0999996777845,3.222155e-07,0.009999841999999998,0.00999984200519122,142,72,0.009999873785877817,12.703186458286764,0.9807796592722562,0.0001587889058949189,0.0012138,-806003.13,-17919.00679633,8.4006367,-12.240100566666667,26.11220962153793,-2.1333329313199454,119.99836,0.80005258,-1.2139378e-06,1.2653906e-06,0.0,0.0,-12.24011,1.2653906e-06,0.28303465,100.10303025285448,0.75653,112,0.0,-0.008003880570638599,-0.0026701274706108532,0.014093443884932713,0.010925139211799698
CaseM3m_SteppedCap,stepped_cap,16,0.002011,429,-1,1,-0.01000003,-1.7320079e-14,2.8934798e-07,0.01000003,0.33333433333333334,2.8934798e-06,bottom_cap_zone,0.09999971065202,2.8934798e-07,0.01999997,0.01999997000209306,160,91,0.009999935652084083,12.961102851518952,1.0006927065305666,0.0001936518745949628,-0.0062989215,4194194.8,-16479.29300032,0.098389111,-3.9076022369999994,15.540263623533,-3.976930782868984,119.99904,0.80005366,-7.1013841e-07,7.2283757e-07,0.0,0.0,-3.9076123,7.2283757e-07,0.28303465,100.10303025285448,0.75653,112,0.0,-0.011160894815361672,-0.000210760840917834,0.01623432531316088,0.011856839611146556
CaseM3m_SteppedCap,stepped_cap,16,0.002011,440,-1,1,-0.010000052,0.010000052,2.9823329e-07,0.014142209162836195,0.47140697209453986,2.9823329e-06,bottom_cap_zone,0.09999970176671001,2.9823329e-07,0.015857790837163804,0.0158577908399682,157,86,0.009999919766788401,12.87910165985427,0.9943616099128089,0.00018407042255086874,-0.0033577397,2237562.5,-17101.65696032,3.2394943,-7.328524566666666,21.503843956019782,-2.9342664762056834,119.9984,0.80005336,-1.186695e-06,1.223498e-06,0.0,0.0,-7.3285346,1.223498e-06,0.28303465,100.10303025285448,0.75653,112,0.0,-0.009687515228839129,-0.0018251382016438351,0.01491962490032743,0.011031695359840398
CaseM3m_SteppedCap,stepped_cap,16,0.002011,517,-1,1,-7.6652138e-14,0.01000003,2.8934824e-07,0.01000003,0.33333433333333334,2.8934824e-06,bottom_cap_zone,0.09999971065176,2.8934824e-07,0.01999997,0.01999997000209306,160,91,0.009999935651824082,12.961102851522977,1.0006927065308775,0.00019365193620237767,-0.0062989257,4194197.5,-16479.29155614,0.098390959,-3.9076029863333335,15.5402595474051,-3.9769289771137095,119.99904,0.80005366,-7.1013773e-07,7.2283683e-07,0.0,0.0,-3.907613,7.2283683e-07,0.28303465,100.10303025285448,0.75653,112,0.0,-0.01116089822645644,-0.00021076057735333945,0.016234330156009325,0.011856843852158584
CaseM3m_SteppedCap,stepped_cap,16,0.002011,528,-1,1,2.4735912e-14,0.020000158,3.2221519e-07,0.020000158,0.6666719333333334,3.2221519e-06,edge_ring,0.09999967778481,3.2221519e-07,0.009999841999999998,0.00999984200519121,142,72,0.009999873786187817,12.703186458298209,0.9807796592731398,0.0001587887625319933,0.0012138034,-806005.38,-17919.00970758,8.4006357,-12.240099899999999,26.112204621028944,-2.1333326389786205,119.99836,0.80005258,-1.2139363e-06,1.2653891e-06,0.0,0.0,-12.240109,1.2653891e-06,0.28303465,100.10303025285448,0.75653,112,0.0,-0.008003873988767961,-0.0026701274363645183,0.014093438138332545,0.010925134842971662
CaseM3m_SteppedCap,stepped_cap,16,0.002011,583,-1,1,0.01000003,3.0503659e-14,2.8934826e-07,0.01000003,0.33333433333333334,2.8934826e-06,bottom_cap_zone,0.09999971065174,2.8934826e-07,0.01999997,0.01999997000209306,160,91,0.009999935651804083,12.961102851526427,1.0006927065311437,0.0001936519149760132,-0.0062989234,4194196.0,-16479.29133998,0.098388977,-3.9076028923333332,15.54025925906123,-3.9769289989909207,119.99904,0.80005366,-7.1013915e-07,7.2283831e-07,0.0,0.0,-3.9076128,7.2283831e-07,0.28303465,100.10303025285448,0.75653,112,0.0,-0.011160897639494884,-0.00021076027569871824,0.016234329094950796,0.011856843879071833
CaseM3m_SteppedCap,stepped_cap,16,0.002011,594,-1,1,0.010000052,0.010000052,2.982332e-07,0.014142209162836195,0.47140697209453986,2.982332e-06,bottom_cap_zone,0.09999970176680001,2.982332e-07,0.015857790837163804,0.0158577908399682,157,86,0.0099999197668784,12.879101659871989,0.9943616099141769,0.00018407044519974213,-0.0033577371,2237560.8,-17101.65712077,3.2394917,-7.328523366666666,21.503844849194536,-2.9342670785500173,119.9984,0.80005336,-1.1866929e-06,1.2234958e-06,0.0,0.0,-7.3285332,1.2234958e-06,0.28303465,100.10303025285448,0.75653,112,0.0,-0.009687516254288086,-0.0018251386022982347,0.014919626841485217,0.011031696747569267
CaseM3m_SteppedCap,stepped_cap,16,0.002011,649,-1,1,0.020000158,4.709697e-14,3.2221527e-07,0.020000158,0.6666719333333334,3.2221526999999998e-06,edge_ring,0.09999967778473001,3.2221527e-07,0.009999841999999998,0.009999842005191216,142,72,0.009999873786107817,12.703186458296852,0.980779659273035,0.00015878879664292745,0.0012138034,-806005.38,-17919.00855656,8.4006367,-12.240099233333334,26.112204226619824,-2.13333272294956,119.99836,0.80005258,-1.2139359e-06,1.2653885e-06,0.0,0.0,-12.240109,1.2653885e-06,0.28303465,100.10303025285448,0.75653,112,0.0,-0.008003875941985036,-0.0026701272093808447,0.014093439496925743,0.01092513647148411
CaseM3m_SteppedCap,stepped_cap,17,0.002111,418,-1,1,-0.010000047,-0.010000047,3.1324336e-07,0.014142202091768382,0.4714067363922794,3.1324335999999998e-06,bottom_cap_zone,0.09999968675664,3.1324336e-07,0.015857797908231615,0.015857797911325404,157,86,0.0099999007566929,12.879101448373978,0.9946465371314057,0.00014150965359121541,-0.0056438334,3762060.3,-16723.44234431,3.0234013,-7.3614089,21.47653513011211,-2.9174490130703257,119.9984,0.80005336,-1.1866935e-06,1.2234965e-06,0.0,0.0,-7.3614187,1.2234965e-06,0.28303465,100.10303025285448,0.75653,112,0.0,-0.009761865092816107,-0.0030725371572687963,0.01571422848772198,0.011630319492144233
CaseM3m_SteppedCap,stepped_cap,17,0.002111,484,-1,1,-9.3638137e-14,-0.020000149,3.3433173e-07,0.020000149,0.6666716333333333,3.3433172999999995e-06,edge_ring,0.09999966566827001,3.3433173e-07,0.009999851,0.009999851005588969,142,72,0.009999851669582218,12.703180520109004,0.9810602521868307,0.00013173227297784748,-0.00070119288,472140.03,-17871.54160594,8.7145567,-12.960993566666668,26.084902017184316,-2.0125696292504895,119.99836,0.80005258,-1.2139374e-06,1.2653901e-06,0.0,0.0,-12.961003,1.2653901e-06,0.28303465,100.10303025285448,0.75653,112,0.0,-0.00810836543141277,-0.003870514369653592,0.014936509205581438,0.011518685315239023
CaseM3m_SteppedCap,stepped_cap,17,0.002111,495,-1,1,-2.3123529e-14,-0.010000027,3.0588322e-07,0.010000027,0.33333423333333334,3.0588322e-06,bottom_cap_zone,0.09999969411678,3.0588322e-07,0.019999972999999997,0.019999973002339116,160,91,0.009999918116868622,12.961106492136377,1.0009797454792504,0.0001407391243059125,-0.0087718898,5842327.0,-15891.93932054,-0.45028618,-3.482027506666667,15.384001093857668,-4.418115900693938,119.99904,0.80005366,-7.1013847e-07,7.2283763e-07,0.0,0.0,-3.4820375,7.2283763e-07,0.28303465,100.10303025285448,0.75653,112,0.0,-0.011255164614970116,-0.0016011679428115445,0.016625481367687444,0.012190378804479094
CaseM3m_SteppedCap,stepped_cap,17,0.002111,572,-1,1,0.010000047,-0.010000047,3.1324359e-07,0.014142202091768382,0.4714067363922794,3.1324359e-06,bottom_cap_zone,0.09999968675641001,3.1324359e-07,0.015857797908231615,0.01585779791132541,157,86,0.0099999007564629,12.879101448364812,0.9946465371306978,0.00014150973885918288,-0.0056438362,3762062.0,-16723.43918975,3.0234005,-7.361409566666667,21.47653453524328,-2.917448668050148,119.9984,0.80005336,-1.1866938e-06,1.2234967e-06,0.0,0.0,-7.3614197,1.2234967e-06,0.28303465,100.10303025285448,0.75653,112,0.0,-0.009761869378570412,-0.0030725376213667195,0.01571423409736225,0.011630323838617587
CaseM3m_SteppedCap,stepped_cap,17,0.002111,363,-1,1,-0.020000149,-1.2819322e-13,3.3433187e-07,0.020000149,0.6666716333333333,3.3433187e-06,edge_ring,0.09999966566813001,3.3433187e-07,0.009999851,0.009999851005588973,142,72,0.00999985166944222,12.703180520103098,0.9810602521863745,0.00013173235709140939,-0.00070119638,472142.38,-17871.54033524,8.7145519,-12.960992300000001,26.08491021346356,-2.012570458317729,119.99836,0.80005258,-1.2139378e-06,1.2653906e-06,0.0,0.0,-12.961002,1.2653906e-06,0.28303465,100.10303025285448,0.75653,112,0.0,-0.008108369378355818,-0.003870514381764394,0.014936512692844838,0.011518687989260791
CaseM3m_SteppedCap,stepped_cap,17,0.002111,429,-1,1,-0.010000027,-1.7133993e-14,3.0588325e-07,0.010000027,0.33333423333333334,3.0588325e-06,bottom_cap_zone,0.09999969411675,3.0588325e-07,0.019999972999999997,0.019999973002339116,160,91,0.009999918116838622,12.961106492133169,1.0009797454790026,0.000140739175489532,-0.0087718898,5842327.0,-15891.93926562,-0.45028755,-3.4820261833333332,15.384006010023963,-4.418118991654709,119.99904,0.80005366,-7.1013841e-07,7.2283757e-07,0.0,0.0,-3.4820361,7.2283757e-07,0.28303465,100.10303025285448,0.75653,112,0.0,-0.01125516718935476,-0.001601167773914815,0.016625484697869657,0.012190381098774076
CaseM3m_SteppedCap,stepped_cap,17,0.002111,440,-1,1,-0.010000047,0.010000047,3.1324339e-07,0.014142202091768382,0.4714067363922794,3.1324338999999996e-06,bottom_cap_zone,0.09999968675661,3.1324339e-07,0.015857797908231615,0.015857797911325404,157,86,0.009999900756662902,12.879101448360922,0.9946465371303974,0.00014150971285564404,-0.0056438367,3762062.5,-16723.44097556,3.0234039,-7.3614107,21.476533407434484,-2.9174480656858996,119.9984,0.80005336,-1.186695e-06,1.223498e-06,0.0,0.0,-7.3614206,1.223498e-06,0.28303465,100.10303025285448,0.75653,112,0.0,-0.009761868252215365,-0.0030725372914961963,0.015714232314081974,0.011630322521334745
CaseM3m_SteppedCap,stepped_cap,17,0.002111,517,-1,1,-8.0270683e-14,0.010000027,3.0588347e-07,0.010000027,0.33333423333333334,3.0588347e-06,bottom_cap_zone,0.09999969411653001,3.0588347e-07,0.019999972999999997,0.01999997300233912,160,91,0.009999918116618623,12.961106492137345,1.000979745479325,0.0001407392307662024,-0.0087718954,5842331.0,-15891.9374193,-0.45028529,-3.4820271700000003,15.384001735821752,-4.418116512233231,119.99904,0.80005366,-7.1013773e-07,7.2283683e-07,0.0,0.0,-3.4820371,7.2283683e-07,0.28303465,100.10303025285448,0.75653,112,0.0,-0.01125517071296819,-0.0016011675645161685,0.01662548951473483,0.012190385262067175
CaseM3m_SteppedCap,stepped_cap,17,0.002111,528,-1,1,2.4766579e-14,0.020000149,3.3433153e-07,0.020000149,0.6666716333333333,3.3433153e-06,edge_ring,0.09999966566847,3.3433153e-07,0.009999851,0.009999851005588962,142,72,0.009999851669782218,12.703180520115685,0.9810602521873466,0.00013173224144158368,-0.00070119125,472138.97,-17871.54358893,8.714551,-12.960991333333334,26.084905029665556,-2.0125702084669927,119.99836,0.80005258,-1.2139363e-06,1.2653891e-06,0.0,0.0,-12.961001,1.2653891e-06,0.28303465,100.10303025285448,0.75653,112,0.0,-0.008108362968714332,-0.0038705143604438256,0.014936506990603641,0.01151868369318576
CaseM3m_SteppedCap,stepped_cap,17,0.002111,583,-1,1,0.010000027,3.111791e-14,3.0588353e-07,0.010000027,0.33333423333333334,3.0588352999999996e-06,bottom_cap_zone,0.09999969411647,3.0588353e-07,0.019999972999999997,0.01999997300233912,160,91,0.009999918116558622,12.961106492140928,1.000979745479602,0.0001407391808433208,-0.0087718945,5842330.0,-15891.93730367,-0.45028707,-3.48202731,15.384001500958355,-4.4181162671462095,119.99904,0.80005366,-7.1013915e-07,7.2283831e-07,0.0,0.0,-3.4820373,7.2283831e-07,0.28303465,100.10303025285448,0.75653,112,0.0,-0.011255169000558327,-0.0016011673473239174,0.016625486907879065,0.012190384185719565
CaseM3m_SteppedCap,stepped_cap,17,0.002111,594,-1,1,0.010000047,0.010000047,3.1324333e-07,0.014142202091768382,0.4714067363922794,3.1324332999999995e-06,bottom_cap_zone,0.09999968675667001,3.1324333e-07,0.015857797908231615,0.015857797911325404,157,86,0.0099999007567229,12.879101448378657,0.9946465371317671,0.00014150974696948936,-0.0056438353,3762061.5,-16723.44123655,3.0234015,-7.361409566666666,21.476534422609678,-2.9174486527495995,119.9984,0.80005336,-1.1866929e-06,1.2234958e-06,0.0,0.0,-7.3614197,1.2234958e-06,0.28303465,100.10303025285448,0.75653,112,0.0,-0.009761869683981714,-0.0030725377505076744,0.015714234836111406,0.01163032430848906
CaseM3m_SteppedCap,stepped_cap,17,0.002111,649,-1,1,0.020000149,4.9295413e-14,3.3433162e-07,0.020000149,0.6666716333333333,3.3433161999999997e-06,edge_ring,0.09999966566838,3.3433162e-07,0.009999851,0.009999851005588964,142,72,0.009999851669692219,12.703180520113987,0.9810602521872155,0.00013173225345727225,-0.00070119381,472140.66,-17871.54226826,8.7145519,-12.960990633333333,26.084904649741016,-2.012570287849398,119.99836,0.80005258,-1.2139359e-06,1.2653885e-06,0.0,0.0,-12.961,1.2653885e-06,0.28303465,100.10303025285448,0.75653,112,0.0,-0.008108364548009752,-0.003870514211860963,0.01493650813091415,0.011518685154148604
CaseM3m_SteppedCap,stepped_cap,17,0.002111,514,-3,1,-2.2548814e-13,-1.1651479e-13,0.079998218,2.5381213046149647e-13,8.46040434871655e-12,0.7999821799999999,interior,0.02000178200000001,0.079998218,0.029999999999746188,0.03605650126066443,178,169,0.009998902000000004,12.978171498738345,1.0022976673692836,0.0018243650000000031,-0.02015279,13377657.0,569.0290065701,-130.64412,72.79078433333332,86.7800035000002,1.1921839322764483,119.99847,0.7999813,-1.1228951e-06,5.2025473e-05,0.0,8.0,2582.5183,5.2025473e-05,0.28303465,100.10303025285448,0.75653,112,0.0,-0.0710067139033761,0.035625267137330593,0.12312816685525892,0.08706476173842229
CaseM3m_SteppedCap,stepped_cap,18,0.002212,418,-1,1,-0.010000042,-0.010000042,3.2251032e-07,0.014142195020700571,0.47140650069001905,3.2251031999999996e-06,bottom_cap_zone,0.09999967748968,3.2251032e-07,0.01585780497929943,0.015857804982578976,157,86,0.009999881489705601,12.879106877796954,0.9946431461452278,0.0001034986649969021,-0.0075679701,5045154.5,-16216.23337355,1.973135,-6.7217458,21.534430345109186,-3.203696031633506,119.9984,0.80005336,-1.1866935e-06,1.2234965e-06,0.0,0.0,-6.721756,1.2234965e-06,0.28303465,100.10303025285448,0.75653,112,0.0,-0.009687477007848937,-0.004032761202289136,0.016377869453633204,0.012115474427584382
CaseM3m_SteppedCap,stepped_cap,18,0.002212,484,-1,1,-9.7543379e-14,-0.020000139,3.411881e-07,0.020000139,0.6666713000000001,3.4118809999999996e-06,edge_ring,0.09999965881190001,3.411881e-07,0.009999860999999999,0.009999861005820544,142,72,0.009999826813132471,12.703179546731063,0.9810564187638456,0.00011959230788064749,-0.0023896447,1599213.0,-17710.76651376,8.2864447,-13.094632233333334,26.122553089998583,-1.9949054409868598,119.99836,0.80005258,-1.2139374e-06,1.2653901e-06,0.0,0.0,-13.094643,1.2653901e-06,0.28303465,100.10303025285448,0.75653,112,0.0,-0.008181075404883739,-0.004778668667441601,0.015730555591527955,0.01204553567358131
CaseM3m_SteppedCap,stepped_cap,18,0.002212,495,-1,1,-2.3396688e-14,-0.010000023,3.1640241e-07,0.010000023,0.3333341,3.1640241e-06,bottom_cap_zone,0.09999968359759001,3.1640241e-07,0.019999977,0.019999977002502764,160,91,0.009999899597707128,12.961116126010479,1.0009766549381962,8.307148151225358e-05,-0.010801203,7194566.5,-15168.64161587,-1.8797712,-2.3425241333333333,15.32887749144778,-6.543743679445172,119.99904,0.80005366,-7.1013847e-07,7.2283763e-07,0.0,0.0,-2.3425341,7.2283763e-07,0.28303465,100.10303025285448,0.75653,112,0.0,-0.011138138677200947,-0.0027193801901548107,0.016997089636486756,0.012488985305034698
CaseM3m_SteppedCap,stepped_cap,18,0.002212,572,-1,1,0.010000042,-0.010000042,3.2251057e-07,0.014142195020700571,0.47140650069001905,3.2251056999999998e-06,bottom_cap_zone,0.09999967748943,3.2251057e-07,0.01585780497929943,0.015857804982578983,157,86,0.009999881489455601,12.879106877787462,0.9946431461444948,0.00010349870587301643,-0.0075679701,5045154.5,-16216.23021898,1.9731343,-6.7217465333333335,21.534429856622786,-3.203695609442119,119.9984,0.80005336,-1.1866938e-06,1.2234967e-06,0.0,0.0,-6.7217565,1.2234967e-06,0.28303465,100.10303025285448,0.75653,112,0.0,-0.009687480709999157,-0.004032761570530155,0.016377874230359586,0.012115478169091733
CaseM3m_SteppedCap,stepped_cap,18,0.002212,363,-1,1,-0.020000139,-1.3136547e-13,3.4118824e-07,0.020000139,0.6666713000000001,3.4118824e-06,edge_ring,0.09999965881176001,3.4118824e-07,0.009999860999999999,0.009999861005820551,142,72,0.009999826812992472,12.703179546725163,0.9810564187633901,0.00011959237171636013,-0.0023896466,1599214.3,-17710.7651174,8.2864399,-13.094631966666666,26.12256193459517,-1.99490615704909,119.99836,0.80005258,-1.2139378e-06,1.2653906e-06,0.0,0.0,-13.094642,1.2653906e-06,0.28303465,100.10303025285448,0.75653,112,0.0,-0.008181078667701269,-0.004778668880868587,0.015730558956039486,0.012045537928720129
CaseM3m_SteppedCap,stepped_cap,18,0.002212,429,-1,1,-0.010000023,-1.6548942e-14,3.1640243e-07,0.010000023,0.3333341,3.1640242999999997e-06,bottom_cap_zone,0.09999968359757,3.1640243e-07,0.019999977,0.019999977002502764,160,91,0.009999899597687129,12.961116126007264,1.0009766549379477,8.307152797677603e-05,-0.010801207,7194569.5,-15168.64125935,-1.8797728,-2.3425226333333335,15.328882540077293,-6.543750024845989,119.99904,0.80005366,-7.1013841e-07,7.2283757e-07,0.0,0.0,-2.3425326,7.2283757e-07,0.28303465,100.10303025285448,0.75653,112,0.0,-0.011138141273659408,-0.0027193800158836863,0.01699709289829902,0.01248898762434561
CaseM3m_SteppedCap,stepped_cap,18,0.002212,440,-1,1,-0.010000042,0.010000042,3.2251037e-07,0.014142195020700571,0.47140650069001905,3.2251037e-06,bottom_cap_zone,0.09999967748963001,3.2251037e-07,0.01585780497929943,0.01585780498257898,157,86,0.009999881489655601,12.879106877783856,0.9946431461442163,0.00010349869483086963,-0.0075679729,5045156.5,-16216.23180373,1.9731379,-6.721747733333334,21.5344285089121,-3.2036948370023275,119.9984,0.80005336,-1.186695e-06,1.223498e-06,0.0,0.0,-6.7217579,1.223498e-06,0.28303465,100.10303025285448,0.75653,112,0.0,-0.009687479497767515,-0.004032761302557704,0.01637787244078142,0.012115476787956258
CaseM3m_SteppedCap,stepped_cap,18,0.002212,517,-1,1,-8.3343563e-14,0.010000023,3.1640269e-07,0.010000023,0.3333341,3.1640269e-06,bottom_cap_zone,0.09999968359731,3.1640269e-07,0.019999977,0.019999977002502767,160,91,0.009999899597427128,12.961116126011941,1.000976654938309,8.307156900174168e-05,-0.010801209,7194570.5,-15168.63931249,-1.87977,-2.3425239,15.32887804339945,-6.543744566874835,119.99904,0.80005366,-7.1013773e-07,7.2283683e-07,0.0,0.0,-2.3425338,7.2283683e-07,0.28303465,100.10303025285448,0.75653,112,0.0,-0.011138145616767858,-0.0027193797179694483,0.016997098434609666,0.012488992351745774
CaseM3m_SteppedCap,stepped_cap,18,0.002212,528,-1,1,2.4820833e-14,0.020000139,3.411879e-07,0.020000139,0.6666713000000001,3.411879e-06,edge_ring,0.0999996588121,3.411879e-07,0.009999860999999999,0.009999861005820537,142,72,0.00999982681333247,12.703179546737914,0.9810564187643748,0.00011959230263606137,-0.0023896422,1599211.3,-17710.76867269,8.2864389,-13.094629966666668,26.12255629508641,-1.9949060310664202,119.99836,0.80005258,-1.2139363e-06,1.2653891e-06,0.0,0.0,-13.09464,1.2653891e-06,0.28303465,100.10303025285448,0.75653,112,0.0,-0.008181073739742676,-0.004778668605899454,0.01573055412775323,0.012045534534478796
CaseM3m_SteppedCap,stepped_cap,18,0.002212,583,-1,1,0.010000023,3.1807276e-14,3.1640272e-07,0.010000023,0.3333341,3.1640272e-06,bottom_cap_zone,0.09999968359728001,3.1640272e-07,0.019999977,0.019999977002502767,160,91,0.009999899597397128,12.96111612601538,1.0009766549385746,8.307149692014145e-05,-0.010801207,7194569.5,-15168.6392974,-1.8797716,-2.3425240666666665,15.32887797044201,-6.543744070153563,119.99904,0.80005366,-7.1013915e-07,7.2283831e-07,0.0,0.0,-2.3425341,7.2283831e-07,0.28303465,100.10303025285448,0.75653,112,0.0,-0.011138143231294773,-0.0027193796339393373,0.016997095099785104,0.012488990579153137
CaseM3m_SteppedCap,stepped_cap,18,0.002212,594,-1,1,0.010000042,0.010000042,3.2251029e-07,0.014142195020700571,0.47140650069001905,3.2251028999999998e-06,bottom_cap_zone,0.09999967748971,3.2251029e-07,0.01585780497929943,0.015857804982578976,157,86,0.009999881489735601,12.879106877801958,0.9946431461456142,0.0001034987331243891,-0.007567971,5045155.5,-16216.23216525,1.9731352,-6.721746533333334,21.534429885786487,-3.2036956137808277,119.9984,0.80005336,-1.1866929e-06,1.2234958e-06,0.0,0.0,-6.7217565,1.2234958e-06,0.28303465,100.10303025285448,0.75653,112,0.0,-0.009687481119204481,-0.00403276187914778,0.016377875288250188,0.012115478684196155
CaseM3m_SteppedCap,stepped_cap,18,0.002212,649,-1,1,0.020000139,5.1444878e-14,3.4118798e-07,0.020000139,0.6666713000000001,3.4118797999999995e-06,edge_ring,0.09999965881202001,3.4118798e-07,0.009999860999999999,0.009999861005820542,142,72,0.00999982681325247,12.703179546736528,0.9810564187642677,0.00011959229847862866,-0.0023896431,1599211.9,-17710.76728919,8.2864399,-13.094630299999999,26.122556362848577,-1.9949059854594429,119.99836,0.80005258,-1.2139359e-06,1.2653885e-06,0.0,0.0,-13.09464,1.2653885e-06,0.28303465,100.10303025285448,0.75653,112,0.0,-0.008181075416304709,-0.004778668469523881,0.01573055545206764,0.01204553596940437
CaseM3m_SteppedCap,stepped_cap,18,0.002212,425,-3,1,-0.010000223,-0.010000223,0.069998875,0.014142450993355362,0.4714150331118454,0.6999887499999999,interior,0.030001125000000003,0.069998875,0.015857549006644635,0.0339341916326846,145,145,0.009999246000960476,12.634288937047668,0.9757360519553767,0.0012169544257174085,-0.022768565,15165730.0,2989.80650304,-122.26975,68.89741066666666,81.71754670554724,1.18607573078335,119.988,0.79999971,-8.8831357e-06,3.1852822e-05,0.0,5.0,1608.9442,3.1852822e-05,0.28303465,100.10303025285448,0.75653,112,0.0,-0.05766876796521099,0.017186155890968325,0.09109814066974171,0.06538510044184806
CaseM3m_SteppedCap,stepped_cap,18,0.002212,579,-3,1,0.010000223,-0.010000223,0.069998875,0.014142450993355362,0.4714150331118454,0.6999887499999999,interior,0.030001125000000003,0.069998875,0.015857549006644635,0.0339341916326846,145,145,0.009999246000960476,12.634288937028359,0.9757360519538855,0.0012169546259139298,-0.022768561,15165728.0,2989.804901277,-122.26974,68.897406,81.71753908981461,1.186075700583192,119.988,0.79999971,-8.8831357e-06,3.1852822e-05,0.0,5.0,1608.9432,3.1852822e-05,0.28303465,100.10303025285448,0.75653,112,0.0,-0.05766876675978154,0.017186155599362464,0.0910981379164791,0.06538509912180972
CaseM3m_SteppedCap,stepped_cap,18,0.002212,447,-3,1,-0.010000223,0.010000223,0.069998875,0.014142450993355362,0.4714150331118454,0.6999887499999999,interior,0.030001125000000003,0.069998875,0.015857549006644635,0.0339341916326846,145,145,0.009999246000960476,12.634288937024966,0.9757360519536235,0.001216954524511911,-0.022768557,15165725.0,2989.805533829,-122.26974,68.897406,81.71753893747729,1.186075698372117,119.988,0.79999971,-8.8831348e-06,3.1852818e-05,0.0,5.0,1608.9432,3.1852818e-05,0.28303465,100.10303025285448,0.75653,112,0.0,-0.05766876679517107,0.017186155543715317,0.09109813819486083,0.065385099064357
CaseM3m_SteppedCap,stepped_cap,18,0.002212,601,-3,1,0.010000223,0.010000223,0.069998875,0.014142450993355362,0.4714150331118454,0.6999887499999999,interior,0.030001125000000003,0.069998875,0.015857549006644635,0.0339341916326846,145,145,0.009999246000960476,12.634288937040289,0.9757360519548068,0.001216954529611052,-0.022768559,15165727.0,2989.804483451,-122.26974,68.897406,81.71753947403725,1.1860757061599279,119.988,0.79999971,-8.8831366e-06,3.1852815e-05,0.0,5.0,1608.9432,3.1852815e-05,0.28303465,100.10303025285448,0.75653,112,0.0,-0.05766876597786848,0.017186156071441215,0.09109813751121129,0.0653850987434922
CaseM3m_SteppedCap,stepped_cap,19,0.002312,418,-1,1,-0.010000035,-0.010000035,3.2538583e-07,0.014142185121205634,0.4714061707068545,3.2538583e-06,bottom_cap_zone,0.09999967461417,3.2538583e-07,0.015857814878794365,0.015857814882132653,157,86,0.009999859614182099,12.879117606495626,0.9946403265030631,9.076236272327454e-05,-0.0090822652,6054932.0,-15607.50938664,0.085578553,-5.433225184333335,21.746627367571406,-4.0025264239512195,119.9984,0.80005336,-1.1866935e-06,1.2234965e-06,0.0,0.0,-5.4332352,1.2234965e-06,0.28303465,100.10303025285448,0.75653,112,0.0,-0.009524360136741086,-0.0046838547147028155,0.016789716133201946,0.012415412878855892
CaseM3m_SteppedCap,stepped_cap,19,0.002312,484,-1,1,-1.0086912e-13,-0.020000126,3.4236433e-07,0.020000126,0.6666708666666666,3.4236432999999997e-06,edge_ring,0.09999965763567001,3.4236433e-07,0.009999873999999999,0.00999987400586074,142,72,0.009999802636810072,12.703183181084048,0.981053101067196,0.0001292290873761314,-0.003840999,2568162.8,-17452.57992006,7.1060739,-12.649630633333333,26.301443761436914,-2.0792262259523513,119.99836,0.80005258,-1.2139374e-06,1.2653901e-06,0.0,0.0,-12.649641,1.2653901e-06,0.28303465,100.10303025285448,0.75653,112,0.0,-0.008268633956704992,-0.005369815929996939,0.016353338352259245,0.012443834052206244
CaseM3m_SteppedCap,stepped_cap,19,0.002312,495,-1,1,-2.3536965e-14,-0.010000019,3.201115e-07,0.010000019,0.3333339666666667,3.201115e-06,bottom_cap_zone,0.0999996798885,3.201115e-07,0.019999981,0.019999981002561784,160,91,0.00999987988864906,12.96113138693677,1.0009741620846706,4.49262866146399e-05,-0.012314994,8203027.0,-14343.96194975,-4.1862688,-0.52494797,15.445329564721668,-29.422591280278056,119.99904,0.80005366,-7.1013847e-07,7.2283763e-07,0.0,0.0,-0.52495795,7.2283763e-07,0.28303465,100.10303025285448,0.75653,112,0.0,-0.010838595628769477,-0.003540298389704148,0.01716623200243672,0.012632603056625958
CaseM3m_SteppedCap,stepped_cap,19,0.002312,572,-1,1,0.010000035,-0.010000035,3.2538608e-07,0.014142185121205634,0.4714061707068545,3.2538608e-06,bottom_cap_zone,0.09999967461392001,3.2538608e-07,0.015857814878794365,0.015857814882132656,157,86,0.0099998596139321,12.87911760648605,0.9946403265023235,9.076236501776204e-05,-0.0090822633,6054930.5,-15607.50638287,0.085577838,-5.433225579333333,21.746626912835612,-4.00252604926887,119.9984,0.80005336,-1.1866938e-06,1.2234967e-06,0.0,0.0,-5.4332356,1.2234967e-06,0.28303465,100.10303025285448,0.75653,112,0.0,-0.009524363331162296,-0.004683855073563311,0.016789720237979776,0.01241541590138834
CaseM3m_SteppedCap,stepped_cap,19,0.002312,363,-1,1,-0.020000126,-1.3381101e-13,3.4236447e-07,0.020000126,0.6666708666666666,3.4236447e-06,edge_ring,0.09999965763553001,3.4236447e-07,0.009999873999999999,0.009999874005860743,142,72,0.009999802636670073,12.703183181078176,0.9810531010667425,0.00012922911816081104,-0.0038410015,2568164.3,-17452.57837289,7.1060691,-12.649631033333334,26.30145336689132,-2.0792269195507562,119.99836,0.80005258,-1.2139378e-06,1.2653906e-06,0.0,0.0,-12.649641,1.2653906e-06,0.28303465,100.10303025285448,0.75653,112,0.0,-0.008268636701111939,-0.005369816005223261,0.01635334133010642,0.012443836060204872
CaseM3m_SteppedCap,stepped_cap,19,0.002312,429,-1,1,-0.010000019,-1.5649994e-14,3.2011152e-07,0.010000019,0.3333339666666667,3.2011152e-06,bottom_cap_zone,0.09999967988848,3.2011152e-07,0.019999981,0.019999981002561784,160,91,0.00999987988862906,12.96113138693359,1.000974162084425,4.4926306062885454e-05,-0.012314996,8203028.5,-14343.96144242,-4.1862707,-0.5249460633333335,15.445334543192509,-29.422707630412184,119.99904,0.80005366,-7.1013841e-07,7.2283757e-07,0.0,0.0,-0.52495605,7.2283757e-07,0.28303465,100.10303025285448,0.75653,112,0.0,-0.0108385982568573,-0.0035402982775724406,0.017166235322622292,0.012632605329769947
CaseM3m_SteppedCap,stepped_cap,19,0.002312,440,-1,1,-0.010000035,0.010000035,3.2538588e-07,0.014142185121205634,0.4714061707068545,3.2538588e-06,bottom_cap_zone,0.09999967461412,3.2538588e-07,0.015857814878794365,0.015857814882132653,157,86,0.0099998596141321,12.879117606482724,0.9946403265020667,9.076237515257449e-05,-0.0090822652,6054932.0,-15607.50781682,0.085581616,-5.433227472,21.746625648147223,-4.0025244222182685,119.9984,0.80005336,-1.186695e-06,1.223498e-06,0.0,0.0,-5.4332376,1.223498e-06,0.28303465,100.10303025285448,0.75653,112,0.0,-0.009524363202686865,-0.004683854854381971,0.016789719802555864,0.01241541557140872
CaseM3m_SteppedCap,stepped_cap,19,0.002312,517,-1,1,-8.6010937e-14,0.010000019,3.2011181e-07,0.010000019,0.3333339666666667,3.2011180999999997e-06,bottom_cap_zone,0.09999967988819,3.2011181e-07,0.019999981,0.01999998100256179,160,91,0.00999987988833906,12.961131386938687,1.0009741620848187,4.4926257371658914e-05,-0.012314998,8203029.5,-14343.95939503,-4.1862674,-0.5249475699999998,15.445329763628408,-29.42261407863725,119.99904,0.80005366,-7.1013773e-07,7.2283683e-07,0.0,0.0,-0.5249576,7.2283683e-07,0.28303465,100.10303025285448,0.75653,112,0.0,-0.01083860235628095,-0.003540297976142713,0.01716624017849598,0.012632609535674584
CaseM3m_SteppedCap,stepped_cap,19,0.002312,528,-1,1,2.4839119e-14,0.020000126,3.423641e-07,0.020000126,0.6666708666666666,3.4236409999999998e-06,edge_ring,0.0999996576359,3.423641e-07,0.009999873999999999,0.009999874005860731,142,72,0.009999802637040072,12.703183181092053,0.9810531010678142,0.00012922909475429658,-0.0038409973,2568161.5,-17452.58220465,7.1060681,-12.649628366666667,26.30144717037394,-2.0792268680146764,119.99836,0.80005258,-1.2139363e-06,1.2653891e-06,0.0,0.0,-12.649638,1.2653891e-06,0.28303465,100.10303025285448,0.75653,112,0.0,-0.008268631549715645,-0.005369815577557782,0.016353335586312318,0.01244383207948895
CaseM3m_SteppedCap,stepped_cap,19,0.002312,583,-1,1,0.010000019,3.2399241e-14,3.2011184e-07,0.010000019,0.3333339666666667,3.2011183999999996e-06,bottom_cap_zone,0.09999967988816001,3.2011184e-07,0.019999981,0.01999998100256179,160,91,0.00999987988830906,12.961131386942073,1.00097416208508,4.492619849163552e-05,-0.012314997,8203029.0,-14343.95943021,-4.1862698,-0.5249474033333333,15.445330089811188,-29.422624041448294,119.99904,0.80005366,-7.1013915e-07,7.2283831e-07,0.0,0.0,-0.52495742,7.2283831e-07,0.28303465,100.10303025285448,0.75653,112,0.0,-0.010838600812220042,-0.0035402979570395383,0.01716623809958614,0.012632608511911367
CaseM3m_SteppedCap,stepped_cap,19,0.002312,594,-1,1,0.010000035,0.010000035,3.2538583e-07,0.014142185121205634,0.4714061707068545,3.2538583e-06,bottom_cap_zone,0.09999967461417,3.2538583e-07,0.015857814878794365,0.015857814882132653,157,86,0.009999859614182099,12.879117606500646,0.9946403265034508,9.076240420302547e-05,-0.0090822652,6054932.0,-15607.50817834,0.085578792,-5.433225597333333,21.74662677878308,-4.002526011335971,119.9984,0.80005336,-1.1866929e-06,1.2234958e-06,0.0,0.0,-5.4332356,1.2234958e-06,0.28303465,100.10303025285448,0.75653,112,0.0,-0.009524365271217968,-0.0046838553623209465,0.016789723095680956,0.012415417817285232
CaseM3m_SteppedCap,stepped_cap,19,0.002312,649,-1,1,0.020000126,5.3412546e-14,3.4236419e-07,0.020000126,0.6666708666666666,3.4236419e-06,edge_ring,0.09999965763581001,3.4236419e-07,0.009999873999999999,0.009999874005860734,142,72,0.009999802636950073,12.70318318109032,0.9810531010676804,0.00012922908804687087,-0.0038409997,2568163.0,-17452.58067035,7.1060691,-12.649628366666667,26.301447211602877,-2.0792268712739768,119.99836,0.80005258,-1.2139359e-06,1.2653885e-06,0.0,0.0,-12.649638,1.2653885e-06,0.28303465,100.10303025285448,0.75653,112,0.0,-0.00826863369155991,-0.005369815679812045,0.016353337836019114,0.012443833955655355
CaseM3m_SteppedCap,stepped_cap,19,0.002312,427,-3,1,-0.010000493,-0.010000493,0.089996636,0.0141428328310172,0.4714277610339067,0.89996636,top_cap_zone,0.010003364,0.089996636,0.0158571671689828,0.01874878774592005,148,114,0.009998284000220934,12.641906231971637,0.9763207485462795,0.002824176080330236,0.022329045,-14832719.0,-17205.48683005,-131.03598,68.073832,94.58169021015155,1.3893986489573784,120.03795,0.79993069,2.8116088e-05,0.00012352641,0.0,8.0,3851.8447,0.00012352641,0.28303465,100.10303025285448,0.75653,112,0.0,-0.08008899280936684,0.045702007971484215,0.14680252344373118,0.10432939458707861
CaseM3m_SteppedCap,stepped_cap,19,0.002312,581,-3,1,0.010000493,-0.010000493,0.089996636,0.0141428328310172,0.4714277610339067,0.89996636,top_cap_zone,0.010003364,0.089996636,0.0158571671689828,0.01874878774592005,148,114,0.009998284000220934,12.64190623198108,0.9763207485470088,0.0028241760877788648,0.022329051,-14832723.0,-17205.49029849,-131.03598,68.07383466666666,94.5816862568769,1.3893985364569188,120.03795,0.79993069,2.8116083e-05,0.00012352641,0.0,8.0,3851.844,0.00012352641,0.28303465,100.10303025285448,0.75653,112,0.0,-0.08008899273846115,0.045702008521987275,0.14680252419268272,0.10432939505700004
CaseM3m_SteppedCap,stepped_cap,19,0.002312,449,-3,1,-0.010000493,0.010000493,0.089996636,0.0141428328310172,0.4714277610339067,0.89996636,top_cap_zone,0.010003364,0.089996636,0.0158571671689828,0.01874878774592005,148,114,0.009998284000220934,12.641906231951337,0.9763207485447117,0.0028241763020525387,0.022329049,-14832722.0,-17205.48750709,-131.03598,68.07383333333333,94.58168818381381,1.3893985919770517,120.03795,0.79993069,2.8116081e-05,0.00012352641,0.0,8.0,3851.8445,0.00012352641,0.28303465,100.10303025285448,0.75653,112,0.0,-0.08008899862477792,0.04570200969214369,0.14680253147951675,0.10432940092824101
CaseM3m_SteppedCap,stepped_cap,19,0.002312,603,-3,1,0.010000493,0.010000493,0.089996636,0.0141428328310172,0.4714277610339067,0.89996636,top_cap_zone,0.010003364,0.089996636,0.0158571671689828,0.01874878774592005,148,114,0.009998284000220934,12.641906231970136,0.9763207485461636,0.0028241762921210303,0.022329047,-14832720.0,-17205.48808212,-131.03596,68.07382166666666,94.58167578230952,1.3893986479184672,120.03795,0.79993069,2.811609e-05,0.00012352642,0.0,8.0,3851.8428,0.00012352642,0.28303465,100.10303025285448,0.75653,112,0.0,-0.0800889982365151,0.045702008868707955,0.14680252983031322,0.10432939962305056
CaseM3m_SteppedCap,stepped_cap,20,0.002413,418,-1,1,-0.010000029,-0.010000029,3.2158712e-07,0.01414217663592426,0.47140588786414206,3.2158711999999997e-06,bottom_cap_zone,0.09999967841288,3.2158712e-07,0.01585782336407574,0.015857823367336533,157,86,0.0099998374128836,12.87913318809752,0.9946382294073239,0.00011602092417053703,-0.010208128,6805681.0,-14947.95447461,-2.6226382,-3.535929533333333,22.184594033328224,-6.2740486834348,119.9984,0.80005336,-1.1866935e-06,1.2234965e-06,0.0,0.0,-3.5359395,1.2234965e-06,0.28303465,100.10303025285448,0.75653,112,0.0,-0.009440200329325093,-0.004999856118946315,0.016988030754827466,0.012572719736766418
CaseM3m_SteppedCap,stepped_cap,20,0.002413,484,-1,1,-1.0371275e-13,-0.020000113,3.3775623e-07,0.020000113,0.6666704333333333,3.3775623e-06,edge_ring,0.09999966224377001,3.3775623e-07,0.009999886999999999,0.009999887005704026,142,72,0.009999776244821273,12.703191511744617,0.9810504890764502,0.00015534882792897134,-0.0050705774,3389176.5,-16230.97545413,5.1773005,-11.644940833333335,26.696081398800057,-2.292504683440145,119.99836,0.80005258,-1.2139374e-06,1.2653901e-06,0.0,0.0,-11.644951,1.2653901e-06,0.28303465,100.10303025285448,0.75653,112,0.0,-0.008510272253460079,-0.005624712785490232,0.01683616062875753,0.01274573781771393
CaseM3m_SteppedCap,stepped_cap,20,0.002413,572,-1,1,0.010000029,-0.010000029,3.2158738e-07,0.01414217663592426,0.47140588786414206,3.2158738e-06,bottom_cap_zone,0.09999967841262,3.2158738e-07,0.01585782336407574,0.01585782336733654,157,86,0.0099998374126236,12.879133188087936,0.9946382294065839,0.00011602088454281346,-0.010208131,6805682.5,-14947.95372662,-2.6226385,-3.535930366666667,22.184593705232963,-6.274047112004203,119.9984,0.80005336,-1.1866938e-06,1.2234967e-06,0.0,0.0,-3.5359404,1.2234967e-06,0.28303465,100.10303025285448,0.75653,112,0.0,-0.009440202949275693,-0.004999856297156956,0.016988033919518534,0.01257272218982393
CaseM3m_SteppedCap,stepped_cap,20,0.002413,363,-1,1,-0.020000113,-1.356353e-13,3.3775638e-07,0.020000113,0.6666704333333333,3.3775638e-06,edge_ring,0.09999966224362,3.3775638e-07,0.009999886999999999,0.009999887005704032,142,72,0.009999776244671273,12.703191511738392,0.9810504890759695,0.0001553488214210194,-0.0050705778,3389176.8,-16230.9758182,5.1772962,-11.6449414,26.696091148907858,-2.2925054091648636,119.99836,0.80005258,-1.2139378e-06,1.2653906e-06,0.0,0.0,-11.644952,1.2653906e-06,0.28303465,100.10303025285448,0.75653,112,0.0,-0.008510275677884453,-0.005624712738303779,0.016836164442995266,0.012745740624570451
CaseM3m_SteppedCap,stepped_cap,20,0.002413,440,-1,1,-0.010000029,0.010000029,3.2158718e-07,0.01414217663592426,0.47140588786414206,3.2158717999999998e-06,bottom_cap_zone,0.09999967841282001,3.2158718e-07,0.01585782336407574,0.015857823367336536,157,86,0.009999837412823601,12.879133188084797,0.9946382294063415,0.00011602088863738059,-0.010208131,6805682.5,-14947.95422153,-2.6226349,-3.5359319,22.18459218345121,-6.274043960929001,119.9984,0.80005336,-1.186695e-06,1.223498e-06,0.0,0.0,-3.5359418,1.223498e-06,0.28303465,100.10303025285448,0.75653,112,0.0,-0.0094402031966011,-0.004999855997959126,0.016988033800818876,0.012572722164489191
CaseM3m_SteppedCap,stepped_cap,20,0.002413,528,-1,1,2.4671088e-14,0.020000113,3.3775601e-07,0.020000113,0.6666704333333333,3.3775600999999998e-06,edge_ring,0.09999966224399001,3.3775601e-07,0.009999886999999999,0.009999887005704018,142,72,0.009999776245041272,12.703191511752395,0.981050489077051,0.0001553488346282246,-0.0050705709,3389172.0,-16230.97624129,5.1772947,-11.644938566666667,26.696085039726587,-2.2925054423338422,119.99836,0.80005258,-1.2139363e-06,1.2653891e-06,0.0,0.0,-11.644949,1.2653891e-06,0.28303465,100.10303025285448,0.75653,112,0.0,-0.008510271390906026,-0.005624712227204399,0.01683615903213056,0.012745736836175817
CaseM3m_SteppedCap,stepped_cap,20,0.002413,594,-1,1,0.010000029,0.010000029,3.2158712e-07,0.01414217663592426,0.47140588786414206,3.2158711999999997e-06,bottom_cap_zone,0.09999967841288,3.2158712e-07,0.01585782336407574,0.015857823367336533,157,86,0.0099998374128836,12.87913318810272,0.9946382294077256,0.00011602088142414815,-0.010208133,6805684.0,-14947.95445941,-2.6226377,-3.5359301666666663,22.184593472863607,-6.274047401161517,119.9984,0.80005336,-1.1866929e-06,1.2234958e-06,0.0,0.0,-3.5359402,1.2234958e-06,0.28303465,100.10303025285448,0.75653,112,0.0,-0.00944020569716136,-0.004999856512575032,0.016988037680589558,0.012572724806791103
CaseM3m_SteppedCap,stepped_cap,20,0.002413,649,-1,1,0.020000113,5.5111064e-14,3.3775609e-07,0.020000113,0.6666704333333333,3.3775608999999997e-06,edge_ring,0.09999966224391,3.3775609e-07,0.009999886999999999,0.009999887005704021,142,72,0.009999776244961274,12.703191511750994,0.9810504890769427,0.00015534879984001687,-0.0050705755,3389175.3,-16230.97574356,5.1772947,-11.644938233333333,26.69608545231563,-2.292505543386978,119.99836,0.80005258,-1.2139359e-06,1.2653885e-06,0.0,0.0,-11.644948,1.2653885e-06,0.28303465,100.10303025285448,0.75653,112,0.0,-0.00851027302661278,-0.005624712170150148,0.01683616060715677,0.012745738477205719
CaseM3m_SteppedCap,stepped_cap,20,0.002413,359,-3,1,-0.020001037,-0.010000714,0.069998667,0.022361926607185816,0.7453975535728605,0.6999866699999999,lateral_surface,0.030001333000000005,0.069998667,0.007638073392814183,0.030958361502684623,115,115,0.009999208010111296,11.036375911923857,0.8523245497805988,0.0014984837836680895,-0.013338863,8894004.0,6637.372640138,-119.94743,68.585888,81.47988795157536,1.187997856812401,119.99174,0.79999322,-6.1227965e-06,3.3814707e-05,0.0,4.0,1561.9415,3.3814707e-05,0.28303465,100.10303025285448,0.75653,112,0.0,-0.05922737351576797,0.027451299473790186,0.10555061226620595,0.0763678618316595
CaseM3m_SteppedCap,stepped_cap,20,0.002413,414,-3,1,-0.010000714,-0.020001037,0.069998667,0.022361926607185816,0.7453975535728605,0.6999866699999999,lateral_surface,0.030001333000000005,0.069998667,0.007638073392814183,0.030958361502684623,115,115,0.009999208010111296,11.036375911914048,0.8523245497798412,0.001498483678904168,-0.013338873,8894011.0,6637.372810011,-119.94743,68.58588666666667,81.47988995434044,1.1879979091083235,119.99174,0.79999322,-6.1227975e-06,3.3814707e-05,0.0,4.0,1561.9406,3.3814707e-05,0.28303465,100.10303025285448,0.75653,112,0.0,-0.05922737325341028,0.02745129872045628,0.10555061219133162,0.07636786110140846
CaseM3m_SteppedCap,stepped_cap,20,0.002413,568,-3,1,0.010000714,-0.020001037,0.069998667,0.022361926607185816,0.7453975535728605,0.6999866699999999,lateral_surface,0.030001333000000005,0.069998667,0.007638073392814183,0.030958361502684623,115,115,0.009999208010111296,11.036375911910776,0.8523245497795885,0.0014984835068836096,-0.013338864,8894005.0,6637.372033595,-119.94742,68.58587833333333,81.47988991403145,1.1879980528649368,119.99174,0.79999322,-6.1228034e-06,3.3814704e-05,0.0,4.0,1561.9408,3.3814704e-05,0.28303465,100.10303025285448,0.75653,112,0.0,-0.05922737327501529,0.027451299126584207,0.10555061564770209,0.07636786206788486
CaseM3m_SteppedCap,stepped_cap,20,0.002413,645,-3,1,0.020001037,-0.010000714,0.069998667,0.022361926607185816,0.7453975535728605,0.6999866699999999,lateral_surface,0.030001333000000005,0.069998667,0.007638073392814183,0.030958361502684623,115,115,0.009999208010111296,11.03637591189638,0.8523245497784767,0.001498483574140248,-0.013338866,8894006.0,6637.371990406,-119.94743,68.585883,81.47989647725973,1.1879980677256825,119.99174,0.79999322,-6.1228002e-06,3.3814693e-05,0.0,4.0,1561.9415,3.3814693e-05,0.28303465,100.10303025285448,0.75653,112,0.0,-0.05922737322566053,0.02745129808668374,0.10555061308485833,0.07636786092386602
CaseM3m_SteppedCap,stepped_cap,20,0.002413,381,-3,1,-0.020001037,0.010000714,0.069998667,0.022361926607185816,0.7453975535728605,0.6999866699999999,lateral_surface,0.030001333000000005,0.069998667,0.007638073392814183,0.030958361502684623,115,115,0.009999208010111296,11.036375911899878,0.8523245497787468,0.0014984835972560613,-0.013338868,8894007.0,6637.372081297,-119.94743,68.585883,81.47989739356449,1.1879980810856439,119.99174,0.79999322,-6.1228016e-06,3.3814697e-05,0.0,5.0,1561.9418,3.3814697e-05,0.28303465,100.10303025285448,0.75653,112,0.0,-0.05922737383982353,0.027451299367122935,0.10555061519012035,0.07636786233630383
CaseM3m_SteppedCap,stepped_cap,20,0.002413,458,-3,1,-0.010000714,0.020001037,0.069998667,0.022361926607185816,0.7453975535728605,0.6999866699999999,lateral_surface,0.030001333000000005,0.069998667,0.007638073392814183,0.030958361502684623,115,115,0.009999208010111296,11.036375911901546,0.8523245497788757,0.0014984836414495392,-0.013338866,8894006.0,6637.372111817,-119.94743,68.58588433333334,81.47989478430573,1.1879980199468798,119.99174,0.79999322,-6.1227997e-06,3.3814704e-05,0.0,4.0,1561.9413,3.3814704e-05,0.28303465,100.10303025285448,0.75653,112,0.0,-0.05922737352806283,0.02745130136134836,0.10555061678353861,0.07636786346854858
CaseM3m_SteppedCap,stepped_cap,20,0.002413,612,-3,1,0.010000714,0.020001037,0.069998667,0.022361926607185816,0.7453975535728605,0.6999866699999999,lateral_surface,0.030001333000000005,0.069998667,0.007638073392814183,0.030958361502684623,115,115,0.009999208010111296,11.036375911917698,0.8523245497801232,0.0014984837164114474,-0.013338866,8894006.0,6637.371603499,-119.94743,68.58588566666667,81.47989318971653,1.1879979736022634,119.99174,0.79999322,-6.1228038e-06,3.3814707e-05,0.0,4.0,1561.9412,3.3814707e-05,0.28303465,100.10303025285448,0.75653,112,0.0,-0.059227373148441946,0.027451300364430296,0.10555061453930761,0.07636786261641301
CaseM3m_SteppedCap,stepped_cap,20,0.002413,667,-3,1,0.020001037,0.010000714,0.069998667,0.022361926607185816,0.7453975535728605,0.6999866699999999,lateral_surface,0.030001333000000005,0.069998667,0.007638073392814183,0.030958361502684623,115,115,0.009999208010111296,11.03637591192395,0.8523245497806059,0.0014984837164114474,-0.013338866,8894006.0,6637.371550755,-119.94742,68.58587966666666,81.47988739804768,1.1879979930861428,119.99174,0.79999322,-6.1228025e-06,3.38147e-05,0.0,4.0,1561.9404,3.38147e-05,0.28303465,100.10303025285448,0.75653,112,0.0,-0.059227372605195915,0.02745130030553434,0.10555061387860078,0.07636786232972272
CaseM3m_SteppedCap,stepped_cap,21,0.002513,418,-1,1,-0.010000023,-0.010000023,3.1121667e-07,0.014142168150642887,0.4714056050214296,3.1121667e-06,bottom_cap_zone,0.09999968878333,3.1121667e-07,0.015857831849357112,0.015857831852410992,157,86,0.009999814783329999,12.879153746688498,0.9946368884295143,0.0001615043220536764,-0.011034392,7363831.0,-14207.64586124,-6.1107049,-1.0886133666666666,22.9107250053634,-21.045786967981133,119.9984,0.80005336,-1.1866935e-06,1.2234965e-06,0.0,0.0,-1.0886234,1.2234965e-06,0.28303465,100.10303025285448,0.75653,112,0.0,-0.009504106988741353,-0.0050274050808288995,0.017049824231486977,0.012624237443764558
CaseM3m_SteppedCap,stepped_cap,21,0.002513,484,-1,1,-1.0618004e-13,-0.0200001,3.2753027e-07,0.0200001,0.66667,3.2753027e-06,edge_ring,0.09999967246973,3.2753027e-07,0.009999899999999999,0.009999900005363858,142,72,0.009999750470682224,12.703204233809688,0.9810485829047458,0.0001893637842103569,-0.0061630178,4123370.3,-15816.44034161,2.5233285,-10.113110166666665,27.367981214411426,-2.7061883795766124,119.99836,0.80005258,-1.2139374e-06,1.2653901e-06,0.0,0.0,-10.11312,1.2653901e-06,0.28303465,100.10303025285448,0.75653,112,0.0,-0.008906016641295113,-0.005586058967833004,0.01721427465445709,0.012960606656615333
CaseM3m_SteppedCap,stepped_cap,21,0.002513,572,-1,1,0.010000023,-0.010000023,3.1121692e-07,0.014142168150642887,0.4714056050214296,3.1121691999999997e-06,bottom_cap_zone,0.09999968878308,3.1121692e-07,0.015857831849357112,0.015857831852410995,157,86,0.00999981478308,12.879153746679213,0.9946368884287972,0.00016150428276218986,-0.011034393,7363832.0,-14207.64501273,-6.1107049,-1.0886143000000004,22.9107246690646,-21.045768615261245,119.9984,0.80005336,-1.1866938e-06,1.2234967e-06,0.0,0.0,-1.0886244,1.2234967e-06,0.28303465,100.10303025285448,0.75653,112,0.0,-0.009504108868088907,-0.005027405336715155,0.017049826735661244,0.012624239457637432
CaseM3m_SteppedCap,stepped_cap,21,0.002513,363,-1,1,-0.0200001,-1.3684496e-13,3.2753042e-07,0.0200001,0.66667,3.2753041999999998e-06,edge_ring,0.09999967246958001,3.2753042e-07,0.009999899999999999,0.009999900005363861,142,72,0.009999750470532224,12.703204233803408,0.9810485829042609,0.00018936374480131034,-0.0061630178,4123370.3,-15816.44070568,2.5233245,-10.113111166666668,27.367991205355583,-2.706189099904477,119.99836,0.80005258,-1.2139378e-06,1.2653906e-06,0.0,0.0,-10.113121,1.2653906e-06,0.28303465,100.10303025285448,0.75653,112,0.0,-0.008906020237452067,-0.005586058602898981,0.017214278549486567,0.012960609683439536
CaseM3m_SteppedCap,stepped_cap,21,0.002513,440,-1,1,-0.010000023,0.010000023,3.1121672e-07,0.014142168150642887,0.4714056050214296,3.1121672e-06,bottom_cap_zone,0.09999968878328,3.1121672e-07,0.015857831849357112,0.015857831852410992,157,86,0.009999814783279999,12.879153746676087,0.9946368884285557,0.00016150428856101412,-0.011034395,7363833.0,-14207.6454071,-6.1107016,-1.0886157333333335,22.910723552124193,-21.04573987918742,119.9984,0.80005336,-1.186695e-06,1.223498e-06,0.0,0.0,-1.0886258,1.223498e-06,0.28303465,100.10303025285448,0.75653,112,0.0,-0.009504108929655803,-0.005027404892375237,0.017049826238321734,0.012624239155965422
CaseM3m_SteppedCap,stepped_cap,21,0.002513,528,-1,1,2.4403063e-14,0.0200001,3.2753005e-07,0.0200001,0.66667,3.2753005e-06,edge_ring,0.09999967246995001,3.2753005e-07,0.009999899999999999,0.009999900005363847,142,72,0.009999750470902225,12.703204233817505,0.9810485829053496,0.00018936375594366125,-0.0061630127,4123366.8,-15816.44148063,2.5233231,-10.113108366666665,27.367985013538128,-2.706189236906077,119.99836,0.80005258,-1.2139363e-06,1.2653891e-06,0.0,0.0,-10.113118,1.2653891e-06,0.28303465,100.10303025285448,0.75653,112,0.0,-0.008906017142357553,-0.005586057943533038,0.017214273783343653,0.012960606588349737
CaseM3m_SteppedCap,stepped_cap,21,0.002513,594,-1,1,0.010000023,0.010000023,3.1121667e-07,0.014142168150642887,0.4714056050214296,3.1121667e-06,bottom_cap_zone,0.09999968878333,3.1121667e-07,0.015857831849357112,0.015857831852410992,157,86,0.009999814783329999,12.879153746693833,0.9946368884299261,0.0001615042468269715,-0.011034397,7363835.0,-14207.64544391,-6.1107039,-1.0886141666666662,22.910724262641963,-21.045770819605025,119.9984,0.80005336,-1.1866929e-06,1.2234958e-06,0.0,0.0,-1.0886241,1.2234958e-06,0.28303465,100.10303025285448,0.75653,112,0.0,-0.009504111753843419,-0.005027405307493264,0.017049830286438784,0.012624242113688212
CaseM3m_SteppedCap,stepped_cap,21,0.002513,649,-1,1,0.0200001,5.6606721e-14,3.2753016e-07,0.0200001,0.66667,3.2753016e-06,edge_ring,0.09999967246984001,3.2753016e-07,0.009999899999999999,0.009999900005363853,142,72,0.009999750470792225,12.703204233815176,0.9810485829051697,0.00018936374181031463,-0.0061630164,4123369.3,-15816.44073157,2.5233228,-10.113107933333334,27.36798559016892,-2.7061894098808743,119.99836,0.80005258,-1.2139359e-06,1.2653885e-06,0.0,0.0,-10.113118,1.2653885e-06,0.28303465,100.10303025285448,0.75653,112,0.0,-0.00890601742359369,-0.005586058034839619,0.017214274267471814,0.01296060726933854
CaseM3m_Overhang045Extended,overhang045_extended,7,0.001106,638,-1,1,-8.1329732e-14,-0.01000003,0.030000033,0.01000003,0.33333433333333334,0.30000033,interior,0.06999996700000001,0.030000033,0.01999997,0.03605552357131968,153,153,0.009999981000000801,12.935955030973124,0.9967885152242376,0.0001191990065826477,0.024122247,-16055770.0,-20609.9294601,-19.13553,-0.09497086666666732,28.90061195093139,-304.3102897267217,119.99883,0.80005133,-8.7163158e-07,9.1469212e-07,0.0,0.0,-0.094980702,9.1469212e-07,0.3752375,132.7131176854335,0.786599,112,0.0,-0.006973666101175875,0.012833065966666217,0.027504377143192746,0.01947300593901458
CaseM3m_Overhang045Extended,overhang045_extended,7,0.001106,572,-1,1,-0.01000003,-1.0154555e-14,0.030000033,0.01000003,0.33333433333333334,0.30000033,interior,0.06999996700000001,0.030000033,0.01999997,0.03605552357131968,153,153,0.009999981000000801,12.935955030972808,0.9967885152242133,0.00011919914376953804,0.024122247,-16055770.0,-20609.92845466,-19.13553,-0.09497183333333344,28.90061327252115,-304.3072062332985,119.99883,0.80005133,-8.7163369e-07,9.1469434e-07,0.0,0.0,-0.094981655,9.1469434e-07,0.3752375,132.7131176854335,0.786599,112,0.0,-0.006973665859562181,0.012833065890547543,0.027504376928975012,0.01947300584919285
CaseM3m_Overhang045Extended,overhang045_extended,7,0.001106,660,-1,1,-1.7757563e-14,0.01000003,0.030000033,0.01000003,0.33333433333333334,0.30000033,interior,0.06999996700000001,0.030000033,0.01999997,0.03605552357131968,153,153,0.009999981000000801,12.935955030964148,0.996788515223546,0.0001191991063874033,0.024122246,-16055769.0,-20609.93016389,-19.135527,-0.09497186666666717,28.90060897752512,-304.30705420333214,119.99883,0.80005133,-8.7163511e-07,9.1469587e-07,0.0,0.0,-0.094981976,9.1469587e-07,0.3752375,132.7131176854335,0.786599,112,0.0,-0.006973666134189518,0.012833065602440671,0.02750437653219954,0.019473005588291938
CaseM3m_Overhang045Extended,overhang045_extended,7,0.001106,726,-1,1,0.01000003,1.5148307e-14,0.030000033,0.01000003,0.33333433333333334,0.30000033,interior,0.06999996700000001,0.030000033,0.01999997,0.03605552357131968,153,153,0.009999981000000801,12.935955030964685,0.9967885152235874,0.00011919923969863592,0.024122247,-16055770.0,-20609.93036496,-19.13553,-0.09497150000000094,28.900613180202484,-304.30827332623153,119.99883,0.80005133,-8.7163488e-07,9.1469559e-07,0.0,0.0,-0.094981343,9.1469559e-07,0.3752375,132.7131176854335,0.786599,112,0.0,-0.0069736663051408404,0.012833066764748616,0.027504378838554448,0.019473007295648433
CaseM3m_Overhang045Extended,overhang045_extended,7,0.001106,639,-1,1,-4.2677779e-14,-0.010000034,0.040000014,0.010000034,0.33333446666666666,0.40000014,interior,0.059999986000000005,0.040000014,0.019999966,0.044721356866729255,153,153,0.009999981000000801,12.935935218995708,0.9967869885992992,6.057648422842253e-05,0.024305716,-16179763.0,-21531.78591614,-18.04727,-0.5042911666666671,27.831113023971742,-55.188579264502394,119.99729,0.80005383,-2.0064253e-06,2.0953519e-06,0.0,0.0,-0.50430119,2.0953519e-06,0.3752375,132.7131176854335,0.786599,112,0.0,-0.008707272424486807,0.012568952992346772,0.028024269466754854,0.019816597488720503
CaseM3m_Overhang045Extended,overhang045_extended,7,0.001106,573,-1,1,-0.010000034,-2.6390506e-14,0.040000014,0.010000034,0.33333446666666666,0.40000014,interior,0.059999986000000005,0.040000014,0.019999966,0.044721356866729255,153,153,0.009999981000000801,12.935935218990684,0.9967869885989121,6.057647929007373e-05,0.024305716,-16179763.0,-21531.78641887,-18.047266,-0.5042927999999994,27.831109538291,-55.18839360445168,119.99729,0.80005383,-2.0064251e-06,2.0953519e-06,0.0,0.0,-0.5043028,2.0953519e-06,0.3752375,132.7131176854335,0.786599,112,0.0,-0.008707272543948243,0.012568951790773452,0.028024267473823257,0.019816596072168107
CaseM3m_Overhang045Extended,overhang045_extended,7,0.001106,661,-1,1,-2.104411e-14,0.010000034,0.040000014,0.010000034,0.33333446666666666,0.40000014,interior,0.059999986000000005,0.040000014,0.019999966,0.044721356866729255,153,153,0.009999981000000801,12.935935218982973,0.9967869885983179,6.057653418798296e-05,0.024305711,-16179759.0,-21531.787927,-18.047266,-0.5042927999999994,27.831109550926424,-55.18839362950741,119.99729,0.80005383,-2.0064242e-06,2.0953507e-06,0.0,0.0,-0.5043028,2.0953507e-06,0.3752375,132.7131176854335,0.786599,112,0.0,-0.008707272295179848,0.012568952264983252,0.02802426819265486,0.01981659657619308
CaseM3m_Overhang045Extended,overhang045_extended,7,0.001106,727,-1,1,0.010000034,-2.5148227e-14,0.040000014,0.010000034,0.33333446666666666,0.40000014,interior,0.059999986000000005,0.040000014,0.019999966,0.044721356866729255,153,153,0.009999981000000801,12.935935218987998,0.9967869885987052,6.057657763293485e-05,0.024305711,-16179759.0,-21531.78571508,-18.04727,-0.5042911333333334,27.831113055267455,-55.18858297449235,119.99729,0.80005383,-2.0064256e-06,2.0953523e-06,0.0,0.0,-0.50430119,2.0953523e-06,0.3752375,132.7131176854335,0.786599,112,0.0,-0.008707272249613872,0.012568952831645545,0.02802426915844162,0.01981659725824171
CaseM3m_Overhang045Extended,overhang045_extended,8,0.001206,638,-1,1,-8.7614777e-14,-0.010000031,0.030000046,0.010000031,0.33333436666666666,0.30000045999999997,interior,0.069999954,0.030000046,0.019999969,0.03605553383328386,153,153,0.009999975000001798,12.935930518156866,0.9967877224990027,0.0001338406163221282,0.017538818,-11662278.0,-21782.43200533,-18.146832,-3.0338343333333335,31.821726776144672,-10.488946751809454,119.99883,0.80005133,-8.7163158e-07,9.1469212e-07,0.0,0.0,-3.0338445,9.1469212e-07,0.3752375,132.7131176854335,0.786599,112,0.0,-0.008033246646640478,0.009788217374789375,0.02264408153242526,0.016060808358167596
CaseM3m_Overhang045Extended,overhang045_extended,8,0.001206,572,-1,1,-0.010000031,-9.3002329e-15,0.030000046,0.010000031,0.33333436666666666,0.30000045999999997,interior,0.069999954,0.030000046,0.019999969,0.03605553383328386,153,153,0.009999975000001798,12.935930518156717,0.9967877224989913,0.00013384072632443645,0.017538814,-11662275.0,-21782.43069828,-18.146832,-3.0338346666666673,31.82172714728164,-10.48894572170104,119.99883,0.80005133,-8.7163369e-07,9.1469434e-07,0.0,0.0,-3.0338452,9.1469434e-07,0.3752375,132.7131176854335,0.786599,112,0.0,-0.008033246566845755,0.009788217298104203,0.022644081376844486,0.01606080831612983
CaseM3m_Overhang045Extended,overhang045_extended,8,0.001206,660,-1,1,-1.8872724e-14,0.010000031,0.030000046,0.010000031,0.33333436666666666,0.30000045999999997,interior,0.069999954,0.030000046,0.019999969,0.03605553383328386,153,153,0.009999975000001798,12.935930518148622,0.9967877224983674,0.00013384071635868665,0.01753881,-11662273.0,-21782.43220644,-18.146828,-3.033835000000001,31.821721803633864,-10.488942807909412,119.99883,0.80005133,-8.7163511e-07,9.1469587e-07,0.0,0.0,-3.0338452,9.1469587e-07,0.3752375,132.7131176854335,0.786599,112,0.0,-0.008033246780885635,0.00978821680837521,0.02264408067665632,0.016060807874355786
CaseM3m_Overhang045Extended,overhang045_extended,8,0.001206,726,-1,1,0.010000031,1.9256655e-14,0.030000046,0.010000031,0.33333436666666666,0.30000045999999997,interior,0.069999954,0.030000046,0.019999969,0.03605553383328386,153,153,0.009999975000001798,12.935930518149013,0.9967877224983976,0.00013384081652501113,0.017538814,-11662275.0,-21782.43260858,-18.146832,-3.033834,31.821726501871417,-10.488947813845918,119.99883,0.80005133,-8.7163488e-07,9.1469559e-07,0.0,0.0,-3.0338445,9.1469559e-07,0.3752375,132.7131176854335,0.786599,112,0.0,-0.00803324691661283,0.009788217957294076,0.0226440828490414,0.01606080950844272
CaseM3m_Overhang045Extended,overhang045_extended,8,0.001206,639,-1,1,-4.6018921e-14,-0.010000037,0.040000021,0.010000037,0.33333456666666667,0.40000020999999997,interior,0.05999997900000001,0.040000021,0.019999963,0.04472136178608394,153,153,0.009999972000000803,12.93591191693841,0.9967862891683155,5.284116698556978e-05,0.016981991,-11291522.0,-22667.01338067,-17.357491,-3.34985,31.06485501720079,-9.27350628153523,119.99729,0.80005383,-2.0064253e-06,2.0953519e-06,0.0,0.0,-3.34986,2.0953519e-06,0.3752375,132.7131176854335,0.786599,112,0.0,-0.010680832284934027,0.00939011515833209,0.02413804964153176,0.01706879680053032
CaseM3m_Overhang045Extended,overhang045_extended,8,0.001206,573,-1,1,-0.010000037,-2.6284142e-14,0.040000021,0.010000037,0.33333456666666667,0.40000020999999997,interior,0.05999997900000001,0.040000021,0.019999963,0.04472136178608394,153,153,0.009999972000000803,12.935911916933339,0.9967862891679247,5.284119742376014e-05,0.016981982,-11291516.0,-22667.01328018,-17.357487,-3.349851000000001,31.064850520970534,-9.273502170983283,119.99729,0.80005383,-2.0064251e-06,2.0953519e-06,0.0,0.0,-3.3498614,2.0953519e-06,0.3752375,132.7131176854335,0.786599,112,0.0,-0.010680832472620298,0.009390114002898964,0.024138048090190902,0.017068795695411025
CaseM3m_Overhang045Extended,overhang045_extended,8,0.001206,661,-1,1,-2.2367387e-14,0.010000037,0.040000021,0.010000037,0.33333456666666667,0.40000020999999997,interior,0.05999997900000001,0.040000021,0.019999963,0.04472136178608394,153,153,0.009999972000000803,12.935911916926301,0.9967862891673824,5.28412462174868e-05,0.016981982,-11291516.0,-22667.0147883,-17.357487,-3.3498513333333335,31.064851036942564,-9.273501402234137,119.99729,0.80005383,-2.0064242e-06,2.0953507e-06,0.0,0.0,-3.3498616,2.0953507e-06,0.3752375,132.7131176854335,0.786599,112,0.0,-0.010680832410305546,0.009390114289685593,0.024138048541720435,0.01706879601003163
CaseM3m_Overhang045Extended,overhang045_extended,8,0.001206,727,-1,1,0.010000037,-2.5909898e-14,0.040000021,0.010000037,0.33333456666666667,0.40000020999999997,interior,0.05999997900000001,0.040000021,0.019999963,0.04472136178608394,153,153,0.009999972000000803,12.93591191693138,0.9967862891677737,5.2841255633604336e-05,0.016981985,-11291518.0,-22667.01277746,-17.357491,-3.3498496666666675,31.064854550286956,-9.273507064930062,119.99729,0.80005383,-2.0064256e-06,2.0953523e-06,0.0,0.0,-3.3498597,2.0953523e-06,0.3752375,132.7131176854335,0.786599,112,0.0,-0.010680832304640243,0.009390114813565664,0.024138049255587875,0.01706879651492315
CaseM3m_Overhang045Extended,overhang045_extended,9,0.001307,638,-1,1,-9.3241529e-14,-0.01000003,0.030000059,0.01000003,0.33333433333333334,0.30000058999999996,interior,0.06999994100000001,0.030000059,0.01999997,0.03605554520464752,153,153,0.009999966000003203,12.935915995491012,0.9967870029629138,0.00014644096803570012,0.010354028,-6868190.5,-22472.94350664,-18.128248,-4.7687843333333335,34.392806006212695,-7.2120699117824145,119.99883,0.80005133,-8.7163158e-07,9.1469212e-07,0.0,0.0,-4.7687941,9.1469212e-07,0.3752375,132.7131176854335,0.786599,112,0.0,-0.00908216093787476,0.006636149708244495,0.018496055166732923,0.013166250074162299
CaseM3m_Overhang045Extended,overhang045_extended,9,0.001307,572,-1,1,-0.01000003,-8.0923054e-15,0.030000059,0.01000003,0.33333433333333334,0.30000058999999996,interior,0.06999994100000001,0.030000059,0.01999997,0.03605554520464752,153,153,0.009999966000003203,12.935915995491115,0.9967870029629218,0.0001464410863589886,0.010354027,-6868190.0,-22472.94214932,-18.128246,-4.768785666666665,34.392804839098154,-7.212067650576208,119.99883,0.80005133,-8.7163369e-07,9.1469434e-07,0.0,0.0,-4.7687955,9.1469434e-07,0.3752375,132.7131176854335,0.786599,112,0.0,-0.00908216088591223,0.0066361496298069315,0.018496055022853307,0.013166250080192383
CaseM3m_Overhang045Extended,overhang045_extended,9,0.001307,660,-1,1,-1.9946017e-14,0.01000003,0.030000059,0.01000003,0.33333433333333334,0.30000058999999996,interior,0.06999994100000001,0.030000059,0.01999997,0.03605554520464752,153,153,0.009999966000003203,12.935915995483759,0.9967870029623549,0.0001464410231219963,0.01035403,-6868192.0,-22472.94385856,-18.128244,-4.768785000000002,34.39280102322733,-7.212067858632191,119.99883,0.80005133,-8.7163511e-07,9.1469587e-07,0.0,0.0,-4.768795,9.1469587e-07,0.3752375,132.7131176854335,0.786599,112,0.0,-0.009082161040588635,0.006636149137375355,0.01849605443697008,0.01316624967294031
CaseM3m_Overhang045Extended,overhang045_extended,9,0.001307,726,-1,1,0.01000003,2.3784409e-14,0.030000059,0.01000003,0.33333433333333334,0.30000058999999996,interior,0.06999994100000001,0.030000059,0.01999997,0.03605554520464752,153,153,0.009999966000003203,12.935915995483892,0.9967870029623652,0.00014644111080689255,0.010354031,-6868192.5,-22472.94431096,-18.128246,-4.768785,34.39280419420946,-7.212068523577695,119.99883,0.80005133,-8.7163488e-07,9.1469559e-07,0.0,0.0,-4.768795,9.1469559e-07,0.3752375,132.7131176854335,0.786599,112,0.0,-0.009082161125576044,0.00663615015461934,0.018496056106495466,0.013166250997023992
CaseM3m_Overhang045Extended,overhang045_extended,9,0.001307,639,-1,1,-4.93989e-14,-0.010000038,0.040000025,0.010000038,0.3333346,0.40000025,interior,0.059999975000000004,0.040000025,0.019999962,0.04472136491658175,153,153,0.0099999610000018,12.935899001397416,0.9967856934699,4.119412909209971e-05,0.0088922139,-5892649.5,-23259.44631522,-17.920607,-4.839853333333334,34.148559500128215,-7.055701309157071,119.99729,0.80005383,-2.0064253e-06,2.0953519e-06,0.0,0.0,-4.8398633,2.0953519e-06,0.3752375,132.7131176854335,0.786599,112,0.0,-0.012637938360410984,0.006178750761580452,0.021789339715851164,0.015408351507900436
CaseM3m_Overhang045Extended,overhang045_extended,9,0.001307,573,-1,1,-0.010000038,-2.576457e-14,0.040000025,0.010000038,0.3333346,0.40000025,interior,0.059999975000000004,0.040000025,0.019999962,0.04472136491658175,153,153,0.0099999610000018,12.935899001392446,0.9967856934695171,4.119419747497282e-05,0.0088922139,-5892649.5,-23259.44621472,-17.920603,-4.839854333333332,34.1485549532667,-7.055698911861198,119.99729,0.80005383,-2.0064251e-06,2.0953519e-06,0.0,0.0,-4.8398647,2.0953519e-06,0.3752375,132.7131176854335,0.786599,112,0.0,-0.01263793843775076,0.006178749621435683,0.02178933856200632,0.015408350683908676
CaseM3m_Overhang045Extended,overhang045_extended,9,0.001307,661,-1,1,-2.3567253e-14,0.010000038,0.040000025,0.010000038,0.3333346,0.40000025,interior,0.059999975000000004,0.040000025,0.019999962,0.04472136491658175,153,153,0.0099999610000018,12.935899001386238,0.9967856934690387,4.1194210291721013e-05,0.0088922139,-5892649.5,-23259.44772284,-17.920603,-4.839854333333332,34.148554968384936,-7.055698914984895,119.99729,0.80005383,-2.0064242e-06,2.0953507e-06,0.0,0.0,-4.8398647,2.0953507e-06,0.3752375,132.7131176854335,0.786599,112,0.0,-0.012637938315583892,0.006178749830051034,0.021789338763994484,0.0154083508210261
CaseM3m_Overhang045Extended,overhang045_extended,9,0.001307,727,-1,1,0.010000038,-2.6130694e-14,0.040000025,0.010000038,0.3333346,0.40000025,interior,0.059999975000000004,0.040000025,0.019999962,0.04472136491658175,153,153,0.0099999610000018,12.935899001391206,0.9967856934694215,4.119420858950468e-05,0.0088922139,-5892649.5,-23259.44571201,-17.920607,-4.839852333333332,34.148558005641654,-7.0557024582034416,119.99729,0.80005383,-2.0064256e-06,2.0953523e-06,0.0,0.0,-4.8398628,2.0953523e-06,0.3752375,132.7131176854335,0.786599,112,0.0,-0.012637938236273238,0.0061787503883994985,0.021789339309819387,0.015408351206910182
CaseM3m_Overhang045Extended,overhang045_extended,10,0.001408,638,-1,1,-9.8135835e-14,-0.010000026,0.030000074,0.010000026,0.3333342,0.30000074,interior,0.069999926,0.030000074,0.019999973999999997,0.036055559904211054,153,153,0.009999955000006049,12.935911920847495,0.9967862579080654,0.00015733527224257233,0.0028888751,-1887812.6,-20018.16381977,-19.100735,-5.25285,36.574754706973074,-6.962840116693429,119.99883,0.80005133,-8.7163158e-07,9.1469212e-07,0.0,0.0,-5.2528601,9.1469212e-07,0.3752375,132.7131176854335,0.786599,112,0.0,-0.010091700084682775,0.0034761508858394347,0.015925090376448542,0.011398097117612683
CaseM3m_Overhang045Extended,overhang045_extended,10,0.001408,572,-1,1,-0.010000026,-6.3671877e-15,0.030000074,0.010000026,0.3333342,0.30000074,interior,0.069999926,0.030000074,0.019999973999999997,0.036055559904211054,153,153,0.009999955000006049,12.935911920847909,0.9967862579080974,0.00015733538774860635,0.0028888751,-1887812.6,-20018.16393866,-19.100735,-5.252850666666667,36.574755523436544,-6.962839388435538,119.99883,0.80005133,-8.7163369e-07,9.1469434e-07,0.0,0.0,-5.252861,9.1469434e-07,0.3752375,132.7131176854335,0.786599,112,0.0,-0.010091700153900342,0.003476150773666452,0.015925090364138396,0.01139809726740233
CaseM3m_Overhang045Extended,overhang045_extended,10,0.001408,660,-1,1,-2.1041073e-14,0.010000026,0.030000074,0.010000026,0.3333342,0.30000074,interior,0.069999926,0.030000074,0.019999973999999997,0.036055559904211054,153,153,0.009999955000006049,12.935911920841441,0.996786257907599,0.00015733531840973668,0.0028888732,-1887811.4,-20018.16498135,-19.100731,-5.252850666666668,36.5747497187472,-6.96283828338045,119.99883,0.80005133,-8.7163511e-07,9.1469587e-07,0.0,0.0,-5.252861,9.1469587e-07,0.3752375,132.7131176854335,0.786599,112,0.0,-0.010091700450944121,0.0034761503827547002,0.01592509039519969,0.011398097294414522
CaseM3m_Overhang045Extended,overhang045_extended,10,0.001408,726,-1,1,0.010000026,2.8377008e-14,0.030000074,0.010000026,0.3333342,0.30000074,interior,0.069999926,0.030000074,0.019999973999999997,0.036055559904211054,153,153,0.009999955000006049,12.935911920841319,0.9967862579075896,0.00015733536617365957,0.0028888742,-1887812.0,-20018.16478949,-19.100735,-5.25285,36.574754829526555,-6.962840140024284,119.99883,0.80005133,-8.7163488e-07,9.1469559e-07,0.0,0.0,-5.2528601,9.1469559e-07,0.3752375,132.7131176854335,0.786599,112,0.0,-0.010091700452676065,0.0034761512709193627,0.015925091312206697,0.011398098092157069
CaseM3m_Overhang045Extended,overhang045_extended,10,0.001408,639,-1,1,-5.2865495e-14,-0.010000037,0.040000029,0.010000037,0.33333456666666667,0.40000029,interior,0.059999971000000006,0.040000029,0.019999963,0.04472136894150502,153,153,0.009999946000004053,12.935898909622303,0.9967852553184877,3.4597672115321184e-05,0.00040519453,-229527.23,-20398.8570033,-19.796331,-4.907747666666669,37.07168466018078,-7.553706339054669,119.99729,0.80005383,-2.0064253e-06,2.0953519e-06,0.0,0.0,-4.9077573,2.0953519e-06,0.3752375,132.7131176854335,0.786599,112,0.0,-0.014530384739445295,0.0030223719585695365,0.021512820665647137,0.015213502808760415
CaseM3m_Overhang045Extended,overhang045_extended,10,0.001408,573,-1,1,-0.010000037,-2.5238016e-14,0.040000029,0.010000037,0.33333456666666667,0.40000029,interior,0.059999971000000006,0.040000029,0.019999963,0.04472136894150502,153,153,0.009999946000004053,12.935898909617553,0.9967852553181217,3.459780526563575e-05,0.00040519246,-229525.88,-20398.8574095,-19.796326,-4.907749,37.071679070484805,-7.553703147916653,119.99729,0.80005383,-2.0064251e-06,2.0953519e-06,0.0,0.0,-4.9077592,2.0953519e-06,0.3752375,132.7131176854335,0.786599,112,0.0,-0.014530384767522114,0.0030223709578400737,0.021512820182863,0.015213502456878704
CaseM3m_Overhang045Extended,overhang045_extended,10,0.001408,661,-1,1,-2.4614032e-14,0.010000037,0.040000029,0.010000037,0.33333456666666667,0.40000029,interior,0.059999971000000006,0.040000029,0.019999963,0.04472136894150502,153,153,0.009999946000004053,12.935898909612241,0.9967852553177124,3.4597757686759465e-05,0.00040519112,-229524.98,-20398.85820367,-19.796326,-4.907749,37.07167908922758,-7.55370315173567,119.99729,0.80005383,-2.0064242e-06,2.0953507e-06,0.0,0.0,-4.9077592,2.0953507e-06,0.3752375,132.7131176854335,0.786599,112,0.0,-0.01453038480471561,0.003022371088121992,0.021512820432778867,0.015213502627751825
CaseM3m_Overhang045Extended,overhang045_extended,10,0.001408,727,-1,1,0.010000037,-2.5636563e-14,0.040000029,0.010000037,0.33333456666666667,0.40000029,interior,0.059999971000000006,0.040000029,0.019999963,0.04472136894150502,153,153,0.009999946000004053,12.935898909617,0.9967852553180792,3.459773751158873e-05,0.00040519139,-229525.17,-20398.85780008,-19.796331,-4.907746666666667,37.07168314367869,-7.553707569192383,119.99729,0.80005383,-2.0064256e-06,2.0953523e-06,0.0,0.0,-4.9077568,2.0953523e-06,0.3752375,132.7131176854335,0.786599,112,0.0,-0.014530384797079882,0.003022371571105604,0.021512820689427364,0.015213502807989027
CaseM3m_Overhang045Extended,overhang045_extended,11,0.001508,638,-1,1,-1.02278e-13,-0.010000019,0.030000089,0.010000019,0.3333339666666667,0.30000088999999996,interior,0.069999911,0.030000089,0.019999981,0.03605557626787127,153,153,0.009999940000011249,12.935918548976062,0.9967856471264606,0.00016561826572706728,-0.004643721,3124347.8,-19704.05231054,-21.065331,-4.474742666666667,38.351896595232766,-8.570749080371572,119.99883,0.80005133,-8.7163158e-07,9.1469212e-07,0.0,0.0,-4.4747529,9.1469212e-07,0.3752375,132.7131176854335,0.786599,112,0.0,-0.011034423923998412,0.0004058622457762702,0.01569356943378457,0.011273841758403704
CaseM3m_Overhang045Extended,overhang045_extended,11,0.001508,572,-1,1,-0.010000019,-4.3427595e-15,0.030000089,0.010000019,0.3333339666666667,0.30000088999999996,interior,0.069999911,0.030000089,0.019999981,0.03605557626787127,153,153,0.009999940000011249,12.935918548976806,0.996785647126518,0.0001656183549415961,-0.0046437224,3124348.5,-19704.05235403,-21.065331,-4.4747433333333335,38.35189739217693,-8.570747981562501,119.99883,0.80005133,-8.7163369e-07,9.1469434e-07,0.0,0.0,-4.4747534,9.1469434e-07,0.3752375,132.7131176854335,0.786599,112,0.0,-0.011034424067842444,0.0004058622177725651,0.015693569624989596,0.011273842016723316
CaseM3m_Overhang045Extended,overhang045_extended,11,0.001508,660,-1,1,-2.1781352e-14,0.010000019,0.030000089,0.010000019,0.3333339666666667,0.30000088999999996,interior,0.069999911,0.030000089,0.019999981,0.03605557626787127,153,153,0.009999940000011249,12.935918548971248,0.9967856471260896,0.00016561831191429192,-0.0046437238,3124349.5,-19704.05329618,-21.065329,-4.4747426666666685,38.35189358850451,-8.570748408438346,119.99883,0.80005133,-8.7163511e-07,9.1469587e-07,0.0,0.0,-4.4747529,9.1469587e-07,0.3752375,132.7131176854335,0.786599,112,0.0,-0.011034424521295239,0.00040586161941031306,0.015693570192937528,0.011273842472505314
CaseM3m_Overhang045Extended,overhang045_extended,11,0.001508,726,-1,1,0.010000019,3.2562599e-14,0.030000089,0.010000019,0.3333339666666667,0.30000088999999996,interior,0.069999911,0.030000089,0.019999981,0.03605557626787127,153,153,0.009999940000011249,12.935918548970825,0.996785647126057,0.00016561830886328697,-0.0046437243,3124349.8,-19704.05307919,-21.065331,-4.474742999999999,38.35189718167344,-8.570748572973566,119.99883,0.80005133,-8.7163488e-07,9.1469559e-07,0.0,0.0,-4.4747529,9.1469559e-07,0.3752375,132.7131176854335,0.786599,112,0.0,-0.011034424367850282,0.00040586255598448436,0.015693570201725158,0.011273842583015916
CaseM3m_Overhang045Extended,overhang045_extended,11,0.001508,639,-1,1,-5.6140609e-14,-0.010000034,0.040000029,0.010000034,0.33333446666666666,0.40000029,interior,0.059999971000000006,0.040000029,0.019999966,0.04472137028314312,153,153,0.009999927000007198,12.935910586991497,0.996785033610543,4.675755994551226e-05,-0.0082108565,5506579.0,-19845.24390425,-23.006315,-3.5319266666666684,39.8338218604875,-11.27821317368447,119.99729,0.80005383,-2.0064253e-06,2.0953519e-06,0.0,0.0,-3.5319364,2.0953519e-06,0.3752375,132.7131176854335,0.786599,112,0.0,-0.016288974646022702,2.062429337878696e-05,0.023160164905568815,0.01637966100429298
CaseM3m_Overhang045Extended,overhang045_extended,11,0.001508,573,-1,1,-0.010000034,-2.4722898e-14,0.040000029,0.010000034,0.33333446666666666,0.40000029,interior,0.059999971000000006,0.040000029,0.019999966,0.04472137028314312,153,153,0.009999927000007198,12.93591058698701,0.9967850336101973,4.6757672928514845e-05,-0.0082108611,5506582.0,-19845.24400884,-23.00631,-3.5319280000000006,39.83381624766924,-11.278207326896029,119.99729,0.80005383,-2.0064251e-06,2.0953519e-06,0.0,0.0,-3.5319383,2.0953519e-06,0.3752375,132.7131176854335,0.786599,112,0.0,-0.016288974844787578,2.062337042799963e-05,0.023160165228513017,0.016379661220716442
CaseM3m_Overhang045Extended,overhang045_extended,11,0.001508,661,-1,1,-2.5599931e-14,0.010000034,0.040000029,0.010000034,0.33333446666666666,0.40000029,interior,0.059999971000000006,0.040000029,0.019999966,0.04472137028314312,153,153,0.009999927000007198,12.935910586982622,0.9967850336098593,4.675760262937376e-05,-0.0082108611,5506582.0,-19845.24480301,-23.006308,-3.531928666666667,39.83381427137522,-11.278204638535135,119.99729,0.80005383,-2.0064242e-06,2.0953507e-06,0.0,0.0,-3.531939,2.0953507e-06,0.3752375,132.7131176854335,0.786599,112,0.0,-0.016288974953902306,2.0623384384511087e-05,0.023160165511794815,0.016379661411867603
CaseM3m_Overhang045Extended,overhang045_extended,11,0.001508,727,-1,1,0.010000034,-2.5072385e-14,0.040000029,0.010000034,0.33333446666666666,0.40000029,interior,0.059999971000000006,0.040000029,0.019999966,0.04472137028314312,153,153,0.009999927000007198,12.935910586987113,0.9967850336102053,4.6757565077258646e-05,-0.0082108611,5506582.0,-19845.24439941,-23.006313,-3.5319263333333333,39.83381834158165,-11.278213241777216,119.99729,0.80005383,-2.0064256e-06,2.0953523e-06,0.0,0.0,-3.5319364,2.0953523e-06,0.3752375,132.7131176854335,0.786599,112,0.0,-0.01628897492730148,2.0623933723779768e-05,0.02316016546056286,0.016379661375350546
CaseM3m_Overhang045Extended,overhang045_extended,12,0.001609,638,-1,1,-1.0537477e-13,-0.010000011,0.030000104,0.010000011,0.3333337,0.30000104,interior,0.069999896,0.030000104,0.019999989,0.0360555931862303,153,153,0.00999992500001445,12.935935195735501,0.9967850097826035,0.0001699876339754348,-0.011980847,8017436.5,-18898.00982295,-23.99209,-2.4672273333333323,39.72833838382892,-16.102423091330703,119.99883,0.80005133,-8.7163158e-07,9.1469212e-07,0.0,0.0,-2.4672372,9.1469212e-07,0.3752375,132.7131176854335,0.786599,112,0.0,-0.011877270214108093,-0.002467366945005867,0.017577221011419175,0.0126162240068313
CaseM3m_Overhang045Extended,overhang045_extended,12,0.001609,572,-1,1,-0.010000011,-2.3886096e-15,0.030000104,0.010000011,0.3333337,0.30000104,interior,0.069999896,0.030000104,0.019999989,0.0360555931862303,153,153,0.00999992500001445,12.93593519573641,0.9967850097826736,0.00016998774421633322,-0.011980849,8017438.5,-18898.00966537,-23.992088,-2.467228666666667,39.728337173289304,-16.102413898653346,119.99883,0.80005133,-8.7163369e-07,9.1469434e-07,0.0,0.0,-2.4672387,9.1469434e-07,0.3752375,132.7131176854335,0.786599,112,0.0,-0.011877270370103188,-0.002467367007149877,0.017577221259648376,0.012616224346923069
CaseM3m_Overhang045Extended,overhang045_extended,12,0.001609,660,-1,1,-2.2188779e-14,0.010000011,0.030000104,0.010000011,0.3333337,0.30000104,interior,0.069999896,0.030000104,0.019999989,0.0360555931862303,153,153,0.00999992500001445,12.935935195731838,0.9967850097823212,0.0001699877123062503,-0.011980853,8017440.5,-18898.01040645,-23.992088,-2.467227,39.728334882137844,-16.10242384755754,119.99883,0.80005133,-8.7163511e-07,9.1469587e-07,0.0,0.0,-2.467237,9.1469587e-07,0.3752375,132.7131176854335,0.786599,112,0.0,-0.011877270732915,-0.0024673674996574524,0.017577222049887747,0.012616225002597197
CaseM3m_Overhang045Extended,overhang045_extended,12,0.001609,726,-1,1,0.010000011,3.6125711e-14,0.030000104,0.010000011,0.3333337,0.30000104,interior,0.069999896,0.030000104,0.019999989,0.0360555931862303,153,153,0.00999992500001445,12.935935195731224,0.9967850097822739,0.00016998767852043715,-0.011980852,8017440.0,-18898.01023972,-23.99209,-2.4672273333333323,39.72833844282186,-16.102423115241322,119.99883,0.80005133,-8.7163488e-07,9.1469559e-07,0.0,0.0,-2.467237,9.1469559e-07,0.3752375,132.7131176854335,0.786599,112,0.0,-0.011877270589260242,-0.0024673666285066533,0.017577221461134294,0.012616224650151683
CaseM3m_Overhang045Extended,overhang045_extended,12,0.001609,639,-1,1,-5.9008652e-14,-0.010000028,0.040000029,0.010000028,0.33333426666666666,0.40000029,interior,0.059999971000000006,0.040000029,0.019999971999999998,0.044721372966419815,153,153,0.009999905000012804,12.935933751651538,0.9967848985079855,7.54140302724557e-05,-0.016544711,11065214.0,-18732.78949089,-27.504152,-0.7596896666666654,42.43601944848384,-55.85967706350783,119.99729,0.80005383,-2.0064253e-06,2.0953519e-06,0.0,0.0,-0.75969964,2.0953519e-06,0.3752375,132.7131176854335,0.786599,112,0.0,-0.017824090186049368,-0.0027132665422911007,0.025934792501122943,0.018343888050569173
CaseM3m_Overhang045Extended,overhang045_extended,12,0.001609,573,-1,1,-0.010000028,-2.3929059e-14,0.040000029,0.010000028,0.33333426666666666,0.40000029,interior,0.059999971000000006,0.040000029,0.019999971999999998,0.044721372966419815,153,153,0.009999905000012804,12.935933751647331,0.9967848985076614,7.541410408978672e-05,-0.016544709,11065213.0,-18732.78969602,-27.504148,-0.7596909999999989,42.4360153411778,-55.85957361766542,119.99729,0.80005383,-2.0064251e-06,2.0953519e-06,0.0,0.0,-0.7597006,2.0953519e-06,0.3752375,132.7131176854335,0.786599,112,0.0,-0.01782409058136662,-0.0027132673475545035,0.025934793374765765,0.018343888664550213
CaseM3m_Overhang045Extended,overhang045_extended,12,0.001609,661,-1,1,-2.6560783e-14,0.010000028,0.040000029,0.010000028,0.33333426666666666,0.40000029,interior,0.059999971000000006,0.040000029,0.019999971999999998,0.044721372966419815,153,153,0.009999905000012804,12.935933751643912,0.9967848985073978,7.541403117919992e-05,-0.016544713,11065215.0,-18732.79028911,-27.504147,-0.7596913333333326,42.43601436636198,-55.85954782472446,119.99729,0.80005383,-2.0064242e-06,2.0953507e-06,0.0,0.0,-0.75970125,2.0953507e-06,0.3752375,132.7131176854335,0.786599,112,0.0,-0.017824090612893376,-0.002713267420262786,0.025934793606173078,0.018343888810354182
CaseM3m_Overhang045Extended,overhang045_extended,12,0.001609,727,-1,1,0.010000028,-2.4610801e-14,0.040000029,0.010000028,0.33333426666666666,0.40000029,interior,0.059999971000000006,0.040000029,0.019999971999999998,0.044721372966419815,153,153,0.009999905000012804,12.935933751648127,0.9967848985077227,7.541400235072238e-05,-0.016544707,11065212.0,-18732.79018712,-27.504152,-0.7596890000000004,42.43601844864916,-55.859724767173326,119.99729,0.80005383,-2.0064256e-06,2.0953523e-06,0.0,0.0,-0.75969869,2.0953523e-06,0.3752375,132.7131176854335,0.786599,112,0.0,-0.01782409059441917,-0.0027132669984010413,0.025934793409639643,0.01834388866444808
CaseM3m_Overhang045Extended,overhang045_extended,12,0.001609,623,-3,1,5.2090947e-14,-0.03000151,0.099997036,0.03000151,1.0000503333333333,0.99997036,edge_ring,2.9640000000080713e-06,0.099997036,-1.509999999999706e-06,3.326468998810444e-06,109,50,0.00999858200626668,9.654911092654629,0.7439640429796328,0.004480694498557147,0.0043522497,-2905526.8,-6678.088392448,-144.53047,94.59176566666667,82.97164692137211,0.8771550709155502,120.08738,0.79984123,6.4701257e-05,0.00010155268,0.0,6.0,3411.4819,0.00010155268,0.3752375,132.7131176854335,0.786599,112,0.0,-0.11219688897454624,0.04812155217661236,0.18659538818627944,0.13959648219651477
CaseM3m_Overhang045Extended,overhang045_extended,12,0.001609,643,-3,1,1.3495342e-13,-0.010000097,0.079999104,0.010000097,0.33333656666666667,0.79999104,interior,0.020000896000000004,0.079999104,0.019999903,0.02828483623449542,153,144,0.009999335000068452,12.936335421905373,0.9968158494119472,0.0016170178290897334,-0.021772416,14506415.0,-5726.682288669,-113.34451,55.89632,86.49797689013901,1.5474717636176945,119.98927,0.80001211,-7.9504262e-06,2.3138275e-05,0.0,6.0,2323.0127,2.3138275e-05,0.3752375,132.7131176854335,0.786599,112,0.0,-0.06992313084197214,0.026390835596447258,0.11262587905200935,0.0800384719288663
CaseM3m_Overhang045Extended,overhang045_extended,12,0.001609,469,-3,1,-0.03000151,8.6674002e-14,0.099997036,0.03000151,1.0000503333333333,0.99997036,edge_ring,2.9640000000080713e-06,0.099997036,-1.509999999999706e-06,3.326468998810444e-06,109,50,0.00999858200626668,9.654911092654958,0.7439640429796581,0.004480694498557148,0.0043522459,-2905524.3,-6678.088601808,-144.53047,94.59176066666667,82.97165222189871,0.8771551733166671,120.08738,0.79984123,6.4701257e-05,0.00010155268,0.0,6.0,3411.4824,0.00010155268,0.3752375,132.7131176854335,0.786599,112,0.0,-0.1121968866759057,0.048121550905678157,0.18659538393299913,0.1395964795862217
CaseM3m_Overhang045Extended,overhang045_extended,12,0.001609,577,-3,1,-0.010000097,-5.205832e-14,0.079999104,0.010000097,0.33333656666666667,0.79999104,interior,0.020000896000000004,0.079999104,0.019999903,0.02828483623449542,153,144,0.009999335000068452,12.936335421906463,0.9968158494120313,0.0016170178303787598,-0.021772418,14506416.0,-5726.68269862,-113.34451,55.896322,86.49797403482229,1.5474716571659635,119.98927,0.80001211,-7.950428e-06,2.3138276e-05,0.0,6.0,2323.0134,2.3138276e-05,0.3752375,132.7131176854335,0.786599,112,0.0,-0.06992313042655032,0.026390835300992704,0.11262587814063553,0.080038471395683
CaseM3m_Overhang045Extended,overhang045_extended,12,0.001609,665,-3,1,4.4111331e-14,0.010000097,0.079999104,0.010000097,0.33333656666666667,0.79999104,interior,0.020000896000000004,0.079999104,0.019999903,0.02828483623449542,153,144,0.009999335000068452,12.936335421897773,0.9968158494113616,0.0016170177299421617,-0.021772418,14506416.0,-5726.683842118,-113.3445,55.89631333333333,86.49797212443607,1.547471862922553,119.98927,0.80001211,-7.950428e-06,2.3138276e-05,0.0,6.0,2323.0122,2.3138276e-05,0.3752375,132.7131176854335,0.786599,112,0.0,-0.06992312886335598,0.02639083478063474,0.11262587618421029,0.08003846961271384
CaseM3m_Overhang045Extended,overhang045_extended,12,0.001609,731,-3,1,0.010000097,6.0189496e-15,0.079999104,0.010000097,0.33333656666666667,0.79999104,interior,0.020000896000000004,0.079999104,0.019999903,0.02828483623449542,153,144,0.009999335000068452,12.93633542189669,0.9968158494112781,0.001617017625638478,-0.021772418,14506416.0,-5726.683050313,-113.34451,55.89632133333333,86.49797497975295,1.5474716925274752,119.98927,0.80001211,-7.9504262e-06,2.3138271e-05,0.0,6.0,2323.0125,2.3138271e-05,0.3752375,132.7131176854335,0.786599,112,0.0,-0.06992312811861451,0.026390834354487348,0.11262587497618437,0.08003846866064175
CaseM3m_Overhang045Extended,overhang045_extended,12,0.001609,843,-3,1,0.03000151,-8.5890693e-14,0.099997036,0.03000151,1.0000503333333333,0.99997036,edge_ring,2.9640000000080713e-06,0.099997036,-1.509999999999706e-06,3.326468998810444e-06,109,50,0.00999858200626668,9.654911092655032,0.7439640429796639,0.004480694498557147,0.0043522483,-2905525.8,-6678.090692119,-144.53047,94.59176300000001,82.9716491841414,0.8771551195651294,120.08738,0.79984123,6.4701242e-05,0.00010155267,0.0,6.0,3411.4822,0.00010155267,0.3752375,132.7131176854335,0.786599,112,0.0,-0.11219688571445101,0.04812154968449065,0.1865953813039207,0.1395964793096944
CaseM3m_Overhang045Extended,overhang045_extended,12,0.001609,689,-3,1,4.0899843e-14,0.03000151,0.099997036,0.03000151,1.0000503333333333,0.99997036,edge_ring,2.9640000000080713e-06,0.099997036,-1.509999999999706e-06,3.326468998810444e-06,109,50,0.00999858200626668,9.65491109265536,0.7439640429796891,0.004480694457953403,0.0043522483,-2905525.8,-6678.091295723,-144.53047,94.59176833333333,82.97164047359134,0.8771549780231018,120.08738,0.79984123,6.4701264e-05,0.00010155269,0.0,6.0,3411.4812,0.00010155269,0.3752375,132.7131176854335,0.786599,112,0.0,-0.11219688657382784,0.048121548953888385,0.18659538112847163,0.13959647827396673
CaseM3m_Overhang045Extended,overhang045_extended,13,0.001709,456,-3,1,-0.030000791,-0.010000326,0.079999134,0.03162363010047956,1.0541210033493187,0.7999913399999999,lateral_surface,0.020000866000000006,0.079999134,-0.001623630100479563,0.020066659299772336,85,76,0.009999014098348196,7.032257380003736,0.5426482664768746,0.0016523067524077182,-0.042704202,28431958.0,2809.817713195,-127.33013,80.11387833333333,79.89707112047424,0.9972937621125142,120.00181,0.79997307,1.3383921e-06,5.8415253e-06,0.0,7.0,1781.9113,5.8415253e-06,0.3752375,132.7131176854335,0.786599,112,0.0,-0.07371418376719162,0.015012876300869758,0.11938330006200278,0.0850708323135628
CaseM3m_Overhang045Extended,overhang045_extended,13,0.001709,544,-3,1,-0.010000326,-0.030000791,0.079999134,0.03162363010047956,1.0541210033493187,0.7999913399999999,lateral_surface,0.020000866000000006,0.079999134,-0.001623630100479563,0.020066659299772336,85,76,0.009999014098348196,7.032257380001372,0.5426482664766922,0.0016523067582619947,-0.042704213,28431966.0,2809.819643409,-127.33014,80.11388533333333,79.89707567766698,0.9972937318572896,120.00181,0.79997307,1.3383927e-06,5.8415239e-06,0.0,7.0,1781.912,5.8415239e-06,0.3752375,132.7131176854335,0.786599,112,0.0,-0.07371418380330236,0.015012877430394447,0.11938330029861535,0.08507083250057876
CaseM3m_Overhang045Extended,overhang045_extended,13,0.001709,698,-3,1,0.010000326,-0.030000791,0.079999134,0.03162363010047956,1.0541210033493187,0.7999913399999999,lateral_surface,0.020000866000000006,0.079999134,-0.001623630100479563,0.020066659299772336,85,76,0.009999014098348196,7.0322573800147055,0.5426482664777211,0.0016523067582619947,-0.042704213,28431966.0,2809.819475959,-127.33013,80.113876,79.89707554544803,0.997293846392453,120.00181,0.79997307,1.3383918e-06,5.841523e-06,0.0,8.0,1781.9119,5.841523e-06,0.3752375,132.7131176854335,0.786599,112,0.0,-0.07371418239080758,0.015012877568508508,0.11938329770070519,0.0850708307997813
CaseM3m_Overhang045Extended,overhang045_extended,13,0.001709,830,-3,1,0.030000791,-0.010000326,0.079999134,0.03162363010047956,1.0541210033493187,0.7999913399999999,lateral_surface,0.020000866000000006,0.079999134,-0.001623630100479563,0.020066659299772336,85,76,0.009999014098348196,7.032257380010504,0.542648266477397,0.0016523068466539205,-0.042704217,28431968.0,2809.818678523,-127.33013,80.11387599999999,79.8970757847831,0.9972938493798891,120.00181,0.79997307,1.3383916e-06,5.8415221e-06,0.0,8.0,1781.912,5.8415221e-06,0.3752375,132.7131176854335,0.786599,112,0.0,-0.07371418065547695,0.015012875352997966,0.11938329280076969,0.08507082802234954
CaseM3m_Overhang045Extended,overhang045_extended,13,0.001709,478,-3,1,-0.030000791,0.010000326,0.079999134,0.03162363010047956,1.0541210033493187,0.7999913399999999,lateral_surface,0.020000866000000006,0.079999134,-0.001623630100479563,0.020066659299772336,85,76,0.009999014098348196,7.032257380011994,0.5426482664775119,0.0016523067587550383,-0.042704213,28431966.0,2809.818459475,-127.33013,80.11387599999999,79.89707417079468,0.9972938292337109,120.00181,0.79997307,1.3383921e-06,5.8415253e-06,0.0,8.0,1781.9117,5.8415253e-06,0.3752375,132.7131176854335,0.786599,112,0.0,-0.07371418298936232,0.015012877111142353,0.11938329906519286,0.08507083167679351
CaseM3m_Overhang045Extended,overhang045_extended,13,0.001709,852,-3,1,0.030000791,0.010000326,0.079999134,0.03162363010047956,1.0541210033493187,0.7999913399999999,lateral_surface,0.020000866000000006,0.079999134,-0.001623630100479563,0.020066659299772336,85,76,0.009999014098348196,7.032257380005674,0.5426482664770241,0.0016523068198841242,-0.042704221,28431970.0,2809.818477853,-127.33013,80.11386933333334,79.8970832893226,0.997294026042997,120.00181,0.79997307,1.3383905e-06,5.8415208e-06,0.0,8.0,1781.9127,5.8415208e-06,0.3752375,132.7131176854335,0.786599,112,0.0,-0.07371418029677645,0.015012872132724309,0.11938329126678636,0.08507082691110086
CaseM3m_Overhang045Extended,overhang045_extended,13,0.001709,610,-3,1,-0.010000326,0.030000791,0.079999134,0.03162363010047956,1.0541210033493187,0.7999913399999999,lateral_surface,0.020000866000000006,0.079999134,-0.001623630100479563,0.020066659299772336,85,76,0.009999014098348196,7.032257380001544,0.5426482664767055,0.0016523068405695568,-0.042704228,28431976.0,2809.81820892,-127.33013,80.11387466666666,79.89707528776927,0.997293859773985,120.00181,0.79997307,1.3383914e-06,5.8415208e-06,0.0,8.0,1781.9117,5.8415208e-06,0.3752375,132.7131176854335,0.786599,112,0.0,-0.07371418039272687,0.015012875133573649,0.11938329214690473,0.08507082749041325
CaseM3m_Overhang045Extended,overhang045_extended,13,0.001709,764,-3,1,0.010000326,0.030000791,0.079999134,0.03162363010047956,1.0541210033493187,0.7999913399999999,lateral_surface,0.020000866000000006,0.079999134,-0.001623630100479563,0.020066659299772336,85,76,0.009999014098348196,7.032257380014279,0.5426482664776882,0.001652306742510487,-0.042704221,28431970.0,2809.817072949,-127.33013,80.11387599999999,79.89707469970212,0.9972938358356563,120.00181,0.79997307,1.3383915e-06,5.8415212e-06,0.0,8.0,1781.9117,5.8415212e-06,0.3752375,132.7131176854335,0.786599,112,0.0,-0.0737141792442419,0.015012874559953822,0.1193832920391617,0.08507082715888273
CaseM3m_Overhang045Extended,overhang045_extended,14,0.00181,566,-3,1,-0.010000239,-0.010000239,0.079998799,0.014142473620772358,0.47141578735907863,0.7999879899999999,interior,0.02000120100000001,0.079998799,0.01585752637922764,0.025524677947239643,145,136,0.00999916300064006,12.634294367191101,0.9749299688777018,0.0017177465288669368,-0.022001477,14644700.0,-2060.229144095,-123.18948,65.54872999999999,87.54979443012871,1.3356444042490025,119.98992,0.80000091,-7.4691325e-06,3.5464211e-05,0.0,6.0,2526.2532,3.5464211e-05,0.3752375,132.7131176854335,0.786599,112,0.0,-0.0717837613521495,0.02633937724997308,0.11621251094501758,0.08273756784325811
CaseM3m_Overhang045Extended,overhang045_extended,14,0.00181,720,-3,1,0.010000239,-0.010000239,0.079998799,0.014142473620772358,0.47141578735907863,0.7999879899999999,interior,0.02000120100000001,0.079998799,0.01585752637922764,0.025524677947239643,145,136,0.00999916300064006,12.634294367190984,0.9749299688776928,0.001717746523885342,-0.022001479,14644701.0,-2060.230208204,-123.18948,65.54872766666666,87.5497981193988,1.3356445080767034,119.98992,0.80000091,-7.4691352e-06,3.5464211e-05,0.0,6.0,2526.2539,3.5464211e-05,0.3752375,132.7131176854335,0.786599,112,0.0,-0.07178376025309313,0.02633937617023769,0.11621250882631941,0.08273756622634353
CaseM3m_Overhang045Extended,overhang045_extended,14,0.00181,588,-3,1,-0.010000239,0.010000239,0.079998799,0.014142473620772358,0.47141578735907863,0.7999879899999999,interior,0.02000120100000001,0.079998799,0.01585752637922764,0.025524677947239643,145,136,0.00999916300064006,12.634294367183767,0.9749299688771359,0.0017177465258779792,-0.022001479,14644701.0,-2060.230967905,-123.18949,65.54873366666668,87.54980357264593,1.3356444690123341,119.98992,0.80000091,-7.4691379e-06,3.5464225e-05,0.0,6.0,2526.2546,3.5464225e-05,0.3752375,132.7131176854335,0.786599,112,0.0,-0.0717837596779744,0.02633937606230282,0.11621250798549775,0.08273756561366996
CaseM3m_Overhang045Extended,overhang045_extended,14,0.00181,653,-3,1,8.3225941e-14,1.1953347e-14,0.069999292,8.407996051282309e-14,2.8026653504274362e-12,0.69999292,measurement_core,0.030000708,0.069999292,0.02999999999991592,0.04242690750568817,178,178,0.00999945499999999,12.977902527478113,1.0014446188675468,0.0011730968000000005,-0.027652526,18444312.0,-5802.739407146,-105.30067,51.67728266666666,80.43508100000018,1.5564882062168321,119.99094,0.80001533,-6.7147689e-06,1.4959136e-05,0.0,6.0,1386.2224,1.4959136e-05,0.3752375,132.7131176854335,0.786599,112,0.0,-0.05659865389963617,0.011721973836453358,0.08340523921787882,0.05897641023744828
CaseM3m_Overhang045Extended,overhang045_extended,14,0.00181,742,-3,1,0.010000239,0.010000239,0.079998799,0.014142473620772358,0.47141578735907863,0.7999879899999999,interior,0.02000120100000001,0.079998799,0.01585752637922764,0.025524677947239643,145,136,0.00999916300064006,12.634294367196093,0.974929968878087,0.0017177465318558942,-0.02200149,14644709.0,-2060.23013886,-123.18949,65.54873133333334,87.54980733506927,1.3356445739560452,119.98992,0.80000091,-7.469142e-06,3.5464211e-05,0.0,6.0,2526.2554,3.5464211e-05,0.3752375,132.7131176854335,0.786599,112,0.0,-0.07178375874507192,0.026339376323431137,0.11621250742990033,0.08273756510179396
CaseM3m_Overhang045Extended,overhang045_extended,16,0.002011,654,-3,1,-1.9623979e-13,-5.1121752e-14,0.079998381,2.027892716757807e-13,6.7596423891926905e-12,0.7999838099999999,interior,0.020001619000000012,0.079998381,0.02999999999979721,0.0360564108392529,178,169,0.009999000000000008,12.978166696466795,1.0020092320213627,0.001839547400000001,-0.02292533,15238729.0,680.1280111901,-130.45909,72.72594133333332,86.59972300000008,1.190767990242676,119.99805,0.79998249,-1.4313341e-06,4.4934277e-05,0.0,8.0,2548.9229,4.4934277e-05,0.29300729999999997,103.63013368224424,0.779335,112,0.0,-0.07230896303577417,0.03341805842312644,0.12216480174626357,0.08638355973709318
CaseM3m_Overhang045Extended,overhang045_extended,18,0.002212,632,-3,1,5.5737092e-14,-0.020000873,0.079998158,0.020000873,0.6666957666666666,0.79998158,lateral_surface,0.020001842000000006,0.079998158,0.009999127,0.022361936949984753,122,113,0.009998783004836635,12.014604967015169,0.9278775852579152,0.0018847258637385896,-0.014997034,9941640.0,4523.899113589,-129.51035,72.94195966666666,87.736555278038,1.2028269555545301,119.99718,0.79998207,-2.0820441e-06,6.3391264e-05,0.0,8.0,2755.1895,6.3391264e-05,0.29300729999999997,103.63013368224424,0.779335,112,0.0,-0.07034854987642863,0.03074959346684441,0.1219388090375321,0.08681537568502774
CaseM3m_Overhang045Extended,overhang045_extended,18,0.002212,511,-3,1,-0.020000873,8.9010925e-14,0.079998158,0.020000873,0.6666957666666666,0.79998158,lateral_surface,0.020001842000000006,0.079998158,0.009999127,0.022361936949984753,122,113,0.009998783004836635,12.014604967016643,0.9278775852580291,0.0018847258637385892,-0.01499703,9941637.0,4523.896152428,-129.51035,72.94195733333332,87.73655837617632,1.2028270365056697,119.99718,0.79998207,-2.0820398e-06,6.3391264e-05,0.0,8.0,2755.1899,6.3391264e-05,0.29300729999999997,103.63013368224424,0.779335,112,0.0,-0.07034854875830382,0.030749592580965712,0.12193880707360523,0.08681537440458854
CaseM3m_Overhang045Extended,overhang045_extended,18,0.002212,653,-3,1,9.5047058e-14,1.5985534e-14,0.069998801,9.638195127574726e-14,3.2127317091915756e-12,0.69998801,measurement_core,0.030001199000000006,0.069998801,0.029999999999903618,0.042427254700626325,178,178,0.009999207999999996,12.978051587175324,1.0022837372615292,0.0012598822000000004,-0.024984797,16659896.0,1373.848621201,-123.90981,69.38726833333332,81.7838125000001,1.1786573310122879,119.99111,0.80000043,-6.5796539e-06,3.179468e-05,0.0,7.0,1632.3728,3.179468e-05,0.29300729999999997,103.63013368224424,0.779335,112,0.0,-0.05696260516333718,0.01676048207342764,0.08725326246807769,0.061697373571827405
CaseM3m_Overhang045Extended,overhang045_extended,18,0.002212,676,-3,1,1.011968e-13,0.020000873,0.079998158,0.020000873,0.6666957666666666,0.79998158,lateral_surface,0.020001842000000006,0.079998158,0.009999127,0.022361936949984753,122,113,0.009998783004836635,12.014604967014874,0.9278775852578924,0.0018847258221876685,-0.014997029,9941636.0,4523.89456895,-129.51033,72.941952,87.73653650269546,1.2028268245781997,119.99718,0.79998207,-2.0820464e-06,6.3391264e-05,0.0,8.0,2755.1868,6.3391264e-05,0.29300729999999997,103.63013368224424,0.779335,112,0.0,-0.07034854692051472,0.0307495956126682,0.1219388091542775,0.08681537551078077
CaseM3m_Overhang045Extended,overhang045_extended,18,0.002212,797,-3,1,0.020000873,4.1624856e-14,0.079998158,0.020000873,0.6666957666666666,0.79998158,lateral_surface,0.020001842000000006,0.079998158,0.009999127,0.022361936949984753,122,113,0.009998783004836635,12.014604967013398,0.9278775852577784,0.0018847257683213454,-0.014997031,9941638.0,4523.895677807,-129.51033,72.941953,87.73653550270916,1.202826794378664,119.99718,0.79998207,-2.0820453e-06,6.3391264e-05,0.0,8.0,2755.1865,6.3391264e-05,0.29300729999999997,103.63013368224424,0.779335,112,0.0,-0.07034854650722591,0.03074959151511072,0.12193880457758839,0.08681537236925904
CaseM3m_Overhang045Extended,overhang045_extended,19,0.002312,623,-3,1,7.5154408e-14,-0.030002961,0.099993855,0.030002961,1.0000987000000001,0.99993855,edge_ring,6.144999999999068e-06,0.099993855,-2.9610000000027115e-06,6.821183621630823e-06,109,50,0.009997413024018674,9.65497797687849,0.7456429017116966,0.005339319039649346,0.014836922,-9909016.0,-11778.45476452,-115.51918,67.34208433333333,90.77087497856624,1.3479071204458697,120.1156,0.79983163,8.558789e-05,0.00016157304,0.0,6.0,3121.7661,0.00016157304,0.29300729999999997,103.63013368224424,0.779335,112,0.0,-0.11863643564584582,0.062356749135530534,0.20948004235248846,0.1579912232434619
CaseM3m_Overhang045Extended,overhang045_extended,19,0.002312,469,-3,1,-0.030002961,8.4484055e-14,0.099993855,0.030002961,1.0000987000000001,0.99993855,edge_ring,6.144999999999068e-06,0.099993855,-2.9610000000027115e-06,6.821183621630823e-06,109,50,0.009997413024018674,9.65497797687889,0.7456429017117274,0.005339319039649347,0.014836919,-9909014.0,-11778.45444609,-115.51918,67.34208433333333,90.77087497856623,1.3479071204458695,120.1156,0.79983163,8.558789e-05,0.00016157304,0.0,6.0,3121.7661,0.00016157304,0.29300729999999997,103.63013368224424,0.779335,112,0.0,-0.11863643593020831,0.0623567467128547,0.20948003981999266,0.15799122157370987
CaseM3m_Overhang045Extended,overhang045_extended,19,0.002312,843,-3,1,0.030002961,-6.1968382e-14,0.099993855,0.030002961,1.0000987000000001,0.99993855,edge_ring,6.144999999999068e-06,0.099993855,-2.9610000000027115e-06,6.821183621630823e-06,109,50,0.009997413024018674,9.654977976879131,0.7456429017117461,0.005339318592629957,0.01483692,-9909015.0,-11778.45548076,-115.51918,67.34208566666668,90.77087117162614,1.347907037226742,120.1156,0.79983163,8.5587875e-05,0.00016157304,0.0,6.0,3121.7656,0.00016157304,0.29300729999999997,103.63013368224424,0.779335,112,0.0,-0.1186364233773434,0.06235674129112016,0.20948001912406478,0.1579912042074176
CaseM3m_Overhang045Extended,overhang045_extended,19,0.002312,689,-3,1,3.8778913e-14,0.030002961,0.099993855,0.030002961,1.0000987000000001,0.99993855,edge_ring,6.144999999999068e-06,0.099993855,-2.9610000000027115e-06,6.821183621630823e-06,109,50,0.009997413024018674,9.654977976879534,0.7456429017117773,0.005339318955516752,0.014836921,-9909016.0,-11778.45352075,-115.51918,67.34208666666667,90.77087407121039,1.3479070602684577,120.1156,0.79983163,8.5587897e-05,0.00016157306,0.0,6.0,3121.7661,0.00016157306,0.29300729999999997,103.63013368224424,0.779335,112,0.0,-0.1186364385310357,0.062356742873407756,0.20948003749496266,0.15799121913310427
CaseM3m_Overhang045Extended,overhang045_extended,20,0.002413,623,-3,1,7.7652403e-14,-0.030003188,0.099993363,0.030003188,1.0001062666666667,0.99993363,edge_ring,6.637000000003779e-06,0.099993363,-3.18800000000119e-06,7.36295545280954e-06,109,50,0.00999724102850912,9.654961953520553,0.7456391541725883,0.005406269659052463,0.015671203,-10468090.0,-16778.92253081,-123.0229,65.444373,110.21050580607665,1.6840333363126063,120.1156,0.79983163,8.558789e-05,0.00016157304,0.0,5.0,6994.145,0.00016157304,0.29300729999999997,103.63013368224424,0.779335,112,0.0,-0.11900302106908694,0.06390063328391853,0.21165903694539,0.15941648654746132
CaseM3m_Overhang045Extended,overhang045_extended,20,0.002413,469,-3,1,-0.030003188,8.0180877e-14,0.099993363,0.030003188,1.0001062666666667,0.99993363,edge_ring,6.637000000003779e-06,0.099993363,-3.18800000000119e-06,7.36295545280954e-06,109,50,0.00999724102850912,9.654961953520969,0.7456391541726204,0.005406269659052464,0.015671199,-10468087.0,-16778.92246251,-123.0229,65.444373,110.21050580607665,1.6840333363126063,120.1156,0.79983163,8.558789e-05,0.00016157304,0.0,5.0,6994.145,0.00016157304,0.29300729999999997,103.63013368224424,0.779335,112,0.0,-0.11900302061163825,0.06390063043820422,0.2116590329842916,0.15941648419568566
CaseM3m_Overhang045Extended,overhang045_extended,20,0.002413,843,-3,1,0.030003188,-5.7162215e-14,0.099993363,0.030003188,1.0001062666666667,0.99993363,edge_ring,6.637000000003779e-06,0.099993363,-3.18800000000119e-06,7.36295545280954e-06,109,50,0.00999724102850912,9.654961953521235,0.745639154172641,0.0054062691213435845,0.015671205,-10468091.0,-16778.92547882,-123.0229,65.44437800000001,110.21049971133216,1.6840331145225667,120.1156,0.79983163,8.5587875e-05,0.00016157304,0.0,5.0,6994.1436,0.00016157304,0.29300729999999997,103.63013368224424,0.779335,112,0.0,-0.1190030056109277,0.06390062512249498,0.21165900983318486,0.1594164641798251
CaseM3m_Overhang045Extended,overhang045_extended,20,0.002413,689,-3,1,3.9277118e-14,0.030003188,0.099993363,0.030003188,1.0001062666666667,0.99993363,edge_ring,6.637000000003779e-06,0.099993363,-3.18800000000119e-06,7.36295545280954e-06,109,50,0.00999724102850912,9.654961953521653,0.7456391541726732,0.005406269574719677,0.015671194,-10468084.0,-16778.92628417,-123.0229,65.44437933333334,110.2105023163919,1.6840331200185656,120.1156,0.79983163,8.5587897e-05,0.00016157306,0.0,5.0,6994.144,0.00016157306,0.29300729999999997,103.63013368224424,0.779335,112,0.0,-0.1190030226559929,0.06390062724199387,0.21165903074066392,0.15941648201262917
CaseM3m_Overhang045Extended,overhang045_extended,22,0.002614,502,-3,1,-0.020001935,-0.01000131,0.099993244,0.022362996343520805,0.7454332114506935,0.9999324399999999,edge_ring,6.756000000010531e-06,0.099993244,0.007637003656479194,0.00763700664479301,130,68,0.009997532002529614,11.579328415299363,0.8942503802032116,0.004641858132560975,0.024689691,-16429194.0,-19916.03511816,-122.26282,67.20629333333333,91.5506562236332,1.3622333814715148,120.13921,0.79979569,0.00010305313,0.00020192664,0.0,4.0,3258.8293,0.00020192664,0.29300729999999997,103.63013368224424,0.779335,112,0.0,-0.10551716704802655,0.05949657625655118,0.19145024385547077,0.1382534364519279
CaseM3m_Overhang045Extended,overhang045_extended,22,0.002614,557,-3,1,-0.01000131,-0.020001935,0.099993244,0.022362996343520805,0.7454332114506935,0.9999324399999999,edge_ring,6.756000000010531e-06,0.099993244,0.007637003656479194,0.00763700664479301,130,68,0.009997532002529614,11.579328415289387,0.8942503802024412,0.004641858501997585,0.024689695,-16429196.0,-19916.03630105,-122.26281,67.20628766666667,91.55064993070576,1.362233402695646,120.13921,0.79979569,0.00010305313,0.00020192664,0.0,4.0,3258.8284,0.00020192664,0.29300729999999997,103.63013368224424,0.779335,112,0.0,-0.10551718244248953,0.059496576419414415,0.19145026046086858,0.13825344938799758
CaseM3m_Overhang045Extended,overhang045_extended,22,0.002614,711,-3,1,0.01000131,-0.020001935,0.099993244,0.022362996343520805,0.7454332114506935,0.9999324399999999,edge_ring,6.756000000010531e-06,0.099993244,0.007637003656479194,0.00763700664479301,130,68,0.009997532002529614,11.579328415333942,0.894250380205882,0.00464185899103832,0.024689661,-16429174.0,-19916.03456312,-122.26281,67.206289,91.55065050368896,1.3622333841954726,120.13921,0.79979569,0.00010305314,0.00020192664,0.0,4.0,3258.8286,0.00020192664,0.29300729999999997,103.63013368224424,0.779335,112,0.0,-0.10551720318513137,0.05949657638976982,0.19145028362917876,0.13825346810396916
CaseM3m_Overhang045Extended,overhang045_extended,22,0.002614,788,-3,1,0.020001935,-0.01000131,0.099993244,0.022362996343520805,0.7454332114506935,0.9999324399999999,edge_ring,6.756000000010531e-06,0.099993244,0.007637003656479194,0.00763700664479301,130,68,0.009997532002529614,11.57932841531604,0.8942503802044994,0.004641858106582056,0.024689674,-16429182.0,-19916.03763804,-122.26282,67.20629466666666,91.55065540262972,1.362233342229437,120.13921,0.79979569,0.00010305313,0.00020192667,0.0,4.0,3258.8291,0.00020192667,0.29300729999999997,103.63013368224424,0.779335,112,0.0,-0.10551716937303045,0.059496573982289,0.19145024354857465,0.13825343569391166
CaseM3m_Overhang045Extended,overhang045_extended,22,0.002614,524,-3,1,-0.020001935,0.01000131,0.099993244,0.022362996343520805,0.7454332114506935,0.9999324399999999,edge_ring,6.756000000010531e-06,0.099993244,0.007637003656479194,0.00763700664479301,130,68,0.009997532002529614,11.579328415330203,0.8942503802055932,0.004641859048034523,0.024689659,-16429172.0,-19916.03450494,-122.26282,67.20629566666666,91.55065464113102,1.3622333106292421,120.13921,0.79979569,0.00010305314,0.00020192664,0.0,4.0,3258.8289,0.00020192664,0.29300729999999997,103.63013368224424,0.779335,112,0.0,-0.10551720489508122,0.0594965778801297,0.19145028669453903,0.1382534707529308
CaseM3m_Overhang045Extended,overhang045_extended,22,0.002614,601,-3,1,-0.01000131,0.020001935,0.099993244,0.022362996343520805,0.7454332114506935,0.9999324399999999,edge_ring,6.756000000010531e-06,0.099993244,0.007637003656479194,0.00763700664479301,130,68,0.009997532002529614,11.579328415321225,0.8942503802048999,0.004641858542133632,0.024689656,-16429170.0,-19916.03629746,-122.26281,67.20629000000001,91.55064886409465,1.3622333395295982,120.13921,0.79979569,0.00010305313,0.00020192664,0.0,4.0,3258.8281,0.00020192664,0.29300729999999997,103.63013368224424,0.779335,112,0.0,-0.10551718592967142,0.059496576643841434,0.19145026516144567,0.13825345330237562
CaseM3m_Overhang045Extended,overhang045_extended,22,0.002614,755,-3,1,0.01000131,0.020001935,0.099993244,0.022362996343520805,0.7454332114506935,0.9999324399999999,edge_ring,6.756000000010531e-06,0.099993244,0.007637003656479194,0.00763700664479301,130,68,0.009997532002529614,11.579328415336883,0.8942503802061091,0.0046418584605100255,0.024689682,-16429187.0,-19916.03954547,-122.26282,67.20629433333333,91.5506560365147,1.3622333584178428,120.13921,0.79979569,0.00010305314,0.00020192664,0.0,4.0,3258.8291,0.00020192664,0.29300729999999997,103.63013368224424,0.779335,112,0.0,-0.10551718642051044,0.05949657276847997,0.19145026083371477,0.13825344862187366
CaseM3m_Overhang045Extended,overhang045_extended,22,0.002614,810,-3,1,0.020001935,0.01000131,0.099993244,0.022362996343520805,0.7454332114506935,0.9999324399999999,edge_ring,6.756000000010531e-06,0.099993244,0.007637003656479194,0.00763700664479301,130,68,0.009997532002529614,11.579328415335837,0.8942503802060284,0.004641858521193084,0.024689678,-16429185.0,-19916.03791051,-122.2628,67.20628566666666,91.55064283691146,1.362233337681973,120.13921,0.79979569,0.00010305313,0.00020192665,0.0,4.0,3258.8274,0.00020192665,0.29300729999999997,103.63013368224424,0.779335,112,0.0,-0.10551718706911939,0.059496575091882054,0.19145026416400535,0.13825345195733701
CaseM3m_Overhang045Extended,overhang045_extended,23,0.002715,633,-3,1,-1.1064802e-14,-0.02000165,0.089995511,0.02000165,0.6667216666666667,0.89995511,edge_ring,0.010004489000000005,0.089995511,0.00999835,0.014144143766012177,129,95,0.009997576000014448,12.03755691158372,0.9296366963825449,0.0030941205992101465,0.028996551,-19282214.0,-16128.79672665,-125.55015,61.940727333333335,95.42890615986047,1.540648782606489,120.04668,0.79992402,3.4577854e-05,0.00016320623,0.0,7.0,3923.9351,0.00016320623,0.29300729999999997,103.63013368224424,0.779335,112,0.0,-0.0809269271112986,0.04820551490881861,0.15156073882278556,0.10826338094490708
CaseM3m_Overhang045Extended,overhang045_extended,23,0.002715,512,-3,1,-0.02000165,-8.9647236e-14,0.089995511,0.02000165,0.6667216666666667,0.89995511,edge_ring,0.010004489000000005,0.089995511,0.00999835,0.014144143766012177,129,95,0.009997576000014448,12.037556911589592,0.9296366963829982,0.0030941204655657176,0.028996548,-19282212.0,-16128.79616934,-125.55013,61.94071666666667,95.42889213990162,1.5406488215732348,120.04668,0.79992402,3.4577857e-05,0.00016320623,0.0,7.0,3923.9331,0.00016320623,0.29300729999999997,103.63013368224424,0.779335,112,0.0,-0.08092692073760162,0.04820551667590246,0.15156073545086812,0.10826337834133362
CaseM3m_Overhang045Extended,overhang045_extended,23,0.002715,656,-3,1,1.0786604e-13,1.7085966e-13,0.099993356,2.0205965950826802e-13,6.735321983608934e-12,0.99993356,top_cap_zone,6.644000000000094e-06,0.099993356,0.02999999999979794,0.030000000735510197,169,107,0.009997987,12.973342223560591,1.00190554398503,0.0040697749,0.013227417,-8801497.0,-18288.99131461,-140.40138,81.85662533333333,87.81713200000006,1.0728164231348971,120.17361,0.79973823,0.00012851329,0.00021920861,0.0,7.0,3195.2898,0.00021920861,0.29300729999999997,103.63013368224424,0.779335,112,0.0,-0.09740828678425219,0.07205799682520479,0.1993644108017556,0.14097192680518203
CaseM3m_Overhang045Extended,overhang045_extended,23,0.002715,677,-3,1,1.9640606e-13,0.02000165,0.089995511,0.02000165,0.6667216666666667,0.89995511,edge_ring,0.010004489000000005,0.089995511,0.00999835,0.014144143766012177,129,95,0.009997576000014448,12.037556911595475,0.9296366963834526,0.003094120337292093,0.028996551,-19282214.0,-16128.79996308,-125.55013,61.94071066666667,95.42890108006748,1.5406491151452424,120.04668,0.79992402,3.4577846e-05,0.00016320622,0.0,7.0,3923.9348,0.00016320622,0.29300729999999997,103.63013368224424,0.779335,112,0.0,-0.08092692284425897,0.048205509362582166,0.15156072820723135,0.10826337171762733
CaseM3m_Overhang045Extended,overhang045_extended,23,0.002715,798,-3,1,0.02000165,4.3428169e-14,0.089995511,0.02000165,0.6667216666666667,0.89995511,edge_ring,0.010004489000000005,0.089995511,0.00999835,0.014144143766012177,129,95,0.009997576000014448,12.03755691158959,0.9296366963829981,0.003094120200519028,0.028996559,-19282220.0,-16128.79899779,-125.55013,61.940712999999995,95.42889757721788,1.5406490005566758,120.04668,0.79992402,3.4577839e-05,0.0001632062,0.0,7.0,3923.9341,0.0001632062,0.29300729999999997,103.63013368224424,0.779335,112,0.0,-0.08092691514429895,0.048205512232794,0.1515607249554046,0.10826336921317935
CaseM3m_Overhang045Extended,overhang045_extended,24,0.002815,501,-3,1,-0.020002365,-0.010001652,0.089995101,0.02236353389610705,0.7454511298702351,0.8999510099999999,edge_ring,0.010004899000000012,0.089995101,0.007636466103892948,0.012586247199070387,124,90,0.009997249003314912,11.10379993227092,0.8575232946428912,0.0034880621573029633,0.030659579,-20385186.0,-18346.99305138,-122.26736,59.48637366666666,94.50799874584968,1.5887335690594881,120.04538,0.79992795,3.359891e-05,0.00016579447,0.0,8.0,3744.2534,0.00016579447,0.29300729999999997,103.63013368224424,0.779335,112,0.0,-0.08436137660098283,0.061779484910130605,0.17589813082256414,0.12734332648535504
CaseM3m_Overhang045Extended,overhang045_extended,24,0.002815,556,-3,1,-0.010001652,-0.020002365,0.089995101,0.02236353389610705,0.7454511298702351,0.8999510099999999,edge_ring,0.010004899000000012,0.089995101,0.007636466103892948,0.012586247199070387,124,90,0.009997249003314912,11.103799932257084,0.8575232946418228,0.003488062079771179,0.030659573,-20385182.0,-18346.99069265,-122.26736,59.486376666666665,94.50799417429069,1.5887334120864092,120.04538,0.79992795,3.3598928e-05,0.00016579451,0.0,8.0,3744.2524,0.00016579451,0.29300729999999997,103.63013368224424,0.779335,112,0.0,-0.08436137720531678,0.061779481909589054,0.1758981261292473,0.12734332262979434
CaseM3m_Overhang045Extended,overhang045_extended,24,0.002815,643,-3,1,1.973992e-13,-0.010000222,0.079996906,0.010000222,0.3333407333333333,0.79996906,interior,0.020003094,0.079996906,0.019999778,0.028286302155321043,153,144,0.009998203001248422,12.936567081751566,0.999064076530383,0.001903660005243921,-0.0019274213,1252469.6,712.1548791145,-127.12045,66.83348366666667,90.65560642510685,1.3564399377601428,120.00293,0.79998273,2.1672145e-06,0.00011093967,0.0,8.0,3101.4001,0.00011093967,0.29300729999999997,103.63013368224424,0.779335,112,0.0,-0.07358943813058856,0.04257470656458044,0.13493815744691182,0.09593590746011824
CaseM3m_Overhang045Extended,overhang045_extended,24,0.002815,710,-3,1,0.010001652,-0.020002365,0.089995101,0.02236353389610705,0.7454511298702351,0.8999510099999999,edge_ring,0.010004899000000012,0.089995101,0.007636466103892948,0.012586247199070387,124,90,0.009997249003314912,11.103799932297546,0.8575232946449475,0.0034880622695620607,0.030659577,-20385184.0,-18346.99158244,-122.26735,59.486368999999996,94.5079906426792,1.5887335574756498,120.04538,0.79992795,3.3598924e-05,0.00016579448,0.0,8.0,3744.2524,0.00016579448,0.29300729999999997,103.63013368224424,0.779335,112,0.0,-0.08436138025024735,0.06177948190500182,0.1758981275821205,0.1273433252783109
CaseM3m_Overhang045Extended,overhang045_extended,24,0.002815,787,-3,1,0.020002365,-0.010001652,0.089995101,0.02236353389610705,0.7454511298702351,0.8999510099999999,edge_ring,0.010004899000000012,0.089995101,0.007636466103892948,0.012586247199070387,124,90,0.009997249003314912,11.103799932275043,0.8575232946432096,0.003488061948713282,0.030659577,-20385184.0,-18346.99383967,-122.26736,59.486377000000005,94.50799380453387,1.58873339696808,120.04538,0.79992795,3.3598921e-05,0.0001657945,0.0,8.0,3744.2527,0.0001657945,0.29300729999999997,103.63013368224424,0.779335,112,0.0,-0.08436136990153631,0.06177948291753148,0.17589812223783374,0.12734331878196653
CaseM3m_Overhang045Extended,overhang045_extended,24,0.002815,523,-3,1,-0.020002365,0.010001652,0.089995101,0.02236353389610705,0.7454511298702351,0.8999510099999999,edge_ring,0.010004899000000012,0.089995101,0.007636466103892948,0.012586247199070387,124,90,0.009997249003314912,11.103799932285876,0.8575232946440462,0.00348806211853707,0.030659584,-20385190.0,-18346.99203012,-122.26736,59.48637433333332,94.50799742590233,1.588733529065404,120.04538,0.79992795,3.359891e-05,0.00016579448,0.0,8.0,3744.2532,0.00016579448,0.29300729999999997,103.63013368224424,0.779335,112,0.0,-0.08436137556043824,0.061779482220726725,0.17589812521669584,0.12734332230037423
CaseM3m_Overhang045Extended,overhang045_extended,24,0.002815,577,-3,1,-0.010000222,-3.5882027e-14,0.079996906,0.010000222,0.3333407333333333,0.79996906,interior,0.020003094,0.079996906,0.019999778,0.028286302155321043,153,144,0.009998203001248422,12.936567081758504,0.9990640765309188,0.0019036600107674687,-0.0019274218,1252469.9,712.1538976803,-127.12045,66.83348266666667,90.65560790126759,1.3564399801431004,120.00293,0.79998273,2.1672122e-06,0.00011093968,0.0,8.0,3101.4004,0.00011093968,0.29300729999999997,103.63013368224424,0.779335,112,0.0,-0.07358943764446706,0.042574707111704004,0.13493815759231817,0.09593590771200376
CaseM3m_Overhang045Extended,overhang045_extended,24,0.002815,600,-3,1,-0.010001652,0.020002365,0.089995101,0.02236353389610705,0.7454511298702351,0.8999510099999999,edge_ring,0.010004899000000012,0.089995101,0.007636466103892948,0.012586247199070387,124,90,0.009997249003314912,11.103799932270602,0.8575232946428667,0.003488061948713282,0.030659579,-20385186.0,-18346.9941958,-122.26736,59.486375333333335,94.50799613135192,1.5887334805957514,120.04538,0.79992795,3.3598917e-05,0.00016579448,0.0,8.0,3744.2529,0.00016579448,0.29300729999999997,103.63013368224424,0.779335,112,0.0,-0.0843613715320683,0.06177948295772614,0.17589812376019123,0.1273433197513465
CaseM3m_Overhang045Extended,overhang045_extended,24,0.002815,665,-3,1,1.4653952e-13,0.010000222,0.079996906,0.010000222,0.3333407333333333,0.79996906,interior,0.020003094,0.079996906,0.019999778,0.028286302155321043,153,144,0.009998203001248422,12.93656708176547,0.9990640765314567,0.0019036600038630348,-0.0019274229,1252470.8,712.1523955268,-127.12045,66.83348133333334,90.65561012770011,1.3564400405173185,120.00293,0.79998273,2.167209e-06,0.00011093966,0.0,8.0,3101.4009,0.00011093966,0.29300729999999997,103.63013368224424,0.779335,112,0.0,-0.0735894362014509,0.042574705835651726,0.13493815462659683,0.09593590529477695
CaseM3m_Overhang045Extended,overhang045_extended,24,0.002815,731,-3,1,0.010000222,5.6173965e-14,0.079996906,0.010000222,0.3333407333333333,0.79996906,interior,0.020003094,0.079996906,0.019999778,0.028286302155321043,153,144,0.009998203001248422,12.936567081758538,0.9990640765309214,0.0019036600066248066,-0.0019274146,1252465.1,712.1530967554,-127.12045,66.83348,90.65561209913855,1.3564400970761743,120.00293,0.79998273,2.167214e-06,0.00011093965,0.0,8.0,3101.4011,0.00011093965,0.29300729999999997,103.63013368224424,0.779335,112,0.0,-0.07358943661688788,0.042574706486421046,0.13493815583611743,0.09593590620666843
CaseM3m_Overhang045Extended,overhang045_extended,24,0.002815,754,-3,1,0.010001652,0.020002365,0.089995101,0.02236353389610705,0.7454511298702351,0.8999510099999999,edge_ring,0.010004899000000012,0.089995101,0.007636466103892948,0.012586247199070387,124,90,0.009997249003314912,11.103799932309276,0.8575232946458533,0.0034880621573029633,0.030659582,-20385188.0,-18346.99667982,-122.26735,59.48636966666667,94.507989631229,1.5887335226675763,120.04538,0.79992795,3.3598913e-05,0.00016579448,0.0,8.0,3744.2522,0.00016579448,0.29300729999999997,103.63013368224424,0.779335,112,0.0,-0.0843613757304265,0.06177948398592809,0.1758981286049941,0.12734332467882611
CaseM3m_Overhang045Extended,overhang045_extended,24,0.002815,809,-3,1,0.020002365,0.010001652,0.089995101,0.02236353389610705,0.7454511298702351,0.8999510099999999,edge_ring,0.010004899000000012,0.089995101,0.007636466103892948,0.012586247199070387,124,90,0.009997249003314912,11.103799932302659,0.8575232946453424,0.0034880619421739103,0.030659588,-20385192.0,-18346.99658031,-122.26736,59.486376666666665,94.50799393137233,1.5887334080028126,120.04538,0.79992795,3.3598913e-05,0.00016579448,0.0,8.0,3744.2524,0.00016579448,0.29300729999999997,103.63013368224424,0.779335,112,0.0,-0.08436136951517863,0.06177948215434124,0.17589812126053675,0.12734331800951393
CaseM3m_Overhang045Extended,overhang045_extended,26,0.003016,458,-3,1,-0.030004507,-0.010002184,0.099989824,0.03162774296536041,1.054258098845347,0.99989824,edge_ring,1.0176000000000629e-05,0.099989824,-0.0016277429653604111,0.0016277747731969262,104,48,0.009996004067150085,8.748005913949067,0.6757112059053981,0.0059696023641353175,0.012715554,-8484569.0,-21457.79430661,-81.46833,46.05136533333333,90.73686515953167,1.9703403906214627,120.10378,0.79986101,7.685554e-05,0.00021441409,0.0,6.0,3322.4695,0.00021441409,0.36028499999999997,127.42475260414113,0.202593,112,0.0,-0.125330109982798,0.07415581607707604,0.2324242187282657,0.17452000533743198
CaseM3m_Overhang045Extended,overhang045_extended,26,0.003016,546,-3,1,-0.010002184,-0.030004507,0.099989824,0.03162774296536041,1.054258098845347,0.99989824,edge_ring,1.0176000000000629e-05,0.099989824,-0.0016277429653604111,0.0016277747731969262,104,48,0.009996004067150085,8.74800591394159,0.6757112059048206,0.005969602802803159,0.012715566,-8484577.0,-21457.79154251,-81.468323,46.051359999999995,90.73686388259085,1.9703405910833223,120.10378,0.79986101,7.6855533e-05,0.00021441412,0.0,6.0,3322.4692,0.00021441412,0.36028499999999997,127.42475260414113,0.202593,112,0.0,-0.12533012148987208,0.07415582148184705,0.2324242384681701,0.17452002337897932
CaseM3m_Overhang045Extended,overhang045_extended,26,0.003016,633,-3,1,-5.8909464e-15,-0.020001948,0.089994609,0.020001948,0.6667316,0.89994609,edge_ring,0.010005391000000002,0.089994609,0.009998052,0.014144571144350226,129,95,0.009997182000045006,12.03752080468479,0.9297990626726771,0.003186370099252841,0.033445459,-22221520.0,-22564.05681502,-121.54256,57.686093,95.85429220186283,1.661653393684728,120.04676,0.7999267,3.4639219e-05,0.00019384839,0.0,5.0,4007.8701,0.00019384839,0.36028499999999997,127.42475260414113,0.202593,112,0.0,-0.08180674566385054,0.05132184826003508,0.15612054844402706,0.11138309233435766
CaseM3m_Overhang045Extended,overhang045_extended,26,0.003016,700,-3,1,0.010002184,-0.030004507,0.099989824,0.03162774296536041,1.054258098845347,0.99989824,edge_ring,1.0176000000000629e-05,0.099989824,-0.0016277429653604111,0.0016277747731969262,104,48,0.009996004067150085,8.748005913975867,0.6757112059074681,0.005969602479664441,0.012715565,-8484576.0,-21457.7927169,-81.468315,46.05135733333333,90.73686020180237,1.9703406252506777,120.10378,0.79986101,7.685554e-05,0.00021441413,0.0,6.0,3322.4688,0.00021441413,0.36028499999999997,127.42475260414113,0.202593,112,0.0,-0.12533011077832734,0.07415582279948224,0.23242422879873326,0.1745200144433722
CaseM3m_Overhang045Extended,overhang045_extended,26,0.003016,832,-3,1,0.030004507,-0.010002184,0.099989824,0.03162774296536041,1.054258098845347,0.99989824,edge_ring,1.0176000000000629e-05,0.099989824,-0.0016277429653604111,0.0016277747731969262,104,48,0.009996004067150085,8.748005913957208,0.675711205906027,0.005969602520392791,0.012715576,-8484583.0,-21457.80400548,-81.468338,46.051366333333334,90.73686450693722,1.970340333664741,120.10378,0.79986101,7.6855533e-05,0.0002144141,0.0,6.0,3322.4692,0.0002144141,0.36028499999999997,127.42475260414113,0.202593,112,0.0,-0.12533011036058972,0.0741558224738477,0.23242422719642725,0.1745200144928069
CaseM3m_Overhang045Extended,overhang045_extended,26,0.003016,480,-3,1,-0.030004507,0.010002184,0.099989824,0.03162774296536041,1.054258098845347,0.99989824,edge_ring,1.0176000000000629e-05,0.099989824,-0.0016277429653604111,0.0016277747731969262,104,48,0.009996004067150085,8.748005913968791,0.6757112059069217,0.005969602802803159,0.012715562,-8484574.0,-21457.79340267,-81.46833,46.05136433333333,90.73686097483439,1.970340342536961,120.10378,0.79986101,7.6855562e-05,0.0002144141,0.0,6.0,3322.4688,0.0002144141,0.36028499999999997,127.42475260414113,0.202593,112,0.0,-0.12533011806674463,0.07415581920027715,0.23242423189369563,0.17452002015263401
CaseM3m_Overhang045Extended,overhang045_extended,26,0.003016,512,-3,1,-0.020001948,-1.147737e-13,0.089994609,0.020001948,0.6667316,0.89994609,edge_ring,0.010005391000000002,0.089994609,0.009998052,0.014144571144350226,129,95,0.009997182000045006,12.03752080469132,0.9297990626731815,0.0031863699733208645,0.033445463,-22221522.0,-22564.05625771,-121.54255,57.686085,95.85428915357497,1.6616535712828313,120.04676,0.7999267,3.4639223e-05,0.00019384838,0.0,5.0,4007.8699,0.00019384838,0.36028499999999997,127.42475260414113,0.202593,112,0.0,-0.08180673898490531,0.051321850923768786,0.15612054572009418,0.1113830903353226
CaseM3m_Overhang045Extended,overhang045_extended,26,0.003016,677,-3,1,2.1952245e-13,0.020001948,0.089994609,0.020001948,0.6667316,0.89994609,edge_ring,0.010005391000000002,0.089994609,0.009998052,0.014144571144350226,129,95,0.009997182000045006,12.037520804698728,0.9297990626737536,0.003186369845991844,0.033445455,-22221516.0,-22564.05924719,-121.54255,57.68608966666667,95.85428204159324,1.6616533135713942,120.04676,0.7999267,3.4639208e-05,0.00019384838,0.0,5.0,4007.8687,0.00019384838,0.36028499999999997,127.42475260414113,0.202593,112,0.0,-0.08180674056653293,0.05132184379628699,0.15612053816712115,0.1113830835283989
CaseM3m_Overhang045Extended,overhang045_extended,26,0.003016,798,-3,1,0.020001948,7.6530951e-14,0.089994609,0.020001948,0.6667316,0.89994609,edge_ring,0.010005391000000002,0.089994609,0.009998052,0.014144571144350226,129,95,0.009997182000045006,12.037520804692207,0.92979906267325,0.003186369593429354,0.033445459,-22221520.0,-22564.05989041,-121.54255,57.68608633333334,95.85428700972247,1.6616534957119113,120.04676,0.7999267,3.4639201e-05,0.00019384836,0.0,5.0,4007.8696,0.00019384836,0.36028499999999997,127.42475260414113,0.202593,112,0.0,-0.08180673037981888,0.05132184511372738,0.15612053061071035,0.11138307756726726
CaseM3m_Overhang045Extended,overhang045_extended,26,0.003016,854,-3,1,0.030004507,0.010002184,0.099989824,0.03162774296536041,1.054258098845347,0.99989824,edge_ring,1.0176000000000629e-05,0.099989824,-0.0016277429653604111,0.0016277747731969262,104,48,0.009996004067150085,8.748005913962093,0.6757112059064042,0.005969602576493378,0.012715575,-8484583.0,-21457.80065473,-81.468338,46.05136766666667,90.73686436798818,1.9703402735998692,120.10378,0.79986101,7.6855526e-05,0.00021441412,0.0,6.0,3322.4692,0.00021441412,0.36028499999999997,127.42475260414113,0.202593,112,0.0,-0.12533010802322944,0.07415582411857077,0.23242422775509525,0.1745200173506867
CaseM3m_Overhang045Extended,overhang045_extended,26,0.003016,612,-3,1,-0.010002184,0.030004507,0.099989824,0.03162774296536041,1.054258098845347,0.99989824,edge_ring,1.0176000000000629e-05,0.099989824,-0.0016277429653604111,0.0016277747731969262,104,48,0.009996004067150085,8.748005913954662,0.6757112059058303,0.0059696024235638585,0.012715568,-8484578.0,-21457.79876372,-81.468346,46.05137199999999,90.73686586331006,1.9703401206658961,120.10378,0.79986101,7.6855547e-05,0.00021441412,0.0,6.0,3322.4692,0.00021441412,0.36028499999999997,127.42475260414113,0.202593,112,0.0,-0.12533010877803008,0.07415581963347725,0.23242422128938497,0.17452000879390026
CaseM3m_Overhang045Extended,overhang045_extended,26,0.003016,766,-3,1,0.010002184,0.030004507,0.099989824,0.03162774296536041,1.054258098845347,0.99989824,edge_ring,1.0176000000000629e-05,0.099989824,-0.0016277429653604111,0.0016277747731969262,104,48,0.009996004067150085,8.748005913965033,0.6757112059066314,0.005969602557793181,0.012715572,-8484580.0,-21457.799535,-81.468323,46.05136066666666,90.73686326423558,1.9703405491319959,120.10378,0.79986101,7.6855533e-05,0.0002144141,0.0,6.0,3322.4692,0.0002144141,0.36028499999999997,127.42475260414113,0.202593,112,0.0,-0.12533010554409807,0.07415582429952627,0.23242422515031305,0.17452001488558266
CaseM3m_Overhang045Extended,overhang045_extended,29,0.003318,567,-3,1,-0.010000858,-0.010000858,0.089993611,0.014143349018967468,0.4714449672989156,0.89993611,top_cap_zone,0.010006389000000004,0.089993611,0.015856650981032533,0.01874996536406404,148,114,0.009997100000144437,12.641949322487841,0.9764879960855193,0.003157385600341079,0.031949826,-21221922.0,-26497.52593179,-121.16277,57.071464666666664,96.54569744494437,1.6916632157389355,120.0511,0.79992259,3.7852122e-05,0.00022617939,0.0,8.0,4145.2222,0.00022617939,0.36028499999999997,127.42475260414113,0.202593,112,0.0,-0.085459211249409,0.05510803591625584,0.16413309111817267,0.11641767428340903
CaseM3m_Overhang045Extended,overhang045_extended,29,0.003318,721,-3,1,0.010000858,-0.010000858,0.089993611,0.014143349018967468,0.4714449672989156,0.89993611,top_cap_zone,0.010006389000000004,0.089993611,0.015856650981032533,0.01874996536406404,148,114,0.009997100000144437,12.641949322508014,0.9764879960870774,0.0031573853986291292,0.031949829,-21221924.0,-26497.52949628,-121.16278,57.07147066666666,96.5457033232197,1.6916631408906109,120.0511,0.79992259,3.7852129e-05,0.00022617941,0.0,8.0,4145.2227,0.00022617941,0.36028499999999997,127.42475260414113,0.202593,112,0.0,-0.08545920425999388,0.05510803528837782,0.16413308317155514,0.11641766827875633
CaseM3m_Overhang045Extended,overhang045_extended,29,0.003318,589,-3,1,-0.010000858,0.010000858,0.089993611,0.014143349018967468,0.4714449672989156,0.89993611,top_cap_zone,0.010006389000000004,0.089993611,0.015856650981032533,0.01874996536406404,148,114,0.009997100000144437,12.64194932251123,0.9764879960873258,0.003157385584068035,0.031949837,-21221930.0,-26497.52895951,-121.16278,57.071471333333335,96.54570218971077,1.6916631012686367,120.0511,0.79992259,3.7852133e-05,0.00022617946,0.0,8.0,4145.2227,0.00022617946,0.36028499999999997,127.42475260414113,0.202593,112,0.0,-0.08545921016504703,0.055108034016987606,0.16413308759319742,0.11641767160000539
CaseM3m_Overhang045Extended,overhang045_extended,29,0.003318,743,-3,1,0.010000858,0.010000858,0.089993611,0.014143349018967468,0.4714449672989156,0.89993611,top_cap_zone,0.010006389000000004,0.089993611,0.015856650981032533,0.01874996536406404,148,114,0.009997100000144437,12.641949322551456,0.976487996090433,0.003157385383712169,0.03194984,-21221932.0,-26497.53279236,-121.16279,57.071480333333334,96.54570379977592,1.6916628627098562,120.0511,0.79992259,3.7852118e-05,0.00022617943,0.0,8.0,4145.2222,0.00022617943,0.36028499999999997,127.42475260414113,0.202593,112,0.0,-0.08545920410837403,0.05510803346222874,0.16413308078415567,0.1164176663630417
CaseM3m_Overhang045Extended,overhang045_extended,30,0.003418,642,-3,1,-1.0569716e-13,-0.010000147,0.069997348,0.010000147,0.33333823333333334,0.6999734799999999,interior,0.030002652000000005,0.069997348,0.019999852999999998,0.03605763784629705,153,153,0.009998388001462282,12.936462530408503,0.9992379284428089,0.001244318895913338,0.009124401,-6108047.0,3954.420852143,-117.47406,60.562628999999994,85.44474845601958,1.4108493945337082,119.99922,0.79998791,-5.8773264e-07,9.6736861e-05,0.0,7.0,2117.3284,9.6736861e-05,0.36028499999999997,127.42475260414113,0.202593,112,0.0,-0.057352279004107096,0.03587487404578171,0.10873244713027366,0.07730994564662712
CaseM3m_Overhang045Extended,overhang045_extended,30,0.003418,576,-3,1,-0.010000147,8.7154073e-14,0.069997348,0.010000147,0.33333823333333334,0.6999734799999999,interior,0.030002652000000005,0.069997348,0.019999852999999998,0.03605763784629705,153,153,0.009998388001462282,12.936462530416788,0.9992379284434489,0.0012443187960902993,0.0091244038,-6108049.0,3954.420668487,-117.47406,60.562631666666654,85.44474439360992,1.410849265333994,119.99922,0.79998791,-5.8773566e-07,9.6736869e-05,0.0,7.0,2117.3276,9.6736869e-05,0.36028499999999997,127.42475260414113,0.202593,112,0.0,-0.0573522798732615,0.035874873591409506,0.10873244757909288,0.0773099459340203
CaseM3m_Overhang045Extended,overhang045_extended,30,0.003418,664,-3,1,7.2915097e-14,0.010000147,0.069997348,0.010000147,0.33333823333333334,0.6999734799999999,interior,0.030002652000000005,0.069997348,0.019999852999999998,0.03605763784629705,153,153,0.009998388001462282,12.936462530428502,0.9992379284443537,0.0012443188968053022,0.009124401,-6108047.0,3954.419771324,-117.47406,60.56263099999999,85.44474557669464,1.4108493003993612,119.99922,0.79998791,-5.8773168e-07,9.6736854e-05,0.0,7.0,2117.3279,9.6736854e-05,0.36028499999999997,127.42475260414113,0.202593,112,0.0,-0.05735227926028495,0.03587487349676248,0.10873244661021002,0.07730994529831917
CaseM3m_Overhang045Extended,overhang045_extended,30,0.003418,730,-3,1,0.010000147,9.5044815e-14,0.069997348,0.010000147,0.33333823333333334,0.6999734799999999,interior,0.030002652000000005,0.069997348,0.019999852999999998,0.03605763784629705,153,153,0.009998388001462282,12.936462530420219,0.9992379284437138,0.0012443188981135127,0.0091244038,-6108049.0,3954.419905109,-117.47406,60.56263099999999,85.44474548647244,1.4108492989096273,119.99922,0.79998791,-5.8772883e-07,9.6736869e-05,0.0,7.0,2117.3279,9.6736869e-05,0.36028499999999997,127.42475260414113,0.202593,112,0.0,-0.05735227893019054,0.03587487358273419,0.10873244646665688,0.0773099451972305
CaseM3m_Overhang045Extended,overhang045_extended,31,0.003519,565,-3,1,-0.010000406,-0.010000406,0.069997221,0.014142709794437274,0.47142365981457585,0.69997221,interior,0.030002779000000007,0.069997221,0.015857290205562723,0.03393553300577842,145,145,0.0099983520066575,12.634364808532217,0.975904721934335,0.0013354600038531128,0.010413268,-6978268.5,3777.815854612,-115.71603,59.15287000000001,85.27452677087132,1.4415957631619787,120.00325,0.79998398,2.4060587e-06,9.9087883e-05,0.0,8.0,2088.5017,9.9087883e-05,0.36028499999999997,127.42475260414113,0.202593,112,0.0,-0.05846103932826765,0.03577828077362376,0.11089426093683916,0.078954757182087
CaseM3m_Overhang045Extended,overhang045_extended,31,0.003519,644,-3,1,3.0005775e-13,-0.010000579,0.08999297,0.010000579,0.33335263333333337,0.8999297,top_cap_zone,0.01000703,0.08999297,0.019999420999999996,0.02236330677149828,155,121,0.009997003000192248,12.93740238414329,0.9993119771026093,0.0031345008252332595,0.032182846,-21418786.0,-23765.81661865,-120.90053,56.505942000000005,96.77315103336427,1.7126190203742513,120.05188,0.79992199,3.8412873e-05,0.00024723297,0.0,8.0,4194.4009,0.00024723297,0.36028499999999997,127.42475260414113,0.202593,112,0.0,-0.08726595473301299,0.05853938102321061,0.17040845882181638,0.12066180636754816
CaseM3m_Overhang045Extended,overhang045_extended,31,0.003519,719,-3,1,0.010000406,-0.010000406,0.069997221,0.014142709794437274,0.47142365981457585,0.69997221,interior,0.030002779000000007,0.069997221,0.015857290205562723,0.03393553300577842,145,145,0.0099983520066575,12.63436480851958,0.9759047219333589,0.001335460421790283,0.010413269,-6978269.0,3777.815225069,-115.71603,59.152869333333335,85.27452766124182,1.4415957944611255,120.00325,0.79998398,2.4060653e-06,9.9087883e-05,0.0,8.0,2088.5017,9.9087883e-05,0.36028499999999997,127.42475260414113,0.202593,112,0.0,-0.058461039260900585,0.03577828200777486,0.11089426059190427,0.07895475779305183
CaseM3m_Overhang045Extended,overhang045_extended,31,0.003519,578,-3,1,-0.010000579,-1.5485326e-13,0.08999297,0.010000579,0.33335263333333337,0.8999297,top_cap_zone,0.01000703,0.08999297,0.019999420999999996,0.02236330677149828,155,121,0.009997003000192248,12.937402384157213,0.9993119771036848,0.003134500822215869,0.032182835,-21418778.0,-23765.81580509,-120.90053,56.50593966666667,96.77315444013006,1.7126191513848474,120.05188,0.79992199,3.8412873e-05,0.00024723299,0.0,8.0,4194.4014,0.00024723299,0.36028499999999997,127.42475260414113,0.202593,112,0.0,-0.0872659541898778,0.05853938061463543,0.17040845775536756,0.12066180569628694
CaseM3m_Overhang045Extended,overhang045_extended,31,0.003519,587,-3,1,-0.010000406,0.010000406,0.069997221,0.014142709794437274,0.47142365981457585,0.69997221,interior,0.030002779000000007,0.069997221,0.015857290205562723,0.03393553300577842,145,145,0.0099983520066575,12.634364808534318,0.9759047219344973,0.0013354601407414683,0.010413267,-6978268.0,3777.815083074,-115.71603,59.152869333333335,85.2745275425152,1.4415957924540104,120.00325,0.79998398,2.4060616e-06,9.9087891e-05,0.0,8.0,2088.5017,9.9087891e-05,0.36028499999999997,127.42475260414113,0.202593,112,0.0,-0.0584610412880503,0.03577828268177223,0.11089426465164458,0.07895476007260338
CaseM3m_Overhang045Extended,overhang045_extended,31,0.003519,654,-3,1,-1.6854909e-13,-1.4908449e-14,0.079995491,1.692071440318455e-13,5.64023813439485e-12,0.79995491,interior,0.020004509000000004,0.079995491,0.02999999999983079,0.03605801409286053,178,169,0.009997441999999995,12.97846832556173,1.0024839961750576,0.002020838200000002,-0.0026882933,1764411.9,-5966.923302314,-128.19453,67.15002933333334,91.56675100000007,1.3636144601733815,120.03188,0.7999441,2.3616925e-05,0.0001625913,0.0,9.0,3271.0044,0.0001625913,0.36028499999999997,127.42475260414113,0.202593,112,0.0,-0.07601160336336198,0.0542327159671967,0.1527097823207559,0.10798212263252804
CaseM3m_Overhang045Extended,overhang045_extended,31,0.003519,666,-3,1,-5.8516505e-14,0.010000579,0.08999297,0.010000579,0.33335263333333337,0.8999297,top_cap_zone,0.01000703,0.08999297,0.019999420999999996,0.02236330677149828,155,121,0.009997003000192248,12.937402384180878,0.9993119771055127,0.003134500834285429,0.032182839,-21418782.0,-23765.81856348,-120.90053,56.50594533333333,96.77314594164031,1.7126188292358862,120.05188,0.79992199,3.8412873e-05,0.00024723299,0.0,8.0,4194.3999,0.00024723299,0.36028499999999997,127.42475260414113,0.202593,112,0.0,-0.08726595466287546,0.05853938150320962,0.17040845938021004,0.12066180695013666
CaseM3m_Overhang045Extended,overhang045_extended,31,0.003519,732,-3,1,0.010000579,2.3931416e-13,0.08999297,0.010000579,0.33335263333333337,0.8999297,top_cap_zone,0.01000703,0.08999297,0.019999420999999996,0.02236330677149828,155,121,0.009997003000192248,12.937402384166958,0.9993119771044375,0.0031345006262474572,0.032182846,-21418786.0,-23765.81878076,-120.90053,56.505944,96.77314792661522,1.7126189047760219,120.05188,0.79992199,3.8412858e-05,0.00024723297,0.0,8.0,4194.3999,0.00024723297,0.36028499999999997,127.42475260414113,0.202593,112,0.0,-0.0872659475431559,0.058539381028295985,0.17040845137505284,0.12066180096306434
CaseM3m_Overhang045Extended,overhang045_extended,31,0.003519,741,-3,1,0.010000406,0.010000406,0.069997221,0.014142709794437274,0.47142365981457585,0.69997221,interior,0.030002779000000007,0.069997221,0.015857290205562723,0.03393553300577842,145,145,0.0099983520066575,12.63436480856549,0.975904721936905,0.0013354603301168966,0.010413269,-6978269.0,3777.814369422,-115.71603,59.15287333333333,85.27452161459115,1.4415955947576593,120.00325,0.79998398,2.4060687e-06,9.9087891e-05,0.0,8.0,2088.5007,9.9087891e-05,0.36028499999999997,127.42475260414113,0.202593,112,0.0,-0.05846104083175749,0.03577828169188303,0.11089426228683924,0.07895475884420278
CaseM3m_Overhang045Extended,overhang045_extended,32,0.003619,633,-3,1,-8.9061042e-15,-0.020002583,0.089992747,0.020002583,0.6667527666666667,0.89992747,edge_ring,0.010007253000000008,0.089992747,0.009997416999999998,0.014145439522259395,129,95,0.009996399000396197,12.037397037716838,0.9297951470660745,0.00334028427959727,0.039747532,-26438922.0,-28340.65782874,-114.6958,51.13288266666667,95.61112037328846,1.8698558615709924,120.04004,0.79993945,2.9662018e-05,0.00025645667,0.0,7.0,4067.759,0.00025645667,0.36028499999999997,127.42475260414113,0.202593,112,0.0,-0.08177662098027436,0.05522872639848575,0.16100542709566404,0.114700396142183
CaseM3m_Overhang045Extended,overhang045_extended,32,0.003619,642,-3,1,-1.0310671e-13,-0.010000164,0.069997095,0.010000164,0.33333880000000005,0.6999709499999999,interior,0.03000290500000001,0.069997095,0.019999836,0.03605783893227548,153,153,0.009998232001882143,12.936432577728324,0.9992386388378768,0.0012855167783099928,0.011632375,-7789994.0,2459.234078186,-114.39761,57.18230633333334,85.85998892027122,1.5015132201867971,119.99895,0.79998982,-7.9188726e-07,0.00010849558,0.0,5.0,2199.4573,0.00010849558,0.36028499999999997,127.42475260414113,0.202593,112,0.0,-0.057643942261899804,0.03729857097756607,0.11090370804330872,0.07884436400548395
CaseM3m_Overhang045Extended,overhang045_extended,32,0.003619,512,-3,1,-0.020002583,-1.6144508e-13,0.089992747,0.020002583,0.6667527666666667,0.89992747,edge_ring,0.010007253000000008,0.089992747,0.009997416999999998,0.014145439522259395,129,95,0.009996399000396197,12.037397037723425,0.9297951470665833,0.0033402843765414506,0.039747536,-26438924.0,-28340.6577091,-114.6958,51.132880666666665,95.6111231974717,1.8698559899403484,120.04004,0.79993945,2.9662015e-05,0.00025645667,0.0,7.0,4067.7595,0.00025645667,0.36028499999999997,127.42475260414113,0.202593,112,0.0,-0.0817766202484312,0.055228730983391885,0.16100543254369515,0.11470040075104501
CaseM3m_Overhang045Extended,overhang045_extended,32,0.003619,576,-3,1,-0.010000164,1.1370044e-13,0.069997095,0.010000164,0.33333880000000005,0.6999709499999999,interior,0.03000290500000001,0.069997095,0.019999836,0.03605783893227548,153,153,0.009998232001882143,12.936432577736054,0.999238638838474,0.001285516877070928,0.011632368,-7789989.0,2459.234899846,-114.39762,57.182313,85.85999384985531,1.5015131313393237,119.99895,0.79998982,-7.9188982e-07,0.00010849559,0.0,5.0,2199.4578,0.00010849559,0.36028499999999997,127.42475260414113,0.202593,112,0.0,-0.05764394387067187,0.03729857053068425,0.11090370888383873,0.07884436487768874
CaseM3m_Overhang045Extended,overhang045_extended,32,0.003619,664,-3,1,8.390686e-14,0.010000164,0.069997095,0.010000164,0.33333880000000005,0.6999709499999999,interior,0.03000290500000001,0.069997095,0.019999836,0.03605783893227548,153,153,0.009998232001882143,12.936432577749066,0.999238638839479,0.0012855170755112816,0.011632372,-7789991.5,2459.233500026,-114.39762,57.182310333333334,85.85999797409235,1.5015132734859422,119.99895,0.79998982,-7.9188584e-07,0.00010849557,0.0,5.0,2199.4585,0.00010849557,0.36028499999999997,127.42475260414113,0.202593,112,0.0,-0.057643943728631714,0.0372985702421056,0.11090370801306638,0.07884436444473361
CaseM3m_Overhang045Extended,overhang045_extended,32,0.003619,677,-3,1,2.6611024e-13,0.020002583,0.089992747,0.020002583,0.6667527666666667,0.89992747,edge_ring,0.010007253000000008,0.089992747,0.009997416999999998,0.014145439522259395,129,95,0.009996399000396197,12.037397037734335,0.9297951470674259,0.003340284214967831,0.039747525,-26438918.0,-28340.66137749,-114.69581,51.13288666666667,95.61112925225112,1.86985588894162,120.04004,0.79993945,2.9662007e-05,0.00025645667,0.0,7.0,4067.7603,0.00025645667,0.36028499999999997,127.42475260414113,0.202593,112,0.0,-0.08177662144151521,0.05522872194794089,0.16100542167535964,0.11470039163918011
CaseM3m_Overhang045Extended,overhang045_extended,32,0.003619,730,-3,1,0.010000164,9.3602961e-14,0.069997095,0.010000164,0.33333880000000005,0.6999709499999999,interior,0.03000290500000001,0.069997095,0.019999836,0.03605783893227548,153,153,0.009998232001882143,12.93643257774134,0.9992386388388822,0.00128551697886998,0.011632371,-7789990.5,2459.233684076,-114.39761,57.18230766666667,85.85998695608379,1.5015131508260942,119.99895,0.79998982,-7.9188288e-07,0.00010849559,0.0,5.0,2199.457,0.00010849559,0.36028499999999997,127.42475260414113,0.202593,112,0.0,-0.05764394261244041,0.037298570425389005,0.11090370738546443,0.07884436382097067
CaseM3m_Overhang045Extended,overhang045_extended,32,0.003619,798,-3,1,0.020002583,1.3363006e-13,0.089992747,0.020002583,0.6667527666666667,0.89992747,edge_ring,0.010007253000000008,0.089992747,0.009997416999999998,0.014145439522259395,129,95,0.009996399000396197,12.037397037727752,0.9297951470669175,0.0033402839956926606,0.039747529,-26438920.0,-28340.66025356,-114.69581,51.13288433333333,95.61113257588865,1.8698560392682586,120.04004,0.79993945,2.9662e-05,0.00025645664,0.0,7.0,4067.761,0.00025645664,0.36028499999999997,127.42475260414113,0.202593,112,0.0,-0.08177661197486563,0.055228725024575785,0.1610054171868062,0.1147003879654855
CaseM3m_Overhang045Extended,overhang045_extended,33,0.00372,564,-3,1,-0.010000172,-0.010000172,0.059997983,0.01414237886846368,0.4714126289487893,0.59997983,interior,0.04000201700000001,0.059997983,0.01585762113153632,0.04303051837962955,145,145,0.009998970007618386,12.634244062826538,0.9758985120297851,0.0009542849273409511,0.016134325,-10761936.0,3869.121713458,-106.73489,53.60352333333333,80.00622099545326,1.4925552654055005,119.99605,0.79999834,-2.9229379e-06,5.9357208e-05,0.0,9.0,1276.2181,5.9357208e-05,0.36028499999999997,127.42475260414113,0.202593,112,0.0,-0.03601832789925901,0.023028528209567085,0.07033085761050528,0.05012433688684052
CaseM3m_Overhang045Extended,overhang045_extended,33,0.00372,641,-3,1,-1.7751943e-13,-0.0099999774,0.059998039,0.0099999774,0.33333258000000004,0.59998039,measurement_core,0.040001961,0.059998039,0.0200000226,0.0447231236369513,153,153,0.009998929001913176,12.936322349408446,0.9992317442299741,0.0008900071525448753,0.016378429,-10922172.0,3238.754124288,-106.4122,53.052839000000006,80.04235703711083,1.5087290057580298,119.99171,0.80000478,-6.136816e-06,6.2524887e-05,0.0,9.0,1292.9104,6.2524887e-05,0.36028499999999997,127.42475260414113,0.202593,112,0.0,-0.03517615476486308,0.026010169458285493,0.07239864300994565,0.051400454577265636
CaseM3m_Overhang045Extended,overhang045_extended,33,0.00372,718,-3,1,0.010000172,-0.010000172,0.059997983,0.01414237886846368,0.4714126289487893,0.59997983,interior,0.04000201700000001,0.059997983,0.01585762113153632,0.04303051837962955,145,145,0.009998970007618386,12.634244062797986,0.9758985120275797,0.0009542853390507302,0.016134327,-10761937.0,3869.120926578,-106.73489,53.603522,80.00622304713113,1.4925553408063585,119.99605,0.79999834,-2.9229413e-06,5.9357215e-05,0.0,9.0,1276.2185,5.9357215e-05,0.36028499999999997,127.42475260414113,0.202593,112,0.0,-0.036018327978855055,0.023028527996058284,0.07033085505482067,0.050124336092902184
CaseM3m_Overhang045Extended,overhang045_extended,33,0.00372,575,-3,1,-0.0099999774,-4.7607175e-14,0.059998039,0.0099999774,0.33333258000000004,0.59998039,measurement_core,0.040001961,0.059998039,0.0200000226,0.0447231236369513,153,153,0.009998929001913176,12.936322349423431,0.9992317442311316,0.0008900069135726748,0.016378438,-10922178.0,3238.753967117,-106.4122,53.05283466666666,80.04236353532488,1.5087292514760924,119.99171,0.80000478,-6.1368228e-06,6.2524858e-05,0.0,9.0,1292.9116,6.2524858e-05,0.36028499999999997,127.42475260414113,0.202593,112,0.0,-0.035176155365119824,0.026010169154569857,0.072398643512617,0.05140045475713003
CaseM3m_Overhang045Extended,overhang045_extended,33,0.00372,586,-3,1,-0.010000172,0.010000172,0.059997983,0.01414237886846368,0.4714126289487893,0.59997983,interior,0.04000201700000001,0.059997983,0.01585762113153632,0.04303051837962955,145,145,0.009998970007618386,12.634244062832956,0.9758985120302808,0.0009542850989319451,0.016134324,-10761935.0,3869.120891185,-106.73489,53.60352266666666,80.00622229771312,1.492555308262697,119.99605,0.79999834,-2.92294e-06,5.9357204e-05,0.0,9.0,1276.2184,5.9357204e-05,0.36028499999999997,127.42475260414113,0.202593,112,0.0,-0.036018327851306806,0.02302852787015946,0.07033085592611998,0.05012433610840642
CaseM3m_Overhang045Extended,overhang045_extended,33,0.00372,663,-3,1,-1.3286686e-14,0.0099999774,0.059998039,0.0099999774,0.33333258000000004,0.59998039,measurement_core,0.040001961,0.059998039,0.0200000226,0.0447231236369513,153,153,0.009998929001913176,12.936322349423873,0.9992317442311658,0.0008900070351043099,0.016378416,-10922163.0,3238.755055842,-106.41219,53.05283,80.04235552501086,1.508729233200394,119.99171,0.80000478,-6.1368164e-06,6.2524879e-05,0.0,9.0,1292.9108,6.2524879e-05,0.36028499999999997,127.42475260414113,0.202593,112,0.0,-0.03517615493440668,0.026010167813399918,0.07239864098742298,0.05140045310790573
CaseM3m_Overhang045Extended,overhang045_extended,33,0.00372,729,-3,1,0.0099999774,5.1477594e-14,0.059998039,0.0099999774,0.33333258000000004,0.59998039,measurement_core,0.040001961,0.059998039,0.0200000226,0.0447231236369513,153,153,0.009998929001913176,12.936322349408883,0.9992317442300078,0.0008900070950913697,0.016378429,-10922172.0,3238.753991726,-106.41219,53.05282666666667,80.0423605341328,1.5087294224121668,119.99171,0.80000478,-6.1368228e-06,6.2524865e-05,0.0,9.0,1292.9116,6.2524865e-05,0.36028499999999997,127.42475260414113,0.202593,112,0.0,-0.03517615520561161,0.02601016786282948,0.07239864133911544,0.05140045334349844
CaseM3m_Overhang045Extended,overhang045_extended,33,0.00372,740,-3,1,0.010000172,0.010000172,0.059997983,0.01414237886846368,0.4714126289487893,0.59997983,interior,0.04000201700000001,0.059997983,0.01585762113153632,0.04303051837962955,145,145,0.009998970007618386,12.634244062836874,0.9758985120305834,0.0009542848117158326,0.016134322,-10761933.0,3869.120386951,-106.73489,53.603524666666665,80.00621930086496,1.4925551966663266,119.99605,0.79999834,-2.9229341e-06,5.9357211e-05,0.0,9.0,1276.2179,5.9357211e-05,0.36028499999999997,127.42475260414113,0.202593,112,0.0,-0.03601832754358853,0.02302852790899918,0.07033085710734875,0.05012433619801998
CaseM3m_Overhang045Extended,overhang045_extended,34,0.00382,653,-3,1,8.6900044e-14,-2.1474518e-14,0.069996804,8.951409146349116e-14,2.983803048783039e-12,0.6999680399999999,measurement_core,0.03000319600000001,0.069996804,0.029999999999910484,0.04242866684458805,178,178,0.009998061000000003,12.978208473716409,1.0024687741350595,0.0013306302000000005,0.0048083868,-3267621.5,2556.616753163,-119.1894,62.023136,85.74939600000008,1.382538864207061,120.01228,0.79997933,9.0944022e-06,0.00011544087,0.0,6.0,2173.7561,0.00011544087,0.36028499999999997,127.42475260414113,0.202593,112,0.0,-0.05754395046846908,0.03810116242891316,0.11148724942688712,0.07883339008558791
CaseM3m_Overhang045Extended,overhang045_extended,35,0.003921,458,-3,1,-0.030006621,-0.01000319,0.099984899,0.03163006661412115,1.0543355538040382,0.9998489899999999,edge_ring,1.5101000000003473e-05,0.099984899,-0.0016300666141211492,0.0016301365607437272,104,48,0.009994529186055092,8.747618672657778,0.6756886145552323,0.00604801066772052,0.01423803,-9489747.0,-37195.97718838,-67.924866,37.73628566666667,88.35607855124755,2.341408991115798,120.07306,0.799905,5.4122716e-05,0.00029456717,0.0,9.0,3332.5955,0.00029456717,0.36028499999999997,127.42475260414113,0.202593,112,0.0,-0.12016526429263662,0.07601763715585251,0.2294631834611767,0.1702446237162252
CaseM3m_Overhang045Extended,overhang045_extended,35,0.003921,546,-3,1,-0.01000319,-0.030006621,0.099984899,0.03163006661412115,1.0543355538040382,0.9998489899999999,edge_ring,1.5101000000003473e-05,0.099984899,-0.0016300666141211492,0.0016301365607437272,104,48,0.009994529186055092,8.747618672644412,0.6756886145542,0.006048011197177996,0.014238021,-9489742.0,-37195.9761269,-67.92485,37.73627566666667,88.35607959685237,2.3414096392903803,120.07306,0.799905,5.4122709e-05,0.0002945672,0.0,9.0,3332.5962,0.0002945672,0.36028499999999997,127.42475260414113,0.202593,112,0.0,-0.12016527873736511,0.07601764186815274,0.22946320559946906,0.1702446442546089
CaseM3m_Overhang045Extended,overhang045_extended,35,0.003921,632,-3,1,1.4867735e-13,-0.020002207,0.079994775,0.020002207,0.6667402333333334,0.79994775,lateral_surface,0.020005225,0.079994775,0.009997792999999998,0.022364366572104697,122,113,0.00999701102478821,12.014539015371266,0.9280339627961273,0.0023745650684128374,0.015740633,-10528267.0,-10634.77210646,-112.81662,52.419068333333335,91.33108976464457,1.74232569689849,120.00745,0.79998791,5.518963e-06,0.00020108138,0.0,7.0,3239.563,0.00020108138,0.36028499999999997,127.42475260414113,0.202593,112,0.0,-0.07099564651351706,0.04950794434191187,0.14334115122059443,0.10185626688321144
CaseM3m_Overhang045Extended,overhang045_extended,35,0.003921,700,-3,1,0.01000319,-0.030006621,0.099984899,0.03163006661412115,1.0543355538040382,0.9998489899999999,edge_ring,1.5101000000003473e-05,0.099984899,-0.0016300666141211492,0.0016301365607437272,104,48,0.009994529186055092,8.747618672686245,0.6756886145574313,0.006048010726263612,0.014238033,-9489750.0,-37195.98027296,-67.924858,37.736282333333335,88.35607938484318,2.3414092200279146,120.07306,0.799905,5.4122716e-05,0.0002945672,0.0,9.0,3332.5957,0.0002945672,0.36028499999999997,127.42475260414113,0.202593,112,0.0,-0.12016526618805266,0.0760176410647812,0.22946318979872085,0.17024462937834672
CaseM3m_Overhang045Extended,overhang045_extended,35,0.003921,832,-3,1,0.030006621,-0.01000319,0.099984899,0.03163006661412115,1.0543355538040382,0.9998489899999999,edge_ring,1.5101000000003473e-05,0.099984899,-0.0016300666141211492,0.0016301365607437272,104,48,0.009994529186055092,8.747618672657817,0.6756886145552354,0.0060480107444213236,0.014238035,-9489751.0,-37195.98530958,-67.924858,37.736277666666666,88.35608460149221,2.3414096478185287,120.07306,0.799905,5.4122709e-05,0.00029456717,0.0,9.0,3332.5969,0.00029456717,0.36028499999999997,127.42475260414113,0.202593,112,0.0,-0.12016526363127572,0.07601764007431719,0.22946318659066023,0.17024462816425062
CaseM3m_Overhang045Extended,overhang045_extended,35,0.003921,480,-3,1,-0.030006621,0.01000319,0.099984899,0.03163006661412115,1.0543355538040382,0.9998489899999999,edge_ring,1.5101000000003473e-05,0.099984899,-0.0016300666141211492,0.0016301365607437272,104,48,0.009994529186055092,8.747618672673466,0.6756886145564442,0.006048011197177996,0.014238023,-9489743.0,-37195.97491503,-67.92485,37.736277666666666,88.35607779410726,2.3414094674248767,120.07306,0.799905,5.4122738e-05,0.00029456717,0.0,9.0,3332.5957,0.00029456717,0.36028499999999997,127.42475260414113,0.202593,112,0.0,-0.12016527584448619,0.07601764012207404,0.2294632001145694,0.17024464060195169
CaseM3m_Overhang045Extended,overhang045_extended,35,0.003921,511,-3,1,-0.020002207,1.1731044e-13,0.079994775,0.020002207,0.6667402333333334,0.79994775,lateral_surface,0.020005225,0.079994775,0.009997792999999998,0.022364366572104697,122,113,0.00999701102478821,12.014539015371918,0.9280339627961777,0.0023745648611678324,0.015740627,-10528263.0,-10634.77006915,-112.81662,52.41906633333334,91.33109284252936,1.7423258220921767,120.00745,0.79998791,5.5189644e-06,0.00020108138,0.0,7.0,3239.5637,0.00020108138,0.36028499999999997,127.42475260414113,0.202593,112,0.0,-0.0709956445012345,0.049507942188099605,0.14334114750444282,0.10185626378932935
CaseM3m_Overhang045Extended,overhang045_extended,35,0.003921,676,-3,1,1.3766507e-13,0.020002207,0.079994775,0.020002207,0.6667402333333334,0.79994775,lateral_surface,0.020005225,0.079994775,0.009997792999999998,0.022364366572104697,122,113,0.00999701102478821,12.01453901538081,0.9280339627968646,0.0023745648852941505,0.015740629,-10528265.0,-10634.77347388,-112.81663,52.419075666666664,91.33109401855283,1.7423255343022073,120.00745,0.79998791,5.5189525e-06,0.00020108138,0.0,7.0,3239.5632,0.00020108138,0.36028499999999997,127.42475260414113,0.202593,112,0.0,-0.07099564289978855,0.0495079431568079,0.14334114736854472,0.10185626365623059
CaseM3m_Overhang045Extended,overhang045_extended,35,0.003921,797,-3,1,0.020002207,8.94863e-14,0.079994775,0.020002207,0.6667402333333334,0.79994775,lateral_surface,0.020005225,0.079994775,0.009997792999999998,0.022364366572104697,122,113,0.00999701102478821,12.014539015380155,0.9280339627968139,0.002374564909420469,0.015740631,-10528266.0,-10634.77383392,-112.81663,52.419075666666664,91.33109419766366,1.7423255377191091,120.00745,0.79998791,5.5189553e-06,0.00020108135,0.0,7.0,3239.5632,0.00020108135,0.36028499999999997,127.42475260414113,0.202593,112,0.0,-0.07099564274478913,0.04950794393875957,0.14334114820429075,0.10185626432218056
CaseM3m_Overhang045Extended,overhang045_extended,35,0.003921,854,-3,1,0.030006621,0.01000319,0.099984899,0.03163006661412115,1.0543355538040382,0.9998489899999999,edge_ring,1.5101000000003473e-05,0.099984899,-0.0016300666141211492,0.0016301365607437272,104,48,0.009994529186055092,8.747618672674893,0.6756886145565544,0.006048010859472539,0.014238037,-9489752.0,-37195.98772029,-67.924858,37.736279,88.35608463802474,2.3414095660577647,120.07306,0.799905,5.4122702e-05,0.0002945672,0.0,9.0,3332.5967,0.0002945672,0.36028499999999997,127.42475260414113,0.202593,112,0.0,-0.12016526277344082,0.07601764459861499,0.2294631907516968,0.17024463261311973
CaseM3m_Overhang045Extended,overhang045_extended,35,0.003921,612,-3,1,-0.01000319,0.030006621,0.099984899,0.03163006661412115,1.0543355538040382,0.9998489899999999,edge_ring,1.5101000000003473e-05,0.099984899,-0.0016300666141211492,0.0016301365607437272,104,48,0.009994529186055092,8.747618672656555,0.675688614555138,0.006048010726263612,0.014238036,-9489752.0,-37195.98448397,-67.924858,37.736279,88.35607899944685,2.341409416637153,120.07306,0.799905,5.4122724e-05,0.0002945672,0.0,9.0,3332.5959,0.0002945672,0.36028499999999997,127.42475260414113,0.202593,112,0.0,-0.12016526311400691,0.07601763929378894,0.22946318428501192,0.17024462536449375
CaseM3m_Overhang045Extended,overhang045_extended,35,0.003921,766,-3,1,0.01000319,0.030006621,0.099984899,0.03163006661412115,1.0543355538040382,0.9998489899999999,edge_ring,1.5101000000003473e-05,0.099984899,-0.0016300666141211492,0.0016301365607437272,104,48,0.009994529186055092,8.747618672676747,0.6756886145566976,0.0060480107444213236,0.014238032,-9489749.0,-37195.98773595,-67.924858,37.73627833333333,88.3560784699754,2.3414094439707487,120.07306,0.799905,5.4122709e-05,0.00029456717,0.0,9.0,3332.5957,0.00029456717,0.36028499999999997,127.42475260414113,0.202593,112,0.0,-0.12016526165823405,0.07601763976263205,0.2294631838153605,0.1702446262131058
CaseM3m_Overhang045Extended,overhang045_extended,36,0.004021,651,-3,1,-1.7850932e-13,-1.3315152e-13,0.049998417,2.2269913472030558e-13,7.423304490676854e-12,0.49998417,measurement_core,0.050001583,0.049998417,0.0299999999997773,0.058308161542725105,178,178,0.009999349999999997,12.978001715190778,1.0024557353342158,0.0007758766300000004,0.0081538009,-5452496.5,1295.574199223,-107.21882,56.55618066666667,75.99395900000007,1.3436897277045041,119.99657,0.7999959,-2.5407287e-06,2.7345201e-05,0.0,4.0,608.43842,2.7345201e-05,0.36028499999999997,127.42475260414113,0.202593,112,0.0,-0.022730370740871125,0.021788368491593952,0.05415045257554953,0.03829015222049164
CaseM3m_Overhang045Extended,overhang045_extended,36,0.004021,566,-3,1,-0.010000848,-0.010000848,0.079994515,0.014143334876831844,0.4714444958943948,0.79994515,interior,0.020005485000000003,0.079994515,0.015856665123168155,0.02552750005216967,145,136,0.009996853010893429,12.634336454259408,0.9759101068610331,0.0022538702438269216,0.016047727,-10742793.0,-11954.52842439,-113.61948,52.287575333333336,92.22438713066403,1.763791618615579,120.00474,0.79999286,3.5095804e-06,0.0002140627,0.0,5.0,3406.6345,0.0002140627,0.36028499999999997,127.42475260414113,0.202593,112,0.0,-0.07409481242246681,0.05018370204326538,0.1460550603694356,0.10378710895312981
CaseM3m_Overhang045Extended,overhang045_extended,36,0.004021,720,-3,1,0.010000848,-0.010000848,0.079994515,0.014143334876831844,0.4714444958943948,0.79994515,interior,0.020005485000000003,0.079994515,0.015856665123168155,0.02552750005216967,145,136,0.009996853010893429,12.634336454290334,0.9759101068634219,0.002253870034349165,0.016047727,-10742793.0,-11954.52954513,-113.61949,52.28758,92.22439508859141,1.7637916133925382,120.00474,0.79999286,3.5095727e-06,0.00021406273,0.0,5.0,3406.6355,0.00021406273,0.36028499999999997,127.42475260414113,0.202593,112,0.0,-0.07409481055857735,0.05018370072463624,0.1460550573330209,0.10378710625680718
CaseM3m_Overhang045Extended,overhang045_extended,36,0.004021,588,-3,1,-0.010000848,0.010000848,0.079994515,0.014143334876831844,0.4714444958943948,0.79994515,interior,0.020005485000000003,0.079994515,0.015856665123168155,0.02552750005216967,145,136,0.009996853010893429,12.634336454273944,0.9759101068621558,0.0022538702644969866,0.016047727,-10742793.0,-11954.52872871,-113.61949,52.28758200000001,92.22439196471953,1.7637914861834596,120.00474,0.79999286,3.5095695e-06,0.00021406275,0.0,5.0,3406.6348,0.00021406275,0.36028499999999997,127.42475260414113,0.202593,112,0.0,-0.07409481167791881,0.050183702481137925,0.1460550599897721,0.10378710867676454
CaseM3m_Overhang045Extended,overhang045_extended,36,0.004021,742,-3,1,0.010000848,0.010000848,0.079994515,0.014143334876831844,0.4714444958943948,0.79994515,interior,0.020005485000000003,0.079994515,0.015856665123168155,0.02552750005216967,145,136,0.009996853010893429,12.634336454325787,0.9759101068661603,0.0022538700395166845,0.016047727,-10742793.0,-11954.53062929,-113.6195,52.28758966666667,92.22439553384795,1.7637912958271433,120.00474,0.79999286,3.509562e-06,0.00021406273,0.0,5.0,3406.635,0.00021406273,0.36028499999999997,127.42475260414113,0.202593,112,0.0,-0.07409480973418833,0.050183700139610724,0.14605505562065943,0.10378710508901824
