time,r,r_over_R,pressure,cell_volume_no4pi
0.0,5.208333333333334e-05,0.0010416666666666667,1000.0,3.7676022376543216e-13
0.0,0.00015625,0.0031249999999999997,1000.0,2.637321566358025e-12
0.0,0.00026041666666666666,0.005208333333333333,1000.0,7.158444251543212e-12
0.0,0.00036458333333333335,0.007291666666666667,1000.0,1.394012827932099e-11
0.0,0.00046875,0.009375,1000.0,2.2982373649691355e-11
0.0,0.0005729166666666667,0.011458333333333333,1000.0,3.4285180362654335e-11
0.0,0.0006770833333333334,0.013541666666666667,1000.0,4.784854841820988e-11
0.0,0.00078125,0.015625,1000.0,6.367247781635804e-11
0.0,0.0008854166666666667,0.017708333333333333,1000.0,8.175696855709879e-11
0.0,0.0009895833333333334,0.019791666666666666,1000.0,1.0210202064043203e-10
0.0,0.00109375,0.021875000000000002,1000.0,1.2470763406635805e-10
0.0,0.0011979166666666666,0.02395833333333333,1000.0,1.4957380883487663e-10
0.0,0.0013020833333333335,0.026041666666666668,1000.0,1.7670054494598758e-10
0.0,0.00140625,0.028124999999999997,1000.0,2.0608784239969144e-10
0.0,0.0015104166666666669,0.030208333333333337,1000.0,2.3773570119598785e-10
0.0,0.0016145833333333333,0.03229166666666666,1000.0,2.7164412133487647e-10
0.0,0.0017187500000000002,0.034375,1000.0,3.0781310281635824e-10
0.0,0.0018229166666666667,0.03645833333333333,1000.0,3.462426456404321e-10
0.0,0.0019270833333333336,0.03854166666666667,1000.0,3.869327498070989e-10
0.0,0.00203125,0.040625,1000.0,4.298834153163573e-10
0.0,0.0021354166666666665,0.04270833333333333,1000.0,4.750946421682109e-10
0.0,0.0022395833333333334,0.04479166666666667,1000.0,5.225664303626536e-10
0.0,0.0023437500000000003,0.04687500000000001,1000.0,5.722987798996925e-10
0.0,0.002447916666666667,0.04895833333333333,1000.0,6.242916907793205e-10
0.0,0.0025520833333333333,0.051041666666666666,1000.0,6.785451630015442e-10
0.0,0.00265625,0.053125,1000.0,7.350591965663565e-10
0.0,0.002760416666666667,0.05520833333333334,1000.0,7.938337914737678e-10
0.0,0.0028645833333333336,0.05729166666666667,1000.0,8.548689477237637e-10
0.0,0.00296875,0.059375,1000.0,9.18164665316361e-10
0.0,0.003072916666666667,0.06145833333333334,1000.0,9.837209442515417e-10
0.0,0.003177083333333334,0.06354166666666668,1000.0,1.0515377845293237e-09
0.0,0.0032812500000000003,0.065625,1000.0,1.1216151861496883e-09
0.0,0.0033854166666666668,0.06770833333333333,1000.0,1.1939531491126517e-09
0.0,0.0034895833333333333,0.06979166666666665,1000.0,1.2685516734182142e-09
0.0,0.00359375,0.071875,1000.0,1.345410759066356e-09
0.0,0.003697916666666667,0.07395833333333333,1000.0,1.424530406057101e-09
0.0,0.0038020833333333335,0.07604166666666666,1000.0,1.5059106143904297e-09
0.0,0.00390625,0.078125,1000.0,1.5895513840663619e-09
0.0,0.004010416666666667,0.08020833333333334,1000.0,1.6754527150848731e-09
0.0,0.004114583333333333,0.08229166666666665,1000.0,1.7636146074459857e-09
0.0,0.00421875,0.084375,1000.0,1.8540370611497038e-09
0.0,0.004322916666666668,0.08645833333333335,1000.0,1.9467200761959833e-09
0.0,0.004427083333333333,0.08854166666666666,1000.0,2.0416636525848733e-09
0.0,0.0045312500000000006,0.09062500000000001,1000.0,2.138867790316355e-09
0.0,0.004635416666666667,0.09270833333333334,1000.0,2.2383324893904475e-09
0.0,0.0047395833333333335,0.09479166666666666,1000.0,2.3400577498070924e-09
0.0,0.004843750000000001,0.09687500000000002,1000.0,2.444043571566356e-09
0.0,0.0049479166666666664,0.09895833333333333,1000.0,2.5502899546682077e-09
0.0,0.005052083333333334,0.10104166666666667,1000.0,2.658796899112643e-09
0.0,0.00515625,0.103125,1000.0,2.7695644048997107e-09
0.0,0.005260416666666667,0.10520833333333333,1000.0,2.8825924720293132e-09
0.0,0.005364583333333334,0.10729166666666667,1000.0,2.997881100501539e-09
0.0,0.00546875,0.10937499999999999,1000.0,3.1154302903163524e-09
0.0,0.005572916666666667,0.11145833333333334,1000.0,3.2352400414737896e-09
0.0,0.005677083333333334,0.11354166666666668,1000.0,3.3573103539737616e-09
0.0,0.00578125,0.11562499999999999,1000.0,3.481641227816348e-09
0.0,0.005885416666666667,0.11770833333333335,1000.0,3.6082326630015406e-09
0.0,0.005989583333333334,0.11979166666666667,1000.0,3.737084659529347e-09
0.0,0.00609375,0.121875,1000.0,3.86819721739968e-09
0.0,0.0061979166666666675,0.12395833333333335,1000.0,4.001570336612654e-09
0.0,0.006302083333333333,0.12604166666666666,1000.0,4.137204017168198e-09
0.0,0.0064062500000000005,0.128125,1000.0,4.275098259066392e-09
0.0,0.006510416666666668,0.13020833333333334,1000.0,4.415253062307077e-09
0.0,0.006614583333333333,0.13229166666666667,1000.0,4.557668426890429e-09
0.0,0.006718750000000001,0.134375,1000.0,4.70234435281636e-09
0.0,0.006822916666666666,0.13645833333333332,1000.0,4.8492808400848535e-09
0.0,0.006927083333333334,0.13854166666666667,1000.0,4.9984778886960314e-09
0.0,0.007031250000000001,0.140625,1000.0,5.149935498649682e-09
0.0,0.007135416666666667,0.14270833333333333,1000.0,5.303653669945966e-09
0.0,0.007239583333333334,0.14479166666666668,1000.0,5.4596324025848815e-09
0.0,0.0073437500000000005,0.146875,1000.0,5.617871696566394e-09
0.0,0.007447916666666667,0.14895833333333333,1000.0,5.7783715518904144e-09
0.0,0.007552083333333334,0.15104166666666669,1000.0,5.941131968557085e-09
0.0,0.00765625,0.15312499999999998,1000.0,6.106152946566353e-09
0.0,0.007760416666666667,0.15520833333333334,1000.0,6.273434485918199e-09
0.0,0.007864583333333335,0.1572916666666667,1000.0,6.442976586612696e-09
0.0,0.00796875,0.159375,1000.0,6.614779248649736e-09
0.0,0.008072916666666667,0.16145833333333334,1000.0,6.788842472029249e-09
0.0,0.008177083333333335,0.1635416666666667,1000.0,6.965166256751589e-09
0.0,0.00828125,0.165625,1000.0,7.143750602816296e-09
0.0,0.008385416666666666,0.16770833333333332,1000.0,7.324595510223794e-09
0.0,0.008489583333333335,0.1697916666666667,1000.0,7.507700978973836e-09
0.0,0.00859375,0.171875,1000.0,7.693067009066281e-09
0.0,0.008697916666666666,0.17395833333333333,1000.0,7.880693600501587e-09
0.0,0.008802083333333334,0.17604166666666665,1000.0,8.070580753279225e-09
0.0,0.008906250000000001,0.178125,1000.0,8.26272846739976e-09
0.0,0.009010416666666667,0.18020833333333333,1000.0,8.457136742862698e-09
0.0,0.009114583333333334,0.18229166666666666,1000.0,8.653805579668144e-09
0.0,0.009218750000000001,0.184375,1000.0,8.852734977816417e-09
0.0,0.009322916666666667,0.18645833333333334,1000.0,9.053924937307163e-09
0.0,0.009427083333333334,0.18854166666666666,1000.0,9.257375458140312e-09
0.0,0.009531250000000002,0.19062500000000002,1000.0,9.463086540316427e-09
0.0,0.009635416666666667,0.19270833333333334,1000.0,9.67105818383477e-09
0.0,0.009739583333333333,0.19479166666666664,1000.0,9.88129038869608e-09
0.0,0.009843750000000002,0.19687500000000002,1000.0,1.009378315489972e-08
0.0,0.009947916666666667,0.19895833333333335,1000.0,1.0308536482445941e-08
0.0,0.010052083333333333,0.20104166666666665,1000.0,1.0525550371334883e-08
0.0,0.01015625,0.203125,1000.0,1.0744824821566263e-08
0.0,0.010260416666666668,0.20520833333333335,1000.0,1.0966359833140502e-08
0.0,0.010364583333333333,0.20729166666666665,1000.0,1.1190155406057182e-08
0.0,0.01046875,0.209375,1000.0,1.1416211540316228e-08
0.0,0.010572916666666668,0.21145833333333336,1000.0,1.1644528235918276e-08
0.0,0.010677083333333334,0.21354166666666666,1000.0,1.1875105492862764e-08
0.0,0.010781250000000001,0.215625,1000.0,1.2107943311149548e-08
0.0,0.010885416666666668,0.21770833333333336,1000.0,1.2343041690779405e-08
0.0,0.010989583333333334,0.21979166666666666,1000.0,1.2580400631751417e-08
0.0,0.01109375,0.221875,1000.0,1.2820020134066432e-08
0.0,0.011197916666666669,0.22395833333333337,1000.0,1.3061900197723885e-08
0.0,0.011302083333333334,0.22604166666666667,1000.0,1.3306040822723636e-08
0.0,0.01140625,0.228125,1000.0,1.3552442009066458e-08
0.0,0.011510416666666669,0.23020833333333338,1000.0,1.380110375675165e-08
0.0,0.011614583333333334,0.23229166666666667,1000.0,1.4052026065779137e-08
0.0,0.01171875,0.234375,1000.0,1.4305208936149768e-08
0.0,0.011822916666666667,0.23645833333333333,1000.0,1.4560652367862555e-08
0.0,0.011927083333333335,0.23854166666666668,1000.0,1.4818356360918274e-08
0.0,0.01203125,0.240625,1000.0,1.5078320915316502e-08
0.0,0.012135416666666668,0.24270833333333333,1000.0,1.5340546031056886e-08
0.0,0.012239583333333335,0.24479166666666669,1000.0,1.5605031708140554e-08
0.0,0.01234375,0.246875,1000.0,1.5871777946566237e-08
0.0,0.012447916666666666,0.2489583333333333,1000.0,1.6140784746334993e-08
0.0,0.012552083333333335,0.25104166666666666,1000.0,1.6412052107446045e-08
0.0,0.01265625,0.253125,1000.0,1.6685580029899538e-08
0.0,0.012760416666666666,0.2552083333333333,1000.0,1.6961368513696032e-08
0.0,0.012864583333333336,0.2572916666666667,1000.0,1.7239417558835103e-08
0.0,0.012968750000000001,0.259375,1000.0,1.751972716531619e-08
0.0,0.013072916666666667,0.2614583333333333,1000.0,1.7802297333140422e-08
0.0,0.013177083333333334,0.2635416666666667,1000.0,1.808712806230695e-08
0.0,0.013281250000000001,0.265625,1000.0,1.837421935281648e-08
0.0,0.013385416666666667,0.2677083333333333,1000.0,1.866357120466831e-08
0.0,0.013489583333333334,0.26979166666666665,1000.0,1.8955183617862574e-08
0.0,0.013593750000000002,0.27187500000000003,1000.0,1.92490565923997e-08
0.0,0.013697916666666667,0.2739583333333333,1000.0,1.9545190128279125e-08
0.0,0.013802083333333333,0.27604166666666663,1000.0,1.9843584225501692e-08
0.0,0.013906250000000002,0.278125,1000.0,2.0144238884066556e-08
0.0,0.014010416666666668,0.28020833333333334,1000.0,2.0447154103973576e-08
0.0,0.014114583333333333,0.28229166666666666,1000.0,2.075232988522388e-08
0.0,0.014218750000000002,0.28437500000000004,1000.0,2.1059766227816485e-08
0.0,0.014322916666666668,0.2864583333333333,1000.0,2.1369463131751243e-08
0.0,0.014427083333333333,0.28854166666666664,1000.0,2.1681420597029567e-08
0.0,0.01453125,0.290625,1000.0,2.1995638623649482e-08
0.0,0.014635416666666668,0.29270833333333335,1000.0,2.2312117211612685e-08
0.0,0.014739583333333334,0.2947916666666667,1000.0,2.2630856360918465e-08
0.0,0.014843750000000001,0.296875,1000.0,2.2951856071566118e-08
0.0,0.014947916666666668,0.2989583333333333,1000.0,2.3275116343557198e-08
0.0,0.015052083333333334,0.30104166666666665,1000.0,2.360063717689015e-08
0.0,0.01515625,0.303125,1000.0,2.392841857156653e-08
0.0,0.015260416666666669,0.30520833333333336,1000.0,2.4258460527585065e-08
0.0,0.015364583333333334,0.3072916666666667,1000.0,2.4590763044945754e-08
0.0,0.01546875,0.30937499999999996,1000.0,2.492532612364987e-08
0.0,0.015572916666666667,0.31145833333333334,1000.0,2.526214976369572e-08
0.0,0.015677083333333335,0.31354166666666666,1000.0,2.560123396508556e-08
0.0,0.015781250000000004,0.31562500000000004,1000.0,2.5942578727816002e-08
0.0,0.015885416666666666,0.3177083333333333,1000.0,2.6286184051890294e-08
0.0,0.015989583333333335,0.3197916666666667,1000.0,2.663204993730759e-08
0.0,0.016093750000000004,0.3218750000000001,1000.0,2.6980176384066193e-08
0.0,0.016197916666666666,0.3239583333333333,1000.0,2.73305633921678e-08
0.0,0.016302083333333335,0.3260416666666667,1000.0,2.768321096161241e-08
0.0,0.01640625,0.328125,1000.0,2.8038119092400304e-08
0.0,0.016510416666666666,0.3302083333333333,1000.0,2.839528778452894e-08
0.0,0.016614583333333335,0.3322916666666667,1000.0,2.875471703800143e-08
0.0,0.01671875,0.334375,1000.0,2.911640685281692e-08
0.0,0.016822916666666667,0.3364583333333333,1000.0,2.9480357228973435e-08
0.0,0.016927083333333336,0.3385416666666667,1000.0,2.9846568166473517e-08
0.0,0.01703125,0.340625,1000.0,3.021503966531717e-08
0.0,0.017135416666666667,0.34270833333333334,1000.0,3.0585771725501285e-08
0.0,0.017239583333333336,0.3447916666666667,1000.0,3.0958764347028965e-08
0.0,0.01734375,0.346875,1000.0,3.133401752990049e-08
0.0,0.017447916666666667,0.3489583333333333,1000.0,3.17115312741122e-08
0.0,0.017552083333333336,0.3510416666666667,1000.0,3.209130557966776e-08
0.0,0.01765625,0.35312499999999997,1000.0,3.247334044656604e-08
0.0,0.017760416666666667,0.35520833333333335,1000.0,3.285763587480789e-08
0.0,0.017864583333333336,0.35729166666666673,1000.0,3.3244191864390195e-08
0.0,0.01796875,0.35937499999999994,1000.0,3.363300841531607e-08
0.0,0.018072916666666668,0.3614583333333333,1000.0,3.4024085527585514e-08
0.0,0.018177083333333337,0.3635416666666667,1000.0,3.44174232011957e-08
0.0,0.01828125,0.365625,1000.0,3.481302143614945e-08
0.0,0.018385416666666668,0.36770833333333336,1000.0,3.5210880232446777e-08
0.0,0.018489583333333337,0.36979166666666674,1000.0,3.561099959008456e-08
0.0,0.01859375,0.37187499999999996,1000.0,3.601337950906591e-08
0.0,0.018697916666666668,0.37395833333333334,1000.0,3.641801998939139e-08
0.0,0.018802083333333337,0.3760416666666667,1000.0,3.682492103105649e-08
0.0,0.01890625,0.378125,1000.0,3.7234082634066e-08
0.0,0.01901041666666667,0.38020833333333337,1000.0,3.7645504798417954e-08
0.0,0.019114583333333334,0.38229166666666664,1000.0,3.805918752411347e-08
0.0,0.01921875,0.38437499999999997,1000.0,3.847513081114945e-08
0.0,0.01932291666666667,0.38645833333333335,1000.0,3.889333465952871e-08
0.0,0.019427083333333334,0.3885416666666667,1000.0,3.931379906925267e-08
0.0,0.01953125,0.390625,1000.0,3.9736524040315963e-08
0.0,0.01963541666666667,0.3927083333333334,1000.0,4.016150957272339e-08
0.0,0.019739583333333335,0.39479166666666665,1000.0,4.058875566647438e-08
0.0,0.01984375,0.396875,1000.0,4.10182623215664e-08
0.0,0.01994791666666667,0.39895833333333336,1000.0,4.145002953800114e-08
0.0,0.020052083333333335,0.4010416666666667,1000.0,4.188405731578029e-08
0.0,0.02015625,0.403125,1000.0,4.2320345654898775e-08
0.0,0.02026041666666667,0.4052083333333334,1000.0,4.275889455536224e-08
0.0,0.020364583333333332,0.4072916666666666,1000.0,4.319970401716786e-08
0.0,0.02046875,0.409375,1000.0,4.364277404031733e-08
0.0,0.02057291666666667,0.41145833333333337,1000.0,4.40881046248067e-08
0.0,0.020677083333333332,0.41354166666666664,1000.0,4.4535695770639914e-08
0.0,0.02078125,0.415625,1000.0,4.498554747781754e-08
0.0,0.02088541666666667,0.4177083333333334,1000.0,4.543765974633451e-08
0.0,0.020989583333333332,0.4197916666666666,1000.0,4.5892032576195316e-08
0.0,0.02109375,0.421875,1000.0,4.634866596740111e-08
0.0,0.02119791666666667,0.4239583333333334,1000.0,4.6807559919945106e-08
0.0,0.021302083333333333,0.42604166666666665,1000.0,4.7268714433834645e-08
0.0,0.02140625,0.42812500000000003,1000.0,4.773212950906747e-08
0.0,0.02151041666666667,0.4302083333333334,1000.0,4.819780514564019e-08
0.0,0.021614583333333333,0.43229166666666663,1000.0,4.8665741343556193e-08
0.0,0.021718750000000002,0.434375,1000.0,4.9135938102816046e-08
0.0,0.021822916666666668,0.43645833333333334,1000.0,4.9608395423419184e-08
0.0,0.021927083333333333,0.43854166666666666,1000.0,5.0083113305362225e-08
0.0,0.022031250000000002,0.44062500000000004,1000.0,5.056009174864911e-08
0.0,0.022135416666666668,0.4427083333333333,1000.0,5.103933075328041e-08
0.0,0.022239583333333333,0.44479166666666664,1000.0,5.1520830319251046e-08
0.0,0.022343750000000002,0.446875,1000.0,5.200459044656609e-08
0.0,0.022447916666666668,0.44895833333333335,1000.0,5.249061113522499e-08
0.0,0.022552083333333334,0.4510416666666667,1000.0,5.297889238522322e-08
0.0,0.022656250000000003,0.45312500000000006,1000.0,5.346943419656586e-08
0.0,0.02276041666666667,0.4552083333333333,1000.0,5.396223656925292e-08
0.0,0.022864583333333334,0.45729166666666665,1000.0,5.445729950327875e-08
0.0,0.022968750000000003,0.45937500000000003,1000.0,5.495462299864899e-08
0.0,0.02307291666666667,0.46145833333333336,1000.0,5.545420705536421e-08
0.0,0.023177083333333334,0.4635416666666667,1000.0,5.595605167341763e-08
0.0,0.023281250000000003,0.46562500000000007,1000.0,5.646015685281546e-08
0.0,0.023385416666666665,0.4677083333333333,1000.0,5.696652259355659e-08
0.0,0.023489583333333335,0.46979166666666666,1000.0,5.747514889564156e-08
0.0,0.023593750000000004,0.47187500000000004,1000.0,5.7986035759065864e-08
0.0,0.023697916666666666,0.4739583333333333,1000.0,5.849918318383458e-08
0.0,0.023802083333333335,0.4760416666666667,1000.0,5.901459116994715e-08
0.0,0.023906250000000004,0.4781250000000001,1000.0,5.953225971739905e-08
0.0,0.024010416666666666,0.4802083333333333,1000.0,6.005218882619536e-08
0.0,0.024114583333333335,0.4822916666666667,1000.0,6.057437849633666e-08
0.0,0.024218750000000004,0.48437500000000006,1000.0,6.109882872781558e-08
0.0,0.024322916666666666,0.4864583333333333,1000.0,6.16255395206395e-08
0.0,0.024427083333333335,0.4885416666666667,1000.0,6.215451087480896e-08
0.0,0.024531250000000004,0.4906250000000001,1000.0,6.268574279031548e-08
0.0,0.024635416666666667,0.4927083333333333,1000.0,6.321923526716756e-08
0.0,0.024739583333333336,0.4947916666666667,1000.0,6.375498830536234e-08
0.0,0.02484375,0.496875,1000.0,6.429300190490099e-08
0.0,0.024947916666666667,0.49895833333333334,1000.0,6.483327606577895e-08
0.0,0.025052083333333336,0.5010416666666667,1000.0,6.537581078800022e-08
0.0,0.02515625,0.503125,1000.0,6.592060607156815e-08
0.0,0.025260416666666667,0.5052083333333333,1000.0,6.646766191647259e-08
0.0,0.025364583333333336,0.5072916666666667,1000.0,6.70169783227237e-08
0.0,0.025468750000000002,0.509375,1000.0,6.756855529031811e-08
0.0,0.025572916666666667,0.5114583333333333,1000.0,6.812239281925015e-08
0.0,0.025677083333333336,0.5135416666666667,1000.0,6.867849090952886e-08
0.0,0.025781250000000002,0.515625,1000.0,6.923684956115198e-08
0.0,0.025885416666666668,0.5177083333333333,1000.0,6.97974687741116e-08
0.0,0.025989583333333337,0.5197916666666667,1000.0,7.036034854841792e-08
0.0,0.02609375,0.521875,1000.0,7.092548888406525e-08
0.0,0.026197916666666668,0.5239583333333333,1000.0,7.149288978105813e-08
0.0,0.026302083333333337,0.5260416666666667,1000.0,7.206255123938978e-08
0.0,0.02640625,0.528125,1000.0,7.263447325906583e-08
0.0,0.026510416666666668,0.5302083333333333,1000.0,7.320865584008631e-08
0.0,0.026614583333333337,0.5322916666666667,1000.0,7.378509898244554e-08
0.0,0.02671875,0.5343749999999999,1000.0,7.43638026861492e-08
0.0,0.02682291666666667,0.5364583333333334,1000.0,7.494476695119727e-08
0.0,0.026927083333333338,0.5385416666666667,1000.0,7.55279917775841e-08
0.0,0.02703125,0.5406249999999999,1000.0,7.611347716531649e-08
0.0,0.02713541666666667,0.5427083333333333,1000.0,7.670122311439215e-08
0.0,0.027239583333333338,0.5447916666666667,1000.0,7.729122962480546e-08
0.0,0.02734375,0.546875,1000.0,7.788349669656657e-08
0.0,0.02744791666666667,0.5489583333333333,1000.0,7.847802432966643e-08
0.0,0.027552083333333335,0.5510416666666667,1000.0,7.907481252411525e-08
0.0,0.02765625,0.553125,1000.0,7.967386127989829e-08
0.0,0.02776041666666667,0.5552083333333333,1000.0,8.027517059702915e-08
0.0,0.027864583333333335,0.5572916666666666,1000.0,8.08787404755033e-08
0.0,0.02796875,0.559375,1000.0,8.148457091531509e-08
0.0,0.02807291666666667,0.5614583333333334,1000.0,8.209266191647354e-08
0.0,0.028177083333333335,0.5635416666666667,1000.0,8.270301347897527e-08
0.0,0.02828125,0.5656249999999999,1000.0,8.331562560281578e-08
0.0,0.02838541666666667,0.5677083333333334,1000.0,8.393049828800071e-08
0.0,0.028489583333333336,0.5697916666666667,1000.0,8.454763153453117e-08
0.0,0.02859375,0.571875,1000.0,8.516702534239815e-08
0.0,0.02869791666666667,0.5739583333333333,1000.0,8.57886797116118e-08
0.0,0.028802083333333332,0.5760416666666666,1000.0,8.641259464216759e-08
0.0,0.02890625,0.578125,1000.0,8.703877013406895e-08
0.0,0.02901041666666667,0.5802083333333333,1000.0,8.766720618730567e-08
0.0,0.029114583333333333,0.5822916666666667,1000.0,8.82979028018902e-08
0.0,0.02921875,0.584375,1000.0,8.8930859977818e-08
0.0,0.02932291666666667,0.5864583333333334,1000.0,8.956607771508346e-08
0.0,0.029427083333333333,0.5885416666666666,1000.0,9.020355601369559e-08
0.0,0.029531250000000002,0.590625,1000.0,9.084329487365213e-08
0.0,0.02963541666666667,0.5927083333333334,1000.0,9.148529429494518e-08
0.0,0.029739583333333333,0.5947916666666666,1000.0,9.212955427758376e-08
0.0,0.029843750000000002,0.596875,1000.0,9.277607482156791e-08
0.0,0.02994791666666667,0.5989583333333334,1000.0,9.342485592688967e-08
0.0,0.030052083333333333,0.6010416666666666,1000.0,9.407589759355586e-08
0.0,0.030156250000000002,0.603125,1000.0,9.472919982156533e-08
0.0,0.030260416666666668,0.6052083333333333,1000.0,9.538476261092148e-08
0.0,0.030364583333333334,0.6072916666666667,1000.0,9.604258596161075e-08
0.0,0.030468750000000003,0.609375,1000.0,9.670266987364895e-08
0.0,0.03057291666666667,0.6114583333333333,1000.0,9.736501434703157e-08
0.0,0.030677083333333334,0.6135416666666667,1000.0,9.802961938175069e-08
0.0,0.030781250000000003,0.615625,1000.0,9.869648497781536e-08
0.0,0.03088541666666667,0.6177083333333333,1000.0,9.936561113522669e-08
0.0,0.030989583333333334,0.6197916666666666,1000.0,1.0003699785397228e-07
0.0,0.031093750000000003,0.6218750000000001,1000.0,1.0071064513406568e-07
0.0,0.031197916666666665,0.6239583333333333,1000.0,1.0138655297550009e-07
0.0,0.031302083333333335,0.6260416666666666,1000.0,1.0206472137828118e-07
0.0,0.031406250000000004,0.628125,1000.0,1.027451503424033e-07
0.0,0.031510416666666666,0.6302083333333333,1000.0,1.0342783986785854e-07
0.0,0.031614583333333335,0.6322916666666667,1000.0,1.0411278995466949e-07
0.0,0.031718750000000004,0.634375,1000.0,1.0480000060281807e-07
0.0,0.03182291666666667,0.6364583333333335,1000.0,1.0548947181230429e-07
0.0,0.031927083333333335,0.6385416666666667,1000.0,1.0618120358314171e-07
0.0,0.032031250000000004,0.640625,1000.0,1.0687519591531901e-07
0.0,0.032135416666666666,0.6427083333333333,1000.0,1.0757144880882945e-07
0.0,0.032239583333333335,0.6447916666666667,1000.0,1.0826996226370011e-07
0.0,0.032343750000000004,0.6468750000000001,1000.0,1.0897073627989485e-07
0.0,0.03244791666666667,0.6489583333333333,1000.0,1.0967377085744755e-07
0.0,0.032552083333333336,0.6510416666666666,1000.0,1.103790659963379e-07
0.0,0.03265625,0.653125,1000.0,1.1108662169656136e-07
0.0,0.03276041666666667,0.6552083333333333,1000.0,1.117964379581428e-07
0.0,0.032864583333333336,0.6572916666666667,1000.0,1.1250851478105962e-07
0.0,0.032968750000000005,0.659375,1000.0,1.1322285216531181e-07
0.0,0.03307291666666667,0.6614583333333333,1000.0,1.1393945011091971e-07
0.0,0.033177083333333336,0.6635416666666667,1000.0,1.1465830861786751e-07
0.0,0.03328125,0.6656249999999999,1000.0,1.1537942768614391e-07
0.0,0.03338541666666667,0.6677083333333333,1000.0,1.1610280731578055e-07
0.0,0.033489583333333336,0.6697916666666667,1000.0,1.1682844750675481e-07
0.0,0.033593750000000006,0.6718750000000001,1000.0,1.175563482590622e-07
0.0,0.03369791666666667,0.6739583333333333,1000.0,1.1828650957272528e-07
0.0,0.03380208333333334,0.6760416666666667,1000.0,1.1901893144772828e-07
0.0,0.03390625,0.678125,1000.0,1.1975361388405988e-07
0.0,0.03401041666666667,0.6802083333333333,1000.0,1.2049055688175396e-07
0.0,0.03411458333333334,0.6822916666666667,1000.0,1.212297604407834e-07
0.0,0.034218750000000006,0.6843750000000001,1000.0,1.2197122456114373e-07
0.0,0.03432291666666667,0.6864583333333333,1000.0,1.2271494924286653e-07
0.0,0.03442708333333334,0.6885416666666667,1000.0,1.234609344859202e-07
0.0,0.03453125,0.6906249999999999,1000.0,1.242091802903115e-07
0.0,0.03463541666666667,0.6927083333333334,1000.0,1.2495968665605852e-07
0.0,0.03473958333333334,0.6947916666666667,1000.0,1.2571245358314543e-07
0.0,0.03484375000000001,0.6968750000000001,1000.0,1.2646748107156093e-07
0.0,0.03494791666666667,0.6989583333333333,1000.0,1.272247691213367e-07
0.0,0.03505208333333333,0.7010416666666666,1000.0,1.27984317732441e-07
0.0,0.03515625,0.703125,1000.0,1.2874612690490106e-07
0.0,0.03526041666666667,0.7052083333333333,1000.0,1.29510196638701e-07
0.0,0.03536458333333334,0.7072916666666668,1000.0,1.302765269338273e-07
0.0,0.03546875,0.709375,1000.0,1.310451177903206e-07
0.0,0.03557291666666667,0.7114583333333333,1000.0,1.318159692081425e-07
0.0,0.03567708333333333,0.7135416666666666,1000.0,1.3258908118730204e-07
0.0,0.03578125,0.715625,1000.0,1.3336445372781952e-07
0.0,0.03588541666666667,0.7177083333333334,1000.0,1.3414208682967015e-07
0.0,0.03598958333333334,0.7197916666666667,1000.0,1.349219804928584e-07
0.0,0.03609375,0.7218749999999999,1000.0,1.3570413471740238e-07
0.0,0.03619791666666667,0.7239583333333334,1000.0,1.3648854950328173e-07
0.0,0.03630208333333333,0.7260416666666666,1000.0,1.3727522485049645e-07
0.0,0.03640625,0.728125,1000.0,1.3806416075906914e-07
0.0,0.03651041666666667,0.7302083333333333,1000.0,1.3885535722897723e-07
0.0,0.03661458333333334,0.7322916666666668,1000.0,1.3964881426021842e-07
0.0,0.03671875,0.734375,1000.0,1.4044453185281983e-07
0.0,0.03682291666666667,0.7364583333333333,1000.0,1.4124251000675439e-07
0.0,0.03692708333333333,0.7385416666666667,1000.0,1.4204274872202204e-07
0.0,0.03703125,0.740625,1000.0,1.4284524799865444e-07
0.0,0.03713541666666667,0.7427083333333334,1000.0,1.4365000783661544e-07
0.0,0.03723958333333334,0.7447916666666667,1000.0,1.4445702823591183e-07
0.0,0.03734375,0.746875,1000.0,1.452663091965707e-07
0.0,0.03744791666666667,0.7489583333333334,1000.0,1.4607785071856045e-07
0.0,0.03755208333333333,0.7510416666666666,1000.0,1.4689165280188328e-07
0.0,0.03765625,0.753125,1000.0,1.4770771544656862e-07
0.0,0.03776041666666667,0.7552083333333334,1000.0,1.4852603865258936e-07
0.0,0.03786458333333334,0.7572916666666668,1000.0,1.4934662241993866e-07
0.0,0.03796875,0.759375,1000.0,1.50169466748655e-07
0.0,0.038072916666666665,0.7614583333333332,1000.0,1.509945716386886e-07
0.0,0.038177083333333334,0.7635416666666667,1000.0,1.51821937090087e-07
0.0,0.03828125,0.765625,1000.0,1.5265156310282076e-07
0.0,0.03838541666666667,0.7677083333333334,1000.0,1.534834496768831e-07
0.0,0.038489583333333334,0.7697916666666667,1000.0,1.5431759681231247e-07
0.0,0.03859375,0.771875,1000.0,1.5515400450906818e-07
0.0,0.038697916666666665,0.7739583333333333,1000.0,1.559926727671615e-07
0.0,0.038802083333333334,0.7760416666666666,1000.0,1.5683360158661735e-07
0.0,0.03890625,0.7781250000000001,1000.0,1.5767679096740403e-07
0.0,0.03901041666666667,0.7802083333333334,1000.0,1.5852224090952158e-07
0.0,0.039114583333333335,0.7822916666666666,1000.0,1.5936995141300613e-07
0.0,0.039218750000000004,0.784375,1000.0,1.6021992247781928e-07
0.0,0.039322916666666666,0.7864583333333333,1000.0,1.6107215410396782e-07
0.0,0.039427083333333335,0.7885416666666667,1000.0,1.619266462914743e-07
0.0,0.039531250000000004,0.790625,1000.0,1.6278339904032073e-07
0.0,0.03963541666666667,0.7927083333333335,1000.0,1.63642412350498e-07
0.0,0.039739583333333335,0.7947916666666667,1000.0,1.645036862220332e-07
0.0,0.039843750000000004,0.796875,1000.0,1.653672206548993e-07
0.0,0.039947916666666666,0.7989583333333333,1000.0,1.662330156491098e-07
0.0,0.040052083333333335,0.8010416666666667,1000.0,1.6710107120466923e-07
0.0,0.040156250000000004,0.8031250000000001,1000.0,1.6797138732157308e-07
0.0,0.040260416666666674,0.8052083333333334,1000.0,1.6884396399979875e-07
0.0,0.040364583333333336,0.8072916666666666,1000.0,1.6971880123939145e-07
0.0,0.040468750000000005,0.8093750000000001,1000.0,1.7059589904032401e-07
0.0,0.04057291666666667,0.8114583333333333,1000.0,1.714752574025739e-07
0.0,0.040677083333333336,0.8135416666666667,1000.0,1.723568763261998e-07
0.0,0.040781250000000005,0.815625,1000.0,1.7324075581114304e-07
0.0,0.04088541666666667,0.8177083333333333,1000.0,1.7412689585744878e-07
0.0,0.040989583333333336,0.8197916666666667,1000.0,1.7501529646508985e-07
0.0,0.04109375,0.8218749999999999,1000.0,1.7590595763406183e-07
0.0,0.04119791666666667,0.8239583333333333,1000.0,1.7679887936439175e-07
0.0,0.041302083333333336,0.8260416666666667,1000.0,1.7769406165606157e-07
0.0,0.041406250000000006,0.8281250000000001,1000.0,1.7859150450905774e-07
0.0,0.04151041666666667,0.8302083333333333,1000.0,1.794912079234254e-07
0.0,0.04161458333333334,0.8322916666666667,1000.0,1.8039317189911492e-07
0.0,0.04171875,0.834375,1000.0,1.8129739643614432e-07
0.0,0.04182291666666667,0.8364583333333333,1000.0,1.822038815345317e-07
0.0,0.04192708333333334,0.8385416666666667,1000.0,1.8311262719425446e-07
0.0,0.042031250000000006,0.8406250000000001,1000.0,1.840236334153081e-07
0.0,0.04213541666666667,0.8427083333333333,1000.0,1.849369001977287e-07
0.0,0.04223958333333334,0.8447916666666667,1000.0,1.858524275414802e-07
0.0,0.04234375,0.8468749999999999,1000.0,1.86770215446558e-07
0.0,0.04244791666666667,0.8489583333333334,1000.0,1.8769026391300282e-07
0.0,0.04255208333333334,0.8510416666666667,1000.0,1.8861257294078756e-07
0.0,0.04265625000000001,0.8531250000000001,1000.0,1.895371425298896e-07
0.0,0.04276041666666667,0.8552083333333333,1000.0,1.9046397268036766e-07
0.0,0.04286458333333334,0.8572916666666667,1000.0,1.9139306339217206e-07
0.0,0.04296875,0.859375,1000.0,1.9232441466530734e-07
0.0,0.04307291666666667,0.8614583333333333,1000.0,1.9325802649981414e-07
0.0,0.04317708333333334,0.8635416666666668,1000.0,1.9419389889564276e-07
0.0,0.04328125000000001,0.8656250000000001,1000.0,1.9513203185280676e-07
0.0,0.04338541666666667,0.8677083333333333,1000.0,1.9607242537134228e-07
0.0,0.04348958333333333,0.8697916666666666,1000.0,1.970150794511861e-07
0.0,0.04359375,0.871875,1000.0,1.979599940924059e-07
0.0,0.04369791666666667,0.8739583333333334,1000.0,1.9890716929494757e-07
0.0,0.04380208333333334,0.8760416666666667,1000.0,1.9985660505882912e-07
0.0,0.04390625,0.8781249999999999,1000.0,2.0080830138406865e-07
0.0,0.04401041666666667,0.8802083333333334,1000.0,2.0176225827064356e-07
0.0,0.04411458333333333,0.8822916666666666,1000.0,2.0271847571854933e-07
0.0,0.04421875,0.884375,1000.0,2.0367695372782208e-07
0.0,0.04432291666666667,0.8864583333333333,1000.0,2.046376922984212e-07
0.0,0.04442708333333334,0.8885416666666668,1000.0,2.056006914303557e-07
0.0,0.04453125,0.890625,1000.0,2.0656595112365265e-07
0.0,0.04463541666666667,0.8927083333333333,1000.0,2.0753347137828502e-07
0.0,0.04473958333333333,0.8947916666666667,1000.0,2.0850325219424372e-07
0.0,0.04484375,0.896875,1000.0,2.094752935715694e-07
0.0,0.04494791666666667,0.8989583333333334,1000.0,2.104495955102305e-07
0.0,0.04505208333333334,0.9010416666666667,1000.0,2.114261580102134e-07
0.0,0.04515625,0.903125,1000.0,2.1240498107157234e-07
0.0,0.04526041666666667,0.9052083333333334,1000.0,2.1338606469425763e-07
0.0,0.04536458333333333,0.9072916666666666,1000.0,2.1436940887826928e-07
0.0,0.04546875,0.909375,1000.0,2.1535501362365242e-07
0.0,0.04557291666666667,0.9114583333333334,1000.0,2.1634287893037096e-07
0.0,0.04567708333333334,0.9135416666666668,1000.0,2.173330047984068e-07
0.0,0.04578125,0.915625,1000.0,2.1832539122782318e-07
0.0,0.04588541666666667,0.9177083333333333,1000.0,2.193200382185614e-07
0.0,0.045989583333333334,0.9197916666666667,1000.0,2.2031694577063048e-07
0.0,0.04609375,0.921875,1000.0,2.2131611388407109e-07
0.0,0.04619791666666667,0.9239583333333334,1000.0,2.2231754255884256e-07
0.0,0.04630208333333334,0.9260416666666668,1000.0,2.2332123179493585e-07
0.0,0.04640625,0.928125,1000.0,2.2432718159240517e-07
0.0,0.046510416666666665,0.9302083333333333,1000.0,2.2533539195118278e-07
0.0,0.046614583333333334,0.9322916666666666,1000.0,2.2634586287134095e-07
0.0,0.04671875,0.9343750000000001,1000.0,2.2735859435282093e-07
0.0,0.04682291666666667,0.9364583333333334,1000.0,2.2837358639563176e-07
0.0,0.046927083333333335,0.9385416666666666,1000.0,2.2939083899981415e-07
0.0,0.047031250000000004,0.940625,1000.0,2.3041035216531832e-07
0.0,0.047135416666666666,0.9427083333333333,1000.0,2.314321258921579e-07
0.0,0.047239583333333335,0.9447916666666667,1000.0,2.32456160180369e-07
0.0,0.047343750000000004,0.946875,1000.0,2.3348245502990644e-07
0.0,0.04744791666666667,0.9489583333333335,1000.0,2.345110104407702e-07
0.0,0.047552083333333335,0.9510416666666667,1000.0,2.3554182641300552e-07
0.0,0.047656250000000004,0.953125,1000.0,2.3657490294657168e-07
0.0,0.047760416666666666,0.9552083333333333,1000.0,2.376102400414642e-07
0.0,0.047864583333333335,0.9572916666666667,1000.0,2.386478376977282e-07
0.0,0.047968750000000004,0.9593750000000001,1000.0,2.3968769591532307e-07
0.0,0.048072916666666674,0.9614583333333334,1000.0,2.407298146942398e-07
0.0,0.048177083333333336,0.9635416666666666,1000.0,2.417741940345371e-07
0.0,0.048281250000000005,0.9656250000000001,1000.0,2.4282083393615617e-07
0.0,0.04838541666666667,0.9677083333333333,1000.0,2.438697343991016e-07
0.0,0.048489583333333336,0.9697916666666667,1000.0,2.449208954234231e-07
0.0,0.048593750000000005,0.971875,1000.0,2.459743170090709e-07
0.0,0.048697916666666674,0.9739583333333335,1000.0,2.470299991560451e-07
0.0,0.048802083333333336,0.9760416666666667,1000.0,2.480879418643998e-07
0.0,0.048906250000000005,0.978125,1000.0,2.4914814513407184e-07
0.0,0.04901041666666667,0.9802083333333333,1000.0,2.502106089650702e-07
0.0,0.049114583333333336,0.9822916666666667,1000.0,2.5127533335745364e-07
0.0,0.049218750000000006,0.9843750000000001,1000.0,2.5234231831114086e-07
0.0,0.04932291666666667,0.9864583333333333,1000.0,2.534115638261996e-07
0.0,0.04942708333333334,0.9885416666666667,1000.0,2.5448306990258915e-07
0.0,0.04953125,0.990625,1000.0,2.555568365403096e-07
0.0,0.04963541666666667,0.9927083333333333,1000.0,2.5663286373939703e-07
0.0,0.04973958333333334,0.9947916666666667,1000.0,2.5771115149981084e-07
0.0,0.049843750000000006,0.9968750000000001,1000.0,2.587916998215555e-07
0.0,0.04994791666666667,0.9989583333333333,1000.0,2.598745087046762e-07
0.001005,5.208333333333334e-05,0.0010416666666666667,1000.0000000000048,3.7676022376543216e-13
0.001005,0.00015625,0.0031249999999999997,1000.0000000000048,2.637321566358025e-12
0.001005,0.00026041666666666666,0.005208333333333333,1000.0000000000044,7.158444251543212e-12
0.001005,0.00036458333333333335,0.007291666666666667,1000.0000000000044,1.394012827932099e-11
0.001005,0.00046875,0.009375,1000.0000000000044,2.2982373649691355e-11
0.001005,0.0005729166666666667,0.011458333333333333,1000.0000000000044,3.4285180362654335e-11
0.001005,0.0006770833333333334,0.013541666666666667,1000.0000000000041,4.784854841820988e-11
0.001005,0.00078125,0.015625,1000.0000000000038,6.367247781635804e-11
0.001005,0.0008854166666666667,0.017708333333333333,1000.0000000000038,8.175696855709879e-11
0.001005,0.0009895833333333334,0.019791666666666666,1000.0000000000039,1.0210202064043203e-10
0.001005,0.00109375,0.021875000000000002,1000.0000000000041,1.2470763406635805e-10
0.001005,0.0011979166666666666,0.02395833333333333,1000.0000000000043,1.4957380883487663e-10
0.001005,0.0013020833333333335,0.026041666666666668,1000.0000000000043,1.7670054494598758e-10
0.001005,0.00140625,0.028124999999999997,1000.0000000000043,2.0608784239969144e-10
0.001005,0.0015104166666666669,0.030208333333333337,1000.0000000000043,2.3773570119598785e-10
0.001005,0.0016145833333333333,0.03229166666666666,1000.0000000000041,2.7164412133487647e-10
0.001005,0.0017187500000000002,0.034375,1000.0000000000042,3.0781310281635824e-10
0.001005,0.0018229166666666667,0.03645833333333333,1000.0000000000041,3.462426456404321e-10
0.001005,0.0019270833333333336,0.03854166666666667,1000.0000000000042,3.869327498070989e-10
0.001005,0.00203125,0.040625,1000.0000000000043,4.298834153163573e-10
0.001005,0.0021354166666666665,0.04270833333333333,1000.0000000000042,4.750946421682109e-10
0.001005,0.0022395833333333334,0.04479166666666667,1000.0000000000041,5.225664303626536e-10
0.001005,0.0023437500000000003,0.04687500000000001,1000.0000000000041,5.722987798996925e-10
0.001005,0.002447916666666667,0.04895833333333333,1000.000000000004,6.242916907793205e-10
0.001005,0.0025520833333333333,0.051041666666666666,1000.000000000004,6.785451630015442e-10
0.001005,0.00265625,0.053125,1000.000000000004,7.350591965663565e-10
0.001005,0.002760416666666667,0.05520833333333334,1000.0000000000038,7.938337914737678e-10
0.001005,0.0028645833333333336,0.05729166666666667,1000.0000000000036,8.548689477237637e-10
0.001005,0.00296875,0.059375,1000.0000000000028,9.18164665316361e-10
0.001005,0.003072916666666667,0.06145833333333334,1000.0000000000023,9.837209442515417e-10
0.001005,0.003177083333333334,0.06354166666666668,1000.0000000000018,1.0515377845293237e-09
0.001005,0.0032812500000000003,0.065625,1000.0000000000014,1.1216151861496883e-09
0.001005,0.0033854166666666668,0.06770833333333333,1000.0000000000008,1.1939531491126517e-09
0.001005,0.0034895833333333333,0.06979166666666665,1000.0000000000009,1.2685516734182142e-09
0.001005,0.00359375,0.071875,1000.0000000000001,1.345410759066356e-09
0.001005,0.003697916666666667,0.07395833333333333,999.9999999999997,1.424530406057101e-09
0.001005,0.0038020833333333335,0.07604166666666666,999.9999999999991,1.5059106143904297e-09
0.001005,0.00390625,0.078125,999.9999999999984,1.5895513840663619e-09
0.001005,0.004010416666666667,0.08020833333333334,999.9999999999977,1.6754527150848731e-09
0.001005,0.004114583333333333,0.08229166666666665,999.9999999999978,1.7636146074459857e-09
0.001005,0.00421875,0.084375,999.9999999999973,1.8540370611497038e-09
0.001005,0.004322916666666668,0.08645833333333335,999.9999999999968,1.9467200761959833e-09
0.001005,0.004427083333333333,0.08854166666666666,999.9999999999961,2.0416636525848733e-09
0.001005,0.0045312500000000006,0.09062500000000001,999.9999999999956,2.138867790316355e-09
0.001005,0.004635416666666667,0.09270833333333334,999.9999999999953,2.2383324893904475e-09
0.001005,0.0047395833333333335,0.09479166666666666,999.9999999999953,2.3400577498070924e-09
0.001005,0.004843750000000001,0.09687500000000002,999.9999999999948,2.444043571566356e-09
0.001005,0.0049479166666666664,0.09895833333333333,999.9999999999941,2.5502899546682077e-09
0.001005,0.005052083333333334,0.10104166666666667,999.9999999999935,2.658796899112643e-09
0.001005,0.00515625,0.103125,999.9999999999928,2.7695644048997107e-09
0.001005,0.005260416666666667,0.10520833333333333,999.999999999992,2.8825924720293132e-09
0.001005,0.005364583333333334,0.10729166666666667,999.9999999999917,2.997881100501539e-09
0.001005,0.00546875,0.10937499999999999,999.9999999999914,3.1154302903163524e-09
0.001005,0.005572916666666667,0.11145833333333334,999.9999999999915,3.2352400414737896e-09
0.001005,0.005677083333333334,0.11354166666666668,999.9999999999909,3.3573103539737616e-09
0.001005,0.00578125,0.11562499999999999,999.999999999991,3.481641227816348e-09
0.001005,0.005885416666666667,0.11770833333333335,999.9999999999909,3.6082326630015406e-09
0.001005,0.005989583333333334,0.11979166666666667,999.9999999999908,3.737084659529347e-09
0.001005,0.00609375,0.121875,999.9999999999907,3.86819721739968e-09
0.001005,0.0061979166666666675,0.12395833333333335,999.9999999999907,4.001570336612654e-09
0.001005,0.006302083333333333,0.12604166666666666,999.9999999999909,4.137204017168198e-09
0.001005,0.0064062500000000005,0.128125,999.9999999999909,4.275098259066392e-09
0.001005,0.006510416666666668,0.13020833333333334,999.9999999999906,4.415253062307077e-09
0.001005,0.006614583333333333,0.13229166666666667,999.999999999991,4.557668426890429e-09
0.001005,0.006718750000000001,0.134375,999.9999999999917,4.70234435281636e-09
0.001005,0.006822916666666666,0.13645833333333332,999.9999999999919,4.8492808400848535e-09
0.001005,0.006927083333333334,0.13854166666666667,999.9999999999925,4.9984778886960314e-09
0.001005,0.007031250000000001,0.140625,999.999999999993,5.149935498649682e-09
0.001005,0.007135416666666667,0.14270833333333333,999.9999999999934,5.303653669945966e-09
0.001005,0.007239583333333334,0.14479166666666668,999.9999999999939,5.4596324025848815e-09
0.001005,0.0073437500000000005,0.146875,999.9999999999941,5.617871696566394e-09
0.001005,0.007447916666666667,0.14895833333333333,999.9999999999941,5.7783715518904144e-09
0.001005,0.007552083333333334,0.15104166666666669,999.9999999999945,5.941131968557085e-09
0.001005,0.00765625,0.15312499999999998,999.9999999999952,6.106152946566353e-09
0.001005,0.007760416666666667,0.15520833333333334,999.9999999999957,6.273434485918199e-09
0.001005,0.007864583333333335,0.1572916666666667,999.9999999999965,6.442976586612696e-09
0.001005,0.00796875,0.159375,999.9999999999966,6.614779248649736e-09
0.001005,0.008072916666666667,0.16145833333333334,999.9999999999973,6.788842472029249e-09
0.001005,0.008177083333333335,0.1635416666666667,999.9999999999984,6.965166256751589e-09
0.001005,0.00828125,0.165625,999.9999999999991,7.143750602816296e-09
0.001005,0.008385416666666666,0.16770833333333332,1000.0000000000001,7.324595510223794e-09
0.001005,0.008489583333333335,0.1697916666666667,1000.0000000000006,7.507700978973836e-09
0.001005,0.00859375,0.171875,1000.0000000000011,7.693067009066281e-09
0.001005,0.008697916666666666,0.17395833333333333,1000.0000000000018,7.880693600501587e-09
0.001005,0.008802083333333334,0.17604166666666665,1000.0000000000019,8.070580753279225e-09
0.001005,0.008906250000000001,0.178125,1000.0000000000025,8.26272846739976e-09
0.001005,0.009010416666666667,0.18020833333333333,1000.0000000000027,8.457136742862698e-09
0.001005,0.009114583333333334,0.18229166666666666,1000.0000000000031,8.653805579668144e-09
0.001005,0.009218750000000001,0.184375,1000.000000000003,8.852734977816417e-09
0.001005,0.009322916666666667,0.18645833333333334,1000.0000000000031,9.053924937307163e-09
0.001005,0.009427083333333334,0.18854166666666666,1000.0000000000033,9.257375458140312e-09
0.001005,0.009531250000000002,0.19062500000000002,1000.0000000000035,9.463086540316427e-09
0.001005,0.009635416666666667,0.19270833333333334,1000.0000000000036,9.67105818383477e-09
0.001005,0.009739583333333333,0.19479166666666664,1000.0000000000038,9.88129038869608e-09
0.001005,0.009843750000000002,0.19687500000000002,1000.000000000004,1.009378315489972e-08
0.001005,0.009947916666666667,0.19895833333333335,1000.0000000000039,1.0308536482445941e-08
0.001005,0.010052083333333333,0.20104166666666665,1000.0000000000042,1.0525550371334883e-08
0.001005,0.01015625,0.203125,1000.0000000000043,1.0744824821566263e-08
0.001005,0.010260416666666668,0.20520833333333335,1000.0000000000047,1.0966359833140502e-08
0.001005,0.010364583333333333,0.20729166666666665,1000.000000000005,1.1190155406057182e-08
0.001005,0.01046875,0.209375,1000.0000000000052,1.1416211540316228e-08
0.001005,0.010572916666666668,0.21145833333333336,1000.0000000000057,1.1644528235918276e-08
0.001005,0.010677083333333334,0.21354166666666666,1000.0000000000059,1.1875105492862764e-08
0.001005,0.010781250000000001,0.215625,1000.0000000000067,1.2107943311149548e-08
0.001005,0.010885416666666668,0.21770833333333336,1000.0000000000072,1.2343041690779405e-08
0.001005,0.010989583333333334,0.21979166666666666,1000.0000000000081,1.2580400631751417e-08
0.001005,0.01109375,0.221875,1000.0000000000085,1.2820020134066432e-08
0.001005,0.011197916666666669,0.22395833333333337,1000.000000000009,1.3061900197723885e-08
0.001005,0.011302083333333334,0.22604166666666667,1000.0000000000092,1.3306040822723636e-08
0.001005,0.01140625,0.228125,1000.0000000000094,1.3552442009066458e-08
0.001005,0.011510416666666669,0.23020833333333338,1000.0000000000091,1.380110375675165e-08
0.001005,0.011614583333333334,0.23229166666666667,1000.0000000000088,1.4052026065779137e-08
0.001005,0.01171875,0.234375,1000.0000000000092,1.4305208936149768e-08
0.001005,0.011822916666666667,0.23645833333333333,1000.0000000000088,1.4560652367862555e-08
0.001005,0.011927083333333335,0.23854166666666668,1000.0000000000084,1.4818356360918274e-08
0.001005,0.01203125,0.240625,1000.0000000000083,1.5078320915316502e-08
0.001005,0.012135416666666668,0.24270833333333333,1000.0000000000081,1.5340546031056886e-08
0.001005,0.012239583333333335,0.24479166666666669,1000.0000000000082,1.5605031708140554e-08
0.001005,0.01234375,0.246875,1000.0000000000081,1.5871777946566237e-08
0.001005,0.012447916666666666,0.2489583333333333,1000.0000000000084,1.6140784746334993e-08
0.001005,0.012552083333333335,0.25104166666666666,1000.0000000000085,1.6412052107446045e-08
0.001005,0.01265625,0.253125,1000.0000000000083,1.6685580029899538e-08
0.001005,0.012760416666666666,0.2552083333333333,1000.0000000000083,1.6961368513696032e-08
0.001005,0.012864583333333336,0.2572916666666667,1000.0000000000084,1.7239417558835103e-08
0.001005,0.012968750000000001,0.259375,1000.0000000000086,1.751972716531619e-08
0.001005,0.013072916666666667,0.2614583333333333,1000.0000000000088,1.7802297333140422e-08
0.001005,0.013177083333333334,0.2635416666666667,1000.0000000000088,1.808712806230695e-08
0.001005,0.013281250000000001,0.265625,1000.0000000000086,1.837421935281648e-08
0.001005,0.013385416666666667,0.2677083333333333,1000.0000000000084,1.866357120466831e-08
0.001005,0.013489583333333334,0.26979166666666665,1000.0000000000077,1.8955183617862574e-08
0.001005,0.013593750000000002,0.27187500000000003,1000.0000000000077,1.92490565923997e-08
0.001005,0.013697916666666667,0.2739583333333333,1000.0000000000072,1.9545190128279125e-08
0.001005,0.013802083333333333,0.27604166666666663,1000.0000000000066,1.9843584225501692e-08
0.001005,0.013906250000000002,0.278125,1000.000000000006,2.0144238884066556e-08
0.001005,0.014010416666666668,0.28020833333333334,1000.000000000005,2.0447154103973576e-08
0.001005,0.014114583333333333,0.28229166666666666,1000.0000000000042,2.075232988522388e-08
0.001005,0.014218750000000002,0.28437500000000004,1000.0000000000039,2.1059766227816485e-08
0.001005,0.014322916666666668,0.2864583333333333,1000.0000000000036,2.1369463131751243e-08
0.001005,0.014427083333333333,0.28854166666666664,1000.0000000000028,2.1681420597029567e-08
0.001005,0.01453125,0.290625,1000.0000000000031,2.1995638623649482e-08
0.001005,0.014635416666666668,0.29270833333333335,1000.0000000000031,2.2312117211612685e-08
0.001005,0.014739583333333334,0.2947916666666667,1000.000000000003,2.2630856360918465e-08
0.001005,0.014843750000000001,0.296875,1000.0000000000033,2.2951856071566118e-08
0.001005,0.014947916666666668,0.2989583333333333,1000.0000000000027,2.3275116343557198e-08
0.001005,0.015052083333333334,0.30104166666666665,1000.0000000000025,2.360063717689015e-08
0.001005,0.01515625,0.303125,1000.0000000000022,2.392841857156653e-08
0.001005,0.015260416666666669,0.30520833333333336,1000.0000000000026,2.4258460527585065e-08
0.001005,0.015364583333333334,0.3072916666666667,1000.0000000000026,2.4590763044945754e-08
0.001005,0.01546875,0.30937499999999996,1000.0000000000025,2.492532612364987e-08
0.001005,0.015572916666666667,0.31145833333333334,1000.000000000003,2.526214976369572e-08
0.001005,0.015677083333333335,0.31354166666666666,1000.0000000000032,2.560123396508556e-08
0.001005,0.015781250000000004,0.31562500000000004,1000.0000000000032,2.5942578727816002e-08
0.001005,0.015885416666666666,0.3177083333333333,1000.0000000000031,2.6286184051890294e-08
0.001005,0.015989583333333335,0.3197916666666667,1000.000000000003,2.663204993730759e-08
0.001005,0.016093750000000004,0.3218750000000001,1000.0000000000028,2.6980176384066193e-08
0.001005,0.016197916666666666,0.3239583333333333,1000.0000000000023,2.73305633921678e-08
0.001005,0.016302083333333335,0.3260416666666667,1000.0000000000018,2.768321096161241e-08
0.001005,0.01640625,0.328125,1000.0000000000018,2.8038119092400304e-08
0.001005,0.016510416666666666,0.3302083333333333,1000.0000000000013,2.839528778452894e-08
0.001005,0.016614583333333335,0.3322916666666667,1000.0000000000008,2.875471703800143e-08
0.001005,0.01671875,0.334375,1000.0000000000002,2.911640685281692e-08
0.001005,0.016822916666666667,0.3364583333333333,999.9999999999998,2.9480357228973435e-08
0.001005,0.016927083333333336,0.3385416666666667,999.9999999999997,2.9846568166473517e-08
0.001005,0.01703125,0.340625,999.9999999999994,3.021503966531717e-08
0.001005,0.017135416666666667,0.34270833333333334,999.9999999999993,3.0585771725501285e-08
0.001005,0.017239583333333336,0.3447916666666667,999.999999999999,3.0958764347028965e-08
0.001005,0.01734375,0.346875,999.9999999999989,3.133401752990049e-08
0.001005,0.017447916666666667,0.3489583333333333,999.999999999999,3.17115312741122e-08
0.001005,0.017552083333333336,0.3510416666666667,999.9999999999989,3.209130557966776e-08
0.001005,0.01765625,0.35312499999999997,999.9999999999982,3.247334044656604e-08
0.001005,0.017760416666666667,0.35520833333333335,999.9999999999982,3.285763587480789e-08
0.001005,0.017864583333333336,0.35729166666666673,999.9999999999981,3.3244191864390195e-08
0.001005,0.01796875,0.35937499999999994,999.9999999999976,3.363300841531607e-08
0.001005,0.018072916666666668,0.3614583333333333,999.9999999999978,3.4024085527585514e-08
0.001005,0.018177083333333337,0.3635416666666667,999.999999999998,3.44174232011957e-08
0.001005,0.01828125,0.365625,999.9999999999983,3.481302143614945e-08
0.001005,0.018385416666666668,0.36770833333333336,999.9999999999983,3.5210880232446777e-08
0.001005,0.018489583333333337,0.36979166666666674,999.9999999999984,3.561099959008456e-08
0.001005,0.01859375,0.37187499999999996,999.9999999999985,3.601337950906591e-08
0.001005,0.018697916666666668,0.37395833333333334,999.9999999999989,3.641801998939139e-08
0.001005,0.018802083333333337,0.3760416666666667,999.9999999999989,3.682492103105649e-08
0.001005,0.01890625,0.378125,999.9999999999993,3.7234082634066e-08
0.001005,0.01901041666666667,0.38020833333333337,999.9999999999997,3.7645504798417954e-08
0.001005,0.019114583333333334,0.38229166666666664,1000.0000000000002,3.805918752411347e-08
0.001005,0.01921875,0.38437499999999997,1000.0000000000007,3.847513081114945e-08
0.001005,0.01932291666666667,0.38645833333333335,1000.0000000000008,3.889333465952871e-08
0.001005,0.019427083333333334,0.3885416666666667,1000.0000000000007,3.931379906925267e-08
0.001005,0.01953125,0.390625,1000.0000000000002,3.9736524040315963e-08
0.001005,0.01963541666666667,0.3927083333333334,999.9999999999998,4.016150957272339e-08
0.001005,0.019739583333333335,0.39479166666666665,999.9999999999992,4.058875566647438e-08
0.001005,0.01984375,0.396875,999.9999999999985,4.10182623215664e-08
0.001005,0.01994791666666667,0.39895833333333336,999.999999999998,4.145002953800114e-08
0.001005,0.020052083333333335,0.4010416666666667,999.9999999999972,4.188405731578029e-08
0.001005,0.02015625,0.403125,999.9999999999966,4.2320345654898775e-08
0.001005,0.02026041666666667,0.4052083333333334,999.999999999996,4.275889455536224e-08
0.001005,0.020364583333333332,0.4072916666666666,999.9999999999953,4.319970401716786e-08
0.001005,0.02046875,0.409375,999.9999999999948,4.364277404031733e-08
0.001005,0.02057291666666667,0.41145833333333337,999.9999999999937,4.40881046248067e-08
0.001005,0.020677083333333332,0.41354166666666664,999.999999999993,4.4535695770639914e-08
0.001005,0.02078125,0.415625,999.9999999999918,4.498554747781754e-08
0.001005,0.02088541666666667,0.4177083333333334,999.9999999999902,4.543765974633451e-08
0.001005,0.020989583333333332,0.4197916666666666,999.9999999999885,4.5892032576195316e-08
0.001005,0.02109375,0.421875,999.999999999986,4.634866596740111e-08
0.001005,0.02119791666666667,0.4239583333333334,999.9999999999827,4.6807559919945106e-08
0.001005,0.021302083333333333,0.42604166666666665,999.9999999999784,4.7268714433834645e-08
0.001005,0.02140625,0.42812500000000003,999.9999999999736,4.773212950906747e-08
0.001005,0.02151041666666667,0.4302083333333334,999.9999999999666,4.819780514564019e-08
0.001005,0.021614583333333333,0.43229166666666663,999.999999999958,4.8665741343556193e-08
0.001005,0.021718750000000002,0.434375,999.9999999999475,4.9135938102816046e-08
0.001005,0.021822916666666668,0.43645833333333334,999.9999999999347,4.9608395423419184e-08
0.001005,0.021927083333333333,0.43854166666666666,999.9999999999188,5.0083113305362225e-08
0.001005,0.022031250000000002,0.44062500000000004,999.999999999899,5.056009174864911e-08
0.001005,0.022135416666666668,0.4427083333333333,999.9999999998741,5.103933075328041e-08
0.001005,0.022239583333333333,0.44479166666666664,999.9999999998435,5.1520830319251046e-08
0.001005,0.022343750000000002,0.446875,999.999999999806,5.200459044656609e-08
0.001005,0.022447916666666668,0.44895833333333335,999.99999999976,5.249061113522499e-08
0.001005,0.022552083333333334,0.4510416666666667,999.9999999997035,5.297889238522322e-08
0.001005,0.022656250000000003,0.45312500000000006,999.9999999996342,5.346943419656586e-08
0.001005,0.02276041666666667,0.4552083333333333,999.9999999995493,5.396223656925292e-08
0.001005,0.022864583333333334,0.45729166666666665,999.9999999994458,5.445729950327875e-08
0.001005,0.022968750000000003,0.45937500000000003,999.9999999993189,5.495462299864899e-08
0.001005,0.02307291666666667,0.46145833333333336,999.9999999991646,5.545420705536421e-08
0.001005,0.023177083333333334,0.4635416666666667,999.9999999989761,5.595605167341763e-08
0.001005,0.023281250000000003,0.46562500000000007,999.999999998747,5.646015685281546e-08
0.001005,0.023385416666666665,0.4677083333333333,999.9999999984681,5.696652259355659e-08
0.001005,0.023489583333333335,0.46979166666666666,999.9999999981289,5.747514889564156e-08
0.001005,0.023593750000000004,0.47187500000000004,999.9999999977173,5.7986035759065864e-08
0.001005,0.023697916666666666,0.4739583333333333,999.9999999972179,5.849918318383458e-08
0.001005,0.023802083333333335,0.4760416666666667,999.9999999966116,5.901459116994715e-08
0.001005,0.023906250000000004,0.4781250000000001,999.9999999958771,5.953225971739905e-08
0.001005,0.024010416666666666,0.4802083333333333,999.9999999949886,6.005218882619536e-08
0.001005,0.024114583333333335,0.4822916666666667,999.9999999939125,6.057437849633666e-08
0.001005,0.024218750000000004,0.48437500000000006,999.9999999926124,6.109882872781558e-08
0.001005,0.024322916666666666,0.4864583333333333,999.9999999910412,6.16255395206395e-08
0.001005,0.024427083333333335,0.4885416666666667,999.9999999891446,6.215451087480896e-08
0.001005,0.024531250000000004,0.4906250000000001,999.9999999868569,6.268574279031548e-08
0.001005,0.024635416666666667,0.4927083333333333,999.9999999840993,6.321923526716756e-08
0.001005,0.024739583333333336,0.4947916666666667,999.9999999807771,6.375498830536234e-08
0.001005,0.02484375,0.496875,999.9999999767779,6.429300190490099e-08
0.001005,0.024947916666666667,0.49895833333333334,999.9999999719676,6.483327606577895e-08
0.001005,0.025052083333333336,0.5010416666666667,999.9999999661857,6.537581078800022e-08
0.001005,0.02515625,0.503125,999.9999999592416,6.592060607156815e-08
0.001005,0.025260416666666667,0.5052083333333333,999.9999999509071,6.646766191647259e-08
0.001005,0.025364583333333336,0.5072916666666667,999.9999999409106,6.70169783227237e-08
0.001005,0.025468750000000002,0.509375,999.99999992893,6.756855529031811e-08
0.001005,0.025572916666666667,0.5114583333333333,999.999999914582,6.812239281925015e-08
0.001005,0.025677083333333336,0.5135416666666667,999.999999897411,6.867849090952886e-08
0.001005,0.025781250000000002,0.515625,999.9999998768769,6.923684956115198e-08
0.001005,0.025885416666666668,0.5177083333333333,999.9999998523379,6.97974687741116e-08
0.001005,0.025989583333333337,0.5197916666666667,999.999999823035,7.036034854841792e-08
0.001005,0.02609375,0.521875,999.9999997880687,7.092548888406525e-08
0.001005,0.026197916666666668,0.5239583333333333,999.9999997463758,7.149288978105813e-08
0.001005,0.026302083333333337,0.5260416666666667,999.9999996966977,7.206255123938978e-08
0.001005,0.02640625,0.528125,999.9999996375484,7.263447325906583e-08
0.001005,0.026510416666666668,0.5302083333333333,999.9999995671742,7.320865584008631e-08
0.001005,0.026614583333333337,0.5322916666666667,999.9999994835064,7.378509898244554e-08
0.001005,0.02671875,0.5343749999999999,999.9999993841077,7.43638026861492e-08
0.001005,0.02682291666666667,0.5364583333333334,999.9999992661072,7.494476695119727e-08
0.001005,0.026927083333333338,0.5385416666666667,999.9999991261271,7.55279917775841e-08
0.001005,0.02703125,0.5406249999999999,999.9999989601961,7.611347716531649e-08
0.001005,0.02713541666666667,0.5427083333333333,999.9999987636486,7.670122311439215e-08
0.001005,0.027239583333333338,0.5447916666666667,999.9999985310079,7.729122962480546e-08
0.001005,0.02734375,0.546875,999.9999982558497,7.788349669656657e-08
0.001005,0.02744791666666667,0.5489583333333333,999.9999979306457,7.847802432966643e-08
0.001005,0.027552083333333335,0.5510416666666667,999.9999975465779,7.907481252411525e-08
0.001005,0.02765625,0.553125,999.9999970933296,7.967386127989829e-08
0.001005,0.02776041666666667,0.5552083333333333,999.9999965588372,8.027517059702915e-08
0.001005,0.027864583333333335,0.5572916666666666,999.9999959290071,8.08787404755033e-08
0.001005,0.02796875,0.559375,999.999995187387,8.148457091531509e-08
0.001005,0.02807291666666667,0.5614583333333334,999.9999943147859,8.209266191647354e-08
0.001005,0.028177083333333335,0.5635416666666667,999.9999932888373,8.270301347897527e-08
0.001005,0.02828125,0.5656249999999999,999.9999920834947,8.331562560281578e-08
0.001005,0.02838541666666667,0.5677083333333334,999.9999906684484,8.393049828800071e-08
0.001005,0.028489583333333336,0.5697916666666667,999.9999890084591,8.454763153453117e-08
0.001005,0.02859375,0.571875,999.9999870625852,8.516702534239815e-08
0.001005,0.02869791666666667,0.5739583333333333,999.9999847833025,8.57886797116118e-08
0.001005,0.028802083333333332,0.5760416666666666,999.9999821154884,8.641259464216759e-08
0.001005,0.02890625,0.578125,999.9999789952586,8.703877013406895e-08
0.001005,0.02901041666666667,0.5802083333333333,999.9999753486347,8.766720618730567e-08
0.001005,0.029114583333333333,0.5822916666666667,999.9999710900188,8.82979028018902e-08
0.001005,0.02921875,0.584375,999.9999661204482,8.8930859977818e-08
0.001005,0.02932291666666667,0.5864583333333334,999.999960325604,8.956607771508346e-08
0.001005,0.029427083333333333,0.5885416666666666,999.9999535735324,9.020355601369559e-08
0.001005,0.029531250000000002,0.590625,999.9999457120508,9.084329487365213e-08
0.001005,0.02963541666666667,0.5927083333333334,999.9999365657902,9.148529429494518e-08
0.001005,0.029739583333333333,0.5947916666666666,999.9999259328276,9.212955427758376e-08
0.001005,0.029843750000000002,0.596875,999.9999135808538,9.277607482156791e-08
0.001005,0.02994791666666667,0.5989583333333334,999.9998992428233,9.342485592688967e-08
0.001005,0.030052083333333333,0.6010416666666666,999.9998826120096,9.407589759355586e-08
0.001005,0.030156250000000002,0.603125,999.9998633364002,9.472919982156533e-08
0.001005,0.030260416666666668,0.6052083333333333,999.9998410123451,9.538476261092148e-08
0.001005,0.030364583333333334,0.6072916666666667,999.9998151773598,9.604258596161075e-08
0.001005,0.030468750000000003,0.609375,999.9997853019916,9.670266987364895e-08
0.001005,0.03057291666666667,0.6114583333333333,999.9997507806225,9.736501434703157e-08
0.001005,0.030677083333333334,0.6135416666666667,999.9997109210876,9.802961938175069e-08
0.001005,0.030781250000000003,0.615625,999.9996649329642,9.869648497781536e-08
0.001005,0.03088541666666667,0.6177083333333333,999.999611914372,9.936561113522669e-08
0.001005,0.030989583333333334,0.6197916666666666,999.9995508371164,1.0003699785397228e-07
0.001005,0.031093750000000003,0.6218750000000001,999.9994805299742,1.0071064513406568e-07
0.001005,0.031197916666666665,0.6239583333333333,999.9993996599126,1.0138655297550009e-07
0.001005,0.031302083333333335,0.6260416666666666,999.9993067110037,1.0206472137828118e-07
0.001005,0.031406250000000004,0.628125,999.9991999607768,1.027451503424033e-07
0.001005,0.031510416666666666,0.6302083333333333,999.9990774537197,1.0342783986785854e-07
0.001005,0.031614583333333335,0.6322916666666667,999.9989369716186,1.0411278995466949e-07
0.001005,0.031718750000000004,0.634375,999.9987760003846,1.0480000060281807e-07
0.001005,0.03182291666666667,0.6364583333333335,999.9985916929929,1.0548947181230429e-07
0.001005,0.031927083333333335,0.6385416666666667,999.9983808281194,1.0618120358314171e-07
0.001005,0.032031250000000004,0.640625,999.9981397640156,1.0687519591531901e-07
0.001005,0.032135416666666666,0.6427083333333333,999.9978643871298,1.0757144880882945e-07
0.001005,0.032239583333333335,0.6447916666666667,999.9975500549317,1.0826996226370011e-07
0.001005,0.032343750000000004,0.6468750000000001,999.9971915323434,1.0897073627989485e-07
0.001005,0.03244791666666667,0.6489583333333333,999.9967829211464,1.0967377085744755e-07
0.001005,0.032552083333333336,0.6510416666666666,999.996317581651,1.103790659963379e-07
0.001005,0.03265625,0.653125,999.9957880458819,1.1108662169656136e-07
0.001005,0.03276041666666667,0.6552083333333333,999.9951859214477,1.117964379581428e-07
0.001005,0.032864583333333336,0.6572916666666667,999.9945017852111,1.1250851478105962e-07
0.001005,0.032968750000000005,0.659375,999.9937250657927,1.1322285216531181e-07
0.001005,0.03307291666666667,0.6614583333333333,999.9928439138745,1.1393945011091971e-07
0.001005,0.033177083333333336,0.6635416666666667,999.9918450591807,1.1465830861786751e-07
0.001005,0.03328125,0.6656249999999999,999.9907136529321,1.1537942768614391e-07
0.001005,0.03338541666666667,0.6677083333333333,999.9894330944804,1.1610280731578055e-07
0.001005,0.033489583333333336,0.6697916666666667,999.9879848407414,1.1682844750675481e-07
0.001005,0.033593750000000006,0.6718750000000001,999.9863481969292,1.175563482590622e-07
0.001005,0.03369791666666667,0.6739583333333333,999.9845000870126,1.1828650957272528e-07
0.001005,0.03380208333333334,0.6760416666666667,999.9824148021988,1.1901893144772828e-07
0.001005,0.03390625,0.678125,999.980063725629,1.1975361388405988e-07
0.001005,0.03401041666666667,0.6802083333333333,999.9774150313768,1.2049055688175396e-07
0.001005,0.03411458333333334,0.6822916666666667,999.9744333557021,1.212297604407834e-07
0.001005,0.034218750000000006,0.6843750000000001,999.9710794384022,1.2197122456114373e-07
0.001005,0.03432291666666667,0.6864583333333333,999.9673097319735,1.2271494924286653e-07
0.001005,0.03442708333333334,0.6885416666666667,999.9630759761782,1.234609344859202e-07
0.001005,0.03453125,0.6906249999999999,999.9583247354618,1.242091802903115e-07
0.001005,0.03463541666666667,0.6927083333333334,999.9529968965661,1.2495968665605852e-07
0.001005,0.03473958333333334,0.6947916666666667,999.9470271235291,1.2571245358314543e-07
0.001005,0.03484375000000001,0.6968750000000001,999.940343267138,1.2646748107156093e-07
0.001005,0.03494791666666667,0.6989583333333333,999.932865725787,1.272247691213367e-07
0.001005,0.03505208333333333,0.7010416666666666,999.9245067545446,1.27984317732441e-07
0.001005,0.03515625,0.703125,999.9151697191263,1.2874612690490106e-07
0.001005,0.03526041666666667,0.7052083333333333,999.9047482913461,1.29510196638701e-07
0.001005,0.03536458333333334,0.7072916666666668,999.8931255825102,1.302765269338273e-07
0.001005,0.03546875,0.709375,999.8801732111074,1.310451177903206e-07
0.001005,0.03557291666666667,0.7114583333333333,999.8657503010575,1.318159692081425e-07
0.001005,0.03567708333333333,0.7135416666666666,999.8497024066975,1.3258908118730204e-07
0.001005,0.03578125,0.715625,999.8318603606056,1.3336445372781952e-07
0.001005,0.03588541666666667,0.7177083333333334,999.8120390403166,1.3414208682967015e-07
0.001005,0.03598958333333334,0.7197916666666667,999.7900360499267,1.349219804928584e-07
0.001005,0.03609375,0.7218749999999999,999.765630312579,1.3570413471740238e-07
0.001005,0.03619791666666667,0.7239583333333334,999.7385805698073,1.3648854950328173e-07
0.001005,0.03630208333333333,0.7260416666666666,999.7086237837419,1.3727522485049645e-07
0.001005,0.03640625,0.728125,999.6754734382395,1.3806416075906914e-07
0.001005,0.03651041666666667,0.7302083333333333,999.6388177350498,1.3885535722897723e-07
0.001005,0.03661458333333334,0.7322916666666668,999.5983176812721,1.3964881426021842e-07
0.001005,0.03671875,0.734375,999.5536050644636,1.4044453185281983e-07
0.001005,0.03682291666666667,0.7364583333333333,999.5042803119663,1.4124251000675439e-07
0.001005,0.03692708333333333,0.7385416666666667,999.4499102312121,1.4204274872202204e-07
0.001005,0.03703125,0.740625,999.3900256280386,1.4284524799865444e-07
0.001005,0.03713541666666667,0.7427083333333334,999.3241188003446,1.4365000783661544e-07
0.001005,0.03723958333333334,0.7447916666666667,999.2516409047598,1.4445702823591183e-07
0.001005,0.03734375,0.746875,999.1719991944071,1.452663091965707e-07
0.001005,0.03744791666666667,0.7489583333333334,999.0845541262802,1.4607785071856045e-07
0.001005,0.03755208333333333,0.7510416666666666,998.9886163372677,1.4689165280188328e-07
0.001005,0.03765625,0.753125,998.8834434884131,1.4770771544656862e-07
0.001005,0.03776041666666667,0.7552083333333334,998.7682369776097,1.4852603865258936e-07
0.001005,0.03786458333333334,0.7572916666666668,998.642138521625,1.4934662241993866e-07
0.001005,0.03796875,0.759375,998.5042266090661,1.50169466748655e-07
0.001005,0.038072916666666665,0.7614583333333332,998.3535128267155,1.509945716386886e-07
0.001005,0.038177083333333334,0.7635416666666667,998.188938062515,1.51821937090087e-07
0.001005,0.03828125,0.765625,998.0093685894119,1.5265156310282076e-07
0.001005,0.03838541666666667,0.7677083333333334,997.8135920352669,1.534834496768831e-07
0.001005,0.038489583333333334,0.7697916666666667,997.6003132450655,1.5431759681231247e-07
0.001005,0.03859375,0.771875,997.3681500427986,1.5515400450906818e-07
0.001005,0.038697916666666665,0.7739583333333333,997.1156289015343,1.559926727671615e-07
0.001005,0.038802083333333334,0.7760416666666666,996.8411805314436,1.5683360158661735e-07
0.001005,0.03890625,0.7781250000000001,996.5431353968055,1.5767679096740403e-07
0.001005,0.03901041666666667,0.7802083333333334,996.2197191743631,1.5852224090952158e-07
0.001005,0.039114583333333335,0.7822916666666666,995.8690481667676,1.5936995141300613e-07
0.001005,0.039218750000000004,0.784375,995.4891246862642,1.6021992247781928e-07
0.001005,0.039322916666666666,0.7864583333333333,995.0778324252312,1.6107215410396782e-07
0.001005,0.039427083333333335,0.7885416666666667,994.6329318316473,1.619266462914743e-07
0.001005,0.039531250000000004,0.790625,994.1520555090777,1.6278339904032073e-07
0.001005,0.03963541666666667,0.7927083333333335,993.6327036622683,1.63642412350498e-07
0.001005,0.039739583333333335,0.7947916666666667,993.072239610961,1.645036862220332e-07
0.001005,0.039843750000000004,0.796875,992.4678853960393,1.653672206548993e-07
0.001005,0.039947916666666666,0.7989583333333333,991.8167175036232,1.662330156491098e-07
0.001005,0.040052083333333335,0.8010416666666667,991.1156627341811,1.6710107120466923e-07
0.001005,0.040156250000000004,0.8031250000000001,990.3614942451532,1.6797138732157308e-07
0.001005,0.040260416666666674,0.8052083333333334,989.5508277969648,1.6884396399979875e-07
0.001005,0.040364583333333336,0.8072916666666666,988.6801182336012,1.6971880123939145e-07
0.001005,0.040468750000000005,0.8093750000000001,987.7456562301437,1.7059589904032401e-07
0.001005,0.04057291666666667,0.8114583333333333,986.7435653408193,1.714752574025739e-07
0.001005,0.040677083333333336,0.8135416666666667,985.6697993821183,1.723568763261998e-07
0.001005,0.040781250000000005,0.815625,984.5201401864633,1.7324075581114304e-07
0.001005,0.04088541666666667,0.8177083333333333,983.2901957626577,1.7412689585744878e-07
0.001005,0.040989583333333336,0.8197916666666667,981.9753988999806,1.7501529646508985e-07
0.001005,0.04109375,0.8218749999999999,980.5710062532252,1.7590595763406183e-07
0.001005,0.04119791666666667,0.8239583333333333,979.072097946247,1.7679887936439175e-07
0.001005,0.041302083333333336,0.8260416666666667,977.4735777316678,1.7769406165606157e-07
0.001005,0.041406250000000006,0.8281250000000001,975.7701737442213,1.7859150450905774e-07
0.001005,0.04151041666666667,0.8302083333333333,973.9564398848726,1.794912079234254e-07
0.001005,0.04161458333333334,0.8322916666666667,972.026757872233,1.8039317189911492e-07
0.001005,0.04171875,0.834375,969.9753399969375,1.8129739643614432e-07
0.001005,0.04182291666666667,0.8364583333333333,967.7962326135372,1.822038815345317e-07
0.001005,0.04192708333333334,0.8385416666666667,965.4833204030733,1.8311262719425446e-07
0.001005,0.042031250000000006,0.8406250000000001,963.0303314378352,1.840236334153081e-07
0.001005,0.04213541666666667,0.8427083333333333,960.430843077854,1.849369001977287e-07
0.001005,0.04223958333333334,0.8447916666666667,957.678288726437,1.858524275414802e-07
0.001005,0.04234375,0.8468749999999999,954.7659654695275,1.86770215446558e-07
0.001005,0.04244791666666667,0.8489583333333334,951.6870426208167,1.8769026391300282e-07
0.001005,0.04255208333333334,0.8510416666666667,948.4345711914356,1.8861257294078756e-07
0.001005,0.04265625000000001,0.8531250000000001,945.0014942996119,1.895371425298896e-07
0.001005,0.04276041666666667,0.8552083333333333,941.3806585319803,1.9046397268036766e-07
0.001005,0.04286458333333334,0.8572916666666667,937.5648262642399,1.9139306339217206e-07
0.001005,0.04296875,0.859375,933.5466889446045,1.9232441466530734e-07
0.001005,0.04307291666666667,0.8614583333333333,929.3188813389589,1.9325802649981414e-07
0.001005,0.04317708333333334,0.8635416666666668,924.8739967318917,1.9419389889564276e-07
0.001005,0.04328125000000001,0.8656250000000001,920.2046030727801,1.9513203185280676e-07
0.001005,0.04338541666666667,0.8677083333333333,915.3032600509166,1.9607242537134228e-07
0.001005,0.04348958333333333,0.8697916666666666,910.1625370783001,1.970150794511861e-07
0.001005,0.04359375,0.871875,904.7750321531828,1.979599940924059e-07
0.001005,0.04369791666666667,0.8739583333333334,899.1333915718124,1.9890716929494757e-07
0.001005,0.04380208333333334,0.8760416666666667,893.2303304500454,1.9985660505882912e-07
0.001005,0.04390625,0.8781249999999999,887.0586540107075,2.0080830138406865e-07
0.001005,0.04401041666666667,0.8802083333333334,880.6112795866999,2.0176225827064356e-07
0.001005,0.04411458333333333,0.8822916666666666,873.881259284027,2.0271847571854933e-07
0.001005,0.04421875,0.884375,866.861803243099,2.0367695372782208e-07
0.001005,0.04432291666666667,0.8864583333333333,859.5463034309596,2.046376922984212e-07
0.001005,0.04442708333333334,0.8885416666666668,851.9283578914724,2.056006914303557e-07
0.001005,0.04453125,0.890625,844.0017953750869,2.0656595112365265e-07
0.001005,0.04463541666666667,0.8927083333333333,835.7607002645609,2.0753347137828502e-07
0.001005,0.04473958333333333,0.8947916666666667,827.1994377080658,2.0850325219424372e-07
0.001005,0.04484375,0.896875,818.3126788663858,2.094752935715694e-07
0.001005,0.04494791666666667,0.8989583333333334,809.095426176616,2.104495955102305e-07
0.001005,0.04505208333333334,0.9010416666666667,799.5430385307571,2.114261580102134e-07
0.001005,0.04515625,0.903125,789.6512562640808,2.1240498107157234e-07
0.001005,0.04526041666666667,0.9052083333333334,779.4162258450276,2.1338606469425763e-07
0.001005,0.04536458333333333,0.9072916666666666,768.8345241558127,2.1436940887826928e-07
0.001005,0.04546875,0.909375,757.9031822508219,2.1535501362365242e-07
0.001005,0.04557291666666667,0.9114583333333334,746.6197084783987,2.1634287893037096e-07
0.001005,0.04567708333333334,0.9135416666666668,734.982110850677,2.173330047984068e-07
0.001005,0.04578125,0.915625,722.9889185458389,2.1832539122782318e-07
0.001005,0.04588541666666667,0.9177083333333333,710.6392024274943,2.193200382185614e-07
0.001005,0.045989583333333334,0.9197916666666667,697.9325944669115,2.2031694577063048e-07
0.001005,0.04609375,0.921875,684.8693059554638,2.2131611388407109e-07
0.001005,0.04619791666666667,0.9239583333333334,671.4501443970664,2.2231754255884256e-07
0.001005,0.04630208333333334,0.9260416666666668,657.6765289733929,2.2332123179493585e-07
0.001005,0.04640625,0.928125,643.550504478429,2.2432718159240517e-07
0.001005,0.046510416666666665,0.9302083333333333,629.0747536233519,2.2533539195118278e-07
0.001005,0.046614583333333334,0.9322916666666666,614.2526076178439,2.2634586287134095e-07
0.001005,0.04671875,0.9343750000000001,599.0880549397253,2.2735859435282093e-07
0.001005,0.04682291666666667,0.9364583333333334,583.5857482112184,2.2837358639563176e-07
0.001005,0.046927083333333335,0.9385416666666666,567.7510091072157,2.2939083899981415e-07
0.001005,0.047031250000000004,0.940625,551.5898312285572,2.3041035216531832e-07
0.001005,0.047135416666666666,0.9427083333333333,535.1088808815409,2.314321258921579e-07
0.001005,0.047239583333333335,0.9447916666666667,518.3154957135791,2.32456160180369e-07
0.001005,0.047343750000000004,0.946875,501.2176811641516,2.3348245502990644e-07
0.001005,0.04744791666666667,0.9489583333333335,483.82410469978464,2.345110104407702e-07
0.001005,0.047552083333333335,0.9510416666666667,466.14408781181356,2.3554182641300552e-07
0.001005,0.047656250000000004,0.953125,448.18759576597364,2.3657490294657168e-07
0.001005,0.047760416666666666,0.9552083333333333,429.96522510346665,2.376102400414642e-07
0.001005,0.047864583333333335,0.9572916666666667,411.4881889038628,2.386478376977282e-07
0.001005,0.047968750000000004,0.9593750000000001,392.7682998311616,2.3968769591532307e-07
0.001005,0.048072916666666674,0.9614583333333334,373.81795099522765,2.407298146942398e-07
0.001005,0.048177083333333336,0.9635416666666666,354.6500946718233,2.417741940345371e-07
0.001005,0.048281250000000005,0.9656250000000001,335.27821893527977,2.4282083393615617e-07
0.001005,0.04838541666666667,0.9677083333333333,315.7163222685934,2.438697343991016e-07
0.001005,0.048489583333333336,0.9697916666666667,295.97888622640625,2.449208954234231e-07
0.001005,0.048593750000000005,0.971875,276.0808462365616,2.459743170090709e-07
0.001005,0.048697916666666674,0.9739583333333335,256.03756063373396,2.470299991560451e-07
0.001005,0.048802083333333336,0.9760416666666667,235.8647780323964,2.480879418643998e-07
0.001005,0.048906250000000005,0.978125,215.57860316763035,2.4914814513407184e-07
0.001005,0.04901041666666667,0.9802083333333333,195.1954612574963,2.502106089650702e-07
0.001005,0.049114583333333336,0.9822916666666667,174.732061065953,2.5127533335745364e-07
0.001005,0.049218750000000006,0.9843750000000001,154.2053575444468,2.5234231831114086e-07
0.001005,0.04932291666666667,0.9864583333333333,133.63250960634403,2.534115638261996e-07
0.001005,0.04942708333333334,0.9885416666666667,113.03085007767125,2.5448306990258915e-07
0.001005,0.04953125,0.990625,92.41782044543177,2.555568365403096e-07
0.001005,0.04963541666666667,0.9927083333333333,71.81098125157587,2.5663286373939703e-07
0.001005,0.04973958333333334,0.9947916666666667,51.22787672251676,2.5771115149981084e-07
0.001005,0.049843750000000006,0.9968750000000001,30.686143371727283,2.587916998215555e-07
0.001005,0.04994791666666667,0.9989583333333333,10.203252886894356,2.598745087046762e-07
0.001046,5.208333333333334e-05,0.0010416666666666667,1000.000000000005,3.7676022376543216e-13
0.001046,0.00015625,0.0031249999999999997,1000.000000000005,2.637321566358025e-12
0.001046,0.00026041666666666666,0.005208333333333333,1000.0000000000048,7.158444251543212e-12
0.001046,0.00036458333333333335,0.007291666666666667,1000.0000000000047,1.394012827932099e-11
0.001046,0.00046875,0.009375,1000.0000000000047,2.2982373649691355e-11
0.001046,0.0005729166666666667,0.011458333333333333,1000.0000000000047,3.4285180362654335e-11
0.001046,0.0006770833333333334,0.013541666666666667,1000.0000000000043,4.784854841820988e-11
0.001046,0.00078125,0.015625,1000.0000000000042,6.367247781635804e-11
0.001046,0.0008854166666666667,0.017708333333333333,1000.0000000000042,8.175696855709879e-11
0.001046,0.0009895833333333334,0.019791666666666666,1000.0000000000043,1.0210202064043203e-10
0.001046,0.00109375,0.021875000000000002,1000.0000000000044,1.2470763406635805e-10
0.001046,0.0011979166666666666,0.02395833333333333,1000.0000000000045,1.4957380883487663e-10
0.001046,0.0013020833333333335,0.026041666666666668,1000.0000000000045,1.7670054494598758e-10
0.001046,0.00140625,0.028124999999999997,1000.0000000000044,2.0608784239969144e-10
0.001046,0.0015104166666666669,0.030208333333333337,1000.0000000000041,2.3773570119598785e-10
0.001046,0.0016145833333333333,0.03229166666666666,1000.0000000000039,2.7164412133487647e-10
0.001046,0.0017187500000000002,0.034375,1000.000000000004,3.0781310281635824e-10
0.001046,0.0018229166666666667,0.03645833333333333,1000.0000000000041,3.462426456404321e-10
0.001046,0.0019270833333333336,0.03854166666666667,1000.0000000000041,3.869327498070989e-10
0.001046,0.00203125,0.040625,1000.0000000000041,4.298834153163573e-10
0.001046,0.0021354166666666665,0.04270833333333333,1000.0000000000042,4.750946421682109e-10
0.001046,0.0022395833333333334,0.04479166666666667,1000.0000000000041,5.225664303626536e-10
0.001046,0.0023437500000000003,0.04687500000000001,1000.0000000000041,5.722987798996925e-10
0.001046,0.002447916666666667,0.04895833333333333,1000.0000000000041,6.242916907793205e-10
0.001046,0.0025520833333333333,0.051041666666666666,1000.0000000000041,6.785451630015442e-10
0.001046,0.00265625,0.053125,1000.000000000004,7.350591965663565e-10
0.001046,0.002760416666666667,0.05520833333333334,1000.0000000000038,7.938337914737678e-10
0.001046,0.0028645833333333336,0.05729166666666667,1000.0000000000033,8.548689477237637e-10
0.001046,0.00296875,0.059375,1000.000000000003,9.18164665316361e-10
0.001046,0.003072916666666667,0.06145833333333334,1000.0000000000023,9.837209442515417e-10
0.001046,0.003177083333333334,0.06354166666666668,1000.0000000000017,1.0515377845293237e-09
0.001046,0.0032812500000000003,0.065625,1000.0000000000011,1.1216151861496883e-09
0.001046,0.0033854166666666668,0.06770833333333333,1000.0000000000008,1.1939531491126517e-09
0.001046,0.0034895833333333333,0.06979166666666665,1000.0000000000006,1.2685516734182142e-09
0.001046,0.00359375,0.071875,1000.0,1.345410759066356e-09
0.001046,0.003697916666666667,0.07395833333333333,999.9999999999997,1.424530406057101e-09
0.001046,0.0038020833333333335,0.07604166666666666,999.9999999999993,1.5059106143904297e-09
0.001046,0.00390625,0.078125,999.9999999999986,1.5895513840663619e-09
0.001046,0.004010416666666667,0.08020833333333334,999.9999999999981,1.6754527150848731e-09
0.001046,0.004114583333333333,0.08229166666666665,999.9999999999976,1.7636146074459857e-09
0.001046,0.00421875,0.084375,999.999999999997,1.8540370611497038e-09
0.001046,0.004322916666666668,0.08645833333333335,999.9999999999964,1.9467200761959833e-09
0.001046,0.004427083333333333,0.08854166666666666,999.999999999996,2.0416636525848733e-09
0.001046,0.0045312500000000006,0.09062500000000001,999.9999999999957,2.138867790316355e-09
0.001046,0.004635416666666667,0.09270833333333334,999.9999999999955,2.2383324893904475e-09
0.001046,0.0047395833333333335,0.09479166666666666,999.999999999995,2.3400577498070924e-09
0.001046,0.004843750000000001,0.09687500000000002,999.9999999999947,2.444043571566356e-09
0.001046,0.0049479166666666664,0.09895833333333333,999.999999999994,2.5502899546682077e-09
0.001046,0.005052083333333334,0.10104166666666667,999.9999999999934,2.658796899112643e-09
0.001046,0.00515625,0.103125,999.9999999999928,2.7695644048997107e-09
0.001046,0.005260416666666667,0.10520833333333333,999.9999999999924,2.8825924720293132e-09
0.001046,0.005364583333333334,0.10729166666666667,999.9999999999918,2.997881100501539e-09
0.001046,0.00546875,0.10937499999999999,999.9999999999915,3.1154302903163524e-09
0.001046,0.005572916666666667,0.11145833333333334,999.9999999999912,3.2352400414737896e-09
0.001046,0.005677083333333334,0.11354166666666668,999.9999999999907,3.3573103539737616e-09
0.001046,0.00578125,0.11562499999999999,999.9999999999907,3.481641227816348e-09
0.001046,0.005885416666666667,0.11770833333333335,999.9999999999907,3.6082326630015406e-09
0.001046,0.005989583333333334,0.11979166666666667,999.9999999999908,3.737084659529347e-09
0.001046,0.00609375,0.121875,999.9999999999906,3.86819721739968e-09
0.001046,0.0061979166666666675,0.12395833333333335,999.9999999999908,4.001570336612654e-09
0.001046,0.006302083333333333,0.12604166666666666,999.9999999999907,4.137204017168198e-09
0.001046,0.0064062500000000005,0.128125,999.9999999999907,4.275098259066392e-09
0.001046,0.006510416666666668,0.13020833333333334,999.9999999999908,4.415253062307077e-09
0.001046,0.006614583333333333,0.13229166666666667,999.999999999991,4.557668426890429e-09
0.001046,0.006718750000000001,0.134375,999.9999999999911,4.70234435281636e-09
0.001046,0.006822916666666666,0.13645833333333332,999.9999999999917,4.8492808400848535e-09
0.001046,0.006927083333333334,0.13854166666666667,999.9999999999919,4.9984778886960314e-09
0.001046,0.007031250000000001,0.140625,999.9999999999925,5.149935498649682e-09
0.001046,0.007135416666666667,0.14270833333333333,999.9999999999928,5.303653669945966e-09
0.001046,0.007239583333333334,0.14479166666666668,999.9999999999932,5.4596324025848815e-09
0.001046,0.0073437500000000005,0.146875,999.9999999999936,5.617871696566394e-09
0.001046,0.007447916666666667,0.14895833333333333,999.9999999999939,5.7783715518904144e-09
0.001046,0.007552083333333334,0.15104166666666669,999.999999999994,5.941131968557085e-09
0.001046,0.00765625,0.15312499999999998,999.9999999999947,6.106152946566353e-09
0.001046,0.007760416666666667,0.15520833333333334,999.9999999999952,6.273434485918199e-09
0.001046,0.007864583333333335,0.1572916666666667,999.9999999999959,6.442976586612696e-09
0.001046,0.00796875,0.159375,999.9999999999967,6.614779248649736e-09
0.001046,0.008072916666666667,0.16145833333333334,999.9999999999975,6.788842472029249e-09
0.001046,0.008177083333333335,0.1635416666666667,999.9999999999985,6.965166256751589e-09
0.001046,0.00828125,0.165625,999.9999999999995,7.143750602816296e-09
0.001046,0.008385416666666666,0.16770833333333332,1000.0000000000005,7.324595510223794e-09
0.001046,0.008489583333333335,0.1697916666666667,1000.0000000000009,7.507700978973836e-09
0.001046,0.00859375,0.171875,1000.0000000000016,7.693067009066281e-09
0.001046,0.008697916666666666,0.17395833333333333,1000.000000000002,7.880693600501587e-09
0.001046,0.008802083333333334,0.17604166666666665,1000.0000000000026,8.070580753279225e-09
0.001046,0.008906250000000001,0.178125,1000.000000000003,8.26272846739976e-09
0.001046,0.009010416666666667,0.18020833333333333,1000.0000000000033,8.457136742862698e-09
0.001046,0.009114583333333334,0.18229166666666666,1000.0000000000034,8.653805579668144e-09
0.001046,0.009218750000000001,0.184375,1000.0000000000033,8.852734977816417e-09
0.001046,0.009322916666666667,0.18645833333333334,1000.0000000000034,9.053924937307163e-09
0.001046,0.009427083333333334,0.18854166666666666,1000.0000000000038,9.257375458140312e-09
0.001046,0.009531250000000002,0.19062500000000002,1000.0000000000038,9.463086540316427e-09
0.001046,0.009635416666666667,0.19270833333333334,1000.0000000000039,9.67105818383477e-09
0.001046,0.009739583333333333,0.19479166666666664,1000.0000000000041,9.88129038869608e-09
0.001046,0.009843750000000002,0.19687500000000002,1000.0000000000041,1.009378315489972e-08
0.001046,0.009947916666666667,0.19895833333333335,1000.0000000000044,1.0308536482445941e-08
0.001046,0.010052083333333333,0.20104166666666665,1000.0000000000045,1.0525550371334883e-08
0.001046,0.01015625,0.203125,1000.0000000000049,1.0744824821566263e-08
0.001046,0.010260416666666668,0.20520833333333335,1000.0000000000051,1.0966359833140502e-08
0.001046,0.010364583333333333,0.20729166666666665,1000.0000000000055,1.1190155406057182e-08
0.001046,0.01046875,0.209375,1000.0000000000058,1.1416211540316228e-08
0.001046,0.010572916666666668,0.21145833333333336,1000.0000000000065,1.1644528235918276e-08
0.001046,0.010677083333333334,0.21354166666666666,1000.0000000000069,1.1875105492862764e-08
0.001046,0.010781250000000001,0.215625,1000.0000000000074,1.2107943311149548e-08
0.001046,0.010885416666666668,0.21770833333333336,1000.0000000000078,1.2343041690779405e-08
0.001046,0.010989583333333334,0.21979166666666666,1000.0000000000084,1.2580400631751417e-08
0.001046,0.01109375,0.221875,1000.000000000009,1.2820020134066432e-08
0.001046,0.011197916666666669,0.22395833333333337,1000.0000000000093,1.3061900197723885e-08
0.001046,0.011302083333333334,0.22604166666666667,1000.0000000000093,1.3306040822723636e-08
0.001046,0.01140625,0.228125,1000.0000000000097,1.3552442009066458e-08
0.001046,0.011510416666666669,0.23020833333333338,1000.0000000000097,1.380110375675165e-08
0.001046,0.011614583333333334,0.23229166666666667,1000.0000000000095,1.4052026065779137e-08
0.001046,0.01171875,0.234375,1000.0000000000094,1.4305208936149768e-08
0.001046,0.011822916666666667,0.23645833333333333,1000.0000000000095,1.4560652367862555e-08
0.001046,0.011927083333333335,0.23854166666666668,1000.0000000000093,1.4818356360918274e-08
0.001046,0.01203125,0.240625,1000.0000000000089,1.5078320915316502e-08
0.001046,0.012135416666666668,0.24270833333333333,1000.0000000000088,1.5340546031056886e-08
0.001046,0.012239583333333335,0.24479166666666669,1000.0000000000088,1.5605031708140554e-08
0.001046,0.01234375,0.246875,1000.0000000000086,1.5871777946566237e-08
0.001046,0.012447916666666666,0.2489583333333333,1000.0000000000089,1.6140784746334993e-08
0.001046,0.012552083333333335,0.25104166666666666,1000.0000000000089,1.6412052107446045e-08
0.001046,0.01265625,0.253125,1000.000000000009,1.6685580029899538e-08
0.001046,0.012760416666666666,0.2552083333333333,1000.000000000009,1.6961368513696032e-08
0.001046,0.012864583333333336,0.2572916666666667,1000.0000000000091,1.7239417558835103e-08
0.001046,0.012968750000000001,0.259375,1000.000000000009,1.751972716531619e-08
0.001046,0.013072916666666667,0.2614583333333333,1000.0000000000089,1.7802297333140422e-08
0.001046,0.013177083333333334,0.2635416666666667,1000.0000000000089,1.808712806230695e-08
0.001046,0.013281250000000001,0.265625,1000.0000000000086,1.837421935281648e-08
0.001046,0.013385416666666667,0.2677083333333333,1000.0000000000084,1.866357120466831e-08
0.001046,0.013489583333333334,0.26979166666666665,1000.0000000000082,1.8955183617862574e-08
0.001046,0.013593750000000002,0.27187500000000003,1000.0000000000078,1.92490565923997e-08
0.001046,0.013697916666666667,0.2739583333333333,1000.0000000000075,1.9545190128279125e-08
0.001046,0.013802083333333333,0.27604166666666663,1000.0000000000069,1.9843584225501692e-08
0.001046,0.013906250000000002,0.278125,1000.000000000006,2.0144238884066556e-08
0.001046,0.014010416666666668,0.28020833333333334,1000.0000000000053,2.0447154103973576e-08
0.001046,0.014114583333333333,0.28229166666666666,1000.0000000000045,2.075232988522388e-08
0.001046,0.014218750000000002,0.28437500000000004,1000.0000000000043,2.1059766227816485e-08
0.001046,0.014322916666666668,0.2864583333333333,1000.0000000000038,2.1369463131751243e-08
0.001046,0.014427083333333333,0.28854166666666664,1000.0000000000032,2.1681420597029567e-08
0.001046,0.01453125,0.290625,1000.000000000003,2.1995638623649482e-08
0.001046,0.014635416666666668,0.29270833333333335,1000.000000000003,2.2312117211612685e-08
0.001046,0.014739583333333334,0.2947916666666667,1000.0000000000027,2.2630856360918465e-08
0.001046,0.014843750000000001,0.296875,1000.0000000000032,2.2951856071566118e-08
0.001046,0.014947916666666668,0.2989583333333333,1000.0000000000031,2.3275116343557198e-08
0.001046,0.015052083333333334,0.30104166666666665,1000.0000000000027,2.360063717689015e-08
0.001046,0.01515625,0.303125,1000.0000000000024,2.392841857156653e-08
0.001046,0.015260416666666669,0.30520833333333336,1000.0000000000026,2.4258460527585065e-08
0.001046,0.015364583333333334,0.3072916666666667,1000.0000000000024,2.4590763044945754e-08
0.001046,0.01546875,0.30937499999999996,1000.0000000000026,2.492532612364987e-08
0.001046,0.015572916666666667,0.31145833333333334,1000.000000000003,2.526214976369572e-08
0.001046,0.015677083333333335,0.31354166666666666,1000.0000000000033,2.560123396508556e-08
0.001046,0.015781250000000004,0.31562500000000004,1000.0000000000035,2.5942578727816002e-08
0.001046,0.015885416666666666,0.3177083333333333,1000.0000000000035,2.6286184051890294e-08
0.001046,0.015989583333333335,0.3197916666666667,1000.0000000000033,2.663204993730759e-08
0.001046,0.016093750000000004,0.3218750000000001,1000.0000000000028,2.6980176384066193e-08
0.001046,0.016197916666666666,0.3239583333333333,1000.0000000000024,2.73305633921678e-08
0.001046,0.016302083333333335,0.3260416666666667,1000.0000000000019,2.768321096161241e-08
0.001046,0.01640625,0.328125,1000.0000000000017,2.8038119092400304e-08
0.001046,0.016510416666666666,0.3302083333333333,1000.0000000000013,2.839528778452894e-08
0.001046,0.016614583333333335,0.3322916666666667,1000.0000000000008,2.875471703800143e-08
0.001046,0.01671875,0.334375,1000.0000000000002,2.911640685281692e-08
0.001046,0.016822916666666667,0.3364583333333333,1000.0,2.9480357228973435e-08
0.001046,0.016927083333333336,0.3385416666666667,999.9999999999998,2.9846568166473517e-08
0.001046,0.01703125,0.340625,999.9999999999997,3.021503966531717e-08
0.001046,0.017135416666666667,0.34270833333333334,999.9999999999997,3.0585771725501285e-08
0.001046,0.017239583333333336,0.3447916666666667,999.9999999999994,3.0958764347028965e-08
0.001046,0.01734375,0.346875,999.999999999999,3.133401752990049e-08
0.001046,0.017447916666666667,0.3489583333333333,999.9999999999989,3.17115312741122e-08
0.001046,0.017552083333333336,0.3510416666666667,999.9999999999985,3.209130557966776e-08
0.001046,0.01765625,0.35312499999999997,999.9999999999982,3.247334044656604e-08
0.001046,0.017760416666666667,0.35520833333333335,999.9999999999981,3.285763587480789e-08
0.001046,0.017864583333333336,0.35729166666666673,999.9999999999981,3.3244191864390195e-08
0.001046,0.01796875,0.35937499999999994,999.9999999999977,3.363300841531607e-08
0.001046,0.018072916666666668,0.3614583333333333,999.9999999999975,3.4024085527585514e-08
0.001046,0.018177083333333337,0.3635416666666667,999.9999999999978,3.44174232011957e-08
0.001046,0.01828125,0.365625,999.9999999999976,3.481302143614945e-08
0.001046,0.018385416666666668,0.36770833333333336,999.999999999998,3.5210880232446777e-08
0.001046,0.018489583333333337,0.36979166666666674,999.9999999999983,3.561099959008456e-08
0.001046,0.01859375,0.37187499999999996,999.9999999999986,3.601337950906591e-08
0.001046,0.018697916666666668,0.37395833333333334,999.9999999999987,3.641801998939139e-08
0.001046,0.018802083333333337,0.3760416666666667,999.9999999999987,3.682492103105649e-08
0.001046,0.01890625,0.378125,999.9999999999992,3.7234082634066e-08
0.001046,0.01901041666666667,0.38020833333333337,999.9999999999998,3.7645504798417954e-08
0.001046,0.019114583333333334,0.38229166666666664,1000.0,3.805918752411347e-08
0.001046,0.01921875,0.38437499999999997,1000.0,3.847513081114945e-08
0.001046,0.01932291666666667,0.38645833333333335,999.9999999999999,3.889333465952871e-08
0.001046,0.019427083333333334,0.3885416666666667,999.9999999999992,3.931379906925267e-08
0.001046,0.01953125,0.390625,999.9999999999986,3.9736524040315963e-08
0.001046,0.01963541666666667,0.3927083333333334,999.999999999998,4.016150957272339e-08
0.001046,0.019739583333333335,0.39479166666666665,999.9999999999968,4.058875566647438e-08
0.001046,0.01984375,0.396875,999.9999999999958,4.10182623215664e-08
0.001046,0.01994791666666667,0.39895833333333336,999.9999999999942,4.145002953800114e-08
0.001046,0.020052083333333335,0.4010416666666667,999.9999999999926,4.188405731578029e-08
0.001046,0.02015625,0.403125,999.9999999999909,4.2320345654898775e-08
0.001046,0.02026041666666667,0.4052083333333334,999.9999999999889,4.275889455536224e-08
0.001046,0.020364583333333332,0.4072916666666666,999.9999999999867,4.319970401716786e-08
0.001046,0.02046875,0.409375,999.9999999999843,4.364277404031733e-08
0.001046,0.02057291666666667,0.41145833333333337,999.9999999999808,4.40881046248067e-08
0.001046,0.020677083333333332,0.41354166666666664,999.9999999999767,4.4535695770639914e-08
0.001046,0.02078125,0.415625,999.9999999999715,4.498554747781754e-08
0.001046,0.02088541666666667,0.4177083333333334,999.9999999999652,4.543765974633451e-08
0.001046,0.020989583333333332,0.4197916666666666,999.999999999958,4.5892032576195316e-08
0.001046,0.02109375,0.421875,999.9999999999486,4.634866596740111e-08
0.001046,0.02119791666666667,0.4239583333333334,999.9999999999369,4.6807559919945106e-08
0.001046,0.021302083333333333,0.42604166666666665,999.9999999999227,4.7268714433834645e-08
0.001046,0.02140625,0.42812500000000003,999.9999999999053,4.773212950906747e-08
0.001046,0.02151041666666667,0.4302083333333334,999.9999999998837,4.819780514564019e-08
0.001046,0.021614583333333333,0.43229166666666663,999.999999999857,4.8665741343556193e-08
0.001046,0.021718750000000002,0.434375,999.9999999998241,4.9135938102816046e-08
0.001046,0.021822916666666668,0.43645833333333334,999.9999999997842,4.9608395423419184e-08
0.001046,0.021927083333333333,0.43854166666666666,999.9999999997356,5.0083113305362225e-08
0.001046,0.022031250000000002,0.44062500000000004,999.9999999996758,5.056009174864911e-08
0.001046,0.022135416666666668,0.4427083333333333,999.9999999996026,5.103933075328041e-08
0.001046,0.022239583333333333,0.44479166666666664,999.9999999995136,5.1520830319251046e-08
0.001046,0.022343750000000002,0.446875,999.9999999994053,5.200459044656609e-08
0.001046,0.022447916666666668,0.44895833333333335,999.9999999992737,5.249061113522499e-08
0.001046,0.022552083333333334,0.4510416666666667,999.9999999991136,5.297889238522322e-08
0.001046,0.022656250000000003,0.45312500000000006,999.9999999989194,5.346943419656586e-08
0.001046,0.02276041666666667,0.4552083333333333,999.9999999986838,5.396223656925292e-08
0.001046,0.022864583333333334,0.45729166666666665,999.9999999983983,5.445729950327875e-08
0.001046,0.022968750000000003,0.45937500000000003,999.9999999980525,5.495462299864899e-08
0.001046,0.02307291666666667,0.46145833333333336,999.9999999976341,5.545420705536421e-08
0.001046,0.023177083333333334,0.4635416666666667,999.9999999971284,5.595605167341763e-08
0.001046,0.023281250000000003,0.46562500000000007,999.9999999965174,5.646015685281546e-08
0.001046,0.023385416666666665,0.4677083333333333,999.9999999957798,5.696652259355659e-08
0.001046,0.023489583333333335,0.46979166666666666,999.9999999948901,5.747514889564156e-08
0.001046,0.023593750000000004,0.47187500000000004,999.9999999938178,5.7986035759065864e-08
0.001046,0.023697916666666666,0.4739583333333333,999.999999992526,5.849918318383458e-08
0.001046,0.023802083333333335,0.4760416666666667,999.9999999909712,5.901459116994715e-08
0.001046,0.023906250000000004,0.4781250000000001,999.999999989101,5.953225971739905e-08
0.001046,0.024010416666666666,0.4802083333333333,999.9999999868528,6.005218882619536e-08
0.001046,0.024114583333333335,0.4822916666666667,999.9999999841525,6.057437849633666e-08
0.001046,0.024218750000000004,0.48437500000000006,999.9999999809115,6.109882872781558e-08
0.001046,0.024322916666666666,0.4864583333333333,999.9999999770241,6.16255395206395e-08
0.001046,0.024427083333333335,0.4885416666666667,999.9999999723645,6.215451087480896e-08
0.001046,0.024531250000000004,0.4906250000000001,999.9999999667839,6.268574279031548e-08
0.001046,0.024635416666666667,0.4927083333333333,999.9999999601043,6.321923526716756e-08
0.001046,0.024739583333333336,0.4947916666666667,999.9999999521151,6.375498830536234e-08
0.001046,0.02484375,0.496875,999.9999999425659,6.429300190490099e-08
0.001046,0.024947916666666667,0.49895833333333334,999.9999999311603,6.483327606577895e-08
0.001046,0.025052083333333336,0.5010416666666667,999.9999999175471,6.537581078800022e-08
0.001046,0.02515625,0.503125,999.9999999013104,6.592060607156815e-08
0.001046,0.025260416666666667,0.5052083333333333,999.9999998819583,6.646766191647259e-08
0.001046,0.025364583333333336,0.5072916666666667,999.999999858909,6.70169783227237e-08
0.001046,0.025468750000000002,0.509375,999.9999998314751,6.756855529031811e-08
0.001046,0.025572916666666667,0.5114583333333333,999.9999997988465,6.812239281925015e-08
0.001046,0.025677083333333336,0.5135416666666667,999.9999997600659,6.867849090952886e-08
0.001046,0.025781250000000002,0.515625,999.9999997140063,6.923684956115198e-08
0.001046,0.025885416666666668,0.5177083333333333,999.9999996593403,6.97974687741116e-08
0.001046,0.025989583333333337,0.5197916666666667,999.9999995945047,7.036034854841792e-08
0.001046,0.02609375,0.521875,999.999999517663,7.092548888406525e-08
0.001046,0.026197916666666668,0.5239583333333333,999.9999994266561,7.149288978105813e-08
0.001046,0.026302083333333337,0.5260416666666667,999.9999993189494,7.206255123938978e-08
0.001046,0.02640625,0.528125,999.9999991915685,7.263447325906583e-08
0.001046,0.026510416666666668,0.5302083333333333,999.999999041027,7.320865584008631e-08
0.001046,0.026614583333333337,0.5322916666666667,999.9999988632404,7.378509898244554e-08
0.001046,0.02671875,0.5343749999999999,999.9999986534275,7.43638026861492e-08
0.001046,0.02682291666666667,0.5364583333333334,999.9999984059948,7.494476695119727e-08
0.001046,0.026927083333333338,0.5385416666666667,999.9999981144068,7.55279917775841e-08
0.001046,0.02703125,0.5406249999999999,999.9999977710287,7.611347716531649e-08
0.001046,0.02713541666666667,0.5427083333333333,999.9999973669503,7.670122311439215e-08
0.001046,0.027239583333333338,0.5447916666666667,999.9999968917826,7.729122962480546e-08
0.001046,0.02734375,0.546875,999.9999963334186,7.788349669656657e-08
0.001046,0.02744791666666667,0.5489583333333333,999.9999956777622,7.847802432966643e-08
0.001046,0.027552083333333335,0.5510416666666667,999.9999949084126,7.907481252411525e-08
0.001046,0.02765625,0.553125,999.9999940063036,7.967386127989829e-08
0.001046,0.02776041666666667,0.5552083333333333,999.9999929492863,8.027517059702915e-08
0.001046,0.027864583333333335,0.5572916666666666,999.999991711651,8.08787404755033e-08
0.001046,0.02796875,0.559375,999.9999902635778,8.148457091531509e-08
0.001046,0.02807291666666667,0.5614583333333334,999.9999885705063,8.209266191647354e-08
0.001046,0.028177083333333335,0.5635416666666667,999.9999865924121,8.270301347897527e-08
0.001046,0.02828125,0.5656249999999999,999.9999842829807,8.331562560281578e-08
0.001046,0.02838541666666667,0.5677083333333334,999.9999815886597,8.393049828800071e-08
0.001046,0.028489583333333336,0.5697916666666667,999.9999784475755,8.454763153453117e-08
0.001046,0.02859375,0.571875,999.9999747882954,8.516702534239815e-08
0.001046,0.02869791666666667,0.5739583333333333,999.9999705284174,8.57886797116118e-08
0.001046,0.028802083333333332,0.5760416666666666,999.9999655729575,8.641259464216759e-08
0.001046,0.02890625,0.578125,999.9999598125164,8.703877013406895e-08
0.001046,0.02901041666666667,0.5802083333333333,999.9999531211876,8.766720618730567e-08
0.001046,0.029114583333333333,0.5822916666666667,999.9999453541835,8.82979028018902e-08
0.001046,0.02921875,0.584375,999.9999363451326,8.8930859977818e-08
0.001046,0.02932291666666667,0.5864583333333334,999.999925903013,8.956607771508346e-08
0.001046,0.029427083333333333,0.5885416666666666,999.9999138086729,9.020355601369559e-08
0.001046,0.029531250000000002,0.590625,999.9998998108865,9.084329487365213e-08
0.001046,0.02963541666666667,0.5927083333333334,999.9998836218878,9.148529429494518e-08
0.001046,0.029739583333333333,0.5947916666666666,999.9998649123148,9.212955427758376e-08
0.001046,0.029843750000000002,0.596875,999.9998433054989,9.277607482156791e-08
0.001046,0.02994791666666667,0.5989583333333334,999.9998183710086,9.342485592688967e-08
0.001046,0.030052083333333333,0.6010416666666666,999.9997896173691,9.407589759355586e-08
0.001046,0.030156250000000002,0.603125,999.9997564838496,9.472919982156533e-08
0.001046,0.030260416666666668,0.6052083333333333,999.9997183312174,9.538476261092148e-08
0.001046,0.030364583333333334,0.6072916666666667,999.9996744313247,9.604258596161075e-08
0.001046,0.030468750000000003,0.609375,999.9996239554074,9.670266987364895e-08
0.001046,0.03057291666666667,0.6114583333333333,999.999565960936,9.736501434703157e-08
0.001046,0.030677083333333334,0.6135416666666667,999.9994993768584,9.802961938175069e-08
0.001046,0.030781250000000003,0.615625,999.9994229870508,9.869648497781536e-08
0.001046,0.03088541666666667,0.6177083333333333,999.9993354117806,9.936561113522669e-08
0.001046,0.030989583333333334,0.6197916666666666,999.9992350869537,1.0003699785397228e-07
0.001046,0.031093750000000003,0.6218750000000001,999.9991202409138,1.0071064513406568e-07
0.001046,0.031197916666666665,0.6239583333333333,999.9989888685171,1.0138655297550009e-07
0.001046,0.031302083333333335,0.6260416666666666,999.9988387021971,1.0206472137828118e-07
0.001046,0.031406250000000004,0.628125,999.9986671796993,1.027451503424033e-07
0.001046,0.031510416666666666,0.6302083333333333,999.9984714081344,1.0342783986785854e-07
0.001046,0.031614583333333335,0.6322916666666667,999.9982481239695,1.0411278995466949e-07
0.001046,0.031718750000000004,0.634375,999.9979936485389,1.0480000060281807e-07
0.001046,0.03182291666666667,0.6364583333333335,999.9977038386193,1.0548947181230429e-07
0.001046,0.031927083333333335,0.6385416666666667,999.9973740315772,1.0618120358314171e-07
0.001046,0.032031250000000004,0.640625,999.9969989845503,1.0687519591531901e-07
0.001046,0.032135416666666666,0.6427083333333333,999.9965728070739,1.0757144880882945e-07
0.001046,0.032239583333333335,0.6447916666666667,999.996088886526,1.0826996226370011e-07
0.001046,0.032343750000000004,0.6468750000000001,999.9955398056987,1.0897073627989485e-07
0.001046,0.03244791666666667,0.6489583333333333,999.994917251759,1.0967377085744755e-07
0.001046,0.032552083333333336,0.6510416666666666,999.9942119157939,1.103790659963379e-07
0.001046,0.03265625,0.653125,999.9934133820788,1.1108662169656136e-07
0.001046,0.03276041666666667,0.6552083333333333,999.9925100061362,1.117964379581428e-07
0.001046,0.032864583333333336,0.6572916666666667,999.991488780587,1.1250851478105962e-07
0.001046,0.032968750000000005,0.659375,999.9903351877164,1.1322285216531181e-07
0.001046,0.03307291666666667,0.6614583333333333,999.9890330376053,1.1393945011091971e-07
0.001046,0.033177083333333336,0.6635416666666667,999.9875642905938,1.1465830861786751e-07
0.001046,0.03328125,0.6656249999999999,999.9859088627579,1.1537942768614391e-07
0.001046,0.03338541666666667,0.6677083333333333,999.9840444129926,1.1610280731578055e-07
0.001046,0.033489583333333336,0.6697916666666667,999.9819461102046,1.1682844750675481e-07
0.001046,0.033593750000000006,0.6718750000000001,999.9795863790202,1.175563482590622e-07
0.001046,0.03369791666666667,0.6739583333333333,999.9769346223158,1.1828650957272528e-07
0.001046,0.03380208333333334,0.6760416666666667,999.9739569187784,1.1901893144772828e-07
0.001046,0.03390625,0.678125,999.9706156935985,1.1975361388405988e-07
0.001046,0.03401041666666667,0.6802083333333333,999.9668693602927,1.2049055688175396e-07
0.001046,0.03411458333333334,0.6822916666666667,999.9626719315418,1.212297604407834e-07
0.001046,0.034218750000000006,0.6843750000000001,999.957972596826,1.2197122456114373e-07
0.001046,0.03432291666666667,0.6864583333333333,999.9527152645228,1.2271494924286653e-07
0.001046,0.03442708333333334,0.6885416666666667,999.9468380660282,1.234609344859202e-07
0.001046,0.03453125,0.6906249999999999,999.9402728193453,1.242091802903115e-07
0.001046,0.03463541666666667,0.6927083333333334,999.9329444494787,1.2495968665605852e-07
0.001046,0.03473958333333334,0.6947916666666667,999.9247703628693,1.2571245358314543e-07
0.001046,0.03484375000000001,0.6968750000000001,999.9156597729896,1.2646748107156093e-07
0.001046,0.03494791666666667,0.6989583333333333,999.9055129741295,1.272247691213367e-07
0.001046,0.03505208333333333,0.7010416666666666,999.8942205603036,1.27984317732441e-07
0.001046,0.03515625,0.703125,999.8816625861189,1.2874612690490106e-07
0.001046,0.03526041666666667,0.7052083333333333,999.8677076663639,1.29510196638701e-07
0.001046,0.03536458333333334,0.7072916666666668,999.8522120110085,1.302765269338273e-07
0.001046,0.03546875,0.709375,999.835018392236,1.310451177903206e-07
0.001046,0.03557291666666667,0.7114583333333333,999.8159550400841,1.318159692081425e-07
0.001046,0.03567708333333333,0.7135416666666666,999.7948344632314,1.3258908118730204e-07
0.001046,0.03578125,0.715625,999.7714521914492,1.3336445372781952e-07
0.001046,0.03588541666666667,0.7177083333333334,999.7455854362256,1.3414208682967015e-07
0.001046,0.03598958333333334,0.7197916666666667,999.7169916660953,1.349219804928584e-07
0.001046,0.03609375,0.7218749999999999,999.685407093235,1.3570413471740238e-07
0.001046,0.03619791666666667,0.7239583333333334,999.6505450679483,1.3648854950328173e-07
0.001046,0.03630208333333333,0.7260416666666666,999.6120943777493,1.3727522485049645e-07
0.001046,0.03640625,0.728125,999.5697174478642,1.3806416075906914e-07
0.001046,0.03651041666666667,0.7302083333333333,999.5230484401108,1.3885535722897723e-07
0.001046,0.03661458333333334,0.7322916666666668,999.4716912472916,1.3964881426021842e-07
0.001046,0.03671875,0.734375,999.4152173804453,1.4044453185281983e-07
0.001046,0.03682291666666667,0.7364583333333333,999.3531637465392,1.4124251000675439e-07
0.001046,0.03692708333333333,0.7385416666666667,999.2850303144718,1.4204274872202204e-07
0.001046,0.03703125,0.740625,999.2102776675756,1.4284524799865444e-07
0.001046,0.03713541666666667,0.7427083333333334,999.1283244411757,1.4365000783661544e-07
0.001046,0.03723958333333334,0.7447916666666667,999.0385446441651,1.4445702823591183e-07
0.001046,0.03734375,0.746875,998.940264864018,1.452663091965707e-07
0.001046,0.03744791666666667,0.7489583333333334,998.8327613551612,1.4607785071856045e-07
0.001046,0.03755208333333333,0.7510416666666666,998.7152570111733,1.4689165280188328e-07
0.001046,0.03765625,0.753125,998.5869182218905,1.4770771544656862e-07
0.001046,0.03776041666666667,0.7552083333333334,998.4468516171455,1.4852603865258936e-07
0.001046,0.03786458333333334,0.7572916666666668,998.2941006995661,1.4934662241993866e-07
0.001046,0.03796875,0.759375,998.1276423696327,1.50169466748655e-07
0.001046,0.038072916666666665,0.7614583333333332,997.9463833469861,1.509945716386886e-07
0.001046,0.038177083333333334,0.7635416666666667,997.7491564928513,1.51821937090087e-07
0.001046,0.03828125,0.765625,997.5347170393484,1.5265156310282076e-07
0.001046,0.03838541666666667,0.7677083333333334,997.3017387324297,1.534834496768831e-07
0.001046,0.038489583333333334,0.7697916666666667,997.0488098961931,1.5431759681231247e-07
0.001046,0.03859375,0.771875,996.7744294273733,1.5515400450906818e-07
0.001046,0.038697916666666665,0.7739583333333333,996.4770027299259,1.559926727671615e-07
0.001046,0.038802083333333334,0.7760416666666666,996.1548376007518,1.5683360158661735e-07
0.001046,0.03890625,0.7781250000000001,995.8061400787936,1.5767679096740403e-07
0.001046,0.03901041666666667,0.7802083333333334,995.4290102709481,1.5852224090952158e-07
0.001046,0.039114583333333335,0.7822916666666666,995.0214381694709,1.5936995141300613e-07
0.001046,0.039218750000000004,0.784375,994.5812994768268,1.6021992247781928e-07
0.001046,0.039322916666666666,0.7864583333333333,994.1063514551953,1.6107215410396782e-07
0.001046,0.039427083333333335,0.7885416666666667,993.594228819151,1.619266462914743e-07
0.001046,0.039531250000000004,0.790625,993.0424396913035,1.6278339904032073e-07
0.001046,0.03963541666666667,0.7927083333333335,992.4483616419835,1.63642412350498e-07
0.001046,0.039739583333333335,0.7947916666666667,991.8092378353201,1.645036862220332e-07
0.001046,0.039843750000000004,0.796875,991.1221733052919,1.653672206548993e-07
0.001046,0.039947916666666666,0.7989583333333333,990.384131386558,1.662330156491098e-07
0.001046,0.040052083333333335,0.8010416666666667,989.5919303260306,1.6710107120466923e-07
0.001046,0.040156250000000004,0.8031250000000001,988.7422401022613,1.6797138732157308e-07
0.001046,0.040260416666666674,0.8052083333333334,987.8315794807651,1.6884396399979875e-07
0.001046,0.040364583333333336,0.8072916666666666,986.8563133343657,1.6971880123939145e-07
0.001046,0.040468750000000005,0.8093750000000001,985.8126502585279,1.7059589904032401e-07
0.001046,0.04057291666666667,0.8114583333333333,984.6966405124208,1.714752574025739e-07
0.001046,0.040677083333333336,0.8135416666666667,983.5041743171146,1.723568763261998e-07
0.001046,0.040781250000000005,0.815625,982.2309805428517,1.7324075581114304e-07
0.001046,0.04088541666666667,0.8177083333333333,980.8726258177354,1.7412689585744878e-07
0.001046,0.040989583333333336,0.8197916666666667,979.424514090424,1.7501529646508985e-07
0.001046,0.04109375,0.8218749999999999,977.8818866795065,1.7590595763406183e-07
0.001046,0.04119791666666667,0.8239583333333333,976.2398228421415,1.7679887936439175e-07
0.001046,0.041302083333333336,0.8260416666666667,974.4932408942823,1.7769406165606157e-07
0.001046,0.041406250000000006,0.8281250000000001,972.6368999143199,1.7859150450905774e-07
0.001046,0.04151041666666667,0.8302083333333333,970.6654020613234,1.794912079234254e-07
0.001046,0.04161458333333334,0.8322916666666667,968.573195538148,1.8039317189911492e-07
0.001046,0.04171875,0.834375,966.3545782285763,1.8129739643614432e-07
0.001046,0.04182291666666667,0.8364583333333333,964.0037020363143,1.822038815345317e-07
0.001046,0.04192708333333334,0.8385416666666667,961.514577952075,1.8311262719425446e-07
0.001046,0.042031250000000006,0.8406250000000001,958.8810818731656,1.840236334153081e-07
0.001046,0.04213541666666667,0.8427083333333333,956.0969611979278,1.849369001977287e-07
0.001046,0.04223958333333334,0.8447916666666667,953.1558422150572,1.858524275414802e-07
0.001046,0.04234375,0.8468749999999999,950.0512383052809,1.86770215446558e-07
0.001046,0.04244791666666667,0.8489583333333334,946.7765589700483,1.8769026391300282e-07
0.001046,0.04255208333333334,0.8510416666666667,943.3251196988572,1.8861257294078756e-07
0.001046,0.04265625000000001,0.8531250000000001,939.6901526835449,1.895371425298896e-07
0.001046,0.04276041666666667,0.8552083333333333,935.8648183843552,1.9046397268036766e-07
0.001046,0.04286458333333334,0.8572916666666667,931.8422179488665,1.9139306339217206e-07
0.001046,0.04296875,0.859375,927.6154064809132,1.9232441466530734e-07
0.001046,0.04307291666666667,0.8614583333333333,923.1774071524943,1.9325802649981414e-07
0.001046,0.04317708333333334,0.8635416666666668,918.5212261473524,1.9419389889564276e-07
0.001046,0.04328125000000001,0.8656250000000001,913.6398684203998,1.9513203185280676e-07
0.001046,0.04338541666666667,0.8677083333333333,908.5263542525728,1.9607242537134228e-07
0.001046,0.04348958333333333,0.8697916666666666,903.1737365759169,1.970150794511861e-07
0.001046,0.04359375,0.871875,897.5751190388843,1.979599940924059e-07
0.001046,0.04369791666666667,0.8739583333333334,891.7236747768869,1.9890716929494757e-07
0.001046,0.04380208333333334,0.8760416666666667,885.6126658481948,1.9985660505882912e-07
0.001046,0.04390625,0.8781249999999999,879.2354632902828,2.0080830138406865e-07
0.001046,0.04401041666666667,0.8802083333333334,872.5855677467607,2.0176225827064356e-07
0.001046,0.04411458333333333,0.8822916666666666,865.6566306101031,2.0271847571854933e-07
0.001046,0.04421875,0.884375,858.4424756205328,2.0367695372782208e-07
0.001046,0.04432291666666667,0.8864583333333333,850.9371208567046,2.046376922984212e-07
0.001046,0.04442708333333334,0.8885416666666668,843.1348010492081,2.056006914303557e-07
0.001046,0.04453125,0.890625,835.0299901435368,2.0656595112365265e-07
0.001046,0.04463541666666667,0.8927083333333333,826.6174240349413,2.0753347137828502e-07
0.001046,0.04473958333333333,0.8947916666666667,817.892123393667,2.0850325219424372e-07
0.001046,0.04484375,0.896875,808.8494164953853,2.094752935715694e-07
0.001046,0.04494791666666667,0.8989583333333334,799.4849619683189,2.104495955102305e-07
0.001046,0.04505208333333334,0.9010416666666667,789.7947713655334,2.114261580102134e-07
0.001046,0.04515625,0.903125,779.775231468288,2.1240498107157234e-07
0.001046,0.04526041666666667,0.9052083333333334,769.4231262241236,2.1338606469425763e-07
0.001046,0.04536458333333333,0.9072916666666666,758.7356582216314,2.1436940887826928e-07
0.001046,0.04546875,0.909375,747.7104696025381,2.1535501362365242e-07
0.001046,0.04557291666666667,0.9114583333333334,736.3456623109847,2.1634287893037096e-07
0.001046,0.04567708333333334,0.9135416666666668,724.6398175795683,2.173330047984068e-07
0.001046,0.04578125,0.915625,712.5920145520026,2.1832539122782318e-07
0.001046,0.04588541666666667,0.9177083333333333,700.2018479430443,2.193200382185614e-07
0.001046,0.045989583333333334,0.9197916666666667,687.4694446377198,2.2031694577063048e-07
0.001046,0.04609375,0.921875,674.3954791338041,2.2131611388407109e-07
0.001046,0.04619791666666667,0.9239583333333334,660.9811877340619,2.2231754255884256e-07
0.001046,0.04630208333333334,0.9260416666666668,647.2283813978177,2.2332123179493585e-07
0.001046,0.04640625,0.928125,633.1394571651227,2.2432718159240517e-07
0.001046,0.046510416666666665,0.9302083333333333,618.717408071018,2.2533539195118278e-07
0.001046,0.046614583333333334,0.9322916666666666,603.9658314721994,2.2634586287134095e-07
0.001046,0.04671875,0.9343750000000001,588.8889357137302,2.2735859435282093e-07
0.001046,0.04682291666666667,0.9364583333333334,573.4915450693101,2.2837358639563176e-07
0.001046,0.046927083333333335,0.9385416666666666,557.7791028949968,2.2939083899981415e-07
0.001046,0.047031250000000004,0.940625,541.7576729431001,2.3041035216531832e-07
0.001046,0.047135416666666666,0.9427083333333333,525.433938790284,2.314321258921579e-07
0.001046,0.047239583333333335,0.9447916666666667,508.81520134156483,2.32456160180369e-07
0.001046,0.047343750000000004,0.946875,491.90937438001885,2.3348245502990644e-07
0.001046,0.04744791666666667,0.9489583333333335,474.72497814034597,2.345110104407702e-07
0.001046,0.047552083333333335,0.9510416666666667,457.2711308931626,2.3554182641300552e-07
0.001046,0.047656250000000004,0.953125,439.5575385357794,2.3657490294657168e-07
0.001046,0.047760416666666666,0.9552083333333333,421.5944821943466,2.376102400414642e-07
0.001046,0.047864583333333335,0.9572916666666667,403.3928038514375,2.386478376977282e-07
0.001046,0.047968750000000004,0.9593750000000001,384.9638900225141,2.3968769591532307e-07
0.001046,0.048072916666666674,0.9614583333333334,366.3196535139832,2.407298146942398e-07
0.001046,0.048177083333333336,0.9635416666666666,347.47251330490974,2.417741940345371e-07
0.001046,0.048281250000000005,0.9656250000000001,328.43537260361177,2.4282083393615617e-07
0.001046,0.04838541666666667,0.9677083333333333,309.2215951394784,2.438697343991016e-07
0.001046,0.048489583333333336,0.9697916666666667,289.84497975916804,2.449208954234231e-07
0.001046,0.048593750000000005,0.971875,270.3197334048345,2.459743170090709e-07
0.001046,0.048697916666666674,0.9739583333333335,250.66044256039783,2.470299991560451e-07
0.001046,0.048802083333333336,0.9760416666666667,230.88204326111426,2.480879418643998e-07
0.001046,0.048906250000000005,0.978125,210.9997897636467,2.4914814513407184e-07
0.001046,0.04901041666666667,0.9802083333333333,191.0292219848388,2.502106089650702e-07
0.001046,0.049114583333333336,0.9822916666666667,170.9861318770981,2.5127533335745364e-07
0.001046,0.049218750000000006,0.9843750000000001,150.88652858949771,2.5234231831114086e-07
0.001046,0.04932291666666667,0.9864583333333333,130.74660344672424,2.534115638261996e-07
0.001046,0.04942708333333334,0.9885416666666667,110.58269249856147,2.5448306990258915e-07
0.001046,0.04953125,0.990625,90.4112420326358,2.555568365403096e-07
0.001046,0.04963541666666667,0.9927083333333333,70.2487670511854,2.5663286373939703e-07
0.001046,0.04973958333333334,0.9947916666666667,50.11182025629289,2.5771115149981084e-07
0.001046,0.049843750000000006,0.9968750000000001,30.01694470184984,2.587916998215555e-07
0.001046,0.04994791666666667,0.9989583333333333,9.980648424736502,2.598745087046762e-07
0.002011,5.208333333333334e-05,0.0010416666666666667,1000.0000000000043,3.7676022376543216e-13
0.002011,0.00015625,0.0031249999999999997,1000.0000000000043,2.637321566358025e-12
0.002011,0.00026041666666666666,0.005208333333333333,1000.0000000000043,7.158444251543212e-12
0.002011,0.00036458333333333335,0.007291666666666667,1000.000000000004,1.394012827932099e-11
0.002011,0.00046875,0.009375,1000.0000000000043,2.2982373649691355e-11
0.002011,0.0005729166666666667,0.011458333333333333,1000.0000000000041,3.4285180362654335e-11
0.002011,0.0006770833333333334,0.013541666666666667,1000.0000000000039,4.784854841820988e-11
0.002011,0.00078125,0.015625,1000.0000000000035,6.367247781635804e-11
0.002011,0.0008854166666666667,0.017708333333333333,1000.0000000000036,8.175696855709879e-11
0.002011,0.0009895833333333334,0.019791666666666666,1000.0000000000042,1.0210202064043203e-10
0.002011,0.00109375,0.021875000000000002,1000.0000000000043,1.2470763406635805e-10
0.002011,0.0011979166666666666,0.02395833333333333,1000.0000000000047,1.4957380883487663e-10
0.002011,0.0013020833333333335,0.026041666666666668,1000.0000000000043,1.7670054494598758e-10
0.002011,0.00140625,0.028124999999999997,1000.0000000000041,2.0608784239969144e-10
0.002011,0.0015104166666666669,0.030208333333333337,1000.0000000000039,2.3773570119598785e-10
0.002011,0.0016145833333333333,0.03229166666666666,1000.0000000000038,2.7164412133487647e-10
0.002011,0.0017187500000000002,0.034375,1000.000000000004,3.0781310281635824e-10
0.002011,0.0018229166666666667,0.03645833333333333,1000.0000000000038,3.462426456404321e-10
0.002011,0.0019270833333333336,0.03854166666666667,1000.000000000004,3.869327498070989e-10
0.002011,0.00203125,0.040625,1000.0000000000041,4.298834153163573e-10
0.002011,0.0021354166666666665,0.04270833333333333,1000.0000000000036,4.750946421682109e-10
0.002011,0.0022395833333333334,0.04479166666666667,1000.0000000000038,5.225664303626536e-10
0.002011,0.0023437500000000003,0.04687500000000001,1000.0000000000039,5.722987798996925e-10
0.002011,0.002447916666666667,0.04895833333333333,1000.0000000000038,6.242916907793205e-10
0.002011,0.0025520833333333333,0.051041666666666666,1000.0000000000035,6.785451630015442e-10
0.002011,0.00265625,0.053125,1000.0000000000036,7.350591965663565e-10
0.002011,0.002760416666666667,0.05520833333333334,1000.0000000000033,7.938337914737678e-10
0.002011,0.0028645833333333336,0.05729166666666667,1000.0000000000022,8.548689477237637e-10
0.002011,0.00296875,0.059375,1000.0000000000013,9.18164665316361e-10
0.002011,0.003072916666666667,0.06145833333333334,1000.0000000000007,9.837209442515417e-10
0.002011,0.003177083333333334,0.06354166666666668,1000.0000000000003,1.0515377845293237e-09
0.002011,0.0032812500000000003,0.065625,1000.0,1.1216151861496883e-09
0.002011,0.0033854166666666668,0.06770833333333333,999.9999999999994,1.1939531491126517e-09
0.002011,0.0034895833333333333,0.06979166666666665,999.9999999999993,1.2685516734182142e-09
0.002011,0.00359375,0.071875,999.9999999999987,1.345410759066356e-09
0.002011,0.003697916666666667,0.07395833333333333,999.9999999999983,1.424530406057101e-09
0.002011,0.0038020833333333335,0.07604166666666666,999.9999999999981,1.5059106143904297e-09
0.002011,0.00390625,0.078125,999.9999999999974,1.5895513840663619e-09
0.002011,0.004010416666666667,0.08020833333333334,999.9999999999968,1.6754527150848731e-09
0.002011,0.004114583333333333,0.08229166666666665,999.9999999999964,1.7636146074459857e-09
0.002011,0.00421875,0.084375,999.9999999999956,1.8540370611497038e-09
0.002011,0.004322916666666668,0.08645833333333335,999.9999999999947,1.9467200761959833e-09
0.002011,0.004427083333333333,0.08854166666666666,999.9999999999937,2.0416636525848733e-09
0.002011,0.0045312500000000006,0.09062500000000001,999.9999999999936,2.138867790316355e-09
0.002011,0.004635416666666667,0.09270833333333334,999.9999999999934,2.2383324893904475e-09
0.002011,0.0047395833333333335,0.09479166666666666,999.9999999999932,2.3400577498070924e-09
0.002011,0.004843750000000001,0.09687500000000002,999.9999999999931,2.444043571566356e-09
0.002011,0.0049479166666666664,0.09895833333333333,999.9999999999927,2.5502899546682077e-09
0.002011,0.005052083333333334,0.10104166666666667,999.9999999999923,2.658796899112643e-09
0.002011,0.00515625,0.103125,999.9999999999915,2.7695644048997107e-09
0.002011,0.005260416666666667,0.10520833333333333,999.9999999999907,2.8825924720293132e-09
0.002011,0.005364583333333334,0.10729166666666667,999.9999999999905,2.997881100501539e-09
0.002011,0.00546875,0.10937499999999999,999.9999999999901,3.1154302903163524e-09
0.002011,0.005572916666666667,0.11145833333333334,999.9999999999902,3.2352400414737896e-09
0.002011,0.005677083333333334,0.11354166666666668,999.9999999999897,3.3573103539737616e-09
0.002011,0.00578125,0.11562499999999999,999.9999999999895,3.481641227816348e-09
0.002011,0.005885416666666667,0.11770833333333335,999.9999999999895,3.6082326630015406e-09
0.002011,0.005989583333333334,0.11979166666666667,999.9999999999895,3.737084659529347e-09
0.002011,0.00609375,0.121875,999.9999999999893,3.86819721739968e-09
0.002011,0.0061979166666666675,0.12395833333333335,999.9999999999891,4.001570336612654e-09
0.002011,0.006302083333333333,0.12604166666666666,999.9999999999897,4.137204017168198e-09
0.002011,0.0064062500000000005,0.128125,999.9999999999894,4.275098259066392e-09
0.002011,0.006510416666666668,0.13020833333333334,999.9999999999892,4.415253062307077e-09
0.002011,0.006614583333333333,0.13229166666666667,999.9999999999897,4.557668426890429e-09
0.002011,0.006718750000000001,0.134375,999.9999999999903,4.70234435281636e-09
0.002011,0.006822916666666666,0.13645833333333332,999.9999999999903,4.8492808400848535e-09
0.002011,0.006927083333333334,0.13854166666666667,999.9999999999903,4.9984778886960314e-09
0.002011,0.007031250000000001,0.140625,999.9999999999907,5.149935498649682e-09
0.002011,0.007135416666666667,0.14270833333333333,999.9999999999907,5.303653669945966e-09
0.002011,0.007239583333333334,0.14479166666666668,999.999999999991,5.4596324025848815e-09
0.002011,0.0073437500000000005,0.146875,999.9999999999912,5.617871696566394e-09
0.002011,0.007447916666666667,0.14895833333333333,999.9999999999909,5.7783715518904144e-09
0.002011,0.007552083333333334,0.15104166666666669,999.999999999991,5.941131968557085e-09
0.002011,0.00765625,0.15312499999999998,999.9999999999911,6.106152946566353e-09
0.002011,0.007760416666666667,0.15520833333333334,999.9999999999911,6.273434485918199e-09
0.002011,0.007864583333333335,0.1572916666666667,999.9999999999909,6.442976586612696e-09
0.002011,0.00796875,0.159375,999.9999999999906,6.614779248649736e-09
0.002011,0.008072916666666667,0.16145833333333334,999.9999999999906,6.788842472029249e-09
0.002011,0.008177083333333335,0.1635416666666667,999.9999999999908,6.965166256751589e-09
0.002011,0.00828125,0.165625,999.9999999999905,7.143750602816296e-09
0.002011,0.008385416666666666,0.16770833333333332,999.99999999999,7.324595510223794e-09
0.002011,0.008489583333333335,0.1697916666666667,999.9999999999893,7.507700978973836e-09
0.002011,0.00859375,0.171875,999.999999999988,7.693067009066281e-09
0.002011,0.008697916666666666,0.17395833333333333,999.9999999999864,7.880693600501587e-09
0.002011,0.008802083333333334,0.17604166666666665,999.9999999999842,8.070580753279225e-09
0.002011,0.008906250000000001,0.178125,999.9999999999812,8.26272846739976e-09
0.002011,0.009010416666666667,0.18020833333333333,999.9999999999778,8.457136742862698e-09
0.002011,0.009114583333333334,0.18229166666666666,999.9999999999739,8.653805579668144e-09
0.002011,0.009218750000000001,0.184375,999.9999999999691,8.852734977816417e-09
0.002011,0.009322916666666667,0.18645833333333334,999.9999999999637,9.053924937307163e-09
0.002011,0.009427083333333334,0.18854166666666666,999.9999999999575,9.257375458140312e-09
0.002011,0.009531250000000002,0.19062500000000002,999.9999999999503,9.463086540316427e-09
0.002011,0.009635416666666667,0.19270833333333334,999.9999999999417,9.67105818383477e-09
0.002011,0.009739583333333333,0.19479166666666664,999.9999999999316,9.88129038869608e-09
0.002011,0.009843750000000002,0.19687500000000002,999.9999999999202,1.009378315489972e-08
0.002011,0.009947916666666667,0.19895833333333335,999.999999999907,1.0308536482445941e-08
0.002011,0.010052083333333333,0.20104166666666665,999.999999999892,1.0525550371334883e-08
0.002011,0.01015625,0.203125,999.9999999998743,1.0744824821566263e-08
0.002011,0.010260416666666668,0.20520833333333335,999.9999999998536,1.0966359833140502e-08
0.002011,0.010364583333333333,0.20729166666666665,999.9999999998299,1.1190155406057182e-08
0.002011,0.01046875,0.209375,999.9999999998026,1.1416211540316228e-08
0.002011,0.010572916666666668,0.21145833333333336,999.9999999997713,1.1644528235918276e-08
0.002011,0.010677083333333334,0.21354166666666666,999.9999999997353,1.1875105492862764e-08
0.002011,0.010781250000000001,0.215625,999.9999999996937,1.2107943311149548e-08
0.002011,0.010885416666666668,0.21770833333333336,999.999999999646,1.2343041690779405e-08
0.002011,0.010989583333333334,0.21979166666666666,999.9999999995914,1.2580400631751417e-08
0.002011,0.01109375,0.221875,999.9999999995281,1.2820020134066432e-08
0.002011,0.011197916666666669,0.22395833333333337,999.999999999455,1.3061900197723885e-08
0.002011,0.011302083333333334,0.22604166666666667,999.9999999993712,1.3306040822723636e-08
0.002011,0.01140625,0.228125,999.9999999992749,1.3552442009066458e-08
0.002011,0.011510416666666669,0.23020833333333338,999.9999999991643,1.380110375675165e-08
0.002011,0.011614583333333334,0.23229166666666667,999.9999999990371,1.4052026065779137e-08
0.002011,0.01171875,0.234375,999.9999999988919,1.4305208936149768e-08
0.002011,0.011822916666666667,0.23645833333333333,999.9999999987252,1.4560652367862555e-08
0.002011,0.011927083333333335,0.23854166666666668,999.9999999985341,1.4818356360918274e-08
0.002011,0.01203125,0.240625,999.9999999983149,1.5078320915316502e-08
0.002011,0.012135416666666668,0.24270833333333333,999.9999999980639,1.5340546031056886e-08
0.002011,0.012239583333333335,0.24479166666666669,999.999999997777,1.5605031708140554e-08
0.002011,0.01234375,0.246875,999.9999999974488,1.5871777946566237e-08
0.002011,0.012447916666666666,0.2489583333333333,999.9999999970732,1.6140784746334993e-08
0.002011,0.012552083333333335,0.25104166666666666,999.999999996644,1.6412052107446045e-08
0.002011,0.01265625,0.253125,999.9999999961531,1.6685580029899538e-08
0.002011,0.012760416666666666,0.2552083333333333,999.9999999955918,1.6961368513696032e-08
0.002011,0.012864583333333336,0.2572916666666667,999.9999999949506,1.7239417558835103e-08
0.002011,0.012968750000000001,0.259375,999.999999994218,1.751972716531619e-08
0.002011,0.013072916666666667,0.2614583333333333,999.9999999933818,1.7802297333140422e-08
0.002011,0.013177083333333334,0.2635416666666667,999.9999999924271,1.808712806230695e-08
0.002011,0.013281250000000001,0.265625,999.9999999913381,1.837421935281648e-08
0.002011,0.013385416666666667,0.2677083333333333,999.9999999900957,1.866357120466831e-08
0.002011,0.013489583333333334,0.26979166666666665,999.9999999886793,1.8955183617862574e-08
0.002011,0.013593750000000002,0.27187500000000003,999.999999987065,1.92490565923997e-08
0.002011,0.013697916666666667,0.2739583333333333,999.9999999852253,1.9545190128279125e-08
0.002011,0.013802083333333333,0.27604166666666663,999.9999999831297,1.9843584225501692e-08
0.002011,0.013906250000000002,0.278125,999.9999999807433,2.0144238884066556e-08
0.002011,0.014010416666666668,0.28020833333333334,999.9999999780264,2.0447154103973576e-08
0.002011,0.014114583333333333,0.28229166666666666,999.9999999749352,2.075232988522388e-08
0.002011,0.014218750000000002,0.28437500000000004,999.999999971419,2.1059766227816485e-08
0.002011,0.014322916666666668,0.2864583333333333,999.9999999674211,2.1369463131751243e-08
0.002011,0.014427083333333333,0.28854166666666664,999.9999999628756,2.1681420597029567e-08
0.002011,0.01453125,0.290625,999.9999999577112,2.1995638623649482e-08
0.002011,0.014635416666666668,0.29270833333333335,999.9999999518445,2.2312117211612685e-08
0.002011,0.014739583333333334,0.2947916666666667,999.9999999451815,2.2630856360918465e-08
0.002011,0.014843750000000001,0.296875,999.9999999376175,2.2951856071566118e-08
0.002011,0.014947916666666668,0.2989583333333333,999.9999999290335,2.3275116343557198e-08
0.002011,0.015052083333333334,0.30104166666666665,999.9999999192953,2.360063717689015e-08
0.002011,0.01515625,0.303125,999.9999999082517,2.392841857156653e-08
0.002011,0.015260416666666669,0.30520833333333336,999.9999998957315,2.4258460527585065e-08
0.002011,0.015364583333333334,0.3072916666666667,999.9999998815427,2.4590763044945754e-08
0.002011,0.01546875,0.30937499999999996,999.9999998654686,2.492532612364987e-08
0.002011,0.015572916666666667,0.31145833333333334,999.9999998472647,2.526214976369572e-08
0.002011,0.015677083333333335,0.31354166666666666,999.9999998266557,2.560123396508556e-08
0.002011,0.015781250000000004,0.31562500000000004,999.9999998033322,2.5942578727816002e-08
0.002011,0.015885416666666666,0.3177083333333333,999.9999997769462,2.6286184051890294e-08
0.002011,0.015989583333333335,0.3197916666666667,999.9999997471051,2.663204993730759e-08
0.002011,0.016093750000000004,0.3218750000000001,999.9999997133689,2.6980176384066193e-08
0.002011,0.016197916666666666,0.3239583333333333,999.9999996752424,2.73305633921678e-08
0.002011,0.016302083333333335,0.3260416666666667,999.99999963217,2.768321096161241e-08
0.002011,0.01640625,0.328125,999.999999583527,2.8038119092400304e-08
0.002011,0.016510416666666666,0.3302083333333333,999.999999528611,2.839528778452894e-08
0.002011,0.016614583333333335,0.3322916666666667,999.999999466636,2.875471703800143e-08
0.002011,0.01671875,0.334375,999.9999993967194,2.911640685281692e-08
0.002011,0.016822916666666667,0.3364583333333333,999.9999993178716,2.9480357228973435e-08
0.002011,0.016927083333333336,0.3385416666666667,999.9999992289828,2.9846568166473517e-08
0.002011,0.01703125,0.340625,999.99999912881,3.021503966531717e-08
0.002011,0.017135416666666667,0.34270833333333334,999.9999990159605,3.0585771725501285e-08
0.002011,0.017239583333333336,0.3447916666666667,999.9999988888767,3.0958764347028965e-08
0.002011,0.01734375,0.346875,999.9999987458119,3.133401752990049e-08
0.002011,0.017447916666666667,0.3489583333333333,999.9999985848151,3.17115312741122e-08
0.002011,0.017552083333333336,0.3510416666666667,999.9999984037032,3.209130557966776e-08
0.002011,0.01765625,0.35312499999999997,999.9999982000353,3.247334044656604e-08
0.002011,0.017760416666666667,0.35520833333333335,999.9999979710852,3.285763587480789e-08
0.002011,0.017864583333333336,0.35729166666666673,999.9999977138064,3.3244191864390195e-08
0.002011,0.01796875,0.35937499999999994,999.9999974247969,3.363300841531607e-08
0.002011,0.018072916666666668,0.3614583333333333,999.9999971002602,3.4024085527585514e-08
0.002011,0.018177083333333337,0.3635416666666667,999.9999967359603,3.44174232011957e-08
0.002011,0.01828125,0.365625,999.999996327172,3.481302143614945e-08
0.002011,0.018385416666666668,0.36770833333333336,999.9999958686284,3.5210880232446777e-08
0.002011,0.018489583333333337,0.36979166666666674,999.9999953544587,3.561099959008456e-08
0.002011,0.01859375,0.37187499999999996,999.9999947781233,3.601337950906591e-08
0.002011,0.018697916666666668,0.37395833333333334,999.9999941323398,3.641801998939139e-08
0.002011,0.018802083333333337,0.3760416666666667,999.9999934090011,3.682492103105649e-08
0.002011,0.01890625,0.378125,999.999992599088,3.7234082634066e-08
0.002011,0.01901041666666667,0.38020833333333337,999.9999916925668,3.7645504798417954e-08
0.002011,0.019114583333333334,0.38229166666666664,999.9999906782823,3.805918752411347e-08
0.002011,0.01921875,0.38437499999999997,999.9999895438368,3.847513081114945e-08
0.002011,0.01932291666666667,0.38645833333333335,999.9999882754566,3.889333465952871e-08
0.002011,0.019427083333333334,0.3885416666666667,999.9999868578459,3.931379906925267e-08
0.002011,0.01953125,0.390625,999.999985274024,3.9736524040315963e-08
0.002011,0.01963541666666667,0.3927083333333334,999.9999835051495,4.016150957272339e-08
0.002011,0.019739583333333335,0.39479166666666665,999.9999815303222,4.058875566647438e-08
0.002011,0.01984375,0.396875,999.9999793263697,4.10182623215664e-08
0.002011,0.01994791666666667,0.39895833333333336,999.9999768676081,4.145002953800114e-08
0.002011,0.020052083333333335,0.4010416666666667,999.9999741255818,4.188405731578029e-08
0.002011,0.02015625,0.403125,999.9999710687789,4.2320345654898775e-08
0.002011,0.02026041666666667,0.4052083333333334,999.9999676623135,4.275889455536224e-08
0.002011,0.020364583333333332,0.4072916666666666,999.9999638675821,4.319970401716786e-08
0.002011,0.02046875,0.409375,999.999959641885,4.364277404031733e-08
0.002011,0.02057291666666667,0.41145833333333337,999.9999549380076,4.40881046248067e-08
0.002011,0.020677083333333332,0.41354166666666664,999.9999497037667,4.4535695770639914e-08
0.002011,0.02078125,0.415625,999.9999438815095,4.498554747781754e-08
0.002011,0.02088541666666667,0.4177083333333334,999.9999374075662,4.543765974633451e-08
0.002011,0.020989583333333332,0.4197916666666666,999.9999302116495,4.5892032576195316e-08
0.002011,0.02109375,0.421875,999.9999222161986,4.634866596740111e-08
0.002011,0.02119791666666667,0.4239583333333334,999.9999133356615,4.6807559919945106e-08
0.002011,0.021302083333333333,0.42604166666666665,999.999903475708,4.7268714433834645e-08
0.002011,0.02140625,0.42812500000000003,999.9998925323715,4.773212950906747e-08
0.002011,0.02151041666666667,0.4302083333333334,999.999880391112,4.819780514564019e-08
0.002011,0.021614583333333333,0.43229166666666663,999.9998669257903,4.8665741343556193e-08
0.002011,0.021718750000000002,0.434375,999.9998519975505,4.9135938102816046e-08
0.002011,0.021822916666666668,0.43645833333333334,999.9998354536,4.9608395423419184e-08
0.002011,0.021927083333333333,0.43854166666666666,999.9998171258766,5.0083113305362225e-08
0.002011,0.022031250000000002,0.44062500000000004,999.9997968296007,5.056009174864911e-08
0.002011,0.022135416666666668,0.4427083333333333,999.9997743616924,5.103933075328041e-08
0.002011,0.022239583333333333,0.44479166666666664,999.9997494990517,5.1520830319251046e-08
0.002011,0.022343750000000002,0.446875,999.9997219966846,5.200459044656609e-08
0.002011,0.022447916666666668,0.44895833333333335,999.9996915856623,5.249061113522499e-08
0.002011,0.022552083333333334,0.4510416666666667,999.9996579709047,5.297889238522322e-08
0.002011,0.022656250000000003,0.45312500000000006,999.9996208287697,5.346943419656586e-08
0.002011,0.02276041666666667,0.4552083333333333,999.9995798044353,5.396223656925292e-08
0.002011,0.022864583333333334,0.45729166666666665,999.9995345090513,5.445729950327875e-08
0.002011,0.022968750000000003,0.45937500000000003,999.9994845166547,5.495462299864899e-08
0.002011,0.02307291666666667,0.46145833333333336,999.999429360817,5.545420705536421e-08
0.002011,0.023177083333333334,0.4635416666666667,999.9993685310119,5.595605167341763e-08
0.002011,0.023281250000000003,0.46562500000000007,999.9993014686737,5.646015685281546e-08
0.002011,0.023385416666666665,0.4677083333333333,999.9992275629307,5.696652259355659e-08
0.002011,0.023489583333333335,0.46979166666666666,999.9991461459825,5.747514889564156e-08
0.002011,0.023593750000000004,0.47187500000000004,999.9990564880974,5.7986035759065864e-08
0.002011,0.023697916666666666,0.4739583333333333,999.9989577921958,5.849918318383458e-08
0.002011,0.023802083333333335,0.4760416666666667,999.9988491879992,5.901459116994715e-08
0.002011,0.023906250000000004,0.4781250000000001,999.9987297256997,5.953225971739905e-08
0.002011,0.024010416666666666,0.4802083333333333,999.9985983691248,6.005218882619536e-08
0.002011,0.024114583333333335,0.4822916666666667,999.9984539883523,6.057437849633666e-08
0.002011,0.024218750000000004,0.48437500000000006,999.9982953517435,6.109882872781558e-08
0.002011,0.024322916666666666,0.4864583333333333,999.9981211173442,6.16255395206395e-08
0.002011,0.024427083333333335,0.4885416666666667,999.9979298236167,6.215451087480896e-08
0.002011,0.024531250000000004,0.4906250000000001,999.9977198794484,6.268574279031548e-08
0.002011,0.024635416666666667,0.4927083333333333,999.9974895533873,6.321923526716756e-08
0.002011,0.024739583333333336,0.4947916666666667,999.9972369620559,6.375498830536234e-08
0.002011,0.02484375,0.496875,999.9969600576806,6.429300190490099e-08
0.002011,0.024947916666666667,0.49895833333333334,999.9966566146753,6.483327606577895e-08
0.002011,0.025052083333333336,0.5010416666666667,999.9963242152224,6.537581078800022e-08
0.002011,0.02515625,0.503125,999.9959602337733,6.592060607156815e-08
0.002011,0.025260416666666667,0.5052083333333333,999.9955618204064,6.646766191647259e-08
0.002011,0.025364583333333336,0.5072916666666667,999.9951258829575,6.70169783227237e-08
0.002011,0.025468750000000002,0.509375,999.9946490678511,6.756855529031811e-08
0.002011,0.025572916666666667,0.5114583333333333,999.9941277395403,6.812239281925015e-08
0.002011,0.025677083333333336,0.5135416666666667,999.9935579584716,6.867849090952886e-08
0.002011,0.025781250000000002,0.515625,999.9929354574759,6.923684956115198e-08
0.002011,0.025885416666666668,0.5177083333333333,999.9922556164939,6.97974687741116e-08
0.002011,0.025989583333333337,0.5197916666666667,999.9915134355191,7.036034854841792e-08
0.002011,0.02609375,0.521875,999.9907035056664,7.092548888406525e-08
0.002011,0.026197916666666668,0.5239583333333333,999.9898199782299,7.149288978105813e-08
0.002011,0.026302083333333337,0.5260416666666667,999.9888565316309,7.206255123938978e-08
0.002011,0.02640625,0.528125,999.9878063361103,7.263447325906583e-08
0.002011,0.026510416666666668,0.5302083333333333,999.9866620160478,7.320865584008631e-08
0.002011,0.026614583333333337,0.5322916666666667,999.985415609756,7.378509898244554e-08
0.002011,0.02671875,0.5343749999999999,999.9840585266112,7.43638026861492e-08
0.002011,0.02682291666666667,0.5364583333333334,999.9825815013693,7.494476695119727e-08
0.002011,0.026927083333333338,0.5385416666666667,999.9809745455015,7.55279917775841e-08
0.002011,0.02703125,0.5406249999999999,999.9792268953892,7.611347716531649e-08
0.002011,0.02713541666666667,0.5427083333333333,999.977326957206,7.670122311439215e-08
0.002011,0.027239583333333338,0.5447916666666667,999.9752622482968,7.729122962480546e-08
0.002011,0.02734375,0.546875,999.9730193348815,7.788349669656657e-08
0.002011,0.02744791666666667,0.5489583333333333,999.9705837658744,7.847802432966643e-08
0.002011,0.027552083333333335,0.5510416666666667,999.9679400026254,7.907481252411525e-08
0.002011,0.02765625,0.553125,999.9650713443685,7.967386127989829e-08
0.002011,0.02776041666666667,0.5552083333333333,999.9619598491608,8.027517059702915e-08
0.002011,0.027864583333333335,0.5572916666666666,999.9585862500873,8.08787404755033e-08
0.002011,0.02796875,0.559375,999.9549298664957,8.148457091531509e-08
0.002011,0.02807291666666667,0.5614583333333334,999.9509685100259,8.209266191647354e-08
0.002011,0.028177083333333335,0.5635416666666667,999.9466783851751,8.270301347897527e-08
0.002011,0.02828125,0.5656249999999999,999.9420339841516,8.331562560281578e-08
0.002011,0.02838541666666667,0.5677083333333334,999.9370079757526,8.393049828800071e-08
0.002011,0.028489583333333336,0.5697916666666667,999.9315710879845,8.454763153453117e-08
0.002011,0.02859375,0.571875,999.9256919841602,8.516702534239815e-08
0.002011,0.02869791666666667,0.5739583333333333,999.91933713218,8.57886797116118e-08
0.002011,0.028802083333333332,0.5760416666666666,999.9124706667055,8.641259464216759e-08
0.002011,0.02890625,0.578125,999.9050542439255,8.703877013406895e-08
0.002011,0.02901041666666667,0.5802083333333333,999.8970468886102,8.766720618730567e-08
0.002011,0.029114583333333333,0.5822916666666667,999.8884048331448,8.82979028018902e-08
0.002011,0.02921875,0.584375,999.8790813482169,8.8930859977818e-08
0.002011,0.02932291666666667,0.5864583333333334,999.8690265648485,8.956607771508346e-08
0.002011,0.029427083333333333,0.5885416666666666,999.8581872874331,9.020355601369559e-08
0.002011,0.029531250000000002,0.590625,999.8465067974587,9.084329487365213e-08
0.002011,0.02963541666666667,0.5927083333333334,999.8339246475754,9.148529429494518e-08
0.002011,0.029739583333333333,0.5947916666666666,999.8203764456737,9.212955427758376e-08
0.002011,0.029843750000000002,0.596875,999.8057936286384,9.277607482156791e-08
0.002011,0.02994791666666667,0.5989583333333334,999.7901032254352,9.342485592688967e-08
0.002011,0.030052083333333333,0.6010416666666666,999.7732276091905,9.407589759355586e-08
0.002011,0.030156250000000002,0.603125,999.7550842379289,9.472919982156533e-08
0.002011,0.030260416666666668,0.6052083333333333,999.7355853836325,9.538476261092148e-08
0.002011,0.030364583333333334,0.6072916666666667,999.714637849281,9.604258596161075e-08
0.002011,0.030468750000000003,0.609375,999.6921426735548,9.670266987364895e-08
0.002011,0.03057291666666667,0.6114583333333333,999.6679948228663,9.736501434703157e-08
0.002011,0.030677083333333334,0.6135416666666667,999.6420828704079,9.802961938175069e-08
0.002011,0.030781250000000003,0.615625,999.6142886619075,9.869648497781536e-08
0.002011,0.03088541666666667,0.6177083333333333,999.5844869677882,9.936561113522669e-08
0.002011,0.030989583333333334,0.6197916666666666,999.5525451214478,1.0003699785397228e-07
0.002011,0.031093750000000003,0.6218750000000001,999.518322643383,1.0071064513406568e-07
0.002011,0.031197916666666665,0.6239583333333333,999.4816708508904,1.0138655297550009e-07
0.002011,0.031302083333333335,0.6260416666666666,999.4424324531103,1.0206472137828118e-07
0.002011,0.031406250000000004,0.628125,999.400441131179,1.027451503424033e-07
0.002011,0.031510416666666666,0.6302083333333333,999.3555211032867,1.0342783986785854e-07
0.002011,0.031614583333333335,0.6322916666666667,999.3074866744562,1.0411278995466949e-07
0.002011,0.031718750000000004,0.634375,999.256141770887,1.0480000060281807e-07
0.002011,0.03182291666666667,0.6364583333333335,999.2012794587233,1.0548947181230429e-07
0.002011,0.031927083333333335,0.6385416666666667,999.1426814471533,1.0618120358314171e-07
0.002011,0.032031250000000004,0.640625,999.0801175757582,1.0687519591531901e-07
0.002011,0.032135416666666666,0.6427083333333333,999.0133452860746,1.0757144880882945e-07
0.002011,0.032239583333333335,0.6447916666666667,998.9421090773689,1.0826996226370011e-07
0.002011,0.032343750000000004,0.6468750000000001,998.8661399466538,1.0897073627989485e-07
0.002011,0.03244791666666667,0.6489583333333333,998.7851548130308,1.0967377085744755e-07
0.002011,0.032552083333333336,0.6510416666666666,998.6988559264686,1.103790659963379e-07
0.002011,0.03265625,0.653125,998.606930261193,1.1108662169656136e-07
0.002011,0.03276041666666667,0.6552083333333333,998.5090488938934,1.117964379581428e-07
0.002011,0.032864583333333336,0.6572916666666667,998.4048663670194,1.1250851478105962e-07
0.002011,0.032968750000000005,0.659375,998.2940200374823,1.1322285216531181e-07
0.002011,0.03307291666666667,0.6614583333333333,998.1761294111417,1.1393945011091971e-07
0.002011,0.033177083333333336,0.6635416666666667,998.0507954635093,1.1465830861786751e-07
0.002011,0.03328125,0.6656249999999999,997.9175999471705,1.1537942768614391e-07
0.002011,0.03338541666666667,0.6677083333333333,997.7761046864842,1.1610280731578055e-07
0.002011,0.033489583333333336,0.6697916666666667,997.6258508601936,1.1682844750675481e-07
0.002011,0.033593750000000006,0.6718750000000001,997.4663582726429,1.175563482590622e-07
0.002011,0.03369791666666667,0.6739583333333333,997.2971246143701,1.1828650957272528e-07
0.002011,0.03380208333333334,0.6760416666666667,997.1176247129289,1.1901893144772828e-07
0.002011,0.03390625,0.678125,996.9273097748503,1.1975361388405988e-07
0.002011,0.03401041666666667,0.6802083333333333,996.7256066197549,1.2049055688175396e-07
0.002011,0.03411458333333334,0.6822916666666667,996.511916907688,1.212297604407834e-07
0.002011,0.034218750000000006,0.6843750000000001,996.2856163608494,1.2197122456114373e-07
0.002011,0.03432291666666667,0.6864583333333333,996.0460539809595,1.2271494924286653e-07
0.002011,0.03442708333333334,0.6885416666666667,995.7925512636009,1.234609344859202e-07
0.002011,0.03453125,0.6906249999999999,995.5244014109516,1.242091802903115e-07
0.002011,0.03463541666666667,0.6927083333333334,995.2408685444254,1.2495968665605852e-07
0.002011,0.03473958333333334,0.6947916666666667,994.9411869188137,1.2571245358314543e-07
0.002011,0.03484375000000001,0.6968750000000001,994.6245601396204,1.2646748107156093e-07
0.002011,0.03494791666666667,0.6989583333333333,994.290160385368,1.272247691213367e-07
0.002011,0.03505208333333333,0.7010416666666666,993.9371276367501,1.27984317732441e-07
0.002011,0.03515625,0.703125,993.5645689145828,1.2874612690490106e-07
0.002011,0.03526041666666667,0.7052083333333333,993.171557528615,1.29510196638701e-07
0.002011,0.03536458333333334,0.7072916666666668,992.7571323393382,1.302765269338273e-07
0.002011,0.03546875,0.709375,992.3202970350187,1.310451177903206e-07
0.002011,0.03557291666666667,0.7114583333333333,991.8600194262782,1.318159692081425e-07
0.002011,0.03567708333333333,0.7135416666666666,991.375230760618,1.3258908118730204e-07
0.002011,0.03578125,0.715625,990.8648250593814,1.3336445372781952e-07
0.002011,0.03588541666666667,0.7177083333333334,990.3276584797126,1.3414208682967015e-07
0.002011,0.03598958333333334,0.7197916666666667,989.762548704165,1.349219804928584e-07
0.002011,0.03609375,0.7218749999999999,989.1682743606757,1.3570413471740238e-07
0.002011,0.03619791666666667,0.7239583333333334,988.5435744756974,1.3648854950328173e-07
0.002011,0.03630208333333333,0.7260416666666666,987.8871479633472,1.3727522485049645e-07
0.002011,0.03640625,0.728125,987.197653153495,1.3806416075906914e-07
0.002011,0.03651041666666667,0.7302083333333333,986.4737073617677,1.3885535722897723e-07
0.002011,0.03661458333333334,0.7322916666666668,985.7138865044998,1.3964881426021842e-07
0.002011,0.03671875,0.734375,984.9167247617089,1.4044453185281983e-07
0.002011,0.03682291666666667,0.7364583333333333,984.0807142912118,1.4124251000675439e-07
0.002011,0.03692708333333333,0.7385416666666667,983.204304997032,1.4204274872202204e-07
0.002011,0.03703125,0.740625,982.2859043552704,1.4284524799865444e-07
0.002011,0.03713541666666667,0.7427083333333334,981.3238773006374,1.4365000783661544e-07
0.002011,0.03723958333333334,0.7447916666666667,980.3165461768492,1.4445702823591183e-07
0.002011,0.03734375,0.746875,979.2621907540895,1.452663091965707e-07
0.002011,0.03744791666666667,0.7489583333333334,978.1590483167375,1.4607785071856045e-07
0.002011,0.03755208333333333,0.7510416666666666,977.0053138245419,1.4689165280188328e-07
0.002011,0.03765625,0.753125,975.7991401503966,1.4770771544656862e-07
0.002011,0.03776041666666667,0.7552083333333334,974.5386383978276,1.4852603865258936e-07
0.002011,0.03786458333333334,0.7572916666666668,973.2218783012723,1.4934662241993866e-07
0.002011,0.03796875,0.759375,971.8468887121516,1.50169466748655e-07
0.002011,0.038072916666666665,0.7614583333333332,970.4116581736808,1.509945716386886e-07
0.002011,0.038177083333333334,0.7635416666666667,968.914135587282,1.51821937090087e-07
0.002011,0.03828125,0.765625,967.3522309733592,1.5265156310282076e-07
0.002011,0.03838541666666667,0.7677083333333334,965.7238163291123,1.534834496768831e-07
0.002011,0.038489583333333334,0.7697916666666667,964.0267265859195,1.5431759681231247e-07
0.002011,0.03859375,0.771875,962.2587606687194,1.5515400450906818e-07
0.002011,0.038697916666666665,0.7739583333333333,960.4176826596636,1.559926727671615e-07
0.002011,0.038802083333333334,0.7760416666666666,958.5012230681589,1.5683360158661735e-07
0.002011,0.03890625,0.7781250000000001,956.5070802092597,1.5767679096740403e-07
0.002011,0.03901041666666667,0.7802083333333334,954.4329216921833,1.5852224090952158e-07
0.002011,0.039114583333333335,0.7822916666666666,952.2763860205316,1.5936995141300613e-07
0.002011,0.039218750000000004,0.784375,950.0350843055987,1.6021992247781928e-07
0.002011,0.039322916666666666,0.7864583333333333,947.7066020939327,1.6107215410396782e-07
0.002011,0.039427083333333335,0.7885416666666667,945.2885013100798,1.619266462914743e-07
0.002011,0.039531250000000004,0.790625,942.7783223152072,1.6278339904032073e-07
0.002011,0.03963541666666667,0.7927083333333335,940.1735860820493,1.63642412350498e-07
0.002011,0.039739583333333335,0.7947916666666667,937.4717964863521,1.645036862220332e-07
0.002011,0.039843750000000004,0.796875,934.6704427147213,1.653672206548993e-07
0.002011,0.039947916666666666,0.7989583333333333,931.7670017884966,1.662330156491098e-07
0.002011,0.040052083333333335,0.8010416666666667,928.7589412029746,1.6710107120466923e-07
0.002011,0.040156250000000004,0.8031250000000001,925.6437216810057,1.6797138732157308e-07
0.002011,0.040260416666666674,0.8052083333333334,922.4188000396712,1.6884396399979875e-07
0.002011,0.040364583333333336,0.8072916666666666,919.0816321684335,1.6971880123939145e-07
0.002011,0.040468750000000005,0.8093750000000001,915.6296761168171,1.7059589904032401e-07
0.002011,0.04057291666666667,0.8114583333333333,912.0603952893553,1.714752574025739e-07
0.002011,0.040677083333333336,0.8135416666666667,908.3712617451822,1.723568763261998e-07
0.002011,0.040781250000000005,0.815625,904.559759599325,1.7324075581114304e-07
0.002011,0.04088541666666667,0.8177083333333333,900.6233885223788,1.7412689585744878e-07
0.002011,0.040989583333333336,0.8197916666666667,896.5596673349199,1.7501529646508985e-07
0.002011,0.04109375,0.8218749999999999,892.3661376926505,1.7590595763406183e-07
0.002011,0.04119791666666667,0.8239583333333333,888.0403678578983,1.7679887936439175e-07
0.002011,0.041302083333333336,0.8260416666666667,883.57995655278,1.7769406165606157e-07
0.002011,0.041406250000000006,0.8281250000000001,878.9825368889396,1.7859150450905774e-07
0.002011,0.04151041666666667,0.8302083333333333,874.2457803684628,1.794912079234254e-07
0.002011,0.04161458333333334,0.8322916666666667,869.3674009501987,1.8039317189911492e-07
0.002011,0.04171875,0.834375,864.3451591753937,1.8129739643614432e-07
0.002011,0.04182291666666667,0.8364583333333333,859.1768663462005,1.822038815345317e-07
0.002011,0.04192708333333334,0.8385416666666667,853.860388750308,1.8311262719425446e-07
0.002011,0.042031250000000006,0.8406250000000001,848.3936519246073,1.840236334153081e-07
0.002011,0.04213541666666667,0.8427083333333333,842.7746449505221,1.849369001977287e-07
0.002011,0.04223958333333334,0.8447916666666667,837.0014247733138,1.858524275414802e-07
0.002011,0.04234375,0.8468749999999999,831.0721205374143,1.86770215446558e-07
0.002011,0.04244791666666667,0.8489583333333334,824.9849379295391,1.8769026391300282e-07
0.002011,0.04255208333333334,0.8510416666666667,818.738163521118,1.8861257294078756e-07
0.002011,0.04265625000000001,0.8531250000000001,812.330169101311,1.895371425298896e-07
0.002011,0.04276041666666667,0.8552083333333333,805.7594159916779,1.9046397268036766e-07
0.002011,0.04286458333333334,0.8572916666666667,799.0244593333621,1.9139306339217206e-07
0.002011,0.04296875,0.859375,792.1239523374753,1.9232441466530734e-07
0.002011,0.04307291666666667,0.8614583333333333,785.0566504891997,1.9325802649981414e-07
0.002011,0.04317708333333334,0.8635416666666668,777.8214156960073,1.9419389889564276e-07
0.002011,0.04328125000000001,0.8656250000000001,770.4172203702618,1.9513203185280676e-07
0.002011,0.04338541666666667,0.8677083333333333,762.843151436394,1.9607242537134228e-07
0.002011,0.04348958333333333,0.8697916666666666,755.0984142527781,1.970150794511861e-07
0.002011,0.04359375,0.871875,747.1823364383865,1.979599940924059e-07
0.002011,0.04369791666666667,0.8739583333333334,739.0943715943096,1.9890716929494757e-07
0.002011,0.04380208333333334,0.8760416666666667,730.8341029102212,1.9985660505882912e-07
0.002011,0.04390625,0.8781249999999999,722.4012466459351,2.0080830138406865e-07
0.002011,0.04401041666666667,0.8802083333333334,713.7956554782587,2.0176225827064356e-07
0.002011,0.04411458333333333,0.8822916666666666,705.0173217034632,2.0271847571854933e-07
0.002011,0.04421875,0.884375,696.0663802857995,2.0367695372782208e-07
0.002011,0.04432291666666667,0.8864583333333333,686.943111742686,2.046376922984212e-07
0.002011,0.04442708333333334,0.8885416666666668,677.6479448573441,2.056006914303557e-07
0.002011,0.04453125,0.890625,668.1814592099098,2.0656595112365265e-07
0.002011,0.04463541666666667,0.8927083333333333,658.5443875182817,2.0753347137828502e-07
0.002011,0.04473958333333333,0.8947916666666667,648.7376177802571,2.0850325219424372e-07
0.002011,0.04484375,0.896875,638.7621952087962,2.094752935715694e-07
0.002011,0.04494791666666667,0.8989583333333334,628.6193239526215,2.104495955102305e-07
0.002011,0.04505208333333334,0.9010416666666667,618.3103685946927,2.114261580102134e-07
0.002011,0.04515625,0.903125,607.8368554215156,2.1240498107157234e-07
0.002011,0.04526041666666667,0.9052083333333334,597.2004734566416,2.1338606469425763e-07
0.002011,0.04536458333333333,0.9072916666666666,586.4030752521858,2.1436940887826928e-07
0.002011,0.04546875,0.909375,575.4466774326244,2.1535501362365242e-07
0.002011,0.04557291666666667,0.9114583333333334,564.3334609856711,2.1634287893037096e-07
0.002011,0.04567708333333334,0.9135416666666668,553.0657712955066,2.173330047984068e-07
0.002011,0.04578125,0.915625,541.6461179142052,2.1832539122782318e-07
0.002011,0.04588541666666667,0.9177083333333333,530.0771740677384,2.193200382185614e-07
0.002011,0.045989583333333334,0.9197916666666667,518.3617758935384,2.2031694577063048e-07
0.002011,0.04609375,0.921875,506.5029214071581,2.2131611388407109e-07
0.002011,0.04619791666666667,0.9239583333333334,494.5037691962254,2.2231754255884256e-07
0.002011,0.04630208333333334,0.9260416666666668,482.36763684046355,2.2332123179493585e-07
0.002011,0.04640625,0.928125,470.09799905721945,2.2432718159240517e-07
0.002011,0.046510416666666665,0.9302083333333333,457.6984855725677,2.2533539195118278e-07
0.002011,0.046614583333333334,0.9322916666666666,445.1728787187244,2.2634586287134095e-07
0.002011,0.04671875,0.9343750000000001,432.5251107591572,2.2735859435282093e-07
0.002011,0.04682291666666667,0.9364583333333334,419.7592609434367,2.2837358639563176e-07
0.002011,0.046927083333333335,0.9385416666666666,406.87955229455946,2.2939083899981415e-07
0.002011,0.047031250000000004,0.940625,393.8903481321151,2.3041035216531832e-07
0.002011,0.047135416666666666,0.9427083333333333,380.79614833536203,2.314321258921579e-07
0.002011,0.047239583333333335,0.9447916666666667,367.60158535090136,2.32456160180369e-07
0.002011,0.047343750000000004,0.946875,354.3114199503347,2.3348245502990644e-07
0.002011,0.04744791666666667,0.9489583333333335,340.93053674389466,2.345110104407702e-07
0.002011,0.047552083333333335,0.9510416666666667,327.46393945670764,2.3554182641300552e-07
0.002011,0.047656250000000004,0.953125,313.91674597494307,2.3657490294657168e-07
0.002011,0.047760416666666666,0.9552083333333333,300.2941831697394,2.376102400414642e-07
0.002011,0.047864583333333335,0.9572916666666667,286.60158150735106,2.386478376977282e-07
0.002011,0.047968750000000004,0.9593750000000001,272.84436945457657,2.3968769591532307e-07
0.002011,0.048072916666666674,0.9614583333333334,259.02806768903935,2.407298146942398e-07
0.002011,0.048177083333333336,0.9635416666666666,245.15828312445055,2.417741940345371e-07
0.002011,0.048281250000000005,0.9656250000000001,231.240702761468,2.4282083393615617e-07
0.002011,0.04838541666666667,0.9677083333333333,217.28108737526722,2.438697343991016e-07
0.002011,0.048489583333333336,0.9697916666666667,203.28526505135395,2.449208954234231e-07
0.002011,0.048593750000000005,0.971875,189.25912458161758,2.459743170090709e-07
0.002011,0.048697916666666674,0.9739583333333335,175.20860873296544,2.470299991560451e-07
0.002011,0.048802083333333336,0.9760416666666667,161.13970740127488,2.480879418643998e-07
0.002011,0.048906250000000005,0.978125,147.05845066369855,2.4914814513407184e-07
0.002011,0.04901041666666667,0.9802083333333333,132.970901742673,2.502106089650702e-07
0.002011,0.049114583333333336,0.9822916666666667,118.88314989519705,2.5127533335745364e-07
0.002011,0.049218750000000006,0.9843750000000001,104.80130324121423,2.5234231831114086e-07
0.002011,0.04932291666666667,0.9864583333333333,90.73148154506218,2.534115638261996e-07
0.002011,0.04942708333333334,0.9885416666666667,76.67980896412836,2.5448306990258915e-07
0.002011,0.04953125,0.990625,62.65240677895,2.555568365403096e-07
0.002011,0.04963541666666667,0.9927083333333333,48.65538611903349,2.5663286373939703e-07
0.002011,0.04973958333333334,0.9947916666666667,34.69484069873802,2.5771115149981084e-07
0.002011,0.049843750000000006,0.9968750000000001,20.776839577508355,2.587916998215555e-07
0.002011,0.04994791666666667,0.9989583333333333,6.907419958718771,2.598745087046762e-07
0.002026,5.208333333333334e-05,0.0010416666666666667,1000.0000000000048,3.7676022376543216e-13
0.002026,0.00015625,0.0031249999999999997,1000.0000000000048,2.637321566358025e-12
0.002026,0.00026041666666666666,0.005208333333333333,1000.0000000000045,7.158444251543212e-12
0.002026,0.00036458333333333335,0.007291666666666667,1000.0000000000042,1.394012827932099e-11
0.002026,0.00046875,0.009375,1000.0000000000048,2.2982373649691355e-11
0.002026,0.0005729166666666667,0.011458333333333333,1000.0000000000045,3.4285180362654335e-11
0.002026,0.0006770833333333334,0.013541666666666667,1000.0000000000042,4.784854841820988e-11
0.002026,0.00078125,0.015625,1000.000000000004,6.367247781635804e-11
0.002026,0.0008854166666666667,0.017708333333333333,1000.0000000000039,8.175696855709879e-11
0.002026,0.0009895833333333334,0.019791666666666666,1000.0000000000042,1.0210202064043203e-10
0.002026,0.00109375,0.021875000000000002,1000.0000000000041,1.2470763406635805e-10
0.002026,0.0011979166666666666,0.02395833333333333,1000.0000000000044,1.4957380883487663e-10
0.002026,0.0013020833333333335,0.026041666666666668,1000.0000000000043,1.7670054494598758e-10
0.002026,0.00140625,0.028124999999999997,1000.0000000000043,2.0608784239969144e-10
0.002026,0.0015104166666666669,0.030208333333333337,1000.0000000000042,2.3773570119598785e-10
0.002026,0.0016145833333333333,0.03229166666666666,1000.0000000000039,2.7164412133487647e-10
0.002026,0.0017187500000000002,0.034375,1000.000000000004,3.0781310281635824e-10
0.002026,0.0018229166666666667,0.03645833333333333,1000.0000000000036,3.462426456404321e-10
0.002026,0.0019270833333333336,0.03854166666666667,1000.0000000000041,3.869327498070989e-10
0.002026,0.00203125,0.040625,1000.0000000000042,4.298834153163573e-10
0.002026,0.0021354166666666665,0.04270833333333333,1000.0000000000039,4.750946421682109e-10
0.002026,0.0022395833333333334,0.04479166666666667,1000.0000000000036,5.225664303626536e-10
0.002026,0.0023437500000000003,0.04687500000000001,1000.0000000000035,5.722987798996925e-10
0.002026,0.002447916666666667,0.04895833333333333,1000.0000000000033,6.242916907793205e-10
0.002026,0.0025520833333333333,0.051041666666666666,1000.0000000000031,6.785451630015442e-10
0.002026,0.00265625,0.053125,1000.0000000000031,7.350591965663565e-10
0.002026,0.002760416666666667,0.05520833333333334,1000.0000000000027,7.938337914737678e-10
0.002026,0.0028645833333333336,0.05729166666666667,1000.0000000000022,8.548689477237637e-10
0.002026,0.00296875,0.059375,1000.0000000000019,9.18164665316361e-10
0.002026,0.003072916666666667,0.06145833333333334,1000.0000000000011,9.837209442515417e-10
0.002026,0.003177083333333334,0.06354166666666668,1000.0000000000003,1.0515377845293237e-09
0.002026,0.0032812500000000003,0.065625,1000.0000000000001,1.1216151861496883e-09
0.002026,0.0033854166666666668,0.06770833333333333,999.9999999999995,1.1939531491126517e-09
0.002026,0.0034895833333333333,0.06979166666666665,999.9999999999993,1.2685516734182142e-09
0.002026,0.00359375,0.071875,999.9999999999987,1.345410759066356e-09
0.002026,0.003697916666666667,0.07395833333333333,999.9999999999984,1.424530406057101e-09
0.002026,0.0038020833333333335,0.07604166666666666,999.9999999999981,1.5059106143904297e-09
0.002026,0.00390625,0.078125,999.9999999999978,1.5895513840663619e-09
0.002026,0.004010416666666667,0.08020833333333334,999.9999999999973,1.6754527150848731e-09
0.002026,0.004114583333333333,0.08229166666666665,999.9999999999966,1.7636146074459857e-09
0.002026,0.00421875,0.084375,999.9999999999959,1.8540370611497038e-09
0.002026,0.004322916666666668,0.08645833333333335,999.9999999999949,1.9467200761959833e-09
0.002026,0.004427083333333333,0.08854166666666666,999.9999999999943,2.0416636525848733e-09
0.002026,0.0045312500000000006,0.09062500000000001,999.9999999999937,2.138867790316355e-09
0.002026,0.004635416666666667,0.09270833333333334,999.9999999999934,2.2383324893904475e-09
0.002026,0.0047395833333333335,0.09479166666666666,999.9999999999932,2.3400577498070924e-09
0.002026,0.004843750000000001,0.09687500000000002,999.9999999999931,2.444043571566356e-09
0.002026,0.0049479166666666664,0.09895833333333333,999.9999999999923,2.5502899546682077e-09
0.002026,0.005052083333333334,0.10104166666666667,999.9999999999917,2.658796899112643e-09
0.002026,0.00515625,0.103125,999.9999999999911,2.7695644048997107e-09
0.002026,0.005260416666666667,0.10520833333333333,999.9999999999907,2.8825924720293132e-09
0.002026,0.005364583333333334,0.10729166666666667,999.9999999999903,2.997881100501539e-09
0.002026,0.00546875,0.10937499999999999,999.99999999999,3.1154302903163524e-09
0.002026,0.005572916666666667,0.11145833333333334,999.9999999999898,3.2352400414737896e-09
0.002026,0.005677083333333334,0.11354166666666668,999.9999999999895,3.3573103539737616e-09
0.002026,0.00578125,0.11562499999999999,999.9999999999894,3.481641227816348e-09
0.002026,0.005885416666666667,0.11770833333333335,999.9999999999893,3.6082326630015406e-09
0.002026,0.005989583333333334,0.11979166666666667,999.9999999999895,3.737084659529347e-09
0.002026,0.00609375,0.121875,999.9999999999892,3.86819721739968e-09
0.002026,0.0061979166666666675,0.12395833333333335,999.9999999999892,4.001570336612654e-09
0.002026,0.006302083333333333,0.12604166666666666,999.9999999999893,4.137204017168198e-09
0.002026,0.0064062500000000005,0.128125,999.9999999999892,4.275098259066392e-09
0.002026,0.006510416666666668,0.13020833333333334,999.9999999999892,4.415253062307077e-09
0.002026,0.006614583333333333,0.13229166666666667,999.9999999999893,4.557668426890429e-09
0.002026,0.006718750000000001,0.134375,999.9999999999895,4.70234435281636e-09
0.002026,0.006822916666666666,0.13645833333333332,999.9999999999897,4.8492808400848535e-09
0.002026,0.006927083333333334,0.13854166666666667,999.9999999999897,4.9984778886960314e-09
0.002026,0.007031250000000001,0.140625,999.9999999999902,5.149935498649682e-09
0.002026,0.007135416666666667,0.14270833333333333,999.9999999999901,5.303653669945966e-09
0.002026,0.007239583333333334,0.14479166666666668,999.9999999999905,5.4596324025848815e-09
0.002026,0.0073437500000000005,0.146875,999.9999999999907,5.617871696566394e-09
0.002026,0.007447916666666667,0.14895833333333333,999.9999999999903,5.7783715518904144e-09
0.002026,0.007552083333333334,0.15104166666666669,999.9999999999901,5.941131968557085e-09
0.002026,0.00765625,0.15312499999999998,999.9999999999898,6.106152946566353e-09
0.002026,0.007760416666666667,0.15520833333333334,999.9999999999895,6.273434485918199e-09
0.002026,0.007864583333333335,0.1572916666666667,999.9999999999893,6.442976586612696e-09
0.002026,0.00796875,0.159375,999.9999999999889,6.614779248649736e-09
0.002026,0.008072916666666667,0.16145833333333334,999.9999999999887,6.788842472029249e-09
0.002026,0.008177083333333335,0.1635416666666667,999.9999999999883,6.965166256751589e-09
0.002026,0.00828125,0.165625,999.9999999999876,7.143750602816296e-09
0.002026,0.008385416666666666,0.16770833333333332,999.9999999999868,7.324595510223794e-09
0.002026,0.008489583333333335,0.1697916666666667,999.9999999999852,7.507700978973836e-09
0.002026,0.00859375,0.171875,999.9999999999834,7.693067009066281e-09
0.002026,0.008697916666666666,0.17395833333333333,999.9999999999811,7.880693600501587e-09
0.002026,0.008802083333333334,0.17604166666666665,999.9999999999784,8.070580753279225e-09
0.002026,0.008906250000000001,0.178125,999.9999999999748,8.26272846739976e-09
0.002026,0.009010416666666667,0.18020833333333333,999.9999999999706,8.457136742862698e-09
0.002026,0.009114583333333334,0.18229166666666666,999.9999999999653,8.653805579668144e-09
0.002026,0.009218750000000001,0.184375,999.9999999999594,8.852734977816417e-09
0.002026,0.009322916666666667,0.18645833333333334,999.9999999999527,9.053924937307163e-09
0.002026,0.009427083333333334,0.18854166666666666,999.999999999945,9.257375458140312e-09
0.002026,0.009531250000000002,0.19062500000000002,999.9999999999358,9.463086540316427e-09
0.002026,0.009635416666666667,0.19270833333333334,999.9999999999252,9.67105818383477e-09
0.002026,0.009739583333333333,0.19479166666666664,999.9999999999129,9.88129038869608e-09
0.002026,0.009843750000000002,0.19687500000000002,999.9999999998985,1.009378315489972e-08
0.002026,0.009947916666666667,0.19895833333333335,999.9999999998821,1.0308536482445941e-08
0.002026,0.010052083333333333,0.20104166666666665,999.9999999998632,1.0525550371334883e-08
0.002026,0.01015625,0.203125,999.9999999998413,1.0744824821566263e-08
0.002026,0.010260416666666668,0.20520833333333335,999.9999999998162,1.0966359833140502e-08
0.002026,0.010364583333333333,0.20729166666666665,999.999999999787,1.1190155406057182e-08
0.002026,0.01046875,0.209375,999.9999999997532,1.1416211540316228e-08
0.002026,0.010572916666666668,0.21145833333333336,999.999999999715,1.1644528235918276e-08
0.002026,0.010677083333333334,0.21354166666666666,999.999999999671,1.1875105492862764e-08
0.002026,0.010781250000000001,0.215625,999.99999999962,1.2107943311149548e-08
0.002026,0.010885416666666668,0.21770833333333336,999.9999999995615,1.2343041690779405e-08
0.002026,0.010989583333333334,0.21979166666666666,999.9999999994942,1.2580400631751417e-08
0.002026,0.01109375,0.221875,999.999999999417,1.2820020134066432e-08
0.002026,0.011197916666666669,0.22395833333333337,999.9999999993278,1.3061900197723885e-08
0.002026,0.011302083333333334,0.22604166666666667,999.9999999992255,1.3306040822723636e-08
0.002026,0.01140625,0.228125,999.9999999991082,1.3552442009066458e-08
0.002026,0.011510416666666669,0.23020833333333338,999.9999999989737,1.380110375675165e-08
0.002026,0.011614583333333334,0.23229166666666667,999.9999999988195,1.4052026065779137e-08
0.002026,0.01171875,0.234375,999.999999998643,1.4305208936149768e-08
0.002026,0.011822916666666667,0.23645833333333333,999.999999998441,1.4560652367862555e-08
0.002026,0.011927083333333335,0.23854166666666668,999.9999999982098,1.4818356360918274e-08
0.002026,0.01203125,0.240625,999.9999999979451,1.5078320915316502e-08
0.002026,0.012135416666666668,0.24270833333333333,999.9999999976427,1.5340546031056886e-08
0.002026,0.012239583333333335,0.24479166666666669,999.9999999972968,1.5605031708140554e-08
0.002026,0.01234375,0.246875,999.999999996901,1.5871777946566237e-08
0.002026,0.012447916666666666,0.2489583333333333,999.999999996449,1.6140784746334993e-08
0.002026,0.012552083333333335,0.25104166666666666,999.9999999959325,1.6412052107446045e-08
0.002026,0.01265625,0.253125,999.9999999953428,1.6685580029899538e-08
0.002026,0.012760416666666666,0.2552083333333333,999.9999999946693,1.6961368513696032e-08
0.002026,0.012864583333333336,0.2572916666666667,999.9999999939006,1.7239417558835103e-08
0.002026,0.012968750000000001,0.259375,999.9999999930233,1.751972716531619e-08
0.002026,0.013072916666666667,0.2614583333333333,999.9999999920227,1.7802297333140422e-08
0.002026,0.013177083333333334,0.2635416666666667,999.9999999908819,1.808712806230695e-08
0.002026,0.013281250000000001,0.265625,999.9999999895819,1.837421935281648e-08
0.002026,0.013385416666666667,0.2677083333333333,999.9999999881003,1.866357120466831e-08
0.002026,0.013489583333333334,0.26979166666666665,999.9999999864126,1.8955183617862574e-08
0.002026,0.013593750000000002,0.27187500000000003,999.9999999844905,1.92490565923997e-08
0.002026,0.013697916666666667,0.2739583333333333,999.9999999823024,1.9545190128279125e-08
0.002026,0.013802083333333333,0.27604166666666663,999.9999999798129,1.9843584225501692e-08
0.002026,0.013906250000000002,0.278125,999.9999999769808,2.0144238884066556e-08
0.002026,0.014010416666666668,0.28020833333333334,999.9999999737599,2.0447154103973576e-08
0.002026,0.014114583333333333,0.28229166666666666,999.999999970099,2.075232988522388e-08
0.002026,0.014218750000000002,0.28437500000000004,999.9999999659386,2.1059766227816485e-08
0.002026,0.014322916666666668,0.2864583333333333,999.9999999612122,2.1369463131751243e-08
0.002026,0.014427083333333333,0.28854166666666664,999.9999999558443,2.1681420597029567e-08
0.002026,0.01453125,0.290625,999.9999999497508,2.1995638623649482e-08
0.002026,0.014635416666666668,0.29270833333333335,999.9999999428354,2.2312117211612685e-08
0.002026,0.014739583333333334,0.2947916666666667,999.9999999349898,2.2630856360918465e-08
0.002026,0.014843750000000001,0.296875,999.9999999260918,2.2951856071566118e-08
0.002026,0.014947916666666668,0.2989583333333333,999.9999999160037,2.3275116343557198e-08
0.002026,0.015052083333333334,0.30104166666666665,999.99999990457,2.360063717689015e-08
0.002026,0.01515625,0.303125,999.9999998916161,2.392841857156653e-08
0.002026,0.015260416666666669,0.30520833333333336,999.9999998769443,2.4258460527585065e-08
0.002026,0.015364583333333334,0.3072916666666667,999.9999998603331,2.4590763044945754e-08
0.002026,0.01546875,0.30937499999999996,999.9999998415327,2.492532612364987e-08
0.002026,0.015572916666666667,0.31145833333333334,999.9999998202618,2.526214976369572e-08
0.002026,0.015677083333333335,0.31354166666666666,999.9999997962038,2.560123396508556e-08
0.002026,0.015781250000000004,0.31562500000000004,999.9999997690022,2.5942578727816002e-08
0.002026,0.015885416666666666,0.3177083333333333,999.9999997382577,2.6286184051890294e-08
0.002026,0.015989583333333335,0.3197916666666667,999.9999997035203,2.663204993730759e-08
0.002026,0.016093750000000004,0.3218750000000001,999.9999996642856,2.6980176384066193e-08
0.002026,0.016197916666666666,0.3239583333333333,999.9999996199866,2.73305633921678e-08
0.002026,0.016302083333333335,0.3260416666666667,999.9999995699876,2.768321096161241e-08
0.002026,0.01640625,0.328125,999.9999995135746,2.8038119092400304e-08
0.002026,0.016510416666666666,0.3302083333333333,999.9999994499464,2.839528778452894e-08
0.002026,0.016614583333333335,0.3322916666666667,999.9999993782058,2.875471703800143e-08
0.002026,0.01671875,0.334375,999.9999992973469,2.911640685281692e-08
0.002026,0.016822916666666667,0.3364583333333333,999.9999992062432,2.9480357228973435e-08
0.002026,0.016927083333333336,0.3385416666666667,999.9999991036317,2.9846568166473517e-08
0.002026,0.01703125,0.340625,999.9999989881004,3.021503966531717e-08
0.002026,0.017135416666666667,0.34270833333333334,999.9999988580677,3.0585771725501285e-08
0.002026,0.017239583333333336,0.3447916666666667,999.9999987117657,3.0958764347028965e-08
0.002026,0.01734375,0.346875,999.9999985472157,3.133401752990049e-08
0.002026,0.017447916666666667,0.3489583333333333,999.9999983622077,3.17115312741122e-08
0.002026,0.017552083333333336,0.3510416666666667,999.999998154273,3.209130557966776e-08
0.002026,0.01765625,0.35312499999999997,999.9999979206524,3.247334044656604e-08
0.002026,0.017760416666666667,0.35520833333333335,999.999997658266,3.285763587480789e-08
0.002026,0.017864583333333336,0.35729166666666673,999.9999973636777,3.3244191864390195e-08
0.002026,0.01796875,0.35937499999999994,999.9999970330517,3.363300841531607e-08
0.002026,0.018072916666666668,0.3614583333333333,999.9999966621123,3.4024085527585514e-08
0.002026,0.018177083333333337,0.3635416666666667,999.9999962460935,3.44174232011957e-08
0.002026,0.01828125,0.365625,999.9999957796828,3.481302143614945e-08
0.002026,0.018385416666666668,0.36770833333333336,999.9999952569639,3.5210880232446777e-08
0.002026,0.018489583333333337,0.36979166666666674,999.9999946713481,3.561099959008456e-08
0.002026,0.01859375,0.37187499999999996,999.9999940155022,3.601337950906591e-08
0.002026,0.018697916666666668,0.37395833333333334,999.999993281268,3.641801998939139e-08
0.002026,0.018802083333333337,0.3760416666666667,999.9999924595717,3.682492103105649e-08
0.002026,0.01890625,0.378125,999.9999915403255,3.7234082634066e-08
0.002026,0.01901041666666667,0.38020833333333337,999.9999905123182,3.7645504798417954e-08
0.002026,0.019114583333333334,0.38229166666666664,999.9999893630963,3.805918752411347e-08
0.002026,0.01921875,0.38437499999999997,999.9999880788309,3.847513081114945e-08
0.002026,0.01932291666666667,0.38645833333333335,999.9999866441714,3.889333465952871e-08
0.002026,0.019427083333333334,0.3885416666666667,999.999985042085,3.931379906925267e-08
0.002026,0.01953125,0.390625,999.9999832536799,3.9736524040315963e-08
0.002026,0.01963541666666667,0.3927083333333334,999.9999812580115,4.016150957272339e-08
0.002026,0.019739583333333335,0.39479166666666665,999.9999790318665,4.058875566647438e-08
0.002026,0.01984375,0.396875,999.9999765495286,4.10182623215664e-08
0.002026,0.01994791666666667,0.39895833333333336,999.9999737825198,4.145002953800114e-08
0.002026,0.020052083333333335,0.4010416666666667,999.9999706993149,4.188405731578029e-08
0.002026,0.02015625,0.403125,999.9999672650317,4.2320345654898775e-08
0.002026,0.02026041666666667,0.4052083333333334,999.999963441086,4.275889455536224e-08
0.002026,0.020364583333333332,0.4072916666666666,999.999959184818,4.319970401716786e-08
0.002026,0.02046875,0.409375,999.9999544490782,4.364277404031733e-08
0.002026,0.02057291666666667,0.41145833333333337,999.9999491817774,4.40881046248067e-08
0.002026,0.020677083333333332,0.41354166666666664,999.9999433253915,4.4535695770639914e-08
0.002026,0.02078125,0.415625,999.9999368164182,4.498554747781754e-08
0.002026,0.02088541666666667,0.4177083333333334,999.9999295847869,4.543765974633451e-08
0.002026,0.020989583333333332,0.4197916666666666,999.9999215532065,4.5892032576195316e-08
0.002026,0.02109375,0.421875,999.9999126364573,4.634866596740111e-08
0.002026,0.02119791666666667,0.4239583333333334,999.9999027406155,4.6807559919945106e-08
0.002026,0.021302083333333333,0.42604166666666665,999.9998917622034,4.7268714433834645e-08
0.002026,0.02140625,0.42812500000000003,999.999879587266,4.773212950906747e-08
0.002026,0.02151041666666667,0.4302083333333334,999.9998660903582,4.819780514564019e-08
0.002026,0.021614583333333333,0.43229166666666663,999.9998511334428,4.8665741343556193e-08
0.002026,0.021718750000000002,0.434375,999.9998345646873,4.9135938102816046e-08
0.002026,0.021822916666666668,0.43645833333333334,999.9998162171527,4.9608395423419184e-08
0.002026,0.021927083333333333,0.43854166666666666,999.9997959073635,5.0083113305362225e-08
0.002026,0.022031250000000002,0.44062500000000004,999.9997734337511,5.056009174864911e-08
0.002026,0.022135416666666668,0.4427083333333333,999.9997485749603,5.103933075328041e-08
0.002026,0.022239583333333333,0.44479166666666664,999.9997210880031,5.1520830319251046e-08
0.002026,0.022343750000000002,0.446875,999.9996907062539,5.200459044656609e-08
0.002026,0.022447916666666668,0.44895833333333335,999.999657137268,5.249061113522499e-08
0.002026,0.022552083333333334,0.4510416666666667,999.9996200604119,5.297889238522322e-08
0.002026,0.022656250000000003,0.45312500000000006,999.9995791242883,5.346943419656586e-08
0.002026,0.02276041666666667,0.4552083333333333,999.9995339439415,5.396223656925292e-08
0.002026,0.022864583333333334,0.45729166666666665,999.9994840978234,5.445729950327875e-08
0.002026,0.022968750000000003,0.45937500000000003,999.999429124505,5.495462299864899e-08
0.002026,0.02307291666666667,0.46145833333333336,999.9993685191072,5.545420705536421e-08
0.002026,0.023177083333333334,0.4635416666666667,999.9993017294369,5.595605167341763e-08
0.002026,0.023281250000000003,0.46562500000000007,999.9992281517992,5.646015685281546e-08
0.002026,0.023385416666666665,0.4677083333333333,999.9991471264636,5.696652259355659e-08
0.002026,0.023489583333333335,0.46979166666666666,999.9990579327606,5.747514889564156e-08
0.002026,0.023593750000000004,0.47187500000000004,999.9989597837739,5.7986035759065864e-08
0.002026,0.023697916666666666,0.4739583333333333,999.9988518206044,5.849918318383458e-08
0.002026,0.023802083333333335,0.4760416666666667,999.9987331061716,5.901459116994715e-08
0.002026,0.023906250000000004,0.4781250000000001,999.9986026185182,5.953225971739905e-08
0.002026,0.024010416666666666,0.4802083333333333,999.9984592435841,6.005218882619536e-08
0.002026,0.024114583333333335,0.4822916666666667,999.998301767404,6.057437849633666e-08
0.002026,0.024218750000000004,0.48437500000000006,999.9981288676993,6.109882872781558e-08
0.002026,0.024322916666666666,0.4864583333333333,999.9979391048067,6.16255395206395e-08
0.002026,0.024427083333333335,0.4885416666666667,999.9977309119113,6.215451087480896e-08
0.002026,0.024531250000000004,0.4906250000000001,999.9975025845223,6.268574279031548e-08
0.002026,0.024635416666666667,0.4927083333333333,999.9972522691478,6.321923526716756e-08
0.002026,0.024739583333333336,0.4947916666666667,999.9969779511072,6.375498830536234e-08
0.002026,0.02484375,0.496875,999.9966774414285,6.429300190490099e-08
0.002026,0.024947916666666667,0.49895833333333334,999.9963483627616,6.483327606577895e-08
0.002026,0.025052083333333336,0.5010416666666667,999.995988134249,6.537581078800022e-08
0.002026,0.02515625,0.503125,999.995593955274,6.592060607156815e-08
0.002026,0.025260416666666667,0.5052083333333333,999.9951627880251,6.646766191647259e-08
0.002026,0.025364583333333336,0.5072916666666667,999.9946913387893,6.70169783227237e-08
0.002026,0.025468750000000002,0.509375,999.9941760378961,6.756855529031811e-08
0.002026,0.025572916666666667,0.5114583333333333,999.9936130182274,6.812239281925015e-08
0.002026,0.025677083333333336,0.5135416666666667,999.9929980921947,6.867849090952886e-08
0.002026,0.025781250000000002,0.515625,999.9923267270997,6.923684956115198e-08
0.002026,0.025885416666666668,0.5177083333333333,999.9915940187634,6.97974687741116e-08
0.002026,0.025989583333333337,0.5197916666666667,999.9907946633292,7.036034854841792e-08
0.002026,0.02609375,0.521875,999.9899229271226,7.092548888406525e-08
0.002026,0.026197916666666668,0.5239583333333333,999.9889726144492,7.149288978105813e-08
0.002026,0.026302083333333337,0.5260416666666667,999.9879370332127,7.206255123938978e-08
0.002026,0.02640625,0.528125,999.9868089582202,7.263447325906583e-08
0.002026,0.026510416666666668,0.5302083333333333,999.985580592043,7.320865584008631e-08
0.002026,0.026614583333333337,0.5322916666666667,999.9842435232894,7.378509898244554e-08
0.002026,0.02671875,0.5343749999999999,999.9827886821421,7.43638026861492e-08
0.002026,0.02682291666666667,0.5364583333333334,999.9812062930079,7.494476695119727e-08
0.002026,0.026927083333333338,0.5385416666666667,999.9794858241195,7.55279917775841e-08
0.002026,0.02703125,0.5406249999999999,999.977615933918,7.611347716531649e-08
0.002026,0.02713541666666667,0.5427083333333333,999.9755844140441,7.670122311439215e-08
0.002026,0.027239583333333338,0.5447916666666667,999.9733781287583,7.729122962480546e-08
0.002026,0.02734375,0.546875,999.970982950597,7.788349669656657e-08
0.002026,0.02744791666666667,0.5489583333333333,999.9683836920713,7.847802432966643e-08
0.002026,0.027552083333333335,0.5510416666666667,999.9655640332031,7.907481252411525e-08
0.002026,0.02765625,0.553125,999.9625064446902,7.967386127989829e-08
0.002026,0.02776041666666667,0.5552083333333333,999.9591921064786,8.027517059702915e-08
0.002026,0.027864583333333335,0.5572916666666666,999.9556008215172,8.08787404755033e-08
0.002026,0.02796875,0.559375,999.9517109244638,8.148457091531509e-08
0.002026,0.02807291666666667,0.5614583333333334,999.9474991850991,8.209266191647354e-08
0.002026,0.028177083333333335,0.5635416666666667,999.9429407061963,8.270301347897527e-08
0.002026,0.02828125,0.5656249999999999,999.9380088156013,8.331562560281578e-08
0.002026,0.02838541666666667,0.5677083333333334,999.932674952252,8.393049828800071e-08
0.002026,0.028489583333333336,0.5697916666666667,999.9269085458642,8.454763153453117e-08
0.002026,0.02859375,0.571875,999.9206768900185,8.516702534239815e-08
0.002026,0.02869791666666667,0.5739583333333333,999.9139450083538,8.57886797116118e-08
0.002026,0.028802083333333332,0.5760416666666666,999.9066755135822,8.641259464216759e-08
0.002026,0.02890625,0.578125,999.8988284590273,8.703877013406895e-08
0.002026,0.02901041666666667,0.5802083333333333,999.8903611823858,8.766720618730567e-08
0.002026,0.029114583333333333,0.5822916666666667,999.8812281414038,8.82979028018902e-08
0.002026,0.02921875,0.584375,999.8713807411535,8.8930859977818e-08
0.002026,0.02932291666666667,0.5864583333333334,999.8607671525992,8.956607771508346e-08
0.002026,0.029427083333333333,0.5885416666666666,999.8493321221224,9.020355601369559e-08
0.002026,0.029531250000000002,0.590625,999.837016771693,9.084329487365213e-08
0.002026,0.02963541666666667,0.5927083333333334,999.8237583893489,9.148529429494518e-08
0.002026,0.029739583333333333,0.5947916666666666,999.8094902096644,9.212955427758376e-08
0.002026,0.029843750000000002,0.596875,999.7941411838708,9.277607482156791e-08
0.002026,0.02994791666666667,0.5989583333333334,999.7776357393016,9.342485592688967e-08
0.002026,0.030052083333333333,0.6010416666666666,999.7598935278326,9.407589759355586e-08
0.002026,0.030156250000000002,0.603125,999.740829162989,9.472919982156533e-08
0.002026,0.030260416666666668,0.6052083333333333,999.7203519453925,9.538476261092148e-08
0.002026,0.030364583333333334,0.6072916666666667,999.6983655762244,9.604258596161075e-08
0.002026,0.030468750000000003,0.609375,999.6747678583964,9.670266987364895e-08
0.002026,0.03057291666666667,0.6114583333333333,999.6494503851053,9.736501434703157e-08
0.002026,0.030677083333333334,0.6135416666666667,999.622298215481,9.802961938175069e-08
0.002026,0.030781250000000003,0.615625,999.5931895370248,9.869648497781536e-08
0.002026,0.03088541666666667,0.6177083333333333,999.5619953145572,9.936561113522669e-08
0.002026,0.030989583333333334,0.6197916666666666,999.5285789254018,1.0003699785397228e-07
0.002026,0.031093750000000003,0.6218750000000001,999.492795780553,1.0071064513406568e-07
0.002026,0.031197916666666665,0.6239583333333333,999.4544929315748,1.0138655297550009e-07
0.002026,0.031302083333333335,0.6260416666666666,999.4135086630121,1.0206472137828118e-07
0.002026,0.031406250000000004,0.628125,999.3696720701076,1.027451503424033e-07
0.002026,0.031510416666666666,0.6302083333333333,999.3228026216351,1.0342783986785854e-07
0.002026,0.031614583333333335,0.6322916666666667,999.2727097076896,1.0411278995466949e-07
0.002026,0.031718750000000004,0.634375,999.2191921722967,1.0480000060281807e-07
0.002026,0.03182291666666667,0.6364583333333335,999.1620378307298,1.0548947181230429e-07
0.002026,0.031927083333333335,0.6385416666666667,999.1010229714542,1.0618120358314171e-07
0.002026,0.032031250000000004,0.640625,999.0359118426528,1.0687519591531901e-07
0.002026,0.032135416666666666,0.6427083333333333,998.9664561233147,1.0757144880882945e-07
0.002026,0.032239583333333335,0.6447916666666667,998.8923943789094,1.0826996226370011e-07
0.002026,0.032343750000000004,0.6468750000000001,998.8134515017089,1.0897073627989485e-07
0.002026,0.03244791666666667,0.6489583333333333,998.7293381358587,1.0967377085744755e-07
0.002026,0.032552083333333336,0.6510416666666666,998.639750087343,1.103790659963379e-07
0.002026,0.03265625,0.653125,998.5443677190389,1.1108662169656136e-07
0.002026,0.03276041666666667,0.6552083333333333,998.4428553310955,1.117964379581428e-07
0.002026,0.032864583333333336,0.6572916666666667,998.3348605269404,1.1250851478105962e-07
0.002026,0.032968750000000005,0.659375,998.2200135652489,1.1322285216531181e-07
0.002026,0.03307291666666667,0.6614583333333333,998.0979266982908,1.1393945011091971e-07
0.002026,0.033177083333333336,0.6635416666666667,997.9681934971077,1.1465830861786751e-07
0.002026,0.03328125,0.6656249999999999,997.8303881640522,1.1537942768614391e-07
0.002026,0.03338541666666667,0.6677083333333333,997.6840648332752,1.1610280731578055e-07
0.002026,0.033489583333333336,0.6697916666666667,997.5287568598156,1.1682844750675481e-07
0.002026,0.033593750000000006,0.6718750000000001,997.3639760980197,1.175563482590622e-07
0.002026,0.03369791666666667,0.6739583333333333,997.1892121700806,1.1828650957272528e-07
0.002026,0.03380208333333334,0.6760416666666667,997.0039317255722,1.1901893144772828e-07
0.002026,0.03390625,0.678125,996.8075776929193,1.1975361388405988e-07
0.002026,0.03401041666666667,0.6802083333333333,996.5995685238271,1.2049055688175396e-07
0.002026,0.03411458333333334,0.6822916666666667,996.3792974317674,1.212297604407834e-07
0.002026,0.034218750000000006,0.6843750000000001,996.1461316257139,1.2197122456114373e-07
0.002026,0.03432291666666667,0.6864583333333333,995.8994115403775,1.2271494924286653e-07
0.002026,0.03442708333333334,0.6885416666666667,995.6384500643081,1.234609344859202e-07
0.002026,0.03453125,0.6906249999999999,995.3625317672831,1.242091802903115e-07
0.002026,0.03463541666666667,0.6927083333333334,995.0709121285123,1.2495968665605852e-07
0.002026,0.03473958333333334,0.6947916666666667,994.7628167672649,1.2571245358314543e-07
0.002026,0.03484375000000001,0.6968750000000001,994.4374406776158,1.2646748107156093e-07
0.002026,0.03494791666666667,0.6989583333333333,994.0939474690936,1.272247691213367e-07
0.002026,0.03505208333333333,0.7010416666666666,993.7314686151049,1.27984317732441e-07
0.002026,0.03515625,0.703125,993.3491027110927,1.2874612690490106e-07
0.002026,0.03526041666666667,0.7052083333333333,992.945914744477,1.29510196638701e-07
0.002026,0.03536458333333334,0.7072916666666668,992.5209353785142,1.302765269338273e-07
0.002026,0.03546875,0.709375,992.0731602522895,1.310451177903206e-07
0.002026,0.03557291666666667,0.7114583333333333,991.6015492991506,1.318159692081425e-07
0.002026,0.03567708333333333,0.7135416666666666,991.1050260859614,1.3258908118730204e-07
0.002026,0.03578125,0.715625,990.5824771756487,1.3336445372781952e-07
0.002026,0.03588541666666667,0.7177083333333334,990.0327515155747,1.3414208682967015e-07
0.002026,0.03598958333333334,0.7197916666666667,989.4546598543571,1.349219804928584e-07
0.002026,0.03609375,0.7218749999999999,988.8469741898234,1.3570413471740238e-07
0.002026,0.03619791666666667,0.7239583333333334,988.2084272508495,1.3648854950328173e-07
0.002026,0.03630208333333333,0.7260416666666666,987.5377120159017,1.3727522485049645e-07
0.002026,0.03640625,0.728125,986.8334812711568,1.3806416075906914e-07
0.002026,0.03651041666666667,0.7302083333333333,986.094347211128,1.3885535722897723e-07
0.002026,0.03661458333333334,0.7322916666666668,985.3188810847685,1.3964881426021842e-07
0.002026,0.03671875,0.734375,984.505612890074,1.4044453185281983e-07
0.002026,0.03682291666666667,0.7364583333333333,983.6530311202362,1.4124251000675439e-07
0.002026,0.03692708333333333,0.7385416666666667,982.7595825644261,1.4204274872202204e-07
0.002026,0.03703125,0.740625,981.8236721663071,1.4284524799865444e-07
0.002026,0.03713541666666667,0.7427083333333334,980.8436629434008,1.4365000783661544e-07
0.002026,0.03723958333333334,0.7447916666666667,979.81787597042,1.4445702823591183e-07
0.002026,0.03734375,0.746875,978.7445904296922,1.452663091965707e-07
0.002026,0.03744791666666667,0.7489583333333334,977.6220437317764,1.4607785071856045e-07
0.002026,0.03755208333333333,0.7510416666666666,976.4484317093616,1.4689165280188328e-07
0.002026,0.03765625,0.753125,975.2219088875057,1.4770771544656862e-07
0.002026,0.03776041666666667,0.7552083333333334,973.9405888332184,1.4852603865258936e-07
0.002026,0.03786458333333334,0.7572916666666668,972.602544587367,1.4934662241993866e-07
0.002026,0.03796875,0.759375,971.2058091817923,1.50169466748655e-07
0.002026,0.038072916666666665,0.7614583333333332,969.7483762444751,1.509945716386886e-07
0.002026,0.038177083333333334,0.7635416666666667,968.2282006954924,1.51821937090087e-07
0.002026,0.03828125,0.765625,966.6431995364187,1.5265156310282076e-07
0.002026,0.03838541666666667,0.7677083333333334,964.9912527357119,1.534834496768831e-07
0.002026,0.038489583333333334,0.7697916666666667,963.2702042125105,1.5431759681231247e-07
0.002026,0.03859375,0.771875,961.4778629211381,1.5515400450906818e-07
0.002026,0.038697916666666665,0.7739583333333333,959.6120040384626,1.559926727671615e-07
0.002026,0.038802083333333334,0.7760416666666666,957.6703702561119,1.5683360158661735e-07
0.002026,0.03890625,0.7781250000000001,955.6506731793731,1.5767679096740403e-07
0.002026,0.03901041666666667,0.7802083333333334,953.5505948344244,1.5852224090952158e-07
0.002026,0.039114583333333335,0.7822916666666666,951.3677892853622,1.5936995141300613e-07
0.002026,0.039218750000000004,0.784375,949.0998843622762,1.6021992247781928e-07
0.002026,0.039322916666666666,0.7864583333333333,946.7444835014172,1.6107215410396782e-07
0.002026,0.039427083333333335,0.7885416666666667,944.2991676982684,1.619266462914743e-07
0.002026,0.039531250000000004,0.790625,941.7614975740977,1.6278339904032073e-07
0.002026,0.03963541666666667,0.7927083333333335,939.129015556319,1.63642412350498e-07
0.002026,0.039739583333333335,0.7947916666666667,936.3992481727298,1.645036862220332e-07
0.002026,0.039843750000000004,0.796875,933.5697084594206,1.653672206548993e-07
0.002026,0.039947916666666666,0.7989583333333333,930.6378984818764,1.662330156491098e-07
0.002026,0.040052083333333335,0.8010416666666667,927.6013119684952,1.6710107120466923e-07
0.002026,0.040156250000000004,0.8031250000000001,924.4574370554586,1.6797138732157308e-07
0.002026,0.040260416666666674,0.8052083333333334,921.2037591415738,1.6884396399979875e-07
0.002026,0.040364583333333336,0.8072916666666666,917.8377638514003,1.6971880123939145e-07
0.002026,0.040468750000000005,0.8093750000000001,914.35694010465,1.7059589904032401e-07
0.002026,0.04057291666666667,0.8114583333333333,910.7587832895313,1.714752574025739e-07
0.002026,0.040677083333333336,0.8135416666666667,907.0407985373572,1.723568763261998e-07
0.002026,0.040781250000000005,0.815625,903.200504095432,1.7324075581114304e-07
0.002026,0.04088541666666667,0.8177083333333333,899.2354347948576,1.7412689585744878e-07
0.002026,0.040989583333333336,0.8197916666666667,895.1431456095894,1.7501529646508985e-07
0.002026,0.04109375,0.8218749999999999,890.9212153027155,1.7590595763406183e-07
0.002026,0.04119791666666667,0.8239583333333333,886.5672501555765,1.7679887936439175e-07
0.002026,0.041302083333333336,0.8260416666666667,882.0788877750388,1.7769406165606157e-07
0.002026,0.041406250000000006,0.8281250000000001,877.4538009738496,1.7859150450905774e-07
0.002026,0.04151041666666667,0.8302083333333333,872.6897017186953,1.794912079234254e-07
0.002026,0.04161458333333334,0.8322916666666667,867.7843451402392,1.8039317189911492e-07
0.002026,0.04171875,0.834375,862.7355335990919,1.8129739643614432e-07
0.002026,0.04182291666666667,0.8364583333333333,857.5411208013384,1.822038815345317e-07
0.002026,0.04192708333333334,0.8385416666666667,852.1990159569434,1.8311262719425446e-07
0.002026,0.042031250000000006,0.8406250000000001,846.7071879740413,1.840236334153081e-07
0.002026,0.04213541666666667,0.8427083333333333,841.0636696818319,1.849369001977287e-07
0.002026,0.04223958333333334,0.8447916666666667,835.2665620745125,1.858524275414802e-07
0.002026,0.04234375,0.8468749999999999,829.3140385684164,1.86770215446558e-07
0.002026,0.04244791666666667,0.8489583333333334,823.204349264257,1.8769026391300282e-07
0.002026,0.04255208333333334,0.8510416666666667,816.9358252061588,1.8861257294078756e-07
0.002026,0.04265625000000001,0.8531250000000001,810.5068826289034,1.895371425298896e-07
0.002026,0.04276041666666667,0.8552083333333333,803.9160271846392,1.9046397268036766e-07
0.002026,0.04286458333333334,0.8572916666666667,797.1618581400933,1.9139306339217206e-07
0.002026,0.04296875,0.859375,790.2430725351742,1.9232441466530734e-07
0.002026,0.04307291666666667,0.8614583333333333,783.1584692936862,1.9325802649981414e-07
0.002026,0.04317708333333334,0.8635416666666668,775.906953276775,1.9419389889564276e-07
0.002026,0.04328125000000001,0.8656250000000001,768.4875392695936,1.9513203185280676e-07
0.002026,0.04338541666666667,0.8677083333333333,760.8993558916198,1.9607242537134228e-07
0.002026,0.04348958333333333,0.8697916666666666,753.1416494209942,1.970150794511861e-07
0.002026,0.04359375,0.871875,745.2137875232147,1.979599940924059e-07
0.002026,0.04369791666666667,0.8739583333333334,737.1152628745278,1.9890716929494757e-07
0.002026,0.04380208333333334,0.8760416666666667,728.8456966703696,1.9985660505882912e-07
0.002026,0.04390625,0.8781249999999999,720.4048420092715,2.0080830138406865e-07
0.002026,0.04401041666666667,0.8802083333333334,711.7925871427137,2.0176225827064356e-07
0.002026,0.04411458333333333,0.8822916666666666,703.0089585815305,2.0271847571854933e-07
0.002026,0.04421875,0.884375,694.0541240495775,2.0367695372782208e-07
0.002026,0.04432291666666667,0.8864583333333333,684.9283952755744,2.046376922984212e-07
0.002026,0.04442708333333334,0.8885416666666668,675.6322306141875,2.056006914303557e-07
0.002026,0.04453125,0.890625,666.1662374876682,2.0656595112365265e-07
0.002026,0.04463541666666667,0.8927083333333333,656.5311746395922,2.0753347137828502e-07
0.002026,0.04473958333333333,0.8947916666666667,646.7279541925398,2.0850325219424372e-07
0.002026,0.04484375,0.896875,636.7576435018356,2.094752935715694e-07
0.002026,0.04494791666666667,0.8989583333333334,626.621466797836,2.104495955102305e-07
0.002026,0.04505208333333334,0.9010416666666667,616.3208066095757,2.114261580102134e-07
0.002026,0.04515625,0.903125,605.8572049629972,2.1240498107157234e-07
0.002026,0.04526041666666667,0.9052083333333334,595.232364347384,2.1338606469425763e-07
0.002026,0.04536458333333333,0.9072916666666666,584.4481484440706,2.1436940887826928e-07
0.002026,0.04546875,0.909375,573.5065826119378,2.1535501362365242e-07
0.002026,0.04557291666666667,0.9114583333333334,562.4098541247217,2.1634287893037096e-07
0.002026,0.04567708333333334,0.9135416666666668,551.1603121556304,2.173330047984068e-07
0.002026,0.04578125,0.915625,539.7604675053238,2.1832539122782318e-07
0.002026,0.04588541666666667,0.9177083333333333,528.2129920698289,2.193200382185614e-07
0.002026,0.045989583333333334,0.9197916666666667,516.5207180455545,2.2031694577063048e-07
0.002026,0.04609375,0.921875,504.686636869111,2.2131611388407109e-07
0.002026,0.04619791666666667,0.9239583333333334,492.7138978902801,2.2231754255884256e-07
0.002026,0.04630208333333334,0.9260416666666668,480.60580677704337,2.2332123179493585e-07
0.002026,0.04640625,0.928125,468.365823652227,2.2432718159240517e-07
0.002026,0.046510416666666665,0.9302083333333333,455.99756096193033,2.2533539195118278e-07
0.002026,0.046614583333333334,0.9322916666666666,443.50478107655425,2.2634586287134095e-07
0.002026,0.04671875,0.9343750000000001,430.8913936258742,2.2735859435282093e-07
0.002026,0.04682291666666667,0.9364583333333334,418.1614525702538,2.2837358639563176e-07
0.002026,0.046927083333333335,0.9385416666666666,405.3191530107435,2.2939083899981415e-07
0.002026,0.047031250000000004,0.940625,392.3688277414469,2.3041035216531832e-07
0.002026,0.047135416666666666,0.9427083333333333,379.31494354820046,2.314321258921579e-07
0.002026,0.047239583333333335,0.9447916666666667,366.16209725821807,2.32456160180369e-07
0.002026,0.047343750000000004,0.946875,352.91501154603077,2.3348245502990644e-07
0.002026,0.04744791666666667,0.9489583333333335,339.5785305016318,2.345110104407702e-07
0.002026,0.047552083333333335,0.9510416666666667,326.15761496738963,2.3554182641300552e-07
0.002026,0.047656250000000004,0.953125,312.65733765086344,2.3657490294657168e-07
0.002026,0.047760416666666666,0.9552083333333333,299.08287802127626,2.376102400414642e-07
0.002026,0.047864583333333335,0.9572916666666667,285.43951699793,2.386478376977282e-07
0.002026,0.047968750000000004,0.9593750000000001,271.7326314394498,2.3968769591532307e-07
0.002026,0.048072916666666674,0.9614583333333334,257.96768844323003,2.407298146942398e-07
0.002026,0.048177083333333336,0.9635416666666666,244.1502394650031,2.417741940345371e-07
0.002026,0.048281250000000005,0.9656250000000001,230.28591426891168,2.4282083393615617e-07
0.002026,0.04838541666666667,0.9677083333333333,216.38041471895554,2.438697343991016e-07
0.002026,0.048489583333333336,0.9697916666666667,202.43950842307828,2.449208954234231e-07
0.002026,0.048593750000000005,0.971875,188.46902224161684,2.459743170090709e-07
0.002026,0.048697916666666674,0.9739583333333335,174.47483567216184,2.470299991560451e-07
0.002026,0.048802083333333336,0.9760416666666667,160.46287412326086,2.480879418643998e-07
0.002026,0.048906250000000005,0.978125,146.43910208968168,2.4914814513407184e-07
0.002026,0.04901041666666667,0.9802083333333333,132.40951624226042,2.502106089650702e-07
0.002026,0.049114583333333336,0.9822916666666667,118.38013844556075,2.5127533335745364e-07
0.002026,0.049218750000000006,0.9843750000000001,104.35700871683245,2.5234231831114086e-07
0.002026,0.04932291666666667,0.9864583333333333,90.34617813987926,2.534115638261996e-07
0.002026,0.04942708333333334,0.9885416666666667,76.35370174761267,2.5448306990258915e-07
0.002026,0.04953125,0.990625,62.38563138716649,2.555568365403096e-07
0.002026,0.04963541666666667,0.9927083333333333,48.44800858147642,2.5663286373939703e-07
0.002026,0.04973958333333334,0.9947916666666667,34.546857401298944,2.5771115149981084e-07
0.002026,0.049843750000000006,0.9968750000000001,20.688177361580177,2.587916998215555e-07
0.002026,0.04994791666666667,0.9989583333333333,6.877936356066171,2.598745087046762e-07
0.003006,5.208333333333334e-05,0.0010416666666666667,999.9999999993219,3.7676022376543216e-13
0.003006,0.00015625,0.0031249999999999997,999.9999999993184,2.637321566358025e-12
0.003006,0.00026041666666666666,0.005208333333333333,999.999999999311,7.158444251543212e-12
0.003006,0.00036458333333333335,0.007291666666666667,999.9999999992996,1.394012827932099e-11
0.003006,0.00046875,0.009375,999.9999999992849,2.2982373649691355e-11
0.003006,0.0005729166666666667,0.011458333333333333,999.9999999992663,3.4285180362654335e-11
0.003006,0.0006770833333333334,0.013541666666666667,999.9999999992434,4.784854841820988e-11
0.003006,0.00078125,0.015625,999.9999999992164,6.367247781635804e-11
0.003006,0.0008854166666666667,0.017708333333333333,999.9999999991846,8.175696855709879e-11
0.003006,0.0009895833333333334,0.019791666666666666,999.9999999991479,1.0210202064043203e-10
0.003006,0.00109375,0.021875000000000002,999.9999999991065,1.2470763406635805e-10
0.003006,0.0011979166666666666,0.02395833333333333,999.9999999990595,1.4957380883487663e-10
0.003006,0.0013020833333333335,0.026041666666666668,999.9999999990063,1.7670054494598758e-10
0.003006,0.00140625,0.028124999999999997,999.9999999989467,2.0608784239969144e-10
0.003006,0.0015104166666666669,0.030208333333333337,999.9999999988802,2.3773570119598785e-10
0.003006,0.0016145833333333333,0.03229166666666666,999.9999999988061,2.7164412133487647e-10
0.003006,0.0017187500000000002,0.034375,999.9999999987238,3.0781310281635824e-10
0.003006,0.0018229166666666667,0.03645833333333333,999.9999999986322,3.462426456404321e-10
0.003006,0.0019270833333333336,0.03854166666666667,999.9999999985312,3.869327498070989e-10
0.003006,0.00203125,0.040625,999.9999999984194,4.298834153163573e-10
0.003006,0.0021354166666666665,0.04270833333333333,999.9999999982955,4.750946421682109e-10
0.003006,0.0022395833333333334,0.04479166666666667,999.9999999981583,5.225664303626536e-10
0.003006,0.0023437500000000003,0.04687500000000001,999.999999998007,5.722987798996925e-10
0.003006,0.002447916666666667,0.04895833333333333,999.99999999784,6.242916907793205e-10
0.003006,0.0025520833333333333,0.051041666666666666,999.9999999976562,6.785451630015442e-10
0.003006,0.00265625,0.053125,999.9999999974532,7.350591965663565e-10
0.003006,0.002760416666666667,0.05520833333333334,999.9999999972291,7.938337914737678e-10
0.003006,0.0028645833333333336,0.05729166666666667,999.9999999969821,8.548689477237637e-10
0.003006,0.00296875,0.059375,999.9999999967098,9.18164665316361e-10
0.003006,0.003072916666666667,0.06145833333333334,999.9999999964098,9.837209442515417e-10
0.003006,0.003177083333333334,0.06354166666666668,999.9999999960789,1.0515377845293237e-09
0.003006,0.0032812500000000003,0.065625,999.9999999957149,1.1216151861496883e-09
0.003006,0.0033854166666666668,0.06770833333333333,999.9999999953136,1.1939531491126517e-09
0.003006,0.0034895833333333333,0.06979166666666665,999.9999999948714,1.2685516734182142e-09
0.003006,0.00359375,0.071875,999.9999999943836,1.345410759066356e-09
0.003006,0.003697916666666667,0.07395833333333333,999.9999999938462,1.424530406057101e-09
0.003006,0.0038020833333333335,0.07604166666666666,999.9999999932538,1.5059106143904297e-09
0.003006,0.00390625,0.078125,999.9999999926009,1.5895513840663619e-09
0.003006,0.004010416666666667,0.08020833333333334,999.999999991881,1.6754527150848731e-09
0.003006,0.004114583333333333,0.08229166666666665,999.9999999910876,1.7636146074459857e-09
0.003006,0.00421875,0.084375,999.9999999902132,1.8540370611497038e-09
0.003006,0.004322916666666668,0.08645833333333335,999.9999999892485,1.9467200761959833e-09
0.003006,0.004427083333333333,0.08854166666666666,999.9999999881859,2.0416636525848733e-09
0.003006,0.0045312500000000006,0.09062500000000001,999.9999999870148,2.138867790316355e-09
0.003006,0.004635416666666667,0.09270833333333334,999.9999999857234,2.2383324893904475e-09
0.003006,0.0047395833333333335,0.09479166666666666,999.9999999842998,2.3400577498070924e-09
0.003006,0.004843750000000001,0.09687500000000002,999.99999998273,2.444043571566356e-09
0.003006,0.0049479166666666664,0.09895833333333333,999.9999999809991,2.5502899546682077e-09
0.003006,0.005052083333333334,0.10104166666666667,999.9999999790911,2.658796899112643e-09
0.003006,0.00515625,0.103125,999.9999999769877,2.7695644048997107e-09
0.003006,0.005260416666666667,0.10520833333333333,999.9999999746685,2.8825924720293132e-09
0.003006,0.005364583333333334,0.10729166666666667,999.9999999721122,2.997881100501539e-09
0.003006,0.00546875,0.10937499999999999,999.9999999692942,3.1154302903163524e-09
0.003006,0.005572916666666667,0.11145833333333334,999.999999966188,3.2352400414737896e-09
0.003006,0.005677083333333334,0.11354166666666668,999.9999999627639,3.3573103539737616e-09
0.003006,0.00578125,0.11562499999999999,999.99999995899,3.481641227816348e-09
0.003006,0.005885416666666667,0.11770833333333335,999.9999999548306,3.6082326630015406e-09
0.003006,0.005989583333333334,0.11979166666666667,999.9999999502464,3.737084659529347e-09
0.003006,0.00609375,0.121875,999.999999945194,3.86819721739968e-09
0.003006,0.0061979166666666675,0.12395833333333335,999.9999999396266,4.001570336612654e-09
0.003006,0.006302083333333333,0.12604166666666666,999.9999999334921,4.137204017168198e-09
0.003006,0.0064062500000000005,0.128125,999.9999999267324,4.275098259066392e-09
0.003006,0.006510416666666668,0.13020833333333334,999.9999999192854,4.415253062307077e-09
0.003006,0.006614583333333333,0.13229166666666667,999.9999999110811,4.557668426890429e-09
0.003006,0.006718750000000001,0.134375,999.9999999020438,4.70234435281636e-09
0.003006,0.006822916666666666,0.13645833333333332,999.9999998920899,4.8492808400848535e-09
0.003006,0.006927083333333334,0.13854166666666667,999.9999998811269,4.9984778886960314e-09
0.003006,0.007031250000000001,0.140625,999.9999998690544,5.149935498649682e-09
0.003006,0.007135416666666667,0.14270833333333333,999.9999998557605,5.303653669945966e-09
0.003006,0.007239583333333334,0.14479166666666668,999.9999998411242,5.4596324025848815e-09
0.003006,0.0073437500000000005,0.146875,999.999999825011,5.617871696566394e-09
0.003006,0.007447916666666667,0.14895833333333333,999.9999998072742,5.7783715518904144e-09
0.003006,0.007552083333333334,0.15104166666666669,999.9999997877527,5.941131968557085e-09
0.003006,0.00765625,0.15312499999999998,999.9999997662691,6.106152946566353e-09
0.003006,0.007760416666666667,0.15520833333333334,999.9999997426293,6.273434485918199e-09
0.003006,0.007864583333333335,0.1572916666666667,999.9999997166203,6.442976586612696e-09
0.003006,0.00796875,0.159375,999.9999996880085,6.614779248649736e-09
0.003006,0.008072916666666667,0.16145833333333334,999.9999996565374,6.788842472029249e-09
0.003006,0.008177083333333335,0.1635416666666667,999.999999621926,6.965166256751589e-09
0.003006,0.00828125,0.165625,999.9999995838652,7.143750602816296e-09
0.003006,0.008385416666666666,0.16770833333333332,999.9999995420183,7.324595510223794e-09
0.003006,0.008489583333333335,0.1697916666666667,999.9999994960145,7.507700978973836e-09
0.003006,0.00859375,0.171875,999.999999445449,7.693067009066281e-09
0.003006,0.008697916666666666,0.17395833333333333,999.999999389877,7.880693600501587e-09
0.003006,0.008802083333333334,0.17604166666666665,999.999999328812,8.070580753279225e-09
0.003006,0.008906250000000001,0.178125,999.9999992617219,8.26272846739976e-09
0.003006,0.009010416666666667,0.18020833333333333,999.9999991880228,8.457136742862698e-09
0.003006,0.009114583333333334,0.18229166666666666,999.9999991070767,8.653805579668144e-09
0.003006,0.009218750000000001,0.184375,999.9999990181856,8.852734977816417e-09
0.003006,0.009322916666666667,0.18645833333333334,999.9999989205846,9.053924937307163e-09
0.003006,0.009427083333333334,0.18854166666666666,999.9999988134383,9.257375458140312e-09
0.003006,0.009531250000000002,0.19062500000000002,999.9999986958322,9.463086540316427e-09
0.003006,0.009635416666666667,0.19270833333333334,999.9999985667667,9.67105818383477e-09
0.003006,0.009739583333333333,0.19479166666666664,999.9999984251494,9.88129038869608e-09
0.003006,0.009843750000000002,0.19687500000000002,999.9999982697857,1.009378315489972e-08
0.003006,0.009947916666666667,0.19895833333333335,999.9999980993709,1.0308536482445941e-08
0.003006,0.010052083333333333,0.20104166666666665,999.9999979124786,1.0525550371334883e-08
0.003006,0.01015625,0.203125,999.9999977075522,1.0744824821566263e-08
0.003006,0.010260416666666668,0.20520833333333335,999.9999974828912,1.0966359833140502e-08
0.003006,0.010364583333333333,0.20729166666666665,999.9999972366386,1.1190155406057182e-08
0.003006,0.01046875,0.209375,999.9999969667683,1.1416211540316228e-08
0.003006,0.010572916666666668,0.21145833333333336,999.9999966710687,1.1644528235918276e-08
0.003006,0.010677083333333334,0.21354166666666666,999.9999963471266,1.1875105492862764e-08
0.003006,0.010781250000000001,0.215625,999.9999959923098,1.2107943311149548e-08
0.003006,0.010885416666666668,0.21770833333333336,999.9999956037478,1.2343041690779405e-08
0.003006,0.010989583333333334,0.21979166666666666,999.9999951783109,1.2580400631751417e-08
0.003006,0.01109375,0.221875,999.9999947125868,1.2820020134066432e-08
0.003006,0.011197916666666669,0.22395833333333337,999.9999942028574,1.3061900197723885e-08
0.003006,0.011302083333333334,0.22604166666666667,999.9999936450713,1.3306040822723636e-08
0.003006,0.01140625,0.228125,999.999993034814,1.3552442009066458e-08
0.003006,0.011510416666666669,0.23020833333333338,999.9999923672791,1.380110375675165e-08
0.003006,0.011614583333333334,0.23229166666666667,999.9999916372327,1.4052026065779137e-08
0.003006,0.01171875,0.234375,999.9999908389767,1.4305208936149768e-08
0.003006,0.011822916666666667,0.23645833333333333,999.9999899663089,1.4560652367862555e-08
0.003006,0.011927083333333335,0.23854166666666668,999.9999890124818,1.4818356360918274e-08
0.003006,0.01203125,0.240625,999.9999879701551,1.5078320915316502e-08
0.003006,0.012135416666666668,0.24270833333333333,999.9999868313441,1.5340546031056886e-08
0.003006,0.012239583333333335,0.24479166666666669,999.9999855873675,1.5605031708140554e-08
0.003006,0.01234375,0.246875,999.9999842287874,1.5871777946566237e-08
0.003006,0.012447916666666666,0.2489583333333333,999.9999827453463,1.6140784746334993e-08
0.003006,0.012552083333333335,0.25104166666666666,999.9999811258982,1.6412052107446045e-08
0.003006,0.01265625,0.253125,999.9999793583356,1.6685580029899538e-08
0.003006,0.012760416666666666,0.2552083333333333,999.9999774295081,1.6961368513696032e-08
0.003006,0.012864583333333336,0.2572916666666667,999.999975325136,1.7239417558835103e-08
0.003006,0.012968750000000001,0.259375,999.9999730297185,1.751972716531619e-08
0.003006,0.013072916666666667,0.2614583333333333,999.9999705264329,1.7802297333140422e-08
0.003006,0.013177083333333334,0.2635416666666667,999.9999677970242,1.808712806230695e-08
0.003006,0.013281250000000001,0.265625,999.9999648216908,1.837421935281648e-08
0.003006,0.013385416666666667,0.2677083333333333,999.9999615789568,1.866357120466831e-08
0.003006,0.013489583333333334,0.26979166666666665,999.999958045537,1.8955183617862574e-08
0.003006,0.013593750000000002,0.27187500000000003,999.9999541961888,1.92490565923997e-08
0.003006,0.013697916666666667,0.2739583333333333,999.9999500035573,1.9545190128279125e-08
0.003006,0.013802083333333333,0.27604166666666663,999.9999454380027,1.9843584225501692e-08
0.003006,0.013906250000000002,0.278125,999.9999404674194,2.0144238884066556e-08
0.003006,0.014010416666666668,0.28020833333333334,999.9999350570376,2.0447154103973576e-08
0.003006,0.014114583333333333,0.28229166666666666,999.9999291692145,2.075232988522388e-08
0.003006,0.014218750000000002,0.28437500000000004,999.9999227632029,2.1059766227816485e-08
0.003006,0.014322916666666668,0.2864583333333333,999.9999157949087,2.1369463131751243e-08
0.003006,0.014427083333333333,0.28854166666666664,999.9999082166267,2.1681420597029567e-08
0.003006,0.01453125,0.290625,999.9998999767578,2.1995638623649482e-08
0.003006,0.014635416666666668,0.29270833333333335,999.9998910195055,2.2312117211612685e-08
0.003006,0.014739583333333334,0.2947916666666667,999.9998812845489,2.2630856360918465e-08
0.003006,0.014843750000000001,0.296875,999.9998707066925,2.2951856071566118e-08
0.003006,0.014947916666666668,0.2989583333333333,999.9998592154892,2.3275116343557198e-08
0.003006,0.015052083333333334,0.30104166666666665,999.999846734837,2.360063717689015e-08
0.003006,0.01515625,0.303125,999.9998331825449,2.392841857156653e-08
0.003006,0.015260416666666669,0.30520833333333336,999.9998184698696,2.4258460527585065e-08
0.003006,0.015364583333333334,0.3072916666666667,999.9998025010157,2.4590763044945754e-08
0.003006,0.01546875,0.30937499999999996,999.9997851726021,2.492532612364987e-08
0.003006,0.015572916666666667,0.31145833333333334,999.9997663730878,2.526214976369572e-08
0.003006,0.015677083333333335,0.31354166666666666,999.9997459821616,2.560123396508556e-08
0.003006,0.015781250000000004,0.31562500000000004,999.9997238700826,2.5942578727816002e-08
0.003006,0.015885416666666666,0.3177083333333333,999.9996998969776,2.6286184051890294e-08
0.003006,0.015989583333333335,0.3197916666666667,999.9996739120895,2.663204993730759e-08
0.003006,0.016093750000000004,0.3218750000000001,999.9996457529703,2.6980176384066193e-08
0.003006,0.016197916666666666,0.3239583333333333,999.9996152446201,2.73305633921678e-08
0.003006,0.016302083333333335,0.3260416666666667,999.9995821985647,2.768321096161241e-08
0.003006,0.01640625,0.328125,999.9995464118712,2.8038119092400304e-08
0.003006,0.016510416666666666,0.3302083333333333,999.9995076660946,2.839528778452894e-08
0.003006,0.016614583333333335,0.3322916666666667,999.9994657261531,2.875471703800143e-08
0.003006,0.01671875,0.334375,999.9994203391266,2.911640685281692e-08
0.003006,0.016822916666666667,0.3364583333333333,999.9993712329717,2.9480357228973435e-08
0.003006,0.016927083333333336,0.3385416666666667,999.9993181151546,2.9846568166473517e-08
0.003006,0.01703125,0.340625,999.9992606711864,3.021503966531717e-08
0.003006,0.017135416666666667,0.34270833333333334,999.9991985630662,3.0585771725501285e-08
0.003006,0.017239583333333336,0.3447916666666667,999.9991314276172,3.0958764347028965e-08
0.003006,0.01734375,0.346875,999.9990588747116,3.133401752990049e-08
0.003006,0.017447916666666667,0.3489583333333333,999.9989804853826,3.17115312741122e-08
0.003006,0.017552083333333336,0.3510416666666667,999.9988958098094,3.209130557966776e-08
0.003006,0.01765625,0.35312499999999997,999.9988043651718,3.247334044656604e-08
0.003006,0.017760416666666667,0.35520833333333335,999.9987056333667,3.285763587480789e-08
0.003006,0.017864583333333336,0.35729166666666673,999.9985990585765,3.3244191864390195e-08
0.003006,0.01796875,0.35937499999999994,999.9984840446782,3.363300841531607e-08
0.003006,0.018072916666666668,0.3614583333333333,999.9983599524937,3.4024085527585514e-08
0.003006,0.018177083333333337,0.3635416666666667,999.9982260968591,3.44174232011957e-08
0.003006,0.01828125,0.365625,999.9980817435131,3.481302143614945e-08
0.003006,0.018385416666666668,0.36770833333333336,999.9979261057857,3.5210880232446777e-08
0.003006,0.018489583333333337,0.36979166666666674,999.9977583410845,3.561099959008456e-08
0.003006,0.01859375,0.37187499999999996,999.9975775471593,3.601337950906591e-08
0.003006,0.018697916666666668,0.37395833333333334,999.9973827581344,3.641801998939139e-08
0.003006,0.018802083333333337,0.3760416666666667,999.9971729403029,3.682492103105649e-08
0.003006,0.01890625,0.378125,999.9969469876553,3.7234082634066e-08
0.003006,0.01901041666666667,0.38020833333333337,999.9967037171429,3.7645504798417954e-08
0.003006,0.019114583333333334,0.38229166666666664,999.9964418636512,3.805918752411347e-08
0.003006,0.01921875,0.38437499999999997,999.9961600746723,3.847513081114945e-08
0.003006,0.01932291666666667,0.38645833333333335,999.995856904658,3.889333465952871e-08
0.003006,0.019427083333333334,0.3885416666666667,999.9955308090371,3.931379906925267e-08
0.003006,0.01953125,0.390625,999.9951801378796,3.9736524040315963e-08
0.003006,0.01963541666666667,0.3927083333333334,999.9948031291885,4.016150957272339e-08
0.003006,0.019739583333333335,0.39479166666666665,999.9943979017988,4.058875566647438e-08
0.003006,0.01984375,0.396875,999.9939624478649,4.10182623215664e-08
0.003006,0.01994791666666667,0.39895833333333336,999.9934946249131,4.145002953800114e-08
0.003006,0.020052083333333335,0.4010416666666667,999.9929921474403,4.188405731578029e-08
0.003006,0.02015625,0.403125,999.9924525780337,4.2320345654898775e-08
0.003006,0.02026041666666667,0.4052083333333334,999.9918733179836,4.275889455536224e-08
0.003006,0.020364583333333332,0.4072916666666666,999.9912515973715,4.319970401716786e-08
0.003006,0.02046875,0.409375,999.990584464602,4.364277404031733e-08
0.003006,0.02057291666666667,0.41145833333333337,999.9898687753542,4.40881046248067e-08
0.003006,0.020677083333333332,0.41354166666666664,999.9891011809189,4.4535695770639914e-08
0.003006,0.02078125,0.415625,999.9882781159018,4.498554747781754e-08
0.003006,0.02088541666666667,0.4177083333333334,999.9873957852508,4.543765974633451e-08
0.003006,0.020989583333333332,0.4197916666666666,999.9864501505828,4.5892032576195316e-08
0.003006,0.02109375,0.421875,999.9854369157774,4.634866596740111e-08
0.003006,0.02119791666666667,0.4239583333333334,999.9843515117957,4.6807559919945106e-08
0.003006,0.021302083333333333,0.42604166666666665,999.9831890806997,4.7268714433834645e-08
0.003006,0.02140625,0.42812500000000003,999.9819444588255,4.773212950906747e-08
0.003006,0.02151041666666667,0.4302083333333334,999.9806121590752,4.819780514564019e-08
0.003006,0.021614583333333333,0.43229166666666663,999.9791863522962,4.8665741343556193e-08
0.003006,0.021718750000000002,0.434375,999.9776608476893,4.9135938102816046e-08
0.003006,0.021822916666666668,0.43645833333333334,999.9760290722232,4.9608395423419184e-08
0.003006,0.021927083333333333,0.43854166666666666,999.974284048997,5.0083113305362225e-08
0.003006,0.022031250000000002,0.44062500000000004,999.9724183745117,5.056009174864911e-08
0.003006,0.022135416666666668,0.4427083333333333,999.970424194809,5.103933075328041e-08
0.003006,0.022239583333333333,0.44479166666666664,999.9682931804155,5.1520830319251046e-08
0.003006,0.022343750000000002,0.446875,999.9660165000593,5.200459044656609e-08
0.003006,0.022447916666666668,0.44895833333333335,999.963584793096,5.249061113522499e-08
0.003006,0.022552083333333334,0.4510416666666667,999.9609881405974,5.297889238522322e-08
0.003006,0.022656250000000003,0.45312500000000006,999.9582160350503,5.346943419656586e-08
0.003006,0.02276041666666667,0.4552083333333333,999.9552573486044,5.396223656925292e-08
0.003006,0.022864583333333334,0.45729166666666665,999.9521002998179,5.445729950327875e-08
0.003006,0.022968750000000003,0.45937500000000003,999.9487324188415,5.495462299864899e-08
0.003006,0.02307291666666667,0.46145833333333336,999.9451405109785,5.545420705536421e-08
0.003006,0.023177083333333334,0.4635416666666667,999.9413106185642,5.595605167341763e-08
0.003006,0.023281250000000003,0.46562500000000007,999.9372279810971,5.646015685281546e-08
0.003006,0.023385416666666665,0.4677083333333333,999.9328769935623,5.696652259355659e-08
0.003006,0.023489583333333335,0.46979166666666666,999.928241162881,5.747514889564156e-08
0.003006,0.023593750000000004,0.47187500000000004,999.9233030624155,5.7986035759065864e-08
0.003006,0.023697916666666666,0.4739583333333333,999.9180442844672,5.849918318383458e-08
0.003006,0.023802083333333335,0.4760416666666667,999.9124453906942,5.901459116994715e-08
0.003006,0.023906250000000004,0.4781250000000001,999.9064858603814,5.953225971739905e-08
0.003006,0.024010416666666666,0.4802083333333333,999.9001440364867,6.005218882619536e-08
0.003006,0.024114583333333335,0.4822916666666667,999.8933970693978,6.057437849633666e-08
0.003006,0.024218750000000004,0.48437500000000006,999.8862208583153,6.109882872781558e-08
0.003006,0.024322916666666666,0.4864583333333333,999.8785899901978,6.16255395206395e-08
0.003006,0.024427083333333335,0.4885416666666667,999.8704776761866,6.215451087480896e-08
0.003006,0.024531250000000004,0.4906250000000001,999.8618556854351,6.268574279031548e-08
0.003006,0.024635416666666667,0.4927083333333333,999.8526942762664,6.321923526716756e-08
0.003006,0.024739583333333336,0.4947916666666667,999.8429621245797,6.375498830536234e-08
0.003006,0.02484375,0.496875,999.8326262494271,6.429300190490099e-08
0.003006,0.024947916666666667,0.49895833333333334,999.8216519356827,6.483327606577895e-08
0.003006,0.025052083333333336,0.5010416666666667,999.8100026537234,6.537581078800022e-08
0.003006,0.02515625,0.503125,999.7976399760448,6.592060607156815e-08
0.003006,0.025260416666666667,0.5052083333333333,999.7845234907259,6.646766191647259e-08
0.003006,0.025364583333333336,0.5072916666666667,999.7706107116697,6.70169783227237e-08
0.003006,0.025468750000000002,0.509375,999.7558569855432,6.756855529031811e-08
0.003006,0.025572916666666667,0.5114583333333333,999.7402153953241,6.812239281925015e-08
0.003006,0.025677083333333336,0.5135416666666667,999.7236366603922,6.867849090952886e-08
0.003006,0.025781250000000002,0.515625,999.7060690330795,6.923684956115198e-08
0.003006,0.025885416666666668,0.5177083333333333,999.6874581916005,6.97974687741116e-08
0.003006,0.025989583333333337,0.5197916666666667,999.6677471292969,7.036034854841792e-08
0.003006,0.02609375,0.521875,999.6468760401141,7.092548888406525e-08
0.003006,0.026197916666666668,0.5239583333333333,999.6247822002391,7.149288978105813e-08
0.003006,0.026302083333333337,0.5260416666666667,999.6013998458336,7.206255123938978e-08
0.003006,0.02640625,0.528125,999.5766600467894,7.263447325906583e-08
0.003006,0.026510416666666668,0.5302083333333333,999.5504905764426,7.320865584008631e-08
0.003006,0.026614583333333337,0.5322916666666667,999.5228157771834,7.378509898244554e-08
0.003006,0.02671875,0.5343749999999999,999.493556421899,7.43638026861492e-08
0.003006,0.02682291666666667,0.5364583333333334,999.4626295711947,7.494476695119727e-08
0.003006,0.026927083333333338,0.5385416666666667,999.4299484263413,7.55279917775841e-08
0.003006,0.02703125,0.5406249999999999,999.39542217789,7.611347716531649e-08
0.003006,0.02713541666666667,0.5427083333333333,999.358955849923,7.670122311439215e-08
0.003006,0.027239583333333338,0.5447916666666667,999.320450139886,7.729122962480546e-08
0.003006,0.02734375,0.546875,999.2798012539704,7.788349669656657e-08
0.003006,0.02744791666666667,0.5489583333333333,999.2369007380186,7.847802432966643e-08
0.003006,0.027552083333333335,0.5510416666666667,999.1916353039143,7.907481252411525e-08
0.003006,0.02765625,0.553125,999.1438866514542,7.967386127989829e-08
0.003006,0.02776041666666667,0.5552083333333333,999.0935312856676,8.027517059702915e-08
0.003006,0.027864583333333335,0.5572916666666666,999.0404403295946,8.08787404755033e-08
0.003006,0.02796875,0.559375,998.9844793325084,8.148457091531509e-08
0.003006,0.02807291666666667,0.5614583333333334,998.925508073597,8.209266191647354e-08
0.003006,0.028177083333333335,0.5635416666666667,998.8633803611162,8.270301347897527e-08
0.003006,0.02828125,0.5656249999999999,998.7979438270321,8.331562560281578e-08
0.003006,0.02838541666666667,0.5677083333333334,998.7290397171915,8.393049828800071e-08
0.003006,0.028489583333333336,0.5697916666666667,998.656502677055,8.454763153453117e-08
0.003006,0.02859375,0.571875,998.5801605330431,8.516702534239815e-08
0.003006,0.02869791666666667,0.5739583333333333,998.4998340695547,8.57886797116118e-08
0.003006,0.028802083333333332,0.5760416666666666,998.4153368017296,8.641259464216759e-08
0.003006,0.02890625,0.578125,998.3264747440273,8.703877013406895e-08
0.003006,0.02901041666666667,0.5802083333333333,998.2330461747226,8.766720618730567e-08
0.003006,0.029114583333333333,0.5822916666666667,998.1348413964137,8.82979028018902e-08
0.003006,0.02921875,0.584375,998.0316424926566,8.8930859977818e-08
0.003006,0.02932291666666667,0.5864583333333334,997.923223080858,8.956607771508346e-08
0.003006,0.029427083333333333,0.5885416666666666,997.8093480615563,9.020355601369559e-08
0.003006,0.029531250000000002,0.590625,997.6897733642519,9.084329487365213e-08
0.003006,0.02963541666666667,0.5927083333333334,997.5642456899459,9.148529429494518e-08
0.003006,0.029739583333333333,0.5947916666666666,997.4325022505669,9.212955427758376e-08
0.003006,0.029843750000000002,0.596875,997.2942705054837,9.277607482156791e-08
0.003006,0.02994791666666667,0.5989583333333334,997.1492678953044,9.342485592688967e-08
0.003006,0.030052083333333333,0.6010416666666666,996.9972015731919,9.407589759355586e-08
0.003006,0.030156250000000002,0.603125,996.8377681339286,9.472919982156533e-08
0.003006,0.030260416666666668,0.6052083333333333,996.6706533409849,9.538476261092148e-08
0.003006,0.030364583333333334,0.6072916666666667,996.4955318518616,9.604258596161075e-08
0.003006,0.030468750000000003,0.609375,996.3120669419916,9.670266987364895e-08
0.003006,0.03057291666666667,0.6114583333333333,996.1199102275018,9.736501434703157e-08
0.003006,0.030677083333333334,0.6135416666666667,995.9187013871526,9.802961938175069e-08
0.003006,0.030781250000000003,0.615625,995.708067883792,9.869648497781536e-08
0.003006,0.03088541666666667,0.6177083333333333,995.4876246856753,9.936561113522669e-08
0.003006,0.030989583333333334,0.6197916666666666,995.2569739880198,1.0003699785397228e-07
0.003006,0.031093750000000003,0.6218750000000001,995.015704935182,1.0071064513406568e-07
0.003006,0.031197916666666665,0.6239583333333333,994.7633933438595,1.0138655297550009e-07
0.003006,0.031302083333333335,0.6260416666666666,994.4996014277391,1.0206472137828118e-07
0.003006,0.031406250000000004,0.628125,994.2238775240334,1.027451503424033e-07
0.003006,0.031510416666666666,0.6302083333333333,993.9357558223568,1.0342783986785854e-07
0.003006,0.031614583333333335,0.6322916666666667,993.6347560964196,1.0411278995466949e-07
0.003006,0.031718750000000004,0.634375,993.3203834390289,1.0480000060281807e-07
0.003006,0.03182291666666667,0.6364583333333335,992.9921280009066,1.0548947181230429e-07
0.003006,0.031927083333333335,0.6385416666666667,992.649464733846,1.0618120358314171e-07
0.003006,0.032031250000000004,0.640625,992.2918531387568,1.0687519591531901e-07
0.003006,0.032135416666666666,0.6427083333333333,991.91873701915,1.0757144880882945e-07
0.003006,0.032239583333333335,0.6447916666666667,991.5295442406428,1.0826996226370011e-07
0.003006,0.032343750000000004,0.6468750000000001,991.1236864970743,1.0897073627989485e-07
0.003006,0.03244791666666667,0.6489583333333333,990.7005590838382,1.0967377085744755e-07
0.003006,0.032552083333333336,0.6510416666666666,990.2595406790556,1.103790659963379e-07
0.003006,0.03265625,0.653125,989.7999931332226,1.1108662169656136e-07
0.003006,0.03276041666666667,0.6552083333333333,989.321261267988,1.117964379581428e-07
0.003006,0.032864583333333336,0.6572916666666667,988.8226726847234,1.1250851478105962e-07
0.003006,0.032968750000000005,0.659375,988.3035375835595,1.1322285216531181e-07
0.003006,0.03307291666666667,0.6614583333333333,987.7631485935865,1.1393945011091971e-07
0.003006,0.033177083333333336,0.6635416666666667,987.2007806149103,1.1465830861786751e-07
0.003006,0.03328125,0.6656249999999999,986.6156906732826,1.1537942768614391e-07
0.003006,0.03338541666666667,0.6677083333333333,986.0071177880217,1.1610280731578055e-07
0.003006,0.033489583333333336,0.6697916666666667,985.3742828539567,1.1682844750675481e-07
0.003006,0.033593750000000006,0.6718750000000001,984.7163885381303,1.175563482590622e-07
0.003006,0.03369791666666667,0.6739583333333333,984.0326191920059,1.1828650957272528e-07
0.003006,0.03380208333333334,0.6760416666666667,983.3221407799253,1.1901893144772828e-07
0.003006,0.03390625,0.678125,982.5841008245775,1.1975361388405988e-07
0.003006,0.03401041666666667,0.6802083333333333,981.8176283702259,1.2049055688175396e-07
0.003006,0.03411458333333334,0.6822916666666667,981.02183396446,1.212297604407834e-07
0.003006,0.034218750000000006,0.6843750000000001,980.1958096592305,1.2197122456114373e-07
0.003006,0.03432291666666667,0.6864583333333333,979.3386290319189,1.2271494924286653e-07
0.003006,0.03442708333333334,0.6885416666666667,978.4493472272068,1.234609344859202e-07
0.003006,0.03453125,0.6906249999999999,977.5270010204904,1.242091802903115e-07
0.003006,0.03463541666666667,0.6927083333333334,976.5706089035853,1.2495968665605852e-07
0.003006,0.03473958333333334,0.6947916666666667,975.5791711934702,1.2571245358314543e-07
0.003006,0.03484375000000001,0.6968750000000001,974.5516701647871,1.2646748107156093e-07
0.003006,0.03494791666666667,0.6989583333333333,973.4870702068274,1.272247691213367e-07
0.003006,0.03505208333333333,0.7010416666666666,972.3843180057104,1.27984317732441e-07
0.003006,0.03515625,0.703125,971.242342752441,1.2874612690490106e-07
0.003006,0.03526041666666667,0.7052083333333333,970.060056377537,1.29510196638701e-07
0.003006,0.03536458333333334,0.7072916666666668,968.8363538128746,1.302765269338273e-07
0.003006,0.03546875,0.709375,967.5701132814011,1.310451177903206e-07
0.003006,0.03557291666666667,0.7114583333333333,966.2601966153293,1.318159692081425e-07
0.003006,0.03567708333333333,0.7135416666666666,964.9054496034149,1.3258908118730204e-07
0.003006,0.03578125,0.715625,963.5047023678801,1.3336445372781952e-07
0.003006,0.03588541666666667,0.7177083333333334,962.0567697715393,1.3414208682967015e-07
0.003006,0.03598958333333334,0.7197916666666667,960.5604518556253,1.349219804928584e-07
0.003006,0.03609375,0.7218749999999999,959.0145343088149,1.3570413471740238e-07
0.003006,0.03619791666666667,0.7239583333333334,957.417788967894,1.3648854950328173e-07
0.003006,0.03630208333333333,0.7260416666666666,955.7689743504786,1.3727522485049645e-07
0.003006,0.03640625,0.728125,954.0668362201731,1.3806416075906914e-07
0.003006,0.03651041666666667,0.7302083333333333,952.3101081845,1.3885535722897723e-07
0.003006,0.03661458333333334,0.7322916666666668,950.4975123259007,1.3964881426021842e-07
0.003006,0.03671875,0.734375,948.62775986606,1.4044453185281983e-07
0.003006,0.03682291666666667,0.7364583333333333,946.6995518637661,1.4124251000675439e-07
0.003006,0.03692708333333333,0.7385416666666667,944.711579946467,1.4204274872202204e-07
0.003006,0.03703125,0.740625,942.6625270756348,1.4284524799865444e-07
0.003006,0.03713541666666667,0.7427083333333334,940.5510683460077,1.4365000783661544e-07
0.003006,0.03723958333333334,0.7447916666666667,938.3758718187141,1.4445702823591183e-07
0.003006,0.03734375,0.746875,936.1355993882398,1.452663091965707e-07
0.003006,0.03744791666666667,0.7489583333333334,933.8289076831392,1.4607785071856045e-07
0.003006,0.03755208333333333,0.7510416666666666,931.4544490003374,1.4689165280188328e-07
0.003006,0.03765625,0.753125,929.0108722728037,1.4770771544656862e-07
0.003006,0.03776041666666667,0.7552083333333334,926.4968240703328,1.4852603865258936e-07
0.003006,0.03786458333333334,0.7572916666666668,923.9109496330858,1.4934662241993866e-07
0.003006,0.03796875,0.759375,921.2518939375063,1.50169466748655e-07
0.003006,0.038072916666666665,0.7614583333333332,918.518302794142,1.509945716386886e-07
0.003006,0.038177083333333334,0.7635416666666667,915.7088239768497,1.51821937090087e-07
0.003006,0.03828125,0.765625,912.8221083827918,1.5265156310282076e-07
0.003006,0.03838541666666667,0.7677083333333334,909.856811222568,1.534834496768831e-07
0.003006,0.038489583333333334,0.7697916666666667,906.8115932397532,1.5431759681231247e-07
0.003006,0.03859375,0.771875,903.6851219590542,1.5515400450906818e-07
0.003006,0.038697916666666665,0.7739583333333333,900.4760729622222,1.559926727671615e-07
0.003006,0.038802083333333334,0.7760416666666666,897.1831311907931,1.5683360158661735e-07
0.003006,0.03890625,0.7781250000000001,893.8049922746551,1.5767679096740403e-07
0.003006,0.03901041666666667,0.7802083333333334,890.3403638853841,1.5852224090952158e-07
0.003006,0.039114583333333335,0.7822916666666666,886.787967113202,1.5936995141300613e-07
0.003006,0.039218750000000004,0.784375,883.1465378663645,1.6021992247781928e-07
0.003006,0.039322916666666666,0.7864583333333333,879.414828291704,1.6107215410396782e-07
0.003006,0.039427083333333335,0.7885416666666667,875.5916082149856,1.619266462914743e-07
0.003006,0.039531250000000004,0.790625,871.6756665996776,1.6278339904032073e-07
0.003006,0.03963541666666667,0.7927083333333335,867.6658130226618,1.63642412350498e-07
0.003006,0.039739583333333335,0.7947916666666667,863.5608791653494,1.645036862220332e-07
0.003006,0.039843750000000004,0.796875,859.3597203186046,1.653672206548993e-07
0.003006,0.039947916666666666,0.7989583333333333,855.0612168998138,1.662330156491098e-07
0.003006,0.040052083333333335,0.8010416666666667,850.6642759803784,1.6710107120466923e-07
0.003006,0.040156250000000004,0.8031250000000001,846.167832821856,1.6797138732157308e-07
0.003006,0.040260416666666674,0.8052083333333334,841.5708524189042,1.6884396399979875e-07
0.003006,0.040364583333333336,0.8072916666666666,836.8723310471441,1.6971880123939145e-07
0.003006,0.040468750000000005,0.8093750000000001,832.0712978139885,1.7059589904032401e-07
0.003006,0.04057291666666667,0.8114583333333333,827.1668162104515,1.714752574025739e-07
0.003006,0.040677083333333336,0.8135416666666667,822.1579856618848,1.723568763261998e-07
0.003006,0.040781250000000005,0.815625,817.043943075561,1.7324075581114304e-07
0.003006,0.04088541666666667,0.8177083333333333,811.8238643829662,1.7412689585744878e-07
0.003006,0.040989583333333336,0.8197916666666667,806.4969660746385,1.7501529646508985e-07
0.003006,0.04109375,0.8218749999999999,801.062506725343,1.7590595763406183e-07
0.003006,0.04119791666666667,0.8239583333333333,795.5197885073408,1.7679887936439175e-07
0.003006,0.041302083333333336,0.8260416666666667,789.8681586894936,1.7769406165606157e-07
0.003006,0.041406250000000006,0.8281250000000001,784.1070111198987,1.7859150450905774e-07
0.003006,0.04151041666666667,0.8302083333333333,778.2357876897439,1.794912079234254e-07
0.003006,0.04161458333333334,0.8322916666666667,772.2539797760459,1.8039317189911492e-07
0.003006,0.04171875,0.834375,766.1611296609263,1.8129739643614432e-07
0.003006,0.04182291666666667,0.8364583333333333,759.9568319250577,1.822038815345317e-07
0.003006,0.04192708333333334,0.8385416666666667,753.6407348129261,1.8311262719425446e-07
0.003006,0.042031250000000006,0.8406250000000001,747.2125415675304,1.840236334153081e-07
0.003006,0.04213541666666667,0.8427083333333333,740.6720117321639,1.849369001977287e-07
0.003006,0.04223958333333334,0.8447916666666667,734.0189624169088,1.858524275414802e-07
0.003006,0.04234375,0.8468749999999999,727.253269527514,1.86770215446558e-07
0.003006,0.04244791666666667,0.8489583333333334,720.3748689543032,1.8769026391300282e-07
0.003006,0.04255208333333334,0.8510416666666667,713.3837577188252,1.8861257294078756e-07
0.003006,0.04265625000000001,0.8531250000000001,706.279995075945,1.895371425298896e-07
0.003006,0.04276041666666667,0.8552083333333333,699.0637035691303,1.9046397268036766e-07
0.003006,0.04286458333333334,0.8572916666666667,691.7350700367092,1.9139306339217206e-07
0.003006,0.04296875,0.859375,684.29434656692,1.9232441466530734e-07
0.003006,0.04307291666666667,0.8614583333333333,676.7418513996122,1.9325802649981414e-07
0.003006,0.04317708333333334,0.8635416666666668,669.0779697725179,1.9419389889564276e-07
0.003006,0.04328125000000001,0.8656250000000001,661.3031547100516,1.9513203185280676e-07
0.003006,0.04338541666666667,0.8677083333333333,653.4179277526645,1.9607242537134228e-07
0.003006,0.04348958333333333,0.8697916666666666,645.4228796248397,1.970150794511861e-07
0.003006,0.04359375,0.871875,637.3186708398829,1.979599940924059e-07
0.003006,0.04369791666666667,0.8739583333333334,629.1060322397306,1.9890716929494757e-07
0.003006,0.04380208333333334,0.8760416666666667,620.7857654680765,1.9985660505882912e-07
0.003006,0.04390625,0.8781249999999999,612.3587433752011,2.0080830138406865e-07
0.003006,0.04401041666666667,0.8802083333333334,603.8259103529647,2.0176225827064356e-07
0.003006,0.04411458333333333,0.8822916666666666,595.1882825985274,2.0271847571854933e-07
0.003006,0.04421875,0.884375,586.446948305429,2.0367695372782208e-07
0.003006,0.04432291666666667,0.8864583333333333,577.6030677807868,2.046376922984212e-07
0.003006,0.04442708333333334,0.8885416666666668,568.6578734874438,2.056006914303557e-07
0.003006,0.04453125,0.890625,559.6126700100191,2.0656595112365265e-07
0.003006,0.04463541666666667,0.8927083333333333,550.468833943911,2.0753347137828502e-07
0.003006,0.04473958333333333,0.8947916666666667,541.2278137064227,2.0850325219424372e-07
0.003006,0.04484375,0.896875,531.8911292692738,2.094752935715694e-07
0.003006,0.04494791666666667,0.8989583333333334,522.460371811905,2.104495955102305e-07
0.003006,0.04505208333333334,0.9010416666666667,512.937203295074,2.114261580102134e-07
0.003006,0.04515625,0.903125,503.32335595437826,2.1240498107157234e-07
0.003006,0.04526041666666667,0.9052083333333334,493.6206317134546,2.1338606469425763e-07
0.003006,0.04536458333333333,0.9072916666666666,483.8309015167393,2.1436940887826928e-07
0.003006,0.04546875,0.909375,473.9561045817795,2.1535501362365242e-07
0.003006,0.04557291666666667,0.9114583333333334,463.9982475712433,2.1634287893037096e-07
0.003006,0.04567708333333334,0.9135416666666668,453.95940368486896,2.173330047984068e-07
0.003006,0.04578125,0.915625,443.8417116717583,2.1832539122782318e-07
0.003006,0.04588541666666667,0.9177083333333333,433.64737476351655,2.193200382185614e-07
0.003006,0.045989583333333334,0.9197916666666667,423.3786595289058,2.2031694577063048e-07
0.003006,0.04609375,0.921875,413.0378946507682,2.2131611388407109e-07
0.003006,0.04619791666666667,0.9239583333333334,402.62746962614926,2.2231754255884256e-07
0.003006,0.04630208333333334,0.9260416666666668,392.149833390643,2.2332123179493585e-07
0.003006,0.04640625,0.928125,381.6074928681344,2.2432718159240517e-07
0.003006,0.046510416666666665,0.9302083333333333,371.0030114472292,2.2533539195118278e-07
0.003006,0.046614583333333334,0.9322916666666666,360.33900738579615,2.2634586287134095e-07
0.003006,0.04671875,0.9343750000000001,349.6181521451657,2.2735859435282093e-07
0.003006,0.04682291666666667,0.9364583333333334,338.84316865564887,2.2837358639563176e-07
0.003006,0.046927083333333335,0.9385416666666666,328.01682951517273,2.2939083899981415e-07
0.003006,0.047031250000000004,0.940625,317.14195512293225,2.3041035216531832e-07
0.003006,0.047135416666666666,0.9427083333333333,306.22141175009205,2.314321258921579e-07
0.003006,0.047239583333333335,0.9447916666666667,295.2581095496574,2.32456160180369e-07
0.003006,0.047343750000000004,0.946875,284.2550005077779,2.3348245502990644e-07
0.003006,0.04744791666666667,0.9489583333333335,273.21507633881845,2.345110104407702e-07
0.003006,0.047552083333333335,0.9510416666666667,262.14136632666094,2.3554182641300552e-07
0.003006,0.047656250000000004,0.953125,251.03693511477968,2.3657490294657168e-07
0.003006,0.047760416666666666,0.9552083333333333,239.90488044774827,2.376102400414642e-07
0.003006,0.047864583333333335,0.9572916666666667,228.7483308668944,2.386478376977282e-07
0.003006,0.047968750000000004,0.9593750000000001,217.5704433629437,2.3968769591532307e-07
0.003006,0.048072916666666674,0.9614583333333334,206.37440098853415,2.407298146942398e-07
0.003006,0.048177083333333336,0.9635416666666666,195.16341043359068,2.417741940345371e-07
0.003006,0.048281250000000005,0.9656250000000001,183.94069956659487,2.4282083393615617e-07
0.003006,0.04838541666666667,0.9677083333333333,172.7095149448743,2.438697343991016e-07
0.003006,0.048489583333333336,0.9697916666666667,161.47311929706257,2.449208954234231e-07
0.003006,0.048593750000000005,0.971875,150.23478898097514,2.459743170090709e-07
0.003006,0.048697916666666674,0.9739583333333335,138.9978114201537,2.470299991560451e-07
0.003006,0.048802083333333336,0.9760416666666667,127.76548252240559,2.480879418643998e-07
0.003006,0.048906250000000005,0.978125,116.54110408367886,2.4914814513407184e-07
0.003006,0.04901041666666667,0.9802083333333333,105.32798118066555,2.502106089650702e-07
0.003006,0.049114583333333336,0.9822916666666667,94.12941955551752,2.5127533335745364e-07
0.003006,0.049218750000000006,0.9843750000000001,82.94872299611825,2.5234231831114086e-07
0.003006,0.04932291666666667,0.9864583333333333,71.78919071532472,2.534115638261996e-07
0.003006,0.04942708333333334,0.9885416666666667,60.65411473262465,2.5448306990258915e-07
0.003006,0.04953125,0.990625,49.546777261653126,2.555568365403096e-07
0.003006,0.04963541666666667,0.9927083333333333,38.4704481069786,2.5663286373939703e-07
0.003006,0.04973958333333334,0.9947916666666667,27.428382073596506,2.5771115149981084e-07
0.003006,0.049843750000000006,0.9968750000000001,16.423816392505753,2.587916998215555e-07
0.003006,0.04994791666666667,0.9989583333333333,5.459968165749835,2.598745087046762e-07
0.003016,5.208333333333334e-05,0.0010416666666666667,999.9999999992508,3.7676022376543216e-13
0.003016,0.00015625,0.0031249999999999997,999.9999999992466,2.637321566358025e-12
0.003016,0.00026041666666666666,0.005208333333333333,999.9999999992389,7.158444251543212e-12
0.003016,0.00036458333333333335,0.007291666666666667,999.9999999992269,1.394012827932099e-11
0.003016,0.00046875,0.009375,999.9999999992103,2.2982373649691355e-11
0.003016,0.0005729166666666667,0.011458333333333333,999.9999999991896,3.4285180362654335e-11
0.003016,0.0006770833333333334,0.013541666666666667,999.9999999991643,4.784854841820988e-11
0.003016,0.00078125,0.015625,999.9999999991346,6.367247781635804e-11
0.003016,0.0008854166666666667,0.017708333333333333,999.9999999990999,8.175696855709879e-11
0.003016,0.0009895833333333334,0.019791666666666666,999.9999999990602,1.0210202064043203e-10
0.003016,0.00109375,0.021875000000000002,999.9999999990144,1.2470763406635805e-10
0.003016,0.0011979166666666666,0.02395833333333333,999.9999999989631,1.4957380883487663e-10
0.003016,0.0013020833333333335,0.026041666666666668,999.9999999989051,1.7670054494598758e-10
0.003016,0.00140625,0.028124999999999997,999.9999999988399,2.0608784239969144e-10
0.003016,0.0015104166666666669,0.030208333333333337,999.9999999987671,2.3773570119598785e-10
0.003016,0.0016145833333333333,0.03229166666666666,999.9999999986858,2.7164412133487647e-10
0.003016,0.0017187500000000002,0.034375,999.9999999985957,3.0781310281635824e-10
0.003016,0.0018229166666666667,0.03645833333333333,999.9999999984959,3.462426456404321e-10
0.003016,0.0019270833333333336,0.03854166666666667,999.9999999983853,3.869327498070989e-10
0.003016,0.00203125,0.040625,999.9999999982625,4.298834153163573e-10
0.003016,0.0021354166666666665,0.04270833333333333,999.9999999981268,4.750946421682109e-10
0.003016,0.0022395833333333334,0.04479166666666667,999.9999999979774,5.225664303626536e-10
0.003016,0.0023437500000000003,0.04687500000000001,999.9999999978124,5.722987798996925e-10
0.003016,0.002447916666666667,0.04895833333333333,999.9999999976304,6.242916907793205e-10
0.003016,0.0025520833333333333,0.051041666666666666,999.999999997429,6.785451630015442e-10
0.003016,0.00265625,0.053125,999.9999999972074,7.350591965663565e-10
0.003016,0.002760416666666667,0.05520833333333334,999.9999999969632,7.938337914737678e-10
0.003016,0.0028645833333333336,0.05729166666666667,999.9999999966936,8.548689477237637e-10
0.003016,0.00296875,0.059375,999.9999999963973,9.18164665316361e-10
0.003016,0.003072916666666667,0.06145833333333334,999.9999999960703,9.837209442515417e-10
0.003016,0.003177083333333334,0.06354166666666668,999.9999999957105,1.0515377845293237e-09
0.003016,0.0032812500000000003,0.065625,999.9999999953136,1.1216151861496883e-09
0.003016,0.0033854166666666668,0.06770833333333333,999.9999999948766,1.1939531491126517e-09
0.003016,0.0034895833333333333,0.06979166666666665,999.9999999943951,1.2685516734182142e-09
0.003016,0.00359375,0.071875,999.9999999938649,1.345410759066356e-09
0.003016,0.003697916666666667,0.07395833333333333,999.9999999932801,1.424530406057101e-09
0.003016,0.0038020833333333335,0.07604166666666666,999.999999992636,1.5059106143904297e-09
0.003016,0.00390625,0.078125,999.9999999919266,1.5895513840663619e-09
0.003016,0.004010416666666667,0.08020833333333334,999.9999999911447,1.6754527150848731e-09
0.003016,0.004114583333333333,0.08229166666666665,999.999999990283,1.7636146074459857e-09
0.003016,0.00421875,0.084375,999.9999999893332,1.8540370611497038e-09
0.003016,0.004322916666666668,0.08645833333333335,999.9999999882868,1.9467200761959833e-09
0.003016,0.004427083333333333,0.08854166666666666,999.9999999871338,2.0416636525848733e-09
0.003016,0.0045312500000000006,0.09062500000000001,999.9999999858633,2.138867790316355e-09
0.003016,0.004635416666666667,0.09270833333333334,999.9999999844632,2.2383324893904475e-09
0.003016,0.0047395833333333335,0.09479166666666666,999.99999998292,2.3400577498070924e-09
0.003016,0.004843750000000001,0.09687500000000002,999.9999999812193,2.444043571566356e-09
0.003016,0.0049479166666666664,0.09895833333333333,999.9999999793451,2.5502899546682077e-09
0.003016,0.005052083333333334,0.10104166666666667,999.9999999772795,2.658796899112643e-09
0.003016,0.00515625,0.103125,999.9999999750029,2.7695644048997107e-09
0.003016,0.005260416666666667,0.10520833333333333,999.9999999724942,2.8825924720293132e-09
0.003016,0.005364583333333334,0.10729166666666667,999.9999999697296,2.997881100501539e-09
0.003016,0.00546875,0.10937499999999999,999.9999999666836,3.1154302903163524e-09
0.003016,0.005572916666666667,0.11145833333333334,999.9999999633266,3.2352400414737896e-09
0.003016,0.005677083333333334,0.11354166666666668,999.9999999596276,3.3573103539737616e-09
0.003016,0.00578125,0.11562499999999999,999.9999999555521,3.481641227816348e-09
0.003016,0.005885416666666667,0.11770833333333335,999.9999999510618,3.6082326630015406e-09
0.003016,0.005989583333333334,0.11979166666666667,999.9999999461149,3.737084659529347e-09
0.003016,0.00609375,0.121875,999.999999940665,3.86819721739968e-09
0.003016,0.0061979166666666675,0.12395833333333335,999.9999999346614,4.001570336612654e-09
0.003016,0.006302083333333333,0.12604166666666666,999.9999999280484,4.137204017168198e-09
0.003016,0.0064062500000000005,0.128125,999.9999999207644,4.275098259066392e-09
0.003016,0.006510416666666668,0.13020833333333334,999.9999999127419,4.415253062307077e-09
0.003016,0.006614583333333333,0.13229166666666667,999.9999999039075,4.557668426890429e-09
0.003016,0.006718750000000001,0.134375,999.9999998941794,4.70234435281636e-09
0.003016,0.006822916666666666,0.13645833333333332,999.9999998834678,4.8492808400848535e-09
0.003016,0.006927083333333334,0.13854166666666667,999.9999998716751,4.9984778886960314e-09
0.003016,0.007031250000000001,0.140625,999.9999998586931,5.149935498649682e-09
0.003016,0.007135416666666667,0.14270833333333333,999.9999998444032,5.303653669945966e-09
0.003016,0.007239583333333334,0.14479166666666668,999.9999998286756,5.4596324025848815e-09
0.003016,0.0073437500000000005,0.146875,999.9999998113676,5.617871696566394e-09
0.003016,0.007447916666666667,0.14895833333333333,999.9999997923217,5.7783715518904144e-09
0.003016,0.007552083333333334,0.15104166666666669,999.9999997713663,5.941131968557085e-09
0.003016,0.00765625,0.15312499999999998,999.9999997483136,6.106152946566353e-09
0.003016,0.007760416666666667,0.15520833333333334,999.9999997229562,6.273434485918199e-09
0.003016,0.007864583333333335,0.1572916666666667,999.9999996950669,6.442976586612696e-09
0.003016,0.00796875,0.159375,999.9999996643969,6.614779248649736e-09
0.003016,0.008072916666666667,0.16145833333333334,999.9999996306732,6.788842472029249e-09
0.003016,0.008177083333333335,0.1635416666666667,999.9999995935973,6.965166256751589e-09
0.003016,0.00828125,0.165625,999.9999995528415,7.143750602816296e-09
0.003016,0.008385416666666666,0.16770833333333332,999.9999995080461,7.324595510223794e-09
0.003016,0.008489583333333335,0.1697916666666667,999.9999994588183,7.507700978973836e-09
0.003016,0.00859375,0.171875,999.9999994047271,7.693067009066281e-09
0.003016,0.008697916666666666,0.17395833333333333,999.999999345301,7.880693600501587e-09
0.003016,0.008802083333333334,0.17604166666666665,999.9999992800238,8.070580753279225e-09
0.003016,0.008906250000000001,0.178125,999.9999992083295,8.26272846739976e-09
0.003016,0.009010416666666667,0.18020833333333333,999.9999991295997,8.457136742862698e-09
0.003016,0.009114583333333334,0.18229166666666666,999.9999990431578,8.653805579668144e-09
0.003016,0.009218750000000001,0.184375,999.9999989482629,8.852734977816417e-09
0.003016,0.009322916666666667,0.18645833333333334,999.9999988441057,9.053924937307163e-09
0.003016,0.009427083333333334,0.18854166666666666,999.9999987298,9.257375458140312e-09
0.003016,0.009531250000000002,0.19062500000000002,999.999998604378,9.463086540316427e-09
0.003016,0.009635416666666667,0.19270833333333334,999.9999984667811,9.67105818383477e-09
0.003016,0.009739583333333333,0.19479166666666664,999.9999983158527,9.88129038869608e-09
0.003016,0.009843750000000002,0.19687500000000002,999.9999981503302,1.009378315489972e-08
0.003016,0.009947916666666667,0.19895833333333335,999.9999979688324,1.0308536482445941e-08
0.003016,0.010052083333333333,0.20104166666666665,999.9999977698524,1.0525550371334883e-08
0.003016,0.01015625,0.203125,999.9999975517438,1.0744824821566263e-08
0.003016,0.010260416666666668,0.20520833333333335,999.99999731271,1.0966359833140502e-08
0.003016,0.010364583333333333,0.20729166666666665,999.9999970507901,1.1190155406057182e-08
0.003016,0.01046875,0.209375,999.9999967638441,1.1416211540316228e-08
0.003016,0.010572916666666668,0.21145833333333336,999.9999964495375,1.1644528235918276e-08
0.003016,0.010677083333333334,0.21354166666666666,999.9999961053243,1.1875105492862764e-08
0.003016,0.010781250000000001,0.215625,999.9999957284274,1.2107943311149548e-08
0.003016,0.010885416666666668,0.21770833333333336,999.99999531582,1.2343041690779405e-08
0.003016,0.010989583333333334,0.21979166666666666,999.9999948642027,1.2580400631751417e-08
0.003016,0.01109375,0.221875,999.9999943699796,1.2820020134066432e-08
0.003016,0.011197916666666669,0.22395833333333337,999.9999938292333,1.3061900197723885e-08
0.003016,0.011302083333333334,0.22604166666666667,999.9999932376967,1.3306040822723636e-08
0.003016,0.01140625,0.228125,999.9999925907234,1.3552442009066458e-08
0.003016,0.011510416666666669,0.23020833333333338,999.9999918832536,1.380110375675165e-08
0.003016,0.011614583333333334,0.23229166666666667,999.9999911097799,1.4052026065779137e-08
0.003016,0.01171875,0.234375,999.9999902643093,1.4305208936149768e-08
0.003016,0.011822916666666667,0.23645833333333333,999.9999893403209,1.4560652367862555e-08
0.003016,0.011927083333333335,0.23854166666666668,999.9999883307217,1.4818356360918274e-08
0.003016,0.01203125,0.240625,999.9999872277972,1.5078320915316502e-08
0.003016,0.012135416666666668,0.24270833333333333,999.9999860231603,1.5340546031056886e-08
0.003016,0.012239583333333335,0.24479166666666669,999.9999847076948,1.5605031708140554e-08
0.003016,0.01234375,0.246875,999.9999832714916,1.5871777946566237e-08
0.003016,0.012447916666666666,0.2489583333333333,999.999981703786,1.6140784746334993e-08
0.003016,0.012552083333333335,0.25104166666666666,999.999979992884,1.6412052107446045e-08
0.003016,0.01265625,0.253125,999.9999781260861,1.6685580029899538e-08
0.003016,0.012760416666666666,0.2552083333333333,999.9999760896034,1.6961368513696032e-08
0.003016,0.012864583333333336,0.2572916666666667,999.9999738684692,1.7239417558835103e-08
0.003016,0.012968750000000001,0.259375,999.9999714464406,1.751972716531619e-08
0.003016,0.013072916666666667,0.2614583333333333,999.9999688058938,1.7802297333140422e-08
0.003016,0.013177083333333334,0.2635416666666667,999.9999659277129,1.808712806230695e-08
0.003016,0.013281250000000001,0.265625,999.9999627911671,1.837421935281648e-08
0.003016,0.013385416666666667,0.2677083333333333,999.9999593737803,1.866357120466831e-08
0.003016,0.013489583333333334,0.26979166666666665,999.9999556511889,1.8955183617862574e-08
0.003016,0.013593750000000002,0.27187500000000003,999.999951596993,1.92490565923997e-08
0.003016,0.013697916666666667,0.2739583333333333,999.9999471825878,1.9545190128279125e-08
0.003016,0.013802083333333333,0.27604166666666663,999.9999423769912,1.9843584225501692e-08
0.003016,0.013906250000000002,0.278125,999.9999371466529,2.0144238884066556e-08
0.003016,0.014010416666666668,0.28020833333333334,999.999931455251,2.0447154103973576e-08
0.003016,0.014114583333333333,0.28229166666666666,999.9999252634715,2.075232988522388e-08
0.003016,0.014218750000000002,0.28437500000000004,999.9999185287732,2.1059766227816485e-08
0.003016,0.014322916666666668,0.2864583333333333,999.9999112051328,2.1369463131751243e-08
0.003016,0.014427083333333333,0.28854166666666664,999.9999032427739,2.1681420597029567e-08
0.003016,0.01453125,0.290625,999.9998945878738,2.1995638623649482e-08
0.003016,0.014635416666666668,0.29270833333333335,999.9998851822476,2.2312117211612685e-08
0.003016,0.014739583333333334,0.2947916666666667,999.999874963011,2.2630856360918465e-08
0.003016,0.014843750000000001,0.296875,999.9998638622186,2.2951856071566118e-08
0.003016,0.014947916666666668,0.2989583333333333,999.9998518064731,2.3275116343557198e-08
0.003016,0.015052083333333334,0.30104166666666665,999.9998387165085,2.360063717689015e-08
0.003016,0.01515625,0.303125,999.9998245067438,2.392841857156653e-08
0.003016,0.015260416666666669,0.30520833333333336,999.9998090848001,2.4258460527585065e-08
0.003016,0.015364583333333334,0.3072916666666667,999.9997923509862,2.4590763044945754e-08
0.003016,0.01546875,0.30937499999999996,999.9997741977489,2.492532612364987e-08
0.003016,0.015572916666666667,0.31145833333333334,999.9997545090816,2.526214976369572e-08
0.003016,0.015677083333333335,0.31354166666666666,999.9997331598894,2.560123396508556e-08
0.003016,0.015781250000000004,0.31562500000000004,999.999710015313,2.5942578727816002e-08
0.003016,0.015885416666666666,0.3177083333333333,999.9996849300035,2.6286184051890294e-08
0.003016,0.015989583333333335,0.3197916666666667,999.9996577473452,2.663204993730759e-08
0.003016,0.016093750000000004,0.3218750000000001,999.9996282986264,2.6980176384066193e-08
0.003016,0.016197916666666666,0.3239583333333333,999.9995964021509,2.73305633921678e-08
0.003016,0.016302083333333335,0.3260416666666667,999.9995618622901,2.768321096161241e-08
0.003016,0.01640625,0.328125,999.9995244684648,2.8038119092400304e-08
0.003016,0.016510416666666666,0.3302083333333333,999.9994839940649,2.839528778452894e-08
0.003016,0.016614583333333335,0.3322916666666667,999.9994401952899,2.875471703800143e-08
0.003016,0.01671875,0.334375,999.9993928099127,2.911640685281692e-08
0.003016,0.016822916666666667,0.3364583333333333,999.9993415559599,2.9480357228973435e-08
0.003016,0.016927083333333336,0.3385416666666667,999.9992861303016,2.9846568166473517e-08
0.003016,0.01703125,0.340625,999.9992262071517,3.021503966531717e-08
0.003016,0.017135416666666667,0.34270833333333334,999.9991614364625,3.0585771725501285e-08
0.003016,0.017239583333333336,0.3447916666666667,999.9990914422164,3.0958764347028965e-08
0.003016,0.01734375,0.346875,999.9990158206056,3.133401752990049e-08
0.003016,0.017447916666666667,0.3489583333333333,999.998934138091,3.17115312741122e-08
0.003016,0.017552083333333336,0.3510416666666667,999.9988459293323,3.209130557966776e-08
0.003016,0.01765625,0.35312499999999997,999.9987506949906,3.247334044656604e-08
0.003016,0.017760416666666667,0.35520833333333335,999.9986478993818,3.285763587480789e-08
0.003016,0.017864583333333336,0.35729166666666673,999.9985369679815,3.3244191864390195e-08
0.003016,0.01796875,0.35937499999999994,999.9984172847744,3.363300841531607e-08
0.003016,0.018072916666666668,0.3614583333333333,999.9982881894293,3.4024085527585514e-08
0.003016,0.018177083333333337,0.3635416666666667,999.9981489743,3.44174232011957e-08
0.003016,0.01828125,0.365625,999.9979988812327,3.481302143614945e-08
0.003016,0.018385416666666668,0.36770833333333336,999.9978370981811,3.5210880232446777e-08
0.003016,0.018489583333333337,0.36979166666666674,999.9976627556016,3.561099959008456e-08
0.003016,0.01859375,0.37187499999999996,999.9974749226321,3.601337950906591e-08
0.003016,0.018697916666666668,0.37395833333333334,999.9972726030353,3.641801998939139e-08
0.003016,0.018802083333333337,0.3760416666666667,999.997054730888,3.682492103105649e-08
0.003016,0.01890625,0.378125,999.9968201660153,3.7234082634066e-08
0.003016,0.01901041666666667,0.38020833333333337,999.9965676891424,3.7645504798417954e-08
0.003016,0.019114583333333334,0.38229166666666664,999.9962959967577,3.805918752411347e-08
0.003016,0.01921875,0.38437499999999997,999.9960036956674,3.847513081114945e-08
0.003016,0.01932291666666667,0.38645833333333335,999.9956892972273,3.889333465952871e-08
0.003016,0.019427083333333334,0.3885416666666667,999.9953512112303,3.931379906925267e-08
0.003016,0.01953125,0.390625,999.9949877394372,3.9736524040315963e-08
0.003016,0.01963541666666667,0.3927083333333334,999.9945970687282,4.016150957272339e-08
0.003016,0.019739583333333335,0.39479166666666665,999.9941772638551,4.058875566647438e-08
0.003016,0.01984375,0.396875,999.9937262597773,4.10182623215664e-08
0.003016,0.01994791666666667,0.39895833333333336,999.9932418535542,4.145002953800114e-08
0.003016,0.020052083333333335,0.4010416666666667,999.9927216957774,4.188405731578029e-08
0.003016,0.02015625,0.403125,999.9921632815154,4.2320345654898775e-08
0.003016,0.02026041666666667,0.4052083333333334,999.9915639407499,4.275889455536224e-08
0.003016,0.020364583333333332,0.4072916666666666,999.990920828272,4.319970401716786e-08
0.003016,0.02046875,0.409375,999.9902309130205,4.364277404031733e-08
0.003016,0.02057291666666667,0.41145833333333337,999.9894909668266,4.40881046248067e-08
0.003016,0.020677083333333332,0.41354166666666664,999.9886975525453,4.4535695770639914e-08
0.003016,0.02078125,0.415625,999.9878470115308,4.498554747781754e-08
0.003016,0.02088541666666667,0.4177083333333334,999.9869354504407,4.543765974633451e-08
0.003016,0.020989583333333332,0.4197916666666666,999.9859587273244,4.5892032576195316e-08
0.003016,0.02109375,0.421875,999.9849124369671,4.634866596740111e-08
0.003016,0.02119791666666667,0.4239583333333334,999.9837918954587,4.6807559919945106e-08
0.003016,0.021302083333333333,0.42604166666666665,999.9825921239427,4.7268714433834645e-08
0.003016,0.02140625,0.42812500000000003,999.9813078315186,4.773212950906747e-08
0.003016,0.02151041666666667,0.4302083333333334,999.9799333972517,4.819780514564019e-08
0.003016,0.021614583333333333,0.43229166666666663,999.9784628512506,4.8665741343556193e-08
0.003016,0.021718750000000002,0.434375,999.9768898547806,4.9135938102816046e-08
0.003016,0.021822916666666668,0.43645833333333334,999.9752076793594,4.9608395423419184e-08
0.003016,0.021927083333333333,0.43854166666666666,999.9734091847952,5.0083113305362225e-08
0.003016,0.022031250000000002,0.44062500000000004,999.971486796127,5.056009174864911e-08
0.003016,0.022135416666666668,0.4427083333333333,999.969432479411,5.103933075328041e-08
0.003016,0.022239583333333333,0.44479166666666664,999.9672377163178,5.1520830319251046e-08
0.003016,0.022343750000000002,0.446875,999.9648934774752,5.200459044656609e-08
0.003016,0.022447916666666668,0.44895833333333335,999.9623901945203,5.249061113522499e-08
0.003016,0.022552083333333334,0.4510416666666667,999.9597177307987,5.297889238522322e-08
0.003016,0.022656250000000003,0.45312500000000006,999.9568653506634,5.346943419656586e-08
0.003016,0.02276041666666667,0.4552083333333333,999.9538216873137,5.396223656925292e-08
0.003016,0.022864583333333334,0.45729166666666665,999.9505747091204,5.445729950327875e-08
0.003016,0.022968750000000003,0.45937500000000003,999.9471116843741,5.495462299864899e-08
0.003016,0.02307291666666667,0.46145833333333336,999.9434191444071,5.545420705536421e-08
0.003016,0.023177083333333334,0.4635416666666667,999.9394828450165,5.595605167341763e-08
0.003016,0.023281250000000003,0.46562500000000007,999.9352877261324,5.646015685281546e-08
0.003016,0.023385416666666665,0.4677083333333333,999.9308178696663,5.696652259355659e-08
0.003016,0.023489583333333335,0.46979166666666666,999.9260564554746,5.747514889564156e-08
0.003016,0.023593750000000004,0.47187500000000004,999.9209857153714,5.7986035759065864e-08
0.003016,0.023697916666666666,0.4739583333333333,999.9155868851191,5.849918318383458e-08
0.003016,0.023802083333333335,0.4760416666666667,999.909840154333,5.901459116994715e-08
0.003016,0.023906250000000004,0.4781250000000001,999.9037246142261,5.953225971739905e-08
0.003016,0.024010416666666666,0.4802083333333333,999.897218203127,6.005218882619536e-08
0.003016,0.024114583333333335,0.4822916666666667,999.8902976496881,6.057437849633666e-08
0.003016,0.024218750000000004,0.48437500000000006,999.8829384137274,6.109882872781558e-08
0.003016,0.024322916666666666,0.4864583333333333,999.875114624613,6.16255395206395e-08
0.003016,0.024427083333333335,0.4885416666666667,999.8667990171245,6.215451087480896e-08
0.003016,0.024531250000000004,0.4906250000000001,999.8579628647134,6.268574279031548e-08
0.003016,0.024635416666666667,0.4927083333333333,999.8485759100837,6.321923526716756e-08
0.003016,0.024739583333333336,0.4947916666666667,999.8386062930175,6.375498830536234e-08
0.003016,0.02484375,0.496875,999.8280204753673,6.429300190490099e-08
0.003016,0.024947916666666667,0.49895833333333334,999.8167831631354,6.483327606577895e-08
0.003016,0.025052083333333336,0.5010416666666667,999.804857225565,6.537581078800022e-08
0.003016,0.02515625,0.503125,999.792203611158,6.592060607156815e-08
0.003016,0.025260416666666667,0.5052083333333333,999.7787812605505,6.646766191647259e-08
0.003016,0.025364583333333336,0.5072916666666667,999.76454701616,6.70169783227237e-08
0.003016,0.025468750000000002,0.509375,999.7494555285269,6.756855529031811e-08
0.003016,0.025572916666666667,0.5114583333333333,999.7334591592781,6.812239281925015e-08
0.003016,0.025677083333333336,0.5135416666666667,999.7165078806278,6.867849090952886e-08
0.003016,0.025781250000000002,0.515625,999.6985491713457,6.923684956115198e-08
0.003016,0.025885416666666668,0.5177083333333333,999.6795279091184,6.97974687741116e-08
0.003016,0.025989583333333337,0.5197916666666667,999.6593862592213,7.036034854841792e-08
0.003016,0.02609375,0.521875,999.6380635594397,7.092548888406525e-08
0.003016,0.026197916666666668,0.5239583333333333,999.6154962011614,7.149288978105813e-08
0.003016,0.026302083333333337,0.5260416666666667,999.5916175065739,7.206255123938978e-08
0.003016,0.02640625,0.528125,999.5663576019019,7.263447325906583e-08
0.003016,0.026510416666666668,0.5302083333333333,999.5396432866179,7.320865584008631e-08
0.003016,0.026614583333333337,0.5322916666666667,999.5113978985662,7.378509898244554e-08
0.003016,0.02671875,0.5343749999999999,999.481541174941,7.43638026861492e-08
0.003016,0.02682291666666667,0.5364583333333334,999.4499891090653,7.494476695119727e-08
0.003016,0.026927083333333338,0.5385416666666667,999.4166538029149,7.55279917775841e-08
0.003016,0.02703125,0.5406249999999999,999.3814433153477,7.611347716531649e-08
0.003016,0.02713541666666667,0.5427083333333333,999.3442615059823,7.670122311439215e-08
0.003016,0.027239583333333338,0.5447916666666667,999.3050078746998,7.729122962480546e-08
0.003016,0.02734375,0.546875,999.2635773967274,7.788349669656657e-08
0.003016,0.02744791666666667,0.5489583333333333,999.2198603532745,7.847802432966643e-08
0.003016,0.027552083333333335,0.5510416666666667,999.1737421577009,7.907481252411525e-08
0.003016,0.02765625,0.553125,999.125103177193,7.967386127989829e-08
0.003016,0.02776041666666667,0.5552083333333333,999.0738185499508,8.027517059702915e-08
0.003016,0.027864583333333335,0.5572916666666666,999.0197579978598,8.08787404755033e-08
0.003016,0.02796875,0.559375,998.9627856346679,8.148457091531509e-08
0.003016,0.02807291666666667,0.5614583333333334,998.9027597696692,8.209266191647354e-08
0.003016,0.028177083333333335,0.5635416666666667,998.8395327069092,8.270301347897527e-08
0.003016,0.02828125,0.5656249999999999,998.7729505399446,8.331562560281578e-08
0.003016,0.02838541666666667,0.5677083333333334,998.7028529421832,8.393049828800071e-08
0.003016,0.028489583333333336,0.5697916666666667,998.6290729528511,8.454763153453117e-08
0.003016,0.02859375,0.571875,998.5514367586411,8.516702534239815e-08
0.003016,0.02869791666666667,0.5739583333333333,998.4697634711,8.57886797116118e-08
0.003016,0.028802083333333332,0.5760416666666666,998.3838648998275,8.641259464216759e-08
0.003016,0.02890625,0.578125,998.2935453215739,8.703877013406895e-08
0.003016,0.02901041666666667,0.5802083333333333,998.1986012453248,8.766720618730567e-08
0.003016,0.029114583333333333,0.5822916666666667,998.0988211734791,8.82979028018902e-08
0.003016,0.02921875,0.584375,997.9939853592417,8.8930859977818e-08
0.003016,0.02932291666666667,0.5864583333333334,997.8838655603533,8.956607771508346e-08
0.003016,0.029427083333333333,0.5885416666666666,997.7682247893031,9.020355601369559e-08
0.003016,0.029531250000000002,0.590625,997.6468170601784,9.084329487365213e-08
0.003016,0.02963541666666667,0.5927083333333334,997.5193871323181,9.148529429494518e-08
0.003016,0.029739583333333333,0.5947916666666666,997.3856702509546,9.212955427758376e-08
0.003016,0.029843750000000002,0.596875,997.2453918850348,9.277607482156791e-08
0.003016,0.02994791666666667,0.5989583333333334,997.0982674624358,9.342485592688967e-08
0.003016,0.030052083333333333,0.6010416666666666,996.9440021027991,9.407589759355586e-08
0.003016,0.030156250000000002,0.603125,996.7822903482198,9.472919982156533e-08
0.003016,0.030260416666666668,0.6052083333333333,996.6128158920525,9.538476261092148e-08
0.003016,0.030364583333333334,0.6072916666666667,996.4352513061,9.604258596161075e-08
0.003016,0.030468750000000003,0.609375,996.2492577664756,9.670266987364895e-08
0.003016,0.03057291666666667,0.6114583333333333,996.0544847784395,9.736501434703157e-08
0.003016,0.030677083333333334,0.6135416666666667,995.8505699005345,9.802961938175069e-08
0.003016,0.030781250000000003,0.615625,995.6371384683496,9.869648497781536e-08
0.003016,0.03088541666666667,0.6177083333333333,995.4138033182719,9.936561113522669e-08
0.003016,0.030989583333333334,0.6197916666666666,995.180164511597,1.0003699785397228e-07
0.003016,0.031093750000000003,0.6218750000000001,994.9358090593782,1.0071064513406568e-07
0.003016,0.031197916666666665,0.6239583333333333,994.6803106484292,1.0138655297550009e-07
0.003016,0.031302083333333335,0.6260416666666666,994.4132293688948,1.0206472137828118e-07
0.003016,0.031406250000000004,0.628125,994.134111443833,1.027451503424033e-07
0.003016,0.031510416666666666,0.6302083333333333,993.8424889612617,1.0342783986785854e-07
0.003016,0.031614583333333335,0.6322916666666667,993.5378796091475,1.0411278995466949e-07
0.003016,0.031718750000000004,0.634375,993.2197864138247,1.0480000060281807e-07
0.003016,0.03182291666666667,0.6364583333333335,992.8876974823527,1.0548947181230429e-07
0.003016,0.031927083333333335,0.6385416666666667,992.541085749336,1.0618120358314171e-07
0.003016,0.032031250000000004,0.640625,992.1794087287515,1.0687519591531901e-07
0.003016,0.032135416666666666,0.6427083333333333,991.8021082713348,1.0757144880882945e-07
0.003016,0.032239583333333335,0.6447916666666667,991.4086103281059,1.0826996226370011e-07
0.003016,0.032343750000000004,0.6468750000000001,990.9983247206146,1.0897073627989485e-07
0.003016,0.03244791666666667,0.6489583333333333,990.5706449185208,1.0967377085744755e-07
0.003016,0.032552083333333336,0.6510416666666666,990.1249478251182,1.103790659963379e-07
0.003016,0.03265625,0.653125,989.6605935714462,1.1108662169656136e-07
0.003016,0.03276041666666667,0.6552083333333333,989.1769253196265,1.117964379581428e-07
0.003016,0.032864583333333336,0.6572916666666667,988.6732690760932,1.1250851478105962e-07
0.003016,0.032968750000000005,0.659375,988.1489335153834,1.1322285216531181e-07
0.003016,0.03307291666666667,0.6614583333333333,987.6032098151773,1.1393945011091971e-07
0.003016,0.033177083333333336,0.6635416666666667,987.0353715032817,1.1465830861786751e-07
0.003016,0.03328125,0.6656249999999999,986.4446743172637,1.1537942768614391e-07
0.003016,0.03338541666666667,0.6677083333333333,985.8303560774445,1.1610280731578055e-07
0.003016,0.033489583333333336,0.6697916666666667,985.1916365739862,1.1682844750675481e-07
0.003016,0.033593750000000006,0.6718750000000001,984.5277174687938,1.175563482590622e-07
0.003016,0.03369791666666667,0.6739583333333333,983.8377822129713,1.1828650957272528e-07
0.003016,0.03380208333333334,0.6760416666666667,983.1209959805768,1.1901893144772828e-07
0.003016,0.03390625,0.678125,982.3765056194184,1.1975361388405988e-07
0.003016,0.03401041666666667,0.6802083333333333,981.6034396196433,1.2049055688175396e-07
0.003016,0.03411458333333334,0.6822916666666667,980.8009081008651,1.212297604407834e-07
0.003016,0.034218750000000006,0.6843750000000001,979.9680028185845,1.2197122456114373e-07
0.003016,0.03432291666666667,0.6864583333333333,979.1037971906472,1.2271494924286653e-07
0.003016,0.03442708333333334,0.6885416666666667,978.20734634449,1.234609344859202e-07
0.003016,0.03453125,0.6906249999999999,977.2776871859105,1.242091802903115e-07
0.003016,0.03463541666666667,0.6927083333333334,976.3138384901018,1.2495968665605852e-07
0.003016,0.03473958333333334,0.6947916666666667,975.3148010156775,1.2571245358314543e-07
0.003016,0.03484375000000001,0.6968750000000001,974.279557642406,1.2646748107156093e-07
0.003016,0.03494791666666667,0.6989583333333333,973.2070735333663,1.272247691213367e-07
0.003016,0.03505208333333333,0.7010416666666666,972.0962963222124,1.27984317732441e-07
0.003016,0.03515625,0.703125,970.9461563262424,1.2874612690490106e-07
0.003016,0.03526041666666667,0.7052083333333333,969.755566785921,1.29510196638701e-07
0.003016,0.03536458333333334,0.7072916666666668,968.5234241315186,1.302765269338273e-07
0.003016,0.03546875,0.709375,967.248608277486,1.310451177903206e-07
0.003016,0.03557291666666667,0.7114583333333333,965.929982945174,1.318159692081425e-07
0.003016,0.03567708333333333,0.7135416666666666,964.566396014479,1.3258908118730204e-07
0.003016,0.03578125,0.715625,963.1566799049797,1.3336445372781952e-07
0.003016,0.03588541666666667,0.7177083333333334,961.6996519870806,1.3414208682967015e-07
0.003016,0.03598958333333334,0.7197916666666667,960.1941150236818,1.349219804928584e-07
0.003016,0.03609375,0.7218749999999999,958.6388576428266,1.3570413471740238e-07
0.003016,0.03619791666666667,0.7239583333333334,957.032654841775,1.3648854950328173e-07
0.003016,0.03630208333333333,0.7260416666666666,955.3742685229021,1.3727522485049645e-07
0.003016,0.03640625,0.728125,953.6624480617826,1.3806416075906914e-07
0.003016,0.03651041666666667,0.7302083333333333,951.895930907788,1.3885535722897723e-07
0.003016,0.03661458333333334,0.7322916666666668,950.0734432174798,1.3964881426021842e-07
0.003016,0.03671875,0.734375,948.1937005210398,1.4044453185281983e-07
0.003016,0.03682291666666667,0.7364583333333333,946.2554084219356,1.4124251000675439e-07
0.003016,0.03692708333333333,0.7385416666666667,944.257263329969,1.4204274872202204e-07
0.003016,0.03703125,0.740625,942.1979532278069,1.4284524799865444e-07
0.003016,0.03713541666666667,0.7427083333333334,940.0761584710489,1.4365000783661544e-07
0.003016,0.03723958333333334,0.7447916666666667,937.8905526218322,1.4445702823591183e-07
0.003016,0.03734375,0.746875,935.639803315912,1.452663091965707e-07
0.003016,0.03744791666666667,0.7489583333333334,933.322573163115,1.4607785071856045e-07
0.003016,0.03755208333333333,0.7510416666666666,930.9375206809991,1.4689165280188328e-07
0.003016,0.03765625,0.753125,928.4833012614934,1.4770771544656862e-07
0.003016,0.03776041666666667,0.7552083333333334,925.9585681702334,1.4852603865258936e-07
0.003016,0.03786458333333334,0.7572916666666668,923.3619735782538,1.4934662241993866e-07
0.003016,0.03796875,0.759375,920.6921696256235,1.50169466748655e-07
0.003016,0.038072916666666665,0.7614583333333332,917.9478095165616,1.509945716386886e-07
0.003016,0.038177083333333334,0.7635416666666667,915.1275486454975,1.51821937090087e-07
0.003016,0.03828125,0.765625,912.2300457534807,1.5265156310282076e-07
0.003016,0.03838541666666667,0.7677083333333334,909.2539641142687,1.534834496768831e-07
0.003016,0.038489583333333334,0.7697916666666667,906.197972749374,1.5431759681231247e-07
0.003016,0.03859375,0.771875,903.060747671265,1.5515400450906818e-07
0.003016,0.038697916666666665,0.7739583333333333,899.8409731538618,1.559926727671615e-07
0.003016,0.038802083333333334,0.7760416666666666,896.5373430293896,1.5683360158661735e-07
0.003016,0.03890625,0.7781250000000001,893.1485620105996,1.5767679096740403e-07
0.003016,0.03901041666666667,0.7802083333333334,889.6733470372794,1.5852224090952158e-07
0.003016,0.039114583333333335,0.7822916666666666,886.1104286459303,1.5936995141300613e-07
0.003016,0.039218750000000004,0.784375,882.458552361394,1.6021992247781928e-07
0.003016,0.039322916666666666,0.7864583333333333,878.7164801091799,1.6107215410396782e-07
0.003016,0.039427083333333335,0.7885416666666667,874.8829916471376,1.619266462914743e-07
0.003016,0.039531250000000004,0.790625,870.9568860150918,1.6278339904032073e-07
0.003016,0.03963541666666667,0.7927083333333335,866.9369830009598,1.63642412350498e-07
0.003016,0.039739583333333335,0.7947916666666667,862.822124621834,1.645036862220332e-07
0.003016,0.039843750000000004,0.796875,858.6111766184284,1.653672206548993e-07
0.003016,0.039947916666666666,0.7989583333333333,854.3030299612471,1.662330156491098e-07
0.003016,0.040052083333333335,0.8010416666666667,849.8966023667558,1.6710107120466923e-07
0.003016,0.040156250000000004,0.8031250000000001,845.3908398217872,1.6797138732157308e-07
0.003016,0.040260416666666674,0.8052083333333334,840.7847181143603,1.6884396399979875e-07
0.003016,0.040364583333333336,0.8072916666666666,836.0772443690296,1.6971880123939145e-07
0.003016,0.040468750000000005,0.8093750000000001,831.2674585848326,1.7059589904032401e-07
0.003016,0.04057291666666667,0.8114583333333333,826.3544351738642,1.714752574025739e-07
0.003016,0.040677083333333336,0.8135416666666667,821.3372844984365,1.723568763261998e-07
0.003016,0.040781250000000005,0.815625,816.2151544047691,1.7324075581114304e-07
0.003016,0.04088541666666667,0.8177083333333333,810.9872317510869,1.7412689585744878e-07
0.003016,0.040989583333333336,0.8197916666666667,805.652743927976,1.7501529646508985e-07
0.003016,0.04109375,0.8218749999999999,800.2109603688207,1.7590595763406183e-07
0.003016,0.04119791666666667,0.8239583333333333,794.6611940480904,1.7679887936439175e-07
0.003016,0.041302083333333336,0.8260416666666667,789.0028029652443,1.7769406165606157e-07
0.003016,0.041406250000000006,0.8281250000000001,783.2351916119729,1.7859150450905774e-07
0.003016,0.04151041666666667,0.8302083333333333,777.3578124204889,1.794912079234254e-07
0.003016,0.04161458333333334,0.8322916666666667,771.3701671905555,1.8039317189911492e-07
0.003016,0.04171875,0.834375,765.2718084929342,1.8129739643614432e-07
0.003016,0.04182291666666667,0.8364583333333333,759.0623410469107,1.822038815345317e-07
0.003016,0.04192708333333334,0.8385416666666667,752.7414230695701,1.8311262719425446e-07
0.003016,0.042031250000000006,0.8406250000000001,746.3087675944737,1.840236334153081e-07
0.003016,0.04213541666666667,0.8427083333333333,739.7641437574069,1.849369001977287e-07
0.003016,0.04223958333333334,0.8447916666666667,733.1073780468669,1.858524275414802e-07
0.003016,0.04234375,0.8468749999999999,726.3383555169752,1.86770215446558e-07
0.003016,0.04244791666666667,0.8489583333333334,719.4570209605095,1.8769026391300282e-07
0.003016,0.04255208333333334,0.8510416666666667,712.4633800397837,1.8861257294078756e-07
0.003016,0.04265625000000001,0.8531250000000001,705.3575003731124,1.895371425298896e-07
0.003016,0.04276041666666667,0.8552083333333333,698.1395125746456,1.9046397268036766e-07
0.003016,0.04286458333333334,0.8572916666666667,690.8096112453729,1.9139306339217206e-07
0.003016,0.04296875,0.859375,683.3680559131624,1.9232441466530734e-07
0.003016,0.04307291666666667,0.8614583333333333,675.8151719197132,1.9325802649981414e-07
0.003016,0.04317708333333334,0.8635416666666668,668.1513512523774,1.9419389889564276e-07
0.003016,0.04328125000000001,0.8656250000000001,660.3770533188389,1.9513203185280676e-07
0.003016,0.04338541666666667,0.8677083333333333,652.492805662709,1.9607242537134228e-07
0.003016,0.04348958333333333,0.8697916666666666,644.4992046181504,1.970150794511861e-07
0.003016,0.04359375,0.871875,636.3969159017192,1.979599940924059e-07
0.003016,0.04369791666666667,0.8739583333333334,628.1866751396761,1.9890716929494757e-07
0.003016,0.04380208333333334,0.8760416666666667,619.8692883290942,1.9985660505882912e-07
0.003016,0.04390625,0.8781249999999999,611.4456322311808,2.0080830138406865e-07
0.003016,0.04401041666666667,0.8802083333333334,602.9166546952969,2.0176225827064356e-07
0.003016,0.04411458333333333,0.8822916666666666,594.2833749122714,2.0271847571854933e-07
0.003016,0.04421875,0.884375,585.546883595662,2.0367695372782208e-07
0.003016,0.04432291666666667,0.8864583333333333,576.7083430897558,2.046376922984212e-07
0.003016,0.04442708333333334,0.8885416666666668,567.7689874031557,2.056006914303557e-07
0.003016,0.04453125,0.890625,558.7301221669393,2.0656595112365265e-07
0.003016,0.04463541666666667,0.8927083333333333,549.5931245164528,2.0753347137828502e-07
0.003016,0.04473958333333333,0.8947916666666667,540.3594428959411,2.0850325219424372e-07
0.003016,0.04484375,0.896875,531.0305967852889,2.094752935715694e-07
0.003016,0.04494791666666667,0.8989583333333334,521.6081763483076,2.104495955102305e-07
0.003016,0.04505208333333334,0.9010416666666667,512.093842002072,2.114261580102134e-07
0.003016,0.04515625,0.903125,502.48932390697246,2.1240498107157234e-07
0.003016,0.04526041666666667,0.9052083333333334,492.79642137723465,2.1338606469425763e-07
0.003016,0.04536458333333333,0.9072916666666666,483.01700221181414,2.1436940887826928e-07
0.003016,0.04546875,0.909375,473.15300194565935,2.1535501362365242e-07
0.003016,0.04557291666666667,0.9114583333333334,463.2064230215047,2.1634287893037096e-07
0.003016,0.04567708333333334,0.9135416666666668,453.17933388244614,2.173330047984068e-07
0.003016,0.04578125,0.915625,443.0738679857004,2.1832539122782318e-07
0.003016,0.04588541666666667,0.9177083333333333,432.8922227380686,2.193200382185614e-07
0.003016,0.045989583333333334,0.9197916666666667,422.6366583537618,2.2031694577063048e-07
0.003016,0.04609375,0.921875,412.3094966353554,2.2131611388407109e-07
0.003016,0.04619791666666667,0.9239583333333334,401.91311967879915,2.2231754255884256e-07
0.003016,0.04630208333333334,0.9260416666666668,391.4499685035003,2.2332123179493585e-07
0.003016,0.04640625,0.928125,380.92254160865525,2.2432718159240517e-07
0.003016,0.046510416666666665,0.9302083333333333,370.333393457111,2.2533539195118278e-07
0.003016,0.046614583333333334,0.9322916666666666,359.6851328881771,2.2634586287134095e-07
0.003016,0.04671875,0.9343750000000001,348.98042146091876,2.2735859435282093e-07
0.003016,0.04682291666666667,0.9364583333333334,338.2219717295875,2.2837358639563176e-07
0.003016,0.046927083333333335,0.9385416666666666,327.41254545297096,2.2939083899981415e-07
0.003016,0.047031250000000004,0.940625,316.55495173954654,2.3041035216531832e-07
0.003016,0.047135416666666666,0.9427083333333333,305.65204513045865,2.314321258921579e-07
0.003016,0.047239583333333335,0.9447916666666667,294.706723622417,2.32456160180369e-07
0.003016,0.047343750000000004,0.946875,283.72192663276337,2.3348245502990644e-07
0.003016,0.04744791666666667,0.9489583333333335,272.7006329090169,2.345110104407702e-07
0.003016,0.047552083333333335,0.9510416666666667,261.64585838534066,2.3554182641300552e-07
0.003016,0.047656250000000004,0.953125,250.56065398844683,2.3657490294657168e-07
0.003016,0.047760416666666666,0.9552083333333333,239.44810339557267,2.376102400414642e-07
0.003016,0.047864583333333335,0.9572916666666667,228.3113207472144,2.386478376977282e-07
0.003016,0.047968750000000004,0.9593750000000001,217.15344831743502,2.3968769591532307e-07
0.003016,0.048072916666666674,0.9614583333333334,205.977654144594,2.407298146942398e-07
0.003016,0.048177083333333336,0.9635416666666666,194.78712962545737,2.417741940345371e-07
0.003016,0.048281250000000005,0.9656250000000001,183.58508707569283,2.4282083393615617e-07
0.003016,0.04838541666666667,0.9677083333333333,172.37475725983774,2.438697343991016e-07
0.003016,0.048489583333333336,0.9697916666666667,161.1593868938579,2.449208954234231e-07
0.003016,0.048593750000000005,0.971875,149.9422361235061,2.459743170090709e-07
0.003016,0.048697916666666674,0.9739583333333335,138.72657598169616,2.470299991560451e-07
0.003016,0.048802083333333336,0.9760416666666667,127.51568582818214,2.480879418643998e-07
0.003016,0.048906250000000005,0.978125,116.31285077484469,2.4914814513407184e-07
0.003016,0.04901041666666667,0.9802083333333333,105.1213590999383,2.502106089650702e-07
0.003016,0.049114583333333336,0.9822916666666667,93.94449965464464,2.5127533335745364e-07
0.003016,0.049218750000000006,0.9843750000000001,82.78555926533564,2.5234231831114086e-07
0.003016,0.04932291666666667,0.9864583333333333,71.64782013492045,2.534115638261996e-07
0.003016,0.04942708333333334,0.9885416666666667,60.53455724668102,2.5448306990258915e-07
0.003016,0.04953125,0.990625,49.44903577399937,2.555568365403096e-07
0.003016,0.04963541666666667,0.9927083333333333,38.39450849934738,2.5663286373939703e-07
0.003016,0.04973958333333334,0.9947916666666667,27.374213245935078,2.5771115149981084e-07
0.003016,0.049843750000000006,0.9968750000000001,16.39137032535352,2.587916998215555e-07
0.003016,0.04994791666666667,0.9989583333333333,5.4491800045533365,2.598745087046762e-07
0.003056,5.208333333333334e-05,0.0010416666666666667,999.9999999988919,3.7676022376543216e-13
0.003056,0.00015625,0.0031249999999999997,999.9999999988861,2.637321566358025e-12
0.003056,0.00026041666666666666,0.005208333333333333,999.9999999988747,7.158444251543212e-12
0.003056,0.00036458333333333335,0.007291666666666667,999.9999999988574,1.394012827932099e-11
0.003056,0.00046875,0.009375,999.9999999988339,2.2982373649691355e-11
0.003056,0.0005729166666666667,0.011458333333333333,999.9999999988042,3.4285180362654335e-11
0.003056,0.0006770833333333334,0.013541666666666667,999.9999999987679,4.784854841820988e-11
0.003056,0.00078125,0.015625,999.9999999987252,6.367247781635804e-11
0.003056,0.0008854166666666667,0.017708333333333333,999.9999999986757,8.175696855709879e-11
0.003056,0.0009895833333333334,0.019791666666666666,999.9999999986186,1.0210202064043203e-10
0.003056,0.00109375,0.021875000000000002,999.999999998553,1.2470763406635805e-10
0.003056,0.0011979166666666666,0.02395833333333333,999.9999999984791,1.4957380883487663e-10
0.003056,0.0013020833333333335,0.026041666666666668,999.9999999983961,1.7670054494598758e-10
0.003056,0.00140625,0.028124999999999997,999.9999999983029,2.0608784239969144e-10
0.003056,0.0015104166666666669,0.030208333333333337,999.999999998199,2.3773570119598785e-10
0.003056,0.0016145833333333333,0.03229166666666666,999.9999999980832,2.7164412133487647e-10
0.003056,0.0017187500000000002,0.034375,999.999999997955,3.0781310281635824e-10
0.003056,0.0018229166666666667,0.03645833333333333,999.9999999978124,3.462426456404321e-10
0.003056,0.0019270833333333336,0.03854166666666667,999.9999999976551,3.869327498070989e-10
0.003056,0.00203125,0.040625,999.999999997481,4.298834153163573e-10
0.003056,0.0021354166666666665,0.04270833333333333,999.9999999972886,4.750946421682109e-10
0.003056,0.0022395833333333334,0.04479166666666667,999.9999999970767,5.225664303626536e-10
0.003056,0.0023437500000000003,0.04687500000000001,999.999999996843,5.722987798996925e-10
0.003056,0.002447916666666667,0.04895833333333333,999.9999999965854,6.242916907793205e-10
0.003056,0.0025520833333333333,0.051041666666666666,999.9999999963017,6.785451630015442e-10
0.003056,0.00265625,0.053125,999.9999999959896,7.350591965663565e-10
0.003056,0.002760416666666667,0.05520833333333334,999.9999999956455,7.938337914737678e-10
0.003056,0.0028645833333333336,0.05729166666666667,999.9999999952668,8.548689477237637e-10
0.003056,0.00296875,0.059375,999.99999999485,9.18164665316361e-10
0.003056,0.003072916666666667,0.06145833333333334,999.9999999943911,9.837209442515417e-10
0.003056,0.003177083333333334,0.06354166666666668,999.9999999938867,1.0515377845293237e-09
0.003056,0.0032812500000000003,0.065625,999.9999999933315,1.1216151861496883e-09
0.003056,0.0033854166666666668,0.06770833333333333,999.999999992721,1.1939531491126517e-09
0.003056,0.0034895833333333333,0.06979166666666665,999.9999999920494,1.2685516734182142e-09
0.003056,0.00359375,0.071875,999.9999999913103,1.345410759066356e-09
0.003056,0.003697916666666667,0.07395833333333333,999.9999999904971,1.424530406057101e-09
0.003056,0.0038020833333333335,0.07604166666666666,999.9999999896025,1.5059106143904297e-09
0.003056,0.00390625,0.078125,999.9999999886182,1.5895513840663619e-09
0.003056,0.004010416666666667,0.08020833333333334,999.9999999875346,1.6754527150848731e-09
0.003056,0.004114583333333333,0.08229166666666665,999.9999999863423,1.7636146074459857e-09
0.003056,0.00421875,0.084375,999.9999999850302,1.8540370611497038e-09
0.003056,0.004322916666666668,0.08645833333333335,999.999999983586,1.9467200761959833e-09
0.003056,0.004427083333333333,0.08854166666666666,999.9999999819971,2.0416636525848733e-09
0.003056,0.0045312500000000006,0.09062500000000001,999.9999999802488,2.138867790316355e-09
0.003056,0.004635416666666667,0.09270833333333334,999.9999999783249,2.2383324893904475e-09
0.003056,0.0047395833333333335,0.09479166666666666,999.9999999762073,2.3400577498070924e-09
0.003056,0.004843750000000001,0.09687500000000002,999.9999999738769,2.444043571566356e-09
0.003056,0.0049479166666666664,0.09895833333333333,999.9999999713123,2.5502899546682077e-09
0.003056,0.005052083333333334,0.10104166666666667,999.9999999684895,2.658796899112643e-09
0.003056,0.00515625,0.103125,999.999999965383,2.7695644048997107e-09
0.003056,0.005260416666666667,0.10520833333333333,999.9999999619648,2.8825924720293132e-09
0.003056,0.005364583333333334,0.10729166666666667,999.9999999582031,2.997881100501539e-09
0.003056,0.00546875,0.10937499999999999,999.999999954064,3.1154302903163524e-09
0.003056,0.005572916666666667,0.11145833333333334,999.9999999495087,3.2352400414737896e-09
0.003056,0.005677083333333334,0.11354166666666668,999.9999999444966,3.3573103539737616e-09
0.003056,0.00578125,0.11562499999999999,999.9999999389821,3.481641227816348e-09
0.003056,0.005885416666666667,0.11770833333333335,999.999999932915,3.6082326630015406e-09
0.003056,0.005989583333333334,0.11979166666666667,999.9999999262399,3.737084659529347e-09
0.003056,0.00609375,0.121875,999.9999999188964,3.86819721739968e-09
0.003056,0.0061979166666666675,0.12395833333333335,999.9999999108179,4.001570336612654e-09
0.003056,0.006302083333333333,0.12604166666666666,999.9999999019324,4.137204017168198e-09
0.003056,0.0064062500000000005,0.128125,999.9999998921589,4.275098259066392e-09
0.003056,0.006510416666666668,0.13020833333333334,999.9999998814103,4.415253062307077e-09
0.003056,0.006614583333333333,0.13229166666666667,999.9999998695896,4.557668426890429e-09
0.003056,0.006718750000000001,0.134375,999.9999998565913,4.70234435281636e-09
0.003056,0.006822916666666666,0.13645833333333332,999.9999998422994,4.8492808400848535e-09
0.003056,0.006927083333333334,0.13854166666666667,999.9999998265865,4.9984778886960314e-09
0.003056,0.007031250000000001,0.140625,999.9999998093127,5.149935498649682e-09
0.003056,0.007135416666666667,0.14270833333333333,999.9999997903249,5.303653669945966e-09
0.003056,0.007239583333333334,0.14479166666666668,999.9999997694554,5.4596324025848815e-09
0.003056,0.0073437500000000005,0.146875,999.9999997465205,5.617871696566394e-09
0.003056,0.007447916666666667,0.14895833333333333,999.9999997213176,5.7783715518904144e-09
0.003056,0.007552083333333334,0.15104166666666669,999.999999693626,5.941131968557085e-09
0.003056,0.00765625,0.15312499999999998,999.9999996632048,6.106152946566353e-09
0.003056,0.007760416666666667,0.15520833333333334,999.9999996297877,6.273434485918199e-09
0.003056,0.007864583333333335,0.1572916666666667,999.9999995930847,6.442976586612696e-09
0.003056,0.00796875,0.159375,999.9999995527775,6.614779248649736e-09
0.003056,0.008072916666666667,0.16145833333333334,999.999999508517,6.788842472029249e-09
0.003056,0.008177083333333335,0.1635416666666667,999.9999994599233,6.965166256751589e-09
0.003056,0.00828125,0.165625,999.9999994065788,7.143750602816296e-09
0.003056,0.008385416666666666,0.16770833333333332,999.9999993480266,7.324595510223794e-09
0.003056,0.008489583333333335,0.1697916666666667,999.9999992837672,7.507700978973836e-09
0.003056,0.00859375,0.171875,999.9999992132554,7.693067009066281e-09
0.003056,0.008697916666666666,0.17395833333333333,999.9999991358926,7.880693600501587e-09
0.003056,0.008802083333333334,0.17604166666666665,999.9999990510266,8.070580753279225e-09
0.003056,0.008906250000000001,0.178125,999.9999989579429,8.26272846739976e-09
0.003056,0.009010416666666667,0.18020833333333333,999.9999988558617,8.457136742862698e-09
0.003056,0.009114583333333334,0.18229166666666666,999.9999987439304,8.653805579668144e-09
0.003056,0.009218750000000001,0.184375,999.9999986212173,8.852734977816417e-09
0.003056,0.009322916666666667,0.18645833333333334,999.9999984867052,9.053924937307163e-09
0.003056,0.009427083333333334,0.18854166666666666,999.9999983392823,9.257375458140312e-09
0.003056,0.009531250000000002,0.19062500000000002,999.9999981777368,9.463086540316427e-09
0.003056,0.009635416666666667,0.19270833333333334,999.9999980007431,9.67105818383477e-09
0.003056,0.009739583333333333,0.19479166666666664,999.9999978068569,9.88129038869608e-09
0.003056,0.009843750000000002,0.19687500000000002,999.9999975945012,1.009378315489972e-08
0.003056,0.009947916666666667,0.19895833333333335,999.9999973619554,1.0308536482445941e-08
0.003056,0.010052083333333333,0.20104166666666665,999.999997107343,1.0525550371334883e-08
0.003056,0.01015625,0.203125,999.9999968286185,1.0744824821566263e-08
0.003056,0.010260416666666668,0.20520833333333335,999.99999652355,1.0966359833140502e-08
0.003056,0.010364583333333333,0.20729166666666665,999.9999961897066,1.1190155406057182e-08
0.003056,0.01046875,0.209375,999.9999958244383,1.1416211540316228e-08
0.003056,0.010572916666666668,0.21145833333333336,999.9999954248583,1.1644528235918276e-08
0.003056,0.010677083333333334,0.21354166666666666,999.9999949878214,1.1875105492862764e-08
0.003056,0.010781250000000001,0.215625,999.9999945099021,1.2107943311149548e-08
0.003056,0.010885416666666668,0.21770833333333336,999.9999939873715,1.2343041690779405e-08
0.003056,0.010989583333333334,0.21979166666666666,999.9999934161699,1.2580400631751417e-08
0.003056,0.01109375,0.221875,999.9999927918783,1.2820020134066432e-08
0.003056,0.011197916666666669,0.22395833333333337,999.9999921096895,1.3061900197723885e-08
0.003056,0.011302083333333334,0.22604166666666667,999.9999913643725,1.3306040822723636e-08
0.003056,0.01140625,0.228125,999.9999905502392,1.3552442009066458e-08
0.003056,0.011510416666666669,0.23020833333333338,999.9999896611037,1.380110375675165e-08
0.003056,0.011614583333333334,0.23229166666666667,999.9999886902405,1.4052026065779137e-08
0.003056,0.01171875,0.234375,999.9999876303411,1.4305208936149768e-08
0.003056,0.011822916666666667,0.23645833333333333,999.9999864734627,1.4560652367862555e-08
0.003056,0.011927083333333335,0.23854166666666668,999.9999852109763,1.4818356360918274e-08
0.003056,0.01203125,0.240625,999.9999838335088,1.5078320915316502e-08
0.003056,0.012135416666666668,0.24270833333333333,999.9999823308831,1.5340546031056886e-08
0.003056,0.012239583333333335,0.24479166666666669,999.9999806920492,1.5605031708140554e-08
0.003056,0.01234375,0.246875,999.9999789050137,1.5871777946566237e-08
0.003056,0.012447916666666666,0.2489583333333333,999.9999769567611,1.6140784746334993e-08
0.003056,0.012552083333333335,0.25104166666666666,999.9999748331708,1.6412052107446045e-08
0.003056,0.01265625,0.253125,999.9999725189272,1.6685580029899538e-08
0.003056,0.012760416666666666,0.2552083333333333,999.9999699974209,1.6961368513696032e-08
0.003056,0.012864583333333336,0.2572916666666667,999.9999672506453,1.7239417558835103e-08
0.003056,0.012968750000000001,0.259375,999.999964259083,1.751972716531619e-08
0.003056,0.013072916666666667,0.2614583333333333,999.9999610015834,1.7802297333140422e-08
0.003056,0.013177083333333334,0.2635416666666667,999.9999574552314,1.808712806230695e-08
0.003056,0.013281250000000001,0.265625,999.9999535952077,1.837421935281648e-08
0.003056,0.013385416666666667,0.2677083333333333,999.9999493946349,1.866357120466831e-08
0.003056,0.013489583333333334,0.26979166666666665,999.9999448244147,1.8955183617862574e-08
0.003056,0.013593750000000002,0.27187500000000003,999.9999398530531,1.92490565923997e-08
0.003056,0.013697916666666667,0.2739583333333333,999.9999344464675,1.9545190128279125e-08
0.003056,0.013802083333333333,0.27604166666666663,999.9999285677877,1.9843584225501692e-08
0.003056,0.013906250000000002,0.278125,999.9999221771326,2.0144238884066556e-08
0.003056,0.014010416666666668,0.28020833333333334,999.9999152313792,2.0447154103973576e-08
0.003056,0.014114583333333333,0.28229166666666666,999.9999076839075,2.075232988522388e-08
0.003056,0.014218750000000002,0.28437500000000004,999.9998994843295,2.1059766227816485e-08
0.003056,0.014322916666666668,0.2864583333333333,999.999890578198,2.1369463131751243e-08
0.003056,0.014427083333333333,0.28854166666666664,999.9998809066934,2.1681420597029567e-08
0.003056,0.01453125,0.290625,999.9998704062904,2.1995638623649482e-08
0.003056,0.014635416666666668,0.29270833333333335,999.9998590083953,2.2312117211612685e-08
0.003056,0.014739583333333334,0.2947916666666667,999.9998466389609,2.2630856360918465e-08
0.003056,0.014843750000000001,0.296875,999.9998332180722,2.2951856071566118e-08
0.003056,0.014947916666666668,0.2989583333333333,999.9998186595037,2.3275116343557198e-08
0.003056,0.015052083333333334,0.30104166666666665,999.9998028702425,2.360063717689015e-08
0.003056,0.01515625,0.303125,999.99978574998,2.392841857156653e-08
0.003056,0.015260416666666669,0.30520833333333336,999.9997671905658,2.4258460527585065e-08
0.003056,0.015364583333333334,0.3072916666666667,999.9997470754232,2.4590763044945754e-08
0.003056,0.01546875,0.30937499999999996,999.9997252789244,2.492532612364987e-08
0.003056,0.015572916666666667,0.31145833333333334,999.9997016657212,2.526214976369572e-08
0.003056,0.015677083333333335,0.31354166666666666,999.9996760900297,2.560123396508556e-08
0.003056,0.015781250000000004,0.31562500000000004,999.9996483948643,2.5942578727816002e-08
0.003056,0.015885416666666666,0.3177083333333333,999.9996184112191,2.6286184051890294e-08
0.003056,0.015989583333333335,0.3197916666666667,999.9995859571945,2.663204993730759e-08
0.003056,0.016093750000000004,0.3218750000000001,999.9995508370616,2.6980176384066193e-08
0.003056,0.016197916666666666,0.3239583333333333,999.9995128402644,2.73305633921678e-08
0.003056,0.016302083333333335,0.3260416666666667,999.9994717403534,2.768321096161241e-08
0.003056,0.01640625,0.328125,999.9994272938469,2.8038119092400304e-08
0.003056,0.016510416666666666,0.3302083333333333,999.999379239017,2.839528778452894e-08
0.003056,0.016614583333333335,0.3322916666666667,999.9993272945947,2.875471703800143e-08
0.003056,0.01671875,0.334375,999.9992711583866,2.911640685281692e-08
0.003056,0.016822916666666667,0.3364583333333333,999.999210505801,2.9480357228973435e-08
0.003056,0.016927083333333336,0.3385416666666667,999.9991449882757,2.9846568166473517e-08
0.003056,0.01703125,0.340625,999.9990742316064,3.021503966531717e-08
0.003056,0.017135416666666667,0.34270833333333334,999.9989978341619,3.0585771725501285e-08
0.003056,0.017239583333333336,0.3447916666666667,999.9989153649825,3.0958764347028965e-08
0.003056,0.01734375,0.346875,999.9988263617613,3.133401752990049e-08
0.003056,0.017447916666666667,0.3489583333333333,999.9987303286886,3.17115312741122e-08
0.003056,0.017552083333333336,0.3510416666666667,999.9986267341628,3.209130557966776e-08
0.003056,0.01765625,0.35312499999999997,999.9985150083539,3.247334044656604e-08
0.003056,0.017760416666666667,0.35520833333333335,999.998394540613,3.285763587480789e-08
0.003056,0.017864583333333336,0.35729166666666673,999.9982646767168,3.3244191864390195e-08
0.003056,0.01796875,0.35937499999999994,999.9981247159411,3.363300841531607e-08
0.003056,0.018072916666666668,0.3614583333333333,999.997973907952,3.4024085527585514e-08
0.003056,0.018177083333333337,0.3635416666666667,999.9978114495034,3.44174232011957e-08
0.003056,0.01828125,0.365625,999.9976364809283,3.481302143614945e-08
0.003056,0.018385416666666668,0.36770833333333336,999.9974480824203,3.5210880232446777e-08
0.003056,0.018489583333333337,0.36979166666666674,999.9972452700804,3.561099959008456e-08
0.003056,0.01859375,0.37187499999999996,999.9970269917306,3.601337950906591e-08
0.003056,0.018697916666666668,0.37395833333333334,999.9967921224718,3.641801998939139e-08
0.003056,0.018802083333333337,0.3760416666666667,999.9965394599725,3.682492103105649e-08
0.003056,0.01890625,0.378125,999.9962677194801,3.7234082634066e-08
0.003056,0.01901041666666667,0.38020833333333337,999.9959755285337,3.7645504798417954e-08
0.003056,0.019114583333333334,0.38229166666666664,999.9956614213648,3.805918752411347e-08
0.003056,0.01921875,0.38437499999999997,999.9953238329689,3.847513081114945e-08
0.003056,0.01932291666666667,0.38645833333333335,999.9949610928326,3.889333465952871e-08
0.003056,0.019427083333333334,0.3885416666666667,999.9945714182938,3.931379906925267e-08
0.003056,0.01953125,0.390625,999.9941529075221,3.9736524040315963e-08
0.003056,0.01963541666666667,0.3927083333333334,999.9937035320936,4.016150957272339e-08
0.003056,0.019739583333333335,0.39479166666666665,999.9932211291431,4.058875566647438e-08
0.003056,0.01984375,0.396875,999.992703393074,4.10182623215664e-08
0.003056,0.01994791666666667,0.39895833333333336,999.9921478667976,4.145002953800114e-08
0.003056,0.020052083333333335,0.4010416666666667,999.9915519324844,4.188405731578029e-08
0.003056,0.02015625,0.403125,999.9909128018004,4.2320345654898775e-08
0.003056,0.02026041666666667,0.4052083333333334,999.9902275056035,4.275889455536224e-08
0.003056,0.020364583333333332,0.4072916666666666,999.9894928830735,4.319970401716786e-08
0.003056,0.02046875,0.409375,999.9887055702503,4.364277404031733e-08
0.003056,0.02057291666666667,0.41145833333333337,999.9878619879505,4.40881046248067e-08
0.003056,0.020677083333333332,0.41354166666666664,999.9869583290313,4.4535695770639914e-08
0.003056,0.02078125,0.415625,999.9859905449747,4.498554747781754e-08
0.003056,0.02088541666666667,0.4177083333333334,999.9849543317587,4.543765974633451e-08
0.003056,0.020989583333333332,0.4197916666666666,999.983845114982,4.5892032576195316e-08
0.003056,0.02109375,0.421875,999.9826580342085,4.634866596740111e-08
0.003056,0.02119791666666667,0.4239583333333334,999.9813879264984,4.6807559919945106e-08
0.003056,0.021302083333333333,0.42604166666666665,999.980029309085,4.7268714433834645e-08
0.003056,0.02140625,0.42812500000000003,999.9785763611653,4.773212950906747e-08
0.003056,0.02151041666666667,0.4302083333333334,999.9770229047612,4.819780514564019e-08
0.003056,0.021614583333333333,0.43229166666666663,999.97536238461,4.8665741343556193e-08
0.003056,0.021718750000000002,0.434375,999.9735878470478,4.9135938102816046e-08
0.003056,0.021822916666666668,0.43645833333333334,999.9716919178411,4.9608395423419184e-08
0.003056,0.021927083333333333,0.43854166666666666,999.9696667789149,5.0083113305362225e-08
0.003056,0.022031250000000002,0.44062500000000004,999.9675041439453,5.056009174864911e-08
0.003056,0.022135416666666668,0.4427083333333333,999.9651952327569,5.103933075328041e-08
0.003056,0.022239583333333333,0.44479166666666664,999.9627307444849,5.1520830319251046e-08
0.003056,0.022343750000000002,0.446875,999.9601008294492,5.200459044656609e-08
0.003056,0.022447916666666668,0.44895833333333335,999.9572950596881,5.249061113522499e-08
0.003056,0.022552083333333334,0.4510416666666667,999.9543023981013,5.297889238522322e-08
0.003056,0.022656250000000003,0.45312500000000006,999.951111166148,5.346943419656586e-08
0.003056,0.02276041666666667,0.4552083333333333,999.9477090100445,5.396223656925292e-08
0.003056,0.022864583333333334,0.45729166666666665,999.9440828654052,5.445729950327875e-08
0.003056,0.022968750000000003,0.45937500000000003,999.940218920266,5.495462299864899e-08
0.003056,0.02307291666666667,0.46145833333333336,999.9361025764381,5.545420705536421e-08
0.003056,0.023177083333333334,0.4635416666666667,999.931718409123,5.595605167341763e-08
0.003056,0.023281250000000003,0.46562500000000007,999.9270501247323,5.646015685281546e-08
0.003056,0.023385416666666665,0.4677083333333333,999.9220805168487,5.696652259355659e-08
0.003056,0.023489583333333335,0.46979166666666666,999.916791420261,5.747514889564156e-08
0.003056,0.023593750000000004,0.47187500000000004,999.9111636630118,5.7986035759065864e-08
0.003056,0.023697916666666666,0.4739583333333333,999.9051770163875,5.849918318383458e-08
0.003056,0.023802083333333335,0.4760416666666667,999.8988101427844,5.901459116994715e-08
0.003056,0.023906250000000004,0.4781250000000001,999.8920405413808,5.953225971739905e-08
0.003056,0.024010416666666666,0.4802083333333333,999.8848444915504,6.005218882619536e-08
0.003056,0.024114583333333335,0.4822916666666667,999.8771969939376,6.057437849633666e-08
0.003056,0.024218750000000004,0.48437500000000006,999.8690717091307,6.109882872781558e-08
0.003056,0.024322916666666666,0.4864583333333333,999.860440893858,6.16255395206395e-08
0.003056,0.024427083333333335,0.4885416666666667,999.8512753346314,6.215451087480896e-08
0.003056,0.024531250000000004,0.4906250000000001,999.8415442787691,6.268574279031548e-08
0.003056,0.024635416666666667,0.4927083333333333,999.8312153627188,6.321923526716756e-08
0.003056,0.024739583333333336,0.4947916666666667,999.8202545376073,6.375498830536234e-08
0.003056,0.02484375,0.496875,999.8086259919454,6.429300190490099e-08
0.003056,0.024947916666666667,0.49895833333333334,999.7962920714094,6.483327606577895e-08
0.003056,0.025052083333333336,0.5010416666666667,999.783213195626,6.537581078800022e-08
0.003056,0.02515625,0.503125,999.7693477718843,6.592060607156815e-08
0.003056,0.025260416666666667,0.5052083333333333,999.7546521057022,6.646766191647259e-08
0.003056,0.025364583333333336,0.5072916666666667,999.7390803081739,6.70169783227237e-08
0.003056,0.025468750000000002,0.509375,999.7225842000192,6.756855529031811e-08
0.003056,0.025572916666666667,0.5114583333333333,999.7051132122707,6.812239281925015e-08
0.003056,0.025677083333333336,0.5135416666666667,999.686614283518,6.867849090952886e-08
0.003056,0.025781250000000002,0.515625,999.6670317536446,6.923684956115198e-08
0.003056,0.025885416666666668,0.5177083333333333,999.6463072539851,6.97974687741116e-08
0.003056,0.025989583333333337,0.5197916666666667,999.6243795938354,7.036034854841792e-08
0.003056,0.02609375,0.521875,999.6011846432513,7.092548888406525e-08
0.003056,0.026197916666666668,0.5239583333333333,999.5766552120655,7.149288978105813e-08
0.003056,0.026302083333333337,0.5260416666666667,999.5507209250692,7.206255123938978e-08
0.003056,0.02640625,0.528125,999.523308093294,7.263447325906583e-08
0.003056,0.026510416666666668,0.5302083333333333,999.4943395813357,7.320865584008631e-08
0.003056,0.026614583333333337,0.5322916666666667,999.4637346706716,7.378509898244554e-08
0.003056,0.02671875,0.5343749999999999,999.4314089189129,7.43638026861492e-08
0.003056,0.02682291666666667,0.5364583333333334,999.3972740149554,7.494476695119727e-08
0.003056,0.026927083333333338,0.5385416666666667,999.3612376299734,7.55279917775841e-08
0.003056,0.02703125,0.5406249999999999,999.3232032642279,7.611347716531649e-08
0.003056,0.02713541666666667,0.5427083333333333,999.2830700896473,7.670122311439215e-08
0.003056,0.027239583333333338,0.5447916666666667,999.2407327881531,7.729122962480546e-08
0.003056,0.02734375,0.546875,999.196081385709,7.788349669656657e-08
0.003056,0.02744791666666667,0.5489583333333333,999.149001082065,7.847802432966643e-08
0.003056,0.027552083333333335,0.5510416666666667,999.0993720761933,7.907481252411525e-08
0.003056,0.02765625,0.553125,999.0470693873987,7.967386127989829e-08
0.003056,0.02776041666666667,0.5552083333333333,998.9919626721105,8.027517059702915e-08
0.003056,0.027864583333333335,0.5572916666666666,998.9339160363533,8.08787404755033e-08
0.003056,0.02796875,0.559375,998.8727878439157,8.148457091531509e-08
0.003056,0.02807291666666667,0.5614583333333334,998.8084305202341,8.209266191647354e-08
0.003056,0.028177083333333335,0.5635416666666667,998.7406903520192,8.270301347897527e-08
0.003056,0.02828125,0.5656249999999999,998.6694072826646,8.331562560281578e-08
0.003056,0.02838541666666667,0.5677083333333334,998.5944147034774,8.393049828800071e-08
0.003056,0.028489583333333336,0.5697916666666667,998.5155392407888,8.454763153453117e-08
0.003056,0.02859375,0.571875,998.4326005390091,8.516702534239815e-08
0.003056,0.02869791666666667,0.5739583333333333,998.3454110396938,8.57886797116118e-08
0.003056,0.028802083333333332,0.5760416666666666,998.2537757567125,8.641259464216759e-08
0.003056,0.02890625,0.578125,998.1574920476085,8.703877013406895e-08
0.003056,0.02901041666666667,0.5802083333333333,998.0563493812571,8.766720618730567e-08
0.003056,0.029114583333333333,0.5822916666666667,997.9501291019379,8.82979028018902e-08
0.003056,0.02921875,0.584375,997.8386041899498,8.8930859977818e-08
0.003056,0.02932291666666667,0.5864583333333334,997.7215390189069,8.956607771508346e-08
0.003056,0.029427083333333333,0.5885416666666666,997.5986891098709,9.020355601369559e-08
0.003056,0.029531250000000002,0.590625,997.4698008824827,9.084329487365213e-08
0.003056,0.02963541666666667,0.5927083333333334,997.3346114032736,9.148529429494518e-08
0.003056,0.029739583333333333,0.5947916666666666,997.1928481313452,9.212955427758376e-08
0.003056,0.029843750000000002,0.596875,997.0442286616285,9.277607482156791e-08
0.003056,0.02994791666666667,0.5989583333333334,996.8884604659368,9.342485592688967e-08
0.003056,0.030052083333333333,0.6010416666666666,996.7252406320515,9.407589759355586e-08
0.003056,0.030156250000000002,0.603125,996.5542556010869,9.472919982156533e-08
0.003056,0.030260416666666668,0.6052083333333333,996.3751809033964,9.538476261092148e-08
0.003056,0.030364583333333334,0.6072916666666667,996.1876808933058,9.604258596161075e-08
0.003056,0.030468750000000003,0.609375,995.9914084829611,9.670266987364895e-08
0.003056,0.03057291666666667,0.6114583333333333,995.7860048756057,9.736501434703157e-08
0.003056,0.030677083333333334,0.6135416666666667,995.5710992986124,9.802961938175069e-08
0.003056,0.030781250000000003,0.615625,995.3463087366075,9.869648497781536e-08
0.003056,0.03088541666666667,0.6177083333333333,995.1112376650544,9.936561113522669e-08
0.003056,0.030989583333333334,0.6197916666666666,994.8654777846635,1.0003699785397228e-07
0.003056,0.031093750000000003,0.6218750000000001,994.6086077570218,1.0071064513406568e-07
0.003056,0.031197916666666665,0.6239583333333333,994.34019294185,1.0138655297550009e-07
0.003056,0.031302083333333335,0.6260416666666666,994.0597851363082,1.0206472137828118e-07
0.003056,0.031406250000000004,0.628125,993.7669223167936,1.027451503424033e-07
0.003056,0.031510416666666666,0.6302083333333333,993.4611283836833,1.0342783986785854e-07
0.003056,0.031614583333333335,0.6322916666666667,993.1419129094942,1.0411278995466949e-07
0.003056,0.031718750000000004,0.634375,992.8087708909524,1.0480000060281807e-07
0.003056,0.03182291666666667,0.6364583333333335,992.46118250547,1.0548947181230429e-07
0.003056,0.031927083333333335,0.6385416666666667,992.0986128725553,1.0618120358314171e-07
0.003056,0.032031250000000004,0.640625,991.7205118206866,1.0687519591531901e-07
0.003056,0.032135416666666666,0.6427083333333333,991.3263136602036,1.0757144880882945e-07
0.003056,0.032239583333333335,0.6447916666666667,990.91543696278,1.0826996226370011e-07
0.003056,0.032343750000000004,0.6468750000000001,990.4872843480562,1.0897073627989485e-07
0.003056,0.03244791666666667,0.6489583333333333,990.0412422780265,1.0967377085744755e-07
0.003056,0.032552083333333336,0.6510416666666666,989.5766808597878,1.103790659963379e-07
0.003056,0.03265625,0.653125,989.0929536572688,1.1108662169656136e-07
0.003056,0.03276041666666667,0.6552083333333333,988.589397512571,1.117964379581428e-07
0.003056,0.032864583333333336,0.6572916666666667,988.0653323775698,1.1250851478105962e-07
0.003056,0.032968750000000005,0.659375,987.5200611564228,1.1322285216531181e-07
0.003056,0.03307291666666667,0.6614583333333333,986.9528695596563,1.1393945011091971e-07
0.003056,0.033177083333333336,0.6635416666666667,986.3630259705067,1.1465830861786751e-07
0.003056,0.03328125,0.6656249999999999,985.7497813241896,1.1537942768614391e-07
0.003056,0.03338541666666667,0.6677083333333333,985.1123690007967,1.1610280731578055e-07
0.003056,0.033489583333333336,0.6697916666666667,984.4500047325167,1.1682844750675481e-07
0.003056,0.033593750000000006,0.6718750000000001,983.7618865258814,1.175563482590622e-07
0.003056,0.03369791666666667,0.6739583333333333,983.047194599743,1.1828650957272528e-07
0.003056,0.03380208333333334,0.6760416666666667,982.305091339701,1.1901893144772828e-07
0.003056,0.03390625,0.678125,981.5347212696845,1.1975361388405988e-07
0.003056,0.03401041666666667,0.6802083333333333,980.735211041414,1.2049055688175396e-07
0.003056,0.03411458333333334,0.6822916666666667,979.9056694424485,1.212297604407834e-07
0.003056,0.034218750000000006,0.6843750000000001,979.0451874235382,1.2197122456114373e-07
0.003056,0.03432291666666667,0.6864583333333333,978.1528381459923,1.2271494924286653e-07
0.003056,0.03442708333333334,0.6885416666666667,977.2276770497665,1.234609344859202e-07
0.003056,0.03453125,0.6906249999999999,976.2687419429761,1.242091802903115e-07
0.003056,0.03463541666666667,0.6927083333333334,975.2750531135209,1.2495968665605852e-07
0.003056,0.03473958333333334,0.6947916666666667,974.2456134635164,1.2571245358314543e-07
0.003056,0.03484375000000001,0.6968750000000001,973.1794086671999,1.2646748107156093e-07
0.003056,0.03494791666666667,0.6989583333333333,972.07540735298,1.272247691213367e-07
0.003056,0.03505208333333333,0.7010416666666666,970.9325613102692,1.27984317732441e-07
0.003056,0.03515625,0.703125,969.7498057217497,1.2874612690490106e-07
0.003056,0.03526041666666667,0.7052083333333333,968.5260594216728,1.29510196638701e-07
0.003056,0.03536458333333334,0.7072916666666668,967.2602251808071,1.302765269338273e-07
0.003056,0.03546875,0.709375,965.9511900185971,1.310451177903206e-07
0.003056,0.03557291666666667,0.7114583333333333,964.5978255431044,1.318159692081425e-07
0.003056,0.03567708333333333,0.7135416666666666,963.1989883192476,1.3258908118730204e-07
0.003056,0.03578125,0.715625,961.7535202658653,1.3336445372781952e-07
0.003056,0.03588541666666667,0.7177083333333334,960.260249082059,1.3414208682967015e-07
0.003056,0.03598958333333334,0.7197916666666667,958.7179887032827,1.349219804928584e-07
0.003056,0.03609375,0.7218749999999999,957.1255397875863,1.3570413471740238e-07
0.003056,0.03619791666666667,0.7239583333333334,955.4816902323998,1.3648854950328173e-07
0.003056,0.03630208333333333,0.7260416666666666,953.7852157222075,1.3727522485049645e-07
0.003056,0.03640625,0.728125,952.0348803074226,1.3806416075906914e-07
0.003056,0.03651041666666667,0.7302083333333333,950.2294370147356,1.3885535722897723e-07
0.003056,0.03661458333333334,0.7322916666666668,948.3676284891704,1.3964881426021842e-07
0.003056,0.03671875,0.734375,946.4481876680345,1.4044453185281983e-07
0.003056,0.03682291666666667,0.7364583333333333,944.4698384869146,1.4124251000675439e-07
0.003056,0.03692708333333333,0.7385416666666667,942.4312966178171,1.4204274872202204e-07
0.003056,0.03703125,0.740625,940.3312702394987,1.4284524799865444e-07
0.003056,0.03713541666666667,0.7427083333333334,938.1684608400046,1.4365000783661544e-07
0.003056,0.03723958333333334,0.7447916666666667,935.9415640513579,1.4445702823591183e-07
0.003056,0.03734375,0.746875,933.6492705163038,1.452663091965707e-07
0.003056,0.03744791666666667,0.7489583333333334,931.2902667869577,1.4607785071856045e-07
0.003056,0.03755208333333333,0.7510416666666666,928.8632362551522,1.4689165280188328e-07
0.003056,0.03765625,0.753125,926.3668601142169,1.4770771544656862e-07
0.003056,0.03776041666666667,0.7552083333333334,923.7998183518704,1.4852603865258936e-07
0.003056,0.03786458333333334,0.7572916666666668,921.1607907738513,1.4934662241993866e-07
0.003056,0.03796875,0.759375,918.4484580578418,1.50169466748655e-07
0.003056,0.038072916666666665,0.7614583333333332,915.6615028371924,1.509945716386886e-07
0.003056,0.038177083333333334,0.7635416666666667,912.7986108138817,1.51821937090087e-07
0.003056,0.03828125,0.765625,909.8584719000959,1.5265156310282076e-07
0.003056,0.03838541666666667,0.7677083333333334,906.8397813877352,1.534834496768831e-07
0.003056,0.038489583333333334,0.7697916666666667,903.7412411451045,1.5431759681231247e-07
0.003056,0.03859375,0.771875,900.5615608399759,1.5515400450906818e-07
0.003056,0.038697916666666665,0.7739583333333333,897.2994591881469,1.559926727671615e-07
0.003056,0.038802083333333334,0.7760416666666666,893.9536652265476,1.5683360158661735e-07
0.003056,0.03890625,0.7781250000000001,890.5229196099091,1.5767679096740403e-07
0.003056,0.03901041666666667,0.7802083333333334,887.0059759299049,1.5852224090952158e-07
0.003056,0.039114583333333335,0.7822916666666666,883.4016020556508,1.5936995141300613e-07
0.003056,0.039218750000000004,0.784375,879.7085814943526,1.6021992247781928e-07
0.003056,0.039322916666666666,0.7864583333333333,875.9257147708602,1.6107215410396782e-07
0.003056,0.039427083333333335,0.7885416666666667,872.0518208247871,1.619266462914743e-07
0.003056,0.039531250000000004,0.790625,868.0857384238335,1.6278339904032073e-07
0.003056,0.03963541666666667,0.7927083333333335,864.0263275918544,1.63642412350498e-07
0.003056,0.039739583333333335,0.7947916666666667,859.8724710501799,1.645036862220332e-07
0.003056,0.039843750000000004,0.796875,855.6230756706223,1.653672206548993e-07
0.003056,0.039947916666666666,0.7989583333333333,851.2770739385555,1.662330156491098e-07
0.003056,0.040052083333333335,0.8010416666666667,846.8334254243955,1.6710107120466923e-07
0.003056,0.040156250000000004,0.8031250000000001,842.2911182617524,1.6797138732157308e-07
0.003056,0.040260416666666674,0.8052083333333334,837.649170630479,1.6884396399979875e-07
0.003056,0.040364583333333336,0.8072916666666666,832.9066322427902,1.6971880123939145e-07
0.003056,0.040468750000000005,0.8093750000000001,828.0625858305748,1.7059589904032401e-07
0.003056,0.04057291666666667,0.8114583333333333,823.1161486319876,1.714752574025739e-07
0.003056,0.040677083333333336,0.8135416666666667,818.066473875348,1.723568763261998e-07
0.003056,0.040781250000000005,0.815625,812.9127522583586,1.7324075581114304e-07
0.003056,0.04088541666666667,0.8177083333333333,807.6542134205895,1.7412689585744878e-07
0.003056,0.040989583333333336,0.8197916666666667,802.2901274071628,1.7501529646508985e-07
0.003056,0.04109375,0.8218749999999999,796.8198061215339,1.7590595763406183e-07
0.003056,0.04119791666666667,0.8239583333333333,791.2426047652287,1.7679887936439175e-07
0.003056,0.041302083333333336,0.8260416666666667,785.5579232623887,1.7769406165606157e-07
0.003056,0.041406250000000006,0.8281250000000001,779.765207666935,1.7859150450905774e-07
0.003056,0.04151041666666667,0.8302083333333333,773.86395155016,1.794912079234254e-07
0.003056,0.04161458333333334,0.8322916666666667,767.853697366534,1.8039317189911492e-07
0.003056,0.04171875,0.834375,761.7340377955037,1.8129739643614432e-07
0.003056,0.04182291666666667,0.8364583333333333,755.5046170570532,1.822038815345317e-07
0.003056,0.04192708333333334,0.8385416666666667,749.1651321987998,1.8311262719425446e-07
0.003056,0.042031250000000006,0.8406250000000001,742.7153343523871,1.840236334153081e-07
0.003056,0.04213541666666667,0.8427083333333333,736.1550299569575,1.849369001977287e-07
0.003056,0.04223958333333334,0.8447916666666667,729.4840819474832,1.858524275414802e-07
0.003056,0.04234375,0.8468749999999999,722.7024109057604,1.86770215446558e-07
0.003056,0.04244791666666667,0.8489583333333334,715.8099961718713,1.8769026391300282e-07
0.003056,0.04255208333333334,0.8510416666666667,708.8068769139675,1.8861257294078756e-07
0.003056,0.04265625000000001,0.8531250000000001,701.6931531542257,1.895371425298896e-07
0.003056,0.04276041666666667,0.8552083333333333,694.4689867488813,1.9046397268036766e-07
0.003056,0.04286458333333334,0.8572916666666667,687.1346023202638,1.9139306339217206e-07
0.003056,0.04296875,0.859375,679.6902881388124,1.9232441466530734e-07
0.003056,0.04307291666666667,0.8614583333333333,672.1363969530796,1.9325802649981414e-07
0.003056,0.04317708333333334,0.8635416666666668,664.4733467657921,1.9419389889564276e-07
0.003056,0.04328125000000001,0.8656250000000001,656.7016215540806,1.9513203185280676e-07
0.003056,0.04338541666666667,0.8677083333333333,648.8217719320539,1.9607242537134228e-07
0.003056,0.04348958333333333,0.8697916666666666,640.83441575395,1.970150794511861e-07
0.003056,0.04359375,0.871875,632.7402386561673,1.979599940924059e-07
0.003056,0.04369791666666667,0.8739583333333334,624.5399945365433,1.9890716929494757e-07
0.003056,0.04380208333333334,0.8760416666666667,616.2345059693179,1.9985660505882912e-07
0.003056,0.04390625,0.8781249999999999,607.8246645543131,2.0080830138406865e-07
0.003056,0.04401041666666667,0.8802083333333334,599.3114311989175,2.0176225827064356e-07
0.003056,0.04411458333333333,0.8822916666666666,590.6958363315758,2.0271847571854933e-07
0.003056,0.04421875,0.884375,581.9789800455409,2.0367695372782208e-07
0.003056,0.04432291666666667,0.8864583333333333,573.1620321717749,2.046376922984212e-07
0.003056,0.04442708333333334,0.8885416666666668,564.2462322799433,2.056006914303557e-07
0.003056,0.04453125,0.890625,555.2328896065758,2.0656595112365265e-07
0.003056,0.04463541666666667,0.8927083333333333,546.1233829095445,2.0753347137828502e-07
0.003056,0.04473958333333333,0.8947916666666667,536.9191602481401,2.0850325219424372e-07
0.003056,0.04484375,0.896875,527.6217386881002,2.094752935715694e-07
0.003056,0.04494791666666667,0.8989583333333334,518.2327039310911,2.104495955102305e-07
0.003056,0.04505208333333334,0.9010416666666667,508.7537098682202,2.114261580102134e-07
0.003056,0.04515625,0.903125,499.18647805729904,2.1240498107157234e-07
0.003056,0.04526041666666667,0.9052083333333334,489.5327971236683,2.1338606469425763e-07
0.003056,0.04536458333333333,0.9072916666666666,479.79452208453984,2.1436940887826928e-07
0.003056,0.04546875,0.909375,469.9735735968929,2.1535501362365242e-07
0.003056,0.04557291666666667,0.9114583333333334,460.0719371291236,2.1634287893037096e-07
0.003056,0.04567708333333334,0.9135416666666668,450.09166205673,2.173330047984068e-07
0.003056,0.04578125,0.915625,440.0348606824602,2.1832539122782318e-07
0.003056,0.04588541666666667,0.9177083333333333,429.9037071814591,2.193200382185614e-07
0.003056,0.045989583333333334,0.9197916666666667,419.70043647208644,2.2031694577063048e-07
0.003056,0.04609375,0.921875,409.4273430131728,2.2131611388407109e-07
0.003056,0.04619791666666667,0.9239583333333334,399.08677952864105,2.2231754255884256e-07
0.003056,0.04630208333333334,0.9260416666666668,388.6811556605008,2.2332123179493585e-07
0.003056,0.04640625,0.928125,378.2129365513741,2.2432718159240517e-07
0.003056,0.046510416666666665,0.9302083333333333,367.68464135781153,2.2533539195118278e-07
0.003056,0.046614583333333334,0.9322916666666666,357.09884169578726,2.2634586287134095e-07
0.003056,0.04671875,0.9343750000000001,346.4581600198702,2.2735859435282093e-07
0.003056,0.04682291666666667,0.9364583333333334,335.7652679376798,2.2837358639563176e-07
0.003056,0.046927083333333335,0.9385416666666666,325.02288446136004,2.2939083899981415e-07
0.003056,0.047031250000000004,0.940625,314.23377419789733,2.3041035216531832e-07
0.003056,0.047135416666666666,0.9427083333333333,303.40074548023887,2.314321258921579e-07
0.003056,0.047239583333333335,0.9447916666666667,292.52664844123774,2.32456160180369e-07
0.003056,0.047343750000000004,0.946875,281.6143730325948,2.3348245502990644e-07
0.003056,0.04744791666666667,0.9489583333333335,270.6668469910251,2.345110104407702e-07
0.003056,0.047552083333333335,0.9510416666666667,259.6870337540007,2.3554182641300552e-07
0.003056,0.047656250000000004,0.953125,248.6779303274929,2.3657490294657168e-07
0.003056,0.047760416666666666,0.9552083333333333,237.64256510824407,2.376102400414642e-07
0.003056,0.047864583333333335,0.9572916666666667,226.58399566315086,2.386478376977282e-07
0.003056,0.047968750000000004,0.9593750000000001,215.50530646846104,2.3968769591532307e-07
0.003056,0.048072916666666674,0.9614583333333334,204.40960661151635,2.407298146942398e-07
0.003056,0.048177083333333336,0.9635416666666666,193.30002745787743,2.417741940345371e-07
0.003056,0.048281250000000005,0.9656250000000001,182.1797202867092,2.4282083393615617e-07
0.003056,0.04838541666666667,0.9677083333333333,171.05185389738395,2.438697343991016e-07
0.003056,0.048489583333333336,0.9697916666666667,159.9196121902855,2.449208954234231e-07
0.003056,0.048593750000000005,0.971875,148.78619172488516,2.459743170090709e-07
0.003056,0.048697916666666674,0.9739583333333335,137.65479925816362,2.470299991560451e-07
0.003056,0.048802083333333336,0.9760416666666667,126.528649266524,2.480879418643998e-07
0.003056,0.048906250000000005,0.978125,115.41096145435046,2.4914814513407184e-07
0.003056,0.04901041666666667,0.9802083333333333,104.3049582524166,2.502106089650702e-07
0.003056,0.049114583333333336,0.9822916666666667,93.21386230933773,2.5127533335745364e-07
0.003056,0.049218750000000006,0.9843750000000001,82.1408939793164,2.5234231831114086e-07
0.003056,0.04932291666666667,0.9864583333333333,71.08926880940143,2.534115638261996e-07
0.003056,0.04942708333333334,0.9885416666666667,60.062195029509596,2.5448306990258915e-07
0.003056,0.04953125,0.990625,49.06287104845667,2.555568365403096e-07
0.003056,0.04963541666666667,0.9927083333333333,38.0944829592126,2.5663286373939703e-07
0.003056,0.04973958333333334,0.9947916666666667,27.160202056620435,2.5771115149981084e-07
0.003056,0.049843750000000006,0.9968750000000001,16.26318237075966,2.587916998215555e-07
0.003056,0.04994791666666667,0.9989583333333333,5.406558219139968,2.598745087046762e-07
0.004021,5.208333333333334e-05,0.0010416666666666667,999.9999987165205,3.7676022376543216e-13
0.004021,0.00015625,0.0031249999999999997,999.9999987127322,2.637321566358025e-12
0.004021,0.00026041666666666666,0.005208333333333333,999.9999987051384,7.158444251543212e-12
0.004021,0.00036458333333333335,0.007291666666666667,999.9999986937022,1.394012827932099e-11
0.004021,0.00046875,0.009375,999.9999986783682,2.2982373649691355e-11
0.004021,0.0005729166666666667,0.011458333333333333,999.9999986590614,3.4285180362654335e-11
0.004021,0.0006770833333333334,0.013541666666666667,999.9999986356893,4.784854841820988e-11
0.004021,0.00078125,0.015625,999.9999986081392,6.367247781635804e-11
0.004021,0.0008854166666666667,0.017708333333333333,999.9999985762765,8.175696855709879e-11
0.004021,0.0009895833333333334,0.019791666666666666,999.9999985399471,1.0210202064043203e-10
0.004021,0.00109375,0.021875000000000002,999.9999984989751,1.2470763406635805e-10
0.004021,0.0011979166666666666,0.02395833333333333,999.9999984531611,1.4957380883487663e-10
0.004021,0.0013020833333333335,0.026041666666666668,999.9999984022822,1.7670054494598758e-10
0.004021,0.00140625,0.028124999999999997,999.9999983460913,2.0608784239969144e-10
0.004021,0.0015104166666666669,0.030208333333333337,999.9999982843141,2.3773570119598785e-10
0.004021,0.0016145833333333333,0.03229166666666666,999.9999982166494,2.7164412133487647e-10
0.004021,0.0017187500000000002,0.034375,999.9999981427675,3.0781310281635824e-10
0.004021,0.0018229166666666667,0.03645833333333333,999.9999980623066,3.462426456404321e-10
0.004021,0.0019270833333333336,0.03854166666666667,999.9999979748737,3.869327498070989e-10
0.004021,0.00203125,0.040625,999.9999978800403,4.298834153163573e-10
0.004021,0.0021354166666666665,0.04270833333333333,999.9999977773406,4.750946421682109e-10
0.004021,0.0022395833333333334,0.04479166666666667,999.9999976662706,5.225664303626536e-10
0.004021,0.0023437500000000003,0.04687500000000001,999.9999975462839,5.722987798996925e-10
0.004021,0.002447916666666667,0.04895833333333333,999.999997416791,6.242916907793205e-10
0.004021,0.0025520833333333333,0.051041666666666666,999.9999972771532,6.785451630015442e-10
0.004021,0.00265625,0.053125,999.9999971266818,7.350591965663565e-10
0.004021,0.002760416666666667,0.05520833333333334,999.9999969646341,7.938337914737678e-10
0.004021,0.0028645833333333336,0.05729166666666667,999.9999967902089,8.548689477237637e-10
0.004021,0.00296875,0.059375,999.9999966025441,9.18164665316361e-10
0.004021,0.003072916666666667,0.06145833333333334,999.9999964007106,9.837209442515417e-10
0.004021,0.003177083333333334,0.06354166666666668,999.999996183709,1.0515377845293237e-09
0.004021,0.0032812500000000003,0.065625,999.999995950463,1.1216151861496883e-09
0.004021,0.0033854166666666668,0.06770833333333333,999.9999956998163,1.1939531491126517e-09
0.004021,0.0034895833333333333,0.06979166666666665,999.9999954305251,1.2685516734182142e-09
0.004021,0.00359375,0.071875,999.9999951412514,1.345410759066356e-09
0.004021,0.003697916666666667,0.07395833333333333,999.9999948305592,1.424530406057101e-09
0.004021,0.0038020833333333335,0.07604166666666666,999.9999944969044,1.5059106143904297e-09
0.004021,0.00390625,0.078125,999.9999941386292,1.5895513840663619e-09
0.004021,0.004010416666666667,0.08020833333333334,999.9999937539532,1.6754527150848731e-09
0.004021,0.004114583333333333,0.08229166666666665,999.9999933409642,1.7636146074459857e-09
0.004021,0.00421875,0.084375,999.9999928976096,1.8540370611497038e-09
0.004021,0.004322916666666668,0.08645833333333335,999.9999924216863,1.9467200761959833e-09
0.004021,0.004427083333333333,0.08854166666666666,999.9999919108303,2.0416636525848733e-09
0.004021,0.0045312500000000006,0.09062500000000001,999.9999913625046,2.138867790316355e-09
0.004021,0.004635416666666667,0.09270833333333334,999.9999907739868,2.2383324893904475e-09
0.004021,0.0047395833333333335,0.09479166666666666,999.9999901423573,2.3400577498070924e-09
0.004021,0.004843750000000001,0.09687500000000002,999.9999894644826,2.444043571566356e-09
0.004021,0.0049479166666666664,0.09895833333333333,999.9999887370046,2.5502899546682077e-09
0.004021,0.005052083333333334,0.10104166666666667,999.999987956321,2.658796899112643e-09
0.004021,0.00515625,0.103125,999.9999871185692,2.7695644048997107e-09
0.004021,0.005260416666666667,0.10520833333333333,999.9999862196079,2.8825924720293132e-09
0.004021,0.005364583333333334,0.10729166666666667,999.9999852549998,2.997881100501539e-09
0.004021,0.00546875,0.10937499999999999,999.9999842199867,3.1154302903163524e-09
0.004021,0.005572916666666667,0.11145833333333334,999.9999831094699,3.2352400414737896e-09
0.004021,0.005677083333333334,0.11354166666666668,999.9999819179855,3.3573103539737616e-09
0.004021,0.00578125,0.11562499999999999,999.9999806396809,3.481641227816348e-09
0.004021,0.005885416666666667,0.11770833333333335,999.9999792682842,3.6082326630015406e-09
0.004021,0.005989583333333334,0.11979166666666667,999.9999777970778,3.737084659529347e-09
0.004021,0.00609375,0.121875,999.999976218867,3.86819721739968e-09
0.004021,0.0061979166666666675,0.12395833333333335,999.9999745259471,4.001570336612654e-09
0.004021,0.006302083333333333,0.12604166666666666,999.9999727100678,4.137204017168198e-09
0.004021,0.0064062500000000005,0.128125,999.9999707623945,4.275098259066392e-09
0.004021,0.006510416666666668,0.13020833333333334,999.9999686734711,4.415253062307077e-09
0.004021,0.006614583333333333,0.13229166666666667,999.9999664331767,4.557668426890429e-09
0.004021,0.006718750000000001,0.134375,999.9999640306779,4.70234435281636e-09
0.004021,0.006822916666666666,0.13645833333333332,999.9999614543815,4.8492808400848535e-09
0.004021,0.006927083333333334,0.13854166666666667,999.9999586918834,4.9984778886960314e-09
0.004021,0.007031250000000001,0.140625,999.9999557299144,5.149935498649682e-09
0.004021,0.007135416666666667,0.14270833333333333,999.9999525542793,5.303653669945966e-09
0.004021,0.007239583333333334,0.14479166666666668,999.9999491497958,5.4596324025848815e-09
0.004021,0.0073437500000000005,0.146875,999.9999455002277,5.617871696566394e-09
0.004021,0.007447916666666667,0.14895833333333333,999.9999415882139,5.7783715518904144e-09
0.004021,0.007552083333333334,0.15104166666666669,999.9999373951939,5.941131968557085e-09
0.004021,0.00765625,0.15312499999999998,999.9999329013265,6.106152946566353e-09
0.004021,0.007760416666666667,0.15520833333333334,999.9999280854045,6.273434485918199e-09
0.004021,0.007864583333333335,0.1572916666666667,999.9999229247644,6.442976586612696e-09
0.004021,0.00796875,0.159375,999.9999173951893,6.614779248649736e-09
0.004021,0.008072916666666667,0.16145833333333334,999.9999114708066,6.788842472029249e-09
0.004021,0.008177083333333335,0.1635416666666667,999.999905123979,6.965166256751589e-09
0.004021,0.00828125,0.165625,999.999898325185,7.143750602816296e-09
0.004021,0.008385416666666666,0.16770833333333332,999.9998910429005,7.324595510223794e-09
0.004021,0.008489583333333335,0.1697916666666667,999.9998832434641,7.507700978973836e-09
0.004021,0.00859375,0.171875,999.9998748909387,7.693067009066281e-09
0.004021,0.008697916666666666,0.17395833333333333,999.9998659469622,7.880693600501587e-09
0.004021,0.008802083333333334,0.17604166666666665,999.9998563705919,8.070580753279225e-09
0.004021,0.008906250000000001,0.178125,999.9998461181359,8.26272846739976e-09
0.004021,0.009010416666666667,0.18020833333333333,999.999835142975,8.457136742862698e-09
0.004021,0.009114583333333334,0.18229166666666666,999.9998233953763,8.653805579668144e-09
0.004021,0.009218750000000001,0.184375,999.999810822291,8.852734977816417e-09
0.004021,0.009322916666666667,0.18645833333333334,999.9997973671435,9.053924937307163e-09
0.004021,0.009427083333333334,0.18854166666666666,999.9997829696053,9.257375458140312e-09
0.004021,0.009531250000000002,0.19062500000000002,999.9997675653573,9.463086540316427e-09
0.004021,0.009635416666666667,0.19270833333333334,999.9997510858343,9.67105818383477e-09
0.004021,0.009739583333333333,0.19479166666666664,999.9997334579582,9.88129038869608e-09
0.004021,0.009843750000000002,0.19687500000000002,999.9997146038529,1.009378315489972e-08
0.004021,0.009947916666666667,0.19895833333333335,999.9996944405412,1.0308536482445941e-08
0.004021,0.010052083333333333,0.20104166666666665,999.999672879626,1.0525550371334883e-08
0.004021,0.01015625,0.203125,999.9996498269505,1.0744824821566263e-08
0.004021,0.010260416666666668,0.20520833333333335,999.9996251822403,1.0966359833140502e-08
0.004021,0.010364583333333333,0.20729166666666665,999.9995988387217,1.1190155406057182e-08
0.004021,0.01046875,0.209375,999.9995706827201,1.1416211540316228e-08
0.004021,0.010572916666666668,0.21145833333333336,999.9995405932335,1.1644528235918276e-08
0.004021,0.010677083333333334,0.21354166666666666,999.9995084414797,1.1875105492862764e-08
0.004021,0.010781250000000001,0.215625,999.9994740904225,1.2107943311149548e-08
0.004021,0.010885416666666668,0.21770833333333336,999.999437394262,1.2343041690779405e-08
0.004021,0.010989583333333334,0.21979166666666666,999.9993981979037,1.2580400631751417e-08
0.004021,0.01109375,0.221875,999.9993563363907,1.2820020134066432e-08
0.004021,0.011197916666666669,0.22395833333333337,999.9993116343097,1.3061900197723885e-08
0.004021,0.011302083333333334,0.22604166666666667,999.9992639051558,1.3306040822723636e-08
0.004021,0.01140625,0.228125,999.9992129506667,1.3552442009066458e-08
0.004021,0.011510416666666669,0.23020833333333338,999.9991585601174,1.380110375675165e-08
0.004021,0.011614583333333334,0.23229166666666667,999.9991005095736,1.4052026065779137e-08
0.004021,0.01171875,0.234375,999.9990385611075,1.4305208936149768e-08
0.004021,0.011822916666666667,0.23645833333333333,999.9989724619619,1.4560652367862555e-08
0.004021,0.011927083333333335,0.23854166666666668,999.9989019436773,1.4818356360918274e-08
0.004021,0.01203125,0.240625,999.9988267211622,1.5078320915316502e-08
0.004021,0.012135416666666668,0.24270833333333333,999.9987464917181,1.5340546031056886e-08
0.004021,0.012239583333333335,0.24479166666666669,999.9986609340067,1.5605031708140554e-08
0.004021,0.01234375,0.246875,999.99856970696,1.5871777946566237e-08
0.004021,0.012447916666666666,0.2489583333333333,999.9984724486379,1.6140784746334993e-08
0.004021,0.012552083333333335,0.25104166666666666,999.9983687750132,1.6412052107446045e-08
0.004021,0.01265625,0.253125,999.9982582786985,1.6685580029899538e-08
0.004021,0.012760416666666666,0.2552083333333333,999.9981405276015,1.6961368513696032e-08
0.004021,0.012864583333333336,0.2572916666666667,999.9980150635097,1.7239417558835103e-08
0.004021,0.012968750000000001,0.259375,999.9978814005955,1.751972716531619e-08
0.004021,0.013072916666666667,0.2614583333333333,999.9977390238471,1.7802297333140422e-08
0.004021,0.013177083333333334,0.2635416666666667,999.9975873874128,1.808712806230695e-08
0.004021,0.013281250000000001,0.265625,999.9974259128572,1.837421935281648e-08
0.004021,0.013385416666666667,0.2677083333333333,999.9972539873297,1.866357120466831e-08
0.004021,0.013489583333333334,0.26979166666666665,999.9970709616339,1.8955183617862574e-08
0.004021,0.013593750000000002,0.27187500000000003,999.9968761481961,1.92490565923997e-08
0.004021,0.013697916666666667,0.2739583333333333,999.9966688189304,1.9545190128279125e-08
0.004021,0.013802083333333333,0.27604166666666663,999.9964482029943,1.9843584225501692e-08
0.004021,0.013906250000000002,0.278125,999.9962134844263,2.0144238884066556e-08
0.004021,0.014010416666666668,0.28020833333333334,999.9959637996654,2.0447154103973576e-08
0.004021,0.014114583333333333,0.28229166666666666,999.9956982349435,2.075232988522388e-08
0.004021,0.014218750000000002,0.28437500000000004,999.9954158235431,2.1059766227816485e-08
0.004021,0.014322916666666668,0.2864583333333333,999.9951155429227,2.1369463131751243e-08
0.004021,0.014427083333333333,0.28854166666666664,999.9947963116922,2.1681420597029567e-08
0.004021,0.01453125,0.290625,999.994456986442,2.1995638623649482e-08
0.004021,0.014635416666666668,0.29270833333333335,999.9940963584111,2.2312117211612685e-08
0.004021,0.014739583333333334,0.2947916666666667,999.9937131499925,2.2630856360918465e-08
0.004021,0.014843750000000001,0.296875,999.9933060110681,2.2951856071566118e-08
0.004021,0.014947916666666668,0.2989583333333333,999.9928735151602,2.3275116343557198e-08
0.004021,0.015052083333333334,0.30104166666666665,999.9924141554018,2.360063717689015e-08
0.004021,0.01515625,0.303125,999.9919263403038,2.392841857156653e-08
0.004021,0.015260416666666669,0.30520833333333336,999.9914083893289,2.4258460527585065e-08
0.004021,0.015364583333333334,0.3072916666666667,999.9908585282419,2.4590763044945754e-08
0.004021,0.01546875,0.30937499999999996,999.9902748842494,2.492532612364987e-08
0.004021,0.015572916666666667,0.31145833333333334,999.9896554809004,2.526214976369572e-08
0.004021,0.015677083333333335,0.31354166666666666,999.9889982327514,2.560123396508556e-08
0.004021,0.015781250000000004,0.31562500000000004,999.9883009397819,2.5942578727816002e-08
0.004021,0.015885416666666666,0.3177083333333333,999.9875612815449,2.6286184051890294e-08
0.004021,0.015989583333333335,0.3197916666666667,999.9867768110511,2.663204993730759e-08
0.004021,0.016093750000000004,0.3218750000000001,999.9859449483697,2.6980176384066193e-08
0.004021,0.016197916666666666,0.3239583333333333,999.9850629739337,2.73305633921678e-08
0.004021,0.016302083333333335,0.3260416666666667,999.9841280215439,2.768321096161241e-08
0.004021,0.01640625,0.328125,999.9831370710517,2.8038119092400304e-08
0.004021,0.016510416666666666,0.3302083333333333,999.9820869407138,2.839528778452894e-08
0.004021,0.016614583333333335,0.3322916666666667,999.9809742792067,2.875471703800143e-08
0.004021,0.01671875,0.334375,999.9797955572834,2.911640685281692e-08
0.004021,0.016822916666666667,0.3364583333333333,999.9785470590595,2.9480357228973435e-08
0.004021,0.016927083333333336,0.3385416666666667,999.9772248729182,2.9846568166473517e-08
0.004021,0.01703125,0.340625,999.9758248820174,3.021503966531717e-08
0.004021,0.017135416666666667,0.34270833333333334,999.974342754382,3.0585771725501285e-08
0.004021,0.017239583333333336,0.3447916666666667,999.9727739325729,3.0958764347028965e-08
0.004021,0.01734375,0.346875,999.9711136229057,3.133401752990049e-08
0.004021,0.017447916666666667,0.3489583333333333,999.9693567842164,3.17115312741122e-08
0.004021,0.017552083333333336,0.3510416666666667,999.9674981161467,3.209130557966776e-08
0.004021,0.01765625,0.35312499999999997,999.9655320469376,3.247334044656604e-08
0.004021,0.017760416666666667,0.35520833333333335,999.963452720714,3.285763587480789e-08
0.004021,0.017864583333333336,0.35729166666666673,999.9612539842359,3.3244191864390195e-08
0.004021,0.01796875,0.35937499999999994,999.9589293731096,3.363300841531607e-08
0.004021,0.018072916666666668,0.3614583333333333,999.9564720974287,3.4024085527585514e-08
0.004021,0.018177083333333337,0.3635416666666667,999.9538750268318,3.44174232011957e-08
0.004021,0.01828125,0.365625,999.9511306749586,3.481302143614945e-08
0.004021,0.018385416666666668,0.36770833333333336,999.9482311832768,3.5210880232446777e-08
0.004021,0.018489583333333337,0.36979166666666674,999.9451683042711,3.561099959008456e-08
0.004021,0.01859375,0.37187499999999996,999.9419333839596,3.601337950906591e-08
0.004021,0.018697916666666668,0.37395833333333334,999.9385173437297,3.641801998939139e-08
0.004021,0.018802083333333337,0.3760416666666667,999.9349106614609,3.682492103105649e-08
0.004021,0.01890625,0.378125,999.9311033519208,3.7234082634066e-08
0.004021,0.01901041666666667,0.38020833333333337,999.9270849464048,3.7645504798417954e-08
0.004021,0.019114583333333334,0.38229166666666664,999.9228444716017,3.805918752411347e-08
0.004021,0.01921875,0.38437499999999997,999.9183704276578,3.847513081114945e-08
0.004021,0.01932291666666667,0.38645833333333335,999.9136507654204,3.889333465952871e-08
0.004021,0.019427083333333334,0.3885416666666667,999.9086728628324,3.931379906925267e-08
0.004021,0.01953125,0.390625,999.903423500455,3.9736524040315963e-08
0.004021,0.01963541666666667,0.3927083333333334,999.8978888360936,4.016150957272339e-08
0.004021,0.019739583333333335,0.39479166666666665,999.8920543785018,4.058875566647438e-08
0.004021,0.01984375,0.396875,999.8859049601414,4.10182623215664e-08
0.004021,0.01994791666666667,0.39895833333333336,999.8794247089622,4.145002953800114e-08
0.004021,0.020052083333333335,0.4010416666666667,999.8725970191897,4.188405731578029e-08
0.004021,0.02015625,0.403125,999.8654045210841,4.2320345654898775e-08
0.004021,0.02026041666666667,0.4052083333333334,999.8578290496475,4.275889455536224e-08
0.004021,0.020364583333333332,0.4072916666666666,999.8498516122519,4.319970401716786e-08
0.004021,0.02046875,0.409375,999.8414523551637,4.364277404031733e-08
0.004021,0.02057291666666667,0.41145833333333337,999.8326105289316,4.40881046248067e-08
0.004021,0.020677083333333332,0.41354166666666664,999.8233044526187,4.4535695770639914e-08
0.004021,0.02078125,0.415625,999.8135114768436,4.498554747781754e-08
0.004021,0.02088541666666667,0.4177083333333334,999.803207945608,4.543765974633451e-08
0.004021,0.020989583333333332,0.4197916666666666,999.7923691568816,4.5892032576195316e-08
0.004021,0.02109375,0.421875,999.7809693219162,4.634866596740111e-08
0.004021,0.02119791666666667,0.4239583333333334,999.7689815232665,4.6807559919945106e-08
0.004021,0.021302083333333333,0.42604166666666665,999.7563776714803,4.7268714433834645e-08
0.004021,0.02140625,0.42812500000000003,999.7431284604414,4.773212950906747e-08
0.004021,0.02151041666666667,0.4302083333333334,999.7292033213297,4.819780514564019e-08
0.004021,0.021614583333333333,0.43229166666666663,999.7145703751804,4.8665741343556193e-08
0.004021,0.021718750000000002,0.434375,999.6991963840065,4.9135938102816046e-08
0.004021,0.021822916666666668,0.43645833333333334,999.6830467004642,4.9608395423419184e-08
0.004021,0.021927083333333333,0.43854166666666666,999.6660852160319,5.0083113305362225e-08
0.004021,0.022031250000000002,0.44062500000000004,999.6482743076833,5.056009174864911e-08
0.004021,0.022135416666666668,0.4427083333333333,999.62957478302,5.103933075328041e-08
0.004021,0.022239583333333333,0.44479166666666664,999.6099458238485,5.1520830319251046e-08
0.004021,0.022343750000000002,0.446875,999.5893449281717,5.200459044656609e-08
0.004021,0.022447916666666668,0.44895833333333335,999.567727850572,5.249061113522499e-08
0.004021,0.022552083333333334,0.4510416666666667,999.5450485409697,5.297889238522322e-08
0.004021,0.022656250000000003,0.45312500000000006,999.5212590817231,5.346943419656586e-08
0.004021,0.02276041666666667,0.4552083333333333,999.496309623066,5.396223656925292e-08
0.004021,0.022864583333333334,0.45729166666666665,999.4701483168441,5.445729950327875e-08
0.004021,0.022968750000000003,0.45937500000000003,999.4427212485456,5.495462299864899e-08
0.004021,0.02307291666666667,0.46145833333333336,999.4139723676014,5.545420705536421e-08
0.004021,0.023177083333333334,0.4635416666666667,999.3838434159431,5.595605167341763e-08
0.004021,0.023281250000000003,0.46562500000000007,999.352273854795,5.646015685281546e-08
0.004021,0.023385416666666665,0.4677083333333333,999.3192007896962,5.696652259355659e-08
0.004021,0.023489583333333335,0.46979166666666666,999.2845588937311,5.747514889564156e-08
0.004021,0.023593750000000004,0.47187500000000004,999.2482803289671,5.7986035759065864e-08
0.004021,0.023697916666666666,0.4739583333333333,999.2102946660773,5.849918318383458e-08
0.004021,0.023802083333333335,0.4760416666666667,999.1705288021531,5.901459116994715e-08
0.004021,0.023906250000000004,0.4781250000000001,999.1289068766911,5.953225971739905e-08
0.004021,0.024010416666666666,0.4802083333333333,999.0853501857575,6.005218882619536e-08
0.004021,0.024114583333333335,0.4822916666666667,999.0397770943197,6.057437849633666e-08
0.004021,0.024218750000000004,0.48437500000000006,998.9921029467536,6.109882872781558e-08
0.004021,0.024322916666666666,0.4864583333333333,998.9422399755227,6.16255395206395e-08
0.004021,0.024427083333333335,0.4885416666666667,998.8900972080352,6.215451087480896e-08
0.004021,0.024531250000000004,0.4906250000000001,998.8355803716871,6.268574279031548e-08
0.004021,0.024635416666666667,0.4927083333333333,998.7785917970978,6.321923526716756e-08
0.004021,0.024739583333333336,0.4947916666666667,998.7190303195507,6.375498830536234e-08
0.004021,0.02484375,0.496875,998.6567911786575,6.429300190490099e-08
0.004021,0.024947916666666667,0.49895833333333334,998.5917659162573,6.483327606577895e-08
0.004021,0.025052083333333336,0.5010416666666667,998.5238422725739,6.537581078800022e-08
0.004021,0.02515625,0.503125,998.452904080655,6.592060607156815e-08
0.004021,0.025260416666666667,0.5052083333333333,998.3788311591165,6.646766191647259e-08
0.004021,0.025364583333333336,0.5072916666666667,998.3014992032255,6.70169783227237e-08
0.004021,0.025468750000000002,0.509375,998.2207796743552,6.756855529031811e-08
0.004021,0.025572916666666667,0.5114583333333333,998.1365396878389,6.812239281925015e-08
0.004021,0.025677083333333336,0.5135416666666667,998.0486418992798,6.867849090952886e-08
0.004021,0.025781250000000002,0.515625,997.9569443893413,6.923684956115198e-08
0.004021,0.025885416666666668,0.5177083333333333,997.8613005470804,6.97974687741116e-08
0.004021,0.025989583333333337,0.5197916666666667,997.7615589518648,7.036034854841792e-08
0.004021,0.02609375,0.521875,997.6575632539369,7.092548888406525e-08
0.004021,0.026197916666666668,0.5239583333333333,997.5491520536789,7.149288978105813e-08
0.004021,0.026302083333333337,0.5260416666666667,997.4361587796421,7.206255123938978e-08
0.004021,0.02640625,0.528125,997.3184115654116,7.263447325906583e-08
0.004021,0.026510416666666668,0.5302083333333333,997.1957331253759,7.320865584008631e-08
0.004021,0.026614583333333337,0.5322916666666667,997.067940629478,7.378509898244554e-08
0.004021,0.02671875,0.5343749999999999,996.9348455770289,7.43638026861492e-08
0.004021,0.02682291666666667,0.5364583333333334,996.7962536696723,7.494476695119727e-08
0.004021,0.026927083333333338,0.5385416666666667,996.6519646835818,7.55279917775841e-08
0.004021,0.02703125,0.5406249999999999,996.501772340999,7.611347716531649e-08
0.004021,0.02713541666666667,0.5427083333333333,996.3454641812006,7.670122311439215e-08
0.004021,0.027239583333333338,0.5447916666666667,996.1828214310027,7.729122962480546e-08
0.004021,0.02734375,0.546875,996.0136188749195,7.788349669656657e-08
0.004021,0.02744791666666667,0.5489583333333333,995.8376247250759,7.847802432966643e-08
0.004021,0.027552083333333335,0.5510416666666667,995.6546004910116,7.907481252411525e-08
0.004021,0.02765625,0.553125,995.4643008494863,7.967386127989829e-08
0.004021,0.02776041666666667,0.5552083333333333,995.2664735144248,8.027517059702915e-08
0.004021,0.027864583333333335,0.5572916666666666,995.0608591071383,8.08787404755033e-08
0.004021,0.02796875,0.559375,994.8471910269532,8.148457091531509e-08
0.004021,0.02807291666666667,0.5614583333333334,994.6251953224056,8.209266191647354e-08
0.004021,0.028177083333333335,0.5635416666666667,994.3945905631423,8.270301347897527e-08
0.004021,0.02828125,0.5656249999999999,994.1550877126926,8.331562560281578e-08
0.004021,0.02838541666666667,0.5677083333333334,993.906390002264,8.393049828800071e-08
0.004021,0.028489583333333336,0.5697916666666667,993.6481928057362,8.454763153453117e-08
0.004021,0.02859375,0.571875,993.3801835160222,8.516702534239815e-08
0.004021,0.02869791666666667,0.5739583333333333,993.1020414229749,8.57886797116118e-08
0.004021,0.028802083333333332,0.5760416666666666,992.8134375930185,8.641259464216759e-08
0.004021,0.02890625,0.578125,992.5140347506953,8.703877013406895e-08
0.004021,0.02901041666666667,0.5802083333333333,992.2034871623213,8.766720618730567e-08
0.004021,0.029114583333333333,0.5822916666666667,991.8814405219443,8.82979028018902e-08
0.004021,0.02921875,0.584375,991.5475318398087,8.8930859977818e-08
0.004021,0.02932291666666667,0.5864583333333334,991.2013893335373,8.956607771508346e-08
0.004021,0.029427083333333333,0.5885416666666666,990.8426323222337,9.020355601369559e-08
0.004021,0.029531250000000002,0.590625,990.4708711237336,9.084329487365213e-08
0.004021,0.02963541666666667,0.5927083333333334,990.0857069552146,9.148529429494518e-08
0.004021,0.029739583333333333,0.5947916666666666,989.6867318373942,9.212955427758376e-08
0.004021,0.029843750000000002,0.596875,989.2735285025486,9.277607482156791e-08
0.004021,0.02994791666666667,0.5989583333333334,988.8456703065802,9.342485592688967e-08
0.004021,0.030052083333333333,0.6010416666666666,988.4027211453746,9.407589759355586e-08
0.004021,0.030156250000000002,0.603125,987.9442353756839,9.472919982156533e-08
0.004021,0.030260416666666668,0.6052083333333333,987.4697577407887,9.538476261092148e-08
0.004021,0.030364583333333334,0.6072916666666667,986.9788233011731,9.604258596161075e-08
0.004021,0.030468750000000003,0.609375,986.470957370477,9.670266987364895e-08
0.004021,0.03057291666666667,0.6114583333333333,985.945675456971,9.736501434703157e-08
0.004021,0.030677083333333334,0.6135416666666667,985.4024832108084,9.802961938175069e-08
0.004021,0.030781250000000003,0.615625,984.8408763773194,9.869648497781536e-08
0.004021,0.03088541666666667,0.6177083333333333,984.2603407565992,9.936561113522669e-08
0.004021,0.030989583333333334,0.6197916666666666,983.6603521696582,1.0003699785397228e-07
0.004021,0.031093750000000003,0.6218750000000001,983.0403764313934,1.0071064513406568e-07
0.004021,0.031197916666666665,0.6239583333333333,982.3998693306452,1.0138655297550009e-07
0.004021,0.031302083333333335,0.6260416666666666,981.7382766176056,1.0206472137828118e-07
0.004021,0.031406250000000004,0.628125,981.0550339988451,1.027451503424033e-07
0.004021,0.031510416666666666,0.6302083333333333,980.3495671402153,1.0342783986785854e-07
0.004021,0.031614583333333335,0.6322916666666667,979.621291677901,1.0411278995466949e-07
0.004021,0.031718750000000004,0.634375,978.8696132378842,1.0480000060281807e-07
0.004021,0.03182291666666667,0.6364583333333335,978.0939274640741,1.0548947181230429e-07
0.004021,0.031927083333333335,0.6385416666666667,977.2936200553786,1.0618120358314171e-07
0.004021,0.032031250000000004,0.640625,976.4680668119659,1.0687519591531901e-07
0.004021,0.032135416666666666,0.6427083333333333,975.616633690976,1.0757144880882945e-07
0.004021,0.032239583333333335,0.6447916666666667,974.7386768719423,1.0826996226370011e-07
0.004021,0.032343750000000004,0.6468750000000001,973.8335428321637,1.0897073627989485e-07
0.004021,0.03244791666666667,0.6489583333333333,972.9005684322841,1.0967377085744755e-07
0.004021,0.032552083333333336,0.6510416666666666,971.9390810123191,1.103790659963379e-07
0.004021,0.03265625,0.653125,970.9483984983661,1.1108662169656136e-07
0.004021,0.03276041666666667,0.6552083333333333,969.9278295202383,1.117964379581428e-07
0.004021,0.032864583333333336,0.6572916666666667,968.8766735402413,1.1250851478105962e-07
0.004021,0.032968750000000005,0.659375,967.7942209933236,1.1322285216531181e-07
0.004021,0.03307291666666667,0.6614583333333333,966.6797534388074,1.1393945011091971e-07
0.004021,0.033177083333333336,0.6635416666666667,965.5325437239194,1.1465830861786751e-07
0.004021,0.03328125,0.6656249999999999,964.3518561593088,1.1537942768614391e-07
0.004021,0.03338541666666667,0.6677083333333333,963.1369467067545,1.1610280731578055e-07
0.004021,0.033489583333333336,0.6697916666666667,961.8870631792474,1.1682844750675481e-07
0.004021,0.033593750000000006,0.6718750000000001,960.6014454536116,1.175563482590622e-07
0.004021,0.03369791666666667,0.6739583333333333,959.2793256958407,1.1828650957272528e-07
0.004021,0.03380208333333334,0.6760416666666667,957.9199285993005,1.1901893144772828e-07
0.004021,0.03390625,0.678125,956.522471635941,1.1975361388405988e-07
0.004021,0.03401041666666667,0.6802083333333333,955.0861653206539,1.2049055688175396e-07
0.004021,0.03411458333333334,0.6822916666666667,953.6102134888938,1.212297604407834e-07
0.004021,0.034218750000000006,0.6843750000000001,952.0938135876783,1.2197122456114373e-07
0.004021,0.03432291666666667,0.6864583333333333,950.5361569800542,1.2271494924286653e-07
0.004021,0.03442708333333334,0.6885416666666667,948.9364292631244,1.234609344859202e-07
0.004021,0.03453125,0.6906249999999999,947.2938105996968,1.242091802903115e-07
0.004021,0.03463541666666667,0.6927083333333334,945.6074760636128,1.2495968665605852e-07
0.004021,0.03473958333333334,0.6947916666666667,943.876595998801,1.2571245358314543e-07
0.004021,0.03484375000000001,0.6968750000000001,942.1003363920734,1.2646748107156093e-07
0.004021,0.03494791666666667,0.6989583333333333,940.2778592596807,1.272247691213367e-07
0.004021,0.03505208333333333,0.7010416666666666,938.4083230476184,1.27984317732441e-07
0.004021,0.03515625,0.703125,936.4908830456619,1.2874612690490106e-07
0.004021,0.03526041666666667,0.7052083333333333,934.52469181509,1.29510196638701e-07
0.004021,0.03536458333333334,0.7072916666666668,932.5088996300412,1.302765269338273e-07
0.004021,0.03546875,0.709375,930.4426549324281,1.310451177903206e-07
0.004021,0.03557291666666667,0.7114583333333333,928.3251048003174,1.318159692081425e-07
0.004021,0.03567708333333333,0.7135416666666666,926.1553954296655,1.3258908118730204e-07
0.004021,0.03578125,0.715625,923.9326726292766,1.3336445372781952e-07
0.004021,0.03588541666666667,0.7177083333333334,921.6560823288412,1.3414208682967015e-07
0.004021,0.03598958333333334,0.7197916666666667,919.32477109988,1.349219804928584e-07
0.004021,0.03609375,0.7218749999999999,916.93788668941,1.3570413471740238e-07
0.004021,0.03619791666666667,0.7239583333333334,914.4945785661228,1.3648854950328173e-07
0.004021,0.03630208333333333,0.7260416666666666,911.9939984788504,1.3727522485049645e-07
0.004021,0.03640625,0.728125,909.4353010270672,1.3806416075906914e-07
0.004021,0.03651041666666667,0.7302083333333333,906.8176442431643,1.3885535722897723e-07
0.004021,0.03661458333333334,0.7322916666666668,904.1401901862001,1.3964881426021842e-07
0.004021,0.03671875,0.734375,901.4021055468276,1.4044453185281983e-07
0.004021,0.03682291666666667,0.7364583333333333,898.6025622630586,1.4124251000675439e-07
0.004021,0.03692708333333333,0.7385416666666667,895.7407381465233,1.4204274872202204e-07
0.004021,0.03703125,0.740625,892.8158175188414,1.4284524799865444e-07
0.004021,0.03713541666666667,0.7427083333333334,889.8269918577271,1.4365000783661544e-07
0.004021,0.03723958333333334,0.7447916666666667,886.7734604524005,1.4445702823591183e-07
0.004021,0.03734375,0.746875,883.6544310678826,1.452663091965707e-07
0.004021,0.03744791666666667,0.7489583333333334,880.4691206177105,1.4607785071856045e-07
0.004021,0.03755208333333333,0.7510416666666666,877.2167558446068,1.4689165280188328e-07
0.004021,0.03765625,0.753125,873.8965740086,1.4770771544656862e-07
0.004021,0.03776041666666667,0.7552083333333334,870.5078235820898,1.4852603865258936e-07
0.004021,0.03786458333333334,0.7572916666666668,867.0497649513119,1.4934662241993866e-07
0.004021,0.03796875,0.759375,863.5216711236611,1.50169466748655e-07
0.004021,0.038072916666666665,0.7614583333333332,859.9228284402888,1.509945716386886e-07
0.004021,0.038177083333333334,0.7635416666666667,856.252537293388,1.51821937090087e-07
0.004021,0.03828125,0.765625,852.5101128475603,1.5265156310282076e-07
0.004021,0.03838541666666667,0.7677083333333334,848.6948857646291,1.534834496768831e-07
0.004021,0.038489583333333334,0.7697916666666667,844.8062029312582,1.5431759681231247e-07
0.004021,0.03859375,0.771875,840.8434281887168,1.5515400450906818e-07
0.004021,0.038697916666666665,0.7739583333333333,836.805943064109,1.559926727671615e-07
0.004021,0.038802083333333334,0.7760416666666666,832.6931475023752,1.5683360158661735e-07
0.004021,0.03890625,0.7781250000000001,828.5044605983602,1.5767679096740403e-07
0.004021,0.03901041666666667,0.7802083333333334,824.2393213282215,1.5852224090952158e-07
0.004021,0.039114583333333335,0.7822916666666666,819.8971892794426,1.5936995141300613e-07
0.004021,0.039218750000000004,0.784375,815.4775453787038,1.6021992247781928e-07
0.004021,0.039322916666666666,0.7864583333333333,810.9798926168494,1.6107215410396782e-07
0.004021,0.039427083333333335,0.7885416666666667,806.4037567701772,1.619266462914743e-07
0.004021,0.039531250000000004,0.790625,801.7486871172682,1.6278339904032073e-07
0.004021,0.03963541666666667,0.7927083333333335,797.014257150566,1.63642412350498e-07
0.004021,0.039739583333333335,0.7947916666666667,792.2000652819044,1.645036862220332e-07
0.004021,0.039843750000000004,0.796875,787.3057355411709,1.653672206548993e-07
0.004021,0.039947916666666666,0.7989583333333333,782.3309182672991,1.662330156491098e-07
0.004021,0.040052083333333335,0.8010416666666667,777.2752907907628,1.6710107120466923e-07
0.004021,0.040156250000000004,0.8031250000000001,772.138558106748,1.6797138732157308e-07
0.004021,0.040260416666666674,0.8052083333333334,766.9204535381757,1.6884396399979875e-07
0.004021,0.040364583333333336,0.8072916666666666,761.6207393877421,1.6971880123939145e-07
0.004021,0.040468750000000005,0.8093750000000001,756.2392075781414,1.7059589904032401e-07
0.004021,0.04057291666666667,0.8114583333333333,750.7756802796481,1.714752574025739e-07
0.004021,0.040677083333333336,0.8135416666666667,745.2300105242094,1.723568763261998e-07
0.004021,0.040781250000000005,0.815625,739.6020828052365,1.7324075581114304e-07
0.004021,0.04088541666666667,0.8177083333333333,733.8918136622517,1.7412689585744878e-07
0.004021,0.040989583333333336,0.8197916666666667,728.0991522495799,1.7501529646508985e-07
0.004021,0.04109375,0.8218749999999999,722.224080888262,1.7590595763406183e-07
0.004021,0.04119791666666667,0.8239583333333333,716.2666156003789,1.7679887936439175e-07
0.004021,0.041302083333333336,0.8260416666666667,710.2268066249906,1.7769406165606157e-07
0.004021,0.041406250000000006,0.8281250000000001,704.1047389148903,1.7859150450905774e-07
0.004021,0.04151041666666667,0.8302083333333333,697.9005326133932,1.794912079234254e-07
0.004021,0.04161458333333334,0.8322916666666667,691.614343510392,1.8039317189911492e-07
0.004021,0.04171875,0.834375,685.2463634769197,1.8129739643614432e-07
0.004021,0.04182291666666667,0.8364583333333333,678.7968208774726,1.822038815345317e-07
0.004021,0.04192708333333334,0.8385416666666667,672.2659809593741,1.8311262719425446e-07
0.004021,0.042031250000000006,0.8406250000000001,665.6541462184568,1.840236334153081e-07
0.004021,0.04213541666666667,0.8427083333333333,658.9616567403809,1.849369001977287e-07
0.004021,0.04223958333333334,0.8447916666666667,652.1888905169006,1.858524275414802e-07
0.004021,0.04234375,0.8468749999999999,645.3362637364444,1.86770215446558e-07
0.004021,0.04244791666666667,0.8489583333333334,638.4042310483512,1.8769026391300282e-07
0.004021,0.04255208333333334,0.8510416666666667,631.3932858001754,1.8861257294078756e-07
0.004021,0.04265625000000001,0.8531250000000001,624.30396024746,1.895371425298896e-07
0.004021,0.04276041666666667,0.8552083333333333,617.136825735423,1.9046397268036766e-07
0.004021,0.04286458333333334,0.8572916666666667,609.892492852015,1.9139306339217206e-07
0.004021,0.04296875,0.859375,602.5716115518516,1.9232441466530734e-07
0.004021,0.04307291666666667,0.8614583333333333,595.1748712505234,1.9325802649981414e-07
0.004021,0.04317708333333334,0.8635416666666668,587.7030008888493,1.9419389889564276e-07
0.004021,0.04328125000000001,0.8656250000000001,580.1567689666365,1.9513203185280676e-07
0.004021,0.04338541666666667,0.8677083333333333,572.5369835455687,1.9607242537134228e-07
0.004021,0.04348958333333333,0.8697916666666666,564.8444922208554,1.970150794511861e-07
0.004021,0.04359375,0.871875,557.0801820613214,1.979599940924059e-07
0.004021,0.04369791666666667,0.8739583333333334,549.2449795176456,1.9890716929494757e-07
0.004021,0.04380208333333334,0.8760416666666667,541.3398502984829,1.9985660505882912e-07
0.004021,0.04390625,0.8781249999999999,533.3657992142552,2.0080830138406865e-07
0.004021,0.04401041666666667,0.8802083333333334,525.3238699884179,2.0176225827064356e-07
0.004021,0.04411458333333333,0.8822916666666666,517.215145036059,2.0271847571854933e-07
0.004021,0.04421875,0.884375,509.04074520970323,2.0367695372782208e-07
0.004021,0.04432291666666667,0.8864583333333333,500.8018295122623,2.046376922984212e-07
0.004021,0.04442708333333334,0.8885416666666668,492.49959477707665,2.056006914303557e-07
0.004021,0.04453125,0.890625,484.13527531505804,2.0656595112365265e-07
0.004021,0.04463541666666667,0.8927083333333333,475.71014252896737,2.0753347137828502e-07
0.004021,0.04473958333333333,0.8947916666666667,467.2255044949111,2.0850325219424372e-07
0.004021,0.04484375,0.896875,458.6827055111612,2.094752935715694e-07
0.004021,0.04494791666666667,0.8989583333333334,450.0831256144717,2.104495955102305e-07
0.004021,0.04505208333333334,0.9010416666666667,441.4281800640712,2.114261580102134e-07
0.004021,0.04515625,0.903125,432.71931879357857,2.1240498107157234e-07
0.004021,0.04526041666666667,0.9052083333333334,423.9580258311095,2.1338606469425763e-07
0.004021,0.04536458333333333,0.9072916666666666,415.14581868789986,2.1436940887826928e-07
0.004021,0.04546875,0.909375,406.28424771578284,2.1535501362365242e-07
0.004021,0.04557291666666667,0.9114583333333334,397.3748954339329,2.1634287893037096e-07
0.004021,0.04567708333333334,0.9135416666666668,388.4193758252946,2.173330047984068e-07
0.004021,0.04578125,0.915625,379.41933360317677,2.1832539122782318e-07
0.004021,0.04588541666666667,0.9177083333333333,370.37644344851583,2.193200382185614e-07
0.004021,0.045989583333333334,0.9197916666666667,361.29240921836634,2.2031694577063048e-07
0.004021,0.04609375,0.921875,352.1689631261879,2.2131611388407109e-07
0.004021,0.04619791666666667,0.9239583333333334,343.00786489457136,2.2231754255884256e-07
0.004021,0.04630208333333334,0.9260416666666668,333.8109008810448,2.2332123179493585e-07
0.004021,0.04640625,0.928125,324.5798831776656,2.2432718159240517e-07
0.004021,0.046510416666666665,0.9302083333333333,315.3166486851215,2.2533539195118278e-07
0.004021,0.046614583333333334,0.9322916666666666,306.02305816210946,2.2634586287134095e-07
0.004021,0.04671875,0.9343750000000001,296.70099525078615,2.2735859435282093e-07
0.004021,0.04682291666666667,0.9364583333333334,287.3523654791172,2.2837358639563176e-07
0.004021,0.046927083333333335,0.9385416666666666,277.9790952409904,2.2939083899981415e-07
0.004021,0.047031250000000004,0.940625,268.5831307549779,2.3041035216531832e-07
0.004021,0.047135416666666666,0.9427083333333333,259.16643700267787,2.314321258921579e-07
0.004021,0.047239583333333335,0.9447916666666667,249.73099664756842,2.32456160180369e-07
0.004021,0.047343750000000004,0.946875,240.2788089353652,2.3348245502990644e-07
0.004021,0.04744791666666667,0.9489583333333335,230.81188857687158,2.345110104407702e-07
0.004021,0.047552083333333335,0.9510416666666667,221.33226461435441,2.3554182641300552e-07
0.004021,0.047656250000000004,0.953125,211.84197927248744,2.3657490294657168e-07
0.004021,0.047760416666666666,0.9552083333333333,202.34308679494447,2.376102400414642e-07
0.004021,0.047864583333333335,0.9572916666666667,192.83765226771638,2.386478376977282e-07
0.004021,0.047968750000000004,0.9593750000000001,183.32775043028033,2.3968769591532307e-07
0.004021,0.048072916666666674,0.9614583333333334,173.81546447573356,2.407298146942398e-07
0.004021,0.048177083333333336,0.9635416666666666,164.3028848410453,2.417741940345371e-07
0.004021,0.048281250000000005,0.9656250000000001,154.79210798857866,2.4282083393615617e-07
0.004021,0.04838541666666667,0.9677083333333333,145.2852351800627,2.438697343991016e-07
0.004021,0.048489583333333336,0.9697916666666667,135.78437124418232,2.449208954234231e-07
0.004021,0.048593750000000005,0.971875,126.29162333899765,2.459743170090709e-07
0.004021,0.048697916666666674,0.9739583333333335,116.80909971037593,2.470299991560451e-07
0.004021,0.048802083333333336,0.9760416666666667,107.33890844765537,2.480879418643998e-07
0.004021,0.048906250000000005,0.978125,97.88315623774471,2.4914814513407184e-07
0.004021,0.04901041666666667,0.9802083333333333,88.44394711888589,2.502106089650702e-07
0.004021,0.049114583333333336,0.9822916666666667,79.02338123527943,2.5127533335745364e-07
0.004021,0.049218750000000006,0.9843750000000001,69.62355359380967,2.5234231831114086e-07
0.004021,0.04932291666666667,0.9864583333333333,60.24655282406973,2.534115638261996e-07
0.004021,0.04942708333333334,0.9885416666666667,50.894459942904156,2.5448306990258915e-07
0.004021,0.04953125,0.990625,41.569347124683155,2.555568365403096e-07
0.004021,0.04963541666666667,0.9927083333333333,32.27327647849343,2.5663286373939703e-07
0.004021,0.04973958333333334,0.9947916666666667,23.00829883345672,2.5771115149981084e-07
0.004021,0.049843750000000006,0.9968750000000001,13.776452533342182,2.587916998215555e-07
0.004021,0.04994791666666667,0.9989583333333333,4.579762241654154,2.598745087046762e-07
0.004022,5.208333333333334e-05,0.0010416666666666667,999.9999987093851,3.7676022376543216e-13
0.004022,0.00015625,0.0031249999999999997,999.9999987055779,2.637321566358025e-12
0.004022,0.00026041666666666666,0.005208333333333333,999.9999986979458,7.158444251543212e-12
0.004022,0.00036458333333333335,0.007291666666666667,999.9999986864517,1.394012827932099e-11
0.004022,0.00046875,0.009375,999.9999986710401,2.2982373649691355e-11
0.004022,0.0005729166666666667,0.011458333333333333,999.9999986516362,3.4285180362654335e-11
0.004022,0.0006770833333333334,0.013541666666666667,999.9999986281464,4.784854841820988e-11
0.004022,0.00078125,0.015625,999.9999986004572,6.367247781635804e-11
0.004022,0.0008854166666666667,0.017708333333333333,999.9999985684344,8.175696855709879e-11
0.004022,0.0009895833333333334,0.019791666666666666,999.9999985319225,1.0210202064043203e-10
0.004022,0.00109375,0.021875000000000002,999.9999984907447,1.2470763406635805e-10
0.004022,0.0011979166666666666,0.02395833333333333,999.9999984447013,1.4957380883487663e-10
0.004022,0.0013020833333333335,0.026041666666666668,999.9999983935685,1.7670054494598758e-10
0.004022,0.00140625,0.028124999999999997,999.9999983370969,2.0608784239969144e-10
0.004022,0.0015104166666666669,0.030208333333333337,999.9999982750122,2.3773570119598785e-10
0.004022,0.0016145833333333333,0.03229166666666666,999.9999982070117,2.7164412133487647e-10
0.004022,0.0017187500000000002,0.034375,999.9999981327636,3.0781310281635824e-10
0.004022,0.0018229166666666667,0.03645833333333333,999.9999980519053,3.462426456404321e-10
0.004022,0.0019270833333333336,0.03854166666666667,999.9999979640412,3.869327498070989e-10
0.004022,0.00203125,0.040625,999.9999978687414,4.298834153163573e-10
0.004022,0.0021354166666666665,0.04270833333333333,999.9999977655383,4.750946421682109e-10
0.004022,0.0022395833333333334,0.04479166666666667,999.9999976539252,5.225664303626536e-10
0.004022,0.0023437500000000003,0.04687500000000001,999.9999975333538,5.722987798996925e-10
0.004022,0.002447916666666667,0.04895833333333333,999.9999974032319,6.242916907793205e-10
0.004022,0.0025520833333333333,0.051041666666666666,999.9999972629176,6.785451630015442e-10
0.004022,0.00265625,0.053125,999.9999971117198,7.350591965663565e-10
0.004022,0.002760416666666667,0.05520833333333334,999.9999969488923,7.938337914737678e-10
0.004022,0.0028645833333333336,0.05729166666666667,999.9999967736309,8.548689477237637e-10
0.004022,0.00296875,0.059375,999.9999965850694,9.18164665316361e-10
0.004022,0.003072916666666667,0.06145833333333334,999.999996382275,9.837209442515417e-10
0.004022,0.003177083333333334,0.06354166666666668,999.999996164244,1.0515377845293237e-09
0.004022,0.0032812500000000003,0.065625,999.9999959298956,1.1216151861496883e-09
0.004022,0.0033854166666666668,0.06770833333333333,999.999995678069,1.1939531491126517e-09
0.004022,0.0034895833333333333,0.06979166666666665,999.9999954075145,1.2685516734182142e-09
0.004022,0.00359375,0.071875,999.9999951168895,1.345410759066356e-09
0.004022,0.003697916666666667,0.07395833333333333,999.9999948047512,1.424530406057101e-09
0.004022,0.0038020833333333335,0.07604166666666666,999.9999944695497,1.5059106143904297e-09
0.004022,0.00390625,0.078125,999.9999941096205,1.5895513840663619e-09
0.004022,0.004010416666666667,0.08020833333333334,999.9999937231755,1.6754527150848731e-09
0.004022,0.004114583333333333,0.08229166666666665,999.9999933082953,1.7636146074459857e-09
0.004022,0.00421875,0.084375,999.9999928629185,1.8540370611497038e-09
0.004022,0.004322916666666668,0.08645833333333335,999.999992384834,1.9467200761959833e-09
0.004022,0.004427083333333333,0.08854166666666666,999.9999918716678,2.0416636525848733e-09
0.004022,0.0045312500000000006,0.09062500000000001,999.9999913208729,2.138867790316355e-09
0.004022,0.004635416666666667,0.09270833333333334,999.9999907297166,2.2383324893904475e-09
0.004022,0.0047395833333333335,0.09479166666666666,999.999990095267,2.3400577498070924e-09
0.004022,0.004843750000000001,0.09687500000000002,999.9999894143795,2.444043571566356e-09
0.004022,0.0049479166666666664,0.09895833333333333,999.999988683682,2.5502899546682077e-09
0.004022,0.005052083333333334,0.10104166666666667,999.9999878995585,2.658796899112643e-09
0.004022,0.00515625,0.103125,999.9999870581318,2.7695644048997107e-09
0.004022,0.005260416666666667,0.10520833333333333,999.9999861552451,2.8825924720293132e-09
0.004022,0.005364583333333334,0.10729166666666667,999.9999851864433,2.997881100501539e-09
0.004022,0.00546875,0.10937499999999999,999.9999841469506,3.1154302903163524e-09
0.004022,0.005572916666666667,0.11145833333333334,999.9999830316495,3.2352400414737896e-09
0.004022,0.005677083333333334,0.11354166666666668,999.9999818350558,3.3573103539737616e-09
0.004022,0.00578125,0.11562499999999999,999.9999805512944,3.481641227816348e-09
0.004022,0.005885416666666667,0.11770833333333335,999.9999791740701,3.6082326630015406e-09
0.004022,0.005989583333333334,0.11979166666666667,999.9999776966415,3.737084659529347e-09
0.004022,0.00609375,0.121875,999.9999761117869,3.86819721739968e-09
0.004022,0.0061979166666666675,0.12395833333333335,999.9999744117736,4.001570336612654e-09
0.004022,0.006302083333333333,0.12604166666666666,999.9999725883209,4.137204017168198e-09
0.004022,0.0064062500000000005,0.128125,999.9999706325632,4.275098259066392e-09
0.004022,0.006510416666666668,0.13020833333333334,999.9999685350105,4.415253062307077e-09
0.004022,0.006614583333333333,0.13229166666666667,999.9999662855048,4.557668426890429e-09
0.004022,0.006718750000000001,0.134375,999.9999638731751,4.70234435281636e-09
0.004022,0.006822916666666666,0.13645833333333332,999.9999612863872,4.8492808400848535e-09
0.004022,0.006927083333333334,0.13854166666666667,999.9999585126938,4.9984778886960314e-09
0.004022,0.007031250000000001,0.140625,999.9999555387784,5.149935498649682e-09
0.004022,0.007135416666666667,0.14270833333333333,999.9999523503977,5.303653669945966e-09
0.004022,0.007239583333333334,0.14479166666666668,999.9999489323166,5.4596324025848815e-09
0.004022,0.0073437500000000005,0.146875,999.9999452682431,5.617871696566394e-09
0.004022,0.007447916666666667,0.14895833333333333,999.9999413407571,5.7783715518904144e-09
0.004022,0.007552083333333334,0.15104166666666669,999.9999371312349,5.941131968557085e-09
0.004022,0.00765625,0.15312499999999998,999.9999326197685,6.106152946566353e-09
0.004022,0.007760416666666667,0.15520833333333334,999.99992778508,6.273434485918199e-09
0.004022,0.007864583333333335,0.1572916666666667,999.99992260443,6.442976586612696e-09
0.004022,0.00796875,0.159375,999.9999170535216,6.614779248649736e-09
0.004022,0.008072916666666667,0.16145833333333334,999.999911106397,6.788842472029249e-09
0.004022,0.008177083333333335,0.1635416666666667,999.999904735327,6.965166256751589e-09
0.004022,0.00828125,0.165625,999.9998979106962,7.143750602816296e-09
0.004022,0.008385416666666666,0.16770833333333332,999.9998906008773,7.324595510223794e-09
0.004022,0.008489583333333335,0.1697916666666667,999.9998827721006,7.507700978973836e-09
0.004022,0.00859375,0.171875,999.9998743883143,7.693067009066281e-09
0.004022,0.008697916666666666,0.17395833333333333,999.9998654110344,7.880693600501587e-09
0.004022,0.008802083333333334,0.17604166666666665,999.9998557991888,8.070580753279225e-09
0.004022,0.008906250000000001,0.178125,999.9998455089477,8.26272846739976e-09
0.004022,0.009010416666666667,0.18020833333333333,999.9998344935473,8.457136742862698e-09
0.004022,0.009114583333333334,0.18229166666666666,999.9998227030997,8.653805579668144e-09
0.004022,0.009218750000000001,0.184375,999.9998100843924,8.852734977816417e-09
0.004022,0.009322916666666667,0.18645833333333334,999.9997965806766,9.053924937307163e-09
0.004022,0.009427083333333334,0.18854166666666666,999.9997821314404,9.257375458140312e-09
0.004022,0.009531250000000002,0.19062500000000002,999.9997666721689,9.463086540316427e-09
0.004022,0.009635416666666667,0.19270833333333334,999.9997501340913,9.67105818383477e-09
0.004022,0.009739583333333333,0.19479166666666664,999.9997324439106,9.88129038869608e-09
0.004022,0.009843750000000002,0.19687500000000002,999.9997135235192,1.009378315489972e-08
0.004022,0.009947916666666667,0.19895833333333335,999.9996932896947,1.0308536482445941e-08
0.004022,0.010052083333333333,0.20104166666666665,999.9996716537808,1.0525550371334883e-08
0.004022,0.01015625,0.203125,999.999648521346,1.0744824821566263e-08
0.004022,0.010260416666666668,0.20520833333333335,999.999623791825,1.0966359833140502e-08
0.004022,0.010364583333333333,0.20729166666666665,999.999597358137,1.1190155406057182e-08
0.004022,0.01046875,0.209375,999.9995691062813,1.1416211540316228e-08
0.004022,0.010572916666666668,0.21145833333333336,999.9995389149127,1.1644528235918276e-08
0.004022,0.010677083333333334,0.21354166666666666,999.9995066548853,1.1875105492862764e-08
0.004022,0.010781250000000001,0.215625,999.9994721887768,1.2107943311149548e-08
0.004022,0.010885416666666668,0.21770833333333336,999.9994353703823,1.2343041690779405e-08
0.004022,0.010989583333333334,0.21979166666666666,999.9993960441769,1.2580400631751417e-08
0.004022,0.01109375,0.221875,999.9993540447504,1.2820020134066432e-08
0.004022,0.011197916666666669,0.22395833333333337,999.9993091962085,1.3061900197723885e-08
0.004022,0.011302083333333334,0.22604166666666667,999.9992613115407,1.3306040822723636e-08
0.004022,0.01140625,0.228125,999.9992101919499,1.3552442009066458e-08
0.004022,0.011510416666666669,0.23020833333333338,999.9991556261459,1.380110375675165e-08
0.004022,0.011614583333333334,0.23229166666666667,999.9990973895988,1.4052026065779137e-08
0.004022,0.01171875,0.234375,999.9990352437505,1.4305208936149768e-08
0.004022,0.011822916666666667,0.23645833333333333,999.9989689351816,1.4560652367862555e-08
0.004022,0.011927083333333335,0.23854166666666668,999.9988981947307,1.4818356360918274e-08
0.004022,0.01203125,0.240625,999.9988227365689,1.5078320915316502e-08
0.004022,0.012135416666666668,0.24270833333333333,999.998742257218,1.5340546031056886e-08
0.004022,0.012239583333333335,0.24479166666666669,999.9986564345184,1.5605031708140554e-08
0.004022,0.01234375,0.246875,999.9985649265377,1.5871777946566237e-08
0.004022,0.012447916666666666,0.2489583333333333,999.9984673704229,1.6140784746334993e-08
0.004022,0.012552083333333335,0.25104166666666666,999.9983633811852,1.6412052107446045e-08
0.004022,0.01265625,0.253125,999.9982525504258,1.6685580029899538e-08
0.004022,0.012760416666666666,0.2552083333333333,999.998134444986,1.6961368513696032e-08
0.004022,0.012864583333333336,0.2572916666666667,999.9980086055295,1.7239417558835103e-08
0.004022,0.012968750000000001,0.259375,999.9978745450483,1.751972716531619e-08
0.004022,0.013072916666666667,0.2614583333333333,999.9977317472857,1.7802297333140422e-08
0.004022,0.013177083333333334,0.2635416666666667,999.997579665081,1.808712806230695e-08
0.004022,0.013281250000000001,0.265625,999.9974177186223,1.837421935281648e-08
0.004022,0.013385416666666667,0.2677083333333333,999.9972452936098,1.866357120466831e-08
0.004022,0.013489583333333334,0.26979166666666665,999.9970617393236,1.8955183617862574e-08
0.004022,0.013593750000000002,0.27187500000000003,999.9968663665886,1.92490565923997e-08
0.004022,0.013697916666666667,0.2739583333333333,999.9966584456362,1.9545190128279125e-08
0.004022,0.013802083333333333,0.27604166666666663,999.9964372038535,1.9843584225501692e-08
0.004022,0.013906250000000002,0.278125,999.9962018234206,2.0144238884066556e-08
0.004022,0.014010416666666668,0.28020833333333334,999.9959514388241,2.0447154103973576e-08
0.004022,0.014114583333333333,0.28229166666666666,999.9956851342439,2.075232988522388e-08
0.004022,0.014218750000000002,0.28437500000000004,999.9954019408107,2.1059766227816485e-08
0.004022,0.014322916666666668,0.2864583333333333,999.9951008337214,2.1369463131751243e-08
0.004022,0.014427083333333333,0.28854166666666664,999.994780729214,2.1681420597029567e-08
0.004022,0.01453125,0.290625,999.9944404813895,2.1995638623649482e-08
0.004022,0.014635416666666668,0.29270833333333335,999.9940788788754,2.2312117211612685e-08
0.004022,0.014739583333333334,0.2947916666666667,999.9936946413261,2.2630856360918465e-08
0.004022,0.014843750000000001,0.296875,999.9932864157512,2.2951856071566118e-08
0.004022,0.014947916666666668,0.2989583333333333,999.9928527726628,2.3275116343557198e-08
0.004022,0.015052083333333334,0.30104166666666665,999.9923922020372,2.360063717689015e-08
0.004022,0.01515625,0.303125,999.9919031090809,2.392841857156653e-08
0.004022,0.015260416666666669,0.30520833333333336,999.9913838097907,2.4258460527585065e-08
0.004022,0.015364583333333334,0.3072916666666667,999.990832526305,2.4590763044945754e-08
0.004022,0.01546875,0.30937499999999996,999.9902473820307,2.492532612364987e-08
0.004022,0.015572916666666667,0.31145833333333334,999.9896263965403,2.526214976369572e-08
0.004022,0.015677083333333335,0.31354166666666666,999.9889674802284,2.560123396508556e-08
0.004022,0.015781250000000004,0.31562500000000004,999.9882684287182,2.5942578727816002e-08
0.004022,0.015885416666666666,0.3177083333333333,999.9875269170072,2.6286184051890294e-08
0.004022,0.015989583333333335,0.3197916666666667,999.9867404933414,2.663204993730759e-08
0.004022,0.016093750000000004,0.3218750000000001,999.9859065728064,2.6980176384066193e-08
0.004022,0.016197916666666666,0.3239583333333333,999.9850224306269,2.73305633921678e-08
0.004022,0.016302083333333335,0.3260416666666667,999.9840851951603,2.768321096161241e-08
0.004022,0.01640625,0.328125,999.9830918405695,2.8038119092400304e-08
0.004022,0.016510416666666666,0.3302083333333333,999.9820391791706,2.839528778452894e-08
0.004022,0.016614583333333335,0.3322916666666667,999.9809238534336,2.875471703800143e-08
0.004022,0.01671875,0.334375,999.9797423276333,2.911640685281692e-08
0.004022,0.016822916666666667,0.3364583333333333,999.9784908791222,2.9480357228973435e-08
0.004022,0.016927083333333336,0.3385416666666667,999.9771655892257,2.9846568166473517e-08
0.004022,0.01703125,0.340625,999.9757623337385,3.021503966531717e-08
0.004022,0.017135416666666667,0.34270833333333334,999.9742767730057,3.0585771725501285e-08
0.004022,0.017239583333333336,0.3447916666666667,999.9727043415775,3.0958764347028965e-08
0.004022,0.01734375,0.346875,999.9710402374211,3.133401752990049e-08
0.004022,0.017447916666666667,0.3489583333333333,999.9692794106688,3.17115312741122e-08
0.004022,0.017552083333333336,0.3510416666666667,999.967416551894,3.209130557966776e-08
0.004022,0.01765625,0.35312499999999997,999.9654460798913,3.247334044656604e-08
0.004022,0.017760416666666667,0.35520833333333335,999.9633621289461,3.285763587480789e-08
0.004022,0.017864583333333336,0.35729166666666673,999.9611585355755,3.3244191864390195e-08
0.004022,0.01796875,0.35937499999999994,999.9588288247213,3.363300841531607e-08
0.004022,0.018072916666666668,0.3614583333333333,999.9563661953805,3.4024085527585514e-08
0.004022,0.018177083333333337,0.3635416666666667,999.9537635056475,3.44174232011957e-08
0.004022,0.01828125,0.365625,999.951013257153,3.481302143614945e-08
0.004022,0.018385416666666668,0.36770833333333336,999.948107578879,3.5210880232446777e-08
0.004022,0.018489583333333337,0.36979166666666674,999.9450382103287,3.561099959008456e-08
0.004022,0.01859375,0.37187499999999996,999.9417964840303,3.601337950906591e-08
0.004022,0.018697916666666668,0.37395833333333334,999.9383733073548,3.641801998939139e-08
0.004022,0.018802083333333337,0.3760416666666667,999.9347591436225,3.682492103105649e-08
0.004022,0.01890625,0.378125,999.9309439924818,3.7234082634066e-08
0.004022,0.01901041666666667,0.38020833333333337,999.9269173695327,3.7645504798417954e-08
0.004022,0.019114583333333334,0.38229166666666664,999.9226682851734,3.805918752411347e-08
0.004022,0.01921875,0.38437499999999997,999.9181852226482,3.847513081114945e-08
0.004022,0.01932291666666667,0.38645833333333335,999.9134561152716,3.889333465952871e-08
0.004022,0.019427083333333334,0.3885416666666667,999.9084683228045,3.931379906925267e-08
0.004022,0.01953125,0.390625,999.9032086069593,3.9736524040315963e-08
0.004022,0.01963541666666667,0.3927083333333334,999.8976631060054,4.016150957272339e-08
0.004022,0.019739583333333335,0.39479166666666665,999.8918173084556,4.058875566647438e-08
0.004022,0.01984375,0.396875,999.8856560258041,4.10182623215664e-08
0.004022,0.01994791666666667,0.39895833333333336,999.8791633642892,4.145002953800114e-08
0.004022,0.020052083333333335,0.4010416666666667,999.8723226956603,4.188405731578029e-08
0.004022,0.02015625,0.403125,999.8651166269148,4.2320345654898775e-08
0.004022,0.02026041666666667,0.4052083333333334,999.8575269689873,4.275889455536224e-08
0.004022,0.020364583333333332,0.4072916666666666,999.8495347043569,4.319970401716786e-08
0.004022,0.02046875,0.409375,999.8411199535489,4.364277404031733e-08
0.004022,0.02057291666666667,0.41145833333333337,999.832261940504,4.40881046248067e-08
0.004022,0.020677083333333332,0.41354166666666664,999.8229389567888,4.4535695770639914e-08
0.004022,0.02078125,0.415625,999.8131283246148,4.498554747781754e-08
0.004022,0.02088541666666667,0.4177083333333334,999.802806358646,4.543765974633451e-08
0.004022,0.020989583333333332,0.4197916666666666,999.7919483265623,4.5892032576195316e-08
0.004022,0.02109375,0.421875,999.780528408353,4.634866596740111e-08
0.004022,0.02119791666666667,0.4239583333333334,999.7685196543146,4.6807559919945106e-08
0.004022,0.021302083333333333,0.42604166666666665,999.755893941721,4.7268714433834645e-08
0.004022,0.02140625,0.42812500000000003,999.7426219301457,4.773212950906747e-08
0.004022,0.02151041666666667,0.4302083333333334,999.7286730154,4.819780514564019e-08
0.004022,0.021614583333333333,0.43229166666666663,999.7140152820714,4.8665741343556193e-08
0.004022,0.021718750000000002,0.434375,999.6986154546253,4.9135938102816046e-08
0.004022,0.021822916666666668,0.43645833333333334,999.6824388470495,4.9608395423419184e-08
0.004022,0.021927083333333333,0.43854166666666666,999.6654493110149,5.0083113305362225e-08
0.004022,0.022031250000000002,0.44062500000000004,999.647609182525,5.056009174864911e-08
0.004022,0.022135416666666668,0.4427083333333333,999.628879227032,5.103933075328041e-08
0.004022,0.022239583333333333,0.44479166666666664,999.6092185829928,5.1520830319251046e-08
0.004022,0.022343750000000002,0.446875,999.5885847038405,5.200459044656609e-08
0.004022,0.022447916666666668,0.44895833333333335,999.5669332983523,5.249061113522499e-08
0.004022,0.022552083333333334,0.4510416666666667,999.5442182693854,5.297889238522322e-08
0.004022,0.022656250000000003,0.45312500000000006,999.5203916509646,5.346943419656586e-08
0.004022,0.02276041666666667,0.4552083333333333,999.4954035436972,5.396223656925292e-08
0.004022,0.022864583333333334,0.45729166666666665,999.4692020484979,5.445729950327875e-08
0.004022,0.022968750000000003,0.45937500000000003,999.4417331986016,5.495462299864899e-08
0.004022,0.02307291666666667,0.46145833333333336,999.4129408898499,5.545420705536421e-08
0.004022,0.023177083333333334,0.4635416666666667,999.3827668092326,5.595605167341763e-08
0.004022,0.023281250000000003,0.46562500000000007,999.35115036167,5.646015685281546e-08
0.004022,0.023385416666666665,0.4677083333333333,999.3180285950199,5.696652259355659e-08
0.004022,0.023489583333333335,0.46979166666666666,999.2833361232999,5.747514889564156e-08
0.004022,0.023593750000000004,0.47187500000000004,999.2470050481109,5.7986035759065864e-08
0.004022,0.023697916666666666,0.4739583333333333,999.2089648782547,5.849918318383458e-08
0.004022,0.023802083333333335,0.4760416666666667,999.1691424475366,5.901459116994715e-08
0.004022,0.023906250000000004,0.4781250000000001,999.1274618307464,5.953225971739905e-08
0.004022,0.024010416666666666,0.4802083333333333,999.0838442578165,6.005218882619536e-08
0.004022,0.024114583333333335,0.4822916666666667,999.038208026152,6.057437849633666e-08
0.004022,0.024218750000000004,0.48437500000000006,998.9904684111332,6.109882872781558e-08
0.004022,0.024322916666666666,0.4864583333333333,998.9405375747951,6.16255395206395e-08
0.004022,0.024427083333333335,0.4885416666666667,998.8883244726844,6.215451087480896e-08
0.004022,0.024531250000000004,0.4906250000000001,998.8337347589069,6.268574279031548e-08
0.004022,0.024635416666666667,0.4927083333333333,998.776670689364,6.321923526716756e-08
0.004022,0.024739583333333336,0.4947916666666667,998.7170310232038,6.375498830536234e-08
0.004022,0.02484375,0.496875,998.654710922489,6.429300190490099e-08
0.004022,0.024947916666666667,0.49895833333333334,998.589601850109,6.483327606577895e-08
0.004022,0.025052083333333336,0.5010416666666667,998.5215914659477,6.537581078800022e-08
0.004022,0.02515625,0.503125,998.450563521337,6.592060607156815e-08
0.004022,0.025260416666666667,0.5052083333333333,998.3763977518186,6.646766191647259e-08
0.004022,0.025364583333333336,0.5072916666666667,998.2989697682444,6.70169783227237e-08
0.004022,0.025468750000000002,0.509375,998.2181509462524,6.756855529031811e-08
0.004022,0.025572916666666667,0.5114583333333333,998.133808314147,6.812239281925015e-08
0.004022,0.025677083333333336,0.5135416666666667,998.0458044392298,6.867849090952886e-08
0.004022,0.025781250000000002,0.515625,997.9539973126241,6.923684956115198e-08
0.004022,0.025885416666666668,0.5177083333333333,997.8582402326348,6.97974687741116e-08
0.004022,0.025989583333333337,0.5197916666666667,997.758381686704,7.036034854841792e-08
0.004022,0.02609375,0.521875,997.6542652320089,7.092548888406525e-08
0.004022,0.026197916666666668,0.5239583333333333,997.5457293747681,7.149288978105813e-08
0.004022,0.026302083333333337,0.5260416666666667,997.4326074483137,7.206255123938978e-08
0.004022,0.02640625,0.528125,997.314727490001,7.263447325906583e-08
0.004022,0.026510416666666668,0.5302083333333333,997.1919121170297,7.320865584008631e-08
0.004022,0.026614583333333337,0.5322916666666667,997.0639784012437,7.378509898244554e-08
0.004022,0.02671875,0.5343749999999999,996.9307377430034,7.43638026861492e-08
0.004022,0.02682291666666667,0.5364583333333334,996.7919957442068,7.494476695119727e-08
0.004022,0.026927083333333338,0.5385416666666667,996.6475520805512,7.55279917775841e-08
0.004022,0.02703125,0.5406249999999999,996.4972003731353,7.611347716531649e-08
0.004022,0.02713541666666667,0.5427083333333333,996.3407280594947,7.670122311439215e-08
0.004022,0.027239583333333338,0.5447916666666667,996.1779162641832,7.729122962480546e-08
0.004022,0.02734375,0.546875,996.0085396690005,7.788349669656657e-08
0.004022,0.02744791666666667,0.5489583333333333,995.8323663829935,7.847802432966643e-08
0.004022,0.027552083333333335,0.5510416666666667,995.6491578123366,7.907481252411525e-08
0.004022,0.02765625,0.553125,995.4586685302282,7.967386127989829e-08
0.004022,0.02776041666666667,0.5552083333333333,995.2606461469262,8.027517059702915e-08
0.004022,0.027864583333333335,0.5572916666666666,995.0548311800628,8.08787404755033e-08
0.004022,0.02796875,0.559375,994.8409569253744,8.148457091531509e-08
0.004022,0.02807291666666667,0.5614583333333334,994.6187493279964,8.209266191647354e-08
0.004022,0.028177083333333335,0.5635416666666667,994.3879268544719,8.270301347897527e-08
0.004022,0.02828125,0.5656249999999999,994.1482003656323,8.331562560281578e-08
0.004022,0.02838541666666667,0.5677083333333334,993.8992729905076,8.393049828800071e-08
0.004022,0.028489583333333336,0.5697916666666667,993.6408400014395,8.454763153453117e-08
0.004022,0.02859375,0.571875,993.3725886905631,8.516702534239815e-08
0.004022,0.02869791666666667,0.5739583333333333,993.0941982478374,8.57886797116118e-08
0.004022,0.028802083333333332,0.5760416666666666,992.8053396408084,8.641259464216759e-08
0.004022,0.02890625,0.578125,992.5056754962878,8.703877013406895e-08
0.004022,0.02901041666666667,0.5802083333333333,992.1948599841458,8.766720618730567e-08
0.004022,0.029114583333333333,0.5822916666666667,991.8725387034079,8.82979028018902e-08
0.004022,0.02921875,0.584375,991.5383485708667,8.8930859977818e-08
0.004022,0.02932291666666667,0.5864583333333334,991.1919177124078,8.956607771508346e-08
0.004022,0.029427083333333333,0.5885416666666666,990.8328653572667,9.020355601369559e-08
0.004022,0.029531250000000002,0.590625,990.4608017354321,9.084329487365213e-08
0.004022,0.02963541666666667,0.5927083333333334,990.0753279784134,9.148529429494518e-08
0.004022,0.029739583333333333,0.5947916666666666,989.676036023602,9.212955427758376e-08
0.004022,0.029843750000000002,0.596875,989.2625085224528,9.277607482156791e-08
0.004022,0.02994791666666667,0.5989583333333334,988.8343187527182,9.342485592688967e-08
0.004022,0.030052083333333333,0.6010416666666666,988.391030534977,9.407589759355586e-08
0.004022,0.030156250000000002,0.603125,987.9321981536893,9.472919982156533e-08
0.004022,0.030260416666666668,0.6052083333333333,987.4573662830347,9.538476261092148e-08
0.004022,0.030364583333333334,0.6072916666666667,986.9660699177657,9.604258596161075e-08
0.004022,0.030468750000000003,0.609375,986.4578343093402,9.670266987364895e-08
0.004022,0.03057291666666667,0.6114583333333333,985.9321749075777,9.736501434703157e-08
0.004022,0.030677083333333334,0.6135416666666667,985.3885973080999,9.802961938175069e-08
0.004022,0.030781250000000003,0.615625,984.826597205806,9.869648497781536e-08
0.004022,0.03088541666666667,0.6177083333333333,984.2456603546543,9.936561113522669e-08
0.004022,0.030989583333333334,0.6197916666666666,983.6452625339983,1.0003699785397228e-07
0.004022,0.031093750000000003,0.6218750000000001,983.0248695217517,1.0071064513406568e-07
0.004022,0.031197916666666665,0.6239583333333333,982.3839370746352,1.0138655297550009e-07
0.004022,0.031302083333333335,0.6260416666666666,981.7219109157792,1.0206472137828118e-07
0.004022,0.031406250000000004,0.628125,981.0382267299418,1.027451503424033e-07
0.004022,0.031510416666666666,0.6302083333333333,980.3323101666081,1.0342783986785854e-07
0.004022,0.031614583333333335,0.6322916666666667,979.603576851234,1.0411278995466949e-07
0.004022,0.031718750000000004,0.634375,978.8514324049039,1.0480000060281807e-07
0.004022,0.03182291666666667,0.6364583333333335,978.0752724726551,1.0548947181230429e-07
0.004022,0.031927083333333335,0.6385416666666667,977.2744827607411,1.0618120358314171e-07
0.004022,0.032031250000000004,0.640625,976.4484390830835,1.0687519591531901e-07
0.004022,0.032135416666666666,0.6427083333333333,975.5965074171766,1.0757144880882945e-07
0.004022,0.032239583333333335,0.6447916666666667,974.7180439696945,1.0826996226370011e-07
0.004022,0.032343750000000004,0.6468750000000001,973.8123952520507,1.0897073627989485e-07
0.004022,0.03244791666666667,0.6489583333333333,972.8788981661636,1.0967377085744755e-07
0.004022,0.032552083333333336,0.6510416666666666,971.916880100663,1.103790659963379e-07
0.004022,0.03265625,0.653125,970.9256590377814,1.1108662169656136e-07
0.004022,0.03276041666666667,0.6552083333333333,969.9045436711607,1.117964379581428e-07
0.004022,0.032864583333333336,0.6572916666666667,968.8528335348043,1.1250851478105962e-07
0.004022,0.032968750000000005,0.659375,967.7698191433936,1.1322285216531181e-07
0.004022,0.03307291666666667,0.6614583333333333,966.654782144186,1.1393945011091971e-07
0.004022,0.033177083333333336,0.6635416666666667,965.5069954807004,1.1465830861786751e-07
0.004022,0.03328125,0.6656249999999999,964.3257235683946,1.1537942768614391e-07
0.004022,0.03338541666666667,0.6677083333333333,963.1102224825205,1.1610280731578055e-07
0.004022,0.033489583333333336,0.6697916666666667,961.859740158348,1.1682844750675481e-07
0.004022,0.033593750000000006,0.6718750000000001,960.5735166039267,1.175563482590622e-07
0.004022,0.03369791666666667,0.6739583333333333,959.2507841255521,1.1828650957272528e-07
0.004022,0.03380208333333334,0.6760416666666667,957.8907675660934,1.1901893144772828e-07
0.004022,0.03390625,0.678125,956.4926845563217,1.1975361388405988e-07
0.004022,0.03401041666666667,0.6802083333333333,955.0557457793799,1.2049055688175396e-07
0.004022,0.03411458333333334,0.6822916666666667,953.5791552485043,1.212297604407834e-07
0.004022,0.034218750000000006,0.6843750000000001,952.0621105981185,1.2197122456114373e-07
0.004022,0.03432291666666667,0.6864583333333333,950.5038033883865,1.2271494924286653e-07
0.004022,0.03442708333333334,0.6885416666666667,948.9034194233149,1.234609344859202e-07
0.004022,0.03453125,0.6906249999999999,947.2601390824691,1.242091802903115e-07
0.004022,0.03463541666666667,0.6927083333333334,945.5731376663613,1.2495968665605852e-07
0.004022,0.03473958333333334,0.6947916666666667,943.8415857555486,1.2571245358314543e-07
0.004022,0.03484375000000001,0.6968750000000001,942.0646495834696,1.2646748107156093e-07
0.004022,0.03494791666666667,0.6989583333333333,940.2414914230254,1.272247691213367e-07
0.004022,0.03505208333333333,0.7010416666666666,938.3712699869017,1.27984317732441e-07
0.004022,0.03515625,0.703125,936.4531408416088,1.2874612690490106e-07
0.004022,0.03526041666666667,0.7052083333333333,934.4862568351972,1.29510196638701e-07
0.004022,0.03536458333333334,0.7072916666666668,932.469768538597,1.302765269338273e-07
0.004022,0.03546875,0.709375,930.4028247005008,1.310451177903206e-07
0.004022,0.03557291666666667,0.7114583333333333,928.2845727156995,1.318159692081425e-07
0.004022,0.03567708333333333,0.7135416666666666,926.1141591067628,1.3258908118730204e-07
0.004022,0.03578125,0.715625,923.8907300189301,1.3336445372781952e-07
0.004022,0.03588541666666667,0.7177083333333334,921.6134317280644,1.3414208682967015e-07
0.004022,0.03598958333333334,0.7197916666666667,919.2814111615028,1.349219804928584e-07
0.004022,0.03609375,0.7218749999999999,916.8938164316139,1.3570413471740238e-07
0.004022,0.03619791666666667,0.7239583333333334,914.4497973818535,1.3648854950328173e-07
0.004022,0.03630208333333333,0.7260416666666666,911.9485061450933,1.3727522485049645e-07
0.004022,0.03640625,0.728125,909.3890977139744,1.3806416075906914e-07
0.004022,0.03651041666666667,0.7302083333333333,906.7707305230141,1.3885535722897723e-07
0.004022,0.03661458333333334,0.7322916666666668,904.0925670421824,1.3964881426021842e-07
0.004022,0.03671875,0.734375,901.353774381631,1.4044453185281983e-07
0.004022,0.03682291666666667,0.7364583333333333,898.5535249072542,1.4124251000675439e-07
0.004022,0.03692708333333333,0.7385416666666667,895.6909968667228,1.4204274872202204e-07
0.004022,0.03703125,0.740625,892.765375025622,1.4284524799865444e-07
0.004022,0.03713541666666667,0.7427083333333334,889.7758513133027,1.4365000783661544e-07
0.004022,0.03723958333333334,0.7447916666666667,886.721625478029,1.4445702823591183e-07
0.004022,0.03734375,0.746875,883.6019057509907,1.452663091965707e-07
0.004022,0.03744791666666667,0.7489583333333334,880.4159095187274,1.4607785071856045e-07
0.004022,0.03755208333333333,0.7510416666666666,877.1628640034855,1.4689165280188328e-07
0.004022,0.03765625,0.753125,873.8420069510178,1.4770771544656862e-07
0.004022,0.03776041666666667,0.7552083333333334,870.4525873253097,1.4852603865258936e-07
0.004022,0.03786458333333334,0.7572916666666668,866.993866009695,1.4934662241993866e-07
0.004022,0.03796875,0.759375,863.4651165138121,1.50169466748655e-07
0.004022,0.038072916666666665,0.7614583333333332,859.8656256858227,1.509945716386886e-07
0.004022,0.038177083333333334,0.7635416666666667,856.1946944293073,1.51821937090087e-07
0.004022,0.03828125,0.765625,852.4516384242249,1.5265156310282076e-07
0.004022,0.03838541666666667,0.7677083333333334,848.6357888513087,1.534834496768831e-07
0.004022,0.038489583333333334,0.7697916666666667,844.7464931192567,1.5431759681231247e-07
0.004022,0.03859375,0.771875,840.7831155940509,1.5515400450906818e-07
0.004022,0.038697916666666665,0.7739583333333333,836.7450383297355,1.559926727671615e-07
0.004022,0.038802083333333334,0.7760416666666666,832.6316617999513,1.5683360158661735e-07
0.004022,0.03890625,0.7781250000000001,828.4424056295278,1.5767679096740403e-07
0.004022,0.03901041666666667,0.7802083333333334,824.1767093254043,1.5852224090952158e-07
0.004022,0.039114583333333335,0.7822916666666666,819.8340330061458,1.5936995141300613e-07
0.004022,0.039218750000000004,0.784375,815.4138581293076,1.6021992247781928e-07
0.004022,0.039322916666666666,0.7864583333333333,810.9156882158869,1.6107215410396782e-07
0.004022,0.039427083333333335,0.7885416666666667,806.3390495710862,1.619266462914743e-07
0.004022,0.039531250000000004,0.790625,801.6834920006129,1.6278339904032073e-07
0.004022,0.03963541666666667,0.7927083333333335,796.948589521717,1.63642412350498e-07
0.004022,0.039739583333333335,0.7947916666666667,792.133941068174,1.645036862220332e-07
0.004022,0.039843750000000004,0.796875,787.2391711883934,1.653672206548993e-07
0.004022,0.039947916666666666,0.7989583333333333,782.263930735855,1.662330156491098e-07
0.004022,0.040052083333333335,0.8010416666666667,777.2078975510374,1.6710107120466923e-07
0.004022,0.040156250000000004,0.8031250000000001,772.0707771340251,1.6797138732157308e-07
0.004022,0.040260416666666674,0.8052083333333334,766.8523033069586,1.6884396399979875e-07
0.004022,0.040364583333333336,0.8072916666666666,761.5522388655012,1.6971880123939145e-07
0.004022,0.040468750000000005,0.8093750000000001,756.1703762184871,1.7059589904032401e-07
0.004022,0.04057291666666667,0.8114583333333333,750.706538014925,1.714752574025739e-07
0.004022,0.040677083333333336,0.8135416666666667,745.1605777575143,1.723568763261998e-07
0.004022,0.040781250000000005,0.815625,739.5323804018582,1.7324075581114304e-07
0.004022,0.04088541666666667,0.8177083333333333,733.8218629405354,1.7412689585744878e-07
0.004022,0.040989583333333336,0.8197916666666667,728.0289749712159,1.7501529646508985e-07
0.004022,0.04109375,0.8218749999999999,722.1536992480042,1.7590595763406183e-07
0.004022,0.04119791666666667,0.8239583333333333,716.1960522151928,1.7679887936439175e-07
0.004022,0.041302083333333336,0.8260416666666667,710.15608452264,1.7769406165606157e-07
0.004022,0.041406250000000006,0.8281250000000001,704.0338815219621,1.7859150450905774e-07
0.004022,0.04151041666666667,0.8302083333333333,697.8295637427724,1.794912079234254e-07
0.004022,0.04161458333333334,0.8322916666666667,691.5432873481866,1.8039317189911492e-07
0.004022,0.04171875,0.834375,685.1752445688506,1.8129739643614432e-07
0.004022,0.04182291666666667,0.8364583333333333,678.7256641147318,1.822038815345317e-07
0.004022,0.04192708333333334,0.8385416666666667,672.1948115639616,1.8311262719425446e-07
0.004022,0.042031250000000006,0.8406250000000001,665.5829897280086,1.840236334153081e-07
0.004022,0.04213541666666667,0.8427083333333333,658.8905389924943,1.849369001977287e-07
0.004022,0.04223958333333334,0.8447916666666667,652.1178376329757,1.858524275414802e-07
0.004022,0.04234375,0.8468749999999999,645.2653021050463,1.86770215446558e-07
0.004022,0.04244791666666667,0.8489583333333334,638.3333873081126,1.8769026391300282e-07
0.004022,0.04255208333333334,0.8510416666666667,631.3225868222514,1.8861257294078756e-07
0.004022,0.04265625000000001,0.8531250000000001,624.2334331175491,1.895371425298896e-07
0.004022,0.04276041666666667,0.8552083333333333,617.0664977353719,1.9046397268036766e-07
0.004022,0.04286458333333334,0.8572916666666667,609.8223914410233,1.9139306339217206e-07
0.004022,0.04296875,0.859375,602.5017643472929,1.9232441466530734e-07
0.004022,0.04307291666666667,0.8614583333333333,595.1053060084012,1.9325802649981414e-07
0.004022,0.04317708333333334,0.8635416666666668,587.6337454839061,1.9419389889564276e-07
0.004022,0.04328125000000001,0.8656250000000001,580.0878513721367,1.9513203185280676e-07
0.004022,0.04338541666666667,0.8677083333333333,572.4684318127739,1.9607242537134228e-07
0.004022,0.04348958333333333,0.8697916666666666,564.7763344582125,1.970150794511861e-07
0.004022,0.04359375,0.871875,557.0124464133874,1.979599940924059e-07
0.004022,0.04369791666666667,0.8739583333333334,549.1776941437666,1.9890716929494757e-07
0.004022,0.04380208333333334,0.8760416666666667,541.2730433512539,1.9985660505882912e-07
0.004022,0.04390625,0.8781249999999999,533.2994988177811,2.0080830138406865e-07
0.004022,0.04401041666666667,0.8802083333333334,525.2581042163999,2.0176225827064356e-07
0.004022,0.04411458333333333,0.8822916666666666,517.1499418897306,2.0271847571854933e-07
0.004022,0.04421875,0.884375,508.9761325956394,2.0367695372782208e-07
0.004022,0.04432291666666667,0.8864583333333333,500.7378352200866,2.046376922984212e-07
0.004022,0.04442708333333334,0.8885416666666668,492.4362464570919,2.056006914303557e-07
0.004022,0.04453125,0.890625,484.0726004558261,2.0656595112365265e-07
0.004022,0.04463541666666667,0.8927083333333333,475.64816843486204,2.0753347137828502e-07
0.004022,0.04473958333333333,0.8947916666666667,467.1642582636727,2.0850325219424372e-07
0.004022,0.04484375,0.896875,458.62221401147633,2.094752935715694e-07
0.004022,0.04494791666666667,0.8989583333333334,450.0234154636061,2.104495955102305e-07
0.004022,0.04505208333333334,0.9010416666666667,441.3692776055814,2.114261580102134e-07
0.004022,0.04515625,0.903125,432.66125007512983,2.1240498107157234e-07
0.004022,0.04526041666666667,0.9052083333333334,423.9008165824256,2.1338606469425763e-07
0.004022,0.04536458333333333,0.9072916666666666,415.08949429887133,2.1436940887826928e-07
0.004022,0.04546875,0.909375,406.2288332147607,2.1535501362365242e-07
0.004022,0.04557291666666667,0.9114583333333334,397.3204154662349,2.1634287893037096e-07
0.004022,0.04567708333333334,0.9135416666666668,388.3658546319491,2.173330047984068e-07
0.004022,0.04578125,0.915625,379.36679499993113,2.1832539122782318e-07
0.004022,0.04588541666666667,0.9177083333333333,370.32491080513535,2.193200382185614e-07
0.004022,0.045989583333333334,0.9197916666666667,361.2419054382492,2.2031694577063048e-07
0.004022,0.04609375,0.921875,352.1195106263232,2.2131611388407109e-07
0.004022,0.04619791666666667,0.9239583333333334,342.9594855858622,2.2231754255884256e-07
0.004022,0.04630208333333334,0.9260416666666668,333.76361614902487,2.2332123179493585e-07
0.004022,0.04640625,0.928125,324.53371386363114,2.2432718159240517e-07
0.004022,0.046510416666666665,0.9302083333333333,315.271615067704,2.2533539195118278e-07
0.004022,0.046614583333333334,0.9322916666666666,305.97917993931145,2.2634586287134095e-07
0.004022,0.04671875,0.9343750000000001,296.6582915225048,2.2735859435282093e-07
0.004022,0.04682291666666667,0.9364583333333334,287.31085473017595,2.2837358639563176e-07
0.004022,0.046927083333333335,0.9385416666666666,277.9387953247024,2.2939083899981415e-07
0.004022,0.047031250000000004,0.940625,268.54405887726165,2.3041035216531832e-07
0.004022,0.047135416666666666,0.9427083333333333,259.1286097067452,2.314321258921579e-07
0.004022,0.047239583333333335,0.9447916666666667,249.69442979920447,2.32456160180369e-07
0.004022,0.047343750000000004,0.946875,240.24351770882183,2.3348245502990644e-07
0.004022,0.04744791666666667,0.9489583333333335,230.77788744138894,2.345110104407702e-07
0.004022,0.047552083333333335,0.9510416666666667,221.29956732133098,2.3554182641300552e-07
0.004022,0.047656250000000004,0.953125,211.8105988433139,2.3657490294657168e-07
0.004022,0.047760416666666666,0.9552083333333333,202.31303550951765,2.376102400414642e-07
0.004022,0.047864583333333335,0.9572916666666667,192.80894165364802,2.386478376977282e-07
0.004022,0.047968750000000004,0.9593750000000001,183.3003912528151,2.3968769591532307e-07
0.004022,0.048072916666666674,0.9614583333333334,173.78946672838876,2.407298146942398e-07
0.004022,0.048177083333333336,0.9635416666666666,164.2782577369854,2.417741940345371e-07
0.004022,0.048281250000000005,0.9656250000000001,154.76885995273457,2.4282083393615617e-07
0.004022,0.04838541666666667,0.9677083333333333,145.2633738420068,2.438697343991016e-07
0.004022,0.048489583333333336,0.9697916666666667,135.76390343176865,2.449208954234231e-07
0.004022,0.048593750000000005,0.971875,126.27255507277425,2.459743170090709e-07
0.004022,0.048697916666666674,0.9739583333333335,116.79143619877766,2.470299991560451e-07
0.004022,0.048802083333333336,0.9760416666666667,107.32265408298237,2.480879418643998e-07
0.004022,0.048906250000000005,0.978125,97.86831459293198,2.4914814513407184e-07
0.004022,0.04901041666666667,0.9802083333333333,88.43052094506749,2.502106089650702e-07
0.004022,0.049114583333333336,0.9822916666666667,79.01137246015034,2.5127533335745364e-07
0.004022,0.049218750000000006,0.9843750000000001,69.61296332078727,2.5234231831114086e-07
0.004022,0.04932291666666667,0.9864583333333333,60.237381332254806,2.534115638261996e-07
0.004022,0.04942708333333334,0.9885416666666667,50.88670668784166,2.5448306990258915e-07
0.004022,0.04953125,0.990625,41.56301073992104,2.555568365403096e-07
0.004022,0.04963541666666667,0.9927083333333333,32.26835477793667,2.5663286373939703e-07
0.004022,0.04973958333333334,0.9947916666666667,23.00478881451308,2.5771115149981084e-07
0.004022,0.049843750000000006,0.9968750000000001,13.774350380854816,2.587916998215555e-07
0.004022,0.04994791666666667,0.9989583333333333,4.57906333261531,2.598745087046762e-07
0.004052,5.208333333333334e-05,0.0010416666666666667,999.9999984777583,3.7676022376543216e-13
0.004052,0.00015625,0.0031249999999999997,999.9999984733345,2.637321566358025e-12
0.004052,0.00026041666666666666,0.005208333333333333,999.9999984644664,7.158444251543212e-12
0.004052,0.00036458333333333335,0.007291666666666667,999.9999984511121,1.394012827932099e-11
0.004052,0.00046875,0.009375,999.9999984332076,2.2982373649691355e-11
0.004052,0.0005729166666666667,0.011458333333333333,999.9999984106677,3.4285180362654335e-11
0.004052,0.0006770833333333334,0.013541666666666667,999.9999983833853,4.784854841820988e-11
0.004052,0.00078125,0.015625,999.9999983512307,6.367247781635804e-11
0.004052,0.0008854166666666667,0.017708333333333333,999.9999983140503,8.175696855709879e-11
0.004052,0.0009895833333333334,0.019791666666666666,999.9999982716666,1.0210202064043203e-10
0.004052,0.00109375,0.021875000000000002,999.9999982238778,1.2470763406635805e-10
0.004052,0.0011979166666666666,0.02395833333333333,999.999998170455,1.4957380883487663e-10
0.004052,0.0013020833333333335,0.026041666666666668,999.9999981111429,1.7670054494598758e-10
0.004052,0.00140625,0.028124999999999997,999.9999980456579,2.0608784239969144e-10
0.004052,0.0015104166666666669,0.030208333333333337,999.9999979736859,2.3773570119598785e-10
0.004052,0.0016145833333333333,0.03229166666666666,999.9999978948816,2.7164412133487647e-10
0.004052,0.0017187500000000002,0.034375,999.999997808867,3.0781310281635824e-10
0.004052,0.0018229166666666667,0.03645833333333333,999.9999977152279,3.462426456404321e-10
0.004052,0.0019270833333333336,0.03854166666666667,999.9999976135147,3.869327498070989e-10
0.004052,0.00203125,0.040625,999.9999975032359,4.298834153163573e-10
0.004052,0.0021354166666666665,0.04270833333333333,999.9999973838607,4.750946421682109e-10
0.004052,0.0022395833333333334,0.04479166666666667,999.9999972548126,5.225664303626536e-10
0.004052,0.0023437500000000003,0.04687500000000001,999.9999971154676,5.722987798996925e-10
0.004052,0.002447916666666667,0.04895833333333333,999.9999969651512,6.242916907793205e-10
0.004052,0.0025520833333333333,0.051041666666666666,999.9999968031351,6.785451630015442e-10
0.004052,0.00265625,0.053125,999.999996628634,7.350591965663565e-10
0.004052,0.002760416666666667,0.05520833333333334,999.9999964408008,7.938337914737678e-10
0.004052,0.0028645833333333336,0.05729166666666667,999.9999962387224,8.548689477237637e-10
0.004052,0.00296875,0.059375,999.9999960214169,9.18164665316361e-10
0.004052,0.003072916666666667,0.06145833333333334,999.9999957878267,9.837209442515417e-10
0.004052,0.003177083333333334,0.06354166666666668,999.9999955368146,1.0515377845293237e-09
0.004052,0.0032812500000000003,0.065625,999.9999952671571,1.1216151861496883e-09
0.004052,0.0033854166666666668,0.06770833333333333,999.9999949775394,1.1939531491126517e-09
0.004052,0.0034895833333333333,0.06979166666666665,999.9999946665489,1.2685516734182142e-09
0.004052,0.00359375,0.071875,999.9999943326674,1.345410759066356e-09
0.004052,0.003697916666666667,0.07395833333333333,999.9999939742647,1.424530406057101e-09
0.004052,0.0038020833333333335,0.07604166666666666,999.9999935895911,1.5059106143904297e-09
0.004052,0.00390625,0.078125,999.9999931767674,1.5895513840663619e-09
0.004052,0.004010416666666667,0.08020833333333334,999.9999927337769,1.6754527150848731e-09
0.004052,0.004114583333333333,0.08229166666666665,999.9999922584558,1.7636146074459857e-09
0.004052,0.00421875,0.084375,999.9999917484821,1.8540370611497038e-09
0.004052,0.004322916666666668,0.08645833333333335,999.999991201365,1.9467200761959833e-09
0.004052,0.004427083333333333,0.08854166666666666,999.999990614434,2.0416636525848733e-09
0.004052,0.0045312500000000006,0.09062500000000001,999.9999899848231,2.138867790316355e-09
0.004052,0.004635416666666667,0.09270833333333334,999.9999893094608,2.2383324893904475e-09
0.004052,0.0047395833333333335,0.09479166666666666,999.9999885850541,2.3400577498070924e-09
0.004052,0.004843750000000001,0.09687500000000002,999.9999878080723,2.444043571566356e-09
0.004052,0.0049479166666666664,0.09895833333333333,999.9999869747311,2.5502899546682077e-09
0.004052,0.005052083333333334,0.10104166666666667,999.9999860809752,2.658796899112643e-09
0.004052,0.00515625,0.103125,999.9999851224591,2.7695644048997107e-09
0.004052,0.005260416666666667,0.10520833333333333,999.999984094527,2.8825924720293132e-09
0.004052,0.005364583333333334,0.10729166666666667,999.9999829921911,2.997881100501539e-09
0.004052,0.00546875,0.10937499999999999,999.9999818101082,3.1154302903163524e-09
0.004052,0.005572916666666667,0.11145833333333334,999.9999805425554,3.2352400414737896e-09
0.004052,0.005677083333333334,0.11354166666666668,999.9999791834045,3.3573103539737616e-09
0.004052,0.00578125,0.11562499999999999,999.9999777260933,3.481641227816348e-09
0.004052,0.005885416666666667,0.11770833333333335,999.999976163596,3.6082326630015406e-09
0.004052,0.005989583333333334,0.11979166666666667,999.9999744883901,3.737084659529347e-09
0.004052,0.00609375,0.121875,999.9999726924251,3.86819721739968e-09
0.004052,0.0061979166666666675,0.12395833333333335,999.9999707670844,4.001570336612654e-09
0.004052,0.006302083333333333,0.12604166666666666,999.9999687031466,4.137204017168198e-09
0.004052,0.0064062500000000005,0.128125,999.999966490744,4.275098259066392e-09
0.004052,0.006510416666666668,0.13020833333333334,999.999964119321,4.415253062307077e-09
0.004052,0.006614583333333333,0.13229166666666667,999.9999615775853,4.557668426890429e-09
0.004052,0.006718750000000001,0.134375,999.999958853458,4.70234435281636e-09
0.004052,0.006822916666666666,0.13645833333333332,999.9999559340216,4.8492808400848535e-09
0.004052,0.006927083333333334,0.13854166666666667,999.9999528054619,4.9984778886960314e-09
0.004052,0.007031250000000001,0.140625,999.9999494530102,5.149935498649682e-09
0.004052,0.007135416666666667,0.14270833333333333,999.9999458608769,5.303653669945966e-09
0.004052,0.007239583333333334,0.14479166666666668,999.999942012185,5.4596324025848815e-09
0.004052,0.0073437500000000005,0.146875,999.9999378888959,5.617871696566394e-09
0.004052,0.007447916666666667,0.14895833333333333,999.9999334717335,5.7783715518904144e-09
0.004052,0.007552083333333334,0.15104166666666669,999.9999287401016,5.941131968557085e-09
0.004052,0.00765625,0.15312499999999998,999.999923671996,6.106152946566353e-09
0.004052,0.007760416666666667,0.15520833333333334,999.9999182439118,6.273434485918199e-09
0.004052,0.007864583333333335,0.1572916666666667,999.9999124307449,6.442976586612696e-09
0.004052,0.00796875,0.159375,999.9999062056861,6.614779248649736e-09
0.004052,0.008072916666666667,0.16145833333333334,999.9998995401097,6.788842472029249e-09
0.004052,0.008177083333333335,0.1635416666666667,999.9998924034556,6.965166256751589e-09
0.004052,0.00828125,0.165625,999.9998847631008,7.143750602816296e-09
0.004052,0.008385416666666666,0.16770833333333332,999.9998765842284,7.324595510223794e-09
0.004052,0.008489583333333335,0.1697916666666667,999.9998678296831,7.507700978973836e-09
0.004052,0.00859375,0.171875,999.9998584598202,7.693067009066281e-09
0.004052,0.008697916666666666,0.17395833333333333,999.9998484323462,7.880693600501587e-09
0.004052,0.008802083333333334,0.17604166666666665,999.9998377021468,8.070580753279225e-09
0.004052,0.008906250000000001,0.178125,999.9998262211076,8.26272846739976e-09
0.004052,0.009010416666666667,0.18020833333333333,999.99981393792,8.457136742862698e-09
0.004052,0.009114583333333334,0.18229166666666666,999.9998007978797,8.653805579668144e-09
0.004052,0.009218750000000001,0.184375,999.9997867426698,8.852734977816417e-09
0.004052,0.009322916666666667,0.18645833333333334,999.9997717101317,9.053924937307163e-09
0.004052,0.009427083333333334,0.18854166666666666,999.9997556340218,9.257375458140312e-09
0.004052,0.009531250000000002,0.19062500000000002,999.9997384437547,9.463086540316427e-09
0.004052,0.009635416666666667,0.19270833333333334,999.9997200641287,9.67105818383477e-09
0.004052,0.009739583333333333,0.19479166666666664,999.9997004150389,9.88129038869608e-09
0.004052,0.009843750000000002,0.19687500000000002,999.9996794111682,1.009378315489972e-08
0.004052,0.009947916666666667,0.19895833333333335,999.9996569616646,1.0308536482445941e-08
0.004052,0.010052083333333333,0.20104166666666665,999.9996329697955,1.0525550371334883e-08
0.004052,0.01015625,0.203125,999.9996073325851,1.0744824821566263e-08
0.004052,0.010260416666666668,0.20520833333333335,999.9995799404279,1.0966359833140502e-08
0.004052,0.010364583333333333,0.20729166666666665,999.9995506766813,1.1190155406057182e-08
0.004052,0.01046875,0.209375,999.9995194172337,1.1416211540316228e-08
0.004052,0.010572916666666668,0.21145833333333336,999.9994860300466,1.1644528235918276e-08
0.004052,0.010677083333333334,0.21354166666666666,999.999450374673,1.1875105492862764e-08
0.004052,0.010781250000000001,0.215625,999.999412301744,1.2107943311149548e-08
0.004052,0.010885416666666668,0.21770833333333336,999.9993716524316,1.2343041690779405e-08
0.004052,0.010989583333333334,0.21979166666666666,999.9993282578744,1.2580400631751417e-08
0.004052,0.01109375,0.221875,999.9992819385743,1.2820020134066432e-08
0.004052,0.011197916666666669,0.22395833333333337,999.9992325037593,1.3061900197723885e-08
0.004052,0.011302083333333334,0.22604166666666667,999.9991797507089,1.3306040822723636e-08
0.004052,0.01140625,0.228125,999.9991234640418,1.3552442009066458e-08
0.004052,0.011510416666666669,0.23020833333333338,999.999063414963,1.380110375675165e-08
0.004052,0.011614583333333334,0.23229166666666667,999.9989993604706,1.4052026065779137e-08
0.004052,0.01171875,0.234375,999.9989310425178,1.4305208936149768e-08
0.004052,0.011822916666666667,0.23645833333333333,999.9988581871263,1.4560652367862555e-08
0.004052,0.011927083333333335,0.23854166666666668,999.9987805034557,1.4818356360918274e-08
0.004052,0.01203125,0.240625,999.9986976828159,1.5078320915316502e-08
0.004052,0.012135416666666668,0.24270833333333333,999.9986093976293,1.5340546031056886e-08
0.004052,0.012239583333333335,0.24479166666666669,999.9985153003361,1.5605031708140554e-08
0.004052,0.01234375,0.246875,999.998415022238,1.5871777946566237e-08
0.004052,0.012447916666666666,0.2489583333333333,999.998308172282,1.6140784746334993e-08
0.004052,0.012552083333333335,0.25104166666666666,999.9981943357768,1.6412052107446045e-08
0.004052,0.01265625,0.253125,999.9980730730426,1.6685580029899538e-08
0.004052,0.012760416666666666,0.2552083333333333,999.9979439179858,1.6961368513696032e-08
0.004052,0.012864583333333336,0.2572916666666667,999.9978063766013,1.7239417558835103e-08
0.004052,0.012968750000000001,0.259375,999.9976599253918,1.751972716531619e-08
0.004052,0.013072916666666667,0.2614583333333333,999.9975040097091,1.7802297333140422e-08
0.004052,0.013177083333333334,0.2635416666666667,999.9973380420016,1.808712806230695e-08
0.004052,0.013281250000000001,0.265625,999.9971613999775,1.837421935281648e-08
0.004052,0.013385416666666667,0.2677083333333333,999.9969734246679,1.866357120466831e-08
0.004052,0.013489583333333334,0.26979166666666665,999.9967734183884,1.8955183617862574e-08
0.004052,0.013593750000000002,0.27187500000000003,999.9965606426034,1.92490565923997e-08
0.004052,0.013697916666666667,0.2739583333333333,999.9963343156707,1.9545190128279125e-08
0.004052,0.013802083333333333,0.27604166666666663,999.9960936104792,1.9843584225501692e-08
0.004052,0.013906250000000002,0.278125,999.9958376519637,2.0144238884066556e-08
0.004052,0.014010416666666668,0.28020833333333334,999.9955655144918,2.0447154103973576e-08
0.004052,0.014114583333333333,0.28229166666666666,999.9952762191241,2.075232988522388e-08
0.004052,0.014218750000000002,0.28437500000000004,999.9949687307335,2.1059766227816485e-08
0.004052,0.014322916666666668,0.2864583333333333,999.9946419549818,2.1369463131751243e-08
0.004052,0.014427083333333333,0.28854166666666664,999.9942947351481,2.1681420597029567e-08
0.004052,0.01453125,0.290625,999.9939258487992,2.1995638623649482e-08
0.004052,0.014635416666666668,0.29270833333333335,999.9935340042973,2.2312117211612685e-08
0.004052,0.014739583333333334,0.2947916666666667,999.9931178371355,2.2630856360918465e-08
0.004052,0.014843750000000001,0.296875,999.9926759060988,2.2951856071566118e-08
0.004052,0.014947916666666668,0.2989583333333333,999.9922066892356,2.3275116343557198e-08
0.004052,0.015052083333333334,0.30104166666666665,999.9917085796377,2.360063717689015e-08
0.004052,0.01515625,0.303125,999.9911798810185,2.392841857156653e-08
0.004052,0.015260416666666669,0.30520833333333336,999.9906188030807,2.4258460527585065e-08
0.004052,0.015364583333333334,0.3072916666666667,999.9900234566619,2.4590763044945754e-08
0.004052,0.01546875,0.30937499999999996,999.9893918486564,2.492532612364987e-08
0.004052,0.015572916666666667,0.31145833333333334,999.9887218766958,2.526214976369572e-08
0.004052,0.015677083333333335,0.31354166666666666,999.9880113235816,2.560123396508556e-08
0.004052,0.015781250000000004,0.31562500000000004,999.9872578514637,2.5942578727816002e-08
0.004052,0.015885416666666666,0.3177083333333333,999.9864589957455,2.6286184051890294e-08
0.004052,0.015989583333333335,0.3197916666666667,999.9856121587136,2.663204993730759e-08
0.004052,0.016093750000000004,0.3218750000000001,999.984714602875,2.6980176384066193e-08
0.004052,0.016197916666666666,0.3239583333333333,999.9837634439957,2.73305633921678e-08
0.004052,0.016302083333333335,0.3260416666666667,999.982755643821,2.768321096161241e-08
0.004052,0.01640625,0.328125,999.981688002473,2.8038119092400304e-08
0.004052,0.016510416666666666,0.3302083333333333,999.98055715051,2.839528778452894e-08
0.004052,0.016614583333333335,0.3322916666666667,999.9793595406334,2.875471703800143e-08
0.004052,0.01671875,0.334375,999.978091439029,2.911640685281692e-08
0.004052,0.016822916666666667,0.3364583333333333,999.9767489163311,2.9480357228973435e-08
0.004052,0.016927083333333336,0.3385416666666667,999.9753278381935,2.9846568166473517e-08
0.004052,0.01703125,0.340625,999.9738238554532,3.021503966531717e-08
0.004052,0.017135416666666667,0.34270833333333334,999.9722323938714,3.0585771725501285e-08
0.004052,0.017239583333333336,0.3447916666666667,999.9705486434381,3.0958764347028965e-08
0.004052,0.01734375,0.346875,999.9687675472223,3.133401752990049e-08
0.004052,0.017447916666666667,0.3489583333333333,999.9668837897522,3.17115312741122e-08
0.004052,0.017552083333333336,0.3510416666666667,999.9648917849107,3.209130557966776e-08
0.004052,0.01765625,0.35312499999999997,999.9627856633268,3.247334044656604e-08
0.004052,0.017760416666666667,0.35520833333333335,999.9605592592466,3.285763587480789e-08
0.004052,0.017864583333333336,0.35729166666666673,999.9582060968644,3.3244191864390195e-08
0.004052,0.01796875,0.35937499999999994,999.9557193761,3.363300841531607e-08
0.004052,0.018072916666666668,0.3614583333333333,999.953091957798,3.4024085527585514e-08
0.004052,0.018177083333333337,0.3635416666666667,999.9503163483328,3.44174232011957e-08
0.004052,0.01828125,0.365625,999.9473846835989,3.481302143614945e-08
0.004052,0.018385416666666668,0.36770833333333336,999.9442887123695,3.5210880232446777e-08
0.004052,0.018489583333333337,0.36979166666666674,999.9410197789971,3.561099959008456e-08
0.004052,0.01859375,0.37187499999999996,999.93756880544,3.601337950906591e-08
0.004052,0.018697916666666668,0.37395833333333334,999.9339262725928,3.641801998939139e-08
0.004052,0.018802083333333337,0.3760416666666667,999.9300822008985,3.682492103105649e-08
0.004052,0.01890625,0.378125,999.9260261302182,3.7234082634066e-08
0.004052,0.01901041666666667,0.38020833333333337,999.9217470989408,3.7645504798417954e-08
0.004052,0.019114583333333334,0.38229166666666664,999.9172336223054,3.805918752411347e-08
0.004052,0.01921875,0.38437499999999997,999.9124736699144,3.847513081114945e-08
0.004052,0.01932291666666667,0.38645833333333335,999.9074546424189,3.889333465952871e-08
0.004052,0.019427083333333334,0.3885416666666667,999.9021633473395,3.931379906925267e-08
0.004052,0.01953125,0.390625,999.896585974016,3.9736524040315963e-08
0.004052,0.01963541666666667,0.3927083333333334,999.8907080676458,4.016150957272339e-08
0.004052,0.019739583333333335,0.39479166666666665,999.884514502396,4.058875566647438e-08
0.004052,0.01984375,0.396875,999.877989453559,4.10182623215664e-08
0.004052,0.01994791666666667,0.39895833333333336,999.8711163687284,4.145002953800114e-08
0.004052,0.020052083333333335,0.4010416666666667,999.8638779379692,4.188405731578029e-08
0.004052,0.02015625,0.403125,999.8562560629572,4.2320345654898775e-08
0.004052,0.02026041666666667,0.4052083333333334,999.8482318250591,4.275889455536224e-08
0.004052,0.020364583333333332,0.4072916666666666,999.8397854523289,4.319970401716786e-08
0.004052,0.02046875,0.409375,999.8308962853955,4.364277404031733e-08
0.004052,0.02057291666666667,0.41145833333333337,999.8215427422118,4.40881046248067e-08
0.004052,0.020677083333333332,0.41354166666666664,999.8117022816411,4.4535695770639914e-08
0.004052,0.02078125,0.415625,999.8013513658522,4.498554747781754e-08
0.004052,0.02088541666666667,0.4177083333333334,999.7904654214999,4.543765974633451e-08
0.004052,0.020989583333333332,0.4197916666666666,999.77901879966,4.5892032576195316e-08
0.004052,0.02109375,0.421875,999.7669847344933,4.634866596740111e-08
0.004052,0.02119791666666667,0.4239583333333334,999.7543353006158,4.6807559919945106e-08
0.004052,0.021302083333333333,0.42604166666666665,999.7410413691431,4.7268714433834645e-08
0.004052,0.02140625,0.42812500000000003,999.7270725623853,4.773212950906747e-08
0.004052,0.02151041666666667,0.4302083333333334,999.7123972071684,4.819780514564019e-08
0.004052,0.021614583333333333,0.43229166666666663,999.6969822867519,4.8665741343556193e-08
0.004052,0.021718750000000002,0.434375,999.6807933913196,4.9135938102816046e-08
0.004052,0.021822916666666668,0.43645833333333334,999.6637946670209,4.9608395423419184e-08
0.004052,0.021927083333333333,0.43854166666666666,999.6459487635311,5.0083113305362225e-08
0.004052,0.022031250000000002,0.44062500000000004,999.627216780114,5.056009174864911e-08
0.004052,0.022135416666666668,0.4427083333333333,999.6075582101561,5.103933075328041e-08
0.004052,0.022239583333333333,0.44479166666666664,999.5869308841575,5.1520830319251046e-08
0.004052,0.022343750000000002,0.446875,999.5652909111474,5.200459044656609e-08
0.004052,0.022447916666666668,0.44895833333333335,999.5425926185103,5.249061113522499e-08
0.004052,0.022552083333333334,0.4510416666666667,999.5187884901954,5.297889238522322e-08
0.004052,0.022656250000000003,0.45312500000000006,999.4938291032965,5.346943419656586e-08
0.004052,0.02276041666666667,0.4552083333333333,999.467663062975,5.396223656925292e-08
0.004052,0.022864583333333334,0.45729166666666665,999.4402369357141,5.445729950327875e-08
0.004052,0.022968750000000003,0.45937500000000003,999.4114951808837,5.495462299864899e-08
0.004052,0.02307291666666667,0.46145833333333336,999.3813800805997,5.545420705536421e-08
0.004052,0.023177083333333334,0.4635416666666667,999.3498316678665,5.595605167341763e-08
0.004052,0.023281250000000003,0.46562500000000007,999.316787652982,5.646015685281546e-08
0.004052,0.023385416666666665,0.4677083333333333,999.282183348201,5.696652259355659e-08
0.004052,0.023489583333333335,0.46979166666666666,999.2459515906415,5.747514889564156e-08
0.004052,0.023593750000000004,0.47187500000000004,999.2080226634268,5.7986035759065864e-08
0.004052,0.023697916666666666,0.4739583333333333,999.1683242150519,5.849918318383458e-08
0.004052,0.023802083333333335,0.4760416666666667,999.126781176974,5.901459116994715e-08
0.004052,0.023906250000000004,0.4781250000000001,999.0833156794208,5.953225971739905e-08
0.004052,0.024010416666666666,0.4802083333333333,999.0378469654119,6.005218882619536e-08
0.004052,0.024114583333333335,0.4822916666666667,998.9902913029977,6.057437849633666e-08
0.004052,0.024218750000000004,0.48437500000000006,998.9405618957159,6.109882872781558e-08
0.004052,0.024322916666666666,0.4864583333333333,998.8885687912676,6.16255395206395e-08
0.004052,0.024427083333333335,0.4885416666666667,998.8342187884249,6.215451087480896e-08
0.004052,0.024531250000000004,0.4906250000000001,998.7774153421731,6.268574279031548e-08
0.004052,0.024635416666666667,0.4927083333333333,998.718058467103,6.321923526716756e-08
0.004052,0.024739583333333336,0.4947916666666667,998.6560446390664,6.375498830536234e-08
0.004052,0.02484375,0.496875,998.591266695113,6.429300190490099e-08
0.004052,0.024947916666666667,0.49895833333333334,998.5236137317214,6.483327606577895e-08
0.004052,0.025052083333333336,0.5010416666666667,998.4529710013603,6.537581078800022e-08
0.004052,0.02515625,0.503125,998.3792198073891,6.592060607156815e-08
0.004052,0.025260416666666667,0.5052083333333333,998.3022373973405,6.646766191647259e-08
0.004052,0.025364583333333336,0.5072916666666667,998.2218968546098,6.70169783227237e-08
0.004052,0.025468750000000002,0.509375,998.1380669885876,6.756855529031811e-08
0.004052,0.025572916666666667,0.5114583333333333,998.0506122232742,6.812239281925015e-08
0.004052,0.025677083333333336,0.5135416666666667,997.9593924844205,6.867849090952886e-08
0.004052,0.025781250000000002,0.515625,997.8642630852369,6.923684956115198e-08
0.004052,0.025885416666666668,0.5177083333333333,997.7650746107254,6.97974687741116e-08
0.004052,0.025989583333333337,0.5197916666666667,997.6616728006811,7.036034854841792e-08
0.004052,0.02609375,0.521875,997.5538984314314,7.092548888406525e-08
0.004052,0.026197916666666668,0.5239583333333333,997.4415871963588,7.149288978105813e-08
0.004052,0.026302083333333337,0.5260416666666667,997.3245695852894,7.206255123938978e-08
0.004052,0.02640625,0.528125,997.2026707628046,7.263447325906583e-08
0.004052,0.026510416666666668,0.5302083333333333,997.0757104455563,7.320865584008631e-08
0.004052,0.026614583333333337,0.5322916666666667,996.9435027786635,7.378509898244554e-08
0.004052,0.02671875,0.5343749999999999,996.8058562112691,7.43638026861492e-08
0.004052,0.02682291666666667,0.5364583333333334,996.6625733713502,7.494476695119727e-08
0.004052,0.026927083333333338,0.5385416666666667,996.5134509398686,7.55279917775841e-08
0.004052,0.02703125,0.5406249999999999,996.3582795243623,7.611347716531649e-08
0.004052,0.02713541666666667,0.5427083333333333,996.1968435320786,7.670122311439215e-08
0.004052,0.027239583333333338,0.5447916666666667,996.0289210427511,7.729122962480546e-08
0.004052,0.02734375,0.546875,995.8542836811397,7.788349669656657e-08
0.004052,0.02744791666666667,0.5489583333333333,995.6726964894403,7.847802432966643e-08
0.004052,0.027552083333333335,0.5510416666666667,995.4839177996945,7.907481252411525e-08
0.004052,0.02765625,0.553125,995.2876991063163,7.967386127989829e-08
0.004052,0.02776041666666667,0.5552083333333333,995.0837849388757,8.027517059702915e-08
0.004052,0.027864583333333335,0.5572916666666666,994.8719127352689,8.08787404755033e-08
0.004052,0.02796875,0.559375,994.651812715417,8.148457091531509e-08
0.004052,0.02807291666666667,0.5614583333333334,994.4232077556449,8.209266191647354e-08
0.004052,0.028177083333333335,0.5635416666666667,994.1858132638843,8.270301347897527e-08
0.004052,0.02828125,0.5656249999999999,993.9393370558626,8.331562560281578e-08
0.004052,0.02838541666666667,0.5677083333333334,993.6834792324374,8.393049828800071e-08
0.004052,0.028489583333333336,0.5697916666666667,993.4179320582437,8.454763153453117e-08
0.004052,0.02859375,0.571875,993.142379841822,8.516702534239815e-08
0.004052,0.02869791666666667,0.5739583333333333,992.8564988174126,8.57886797116118e-08
0.004052,0.028802083333333332,0.5760416666666666,992.5599570285876,8.641259464216759e-08
0.004052,0.02890625,0.578125,992.2524142139132,8.703877013406895e-08
0.004052,0.02901041666666667,0.5802083333333333,991.933521694832,8.766720618730567e-08
0.004052,0.029114583333333333,0.5822916666666667,991.6029222659621,8.82979028018902e-08
0.004052,0.02921875,0.584375,991.2602500880095,8.8930859977818e-08
0.004052,0.02932291666666667,0.5864583333333334,990.9051305835095,8.956607771508346e-08
0.004052,0.029427083333333333,0.5885416666666666,990.5371803355919,9.020355601369559e-08
0.004052,0.029531250000000002,0.590625,990.1560069899973,9.084329487365213e-08
0.004052,0.02963541666666667,0.5927083333333334,989.7612091605548,9.148529429494518e-08
0.004052,0.029739583333333333,0.5947916666666666,989.3523763383471,9.212955427758376e-08
0.004052,0.029843750000000002,0.596875,988.9290888047884,9.277607482156791e-08
0.004052,0.02994791666666667,0.5989583333333334,988.4909175488438,9.342485592688967e-08
0.004052,0.030052083333333333,0.6010416666666666,988.0374241886238,9.407589759355586e-08
0.004052,0.030156250000000002,0.603125,987.5681608975952,9.472919982156533e-08
0.004052,0.030260416666666668,0.6052083333333333,987.0826703356389,9.538476261092148e-08
0.004052,0.030364583333333334,0.6072916666666667,986.5804855852094,9.604258596161075e-08
0.004052,0.030468750000000003,0.609375,986.0611300928315,9.670266987364895e-08
0.004052,0.03057291666666667,0.6114583333333333,985.5241176161886,9.736501434703157e-08
0.004052,0.030677083333333334,0.6135416666666667,984.9689521770497,9.802961938175069e-08
0.004052,0.030781250000000003,0.615625,984.3951280202898,9.869648497781536e-08
0.004052,0.03088541666666667,0.6177083333333333,983.8021295792556,9.936561113522669e-08
0.004052,0.030989583333333334,0.6197916666666666,983.189431447733,1.0003699785397228e-07
0.004052,0.031093750000000003,0.6218750000000001,982.5564983587739,1.0071064513406568e-07
0.004052,0.031197916666666665,0.6239583333333333,981.9027851706369,1.0138655297550009e-07
0.004052,0.031302083333333335,0.6260416666666666,981.2277368601023,1.0206472137828118e-07
0.004052,0.031406250000000004,0.628125,980.5307885234173,1.027451503424033e-07
0.004052,0.031510416666666666,0.6302083333333333,979.8113653851303,1.0342783986785854e-07
0.004052,0.031614583333333335,0.6322916666666667,979.0688828150702,1.0411278995466949e-07
0.004052,0.031718750000000004,0.634375,978.30274635373,1.0480000060281807e-07
0.004052,0.03182291666666667,0.6364583333333335,977.5123517463023,1.0548947181230429e-07
0.004052,0.031927083333333335,0.6385416666666667,976.6970849856266,1.0618120358314171e-07
0.004052,0.032031250000000004,0.640625,975.8563223642966,1.0687519591531901e-07
0.004052,0.032135416666666666,0.6427083333333333,974.989430536176,1.0757144880882945e-07
0.004052,0.032239583333333335,0.6447916666666667,974.0957665875642,1.0826996226370011e-07
0.004052,0.032343750000000004,0.6468750000000001,973.1746781182624,1.0897073627989485e-07
0.004052,0.03244791666666667,0.6489583333333333,972.2255033327666,1.0967377085744755e-07
0.004052,0.032552083333333336,0.6510416666666666,971.2475711418309,1.103790659963379e-07
0.004052,0.03265625,0.653125,970.240201274625,1.1108662169656136e-07
0.004052,0.03276041666666667,0.6552083333333333,969.2027044017079,1.117964379581428e-07
0.004052,0.032864583333333336,0.6572916666666667,968.1343822690413,1.1250851478105962e-07
0.004052,0.032968750000000005,0.659375,967.0345278432466,1.1322285216531181e-07
0.004052,0.03307291666666667,0.6614583333333333,965.9024254683169,1.1393945011091971e-07
0.004052,0.033177083333333336,0.6635416666666667,964.7373510339788,1.1465830861786751e-07
0.004052,0.03328125,0.6656249999999999,963.5385721558939,1.1537942768614391e-07
0.004052,0.03338541666666667,0.6677083333333333,962.3053483678791,1.1610280731578055e-07
0.004052,0.033489583333333336,0.6697916666666667,961.0369313263271,1.1682844750675481e-07
0.004052,0.033593750000000006,0.6718750000000001,959.7325650269808,1.175563482590622e-07
0.004052,0.03369791666666667,0.6739583333333333,958.391486034223,1.1828650957272528e-07
0.004052,0.03380208333333334,0.6760416666666667,957.0129237230215,1.1901893144772828e-07
0.004052,0.03390625,0.678125,955.596100533667,1.1975361388405988e-07
0.004052,0.03401041666666667,0.6802083333333333,954.1402322394207,1.2049055688175396e-07
0.004052,0.03411458333333334,0.6822916666666667,952.6445282271866,1.212297604407834e-07
0.004052,0.034218750000000006,0.6843750000000001,951.1081917913056,1.2197122456114373e-07
0.004052,0.03432291666666667,0.6864583333333333,949.5304204405554,1.2271494924286653e-07
0.004052,0.03442708333333334,0.6885416666666667,947.9104062184324,1.234609344859202e-07
0.004052,0.03453125,0.6906249999999999,946.2473360367717,1.242091802903115e-07
0.004052,0.03463541666666667,0.6927083333333334,944.540392022749,1.2495968665605852e-07
0.004052,0.03473958333333334,0.6947916666666667,942.788751879302,1.2571245358314543e-07
0.004052,0.03484375000000001,0.6968750000000001,940.9915892589769,1.2646748107156093e-07
0.004052,0.03494791666666667,0.6989583333333333,939.1480741512091,1.272247691213367e-07
0.004052,0.03505208333333333,0.7010416666666666,937.2573732830153,1.27984317732441e-07
0.004052,0.03515625,0.703125,935.3186505330704,1.2874612690490106e-07
0.004052,0.03526041666666667,0.7052083333333333,933.3310673591175,1.29510196638701e-07
0.004052,0.03536458333333334,0.7072916666666668,931.2937832386472,1.302765269338273e-07
0.004052,0.03546875,0.709375,929.2059561227628,1.310451177903206e-07
0.004052,0.03557291666666667,0.7114583333333333,927.0667429031308,1.318159692081425e-07
0.004052,0.03567708333333333,0.7135416666666666,924.8752998918969,1.3258908118730204e-07
0.004052,0.03578125,0.715625,922.6307833144324,1.3336445372781952e-07
0.004052,0.03588541666666667,0.7177083333333334,920.3323498147565,1.3414208682967015e-07
0.004052,0.03598958333333334,0.7197916666666667,917.9791569734546,1.349219804928584e-07
0.004052,0.03609375,0.7218749999999999,915.5703638379064,1.3570413471740238e-07
0.004052,0.03619791666666667,0.7239583333333334,913.1051314646031,1.3648854950328173e-07
0.004052,0.03630208333333333,0.7260416666666666,910.5826234733295,1.3727522485049645e-07
0.004052,0.03640625,0.728125,908.0020066129493,1.3806416075906914e-07
0.004052,0.03651041666666667,0.7302083333333333,905.3624513385337,1.3885535722897723e-07
0.004052,0.03661458333333334,0.7322916666666668,902.6631323995249,1.3964881426021842e-07
0.004052,0.03671875,0.734375,899.9032294386398,1.4044453185281983e-07
0.004052,0.03682291666666667,0.7364583333333333,897.0819276011665,1.4124251000675439e-07
0.004052,0.03692708333333333,0.7385416666666667,894.1984181543161,1.4204274872202204e-07
0.004052,0.03703125,0.740625,891.2518991162411,1.4284524799865444e-07
0.004052,0.03713541666666667,0.7427083333333334,888.2415758943393,1.4365000783661544e-07
0.004052,0.03723958333333334,0.7447916666666667,885.1666619324297,1.4445702823591183e-07
0.004052,0.03734375,0.746875,882.0263793663621,1.452663091965707e-07
0.004052,0.03744791666666667,0.7489583333333334,878.8199596876091,1.4607785071856045e-07
0.004052,0.03755208333333333,0.7510416666666666,875.5466444143788,1.4689165280188328e-07
0.004052,0.03765625,0.753125,872.2056857697386,1.4770771544656862e-07
0.004052,0.03776041666666667,0.7552083333333334,868.7963473662555,1.4852603865258936e-07
0.004052,0.03786458333333334,0.7572916666666668,865.317904896617,1.4934662241993866e-07
0.004052,0.03796875,0.759375,861.7696468296831,1.50169466748655e-07
0.004052,0.038072916666666665,0.7614583333333332,858.1508751114042,1.509945716386886e-07
0.004052,0.038177083333333334,0.7635416666666667,854.4609058700238,1.51821937090087e-07
0.004052,0.03828125,0.765625,850.6990701249604,1.5265156310282076e-07
0.004052,0.03838541666666667,0.7677083333333334,846.8647144987508,1.534834496768831e-07
0.004052,0.038489583333333334,0.7697916666666667,842.9572019314205,1.5431759681231247e-07
0.004052,0.03859375,0.771875,838.97591239663,1.5515400450906818e-07
0.004052,0.038697916666666665,0.7739583333333333,834.9202436189296,1.559926727671615e-07
0.004052,0.038802083333333334,0.7760416666666666,830.7896117914422,1.5683360158661735e-07
0.004052,0.03890625,0.7781250000000001,826.5834522932772,1.5767679096740403e-07
0.004052,0.03901041666666667,0.7802083333333334,822.3012204059685,1.5852224090952158e-07
0.004052,0.039114583333333335,0.7822916666666666,817.9423920282125,1.5936995141300613e-07
0.004052,0.039218750000000004,0.784375,813.5064643881715,1.6021992247781928e-07
0.004052,0.039322916666666666,0.7864583333333333,808.9929567526034,1.6107215410396782e-07
0.004052,0.039427083333333335,0.7885416666666667,804.4014111320512,1.619266462914743e-07
0.004052,0.039531250000000004,0.790625,799.7313929813374,1.6278339904032073e-07
0.004052,0.03963541666666667,0.7927083333333335,794.9824918945818,1.63642412350498e-07
0.004052,0.039739583333333335,0.7947916666666667,790.1543222939632,1.645036862220332e-07
0.004052,0.039843750000000004,0.796875,785.2465241114368,1.653672206548993e-07
0.004052,0.039947916666666666,0.7989583333333333,780.258763462609,1.662330156491098e-07
0.004052,0.040052083333333335,0.8010416666666667,775.1907333119716,1.6710107120466923e-07
0.004052,0.040156250000000004,0.8031250000000001,770.0421541286923,1.6797138732157308e-07
0.004052,0.040260416666666674,0.8052083333333334,764.8127745321488,1.6884396399979875e-07
0.004052,0.040364583333333336,0.8072916666666666,759.5023719264033,1.6971880123939145e-07
0.004052,0.040468750000000005,0.8093750000000001,754.1107531228008,1.7059589904032401e-07
0.004052,0.04057291666666667,0.8114583333333333,748.6377549498901,1.714752574025739e-07
0.004052,0.040677083333333336,0.8135416666666667,743.0832448498456,1.723568763261998e-07
0.004052,0.040781250000000005,0.815625,737.4471214605987,1.7324075581114304e-07
0.004052,0.04088541666666667,0.8177083333333333,731.7293151828624,1.7412689585744878e-07
0.004052,0.040989583333333336,0.8197916666666667,725.929788731256,1.7501529646508985e-07
0.004052,0.04109375,0.8218749999999999,720.048537668746,1.7590595763406183e-07
0.004052,0.04119791666666667,0.8239583333333333,714.0855909235989,1.7679887936439175e-07
0.004052,0.041302083333333336,0.8260416666666667,708.0410112880902,1.7769406165606157e-07
0.004052,0.041406250000000006,0.8281250000000001,701.9148958981866,1.7859150450905774e-07
0.004052,0.04151041666666667,0.8302083333333333,695.7073766934501,1.794912079234254e-07
0.004052,0.04161458333333334,0.8322916666666667,689.4186208564204,1.8039317189911492e-07
0.004052,0.04171875,0.834375,683.0488312307411,1.8129739643614432e-07
0.004052,0.04182291666666667,0.8364583333333333,676.5982467173102,1.822038815345317e-07
0.004052,0.04192708333333334,0.8385416666666667,670.0671426477594,1.8311262719425446e-07
0.004052,0.042031250000000006,0.8406250000000001,663.4558311345654,1.840236334153081e-07
0.004052,0.04213541666666667,0.8427083333333333,656.7646613971355,1.849369001977287e-07
0.004052,0.04223958333333334,0.8447916666666667,649.9940200632083,1.858524275414802e-07
0.004052,0.04234375,0.8468749999999999,643.1443314449523,1.86770215446558e-07
0.004052,0.04244791666666667,0.8489583333333334,636.2160577891394,1.8769026391300282e-07
0.004052,0.04255208333333334,0.8510416666666667,629.2096995008219,1.8861257294078756e-07
0.004052,0.04265625000000001,0.8531250000000001,622.1257953399382,1.895371425298896e-07
0.004052,0.04276041666666667,0.8552083333333333,614.9649225903199,1.9046397268036766e-07
0.004052,0.04286458333333334,0.8572916666666667,607.7276972005752,1.9139306339217206e-07
0.004052,0.04296875,0.859375,600.4147738963785,1.9232441466530734e-07
0.004052,0.04307291666666667,0.8614583333333333,593.0268462636907,1.9325802649981414e-07
0.004052,0.04317708333333334,0.8635416666666668,585.5646468024939,1.9419389889564276e-07
0.004052,0.04328125000000001,0.8656250000000001,578.0289469506312,1.9513203185280676e-07
0.004052,0.04338541666666667,0.8677083333333333,570.4205570773826,1.9607242537134228e-07
0.004052,0.04348958333333333,0.8697916666666666,562.74032644644,1.970150794511861e-07
0.004052,0.04359375,0.871875,554.9891431479746,1.979599940924059e-07
0.004052,0.04369791666666667,0.8739583333333334,547.1679339995169,1.9890716929494757e-07
0.004052,0.04380208333333334,0.8760416666666667,539.2776644154123,1.9985660505882912e-07
0.004052,0.04390625,0.8781249999999999,531.319338244645,2.0080830138406865e-07
0.004052,0.04401041666666667,0.8802083333333334,523.293997576853,2.0176225827064356e-07
0.004052,0.04411458333333333,0.8822916666666666,515.2027225164079,2.0271847571854933e-07
0.004052,0.04421875,0.884375,507.0466309244437,2.0367695372782208e-07
0.004052,0.04432291666666667,0.8864583333333333,498.8268781287856,2.046376922984212e-07
0.004052,0.04442708333333334,0.8885416666666668,490.5446566017372,2.056006914303557e-07
0.004052,0.04453125,0.890625,482.20119560574665,2.0656595112365265e-07
0.004052,0.04463541666666667,0.8927083333333333,473.7977608069899,2.0753347137828502e-07
0.004052,0.04473958333333333,0.8947916666666667,465.33565385696636,2.0850325219424372e-07
0.004052,0.04484375,0.896875,456.8162119422175,2.094752935715694e-07
0.004052,0.04494791666666667,0.8989583333333334,448.2408073023432,2.104495955102305e-07
0.004052,0.04505208333333334,0.9010416666666667,439.6108467165047,2.114261580102134e-07
0.004052,0.04515625,0.903125,430.9277709586591,2.1240498107157234e-07
0.004052,0.04526041666666667,0.9052083333333334,422.1930542217987,2.1338606469425763e-07
0.004052,0.04536458333333333,0.9072916666666666,413.4082035115164,2.1436940887826928e-07
0.004052,0.04546875,0.909375,404.5747580092381,2.1535501362365242e-07
0.004052,0.04557291666666667,0.9114583333333334,395.6942884055312,2.1634287893037096e-07
0.004052,0.04567708333333334,0.9135416666666668,386.76839620390126,2.173330047984068e-07
0.004052,0.04578125,0.915625,377.7987129955562,2.1832539122782318e-07
0.004052,0.04588541666666667,0.9177083333333333,368.7868997056326,2.193200382185614e-07
0.004052,0.045989583333333334,0.9197916666666667,359.73464581143764,2.2031694577063048e-07
0.004052,0.04609375,0.921875,350.6436685332649,2.2131611388407109e-07
0.004052,0.04619791666666667,0.9239583333333334,341.5157119984176,2.2231754255884256e-07
0.004052,0.04630208333333334,0.9260416666666668,332.35254637907013,2.2332123179493585e-07
0.004052,0.04640625,0.928125,323.15596700465994,2.2432718159240517e-07
0.004052,0.046510416666666665,0.9302083333333333,313.92779344951873,2.2533539195118278e-07
0.004052,0.046614583333333334,0.9322916666666666,304.66986859650007,2.2634586287134095e-07
0.004052,0.04671875,0.9343750000000001,295.38405767737777,2.2735859435282093e-07
0.004052,0.04682291666666667,0.9364583333333334,286.0722472908267,2.2837358639563176e-07
0.004052,0.046927083333333335,0.9385416666666666,276.7363443988333,2.2939083899981415e-07
0.004052,0.047031250000000004,0.940625,267.37827530240054,2.3041035216531832e-07
0.004052,0.047135416666666666,0.9427083333333333,257.99998459745746,2.314321258921579e-07
0.004052,0.047239583333333335,0.9447916666666667,248.60343411188447,2.32456160180369e-07
0.004052,0.047343750000000004,0.946875,239.190601824625,2.3348245502990644e-07
0.004052,0.04744791666666667,0.9489583333333335,229.7634807678462,2.345110104407702e-07
0.004052,0.047552083333333335,0.9510416666666667,220.32407791315887,2.3554182641300552e-07
0.004052,0.047656250000000004,0.953125,210.87441304291394,2.3657490294657168e-07
0.004052,0.047760416666666666,0.9552083333333333,201.4165176076292,2.376102400414642e-07
0.004052,0.047864583333333335,0.9572916666666667,191.95243357059513,2.386478376977282e-07
0.004052,0.047968750000000004,0.9593750000000001,182.48421224076031,2.3968769591532307e-07
0.004052,0.048072916666666674,0.9614583333333334,173.0139130949795,2.407298146942398e-07
0.004052,0.048177083333333336,0.9635416666666666,163.54360259074932,2.417741940345371e-07
0.004052,0.048281250000000005,0.9656250000000001,154.07535297055273,2.4282083393615617e-07
0.004052,0.04838541666666667,0.9677083333333333,144.6112410589635,2.438697343991016e-07
0.004052,0.048489583333333336,0.9697916666666667,135.15334705364634,2.449208954234231e-07
0.004052,0.048593750000000005,0.971875,125.70375331143279,2.459743170090709e-07
0.004052,0.048697916666666674,0.9739583333333335,116.26454313062504,2.470299991560451e-07
0.004052,0.048802083333333336,0.9760416666666667,106.8377995307141,2.480879418643998e-07
0.004052,0.048906250000000005,0.978125,97.42560403068404,2.4914814513407184e-07
0.004052,0.04901041666666667,0.9802083333333333,88.03003542709652,2.502106089650702e-07
0.004052,0.049114583333333336,0.9822916666666667,78.65316857312288,2.5127533335745364e-07
0.004052,0.049218750000000006,0.9843750000000001,69.29707315972742,2.5234231831114086e-07
0.004052,0.04932291666666667,0.9864583333333333,59.96381250016856,2.534115638261996e-07
0.004052,0.04942708333333334,0.9885416666666667,50.65544231900299,2.5448306990258915e-07
0.004052,0.04953125,0.990625,41.37400954677322,2.555568365403096e-07
0.004052,0.04963541666666667,0.9927083333333333,32.12155112153114,2.5663286373939703e-07
0.004052,0.04973958333333334,0.9947916666666667,22.900092798374743,2.5771115149981084e-07
0.004052,0.049843750000000006,0.9968750000000001,13.711647968132526,2.587916998215555e-07
0.004052,0.04994791666666667,0.9989583333333333,4.558216486344132,2.598745087046762e-07
0.005027,5.208333333333334e-05,0.0010416666666666667,999.9998895685092,3.7676022376543216e-13
0.005027,0.00015625,0.0031249999999999997,999.9998893608304,2.637321566358025e-12
0.005027,0.00026041666666666666,0.005208333333333333,999.9998889448667,7.158444251543212e-12
0.005027,0.00036458333333333335,0.007291666666666667,999.9998883193667,1.394012827932099e-11
0.005027,0.00046875,0.009375,999.9998874824532,2.2982373649691355e-11
0.005027,0.0005729166666666667,0.011458333333333333,999.9998864316148,3.4285180362654335e-11
0.005027,0.0006770833333333334,0.013541666666666667,999.9998851636977,4.784854841820988e-11
0.005027,0.00078125,0.015625,999.9998836748979,6.367247781635804e-11
0.005027,0.0008854166666666667,0.017708333333333333,999.9998819607458,8.175696855709879e-11
0.005027,0.0009895833333333334,0.019791666666666666,999.9998800160959,1.0210202064043203e-10
0.005027,0.00109375,0.021875000000000002,999.9998778351094,1.2470763406635805e-10
0.005027,0.0011979166666666666,0.02395833333333333,999.999875411236,1.4957380883487663e-10
0.005027,0.0013020833333333335,0.026041666666666668,999.9998727371938,1.7670054494598758e-10
0.005027,0.00140625,0.028124999999999997,999.9998698049487,2.0608784239969144e-10
0.005027,0.0015104166666666669,0.030208333333333337,999.9998666056879,2.3773570119598785e-10
0.005027,0.0016145833333333333,0.03229166666666666,999.9998631297939,2.7164412133487647e-10
0.005027,0.0017187500000000002,0.034375,999.9998593668143,3.0781310281635824e-10
0.005027,0.0018229166666666667,0.03645833333333333,999.9998553054314,3.462426456404321e-10
0.005027,0.0019270833333333336,0.03854166666666667,999.9998509334266,3.869327498070989e-10
0.005027,0.00203125,0.040625,999.9998462376433,4.298834153163573e-10
0.005027,0.0021354166666666665,0.04270833333333333,999.9998412039473,4.750946421682109e-10
0.005027,0.0022395833333333334,0.04479166666666667,999.999835817184,5.225664303626536e-10
0.005027,0.0023437500000000003,0.04687500000000001,999.9998300611338,5.722987798996925e-10
0.005027,0.002447916666666667,0.04895833333333333,999.9998239184602,6.242916907793205e-10
0.005027,0.0025520833333333333,0.051041666666666666,999.9998173706606,6.785451630015442e-10
0.005027,0.00265625,0.053125,999.9998103980098,7.350591965663565e-10
0.005027,0.002760416666666667,0.05520833333333334,999.9998029795,7.938337914737678e-10
0.005027,0.0028645833333333336,0.05729166666666667,999.9997950927786,8.548689477237637e-10
0.005027,0.00296875,0.059375,999.9997867140825,9.18164665316361e-10
0.005027,0.003072916666666667,0.06145833333333334,999.9997778181652,9.837209442515417e-10
0.005027,0.003177083333333334,0.06354166666666668,999.9997683782248,1.0515377845293237e-09
0.005027,0.0032812500000000003,0.065625,999.9997583658225,1.1216151861496883e-09
0.005027,0.0033854166666666668,0.06770833333333333,999.9997477507984,1.1939531491126517e-09
0.005027,0.0034895833333333333,0.06979166666666665,999.9997365011845,1.2685516734182142e-09
0.005027,0.00359375,0.071875,999.9997245831089,1.345410759066356e-09
0.005027,0.003697916666666667,0.07395833333333333,999.9997119606978,1.424530406057101e-09
0.005027,0.0038020833333333335,0.07604166666666666,999.999698595972,1.5059106143904297e-09
0.005027,0.00390625,0.078125,999.9996844487323,1.5895513840663619e-09
0.005027,0.004010416666666667,0.08020833333333334,999.9996694764473,1.6754527150848731e-09
0.005027,0.004114583333333333,0.08229166666666665,999.9996536341281,1.7636146074459857e-09
0.005027,0.00421875,0.084375,999.9996368741979,1.8540370611497038e-09
0.005027,0.004322916666666668,0.08645833333333335,999.9996191463588,1.9467200761959833e-09
0.005027,0.004427083333333333,0.08854166666666666,999.9996003974426,2.0416636525848733e-09
0.005027,0.0045312500000000006,0.09062500000000001,999.999580571264,2.138867790316355e-09
0.005027,0.004635416666666667,0.09270833333333334,999.9995596084563,2.2383324893904475e-09
0.005027,0.0047395833333333335,0.09479166666666666,999.999537446306,2.3400577498070924e-09
0.005027,0.004843750000000001,0.09687500000000002,999.9995140185741,2.444043571566356e-09
0.005027,0.0049479166666666664,0.09895833333333333,999.9994892553107,2.5502899546682077e-09
0.005027,0.005052083333333334,0.10104166666666667,999.9994630826586,2.658796899112643e-09
0.005027,0.00515625,0.103125,999.9994354226462,2.7695644048997107e-09
0.005027,0.005260416666666667,0.10520833333333333,999.9994061929704,2.8825924720293132e-09
0.005027,0.005364583333333334,0.10729166666666667,999.9993753067688,2.997881100501539e-09
0.005027,0.00546875,0.10937499999999999,999.99934267238,3.1154302903163524e-09
0.005027,0.005572916666666667,0.11145833333333334,999.999308193089,3.2352400414737896e-09
0.005027,0.005677083333333334,0.11354166666666668,999.9992717668658,3.3573103539737616e-09
0.005027,0.00578125,0.11562499999999999,999.9992332860845,3.481641227816348e-09
0.005027,0.005885416666666667,0.11770833333333335,999.999192637229,3.6082326630015406e-09
0.005027,0.005989583333333334,0.11979166666666667,999.9991497005897,3.737084659529347e-09
0.005027,0.00609375,0.121875,999.9991043499368,3.86819721739968e-09
0.005027,0.0061979166666666675,0.12395833333333335,999.9990564521842,4.001570336612654e-09
0.005027,0.006302083333333333,0.12604166666666666,999.9990058670306,4.137204017168198e-09
0.005027,0.0064062500000000005,0.128125,999.9989524465888,4.275098259066392e-09
0.005027,0.006510416666666668,0.13020833333333334,999.998896034991,4.415253062307077e-09
0.005027,0.006614583333333333,0.13229166666666667,999.9988364679798,4.557668426890429e-09
0.005027,0.006718750000000001,0.134375,999.9987735724742,4.70234435281636e-09
0.005027,0.006822916666666666,0.13645833333333332,999.998707166118,4.8492808400848535e-09
0.005027,0.006927083333333334,0.13854166666666667,999.9986370568062,4.9984778886960314e-09
0.005027,0.007031250000000001,0.140625,999.9985630421846,5.149935498649682e-09
0.005027,0.007135416666666667,0.14270833333333333,999.9984849091285,5.303653669945966e-09
0.005027,0.007239583333333334,0.14479166666666668,999.9984024331962,5.4596324025848815e-09
0.005027,0.0073437500000000005,0.146875,999.9983153780541,5.617871696566394e-09
0.005027,0.007447916666666667,0.14895833333333333,999.9982234948765,5.7783715518904144e-09
0.005027,0.007552083333333334,0.15104166666666669,999.9981265217151,5.941131968557085e-09
0.005027,0.00765625,0.15312499999999998,999.9980241828393,6.106152946566353e-09
0.005027,0.007760416666666667,0.15520833333333334,999.9979161880448,6.273434485918199e-09
0.005027,0.007864583333333335,0.1572916666666667,999.99780223193,6.442976586612696e-09
0.005027,0.00796875,0.159375,999.9976819931372,6.614779248649736e-09
0.005027,0.008072916666666667,0.16145833333333334,999.9975551335614,6.788842472029249e-09
0.005027,0.008177083333333335,0.1635416666666667,999.9974212975162,6.965166256751589e-09
0.005027,0.00828125,0.165625,999.9972801108667,7.143750602816296e-09
0.005027,0.008385416666666666,0.16770833333333332,999.9971311801196,7.324595510223794e-09
0.005027,0.008489583333333335,0.1697916666666667,999.996974091471,7.507700978973836e-09
0.005027,0.00859375,0.171875,999.9968084098106,7.693067009066281e-09
0.005027,0.008697916666666666,0.17395833333333333,999.996633677681,7.880693600501587e-09
0.005027,0.008802083333333334,0.17604166666666665,999.9964494141882,8.070580753279225e-09
0.005027,0.008906250000000001,0.178125,999.9962551138644,8.26272846739976e-09
0.005027,0.009010416666666667,0.18020833333333333,999.9960502454761,8.457136742862698e-09
0.005027,0.009114583333333334,0.18229166666666666,999.9958342507806,8.653805579668144e-09
0.005027,0.009218750000000001,0.184375,999.9956065432276,8.852734977816417e-09
0.005027,0.009322916666666667,0.18645833333333334,999.9953665065992,9.053924937307163e-09
0.005027,0.009427083333333334,0.18854166666666666,999.9951134935917,9.257375458140312e-09
0.005027,0.009531250000000002,0.19062500000000002,999.994846824334,9.463086540316427e-09
0.005027,0.009635416666666667,0.19270833333333334,999.9945657848393,9.67105818383477e-09
0.005027,0.009739583333333333,0.19479166666666664,999.9942696253904,9.88129038869608e-09
0.005027,0.009843750000000002,0.19687500000000002,999.9939575588512,1.009378315489972e-08
0.005027,0.009947916666666667,0.19895833333333335,999.9936287589084,1.0308536482445941e-08
0.005027,0.010052083333333333,0.20104166666666665,999.9932823582317,1.0525550371334883e-08
0.005027,0.01015625,0.203125,999.9929174465573,1.0744824821566263e-08
0.005027,0.010260416666666668,0.20520833333333335,999.9925330686898,1.0966359833140502e-08
0.005027,0.010364583333333333,0.20729166666666665,999.9921282224141,1.1190155406057182e-08
0.005027,0.01046875,0.209375,999.9917018563215,1.1416211540316228e-08
0.005027,0.010572916666666668,0.21145833333333336,999.9912528675403,1.1644528235918276e-08
0.005027,0.010677083333333334,0.21354166666666666,999.9907800993735,1.1875105492862764e-08
0.005027,0.010781250000000001,0.215625,999.9902823388327,1.2107943311149548e-08
0.005027,0.010885416666666668,0.21770833333333336,999.9897583140711,1.2343041690779405e-08
0.005027,0.010989583333333334,0.21979166666666666,999.9892066917072,1.2580400631751417e-08
0.005027,0.01109375,0.221875,999.9886260740383,1.2820020134066432e-08
0.005027,0.011197916666666669,0.22395833333333337,999.9880149961383,1.3061900197723885e-08
0.005027,0.011302083333333334,0.22604166666666667,999.9873719228336,1.3306040822723636e-08
0.005027,0.01140625,0.228125,999.9866952455563,1.3552442009066458e-08
0.005027,0.011510416666666669,0.23020833333333338,999.9859832790688,1.380110375675165e-08
0.005027,0.011614583333333334,0.23229166666666667,999.9852342580542,1.4052026065779137e-08
0.005027,0.01171875,0.234375,999.984446333569,1.4305208936149768e-08
0.005027,0.011822916666666667,0.23645833333333333,999.9836175693514,1.4560652367862555e-08
0.005027,0.011927083333333335,0.23854166666666668,999.9827459379837,1.4818356360918274e-08
0.005027,0.01203125,0.240625,999.9818293168987,1.5078320915316502e-08
0.005027,0.012135416666666668,0.24270833333333333,999.9808654842296,1.5340546031056886e-08
0.005027,0.012239583333333335,0.24479166666666669,999.9798521144944,1.5605031708140554e-08
0.005027,0.01234375,0.246875,999.9787867741096,1.5871777946566237e-08
0.005027,0.012447916666666666,0.2489583333333333,999.9776669167322,1.6140784746334993e-08
0.005027,0.012552083333333335,0.25104166666666666,999.9764898784135,1.6412052107446045e-08
0.005027,0.01265625,0.253125,999.975252872573,1.6685580029899538e-08
0.005027,0.012760416666666666,0.2552083333333333,999.9739529847723,1.6961368513696032e-08
0.005027,0.012864583333333336,0.2572916666666667,999.972587167291,1.7239417558835103e-08
0.005027,0.012968750000000001,0.259375,999.9711522334965,1.751972716531619e-08
0.005027,0.013072916666666667,0.2614583333333333,999.9696448519973,1.7802297333140422e-08
0.005027,0.013177083333333334,0.2635416666666667,999.9680615405797,1.808712806230695e-08
0.005027,0.013281250000000001,0.265625,999.966398659915,1.837421935281648e-08
0.005027,0.013385416666666667,0.2677083333333333,999.9646524070296,1.866357120466831e-08
0.005027,0.013489583333333334,0.26979166666666665,999.9628188085372,1.8955183617862574e-08
0.005027,0.013593750000000002,0.27187500000000003,999.9608937136181,1.92490565923997e-08
0.005027,0.013697916666666667,0.2739583333333333,999.9588727867425,1.9545190128279125e-08
0.005027,0.013802083333333333,0.27604166666666663,999.9567515001273,1.9843584225501692e-08
0.005027,0.013906250000000002,0.278125,999.9545251259201,2.0144238884066556e-08
0.005027,0.014010416666666668,0.28020833333333334,999.9521887281027,2.0447154103973576e-08
0.005027,0.014114583333333333,0.28229166666666666,999.9497371541012,2.075232988522388e-08
0.005027,0.014218750000000002,0.28437500000000004,999.947165026102,2.1059766227816485e-08
0.005027,0.014322916666666668,0.2864583333333333,999.9444667320537,2.1369463131751243e-08
0.005027,0.014427083333333333,0.28854166666666664,999.9416364163612,2.1681420597029567e-08
0.005027,0.01453125,0.290625,999.9386679702465,2.1995638623649482e-08
0.005027,0.014635416666666668,0.29270833333333335,999.93555502178,2.2312117211612685e-08
0.005027,0.014739583333333334,0.2947916666666667,999.932290925564,2.2630856360918465e-08
0.005027,0.014843750000000001,0.296875,999.9288687520667,2.2951856071566118e-08
0.005027,0.014947916666666668,0.2989583333333333,999.9252812765873,2.3275116343557198e-08
0.005027,0.015052083333333334,0.30104166666666665,999.9215209678545,2.360063717689015e-08
0.005027,0.01515625,0.303125,999.9175799762343,2.392841857156653e-08
0.005027,0.015260416666666669,0.30520833333333336,999.9134501215501,2.4258460527585065e-08
0.005027,0.015364583333333334,0.3072916666666667,999.9091228804948,2.4590763044945754e-08
0.005027,0.01546875,0.30937499999999996,999.9045893736328,2.492532612364987e-08
0.005027,0.015572916666666667,0.31145833333333334,999.8998403519709,2.526214976369572e-08
0.005027,0.015677083333333335,0.31354166666666666,999.8948661830985,2.560123396508556e-08
0.005027,0.015781250000000004,0.31562500000000004,999.8896568368793,2.5942578727816002e-08
0.005027,0.015885416666666666,0.3177083333333333,999.8842018706836,2.6286184051890294e-08
0.005027,0.015989583333333335,0.3197916666666667,999.8784904141542,2.663204993730759e-08
0.005027,0.016093750000000004,0.3218750000000001,999.8725111534899,2.6980176384066193e-08
0.005027,0.016197916666666666,0.3239583333333333,999.8662523152392,2.73305633921678e-08
0.005027,0.016302083333333335,0.3260416666666667,999.8597016495885,2.768321096161241e-08
0.005027,0.01640625,0.328125,999.8528464131364,2.8038119092400304e-08
0.005027,0.016510416666666666,0.3302083333333333,999.8456733511421,2.839528778452894e-08
0.005027,0.016614583333333335,0.3322916666666667,999.8381686792363,2.875471703800143e-08
0.005027,0.01671875,0.334375,999.8303180645812,2.911640685281692e-08
0.005027,0.016822916666666667,0.3364583333333333,999.8221066064663,2.9480357228973435e-08
0.005027,0.016927083333333336,0.3385416666666667,999.8135188163343,2.9846568166473517e-08
0.005027,0.01703125,0.340625,999.8045385972191,3.021503966531717e-08
0.005027,0.017135416666666667,0.34270833333333334,999.7951492225861,3.0585771725501285e-08
0.005027,0.017239583333333336,0.3447916666666667,999.7853333145634,3.0958764347028965e-08
0.005027,0.01734375,0.346875,999.7750728215491,3.133401752990049e-08
0.005027,0.017447916666666667,0.3489583333333333,999.7643489951898,3.17115312741122e-08
0.005027,0.017552083333333336,0.3510416666666667,999.7531423667049,3.209130557966776e-08
0.005027,0.01765625,0.35312499999999997,999.7414327225624,3.247334044656604e-08
0.005027,0.017760416666666667,0.35520833333333335,999.7291990794793,3.285763587480789e-08
0.005027,0.017864583333333336,0.35729166666666673,999.716419658741,3.3244191864390195e-08
0.005027,0.01796875,0.35937499999999994,999.70307185983,3.363300841531607e-08
0.005027,0.018072916666666668,0.3614583333333333,999.6891322333471,3.4024085527585514e-08
0.005027,0.018177083333333337,0.3635416666666667,999.6745764532195,3.44174232011957e-08
0.005027,0.01828125,0.365625,999.6593792881765,3.481302143614945e-08
0.005027,0.018385416666666668,0.36770833333333336,999.6435145724915,3.5210880232446777e-08
0.005027,0.018489583333333337,0.36979166666666674,999.6269551759696,3.561099959008456e-08
0.005027,0.01859375,0.37187499999999996,999.6096729731769,3.601337950906591e-08
0.005027,0.018697916666666668,0.37395833333333334,999.5916388118998,3.641801998939139e-08
0.005027,0.018802083333333337,0.3760416666666667,999.5728224808167,3.682492103105649e-08
0.005027,0.01890625,0.378125,999.5531926763849,3.7234082634066e-08
0.005027,0.01901041666666667,0.38020833333333337,999.5327169689202,3.7645504798417954e-08
0.005027,0.019114583333333334,0.38229166666666664,999.5113617678695,3.805918752411347e-08
0.005027,0.01921875,0.38437499999999997,999.4890922862586,3.847513081114945e-08
0.005027,0.01932291666666667,0.38645833333333335,999.4658725043126,3.889333465952871e-08
0.005027,0.019427083333333334,0.3885416666666667,999.4416651322416,3.931379906925267e-08
0.005027,0.01953125,0.390625,999.4164315721741,3.9736524040315963e-08
0.005027,0.01963541666666667,0.3927083333333334,999.3901318792439,4.016150957272339e-08
0.005027,0.019739583333333335,0.39479166666666665,999.3627247218081,4.058875566647438e-08
0.005027,0.01984375,0.396875,999.3341673408086,4.10182623215664e-08
0.005027,0.01994791666666667,0.39895833333333336,999.3044155082482,4.145002953800114e-08
0.005027,0.020052083333333335,0.4010416666666667,999.273423484799,4.188405731578029e-08
0.005027,0.02015625,0.403125,999.2411439765173,4.2320345654898775e-08
0.005027,0.02026041666666667,0.4052083333333334,999.2075280906779,4.275889455536224e-08
0.005027,0.020364583333333332,0.4072916666666666,999.1725252907103,4.319970401716786e-08
0.005027,0.02046875,0.409375,999.1360833502442,4.364277404031733e-08
0.005027,0.02057291666666667,0.41145833333333337,999.0981483062556,4.40881046248067e-08
0.005027,0.020677083333333332,0.41354166666666664,999.058664411313,4.4535695770639914e-08
0.005027,0.02078125,0.415625,999.017574084926,4.498554747781754e-08
0.005027,0.02088541666666667,0.4177083333333334,998.9748178639934,4.543765974633451e-08
0.005027,0.020989583333333332,0.4197916666666666,998.9303343523508,4.5892032576195316e-08
0.005027,0.02109375,0.421875,998.8840601694236,4.634866596740111e-08
0.005027,0.02119791666666667,0.4239583333333334,998.8359298979824,4.6807559919945106e-08
0.005027,0.021302083333333333,0.42604166666666665,998.7858760310104,4.7268714433834645e-08
0.005027,0.02140625,0.42812500000000003,998.7338289176831,4.773212950906747e-08
0.005027,0.02151041666666667,0.4302083333333334,998.6797167084679,4.819780514564019e-08
0.005027,0.021614583333333333,0.43229166666666663,998.6234652993486,4.8665741343556193e-08
0.005027,0.021718750000000002,0.434375,998.5649982751846,4.9135938102816046e-08
0.005027,0.021822916666666668,0.43645833333333334,998.5042368522146,4.9608395423419184e-08
0.005027,0.021927083333333333,0.43854166666666666,998.4410998197089,5.0083113305362225e-08
0.005027,0.022031250000000002,0.44062500000000004,998.3755034807913,5.056009174864911e-08
0.005027,0.022135416666666668,0.4427083333333333,998.3073615924338,5.103933075328041e-08
0.005027,0.022239583333333333,0.44479166666666664,998.2365853046447,5.1520830319251046e-08
0.005027,0.022343750000000002,0.446875,998.1630830988616,5.200459044656609e-08
0.005027,0.022447916666666668,0.44895833333333335,998.0867607255665,5.249061113522499e-08
0.005027,0.022552083333333334,0.4510416666666667,998.0075211411437,5.297889238522322e-08
0.005027,0.022656250000000003,0.45312500000000006,997.9252644439958,5.346943419656586e-08
0.005027,0.02276041666666667,0.4552083333333333,997.8398878099415,5.396223656925292e-08
0.005027,0.022864583333333334,0.45729166666666665,997.7512854269161,5.445729950327875e-08
0.005027,0.022968750000000003,0.45937500000000003,997.6593484290019,5.495462299864899e-08
0.005027,0.02307291666666667,0.46145833333333336,997.5639648298082,5.545420705536421e-08
0.005027,0.023177083333333334,0.4635416666666667,997.4650194552343,5.595605167341763e-08
0.005027,0.023281250000000003,0.46562500000000007,997.3623938756388,5.646015685281546e-08
0.005027,0.023385416666666665,0.4677083333333333,997.2559663374524,5.696652259355659e-08
0.005027,0.023489583333333335,0.46979166666666666,997.1456116942595,5.747514889564156e-08
0.005027,0.023593750000000004,0.47187500000000004,997.0312013373846,5.7986035759065864e-08
0.005027,0.023697916666666666,0.4739583333333333,996.9126031260251,5.849918318383458e-08
0.005027,0.023802083333333335,0.4760416666666667,996.789681316958,5.901459116994715e-08
0.005027,0.023906250000000004,0.4781250000000001,996.6622964938683,5.953225971739905e-08
0.005027,0.024010416666666666,0.4802083333333333,996.530305496337,6.005218882619536e-08
0.005027,0.024114583333333335,0.4822916666666667,996.3935613485303,6.057437849633666e-08
0.005027,0.024218750000000004,0.48437500000000006,996.2519131876425,6.109882872781558e-08
0.005027,0.024322916666666666,0.4864583333333333,996.1052061921243,6.16255395206395e-08
0.005027,0.024427083333333335,0.4885416666666667,995.9532815097676,6.215451087480896e-08
0.005027,0.024531250000000004,0.4906250000000001,995.7959761856745,6.268574279031548e-08
0.005027,0.024635416666666667,0.4927083333333333,995.6331230901822,6.321923526716756e-08
0.005027,0.024739583333333336,0.4947916666666667,995.4645508467878,6.375498830536234e-08
0.005027,0.02484375,0.496875,995.2900837601346,6.429300190490099e-08
0.005027,0.024947916666666667,0.49895833333333334,995.1095417441169,6.483327606577895e-08
0.005027,0.025052083333333336,0.5010416666666667,994.9227402501654,6.537581078800022e-08
0.005027,0.02515625,0.503125,994.7294901957795,6.592060607156815e-08
0.005027,0.025260416666666667,0.5052083333333333,994.529597893363,6.646766191647259e-08
0.005027,0.025364583333333336,0.5072916666666667,994.322864979441,6.70169783227237e-08
0.005027,0.025468750000000002,0.509375,994.1090883443206,6.756855529031811e-08
0.005027,0.025572916666666667,0.5114583333333333,993.8880600622699,6.812239281925015e-08
0.005027,0.025677083333333336,0.5135416666666667,993.6595673222857,6.867849090952886e-08
0.005027,0.025781250000000002,0.515625,993.4233923595306,6.923684956115198e-08
0.005027,0.025885416666666668,0.5177083333333333,993.1793123875111,6.97974687741116e-08
0.005027,0.025989583333333337,0.5197916666666667,992.9270995310831,7.036034854841792e-08
0.005027,0.02609375,0.521875,992.6665207603597,7.092548888406525e-08
0.005027,0.026197916666666668,0.5239583333333333,992.3973378256112,7.149288978105813e-08
0.005027,0.026302083333333337,0.5260416666666667,992.1193071932349,7.206255123938978e-08
0.005027,0.02640625,0.528125,991.8321799828941,7.263447325906583e-08
0.005027,0.026510416666666668,0.5302083333333333,991.5357019059043,7.320865584008631e-08
0.005027,0.026614583333333337,0.5322916666666667,991.229613204965,7.378509898244554e-08
0.005027,0.02671875,0.5343749999999999,990.9136485953286,7.43638026861492e-08
0.005027,0.02682291666666667,0.5364583333333334,990.5875372074989,7.494476695119727e-08
0.005027,0.026927083333333338,0.5385416666666667,990.2510025315638,7.55279917775841e-08
0.005027,0.02703125,0.5406249999999999,989.903762363249,7.611347716531649e-08
0.005027,0.02713541666666667,0.5427083333333333,989.545528751803,7.670122311439215e-08
0.005027,0.027239583333333338,0.5447916666666667,989.1760079498138,7.729122962480546e-08
0.005027,0.02734375,0.546875,988.7949003650542,7.788349669656657e-08
0.005027,0.02744791666666667,0.5489583333333333,988.4019005144696,7.847802432966643e-08
0.005027,0.027552083333333335,0.5510416666666667,987.9966969804084,7.907481252411525e-08
0.005027,0.02765625,0.553125,987.5789723692058,7.967386127989829e-08
0.005027,0.02776041666666667,0.5552083333333333,987.1484032722285,8.027517059702915e-08
0.005027,0.027864583333333335,0.5572916666666666,986.7046602294922,8.08787404755033e-08
0.005027,0.02796875,0.559375,986.2474076959622,8.148457091531509e-08
0.005027,0.02807291666666667,0.5614583333333334,985.77630401065,8.209266191647354e-08
0.005027,0.028177083333333335,0.5635416666666667,985.2910013686189,8.270301347897527e-08
0.005027,0.02828125,0.5656249999999999,984.791145796016,8.331562560281578e-08
0.005027,0.02838541666666667,0.5677083333333334,984.2763771282383,8.393049828800071e-08
0.005027,0.028489583333333336,0.5697916666666667,983.7463289913575,8.454763153453117e-08
0.005027,0.02859375,0.571875,983.2006287869134,8.516702534239815e-08
0.005027,0.02869791666666667,0.5739583333333333,982.6388976801964,8.57886797116118e-08
0.005027,0.028802083333333332,0.5760416666666666,982.0607505921365,8.641259464216759e-08
0.005027,0.02890625,0.578125,981.4657961949075,8.703877013406895e-08
0.005027,0.02901041666666667,0.5802083333333333,980.8536369113798,8.766720618730567e-08
0.005027,0.029114583333333333,0.5822916666666667,980.2238689185239,8.82979028018902e-08
0.005027,0.02921875,0.584375,979.5760821548902,8.8930859977818e-08
0.005027,0.02932291666666667,0.5864583333333334,978.9098603322802,8.956607771508346e-08
0.005027,0.029427083333333333,0.5885416666666666,978.2247809517238,9.020355601369559e-08
0.005027,0.029531250000000002,0.590625,977.5204153238805,9.084329487365213e-08
0.005027,0.02963541666666667,0.5927083333333334,976.7963285939805,9.148529429494518e-08
0.005027,0.029739583333333333,0.5947916666666666,976.0520797714173,9.212955427758376e-08
0.005027,0.029843750000000002,0.596875,975.2872217641069,9.277607482156791e-08
0.005027,0.02994791666666667,0.5989583333333334,974.5013014177246,9.342485592688967e-08
0.005027,0.030052083333333333,0.6010416666666666,973.6938595599312,9.407589759355586e-08
0.005027,0.030156250000000002,0.603125,972.8644310496989,9.472919982156533e-08
0.005027,0.030260416666666668,0.6052083333333333,972.0125448318415,9.538476261092148e-08
0.005027,0.030364583333333334,0.6072916666666667,971.1377239968558,9.604258596161075e-08
0.005027,0.030468750000000003,0.609375,970.2394858461811,9.670266987364895e-08
0.005027,0.03057291666666667,0.6114583333333333,969.3173419629732,9.736501434703157e-08
0.005027,0.030677083333333334,0.6135416666666667,968.3707982884964,9.802961938175069e-08
0.005027,0.030781250000000003,0.615625,967.3993552042289,9.869648497781536e-08
0.005027,0.03088541666666667,0.6177083333333333,966.4025076197738,9.936561113522669e-08
0.005027,0.030989583333333334,0.6197916666666666,965.3797450666711,1.0003699785397228e-07
0.005027,0.031093750000000003,0.6218750000000001,964.330551798196,1.0071064513406568e-07
0.005027,0.031197916666666665,0.6239583333333333,963.2544068952267,1.0138655297550009e-07
0.005027,0.031302083333333335,0.6260416666666666,962.1507843782689,1.0206472137828118e-07
0.005027,0.031406250000000004,0.628125,961.0191533257085,1.027451503424033e-07
0.005027,0.031510416666666666,0.6302083333333333,959.8589779983719,1.0342783986785854e-07
0.005027,0.031614583333333335,0.6322916666666667,958.6697179704609,1.0411278995466949e-07
0.005027,0.031718750000000004,0.634375,957.4508282669306,1.0480000060281807e-07
0.005027,0.03182291666666667,0.6364583333333335,956.2017595073693,1.0548947181230429e-07
0.005027,0.031927083333333335,0.6385416666666667,954.9219580564393,1.0618120358314171e-07
0.005027,0.032031250000000004,0.640625,953.6108661809326,1.0687519591531901e-07
0.005027,0.032135416666666666,0.6427083333333333,952.2679222134858,1.0757144880882945e-07
0.005027,0.032239583333333335,0.6447916666666667,950.8925607229996,1.0826996226370011e-07
0.005027,0.032343750000000004,0.6468750000000001,949.484212691799,1.0897073627989485e-07
0.005027,0.03244791666666667,0.6489583333333333,948.0423056995683,1.0967377085744755e-07
0.005027,0.032552083333333336,0.6510416666666666,946.5662641140818,1.103790659963379e-07
0.005027,0.03265625,0.653125,945.055509288759,1.1108662169656136e-07
0.005027,0.03276041666666667,0.6552083333333333,943.5094597670505,1.117964379581428e-07
0.005027,0.032864583333333336,0.6572916666666667,941.9275314936731,1.1250851478105962e-07
0.005027,0.032968750000000005,0.659375,940.3091380326845,1.1322285216531181e-07
0.005027,0.03307291666666667,0.6614583333333333,938.653690792407,1.1393945011091971e-07
0.005027,0.033177083333333336,0.6635416666666667,936.9605992571766,1.1465830861786751e-07
0.005027,0.03328125,0.6656249999999999,935.2292712259108,1.1537942768614391e-07
0.005027,0.03338541666666667,0.6677083333333333,933.4591130574663,1.1610280731578055e-07
0.005027,0.033489583333333336,0.6697916666666667,931.6495299227544,1.1682844750675481e-07
0.005027,0.033593750000000006,0.6718750000000001,929.7999260635796,1.175563482590622e-07
0.005027,0.03369791666666667,0.6739583333333333,927.9097050581546,1.1828650957272528e-07
0.005027,0.03380208333333334,0.6760416666666667,925.9782700932359,1.1901893144772828e-07
0.005027,0.03390625,0.678125,924.0050242428263,1.1975361388405988e-07
0.005027,0.03401041666666667,0.6802083333333333,921.989370753369,1.2049055688175396e-07
0.005027,0.03411458333333334,0.6822916666666667,919.9307133353661,1.212297604407834e-07
0.005027,0.034218750000000006,0.6843750000000001,917.8284564613289,1.2197122456114373e-07
0.005027,0.03432291666666667,0.6864583333333333,915.6820056699758,1.2271494924286653e-07
0.005027,0.03442708333333334,0.6885416666666667,913.4907678765783,1.234609344859202e-07
0.005027,0.03453125,0.6906249999999999,911.2541516893447,1.242091802903115e-07
0.005027,0.03463541666666667,0.6927083333333334,908.9715677317266,1.2495968665605852e-07
0.005027,0.03473958333333334,0.6947916666666667,906.6424289705295,1.2571245358314543e-07
0.005027,0.03484375000000001,0.6968750000000001,904.2661510496913,1.2646748107156093e-07
0.005027,0.03494791666666667,0.6989583333333333,901.8421526295887,1.272247691213367e-07
0.005027,0.03505208333333333,0.7010416666666666,899.3698557317298,1.27984317732441e-07
0.005027,0.03515625,0.703125,896.8486860886678,1.2874612690490106e-07
0.005027,0.03526041666666667,0.7052083333333333,894.278073498979,1.29510196638701e-07
0.005027,0.03536458333333334,0.7072916666666668,891.6574521871271,1.302765269338273e-07
0.005027,0.03546875,0.709375,888.9862611680386,1.310451177903206e-07
0.005027,0.03557291666666667,0.7114583333333333,886.2639446161919,1.318159692081425e-07
0.005027,0.03567708333333333,0.7135416666666666,883.4899522390317,1.3258908118730204e-07
0.005027,0.03578125,0.715625,880.6637396544953,1.3336445372781952e-07
0.005027,0.03588541666666667,0.7177083333333334,877.7847687724463,1.3414208682967015e-07
0.005027,0.03598958333333334,0.7197916666666667,874.8525081797827,1.349219804928584e-07
0.005027,0.03609375,0.7218749999999999,871.8664335290015,1.3570413471740238e-07
0.005027,0.03619791666666667,0.7239583333333334,868.8260279299735,1.3648854950328173e-07
0.005027,0.03630208333333333,0.7260416666666666,865.7307823446899,1.3727522485049645e-07
0.005027,0.03640625,0.728125,862.5801959847237,1.3806416075906914e-07
0.005027,0.03651041666666667,0.7302083333333333,859.3737767111469,1.3885535722897723e-07
0.005027,0.03661458333333334,0.7322916666666668,856.1110414366385,1.3964881426021842e-07
0.005027,0.03671875,0.734375,852.7915165295036,1.4044453185281983e-07
0.005027,0.03682291666666667,0.7364583333333333,849.414738219329,1.4124251000675439e-07
0.005027,0.03692708333333333,0.7385416666666667,845.9802530039813,1.4204274872202204e-07
0.005027,0.03703125,0.740625,842.4876180576515,1.4284524799865444e-07
0.005027,0.03713541666666667,0.7427083333333334,838.9364016396515,1.4365000783661544e-07
0.005027,0.03723958333333334,0.7447916666666667,835.3261835036479,1.4445702823591183e-07
0.005027,0.03734375,0.746875,831.656555307021,1.452663091965707e-07
0.005027,0.03744791666666667,0.7489583333333334,827.9271210200311,1.4607785071856045e-07
0.005027,0.03755208333333333,0.7510416666666666,824.1374973344658,1.4689165280188328e-07
0.005027,0.03765625,0.753125,820.2873140714356,1.4770771544656862e-07
0.005027,0.03776041666666667,0.7552083333333334,816.3762145879891,1.4852603865258936e-07
0.005027,0.03786458333333334,0.7572916666666668,812.403856182198,1.4934662241993866e-07
0.005027,0.03796875,0.759375,808.3699104963752,1.50169466748655e-07
0.005027,0.038072916666666665,0.7614583333333332,804.2740639180722,1.509945716386886e-07
0.005027,0.038177083333333334,0.7635416666666667,800.1160179785078,1.51821937090087e-07
0.005027,0.03828125,0.765625,795.895489748066,1.5265156310282076e-07
0.005027,0.03838541666666667,0.7677083333333334,791.6122122285101,1.534834496768831e-07
0.005027,0.038489583333333334,0.7697916666666667,787.2659347415455,1.5431759681231247e-07
0.005027,0.03859375,0.771875,782.8564233133685,1.5515400450906818e-07
0.005027,0.038697916666666665,0.7739583333333333,778.3834610548381,1.559926727671615e-07
0.005027,0.038802083333333334,0.7760416666666666,773.8468485368943,1.5683360158661735e-07
0.005027,0.03890625,0.7781250000000001,769.2464041608597,1.5767679096740403e-07
0.005027,0.03901041666666667,0.7802083333333334,764.581964523251,1.5852224090952158e-07
0.005027,0.039114583333333335,0.7822916666666666,759.8533847747287,1.5936995141300613e-07
0.005027,0.039218750000000004,0.784375,755.0605389728123,1.6021992247781928e-07
0.005027,0.039322916666666666,0.7864583333333333,750.203320427993,1.6107215410396782e-07
0.005027,0.039427083333333335,0.7885416666666667,745.2816420428688,1.619266462914743e-07
0.005027,0.039531250000000004,0.790625,740.2954366439343,1.6278339904032073e-07
0.005027,0.03963541666666667,0.7927083333333335,735.2446573056552,1.63642412350498e-07
0.005027,0.039739583333333335,0.7947916666666667,730.129277666464,1.645036862220332e-07
0.005027,0.039843750000000004,0.796875,724.9492922363061,1.653672206548993e-07
0.005027,0.039947916666666666,0.7989583333333333,719.7047166953848,1.662330156491098e-07
0.005027,0.040052083333333335,0.8010416666666667,714.395588183734,1.6710107120466923e-07
0.005027,0.040156250000000004,0.8031250000000001,709.0219655812765,1.6797138732157308e-07
0.005027,0.040260416666666674,0.8052083333333334,703.5839297780057,1.6884396399979875e-07
0.005027,0.040364583333333336,0.8072916666666666,698.0815839339535,1.6971880123939145e-07
0.005027,0.040468750000000005,0.8093750000000001,692.5150537285953,1.7059589904032401e-07
0.005027,0.04057291666666667,0.8114583333333333,686.8844875993639,1.714752574025739e-07
0.005027,0.040677083333333336,0.8135416666666667,681.1900569689321,1.723568763261998e-07
0.005027,0.040781250000000005,0.815625,675.4319564609513,1.7324075581114304e-07
0.005027,0.04088541666666667,0.8177083333333333,669.6104041039175,1.7412689585744878e-07
0.005027,0.040989583333333336,0.8197916666666667,663.7256415228618,1.7501529646508985e-07
0.005027,0.04109375,0.8218749999999999,657.7779341185626,1.7590595763406183e-07
0.005027,0.04119791666666667,0.8239583333333333,651.7675712339756,1.7679887936439175e-07
0.005027,0.041302083333333336,0.8260416666666667,645.6948663076101,1.7769406165606157e-07
0.005027,0.041406250000000006,0.8281250000000001,639.5601570135599,1.7859150450905774e-07
0.005027,0.04151041666666667,0.8302083333333333,633.3638053879274,1.794912079234254e-07
0.005027,0.04161458333333334,0.8322916666666667,627.10619794138,1.8039317189911492e-07
0.005027,0.04171875,0.834375,620.7877457575928,1.8129739643614432e-07
0.005027,0.04182291666666667,0.8364583333333333,614.4088845773338,1.822038815345317e-07
0.005027,0.04192708333333334,0.8385416666666667,607.9700748679677,1.8311262719425446e-07
0.005027,0.042031250000000006,0.8406250000000001,601.471801878163,1.840236334153081e-07
0.005027,0.04213541666666667,0.8427083333333333,594.9145756775903,1.849369001977287e-07
0.005027,0.04223958333333334,0.8447916666666667,588.2989311814263,1.858524275414802e-07
0.005027,0.04234375,0.8468749999999999,581.6254281594804,1.86770215446558e-07
0.005027,0.04244791666666667,0.8489583333333334,574.89465122977,1.8769026391300282e-07
0.005027,0.04255208333333334,0.8510416666666667,568.1072098363987,1.8861257294078756e-07
0.005027,0.04265625000000001,0.8531250000000001,561.2637382115828,1.895371425298896e-07
0.005027,0.04276041666666667,0.8552083333333333,554.3648953217086,1.9046397268036766e-07
0.005027,0.04286458333333334,0.8572916666666667,547.4113647972956,1.9139306339217206e-07
0.005027,0.04296875,0.859375,540.4038548467718,1.9232441466530734e-07
0.005027,0.04307291666666667,0.8614583333333333,533.3430981539649,1.9325802649981414e-07
0.005027,0.04317708333333334,0.8635416666666668,526.229851759249,1.9419389889564276e-07
0.005027,0.04328125000000001,0.8656250000000001,519.0648969242733,1.9513203185280676e-07
0.005027,0.04338541666666667,0.8677083333333333,511.84903898024425,1.9607242537134228e-07
0.005027,0.04348958333333333,0.8697916666666666,504.58310715971965,1.970150794511861e-07
0.005027,0.04359375,0.871875,497.2679544119129,1.979599940924059e-07
0.005027,0.04369791666666667,0.8739583333333334,489.90445720150365,1.9890716929494757e-07
0.005027,0.04380208333333334,0.8760416666666667,482.4935152909706,1.9985660505882912e-07
0.005027,0.04390625,0.8781249999999999,475.0360515064863,2.0080830138406865e-07
0.005027,0.04401041666666667,0.8802083333333334,467.5330114874145,2.0176225827064356e-07
0.005027,0.04411458333333333,0.8822916666666666,459.9853634194868,2.0271847571854933e-07
0.005027,0.04421875,0.884375,452.3940977517224,2.0367695372782208e-07
0.005027,0.04432291666666667,0.8864583333333333,444.7602268972063,2.046376922984212e-07
0.005027,0.04442708333333334,0.8885416666666668,437.0847849178212,2.056006914303557e-07
0.005027,0.04453125,0.890625,429.36882719307266,2.0656595112365265e-07
0.005027,0.04463541666666667,0.8927083333333333,421.61343007314446,2.0753347137828502e-07
0.005027,0.04473958333333333,0.8947916666666667,413.81969051635184,2.0850325219424372e-07
0.005027,0.04484375,0.896875,405.98872571115527,2.094752935715694e-07
0.005027,0.04494791666666667,0.8989583333333334,398.12167268294303,2.104495955102305e-07
0.005027,0.04505208333333334,0.9010416666666667,390.21968788577186,2.114261580102134e-07
0.005027,0.04515625,0.903125,382.2839467793008,2.1240498107157234e-07
0.005027,0.04526041666666667,0.9052083333333334,374.31564339114635,2.1338606469425763e-07
0.005027,0.04536458333333333,0.9072916666666666,366.31598986492196,2.1436940887826928e-07
0.005027,0.04546875,0.909375,358.286215994215,2.1535501362365242e-07
0.005027,0.04557291666666667,0.9114583333333334,350.22756874279895,2.1634287893037096e-07
0.005027,0.04567708333333334,0.9135416666666668,342.1413117513641,2.173330047984068e-07
0.005027,0.04578125,0.915625,334.0287248310868,2.1832539122782318e-07
0.005027,0.04588541666666667,0.9177083333333333,325.89110344435517,2.193200382185614e-07
0.005027,0.045989583333333334,0.9197916666666667,317.72975817299914,2.2031694577063048e-07
0.005027,0.04609375,0.921875,309.5460141743636,2.2131611388407109e-07
0.005027,0.04619791666666667,0.9239583333333334,301.3412106256053,2.2231754255884256e-07
0.005027,0.04630208333333334,0.9260416666666668,293.11670015657774,2.2332123179493585e-07
0.005027,0.04640625,0.928125,284.8738482717027,2.2432718159240517e-07
0.005027,0.046510416666666665,0.9302083333333333,276.6140327612266,2.2533539195118278e-07
0.005027,0.046614583333333334,0.9322916666666666,268.33864310227983,2.2634586287134095e-07
0.005027,0.04671875,0.9343750000000001,260.04907985016155,2.2735859435282093e-07
0.005027,0.04682291666666667,0.9364583333333334,251.74675402028484,2.2837358639563176e-07
0.005027,0.046927083333333335,0.9385416666666666,243.43308646123245,2.2939083899981415e-07
0.005027,0.047031250000000004,0.940625,235.10950721937544,2.3041035216531832e-07
0.005027,0.047135416666666666,0.9427083333333333,226.777454895528,2.314321258921579e-07
0.005027,0.047239583333333335,0.9447916666666667,218.43837599410224,2.32456160180369e-07
0.005027,0.047343750000000004,0.946875,210.0937242652595,2.3348245502990644e-07
0.005027,0.04744791666666667,0.9489583333333335,201.74496004053904,2.345110104407702e-07
0.005027,0.047552083333333335,0.9510416666666667,193.39354956246981,2.3554182641300552e-07
0.005027,0.047656250000000004,0.953125,185.04096430866707,2.3657490294657168e-07
0.005027,0.047760416666666666,0.9552083333333333,176.68868031093422,2.376102400414642e-07
0.005027,0.047864583333333335,0.9572916666666667,168.33817746987557,2.386478376977282e-07
0.005027,0.047968750000000004,0.9593750000000001,159.99093886555966,2.3968769591532307e-07
0.005027,0.048072916666666674,0.9614583333333334,151.6484500647475,2.407298146942398e-07
0.005027,0.048177083333333336,0.9635416666666666,143.3121984252292,2.417741940345371e-07
0.005027,0.048281250000000005,0.9656250000000001,134.98367239779813,2.4282083393615617e-07
0.005027,0.04838541666666667,0.9677083333333333,126.6643608264123,2.438697343991016e-07
0.005027,0.048489583333333336,0.9697916666666667,118.35575224707067,2.449208954234231e-07
0.005027,0.048593750000000005,0.971875,110.05933418596605,2.459743170090709e-07
0.005027,0.048697916666666674,0.9739583333333335,101.77659245744456,2.470299991560451e-07
0.005027,0.048802083333333336,0.9760416666666667,93.50901046232897,2.480879418643998e-07
0.005027,0.048906250000000005,0.978125,85.25806848714467,2.4914814513407184e-07
0.005027,0.04901041666666667,0.9802083333333333,77.02524300480445,2.502106089650702e-07
0.005027,0.049114583333333336,0.9822916666666667,68.8120059772825,2.5127533335745364e-07
0.005027,0.049218750000000006,0.9843750000000001,60.61982416083765,2.5234231831114086e-07
0.005027,0.04932291666666667,0.9864583333333333,52.450158414313776,2.534115638261996e-07
0.005027,0.04942708333333334,0.9885416666666667,44.30446301106073,2.5448306990258915e-07
0.005027,0.04953125,0.990625,36.18418495501663,2.555568365403096e-07
0.005027,0.04963541666666667,0.9927083333333333,28.09076330146886,2.5663286373939703e-07
0.005027,0.04973958333333334,0.9947916666666667,20.025628483036673,2.5771115149981084e-07
0.005027,0.049843750000000006,0.9968750000000001,11.990201641382559,2.587916998215555e-07
0.005027,0.04994791666666667,0.9989583333333333,3.985893965177432,2.598745087046762e-07
0.005032,5.208333333333334e-05,0.0010416666666666667,999.9998876020943,3.7676022376543216e-13
0.005032,0.00015625,0.0031249999999999997,999.9998873911418,2.637321566358025e-12
0.005032,0.00026041666666666666,0.005208333333333333,999.999886968623,7.158444251543212e-12
0.005032,0.00036458333333333335,0.007291666666666667,999.9998863332694,1.394012827932099e-11
0.005032,0.00046875,0.009375,999.9998854831784,2.2982373649691355e-11
0.005032,0.0005729166666666667,0.011458333333333333,999.9998844158038,3.4285180362654335e-11
0.005032,0.0006770833333333334,0.013541666666666667,999.9998831279499,4.784854841820988e-11
0.005032,0.00078125,0.015625,999.99988161576,6.367247781635804e-11
0.005032,0.0008854166666666667,0.017708333333333333,999.9998798747059,8.175696855709879e-11
0.005032,0.0009895833333333334,0.019791666666666666,999.9998778995719,1.0210202064043203e-10
0.005032,0.00109375,0.021875000000000002,999.9998756844392,1.2470763406635805e-10
0.005032,0.0011979166666666666,0.02395833333333333,999.9998732226702,1.4957380883487663e-10
0.005032,0.0013020833333333335,0.026041666666666668,999.9998705068857,1.7670054494598758e-10
0.005032,0.00140625,0.028124999999999997,999.999867528943,2.0608784239969144e-10
0.005032,0.0015104166666666669,0.030208333333333337,999.9998642799115,2.3773570119598785e-10
0.005032,0.0016145833333333333,0.03229166666666666,999.9998607500447,2.7164412133487647e-10
0.005032,0.0017187500000000002,0.034375,999.9998569287525,3.0781310281635824e-10
0.005032,0.0018229166666666667,0.03645833333333333,999.999852804565,3.462426456404321e-10
0.005032,0.0019270833333333336,0.03854166666666667,999.9998483651024,3.869327498070989e-10
0.005032,0.00203125,0.040625,999.9998435970341,4.298834153163573e-10
0.005032,0.0021354166666666665,0.04270833333333333,999.9998384860397,4.750946421682109e-10
0.005032,0.0022395833333333334,0.04479166666666667,999.999833016766,5.225664303626536e-10
0.005032,0.0023437500000000003,0.04687500000000001,999.99982717278,5.722987798996925e-10
0.005032,0.002447916666666667,0.04895833333333333,999.9998209365197,6.242916907793205e-10
0.005032,0.0025520833333333333,0.051041666666666666,999.9998142892421,6.785451630015442e-10
0.005032,0.00265625,0.053125,999.9998072109652,7.350591965663565e-10
0.005032,0.002760416666666667,0.05520833333333334,999.9997996804107,7.938337914737678e-10
0.005032,0.0028645833333333336,0.05729166666666667,999.9997916749385,8.548689477237637e-10
0.005032,0.00296875,0.059375,999.9997831704806,9.18164665316361e-10
0.005032,0.003072916666666667,0.06145833333333334,999.9997741414688,9.837209442515417e-10
0.005032,0.003177083333333334,0.06354166666666668,999.9997645607605,1.0515377845293237e-09
0.005032,0.0032812500000000003,0.065625,999.9997543995563,1.1216151861496883e-09
0.005032,0.0033854166666666668,0.06770833333333333,999.9997436273164,1.1939531491126517e-09
0.005032,0.0034895833333333333,0.06979166666666665,999.9997322116712,1.2685516734182142e-09
0.005032,0.00359375,0.071875,999.999720118326,1.345410759066356e-09
0.005032,0.003697916666666667,0.07395833333333333,999.9997073109613,1.424530406057101e-09
0.005032,0.0038020833333333335,0.07604166666666666,999.9996937511254,1.5059106143904297e-09
0.005032,0.00390625,0.078125,999.9996793981259,1.5895513840663619e-09
0.005032,0.004010416666666667,0.08020833333333334,999.9996642089079,1.6754527150848731e-09
0.005032,0.004114583333333333,0.08229166666666665,999.9996481379333,1.7636146074459857e-09
0.005032,0.00421875,0.084375,999.9996311370484,1.8540370611497038e-09
0.005032,0.004322916666666668,0.08645833333333335,999.9996131553444,1.9467200761959833e-09
0.005032,0.004427083333333333,0.08854166666666666,999.999594139016,2.0416636525848733e-09
0.005032,0.0045312500000000006,0.09062500000000001,999.9995740312019,2.138867790316355e-09
0.005032,0.004635416666666667,0.09270833333333334,999.99955277183,2.2383324893904475e-09
0.005032,0.0047395833333333335,0.09479166666666666,999.999530297442,2.3400577498070924e-09
0.005032,0.004843750000000001,0.09687500000000002,999.999506541018,2.444043571566356e-09
0.005032,0.0049479166666666664,0.09895833333333333,999.9994814317869,2.5502899546682077e-09
0.005032,0.005052083333333334,0.10104166666666667,999.9994548950286,2.658796899112643e-09
0.005032,0.00515625,0.103125,999.9994268518664,2.7695644048997107e-09
0.005032,0.005260416666666667,0.10520833333333333,999.9993972190459,2.8825924720293132e-09
0.005032,0.005364583333333334,0.10729166666666667,999.9993659087062,2.997881100501539e-09
0.005032,0.00546875,0.10937499999999999,999.9993328281377,3.1154302903163524e-09
0.005032,0.005572916666666667,0.11145833333333334,999.9992978795262,3.2352400414737896e-09
0.005032,0.005677083333333334,0.11354166666666668,999.9992609596877,3.3573103539737616e-09
0.005032,0.00578125,0.11562499999999999,999.9992219597846,3.481641227816348e-09
0.005032,0.005885416666666667,0.11770833333333335,999.9991807650326,3.6082326630015406e-09
0.005032,0.005989583333333334,0.11979166666666667,999.9991372543897,3.737084659529347e-09
0.005032,0.00609375,0.121875,999.9990913002292,3.86819721739968e-09
0.005032,0.0061979166666666675,0.12395833333333335,999.9990427680005,4.001570336612654e-09
0.005032,0.006302083333333333,0.12604166666666666,999.9989915158687,4.137204017168198e-09
0.005032,0.0064062500000000005,0.128125,999.9989373943367,4.275098259066392e-09
0.005032,0.006510416666666668,0.13020833333333334,999.9988802458516,4.415253062307077e-09
0.005032,0.006614583333333333,0.13229166666666667,999.9988199043889,4.557668426890429e-09
0.005032,0.006718750000000001,0.134375,999.9987561950177,4.70234435281636e-09
0.005032,0.006822916666666666,0.13645833333333332,999.998688933444,4.8492808400848535e-09
0.005032,0.006927083333333334,0.13854166666666667,999.9986179255308,4.9984778886960314e-09
0.005032,0.007031250000000001,0.140625,999.9985429667985,5.149935498649682e-09
0.005032,0.007135416666666667,0.14270833333333333,999.9984638418964,5.303653669945966e-09
0.005032,0.007239583333333334,0.14479166666666668,999.998380324052,5.4596324025848815e-09
0.005032,0.0073437500000000005,0.146875,999.9982921744925,5.617871696566394e-09
0.005032,0.007447916666666667,0.14895833333333333,999.9981991418385,5.7783715518904144e-09
0.005032,0.007552083333333334,0.15104166666666669,999.9981009614706,5.941131968557085e-09
0.005032,0.00765625,0.15312499999999998,999.9979973548631,6.106152946566353e-09
0.005032,0.007760416666666667,0.15520833333333334,999.9978880288869,6.273434485918199e-09
0.005032,0.007864583333333335,0.1572916666666667,999.9977726750822,6.442976586612696e-09
0.005032,0.00796875,0.159375,999.9976509688933,6.614779248649736e-09
0.005032,0.008072916666666667,0.16145833333333334,999.9975225688685,6.788842472029249e-09
0.005032,0.008177083333333335,0.1635416666666667,999.9973871158259,6.965166256751589e-09
0.005032,0.00828125,0.165625,999.9972442319747,7.143750602816296e-09
0.005032,0.008385416666666666,0.16770833333333332,999.9970935200005,7.324595510223794e-09
0.005032,0.008489583333333335,0.1697916666666667,999.9969345621064,7.507700978973836e-09
0.005032,0.00859375,0.171875,999.9967669190105,7.693067009066281e-09
0.005032,0.008697916666666666,0.17395833333333333,999.9965901288969,7.880693600501587e-09
0.005032,0.008802083333333334,0.17604166666666665,999.9964037063189,8.070580753279225e-09
0.005032,0.008906250000000001,0.178125,999.9962071410529,8.26272846739976e-09
0.005032,0.009010416666666667,0.18020833333333333,999.9959998969001,8.457136742862698e-09
0.005032,0.009114583333333334,0.18229166666666666,999.9957814104347,8.653805579668144e-09
0.005032,0.009218750000000001,0.184375,999.9955510896935,8.852734977816417e-09
0.005032,0.009322916666666667,0.18645833333333334,999.9953083128106,9.053924937307163e-09
0.005032,0.009427083333333334,0.18854166666666666,999.9950524265874,9.257375458140312e-09
0.005032,0.009531250000000002,0.19062500000000002,999.994782745002,9.463086540316427e-09
0.005032,0.009635416666666667,0.19270833333333334,999.994498547651,9.67105818383477e-09
0.005032,0.009739583333333333,0.19479166666666664,999.9941990781235,9.88129038869608e-09
0.005032,0.009843750000000002,0.19687500000000002,999.9938835423038,1.009378315489972e-08
0.005032,0.009947916666666667,0.19895833333333335,999.9935511065981,1.0308536482445941e-08
0.005032,0.010052083333333333,0.20104166666666665,999.993200896088,1.0525550371334883e-08
0.005032,0.01015625,0.203125,999.9928319925993,1.0744824821566263e-08
0.005032,0.010260416666666668,0.20520833333333335,999.992443432691,1.0966359833140502e-08
0.005032,0.010364583333333333,0.20729166666666665,999.9920342055563,1.1190155406057182e-08
0.005032,0.01046875,0.209375,999.991603250834,1.1416211540316228e-08
0.005032,0.010572916666666668,0.21145833333333336,999.991149456329,1.1644528235918276e-08
0.005032,0.010677083333333334,0.21354166666666666,999.9906716556296,1.1875105492862764e-08
0.005032,0.010781250000000001,0.215625,999.9901686256328,1.2107943311149548e-08
0.005032,0.010885416666666668,0.21770833333333336,999.9896390839608,1.2343041690779405e-08
0.005032,0.010989583333333334,0.21979166666666666,999.9890816862686,1.2580400631751417e-08
0.005032,0.01109375,0.221875,999.988495023443,1.2820020134066432e-08
0.005032,0.011197916666666669,0.22395833333333337,999.9878776186808,1.3061900197723885e-08
0.005032,0.011302083333333334,0.22604166666666667,999.9872279244531,1.3306040822723636e-08
0.005032,0.01140625,0.228125,999.9865443193386,1.3552442009066458e-08
0.005032,0.011510416666666669,0.23020833333333338,999.9858251047292,1.380110375675165e-08
0.005032,0.011614583333333334,0.23229166666666667,999.9850685014044,1.4052026065779137e-08
0.005032,0.01171875,0.234375,999.9842726459635,1.4305208936149768e-08
0.005032,0.011822916666666667,0.23645833333333333,999.9834355871167,1.4560652367862555e-08
0.005032,0.011927083333333335,0.23854166666666668,999.9825552818247,1.4818356360918274e-08
0.005032,0.01203125,0.240625,999.981629591288,1.5078320915316502e-08
0.005032,0.012135416666666668,0.24270833333333333,999.9806562767724,1.5340546031056886e-08
0.005032,0.012239583333333335,0.24479166666666669,999.9796329952746,1.5605031708140554e-08
0.005032,0.01234375,0.246875,999.9785572950129,1.5871777946566237e-08
0.005032,0.012447916666666666,0.2489583333333333,999.9774266107457,1.6140784746334993e-08
0.005032,0.012552083333333335,0.25104166666666666,999.976238258904,1.6412052107446045e-08
0.005032,0.01265625,0.253125,999.9749894325388,1.6685580029899538e-08
0.005032,0.012760416666666666,0.2552083333333333,999.9736771960713,1.6961368513696032e-08
0.005032,0.012864583333333336,0.2572916666666667,999.9722984798454,1.7239417558835103e-08
0.005032,0.012968750000000001,0.259375,999.9708500744691,1.751972716531619e-08
0.005032,0.013072916666666667,0.2614583333333333,999.9693286249451,1.7802297333140422e-08
0.005032,0.013177083333333334,0.2635416666666667,999.9677306245762,1.808712806230695e-08
0.005032,0.013281250000000001,0.265625,999.9660524086464,1.837421935281648e-08
0.005032,0.013385416666666667,0.2677083333333333,999.964290147865,1.866357120466831e-08
0.005032,0.013489583333333334,0.26979166666666665,999.9624398415655,1.8955183617862574e-08
0.005032,0.013593750000000002,0.27187500000000003,999.9604973106603,1.92490565923997e-08
0.005032,0.013697916666666667,0.2739583333333333,999.9584581903293,1.9545190128279125e-08
0.005032,0.013802083333333333,0.27604166666666663,999.9563179224486,1.9843584225501692e-08
0.005032,0.013906250000000002,0.278125,999.9540717477422,2.0144238884066556e-08
0.005032,0.014010416666666668,0.28020833333333334,999.951714697652,2.0447154103973576e-08
0.005032,0.014114583333333333,0.28229166666666666,999.9492415859177,2.075232988522388e-08
0.005032,0.014218750000000002,0.28437500000000004,999.9466469998544,2.1059766227816485e-08
0.005032,0.014322916666666668,0.2864583333333333,999.9439252913276,2.1369463131751243e-08
0.005032,0.014427083333333333,0.28854166666666664,999.9410705674052,2.1681420597029567e-08
0.005032,0.01453125,0.290625,999.9380766806873,2.1995638623649482e-08
0.005032,0.014635416666666668,0.29270833333333335,999.9349372192992,2.2312117211612685e-08
0.005032,0.014739583333333334,0.2947916666666667,999.9316454965398,2.2630856360918465e-08
0.005032,0.014843750000000001,0.296875,999.9281945401752,2.2951856071566118e-08
0.005032,0.014947916666666668,0.2989583333333333,999.9245770813703,2.3275116343557198e-08
0.005032,0.015052083333333334,0.30104166666666665,999.920785543242,2.360063717689015e-08
0.005032,0.01515625,0.303125,999.9168120290353,2.392841857156653e-08
0.005032,0.015260416666666669,0.30520833333333336,999.9126483098976,2.4258460527585065e-08
0.005032,0.015364583333333334,0.3072916666666667,999.9082858122534,2.4590763044945754e-08
0.005032,0.01546875,0.30937499999999996,999.9037156047626,2.492532612364987e-08
0.005032,0.015572916666666667,0.31145833333333334,999.8989283848529,2.526214976369572e-08
0.005032,0.015677083333333335,0.31354166666666666,999.8939144648153,2.560123396508556e-08
0.005032,0.015781250000000004,0.31562500000000004,999.8886637574534,2.5942578727816002e-08
0.005032,0.015885416666666666,0.3177083333333333,999.8831657612739,2.6286184051890294e-08
0.005032,0.015989583333333335,0.3197916666666667,999.8774095452068,2.663204993730759e-08
0.005032,0.016093750000000004,0.3218750000000001,999.8713837328467,2.6980176384066193e-08
0.005032,0.016197916666666666,0.3239583333333333,999.8650764861994,2.73305633921678e-08
0.005032,0.016302083333333335,0.3260416666666667,999.8584754889271,2.768321096161241e-08
0.005032,0.01640625,0.328125,999.8515679290756,2.8038119092400304e-08
0.005032,0.016510416666666666,0.3302083333333333,999.8443404812797,2.839528778452894e-08
0.005032,0.016614583333333335,0.3322916666666667,999.836779288424,2.875471703800143e-08
0.005032,0.01671875,0.334375,999.8288699427585,2.911640685281692e-08
0.005032,0.016822916666666667,0.3364583333333333,999.8205974664486,2.9480357228973435e-08
0.005032,0.016927083333333336,0.3385416666666667,999.8119462915514,2.9846568166473517e-08
0.005032,0.01703125,0.340625,999.802900239409,3.021503966531717e-08
0.005032,0.017135416666666667,0.34270833333333334,999.7934424994404,3.0585771725501285e-08
0.005032,0.017239583333333336,0.3447916666666667,999.7835556073243,3.0958764347028965e-08
0.005032,0.01734375,0.346875,999.7732214225628,3.133401752990049e-08
0.005032,0.017447916666666667,0.3489583333333333,999.7624211054053,3.17115312741122e-08
0.005032,0.017552083333333336,0.3510416666666667,999.7511350931346,3.209130557966776e-08
0.005032,0.01765625,0.35312499999999997,999.7393430756874,3.247334044656604e-08
0.005032,0.017760416666666667,0.35520833333333335,999.7270239706103,3.285763587480789e-08
0.005032,0.017864583333333336,0.35729166666666673,999.7141558973343,3.3244191864390195e-08
0.005032,0.01796875,0.35937499999999994,999.7007161507529,3.363300841531607e-08
0.005032,0.018072916666666668,0.3614583333333333,999.6866811741003,3.4024085527585514e-08
0.005032,0.018177083333333337,0.3635416666666667,999.6720265311109,3.44174232011957e-08
0.005032,0.01828125,0.365625,999.6567268774517,3.481302143614945e-08
0.005032,0.018385416666666668,0.36770833333333336,999.6407559314166,3.5210880232446777e-08
0.005032,0.018489583333333337,0.36979166666666674,999.624086443872,3.561099959008456e-08
0.005032,0.01859375,0.37187499999999996,999.6066901674409,3.601337950906591e-08
0.005032,0.018697916666666668,0.37395833333333334,999.5885378249176,3.641801998939139e-08
0.005032,0.018802083333333337,0.3760416666666667,999.5695990769028,3.682492103105649e-08
0.005032,0.01890625,0.378125,999.5498424886425,3.7234082634066e-08
0.005032,0.01901041666666667,0.38020833333333337,999.5292354960711,3.7645504798417954e-08
0.005032,0.019114583333333334,0.38229166666666664,999.5077443710426,3.805918752411347e-08
0.005032,0.01921875,0.38437499999999997,999.4853341857419,3.847513081114945e-08
0.005032,0.01932291666666667,0.38645833333333335,999.4619687762703,3.889333465952871e-08
0.005032,0.019427083333333334,0.3885416666666667,999.4376107053896,3.931379906925267e-08
0.005032,0.01953125,0.390625,999.4122212244276,3.9736524040315963e-08
0.005032,0.01963541666666667,0.3927083333333334,999.3857602343281,4.016150957272339e-08
0.005032,0.019739583333333335,0.39479166666666665,999.3581862458426,4.058875566647438e-08
0.005032,0.01984375,0.396875,999.3294563388565,4.10182623215664e-08
0.005032,0.01994791666666667,0.39895833333333336,999.2995261208456,4.145002953800114e-08
0.005032,0.020052083333333335,0.4010416666666667,999.2683496844513,4.188405731578029e-08
0.005032,0.02015625,0.403125,999.2358795641795,4.2320345654898775e-08
0.005032,0.02026041666666667,0.4052083333333334,999.2020666922085,4.275889455536224e-08
0.005032,0.020364583333333332,0.4072916666666666,999.1668603533104,4.319970401716786e-08
0.005032,0.02046875,0.409375,999.1302081388774,4.364277404031733e-08
0.005032,0.02057291666666667,0.41145833333333337,999.0920559000557,4.40881046248067e-08
0.005032,0.020677083333333332,0.41354166666666664,999.0523476999821,4.4535695770639914e-08
0.005032,0.02078125,0.415625,999.0110257651211,4.498554747781754e-08
0.005032,0.02088541666666667,0.4177083333333334,998.9680304357103,4.543765974633451e-08
0.005032,0.020989583333333332,0.4197916666666666,998.9233001153057,4.5892032576195316e-08
0.005032,0.02109375,0.421875,998.8767712194337,4.634866596740111e-08
0.005032,0.02119791666666667,0.4239583333333334,998.8283781233537,4.6807559919945106e-08
0.005032,0.021302083333333333,0.42604166666666665,998.7780531089311,4.7268714433834645e-08
0.005032,0.02140625,0.42812500000000003,998.7257263106297,4.773212950906747e-08
0.005032,0.02151041666666667,0.4302083333333334,998.6713256606242,4.819780514564019e-08
0.005032,0.021614583333333333,0.43229166666666663,998.6147768330469,4.8665741343556193e-08
0.005032,0.021718750000000002,0.434375,998.5560031873673,4.9135938102816046e-08
0.005032,0.021822916666666668,0.43645833333333334,998.4949257109232,4.9608395423419184e-08
0.005032,0.021927083333333333,0.43854166666666666,998.4314629606068,5.0083113305362225e-08
0.005032,0.022031250000000002,0.44062500000000004,998.365531003719,5.056009174864911e-08
0.005032,0.022135416666666668,0.4427083333333333,998.2970433580055,5.103933075328041e-08
0.005032,0.022239583333333333,0.44479166666666664,998.2259109308914,5.1520830319251046e-08
0.005032,0.022343750000000002,0.446875,998.1520419579209,5.200459044656609e-08
0.005032,0.022447916666666668,0.44895833333333335,998.0753419404322,5.249061113522499e-08
0.005032,0.022552083333333334,0.4510416666666667,997.9957135824693,5.297889238522322e-08
0.005032,0.022656250000000003,0.45312500000000006,997.9130567269672,5.346943419656586e-08
0.005032,0.02276041666666667,0.4552083333333333,997.8272682912192,5.396223656925292e-08
0.005032,0.022864583333333334,0.45729166666666665,997.7382422016542,5.445729950327875e-08
0.005032,0.022968750000000003,0.45937500000000003,997.6458693279463,5.495462299864899e-08
0.005032,0.02307291666666667,0.46145833333333336,997.5500374164839,5.545420705536421e-08
0.005032,0.023177083333333334,0.4635416666666667,997.4506310232273,5.595605167341763e-08
0.005032,0.023281250000000003,0.46562500000000007,997.3475314459762,5.646015685281546e-08
0.005032,0.023385416666666665,0.4677083333333333,997.2406166560859,5.696652259355659e-08
0.005032,0.023489583333333335,0.46979166666666666,997.1297612296642,5.747514889564156e-08
0.005032,0.023593750000000004,0.47187500000000004,997.0148362782757,5.7986035759065864e-08
0.005032,0.023697916666666666,0.4739583333333333,996.8957093791968,5.849918318383458e-08
0.005032,0.023802083333333335,0.4760416666666667,996.7722445052555,5.901459116994715e-08
0.005032,0.023906250000000004,0.4781250000000001,996.6443019542979,5.953225971739905e-08
0.005032,0.024010416666666666,0.4802083333333333,996.5117382783218,6.005218882619536e-08
0.005032,0.024114583333333335,0.4822916666666667,996.3744062123177,6.057437849633666e-08
0.005032,0.024218750000000004,0.48437500000000006,996.2321546028668,6.109882872781558e-08
0.005032,0.024322916666666666,0.4864583333333333,996.0848283365438,6.16255395206395e-08
0.005032,0.024427083333333335,0.4885416666666667,995.9322682681643,6.215451087480896e-08
0.005032,0.024531250000000004,0.4906250000000001,995.7743111489447,6.268574279031548e-08
0.005032,0.024635416666666667,0.4927083333333333,995.6107895546081,6.321923526716756e-08
0.005032,0.024739583333333336,0.4947916666666667,995.4415318135076,6.375498830536234e-08
0.005032,0.02484375,0.496875,995.2663619348136,6.429300190490099e-08
0.005032,0.024947916666666667,0.49895833333333334,995.085099536831,6.483327606577895e-08
0.005032,0.025052083333333336,0.5010416666666667,994.897559775503,6.537581078800022e-08
0.005032,0.02515625,0.503125,994.7035532731664,6.592060607156815e-08
0.005032,0.025260416666666667,0.5052083333333333,994.5028860476223,6.646766191647259e-08
0.005032,0.025364583333333336,0.5072916666666667,994.2953594415942,6.70169783227237e-08
0.005032,0.025468750000000002,0.509375,994.0807700526374,6.756855529031811e-08
0.005032,0.025572916666666667,0.5114583333333333,993.8589096635734,6.812239281925015e-08
0.005032,0.025677083333333336,0.5135416666666667,993.6295651735225,6.867849090952886e-08
0.005032,0.025781250000000002,0.515625,993.3925185296129,6.923684956115198e-08
0.005032,0.025885416666666668,0.5177083333333333,993.147546659438,6.97974687741116e-08
0.005032,0.025989583333333337,0.5197916666666667,992.8944214043481,7.036034854841792e-08
0.005032,0.02609375,0.521875,992.6329094536547,7.092548888406525e-08
0.005032,0.026197916666666668,0.5239583333333333,992.362772279829,7.149288978105813e-08
0.005032,0.026302083333333337,0.5260416666666667,992.0837660747864,7.206255123938978e-08
0.005032,0.02640625,0.528125,991.7956416873382,7.263447325906583e-08
0.005032,0.026510416666666668,0.5302083333333333,991.4981445619031,7.320865584008631e-08
0.005032,0.026614583333333337,0.5322916666666667,991.1910146785723,7.378509898244554e-08
0.005032,0.02671875,0.5343749999999999,990.8739864946132,7.43638026861492e-08
0.005032,0.02682291666666667,0.5364583333333334,990.5467888875176,7.494476695119727e-08
0.005032,0.026927083333333338,0.5385416666666667,990.2091450996809,7.55279917775841e-08
0.005032,0.02703125,0.5406249999999999,989.8607726848204,7.611347716531649e-08
0.005032,0.02713541666666667,0.5427083333333333,989.501383456222,7.670122311439215e-08
0.005032,0.027239583333333338,0.5447916666666667,989.1306834369292,7.729122962480546e-08
0.005032,0.02734375,0.546875,988.7483728119655,7.788349669656657e-08
0.005032,0.02744791666666667,0.5489583333333333,988.354145882707,7.847802432966643e-08
0.005032,0.027552083333333335,0.5510416666666667,987.9476910235006,7.907481252411525e-08
0.005032,0.02765625,0.553125,987.5286906406418,7.967386127989829e-08
0.005032,0.02776041666666667,0.5552083333333333,987.0968211338213,8.027517059702915e-08
0.005032,0.027864583333333335,0.5572916666666666,986.6517528601446,8.08787404755033e-08
0.005032,0.02796875,0.559375,986.193150100843,8.148457091531509e-08
0.005032,0.02807291666666667,0.5614583333333334,985.7206710307844,8.209266191647354e-08
0.005032,0.028177083333333335,0.5635416666666667,985.2339676908955,8.270301347897527e-08
0.005032,0.02828125,0.5656249999999999,984.7326859636132,8.331562560281578e-08
0.005032,0.02838541666666667,0.5677083333333334,984.2164655514791,8.393049828800071e-08
0.005032,0.028489583333333336,0.5697916666666667,983.6849399589889,8.454763153453117e-08
0.005032,0.02859375,0.571875,983.1377364778181,8.516702534239815e-08
0.005032,0.02869791666666667,0.5739583333333333,982.574476175536,8.57886797116118e-08
0.005032,0.028802083333333332,0.5760416666666666,981.9947738879264,8.641259464216759e-08
0.005032,0.02890625,0.578125,981.3982382150336,8.703877013406895e-08
0.005032,0.02901041666666667,0.5802083333333333,980.7844715210465,8.766720618730567e-08
0.005032,0.029114583333333333,0.5822916666666667,980.1530699381417,8.82979028018902e-08
0.005032,0.02921875,0.584375,979.5036233744011,8.8930859977818e-08
0.005032,0.02932291666666667,0.5864583333333334,978.8357155259191,8.956607771508346e-08
0.005032,0.029427083333333333,0.5885416666666666,978.1489238932173,9.020355601369559e-08
0.005032,0.029531250000000002,0.590625,977.4428198020812,9.084329487365213e-08
0.005032,0.02963541666666667,0.5927083333333334,976.7169684289329,9.148529429494518e-08
0.005032,0.029739583333333333,0.5947916666666666,975.9709288308559,9.212955427758376e-08
0.005032,0.029843750000000002,0.596875,975.2042539803817,9.277607482156791e-08
0.005032,0.02994791666666667,0.5989583333333334,974.4164908051514,9.342485592688967e-08
0.005032,0.030052083333333333,0.6010416666666666,973.6071802325639,9.407589759355586e-08
0.005032,0.030156250000000002,0.603125,972.7758572395161,9.472919982156533e-08
0.005032,0.030260416666666668,0.6052083333333333,971.9220509073449,9.538476261092148e-08
0.005032,0.030364583333333334,0.6072916666666667,971.0452844820754,9.604258596161075e-08
0.005032,0.030468750000000003,0.609375,970.1450754400769,9.670266987364895e-08
0.005032,0.03057291666666667,0.6114583333333333,969.2209355592308,9.736501434703157e-08
0.005032,0.030677083333333334,0.6135416666666667,968.2723709957088,9.802961938175069e-08
0.005032,0.030781250000000003,0.615625,967.2988823664522,9.869648497781536e-08
0.005032,0.03088541666666667,0.6177083333333333,966.2999648374538,9.936561113522669e-08
0.005032,0.030989583333333334,0.6197916666666666,965.2751082179265,1.0003699785397228e-07
0.005032,0.031093750000000003,0.6218750000000001,964.2237970604498,1.0071064513406568e-07
0.005032,0.031197916666666665,0.6239583333333333,963.1455107671791,1.0138655297550009e-07
0.005032,0.031302083333333335,0.6260416666666666,962.0397237021921,1.0206472137828118e-07
0.005032,0.031406250000000004,0.628125,960.9059053100617,1.027451503424033e-07
0.005032,0.031510416666666666,0.6302083333333333,959.7435202407142,1.0342783986785854e-07
0.005032,0.031614583333333335,0.6322916666666667,958.5520284806564,1.0411278995466949e-07
0.005032,0.031718750000000004,0.634375,957.3308854906257,1.0480000060281807e-07
0.005032,0.03182291666666667,0.6364583333333335,956.0795423497339,1.0548947181230429e-07
0.005032,0.031927083333333335,0.6385416666666667,954.797445906151,1.0618120358314171e-07
0.005032,0.032031250000000004,0.640625,953.4840389343916,1.0687519591531901e-07
0.005032,0.032135416666666666,0.6427083333333333,952.1387602992436,1.0757144880882945e-07
0.005032,0.032239583333333335,0.6447916666666667,950.7610451263821,1.0826996226370011e-07
0.005032,0.032343750000000004,0.6468750000000001,949.350324979711,1.0897073627989485e-07
0.005032,0.03244791666666667,0.6489583333333333,947.9060280454534,1.0967377085744755e-07
0.005032,0.032552083333333336,0.6510416666666666,946.4275793230271,1.103790659963379e-07
0.005032,0.03265625,0.653125,944.9144008227191,1.1108662169656136e-07
0.005032,0.03276041666666667,0.6552083333333333,943.3659117701744,1.117964379581428e-07
0.005032,0.032864583333333336,0.6572916666666667,941.7815288177085,1.1250851478105962e-07
0.005032,0.032968750000000005,0.659375,940.160666262444,1.1322285216531181e-07
0.005032,0.03307291666666667,0.6614583333333333,938.502736271268,1.1393945011091971e-07
0.005032,0.033177083333333336,0.6635416666666667,936.8071491125977,1.1465830861786751e-07
0.005032,0.03328125,0.6656249999999999,935.07331339494,1.1537942768614391e-07
0.005032,0.03338541666666667,0.6677083333333333,933.300636312213,1.1610280731578055e-07
0.005032,0.033489583333333336,0.6697916666666667,931.488523895809,1.1682844750675481e-07
0.005032,0.033593750000000006,0.6718750000000001,929.6363812733496,1.175563482590622e-07
0.005032,0.03369791666666667,0.6739583333333333,927.7436129340941,1.1828650957272528e-07
0.005032,0.03380208333333334,0.6760416666666667,925.8096230009442,1.1901893144772828e-07
0.005032,0.03390625,0.678125,923.8338155089873,1.1975361388405988e-07
0.005032,0.03401041666666667,0.6802083333333333,921.8155946905094,1.2049055688175396e-07
0.005032,0.03411458333333334,0.6822916666666667,919.7543652663966,1.212297604407834e-07
0.005032,0.034218750000000006,0.6843750000000001,917.6495327438522,1.2197122456114373e-07
0.005032,0.03432291666666667,0.6864583333333333,915.5005037203271,1.2271494924286653e-07
0.005032,0.03442708333333334,0.6885416666666667,913.3066861935704,1.234609344859202e-07
0.005032,0.03453125,0.6906249999999999,911.0674898776941,1.242091802903115e-07
0.005032,0.03463541666666667,0.6927083333333334,908.7823265251263,1.2495968665605852e-07
0.005032,0.03473958333333334,0.6947916666666667,906.4506102543462,1.2571245358314543e-07
0.005032,0.03484375000000001,0.6968750000000001,904.0717578832507,1.2646748107156093e-07
0.005032,0.03494791666666667,0.6989583333333333,901.6451892680305,1.272247691213367e-07
0.005032,0.03505208333333333,0.7010416666666666,899.1703276473899,1.27984317732441e-07
0.005032,0.03515625,0.703125,896.6465999919708,1.2874612690490106e-07
0.005032,0.03526041666666667,0.7052083333333333,894.0734373588032,1.29510196638701e-07
0.005032,0.03536458333333334,0.7072916666666668,891.450275250619,1.302765269338273e-07
0.005032,0.03546875,0.709375,888.7765539798417,1.310451177903206e-07
0.005032,0.03557291666666667,0.7114583333333333,886.0517190370647,1.318159692081425e-07
0.005032,0.03567708333333333,0.7135416666666666,883.2752214638251,1.3258908118730204e-07
0.005032,0.03578125,0.715625,880.4465182294598,1.3336445372781952e-07
0.005032,0.03588541666666667,0.7177083333333334,877.5650726118373,1.3414208682967015e-07
0.005032,0.03598958333333334,0.7197916666666667,874.6303545817418,1.349219804928584e-07
0.005032,0.03609375,0.7218749999999999,871.6418411906783,1.3570413471740238e-07
0.005032,0.03619791666666667,0.7239583333333334,868.5990169618644,1.3648854950328173e-07
0.005032,0.03630208333333333,0.7260416666666666,865.5013742841636,1.3727522485049645e-07
0.005032,0.03640625,0.728125,862.348413808706,1.3806416075906914e-07
0.005032,0.03651041666666667,0.7302083333333333,859.1396448479402,1.3885535722897723e-07
0.005032,0.03661458333333334,0.7322916666666668,855.8745857768445,1.3964881426021842e-07
0.005032,0.03671875,0.734375,852.5527644360291,1.4044453185281983e-07
0.005032,0.03682291666666667,0.7364583333333333,849.1737185364416,1.4124251000675439e-07
0.005032,0.03692708333333333,0.7385416666666667,845.7369960653969,1.4204274872202204e-07
0.005032,0.03703125,0.740625,842.2421556936247,1.4284524799865444e-07
0.005032,0.03713541666666667,0.7427083333333334,838.6887671830473,1.4365000783661544e-07
0.005032,0.03723958333333334,0.7447916666666667,835.0764117949676,1.4445702823591183e-07
0.005032,0.03734375,0.746875,831.4046826983661,1.452663091965707e-07
0.005032,0.03744791666666667,0.7489583333333334,827.6731853779758,1.4607785071856045e-07
0.005032,0.03755208333333333,0.7510416666666666,823.8815380418241,1.4689165280188328e-07
0.005032,0.03765625,0.753125,820.0293720278991,1.4770771544656862e-07
0.005032,0.03776041666666667,0.7552083333333334,816.116332209615,1.4852603865258936e-07
0.005032,0.03786458333333334,0.7572916666666668,812.1420773997337,1.4934662241993866e-07
0.005032,0.03796875,0.759375,808.1062807523966,1.50169466748655e-07
0.005032,0.038072916666666665,0.7614583333333332,804.0086301629239,1.509945716386886e-07
0.005032,0.038177083333333334,0.7635416666666667,799.8488286650243,1.51821937090087e-07
0.005032,0.03828125,0.765625,795.6265948250685,1.5265156310282076e-07
0.005032,0.03838541666666667,0.7677083333333334,791.3416631330554,1.534834496768831e-07
0.005032,0.038489583333333334,0.7697916666666667,786.9937843899211,1.5431759681231247e-07
0.005032,0.03859375,0.771875,782.5827260908238,1.5515400450906818e-07
0.005032,0.038697916666666665,0.7739583333333333,778.1082728040362,1.559926727671615e-07
0.005032,0.038802083333333334,0.7760416666666666,773.5702265450808,1.5683360158661735e-07
0.005032,0.03890625,0.7781250000000001,768.9684071457417,1.5767679096740403e-07
0.005032,0.03901041666666667,0.7802083333333334,764.3026526175762,1.5852224090952158e-07
0.005032,0.039114583333333335,0.7822916666666666,759.5728195095634,1.5936995141300613e-07
0.005032,0.039218750000000004,0.784375,754.778783259513,1.6021992247781928e-07
0.005032,0.039322916666666666,0.7864583333333333,749.9204385388731,1.6107215410396782e-07
0.005032,0.039427083333333335,0.7885416666666667,744.9976995905525,1.619266462914743e-07
0.005032,0.039531250000000004,0.790625,740.0105005594083,1.6278339904032073e-07
0.005032,0.03963541666666667,0.7927083333333335,734.9587958150131,1.63642412350498e-07
0.005032,0.039739583333333335,0.7947916666666667,729.8425602663488,1.645036862220332e-07
0.005032,0.039843750000000004,0.796875,724.6617896680589,1.653672206548993e-07
0.005032,0.039947916666666666,0.7989583333333333,719.4165009179019,1.662330156491098e-07
0.005032,0.040052083333333335,0.8010416666666667,714.106732345044,1.6710107120466923e-07
0.005032,0.040156250000000004,0.8031250000000001,708.7325439888448,1.6797138732157308e-07
0.005032,0.040260416666666674,0.8052083333333334,703.2940178677793,1.6884396399979875e-07
0.005032,0.040364583333333336,0.8072916666666666,697.7912582381576,1.6971880123939145e-07
0.005032,0.040468750000000005,0.8093750000000001,692.2243918422951,1.7059589904032401e-07
0.005032,0.04057291666666667,0.8114583333333333,686.5935681458086,1.714752574025739e-07
0.005032,0.040677083333333336,0.8135416666666667,680.8989595636984,1.723568763261998e-07
0.005032,0.040781250000000005,0.815625,675.1407616749035,1.7324075581114304e-07
0.005032,0.04088541666666667,0.8177083333333333,669.3191934250057,1.7412689585744878e-07
0.005032,0.040989583333333336,0.8197916666666667,663.4344973167787,1.7501529646508985e-07
0.005032,0.04109375,0.8218749999999999,657.486939588283,1.7590595763406183e-07
0.005032,0.04119791666666667,0.8239583333333333,651.4768103782036,1.7679887936439175e-07
0.005032,0.041302083333333336,0.8260416666666667,645.4044238781581,1.7769406165606157e-07
0.005032,0.041406250000000006,0.8281250000000001,639.2701184716883,1.7859150450905774e-07
0.005032,0.04151041666666667,0.8302083333333333,633.0742568596745,1.794912079234254e-07
0.005032,0.04161458333333334,0.8322916666666667,626.8172261719105,1.8039317189911492e-07
0.005032,0.04171875,0.834375,620.4994380646001,1.8129739643614432e-07
0.005032,0.04182291666666667,0.8364583333333333,614.1213288035227,1.822038815345317e-07
0.005032,0.04192708333333334,0.8385416666666667,607.6833593326613,1.8311262719425446e-07
0.005032,0.042031250000000006,0.8406250000000001,601.186015328059,1.840236334153081e-07
0.005032,0.04213541666666667,0.8427083333333333,594.6298072367146,1.849369001977287e-07
0.005032,0.04223958333333334,0.8447916666666667,588.0152703003115,1.858524275414802e-07
0.005032,0.04234375,0.8468749999999999,581.3429645636179,1.86770215446558e-07
0.005032,0.04244791666666667,0.8489583333333334,574.6134748673697,1.8769026391300282e-07
0.005032,0.04255208333333334,0.8510416666666667,567.827410825501,1.8861257294078756e-07
0.005032,0.04265625000000001,0.8531250000000001,560.985406786567,1.895371425298896e-07
0.005032,0.04276041666666667,0.8552083333333333,554.0881217792387,1.9046397268036766e-07
0.005032,0.04286458333333334,0.8572916666666667,547.136239441749,1.9139306339217206e-07
0.005032,0.04296875,0.859375,540.1304679351995,1.9232441466530734e-07
0.005032,0.04307291666666667,0.8614583333333333,533.0715398406275,1.9325802649981414e-07
0.005032,0.04317708333333334,0.8635416666666668,525.9602120397748,1.9419389889564276e-07
0.005032,0.04328125000000001,0.8656250000000001,518.7972655794931,1.9513203185280676e-07
0.005032,0.04338541666666667,0.8677083333333333,511.583505519743,1.9607242537134228e-07
0.005032,0.04348958333333333,0.8697916666666666,504.31976076516366,1.970150794511861e-07
0.005032,0.04359375,0.871875,497.0068838801977,1.979599940924059e-07
0.005032,0.04369791666666667,0.8739583333333334,489.6457508877753,1.9890716929494757e-07
0.005032,0.04380208333333334,0.8760416666666667,482.23726105157317,1.9985660505882912e-07
0.005032,0.04390625,0.8781249999999999,474.78233664188565,2.0080830138406865e-07
0.005032,0.04401041666666667,0.8802083333333334,467.28192268515267,2.0176225827064356e-07
0.005032,0.04411458333333333,0.8822916666666666,459.7369866972192,2.0271847571854933e-07
0.005032,0.04421875,0.884375,452.14851840039154,2.0367695372782208e-07
0.005032,0.04432291666666667,0.8864583333333333,444.5175294244043,2.046376922984212e-07
0.005032,0.04442708333333334,0.8885416666666668,436.8450529913965,2.056006914303557e-07
0.005032,0.04453125,0.890625,429.1321435850333,2.0656595112365265e-07
0.005032,0.04463541666666667,0.8927083333333333,421.37987660391155,2.0753347137828502e-07
0.005032,0.04473958333333333,0.8947916666666667,413.589347999418,2.0850325219424372e-07
0.005032,0.04484375,0.896875,405.7616738982018,2.094752935715694e-07
0.005032,0.04494791666666667,0.8989583333333334,397.89799020946595,2.104495955102305e-07
0.005032,0.04505208333333334,0.9010416666666667,389.9994522172752,2.114261580102134e-07
0.005032,0.04515625,0.903125,382.0672341581056,2.1240498107157234e-07
0.005032,0.04526041666666667,0.9052083333333334,374.1025287838702,2.1338606469425763e-07
0.005032,0.04536458333333333,0.9072916666666666,366.1065469106805,2.1436940887826928e-07
0.005032,0.04546875,0.909375,358.08051695359615,2.1535501362365242e-07
0.005032,0.04557291666666667,0.9114583333333334,350.02568444766246,2.1634287893037096e-07
0.005032,0.04567708333333334,0.9135416666666668,341.9433115555156,2.173330047984068e-07
0.005032,0.04578125,0.915625,333.83467656187554,2.1832539122782318e-07
0.005032,0.04588541666666667,0.9177083333333333,325.70107335524546,2.193200382185614e-07
0.005032,0.045989583333333334,0.9197916666666667,317.5438108971633,2.2031694577063048e-07
0.005032,0.04609375,0.921875,309.36421267934264,2.2131611388407109e-07
0.005032,0.04619791666666667,0.9239583333333334,301.1636161690839,2.2231754255884256e-07
0.005032,0.04630208333333334,0.9260416666666668,292.943372243319,2.2332123179493585e-07
0.005032,0.04640625,0.928125,284.70484461168695,2.2432718159240517e-07
0.005032,0.046510416666666665,0.9302083333333333,276.449409229036,2.2533539195118278e-07
0.005032,0.046614583333333334,0.9322916666666666,268.17845369777126,2.2634586287134095e-07
0.005032,0.04671875,0.9343750000000001,259.89337666046833,2.2735859435282093e-07
0.005032,0.04682291666666667,0.9364583333333334,251.59558718318615,2.2837358639563176e-07
0.005032,0.046927083333333335,0.9385416666666666,243.28650412992837,2.2939083899981415e-07
0.005032,0.047031250000000004,0.940625,234.96755552870331,2.3041035216531832e-07
0.005032,0.047135416666666666,0.9427083333333333,226.6401779296569,2.314321258921579e-07
0.005032,0.047239583333333335,0.9447916666666667,218.30581575573598,2.32456160180369e-07
0.005032,0.047343750000000004,0.946875,209.96592064638338,2.3348245502990644e-07
0.005032,0.04744791666666667,0.9489583333333335,201.62195079473722,2.345110104407702e-07
0.005032,0.047552083333333335,0.9510416666666667,193.275370278845,2.3554182641300552e-07
0.005032,0.047656250000000004,0.953125,184.92764838738725,2.3657490294657168e-07
0.005032,0.047760416666666666,0.9552083333333333,176.5802589404332,2.376102400414642e-07
0.005032,0.047864583333333335,0.9572916666666667,168.234679605729,2.386478376977282e-07
0.005032,0.047968750000000004,0.9593750000000001,159.89239121106021,2.3968769591532307e-07
0.005032,0.048072916666666674,0.9614583333333334,151.5548770531978,2.407298146942398e-07
0.005032,0.048177083333333336,0.9635416666666666,143.223622203971,2.417741940345371e-07
0.005032,0.048281250000000005,0.9656250000000001,134.90011281399399,2.4282083393615617e-07
0.005032,0.04838541666666667,0.9677083333333333,126.5858354145937,2.438697343991016e-07
0.005032,0.048489583333333336,0.9697916666666667,118.28227621846568,2.449208954234231e-07
0.005032,0.048593750000000005,0.971875,109.99092041961583,2.459743170090709e-07
0.005032,0.048697916666666674,0.9739583333333335,101.71325149311888,2.470299991560451e-07
0.005032,0.048802083333333336,0.9760416666666667,93.45075049524596,2.480879418643998e-07
0.005032,0.048906250000000005,0.978125,85.20489536450012,2.4914814513407184e-07
0.005032,0.04901041666666667,0.9802083333333333,76.97716022411323,2.502106089650702e-07
0.005032,0.049114583333333336,0.9822916666666667,68.76901468653297,2.5127533335745364e-07
0.005032,0.049218750000000006,0.9843750000000001,60.581923160457606,2.5234231831114086e-07
0.005032,0.04932291666666667,0.9864583333333333,52.41734416094496,2.534115638261996e-07
0.005032,0.04942708333333334,0.9885416666666667,44.276729623136674,2.5448306990258915e-07
0.005032,0.04953125,0.990625,36.16152422013671,2.555568365403096e-07
0.005032,0.04963541666666667,0.9927083333333333,28.073164685559753,2.5663286373939703e-07
0.005032,0.04973958333333334,0.9947916666666667,20.013079141289968,2.5771115149981084e-07
0.005032,0.049843750000000006,0.9968750000000001,11.982686430955964,2.587916998215555e-07
0.005032,0.04994791666666667,0.9989583333333333,3.9833954596446546,2.598745087046762e-07
0.005067,5.208333333333334e-05,0.0010416666666666667,999.9998729457853,3.7676022376543216e-13
0.005067,0.00015625,0.0031249999999999997,999.9998727106464,2.637321566358025e-12
0.005067,0.00026041666666666666,0.005208333333333333,999.9998722396945,7.158444251543212e-12
0.005067,0.00036458333333333335,0.007291666666666667,999.9998715315367,1.394012827932099e-11
0.005067,0.00046875,0.009375,999.9998705840837,2.2982373649691355e-11
0.005067,0.0005729166666666667,0.011458333333333333,999.9998693945406,3.4285180362654335e-11
0.005067,0.0006770833333333334,0.013541666666666667,999.9998679593982,4.784854841820988e-11
0.005067,0.00078125,0.015625,999.9998662744241,6.367247781635804e-11
0.005067,0.0008854166666666667,0.017708333333333333,999.999864334646,8.175696855709879e-11
0.005067,0.0009895833333333334,0.019791666666666666,999.9998621343398,1.0210202064043203e-10
0.005067,0.00109375,0.021875000000000002,999.999859667011,1.2470763406635805e-10
0.005067,0.0011979166666666666,0.02395833333333333,999.9998569253765,1.4957380883487663e-10
0.005067,0.0013020833333333335,0.026041666666666668,999.9998539013402,1.7670054494598758e-10
0.005067,0.00140625,0.028124999999999997,999.9998505859724,2.0608784239969144e-10
0.005067,0.0015104166666666669,0.030208333333333337,999.9998469694784,2.3773570119598785e-10
0.005067,0.0016145833333333333,0.03229166666666666,999.9998430411728,2.7164412133487647e-10
0.005067,0.0017187500000000002,0.034375,999.9998387894466,3.0781310281635824e-10
0.005067,0.0018229166666666667,0.03645833333333333,999.9998342017307,3.462426456404321e-10
0.005067,0.0019270833333333336,0.03854166666666667,999.999829264461,3.869327498070989e-10
0.005067,0.00203125,0.040625,999.9998239630363,4.298834153163573e-10
0.005067,0.0021354166666666665,0.04270833333333333,999.9998182817747,4.750946421682109e-10
0.005067,0.0022395833333333334,0.04479166666666667,999.9998122038681,5.225664303626536e-10
0.005067,0.0023437500000000003,0.04687500000000001,999.9998057113319,5.722987798996925e-10
0.005067,0.002447916666666667,0.04895833333333333,999.9997987849522,6.242916907793205e-10
0.005067,0.0025520833333333333,0.051041666666666666,999.9997914042275,6.785451630015442e-10
0.005067,0.00265625,0.053125,999.9997835473097,7.350591965663565e-10
0.005067,0.002760416666666667,0.05520833333333334,999.99977519094,7.938337914737678e-10
0.005067,0.0028645833333333336,0.05729166666666667,999.9997663103795,8.548689477237637e-10
0.005067,0.00296875,0.059375,999.9997568793385,9.18164665316361e-10
0.005067,0.003072916666666667,0.06145833333333334,999.9997468698973,9.837209442515417e-10
0.005067,0.003177083333333334,0.06354166666666668,999.9997362524276,1.0515377845293237e-09
0.005067,0.0032812500000000003,0.065625,999.9997249955047,1.1216151861496883e-09
0.005067,0.0033854166666666668,0.06770833333333333,999.9997130658166,1.1939531491126517e-09
0.005067,0.0034895833333333333,0.06979166666666665,999.999700428069,1.2685516734182142e-09
0.005067,0.00359375,0.071875,999.999687044881,1.345410759066356e-09
0.005067,0.003697916666666667,0.07395833333333333,999.9996728766815,1.424530406057101e-09
0.005067,0.0038020833333333335,0.07604166666666666,999.9996578815915,1.5059106143904297e-09
0.005067,0.00390625,0.078125,999.9996420153086,1.5895513840663619e-09
0.005067,0.004010416666666667,0.08020833333333334,999.9996252309779,1.6754527150848731e-09
0.005067,0.004114583333333333,0.08229166666666665,999.9996074790614,1.7636146074459857e-09
0.005067,0.00421875,0.084375,999.9995887071947,1.8540370611497038e-09
0.005067,0.004322916666666668,0.08645833333333335,999.9995688600418,1.9467200761959833e-09
0.005067,0.004427083333333333,0.08854166666666666,999.9995478791407,2.0416636525848733e-09
0.005067,0.0045312500000000006,0.09062500000000001,999.9995257027352,2.138867790316355e-09
0.005067,0.004635416666666667,0.09270833333333334,999.9995022656083,2.2383324893904475e-09
0.005067,0.0047395833333333335,0.09479166666666666,999.9994774988943,2.3400577498070924e-09
0.005067,0.004843750000000001,0.09687500000000002,999.999451329893,2.444043571566356e-09
0.005067,0.0049479166666666664,0.09895833333333333,999.9994236818668,2.5502899546682077e-09
0.005067,0.005052083333333334,0.10104166666666667,999.99939447383,2.658796899112643e-09
0.005067,0.00515625,0.103125,999.9993636203266,2.7695644048997107e-09
0.005067,0.005260416666666667,0.10520833333333333,999.9993310311969,2.8825924720293132e-09
0.005067,0.005364583333333334,0.10729166666666667,999.9992966113317,2.997881100501539e-09
0.005067,0.00546875,0.10937499999999999,999.9992602604157,3.1154302903163524e-09
0.005067,0.005572916666666667,0.11145833333333334,999.9992218726547,3.2352400414737896e-09
0.005067,0.005677083333333334,0.11354166666666668,999.9991813364918,3.3573103539737616e-09
0.005067,0.00578125,0.11562499999999999,999.9991385343113,3.481641227816348e-09
0.005067,0.005885416666666667,0.11770833333333335,999.9990933421205,3.6082326630015406e-09
0.005067,0.005989583333333334,0.11979166666666667,999.999045629224,3.737084659529347e-09
0.005067,0.00609375,0.121875,999.9989952578745,3.86819721739968e-09
0.005067,0.0061979166666666675,0.12395833333333335,999.998942082913,4.001570336612654e-09
0.005067,0.006302083333333333,0.12604166666666666,999.9988859513868,4.137204017168198e-09
0.005067,0.0064062500000000005,0.128125,999.9988267021494,4.275098259066392e-09
0.005067,0.006510416666666668,0.13020833333333334,999.9987641654425,4.415253062307077e-09
0.005067,0.006614583333333333,0.13229166666666667,999.9986981624563,4.557668426890429e-09
0.005067,0.006718750000000001,0.134375,999.9986285048678,4.70234435281636e-09
0.005067,0.006822916666666666,0.13645833333333332,999.9985549943583,4.8492808400848535e-09
0.005067,0.006927083333333334,0.13854166666666667,999.998477422107,4.9984778886960314e-09
0.005067,0.007031250000000001,0.140625,999.9983955682608,5.149935498649682e-09
0.005067,0.007135416666666667,0.14270833333333333,999.9983092013749,5.303653669945966e-09
0.005067,0.007239583333333334,0.14479166666666668,999.9982180778346,5.4596324025848815e-09
0.005067,0.0073437500000000005,0.146875,999.9981219412406,5.617871696566394e-09
0.005067,0.007447916666666667,0.14895833333333333,999.998020521771,5.7783715518904144e-09
0.005067,0.007552083333333334,0.15104166666666669,999.9979135355126,5.941131968557085e-09
0.005067,0.00765625,0.15312499999999998,999.9978006837573,6.106152946566353e-09
0.005067,0.007760416666666667,0.15520833333333334,999.9976816522693,6.273434485918199e-09
0.005067,0.007864583333333335,0.1572916666666667,999.997556110516,6.442976586612696e-09
0.005067,0.00796875,0.159375,999.9974237108638,6.614779248649736e-09
0.005067,0.008072916666666667,0.16145833333333334,999.9972840877372,6.788842472029249e-09
0.005067,0.008177083333333335,0.1635416666666667,999.9971368567354,6.965166256751589e-09
0.005067,0.00828125,0.165625,999.9969816137146,7.143750602816296e-09
0.005067,0.008385416666666666,0.16770833333333332,999.9968179338225,7.324595510223794e-09
0.005067,0.008489583333333335,0.1697916666666667,999.9966453704911,7.507700978973836e-09
0.005067,0.00859375,0.171875,999.9964634543835,7.693067009066281e-09
0.005067,0.008697916666666666,0.17395833333333333,999.9962716922929,7.880693600501587e-09
0.005067,0.008802083333333334,0.17604166666666665,999.9960695659915,8.070580753279225e-09
0.005067,0.008906250000000001,0.178125,999.9958565310277,8.26272846739976e-09
0.005067,0.009010416666666667,0.18020833333333333,999.9956320154683,8.457136742862698e-09
0.005067,0.009114583333333334,0.18229166666666666,999.9953954185886,8.653805579668144e-09
0.005067,0.009218750000000001,0.184375,999.9951461094967,8.852734977816417e-09
0.005067,0.009322916666666667,0.18645833333333334,999.9948834257063,9.053924937307163e-09
0.005067,0.009427083333333334,0.18854166666666666,999.9946066716382,9.257375458140312e-09
0.005067,0.009531250000000002,0.19062500000000002,999.99431511706,9.463086540316427e-09
0.005067,0.009635416666666667,0.19270833333333334,999.9940079954569,9.67105818383477e-09
0.005067,0.009739583333333333,0.19479166666666664,999.9936845023321,9.88129038869608e-09
0.005067,0.009843750000000002,0.19687500000000002,999.9933437934319,1.009378315489972e-08
0.005067,0.009947916666666667,0.19895833333333335,999.992984982894,1.0308536482445941e-08
0.005067,0.010052083333333333,0.20104166666666665,999.9926071413183,1.0525550371334883e-08
0.005067,0.01015625,0.203125,999.9922092937534,1.0744824821566263e-08
0.005067,0.010260416666666668,0.20520833333333335,999.9917904175958,1.0966359833140502e-08
0.005067,0.010364583333333333,0.20729166666666665,999.9913494404034,1.1190155406057182e-08
0.005067,0.01046875,0.209375,999.9908852376121,1.1416211540316228e-08
0.005067,0.010572916666666668,0.21145833333333336,999.9903966301608,1.1644528235918276e-08
0.005067,0.010677083333333334,0.21354166666666666,999.9898823820118,1.1875105492862764e-08
0.005067,0.010781250000000001,0.215625,999.9893411975723,1.2107943311149548e-08
0.005067,0.010885416666666668,0.21770833333333336,999.9887717190055,1.2343041690779405e-08
0.005067,0.010989583333333334,0.21979166666666666,999.9881725234326,1.2580400631751417e-08
0.005067,0.01109375,0.221875,999.9875421200163,1.2820020134066432e-08
0.005067,0.011197916666666669,0.22395833333333337,999.986878946929,1.3061900197723885e-08
0.005067,0.011302083333333334,0.22604166666666667,999.9861813681947,1.3306040822723636e-08
0.005067,0.01140625,0.228125,999.985447670402,1.3552442009066458e-08
0.005067,0.011510416666666669,0.23020833333333338,999.9846760592858,1.380110375675165e-08
0.005067,0.011614583333333334,0.23229166666666667,999.9838646561708,1.4052026065779137e-08
0.005067,0.01171875,0.234375,999.9830114942736,1.4305208936149768e-08
0.005067,0.011822916666666667,0.23645833333333333,999.982114514854,1.4560652367862555e-08
0.005067,0.011927083333333335,0.23854166666666668,999.9811715632175,1.4818356360918274e-08
0.005067,0.01203125,0.240625,999.9801803845597,1.5078320915316502e-08
0.005067,0.012135416666666668,0.24270833333333333,999.9791386196439,1.5340546031056886e-08
0.005067,0.012239583333333335,0.24479166666666669,999.978043800316,1.5605031708140554e-08
0.005067,0.01234375,0.246875,999.9768933448373,1.5871777946566237e-08
0.005067,0.012447916666666666,0.2489583333333333,999.9756845530449,1.6140784746334993e-08
0.005067,0.012552083333333335,0.25104166666666666,999.9744146013189,1.6412052107446045e-08
0.005067,0.01265625,0.253125,999.9730805373632,1.6685580029899538e-08
0.005067,0.012760416666666666,0.2552083333333333,999.9716792747824,1.6961368513696032e-08
0.005067,0.012864583333333336,0.2572916666666667,999.9702075874567,1.7239417558835103e-08
0.005067,0.012968750000000001,0.259375,999.968662103703,1.751972716531619e-08
0.005067,0.013072916666666667,0.2614583333333333,999.967039300221,1.7802297333140422e-08
0.005067,0.013177083333333334,0.2635416666666667,999.965335495808,1.808712806230695e-08
0.005067,0.013281250000000001,0.265625,999.9635468448445,1.837421935281648e-08
0.005067,0.013385416666666667,0.2677083333333333,999.9616693305425,1.866357120466831e-08
0.005067,0.013489583333333334,0.26979166666666665,999.9596987579393,1.8955183617862574e-08
0.005067,0.013593750000000002,0.27187500000000003,999.9576307466438,1.92490565923997e-08
0.005067,0.013697916666666667,0.2739583333333333,999.9554607233148,1.9545190128279125e-08
0.005067,0.013802083333333333,0.27604166666666663,999.9531839138718,1.9843584225501692e-08
0.005067,0.013906250000000002,0.278125,999.9507953354263,2.0144238884066556e-08
0.005067,0.014010416666666668,0.28020833333333334,999.9482897879249,2.0447154103973576e-08
0.005067,0.014114583333333333,0.28229166666666666,999.9456618454985,2.075232988522388e-08
0.005067,0.014218750000000002,0.28437500000000004,999.9429058475077,2.1059766227816485e-08
0.005067,0.014322916666666668,0.2864583333333333,999.9400158892747,2.1369463131751243e-08
0.005067,0.014427083333333333,0.28854166666666664,999.9369858124925,2.1681420597029567e-08
0.005067,0.01453125,0.290625,999.9338091953084,2.1995638623649482e-08
0.005067,0.014635416666666668,0.29270833333333335,999.9304793420608,2.2312117211612685e-08
0.005067,0.014739583333333334,0.2947916666666667,999.9269892726721,2.2630856360918465e-08
0.005067,0.014843750000000001,0.296875,999.9233317116813,2.2951856071566118e-08
0.005067,0.014947916666666668,0.2989583333333333,999.9194990769067,2.3275116343557198e-08
0.005067,0.015052083333333334,0.30104166666666665,999.9154834677331,2.360063717689015e-08
0.005067,0.01515625,0.303125,999.9112766530083,2.392841857156653e-08
0.005067,0.015260416666666669,0.30520833333333336,999.9068700585433,2.4258460527585065e-08
0.005067,0.015364583333333334,0.3072916666666667,999.9022547542023,2.4590763044945754e-08
0.005067,0.01546875,0.30937499999999996,999.8974214405744,2.492532612364987e-08
0.005067,0.015572916666666667,0.31145833333333334,999.8923604352168,2.526214976369572e-08
0.005067,0.015677083333333335,0.31354166666666666,999.8870616584552,2.560123396508556e-08
0.005067,0.015781250000000004,0.31562500000000004,999.8815146187371,2.5942578727816002e-08
0.005067,0.015885416666666666,0.3177083333333333,999.8757083975194,2.6286184051890294e-08
0.005067,0.015989583333333335,0.3197916666666667,999.8696316336852,2.663204993730759e-08
0.005067,0.016093750000000004,0.3218750000000001,999.8632725074784,2.6980176384066193e-08
0.005067,0.016197916666666666,0.3239583333333333,999.8566187239386,2.73305633921678e-08
0.005067,0.016302083333333335,0.3260416666666667,999.8496574958347,2.768321096161241e-08
0.005067,0.01640625,0.328125,999.8423755260759,2.8038119092400304e-08
0.005067,0.016510416666666666,0.3302083333333333,999.8347589895984,2.839528778452894e-08
0.005067,0.016614583333333335,0.3322916666666667,999.8267935147077,2.875471703800143e-08
0.005067,0.01671875,0.334375,999.8184641638697,2.911640685281692e-08
0.005067,0.016822916666666667,0.3364583333333333,999.8097554139404,2.9480357228973435e-08
0.005067,0.016927083333333336,0.3385416666666667,999.8006511358149,2.9846568166473517e-08
0.005067,0.01703125,0.340625,999.7911345734935,3.021503966531717e-08
0.005067,0.017135416666666667,0.34270833333333334,999.7811883225498,3.0585771725501285e-08
0.005067,0.017239583333333336,0.3447916666666667,999.7707943079846,3.0958764347028965e-08
0.005067,0.01734375,0.346875,999.7599337614597,3.133401752990049e-08
0.005067,0.017447916666666667,0.3489583333333333,999.7485871978985,3.17115312741122e-08
0.005067,0.017552083333333336,0.3510416666666667,999.7367343914409,3.209130557966776e-08
0.005067,0.01765625,0.35312499999999997,999.7243543507412,3.247334044656604e-08
0.005067,0.017760416666666667,0.35520833333333335,999.7114252935972,3.285763587480789e-08
0.005067,0.017864583333333336,0.35729166666666673,999.697924620902,3.3244191864390195e-08
0.005067,0.01796875,0.35937499999999994,999.6838288898998,3.363300841531607e-08
0.005067,0.018072916666666668,0.3614583333333333,999.6691137867481,3.4024085527585514e-08
0.005067,0.018177083333333337,0.3635416666666667,999.6537540983588,3.44174232011957e-08
0.005067,0.01828125,0.365625,999.6377236835192,3.481302143614945e-08
0.005067,0.018385416666666668,0.36770833333333336,999.620995443279,3.5210880232446777e-08
0.005067,0.018489583333333337,0.36979166666666674,999.6035412905901,3.561099959008456e-08
0.005067,0.01859375,0.37187499999999996,999.5853321191942,3.601337950906591e-08
0.005067,0.018697916666666668,0.37395833333333334,999.5663377717416,3.641801998939139e-08
0.005067,0.018802083333333337,0.3760416666666667,999.5465270071383,3.682492103105649e-08
0.005067,0.01890625,0.378125,999.5258674671071,3.7234082634066e-08
0.005067,0.01901041666666667,0.38020833333333337,999.5043256419549,3.7645504798417954e-08
0.005067,0.019114583333333334,0.38229166666666664,999.481866835538,3.805918752411347e-08
0.005067,0.01921875,0.38437499999999997,999.4584551294168,3.847513081114945e-08
0.005067,0.01932291666666667,0.38645833333333335,999.4340533461915,3.889333465952871e-08
0.005067,0.019427083333333334,0.3885416666666667,999.408623012009,3.931379906925267e-08
0.005067,0.01953125,0.390625,999.38212431824,3.9736524040315963e-08
0.005067,0.01963541666666667,0.3927083333333334,999.3545160823105,4.016150957272339e-08
0.005067,0.019739583333333335,0.39479166666666665,999.3257557076898,4.058875566647438e-08
0.005067,0.01984375,0.396875,999.2957991430238,4.10182623215664e-08
0.005067,0.01994791666666667,0.39895833333333336,999.264600840411,4.145002953800114e-08
0.005067,0.020052083333333335,0.4010416666666667,999.2321137128139,4.188405731578029e-08
0.005067,0.02015625,0.403125,999.1982890906057,4.2320345654898775e-08
0.005067,0.02026041666666667,0.4052083333333334,999.1630766772445,4.275889455536224e-08
0.005067,0.020364583333333332,0.4072916666666666,999.126424504076,4.319970401716786e-08
0.005067,0.02046875,0.409375,999.0882788842591,4.364277404031733e-08
0.005067,0.02057291666666667,0.41145833333333337,999.048584365816,4.40881046248067e-08
0.005067,0.020677083333333332,0.41354166666666664,999.0072836838056,4.4535695770639914e-08
0.005067,0.02078125,0.415625,998.9643177116156,4.498554747781754e-08
0.005067,0.02088541666666667,0.4177083333333334,998.9196254113853,4.543765974633451e-08
0.005067,0.020989583333333332,0.4197916666666666,998.8731437835474,4.5892032576195316e-08
0.005067,0.02109375,0.421875,998.8248078155035,4.634866596740111e-08
0.005067,0.02119791666666667,0.4239583333333334,998.7745504294272,4.6807559919945106e-08
0.005067,0.021302083333333333,0.42604166666666665,998.7223024292085,4.7268714433834645e-08
0.005067,0.02140625,0.42812500000000003,998.6679924465382,4.773212950906747e-08
0.005067,0.02151041666666667,0.4302083333333334,998.6115468861396,4.819780514564019e-08
0.005067,0.021614583333333333,0.43229166666666663,998.5528898701639,4.8665741343556193e-08
0.005067,0.021718750000000002,0.434375,998.4919431817436,4.9135938102816046e-08
0.005067,0.021822916666666668,0.43645833333333334,998.4286262077281,4.9608395423419184e-08
0.005067,0.021927083333333333,0.43854166666666666,998.3628558806026,5.0083113305362225e-08
0.005067,0.022031250000000002,0.44062500000000004,998.294546619609,5.056009174864911e-08
0.005067,0.022135416666666668,0.4427083333333333,998.2236102710785,5.103933075328041e-08
0.005067,0.022239583333333333,0.44479166666666664,998.1499560479938,5.1520830319251046e-08
0.005067,0.022343750000000002,0.446875,998.0734904687965,5.200459044656609e-08
0.005067,0.022447916666666668,0.44895833333333335,997.9941172954547,5.249061113522499e-08
0.005067,0.022552083333333334,0.4510416666666667,997.9117374708131,5.297889238522322e-08
0.005067,0.022656250000000003,0.45312500000000006,997.826249055247,5.346943419656586e-08
0.005067,0.02276041666666667,0.4552083333333333,997.7375471626377,5.396223656925292e-08
0.005067,0.022864583333333334,0.45729166666666665,997.6455238956961,5.445729950327875e-08
0.005067,0.022968750000000003,0.45937500000000003,997.5500682806589,5.495462299864899e-08
0.005067,0.02307291666666667,0.46145833333333336,997.4510662013846,5.545420705536421e-08
0.005067,0.023177083333333334,0.4635416666666667,997.3484003328762,5.595605167341763e-08
0.005067,0.023281250000000003,0.46562500000000007,997.2419500742608,5.646015685281546e-08
0.005067,0.023385416666666665,0.4677083333333333,997.1315914812575,5.696652259355659e-08
0.005067,0.023489583333333335,0.46979166666666666,997.0171971981689,5.747514889564156e-08
0.005067,0.023593750000000004,0.47187500000000004,996.8986363894281,5.7986035759065864e-08
0.005067,0.023697916666666666,0.4739583333333333,996.7757746707384,5.849918318383458e-08
0.005067,0.023802083333333335,0.4760416666666667,996.6484740398461,5.901459116994715e-08
0.005067,0.023906250000000004,0.4781250000000001,996.516592806986,5.953225971739905e-08
0.005067,0.024010416666666666,0.4802083333333333,996.37998552504,6.005218882619536e-08
0.005067,0.024114583333333335,0.4822916666666667,996.2385029194538,6.057437849633666e-08
0.005067,0.024218750000000004,0.48437500000000006,996.0919918179591,6.109882872781558e-08
0.005067,0.024322916666666666,0.4864583333333333,995.9402950801473,6.16255395206395e-08
0.005067,0.024427083333333335,0.4885416666666667,995.7832515269413,6.215451087480896e-08
0.005067,0.024531250000000004,0.4906250000000001,995.620695870028,6.268574279031548e-08
0.005067,0.024635416666666667,0.4927083333333333,995.4524586412892,6.321923526716756e-08
0.005067,0.024739583333333336,0.4947916666666667,995.278366122301,6.375498830536234e-08
0.005067,0.02484375,0.496875,995.0982402739469,6.429300190490099e-08
0.005067,0.024947916666666667,0.49895833333333334,994.9118986662162,6.483327606577895e-08
0.005067,0.025052083333333336,0.5010416666666667,994.7191544082393,6.537581078800022e-08
0.005067,0.02515625,0.503125,994.5198160786275,6.592060607156815e-08
0.005067,0.025260416666666667,0.5052083333333333,994.313687656183,6.646766191647259e-08
0.005067,0.025364583333333336,0.5072916666666667,994.1005684510445,6.70169783227237e-08
0.005067,0.025468750000000002,0.509375,993.8802530363433,6.756855529031811e-08
0.005067,0.025572916666666667,0.5114583333333333,993.6525311804323,6.812239281925015e-08
0.005067,0.025677083333333336,0.5135416666666667,993.4171877797686,6.867849090952886e-08
0.005067,0.025781250000000002,0.515625,993.1740027925247,6.923684956115198e-08
0.005067,0.025885416666666668,0.5177083333333333,992.922751173001,6.97974687741116e-08
0.005067,0.025989583333333337,0.5197916666666667,992.6632028069245,7.036034854841792e-08
0.005067,0.02609375,0.521875,992.3951224477108,7.092548888406525e-08
0.005067,0.026197916666666668,0.5239583333333333,992.1182696537754,7.149288978105813e-08
0.005067,0.026302083333333337,0.5260416666666667,991.8323987269771,7.206255123938978e-08
0.005067,0.02640625,0.528125,991.5372586522836,7.263447325906583e-08
0.005067,0.026510416666666668,0.5302083333333333,991.2325930387448,7.320865584008631e-08
0.005067,0.026614583333333337,0.5322916666666667,990.9181400618663,7.378509898244554e-08
0.005067,0.02671875,0.5343749999999999,990.5936324074743,7.43638026861492e-08
0.005067,0.02682291666666667,0.5364583333333334,990.2587972171681,7.494476695119727e-08
0.005067,0.026927083333333338,0.5385416666666667,989.9133560354526,7.55279917775841e-08
0.005067,0.02703125,0.5406249999999999,989.5570247586527,7.611347716531649e-08
0.005067,0.02713541666666667,0.5427083333333333,989.1895135857027,7.670122311439215e-08
0.005067,0.027239583333333338,0.5447916666666667,988.8105269709172,7.729122962480546e-08
0.005067,0.02734375,0.546875,988.4197635788404,7.788349669656657e-08
0.005067,0.02744791666666667,0.5489583333333333,988.016916241282,7.847802432966643e-08
0.005067,0.027552083333333335,0.5510416666666667,987.6016719166394,7.907481252411525e-08
0.005067,0.02765625,0.553125,987.1737116516141,7.967386127989829e-08
0.005067,0.02776041666666667,0.5552083333333333,986.732710545433,8.027517059702915e-08
0.005067,0.027864583333333335,0.5572916666666666,986.278337716675,8.08787404755033e-08
0.005067,0.02796875,0.559375,985.8102562728202,8.148457091531509e-08
0.005067,0.02807291666666667,0.5614583333333334,985.3281232826263,8.209266191647354e-08
0.005067,0.028177083333333335,0.5635416666666667,984.8315897514454,8.270301347897527e-08
0.005067,0.02828125,0.5656249999999999,984.3203005995942,8.331562560281578e-08
0.005067,0.02838541666666667,0.5677083333333334,983.7938946438858,8.393049828800071e-08
0.005067,0.028489583333333336,0.5697916666666667,983.2520045824413,8.454763153453117e-08
0.005067,0.02859375,0.571875,982.6942569828892,8.516702534239815e-08
0.005067,0.02869791666666667,0.5739583333333333,982.1202722740717,8.57886797116118e-08
0.005067,0.028802083333333332,0.5760416666666666,981.5296647413683,8.641259464216759e-08
0.005067,0.02890625,0.578125,980.9220425257515,8.703877013406895e-08
0.005067,0.02901041666666667,0.5802083333333333,980.2970076266885,8.766720618730567e-08
0.005067,0.029114583333333333,0.5822916666666667,979.6541559090035,8.82979028018902e-08
0.005067,0.02921875,0.584375,978.9930771138137,8.8930859977818e-08
0.005067,0.02932291666666667,0.5864583333333334,978.3133548736531,8.956607771508346e-08
0.005067,0.029427083333333333,0.5885416666666666,977.6145667318957,9.020355601369559e-08
0.005067,0.029531250000000002,0.590625,976.8962841665866,9.084329487365213e-08
0.005067,0.02963541666666667,0.5927083333333334,976.1580726188024,9.148529429494518e-08
0.005067,0.029739583333333333,0.5947916666666666,975.399491525641,9.212955427758376e-08
0.005067,0.029843750000000002,0.596875,974.6200943579514,9.277607482156791e-08
0.005067,0.02994791666666667,0.5989583333333334,973.8194286629184,9.342485592688967e-08
0.005067,0.030052083333333333,0.6010416666666666,972.9970361116001,9.407589759355586e-08
0.005067,0.030156250000000002,0.603125,972.1524525515255,9.472919982156533e-08
0.005067,0.030260416666666668,0.6052083333333333,971.2852080644615,9.538476261092148e-08
0.005067,0.030364583333333334,0.6072916666666667,970.3948270294387,9.604258596161075e-08
0.005067,0.030468750000000003,0.609375,969.480828191147,9.670266987364895e-08
0.005067,0.03057291666666667,0.6114583333333333,968.5427247337875,9.736501434703157e-08
0.005067,0.030677083333333334,0.6135416666666667,967.5800243604863,9.802961938175069e-08
0.005067,0.030781250000000003,0.615625,966.5922293783503,9.869648497781536e-08
0.005067,0.03088541666666667,0.6177083333333333,965.5788367892634,9.936561113522669e-08
0.005067,0.030989583333333334,0.6197916666666666,964.5393383865037,1.0003699785397228e-07
0.005067,0.031093750000000003,0.6218750000000001,963.4732208572691,1.0071064513406568e-07
0.005067,0.031197916666666665,0.6239583333333333,962.3799658911876,1.0138655297550009e-07
0.005067,0.031302083333333335,0.6260416666666666,961.259050294889,1.0206472137828118e-07
0.005067,0.031406250000000004,0.628125,960.1099461127178,1.027451503424033e-07
0.005067,0.031510416666666666,0.6302083333333333,958.9321207536419,1.0342783986785854e-07
0.005067,0.031614583333333335,0.6322916666666667,957.7250371244392,1.0411278995466949e-07
0.005067,0.031718750000000004,0.634375,956.4881537692091,1.0480000060281807e-07
0.005067,0.03182291666666667,0.6364583333333335,955.2209250152747,1.0548947181230429e-07
0.005067,0.031927083333333335,0.6385416666666667,953.9228011255233,1.0618120358314171e-07
0.005067,0.032031250000000004,0.640625,952.5932284572308,1.0687519591531901e-07
0.005067,0.032135416666666666,0.6427083333333333,951.2316496274213,1.0757144880882945e-07
0.005067,0.032239583333333335,0.6447916666666667,949.8375036847884,1.0826996226370011e-07
0.005067,0.032343750000000004,0.6468750000000001,948.41022628822,1.0897073627989485e-07
0.005067,0.03244791666666667,0.6489583333333333,946.949249891944,1.0967377085744755e-07
0.005067,0.032552083333333336,0.6510416666666666,945.4540039373286,1.103790659963379e-07
0.005067,0.03265625,0.653125,943.9239150513426,1.1108662169656136e-07
0.005067,0.03276041666666667,0.6552083333333333,942.3584072516901,1.117964379581428e-07
0.005067,0.032864583333333336,0.6572916666666667,940.7569021586216,1.1250851478105962e-07
0.005067,0.032968750000000005,0.659375,939.1188192134252,1.1322285216531181e-07
0.005067,0.03307291666666667,0.6614583333333333,937.4435759035803,1.1393945011091971e-07
0.005067,0.033177083333333336,0.6635416666666667,935.7305879945678,1.1465830861786751e-07
0.005067,0.03328125,0.6656249999999999,933.9792697683074,1.1537942768614391e-07
0.005067,0.03338541666666667,0.6677083333333333,932.1890342682004,1.1610280731578055e-07
0.005067,0.033489583333333336,0.6697916666666667,930.3592935507401,1.1682844750675481e-07
0.005067,0.033593750000000006,0.6718750000000001,928.4894589436483,1.175563482590622e-07
0.005067,0.03369791666666667,0.6739583333333333,926.5789413104867,1.1828650957272528e-07
0.005067,0.03380208333333334,0.6760416666666667,924.6271513216911,1.1901893144772828e-07
0.005067,0.03390625,0.678125,922.6334997319605,1.1975361388405988e-07
0.005067,0.03401041666666667,0.6802083333333333,920.5973976639365,1.2049055688175396e-07
0.005067,0.03411458333333334,0.6822916666666667,918.5182568980817,1.212297604407834e-07
0.005067,0.034218750000000006,0.6843750000000001,916.3954901686915,1.2197122456114373e-07
0.005067,0.03432291666666667,0.6864583333333333,914.2285114659219,1.2271494924286653e-07
0.005067,0.03442708333333334,0.6885416666666667,912.0167363437508,1.234609344859202e-07
0.005067,0.03453125,0.6906249999999999,909.759582233755,1.242091802903115e-07
0.005067,0.03463541666666667,0.6927083333333334,907.4564687645837,1.2495968665605852e-07
0.005067,0.03473958333333334,0.6947916666666667,905.1068180870138,1.2571245358314543e-07
0.005067,0.03484375000000001,0.6968750000000001,902.7100552044365,1.2646748107156093e-07
0.005067,0.03494791666666667,0.6989583333333333,900.2656083086571,1.272247691213367e-07
0.005067,0.03505208333333333,0.7010416666666666,897.7729091208354,1.27984317732441e-07
0.005067,0.03515625,0.703125,895.231393237431,1.2874612690490106e-07
0.005067,0.03526041666666667,0.7052083333333333,892.6405004809716,1.29510196638701e-07
0.005067,0.03536458333333334,0.7072916666666668,889.9996752554827,1.302765269338273e-07
0.005067,0.03546875,0.709375,887.3083669063919,1.310451177903206e-07
0.005067,0.03557291666666667,0.7114583333333333,884.5660300847222,1.318159692081425e-07
0.005067,0.03567708333333333,0.7135416666666666,881.772125115376,1.3258908118730204e-07
0.005067,0.03578125,0.715625,878.9261183693056,1.3336445372781952e-07
0.005067,0.03588541666666667,0.7177083333333334,876.0274826393594,1.3414208682967015e-07
0.005067,0.03598958333333334,0.7197916666666667,873.0756975195789,1.349219804928584e-07
0.005067,0.03609375,0.7218749999999999,870.0702497877288,1.3570413471740238e-07
0.005067,0.03619791666666667,0.7239583333333334,867.010633790813,1.3648854950328173e-07
0.005067,0.03630208333333333,0.7260416666666666,863.8963518333436,1.3727522485049645e-07
0.005067,0.03640625,0.728125,860.7269145681087,1.3806416075906914e-07
0.005067,0.03651041666666667,0.7302083333333333,857.5018413891834,1.3885535722897723e-07
0.005067,0.03661458333333334,0.7322916666666668,854.2206608269175,1.3964881426021842e-07
0.005067,0.03671875,0.734375,850.8829109446348,1.4044453185281983e-07
0.005067,0.03682291666666667,0.7364583333333333,847.488139736759,1.4124251000675439e-07
0.005067,0.03692708333333333,0.7385416666666667,844.0359055280903,1.4204274872202204e-07
0.005067,0.03703125,0.740625,840.5257773739338,1.4284524799865444e-07
0.005067,0.03713541666666667,0.7427083333333334,836.9573354607924,1.4365000783661544e-07
0.005067,0.03723958333333334,0.7447916666666667,833.3301715073118,1.4445702823591183e-07
0.005067,0.03734375,0.746875,829.6438891651804,1.452663091965707e-07
0.005067,0.03744791666666667,0.7489583333333334,825.8981044196586,1.4607785071856045e-07
0.005067,0.03755208333333333,0.7510416666666666,822.0924459894295,1.4689165280188328e-07
0.005067,0.03765625,0.753125,818.2265557254418,1.4770771544656862e-07
0.005067,0.03776041666666667,0.7552083333333334,814.3000890084154,1.4852603865258936e-07
0.005067,0.03786458333333334,0.7572916666666668,810.3127151446809,1.4934662241993866e-07
0.005067,0.03796875,0.759375,806.2641177600105,1.50169466748655e-07
0.005067,0.038072916666666665,0.7614583333333332,802.1539951911068,1.509945716386886e-07
0.005067,0.038177083333333334,0.7635416666666667,797.9820608743947,1.51821937090087e-07
0.005067,0.03828125,0.765625,793.7480437317832,1.5265156310282076e-07
0.005067,0.03838541666666667,0.7677083333333334,789.4516885530281,1.534834496768831e-07
0.005067,0.038489583333333334,0.7697916666666667,785.092756374359,1.5431759681231247e-07
0.005067,0.03859375,0.771875,780.6710248530069,1.5515400450906818e-07
0.005067,0.038697916666666665,0.7739583333333333,776.1862886372753,1.559926727671615e-07
0.005067,0.038802083333333334,0.7760416666666666,771.6383597317976,1.5683360158661735e-07
0.005067,0.03890625,0.7781250000000001,767.027067857622,1.5767679096740403e-07
0.005067,0.03901041666666667,0.7802083333333334,762.3522608067608,1.5852224090952158e-07
0.005067,0.039114583333333335,0.7822916666666666,757.6138047908427,1.5936995141300613e-07
0.005067,0.039218750000000004,0.784375,752.8115847835062,1.6021992247781928e-07
0.005067,0.039322916666666666,0.7864583333333333,747.9455048561824,1.6107215410396782e-07
0.005067,0.039427083333333335,0.7885416666666667,743.0154885068899,1.619266462914743e-07
0.005067,0.039531250000000004,0.790625,738.0214789817011,1.6278339904032073e-07
0.005067,0.03963541666666667,0.7927083333333335,732.9634395885078,1.63642412350498e-07
0.005067,0.039739583333333335,0.7947916666666667,727.8413540027418,1.645036862220332e-07
0.005067,0.039843750000000004,0.796875,722.6552265646895,1.653672206548993e-07
0.005067,0.039947916666666666,0.7989583333333333,717.4050825680579,1.662330156491098e-07
0.005067,0.040052083333333335,0.8010416666666667,712.0909685394365,1.6710107120466923e-07
0.005067,0.040156250000000004,0.8031250000000001,706.7129525083209,1.6797138732157308e-07
0.005067,0.040260416666666674,0.8052083333333334,701.2711242673518,1.6884396399979875e-07
0.005067,0.040364583333333336,0.8072916666666666,695.7655956224395,1.6971880123939145e-07
0.005067,0.040468750000000005,0.8093750000000001,690.1965006324406,1.7059589904032401e-07
0.005067,0.04057291666666667,0.8114583333333333,684.5639958380677,1.714752574025739e-07
0.005067,0.040677083333333336,0.8135416666666667,678.8682604797068,1.723568763261998e-07
0.005067,0.040781250000000005,0.815625,673.1094967038388,1.7324075581114304e-07
0.005067,0.04088541666666667,0.8177083333333333,667.2879297577477,1.7412689585744878e-07
0.005067,0.040989583333333336,0.8197916666666667,661.4038081722297,1.7501529646508985e-07
0.005067,0.04109375,0.8218749999999999,655.4574039320048,1.7590595763406183e-07
0.005067,0.04119791666666667,0.8239583333333333,649.4490126335454,1.7679887936439175e-07
0.005067,0.041302083333333336,0.8260416666666667,643.3789536300551,1.7769406165606157e-07
0.005067,0.041406250000000006,0.8281250000000001,637.247570163324,1.7859150450905774e-07
0.005067,0.04151041666666667,0.8302083333333333,631.0552294822061,1.794912079234254e-07
0.005067,0.04161458333333334,0.8322916666666667,624.8023229474704,1.8039317189911492e-07
0.005067,0.04171875,0.834375,618.4892661227902,1.8129739643614432e-07
0.005067,0.04182291666666667,0.8364583333333333,612.1164988516368,1.822038815345317e-07
0.005067,0.04192708333333334,0.8385416666666667,605.684485319869,1.8311262719425446e-07
0.005067,0.042031250000000006,0.8406250000000001,599.193714103801,1.840236334153081e-07
0.005067,0.04213541666666667,0.8427083333333333,592.6446982035665,1.849369001977287e-07
0.005067,0.04223958333333334,0.8447916666666667,586.0379750615816,1.858524275414802e-07
0.005067,0.04234375,0.8468749999999999,579.3741065659502,1.86770215446558e-07
0.005067,0.04244791666666667,0.8489583333333334,572.6536790386352,1.8769026391300282e-07
0.005067,0.04255208333333334,0.8510416666666667,565.8773032082655,1.8861257294078756e-07
0.005067,0.04265625000000001,0.8531250000000001,559.0456141674327,1.895371425298896e-07
0.005067,0.04276041666666667,0.8552083333333333,552.159271314364,1.9046397268036766e-07
0.005067,0.04286458333333334,0.8572916666666667,545.2189582788552,1.9139306339217206e-07
0.005067,0.04296875,0.859375,538.2253828323829,1.9232441466530734e-07
0.005067,0.04307291666666667,0.8614583333333333,531.1792767823002,1.9325802649981414e-07
0.005067,0.04317708333333334,0.8635416666666668,524.0813958500642,1.9419389889564276e-07
0.005067,0.04328125000000001,0.8656250000000001,516.9325195334319,1.9513203185280676e-07
0.005067,0.04338541666666667,0.8677083333333333,509.73345095259447,1.9607242537134228e-07
0.005067,0.04348958333333333,0.8697916666666666,502.4850166802226,1.970150794511861e-07
0.005067,0.04359375,0.871875,495.18806655541897,1.979599940924059e-07
0.005067,0.04369791666666667,0.8739583333333334,487.84347348158207,1.9890716929494757e-07
0.005067,0.04380208333333334,0.8760416666666667,480.45213320820005,1.9985660505882912e-07
0.005067,0.04390625,0.8781249999999999,473.01496409661996,2.0080830138406865e-07
0.005067,0.04401041666666667,0.8802083333333334,465.532906869835,2.0176225827064356e-07
0.005067,0.04411458333333333,0.8822916666666666,458.0069243463664,2.0271847571854933e-07
0.005067,0.04421875,0.884375,450.4380011583119,2.0367695372782208e-07
0.005067,0.04432291666666667,0.8864583333333333,442.827143453672,2.046376922984212e-07
0.005067,0.04442708333333334,0.8885416666666668,435.1753785830544,2.056006914303557e-07
0.005067,0.04453125,0.890625,427.4837547708947,2.0656595112365265e-07
0.005067,0.04463541666666667,0.8927083333333333,419.753340771331,2.0753347137828502e-07
0.005067,0.04473958333333333,0.8947916666666667,411.98522550890084,2.0850325219424372e-07
0.005067,0.04484375,0.896875,404.18051770422034,2.094752935715694e-07
0.005067,0.04494791666666667,0.8989583333333334,396.3403454848527,2.104495955102305e-07
0.005067,0.04505208333333334,0.9010416666666667,388.4658559815561,2.114261580102134e-07
0.005067,0.04515625,0.903125,380.5582149101386,2.1240498107157234e-07
0.005067,0.04526041666666667,0.9052083333333334,372.6186061391505,2.1338606469425763e-07
0.005067,0.04536458333333333,0.9072916666666666,364.6482312436703,2.1436940887826928e-07
0.005067,0.04546875,0.909375,356.6483090454332,2.1535501362365242e-07
0.005067,0.04557291666666667,0.9114583333333334,348.6200751395984,2.1634287893037096e-07
0.005067,0.04567708333333334,0.9135416666666668,340.56478140842955,2.173330047984068e-07
0.005067,0.04578125,0.915625,332.48369552220515,2.1832539122782318e-07
0.005067,0.04588541666666667,0.9177083333333333,324.37810042767,2.193200382185614e-07
0.005067,0.045989583333333334,0.9197916666666667,316.24929382437,2.2031694577063048e-07
0.005067,0.04609375,0.921875,308.09858762919896,2.2131611388407109e-07
0.005067,0.04619791666666667,0.9239583333333334,299.927307429534,2.2231754255884256e-07
0.005067,0.04630208333333334,0.9260416666666668,291.73679192531364,2.2332123179493585e-07
0.005067,0.04640625,0.928125,283.52839236044997,2.2432718159240517e-07
0.005067,0.046510416666666665,0.9302083333333333,275.30347194396177,2.2533539195118278e-07
0.005067,0.046614583333333334,0.9322916666666666,267.06340526123967,2.2634586287134095e-07
0.005067,0.04671875,0.9343750000000001,258.8095776758557,2.2735859435282093e-07
0.005067,0.04682291666666667,0.9364583333333334,250.5433847223393,2.2837358639563176e-07
0.005067,0.046927083333333335,0.9385416666666666,242.26623149036362,2.2939083899981415e-07
0.005067,0.047031250000000004,0.940625,233.97953200077774,2.3041035216531832e-07
0.005067,0.047135416666666666,0.9427083333333333,225.6847085739526,2.314321258921579e-07
0.005067,0.047239583333333335,0.9447916666666667,217.3831911908872,2.32456160180369e-07
0.005067,0.047343750000000004,0.946875,209.07641684756325,2.3348245502990644e-07
0.005067,0.04744791666666667,0.9489583333333335,200.7658289030133,2.345110104407702e-07
0.005067,0.047552083333333335,0.9510416666666667,192.45287642159929,2.3554182641300552e-07
0.005067,0.047656250000000004,0.953125,184.13901350998455,2.3657490294657168e-07
0.005067,0.047760416666666666,0.9552083333333333,175.82569864931187,2.376102400414642e-07
0.005067,0.047864583333333335,0.9572916666666667,167.51439402307506,2.386478376977282e-07
0.005067,0.047968750000000004,0.9593750000000001,159.20656484121213,2.3968769591532307e-07
0.005067,0.048072916666666674,0.9614583333333334,150.90367866091964,2.407298146942398e-07
0.005067,0.048177083333333336,0.9635416666666666,142.60720470471654,2.417741940345371e-07
0.005067,0.048281250000000005,0.9656250000000001,134.3186131762728,2.4282083393615617e-07
0.005067,0.04838541666666667,0.9677083333333333,126.03937457453739,2.438697343991016e-07
0.005067,0.048489583333333336,0.9697916666666667,117.77095900667835,2.449208954234231e-07
0.005067,0.048593750000000005,0.971875,109.51483550038104,2.459743170090709e-07
0.005067,0.048697916666666674,0.9739583333333335,101.27247131602091,2.470299991560451e-07
0.005067,0.048802083333333336,0.9760416666666667,93.0453312592502,2.480879418643998e-07
0.005067,0.048906250000000005,0.978125,84.83487699452462,2.4914814513407184e-07
0.005067,0.04901041666666667,0.9802083333333333,76.64256636010872,2.502106089650702e-07
0.005067,0.049114583333333336,0.9822916666666667,68.4698526850763,2.5127533335745364e-07
0.005067,0.049218750000000006,0.9843750000000001,60.318184108849664,2.5234231831114086e-07
0.005067,0.04932291666666667,0.9864583333333333,52.18900290379043,2.534115638261996e-07
0.005067,0.04942708333333334,0.9885416666666667,44.08374480136994,2.5448306990258915e-07
0.005067,0.04953125,0.990625,36.003838322444544,2.555568365403096e-07
0.005067,0.04963541666666667,0.9927083333333333,27.950704112138336,2.5663286373939703e-07
0.005067,0.04973958333333334,0.9947916666666667,19.92575427986036,2.5771115149981084e-07
0.005067,0.049843750000000006,0.9968750000000001,11.930391744949244,2.587916998215555e-07
0.005067,0.04994791666666667,0.9989583333333333,3.9660095884548143,2.598745087046762e-07
0.006012,5.208333333333334e-05,0.0010416666666666667,999.997985204421,3.7676022376543216e-13
0.006012,0.00015625,0.0031249999999999997,999.9979825680625,2.637321566358025e-12
0.006012,0.00026041666666666666,0.005208333333333333,999.9979772901379,7.158444251543212e-12
0.006012,0.00036458333333333335,0.007291666666666667,999.9979693598913,1.394012827932099e-11
0.006012,0.00046875,0.009375,999.9979587612031,2.2982373649691355e-11
0.006012,0.0005729166666666667,0.011458333333333333,999.9979454725385,3.4285180362654335e-11
0.006012,0.0006770833333333334,0.013541666666666667,999.9979294669008,4.784854841820988e-11
0.006012,0.00078125,0.015625,999.9979107117762,6.367247781635804e-11
0.006012,0.0008854166666666667,0.017708333333333333,999.9978891690694,8.175696855709879e-11
0.006012,0.0009895833333333334,0.019791666666666666,999.9978647950263,1.0210202064043203e-10
0.006012,0.00109375,0.021875000000000002,999.9978375401466,1.2470763406635805e-10
0.006012,0.0011979166666666666,0.02395833333333333,999.9978073490872,1.4957380883487663e-10
0.006012,0.0013020833333333335,0.026041666666666668,999.9977741605485,1.7670054494598758e-10
0.006012,0.00140625,0.028124999999999997,999.9977379071556,2.0608784239969144e-10
0.006012,0.0015104166666666669,0.030208333333333337,999.9976985153229,2.3773570119598785e-10
0.006012,0.0016145833333333333,0.03229166666666666,999.9976559051089,2.7164412133487647e-10
0.006012,0.0017187500000000002,0.034375,999.9976099900576,3.0781310281635824e-10
0.006012,0.0018229166666666667,0.03645833333333333,999.9975606770269,3.462426456404321e-10
0.006012,0.0019270833333333336,0.03854166666666667,999.9975078660057,3.869327498070989e-10
0.006012,0.00203125,0.040625,999.9974514499165,4.298834153163573e-10
0.006012,0.0021354166666666665,0.04270833333333333,999.9973913144038,4.750946421682109e-10
0.006012,0.0022395833333333334,0.04479166666666667,999.9973273376116,5.225664303626536e-10
0.006012,0.0023437500000000003,0.04687500000000001,999.9972593899431,5.722987798996925e-10
0.006012,0.002447916666666667,0.04895833333333333,999.9971873338073,6.242916907793205e-10
0.006012,0.0025520833333333333,0.051041666666666666,999.9971110233522,6.785451630015442e-10
0.006012,0.00265625,0.053125,999.997030304179,7.350591965663565e-10
0.006012,0.002760416666666667,0.05520833333333334,999.9969450130433,7.938337914737678e-10
0.006012,0.0028645833333333336,0.05729166666666667,999.9968549775386,8.548689477237637e-10
0.006012,0.00296875,0.059375,999.9967600157643,9.18164665316361e-10
0.006012,0.003072916666666667,0.06145833333333334,999.996659935974,9.837209442515417e-10
0.006012,0.003177083333333334,0.06354166666666668,999.996554536208,1.0515377845293237e-09
0.006012,0.0032812500000000003,0.065625,999.9964436039054,1.1216151861496883e-09
0.006012,0.0033854166666666668,0.06770833333333333,999.9963269154993,1.1939531491126517e-09
0.006012,0.0034895833333333333,0.06979166666666665,999.9962042359898,1.2685516734182142e-09
0.006012,0.00359375,0.071875,999.9960753184993,1.345410759066356e-09
0.006012,0.003697916666666667,0.07395833333333333,999.9959399038034,1.424530406057101e-09
0.006012,0.0038020833333333335,0.07604166666666666,999.9957977198441,1.5059106143904297e-09
0.006012,0.00390625,0.078125,999.9956484812153,1.5895513840663619e-09
0.006012,0.004010416666666667,0.08020833333333334,999.9954918886312,1.6754527150848731e-09
0.006012,0.004114583333333333,0.08229166666666665,999.9953276283653,1.7636146074459857e-09
0.006012,0.00421875,0.084375,999.9951553716662,1.8540370611497038e-09
0.006012,0.004322916666666668,0.08645833333333335,999.9949747741491,1.9467200761959833e-09
0.006012,0.004427083333333333,0.08854166666666666,999.9947854751599,2.0416636525848733e-09
0.006012,0.0045312500000000006,0.09062500000000001,999.9945870971093,2.138867790316355e-09
0.006012,0.004635416666666667,0.09270833333333334,999.9943792447814,2.2383324893904475e-09
0.006012,0.0047395833333333335,0.09479166666666666,999.9941615046122,2.3400577498070924e-09
0.006012,0.004843750000000001,0.09687500000000002,999.993933443936,2.444043571566356e-09
0.006012,0.0049479166666666664,0.09895833333333333,999.9936946102017,2.5502899546682077e-09
0.006012,0.005052083333333334,0.10104166666666667,999.9934445301558,2.658796899112643e-09
0.006012,0.00515625,0.103125,999.9931827089907,2.7695644048997107e-09
0.006012,0.005260416666666667,0.10520833333333333,999.99290862946,2.8825924720293132e-09
0.006012,0.005364583333333334,0.10729166666666667,999.9926217509555,2.997881100501539e-09
0.006012,0.00546875,0.10937499999999999,999.9923215085464,3.1154302903163524e-09
0.006012,0.005572916666666667,0.11145833333333334,999.992007311982,3.2352400414737896e-09
0.006012,0.005677083333333334,0.11354166666666668,999.9916785446518,3.3573103539737616e-09
0.006012,0.00578125,0.11562499999999999,999.9913345625067,3.481641227816348e-09
0.006012,0.005885416666666667,0.11770833333333335,999.9909746929327,3.6082326630015406e-09
0.006012,0.005989583333333334,0.11979166666666667,999.9905982335846,3.737084659529347e-09
0.006012,0.00609375,0.121875,999.9902044511722,3.86819721739968e-09
0.006012,0.0061979166666666675,0.12395833333333335,999.9897925801965,4.001570336612654e-09
0.006012,0.006302083333333333,0.12604166666666666,999.989361821642,4.137204017168198e-09
0.006012,0.0064062500000000005,0.128125,999.9889113416119,4.275098259066392e-09
0.006012,0.006510416666666668,0.13020833333333334,999.9884402699146,4.415253062307077e-09
0.006012,0.006614583333333333,0.13229166666666667,999.9879476985956,4.557668426890429e-09
0.006012,0.006718750000000001,0.134375,999.9874326804118,4.70234435281636e-09
0.006012,0.006822916666666666,0.13645833333333332,999.9868942272469,4.8492808400848535e-09
0.006012,0.006927083333333334,0.13854166666666667,999.9863313084711,4.9984778886960314e-09
0.006012,0.007031250000000001,0.140625,999.9857428492329,5.149935498649682e-09
0.006012,0.007135416666666667,0.14270833333333333,999.9851277286915,5.303653669945966e-09
0.006012,0.007239583333333334,0.14479166666666668,999.9844847781806,5.4596324025848815e-09
0.006012,0.0073437500000000005,0.146875,999.9838127793047,5.617871696566394e-09
0.006012,0.007447916666666667,0.14895833333333333,999.9831104619644,5.7783715518904144e-09
0.006012,0.007552083333333334,0.15104166666666669,999.9823765023095,5.941131968557085e-09
0.006012,0.00765625,0.15312499999999998,999.9816095206166,6.106152946566353e-09
0.006012,0.007760416666666667,0.15520833333333334,999.9808080790879,6.273434485918199e-09
0.006012,0.007864583333333335,0.1572916666666667,999.9799706795724,6.442976586612696e-09
0.006012,0.00796875,0.159375,999.9790957612018,6.614779248649736e-09
0.006012,0.008072916666666667,0.16145833333333334,999.9781816979436,6.788842472029249e-09
0.006012,0.008177083333333335,0.1635416666666667,999.9772267960651,6.965166256751589e-09
0.006012,0.00828125,0.165625,999.9762292915057,7.143750602816296e-09
0.006012,0.008385416666666666,0.16770833333333332,999.9751873471585,7.324595510223794e-09
0.006012,0.008489583333333335,0.1697916666666667,999.9740990500529,7.507700978973836e-09
0.006012,0.00859375,0.171875,999.9729624084408,7.693067009066281e-09
0.006012,0.008697916666666666,0.17395833333333333,999.9717753487765,7.880693600501587e-09
0.006012,0.008802083333333334,0.17604166666666665,999.9705357125954,8.070580753279225e-09
0.006012,0.008906250000000001,0.178125,999.9692412532817,8.26272846739976e-09
0.006012,0.009010416666666667,0.18020833333333333,999.9678896327243,8.457136742862698e-09
0.006012,0.009114583333333334,0.18229166666666666,999.9664784178611,8.653805579668144e-09
0.006012,0.009218750000000001,0.184375,999.9650050770998,8.852734977816417e-09
0.006012,0.009322916666666667,0.18645833333333334,999.9634669766189,9.053924937307163e-09
0.006012,0.009427083333333334,0.18854166666666666,999.9618613765449,9.257375458140312e-09
0.006012,0.009531250000000002,0.19062500000000002,999.9601854269994,9.463086540316427e-09
0.006012,0.009635416666666667,0.19270833333333334,999.9584361640109,9.67105818383477e-09
0.006012,0.009739583333333333,0.19479166666666664,999.9566105052954,9.88129038869608e-09
0.006012,0.009843750000000002,0.19687500000000002,999.9547052458917,1.009378315489972e-08
0.006012,0.009947916666666667,0.19895833333333335,999.9527170536542,1.0308536482445941e-08
0.006012,0.010052083333333333,0.20104166666666665,999.9506424645991,1.0525550371334883e-08
0.006012,0.01015625,0.203125,999.948477878096,1.0744824821566263e-08
0.006012,0.010260416666666668,0.20520833333333335,999.9462195519031,1.0966359833140502e-08
0.006012,0.010364583333333333,0.20729166666666665,999.9438635970433,1.1190155406057182e-08
0.006012,0.01046875,0.209375,999.9414059725134,1.1416211540316228e-08
0.006012,0.010572916666666668,0.21145833333333336,999.9388424798266,1.1644528235918276e-08
0.006012,0.010677083333333334,0.21354166666666666,999.9361687573759,1.1875105492862764e-08
0.006012,0.010781250000000001,0.215625,999.9333802746247,1.2107943311149548e-08
0.006012,0.010885416666666668,0.21770833333333336,999.9304723261124,1.2343041690779405e-08
0.006012,0.010989583333333334,0.21979166666666666,999.9274400252698,1.2580400631751417e-08
0.006012,0.01109375,0.221875,999.9242782980443,1.2820020134066432e-08
0.006012,0.011197916666666669,0.22395833333333337,999.9209818763279,1.3061900197723885e-08
0.006012,0.011302083333333334,0.22604166666666667,999.917545291181,1.3306040822723636e-08
0.006012,0.01140625,0.228125,999.9139628658515,1.3552442009066458e-08
0.006012,0.011510416666666669,0.23020833333333338,999.9102287085772,1.380110375675165e-08
0.006012,0.011614583333333334,0.23229166666666667,999.9063367051743,1.4052026065779137e-08
0.006012,0.01171875,0.234375,999.9022805114029,1.4305208936149768e-08
0.006012,0.011822916666666667,0.23645833333333333,999.898053545101,1.4560652367862555e-08
0.006012,0.011927083333333335,0.23854166666666668,999.893648978089,1.4818356360918274e-08
0.006012,0.01203125,0.240625,999.8890597278323,1.5078320915316502e-08
0.006012,0.012135416666666668,0.24270833333333333,999.8842784488611,1.5340546031056886e-08
0.006012,0.012239583333333335,0.24479166666666669,999.8792975239403,1.5605031708140554e-08
0.006012,0.01234375,0.246875,999.874109054981,1.5871777946566237e-08
0.006012,0.012447916666666666,0.2489583333333333,999.8687048536954,1.6140784746334993e-08
0.006012,0.012552083333333335,0.25104166666666666,999.8630764319801,1.6412052107446045e-08
0.006012,0.01265625,0.253125,999.8572149920302,1.6685580029899538e-08
0.006012,0.012760416666666666,0.2552083333333333,999.8511114161719,1.6961368513696032e-08
0.006012,0.012864583333333336,0.2572916666666667,999.8447562564121,1.7239417558835103e-08
0.006012,0.012968750000000001,0.259375,999.8381397236986,1.751972716531619e-08
0.006012,0.013072916666666667,0.2614583333333333,999.8312516768808,1.7802297333140422e-08
0.006012,0.013177083333333334,0.2635416666666667,999.8240816113714,1.808712806230695e-08
0.006012,0.013281250000000001,0.265625,999.8166186474972,1.837421935281648e-08
0.006012,0.013385416666666667,0.2677083333333333,999.8088515185362,1.866357120466831e-08
0.006012,0.013489583333333334,0.26979166666666665,999.8007685584344,1.8955183617862574e-08
0.006012,0.013593750000000002,0.27187500000000003,999.7923576891969,1.92490565923997e-08
0.006012,0.013697916666666667,0.2739583333333333,999.7836064079437,1.9545190128279125e-08
0.006012,0.013802083333333333,0.27604166666666663,999.7745017736295,1.9843584225501692e-08
0.006012,0.013906250000000002,0.278125,999.7650303934154,2.0144238884066556e-08
0.006012,0.014010416666666668,0.28020833333333334,999.7551784086925,2.0447154103973576e-08
0.006012,0.014114583333333333,0.28229166666666666,999.7449314807462,2.075232988522388e-08
0.006012,0.014218750000000002,0.28437500000000004,999.7342747760568,2.1059766227816485e-08
0.006012,0.014322916666666668,0.2864583333333333,999.7231929512329,2.1369463131751243e-08
0.006012,0.014427083333333333,0.28854166666666664,999.7116701375664,2.1681420597029567e-08
0.006012,0.01453125,0.290625,999.6996899252085,2.1995638623649482e-08
0.006012,0.014635416666666668,0.29270833333333335,999.6872353469556,2.2312117211612685e-08
0.006012,0.014739583333333334,0.2947916666666667,999.6742888616437,2.2630856360918465e-08
0.006012,0.014843750000000001,0.296875,999.6608323371413,2.2951856071566118e-08
0.006012,0.014947916666666668,0.2989583333333333,999.6468470329394,2.3275116343557198e-08
0.006012,0.015052083333333334,0.30104166666666665,999.6323135823276,2.360063717689015e-08
0.006012,0.01515625,0.303125,999.6172119741558,2.392841857156653e-08
0.006012,0.015260416666666669,0.30520833333333336,999.6015215341722,2.4258460527585065e-08
0.006012,0.015364583333333334,0.3072916666666667,999.5852209059329,2.4590763044945754e-08
0.006012,0.01546875,0.30937499999999996,999.5682880312789,2.492532612364987e-08
0.006012,0.015572916666666667,0.31145833333333334,999.5507001303728,2.526214976369572e-08
0.006012,0.015677083333333335,0.31354166666666666,999.5324336812953,2.560123396508556e-08
0.006012,0.015781250000000004,0.31562500000000004,999.5134643991878,2.5942578727816002e-08
0.006012,0.015885416666666666,0.3177083333333333,999.4937672149431,2.6286184051890294e-08
0.006012,0.015989583333333335,0.3197916666666667,999.4733162534401,2.663204993730759e-08
0.006012,0.016093750000000004,0.3218750000000001,999.4520848113094,2.6980176384066193e-08
0.006012,0.016197916666666666,0.3239583333333333,999.4300453342372,2.73305633921678e-08
0.006012,0.016302083333333335,0.3260416666666667,999.407169393791,2.768321096161241e-08
0.006012,0.01640625,0.328125,999.383427663773,2.8038119092400304e-08
0.006012,0.016510416666666666,0.3302083333333333,999.3587898960947,2.839528778452894e-08
0.006012,0.016614583333333335,0.3322916666666667,999.3332248961619,2.875471703800143e-08
0.006012,0.01671875,0.334375,999.3067004977803,2.911640685281692e-08
0.006012,0.016822916666666667,0.3364583333333333,999.2791835375626,2.9480357228973435e-08
0.006012,0.016927083333333336,0.3385416666666667,999.2506398288494,2.9846568166473517e-08
0.006012,0.01703125,0.340625,999.22103413513,3.021503966531717e-08
0.006012,0.017135416666666667,0.34270833333333334,999.1903301429652,3.0585771725501285e-08
0.006012,0.017239583333333336,0.3447916666666667,999.1584904344128,3.0958764347028965e-08
0.006012,0.01734375,0.346875,999.1254764589456,3.133401752990049e-08
0.006012,0.017447916666666667,0.3489583333333333,999.0912485048705,3.17115312741122e-08
0.006012,0.017552083333333336,0.3510416666666667,999.0557656702415,3.209130557966776e-08
0.006012,0.01765625,0.35312499999999997,999.0189858332651,3.247334044656604e-08
0.006012,0.017760416666666667,0.35520833333333335,998.9808656222019,3.285763587480789e-08
0.006012,0.017864583333333336,0.35729166666666673,998.9413603847613,3.3244191864390195e-08
0.006012,0.01796875,0.35937499999999994,998.9004241569907,3.363300841531607e-08
0.006012,0.018072916666666668,0.3614583333333333,998.8580096316603,3.4024085527585514e-08
0.006012,0.018177083333333337,0.3635416666666667,998.8140681261435,3.44174232011957e-08
0.006012,0.01828125,0.365625,998.7685495497952,3.481302143614945e-08
0.006012,0.018385416666666668,0.36770833333333336,998.72140237083,3.5210880232446777e-08
0.006012,0.018489583333333337,0.36979166666666674,998.6725735827035,3.561099959008456e-08
0.006012,0.01859375,0.37187499999999996,998.6220086699994,3.601337950906591e-08
0.006012,0.018697916666666668,0.37395833333333334,998.5696515738247,3.641801998939139e-08
0.006012,0.018802083333333337,0.3760416666666667,998.5154446567193,3.682492103105649e-08
0.006012,0.01890625,0.378125,998.4593286670823,3.7234082634066e-08
0.006012,0.01901041666666667,0.38020833333333337,998.4012427031223,3.7645504798417954e-08
0.006012,0.019114583333333334,0.38229166666666664,998.3411241763339,3.805918752411347e-08
0.006012,0.01921875,0.38437499999999997,998.2789087745145,3.847513081114945e-08
0.006012,0.01932291666666667,0.38645833333333335,998.2145304243168,3.889333465952871e-08
0.006012,0.019427083333333334,0.3885416666666667,998.1479212533533,3.931379906925267e-08
0.006012,0.01953125,0.390625,998.0790115518603,3.9736524040315963e-08
0.006012,0.01963541666666667,0.3927083333333334,998.0077297339241,4.016150957272339e-08
0.006012,0.019739583333333335,0.39479166666666665,997.9340022982859,4.058875566647438e-08
0.006012,0.01984375,0.396875,997.8577537887314,4.10182623215664e-08
0.006012,0.01994791666666667,0.39895833333333336,997.7789067540773,4.145002953800114e-08
0.006012,0.020052083333333335,0.4010416666666667,997.6973817077658,4.188405731578029e-08
0.006012,0.02015625,0.403125,997.6130970870794,4.2320345654898775e-08
0.006012,0.02026041666666667,0.4052083333333334,997.5259692119891,4.275889455536224e-08
0.006012,0.020364583333333332,0.4072916666666666,997.4359122436516,4.319970401716786e-08
0.006012,0.02046875,0.409375,997.3428381425642,4.364277404031733e-08
0.006012,0.02057291666666667,0.41145833333333337,997.2466566264004,4.40881046248067e-08
0.006012,0.020677083333333332,0.41354166666666664,997.1472751275369,4.4535695770639914e-08
0.006012,0.02078125,0.415625,997.0445987502909,4.498554747781754e-08
0.006012,0.02088541666666667,0.4177083333333334,996.9385302278849,4.543765974633451e-08
0.006012,0.020989583333333332,0.4197916666666666,996.8289698791586,4.5892032576195316e-08
0.006012,0.02109375,0.421875,996.7158155650447,4.634866596740111e-08
0.006012,0.02119791666666667,0.4239583333333334,996.5989626448322,4.6807559919945106e-08
0.006012,0.021302083333333333,0.42604166666666665,996.4783039322373,4.7268714433834645e-08
0.006012,0.02140625,0.42812500000000003,996.3537296513022,4.773212950906747e-08
0.006012,0.02151041666666667,0.4302083333333334,996.2251273921468,4.819780514564019e-08
0.006012,0.021614583333333333,0.43229166666666663,996.0923820665957,4.8665741343556193e-08
0.006012,0.021718750000000002,0.434375,995.9553758637072,4.9135938102816046e-08
0.006012,0.021822916666666668,0.43645833333333334,995.8139882052288,4.9608395423419184e-08
0.006012,0.021927083333333333,0.43854166666666666,995.6680957010035,5.0083113305362225e-08
0.006012,0.022031250000000002,0.44062500000000004,995.5175721043603,5.056009174864911e-08
0.006012,0.022135416666666668,0.4427083333333333,995.3622882675102,5.103933075328041e-08
0.006012,0.022239583333333333,0.44479166666666664,995.2021120969855,5.1520830319251046e-08
0.006012,0.022343750000000002,0.446875,995.036908509144,5.200459044656609e-08
0.006012,0.022447916666666668,0.44895833333333335,994.8665393857764,5.249061113522499e-08
0.006012,0.022552083333333334,0.4510416666666667,994.6908635298445,5.297889238522322e-08
0.006012,0.022656250000000003,0.45312500000000006,994.5097366213887,5.346943419656586e-08
0.006012,0.02276041666666667,0.4552083333333333,994.3230111736342,5.396223656925292e-08
0.006012,0.022864583333333334,0.45729166666666665,994.1305364893329,5.445729950327875e-08
0.006012,0.022968750000000003,0.45937500000000003,993.932158617379,5.495462299864899e-08
0.006012,0.02307291666666667,0.46145833333333336,993.7277203097319,5.545420705536421e-08
0.006012,0.023177083333333334,0.4635416666666667,993.5170609786909,5.595605167341763e-08
0.006012,0.023281250000000003,0.46562500000000007,993.3000166545518,5.646015685281546e-08
0.006012,0.023385416666666665,0.4677083333333333,993.0764199436925,5.696652259355659e-08
0.006012,0.023489583333333335,0.46979166666666666,992.8460999871303,5.747514889564156e-08
0.006012,0.023593750000000004,0.47187500000000004,992.6088824195847,5.7986035759065864e-08
0.006012,0.023697916666666666,0.4739583333333333,992.3645893290949,5.849918318383458e-08
0.006012,0.023802083333333335,0.4760416666666667,992.1130392172356,5.901459116994715e-08
0.006012,0.023906250000000004,0.4781250000000001,991.8540469599735,5.953225971739905e-08
0.006012,0.024010416666666666,0.4802083333333333,991.5874237692152,6.005218882619536e-08
0.006012,0.024114583333333335,0.4822916666666667,991.3129771550841,6.057437849633666e-08
0.006012,0.024218750000000004,0.48437500000000006,991.0305108889834,6.109882872781558e-08
0.006012,0.024322916666666666,0.4864583333333333,990.7398249674904,6.16255395206395e-08
0.006012,0.024427083333333335,0.4885416666666667,990.4407155771264,6.215451087480896e-08
0.006012,0.024531250000000004,0.4906250000000001,990.1329750600635,6.268574279031548e-08
0.006012,0.024635416666666667,0.4927083333333333,989.8163918808051,6.321923526716756e-08
0.006012,0.024739583333333336,0.4947916666666667,989.4907505939052,6.375498830536234e-08
0.006012,0.02484375,0.496875,989.1558318127686,6.429300190490099e-08
0.006012,0.024947916666666667,0.49895833333333334,988.8114121795945,6.483327606577895e-08
0.006012,0.025052083333333336,0.5010416666666667,988.4572643365083,6.537581078800022e-08
0.006012,0.02515625,0.503125,988.0931568979427,6.592060607156815e-08
0.006012,0.025260416666666667,0.5052083333333333,987.718854424322,6.646766191647259e-08
0.006012,0.025364583333333336,0.5072916666666667,987.3341173971046,6.70169783227237e-08
0.006012,0.025468750000000002,0.509375,986.9387021952399,6.756855529031811e-08
0.006012,0.025572916666666667,0.5114583333333333,986.5323610730994,6.812239281925015e-08
0.006012,0.025677083333333336,0.5135416666666667,986.1148421399365,6.867849090952886e-08
0.006012,0.025781250000000002,0.515625,985.6858893409355,6.923684956115198e-08
0.006012,0.025885416666666668,0.5177083333333333,985.2452424399081,6.97974687741116e-08
0.006012,0.025989583333333337,0.5197916666666667,984.7926370036937,7.036034854841792e-08
0.006012,0.02609375,0.521875,984.3278043883287,7.092548888406525e-08
0.006012,0.026197916666666668,0.5239583333333333,983.8504717270368,7.149288978105813e-08
0.006012,0.026302083333333337,0.5260416666666667,983.3603619201104,7.206255123938978e-08
0.006012,0.02640625,0.528125,982.8571936267323,7.263447325906583e-08
0.006012,0.026510416666666668,0.5302083333333333,982.340681258806,7.320865584008631e-08
0.006012,0.026614583333333337,0.5322916666666667,981.8105349768541,7.378509898244554e-08
0.006012,0.02671875,0.5343749999999999,981.2664606880409,7.43638026861492e-08
0.006012,0.02682291666666667,0.5364583333333334,980.7081600463872,7.494476695119727e-08
0.006012,0.026927083333333338,0.5385416666666667,980.1353304552322,7.55279917775841e-08
0.006012,0.02703125,0.5406249999999999,979.5476650720045,7.611347716531649e-08
0.006012,0.02713541666666667,0.5427083333333333,978.9448528153661,7.670122311439215e-08
0.006012,0.027239583333333338,0.5447916666666667,978.3265783747846,7.729122962480546e-08
0.006012,0.02734375,0.546875,977.6925222225988,7.788349669656657e-08
0.006012,0.02744791666666667,0.5489583333333333,977.0423606286316,7.847802432966643e-08
0.006012,0.027552083333333335,0.5510416666666667,976.3757656774184,7.907481252411525e-08
0.006012,0.02765625,0.553125,975.6924052880986,7.967386127989829e-08
0.006012,0.02776041666666667,0.5552083333333333,974.9919432370405,8.027517059702915e-08
0.006012,0.027864583333333335,0.5572916666666666,974.2740391832476,8.08787404755033e-08
0.006012,0.02796875,0.559375,973.5383486966105,8.148457091531509e-08
0.006012,0.02807291666666667,0.5614583333333334,972.7845232890579,8.209266191647354e-08
0.006012,0.028177083333333335,0.5635416666666667,972.0122104486613,8.270301347897527e-08
0.006012,0.02828125,0.5656249999999999,971.2210536767541,8.331562560281578e-08
0.006012,0.02838541666666667,0.5677083333333334,970.4106925281108,8.393049828800071e-08
0.006012,0.028489583333333336,0.5697916666666667,969.5807626542473,8.454763153453117e-08
0.006012,0.02859375,0.571875,968.7308958498863,8.516702534239815e-08
0.006012,0.02869791666666667,0.5739583333333333,967.8607201026489,8.57886797116118e-08
0.006012,0.028802083333333332,0.5760416666666666,966.969859646012,8.641259464216759e-08
0.006012,0.02890625,0.578125,966.0579350155855,8.703877013406895e-08
0.006012,0.02901041666666667,0.5802083333333333,965.1245631087537,8.766720618730567e-08
0.006012,0.029114583333333333,0.5822916666666667,964.1693572477303,8.82979028018902e-08
0.006012,0.02921875,0.584375,963.1919272460641,8.8930859977818e-08
0.006012,0.02932291666666667,0.5864583333333334,962.191879478646,8.956607771508346e-08
0.006012,0.029427083333333333,0.5885416666666666,961.1688169552513,9.020355601369559e-08
0.006012,0.029531250000000002,0.590625,960.1223393976597,9.084329487365213e-08
0.006012,0.02963541666666667,0.5927083333333334,959.0520433203875,9.148529429494518e-08
0.006012,0.029739583333333333,0.5947916666666666,957.9575221150722,9.212955427758376e-08
0.006012,0.029843750000000002,0.596875,956.8383661385345,9.277607482156791e-08
0.006012,0.02994791666666667,0.5989583333333334,955.69416280456,9.342485592688967e-08
0.006012,0.030052083333333333,0.6010416666666666,954.5244966794157,9.407589759355586e-08
0.006012,0.030156250000000002,0.603125,953.3289495811395,9.472919982156533e-08
0.006012,0.030260416666666668,0.6052083333333333,952.1071006826232,9.538476261092148e-08
0.006012,0.030364583333333334,0.6072916666666667,950.8585266185072,9.604258596161075e-08
0.006012,0.030468750000000003,0.609375,949.582801595914,9.670266987364895e-08
0.006012,0.03057291666666667,0.6114583333333333,948.2794975090278,9.736501434703157e-08
0.006012,0.030677083333333334,0.6135416666666667,946.948184057547,9.802961938175069e-08
0.006012,0.030781250000000003,0.615625,945.5884288690056,9.869648497781536e-08
0.006012,0.03088541666666667,0.6177083333333333,944.1997976249871,9.936561113522669e-08
0.006012,0.030989583333333334,0.6197916666666666,942.7818541912284,1.0003699785397228e-07
0.006012,0.031093750000000003,0.6218750000000001,941.3341607516179,1.0071064513406568e-07
0.006012,0.031197916666666665,0.6239583333333333,939.8562779460909,1.0138655297550009e-07
0.006012,0.031302083333333335,0.6260416666666666,938.3477650124141,1.0206472137828118e-07
0.006012,0.031406250000000004,0.628125,936.8081799318616,1.027451503424033e-07
0.006012,0.031510416666666666,0.6302083333333333,935.2370795787618,1.0342783986785854e-07
0.006012,0.031614583333333335,0.6322916666666667,933.6340198739127,1.0411278995466949e-07
0.006012,0.031718750000000004,0.634375,931.9985559418456,1.0480000060281807e-07
0.006012,0.03182291666666667,0.6364583333333335,930.3302422719153,1.0548947181230429e-07
0.006012,0.031927083333333335,0.6385416666666667,928.6286328832026,1.0618120358314171e-07
0.006012,0.032031250000000004,0.640625,926.8932814931903,1.0687519591531901e-07
0.006012,0.032135416666666666,0.6427083333333333,925.1237416901981,1.0757144880882945e-07
0.006012,0.032239583333333335,0.6447916666666667,923.3195671095303,1.0826996226370011e-07
0.006012,0.032343750000000004,0.6468750000000001,921.4803116133081,1.0897073627989485e-07
0.006012,0.03244791666666667,0.6489583333333333,919.605529473939,1.0967377085744755e-07
0.006012,0.032552083333333336,0.6510416666666666,917.694775561187,1.103790659963379e-07
0.006012,0.03265625,0.653125,915.747605532791,1.1108662169656136e-07
0.006012,0.03276041666666667,0.6552083333333333,913.7635760285768,1.117964379581428e-07
0.006012,0.032864583333333336,0.6572916666666667,911.7422448680157,1.1250851478105962e-07
0.006012,0.032968750000000005,0.659375,909.6831712511632,1.1322285216531181e-07
0.006012,0.03307291666666667,0.6614583333333333,907.5859159629175,1.1393945011091971e-07
0.006012,0.033177083333333336,0.6635416666666667,905.450041580531,1.1465830861786751e-07
0.006012,0.03328125,0.6656249999999999,903.275112684302,1.1537942768614391e-07
0.006012,0.03338541666666667,0.6677083333333333,901.0606960713744,1.1610280731578055e-07
0.006012,0.033489583333333336,0.6697916666666667,898.806360972565,1.1682844750675481e-07
0.006012,0.033593750000000006,0.6718750000000001,896.5116792721374,1.175563482590622e-07
0.006012,0.03369791666666667,0.6739583333333333,894.176225730431,1.1828650957272528e-07
0.006012,0.03380208333333334,0.6760416666666667,891.799578209263,1.1901893144772828e-07
0.006012,0.03390625,0.678125,889.3813179000019,1.1975361388405988e-07
0.006012,0.03401041666666667,0.6802083333333333,886.9210295542161,1.2049055688175396e-07
0.006012,0.03411458333333334,0.6822916666666667,884.4183017167983,1.212297604407834e-07
0.006012,0.034218750000000006,0.6843750000000001,881.8727269614546,1.2197122456114373e-07
0.006012,0.03432291666666667,0.6864583333333333,879.2839021284527,1.2271494924286653e-07
0.006012,0.03442708333333334,0.6885416666666667,876.6514285645142,1.234609344859202e-07
0.006012,0.03453125,0.6906249999999999,873.9749123647326,1.242091802903115e-07
0.006012,0.03463541666666667,0.6927083333333334,871.2539646163951,1.2495968665605852e-07
0.006012,0.03473958333333334,0.6947916666666667,868.4882016445873,1.2571245358314543e-07
0.006012,0.03484375000000001,0.6968750000000001,865.6772452594477,1.2646748107156093e-07
0.006012,0.03494791666666667,0.6989583333333333,862.8207230049411,1.272247691213367e-07
0.006012,0.03505208333333333,0.7010416666666666,859.918268409016,1.27984317732441e-07
0.006012,0.03515625,0.703125,856.9695212350082,1.2874612690490106e-07
0.006012,0.03526041666666667,0.7052083333333333,853.974127734141,1.29510196638701e-07
0.006012,0.03536458333333334,0.7072916666666668,850.9317408989887,1.302765269338273e-07
0.006012,0.03546875,0.709375,847.8420207177379,1.310451177903206e-07
0.006012,0.03557291666666667,0.7114583333333333,844.7046344291075,1.318159692081425e-07
0.006012,0.03567708333333333,0.7135416666666666,841.5192567777682,1.3258908118730204e-07
0.006012,0.03578125,0.715625,838.2855702700954,1.3336445372781952e-07
0.006012,0.03588541666666667,0.7177083333333334,835.0032654301064,1.3414208682967015e-07
0.006012,0.03598958333333334,0.7197916666666667,831.672041055407,1.349219804928584e-07
0.006012,0.03609375,0.7218749999999999,828.2916044729866,1.3570413471740238e-07
0.006012,0.03619791666666667,0.7239583333333334,824.8616717946875,1.3648854950328173e-07
0.006012,0.03630208333333333,0.7260416666666666,821.381968172181,1.3727522485049645e-07
0.006012,0.03640625,0.728125,817.8522280512698,1.3806416075906914e-07
0.006012,0.03651041666666667,0.7302083333333333,814.272195425348,1.3885535722897723e-07
0.006012,0.03661458333333334,0.7322916666666668,810.6416240878281,1.3964881426021842e-07
0.006012,0.03671875,0.734375,806.9602778833652,1.4044453185281983e-07
0.006012,0.03682291666666667,0.7364583333333333,803.2279309576879,1.4124251000675439e-07
0.006012,0.03692708333333333,0.7385416666666667,799.4443680058546,1.4204274872202204e-07
0.006012,0.03703125,0.740625,795.6093845187463,1.4284524799865444e-07
0.006012,0.03713541666666667,0.7427083333333334,791.7227870276125,1.4365000783661544e-07
0.006012,0.03723958333333334,0.7447916666666667,787.7843933464751,1.4445702823591183e-07
0.006012,0.03734375,0.746875,783.794032812205,1.452663091965707e-07
0.006012,0.03744791666666667,0.7489583333333334,779.7515465220736,1.4607785071856045e-07
0.006012,0.03755208333333333,0.7510416666666666,775.6567875685995,1.4689165280188328e-07
0.006012,0.03765625,0.753125,771.5096212714801,1.4770771544656862e-07
0.006012,0.03776041666666667,0.7552083333333334,767.3099254064317,1.4852603865258936e-07
0.006012,0.03786458333333334,0.7572916666666668,763.0575904307308,1.4934662241993866e-07
0.006012,0.03796875,0.759375,758.7525197052717,1.50169466748655e-07
0.006012,0.038072916666666665,0.7614583333333332,754.3946297129414,1.509945716386886e-07
0.006012,0.038177083333333334,0.7635416666666667,749.9838502731217,1.51821937090087e-07
0.006012,0.03828125,0.765625,745.5201247521219,1.5265156310282076e-07
0.006012,0.03838541666666667,0.7677083333333334,741.0034102693508,1.534834496768831e-07
0.006012,0.038489583333333334,0.7697916666666667,736.4336778990345,1.5431759681231247e-07
0.006012,0.03859375,0.771875,731.8109128672916,1.5515400450906818e-07
0.006012,0.038697916666666665,0.7739583333333333,727.1351147443733,1.559926727671615e-07
0.006012,0.038802083333333334,0.7760416666666666,722.4062976318781,1.5683360158661735e-07
0.006012,0.03890625,0.7781250000000001,717.6244903447594,1.5767679096740403e-07
0.006012,0.03901041666666667,0.7802083333333334,712.7897365879313,1.5852224090952158e-07
0.006012,0.039114583333333335,0.7822916666666666,707.9020951273002,1.5936995141300613e-07
0.006012,0.039218750000000004,0.784375,702.9616399550241,1.6021992247781928e-07
0.006012,0.039322916666666666,0.7864583333333333,697.968460448841,1.6107215410396782e-07
0.006012,0.039427083333333335,0.7885416666666667,692.9226615252696,1.619266462914743e-07
0.006012,0.039531250000000004,0.790625,687.8243637865189,1.6278339904032073e-07
0.006012,0.03963541666666667,0.7927083333333335,682.6737036609312,1.63642412350498e-07
0.006012,0.039739583333333335,0.7947916666666667,677.4708335367908,1.645036862220332e-07
0.006012,0.039843750000000004,0.796875,672.215921889329,1.653672206548993e-07
0.006012,0.039947916666666666,0.7989583333333333,666.9091534007729,1.662330156491098e-07
0.006012,0.040052083333333335,0.8010416666666667,661.5507290732642,1.6710107120466923e-07
0.006012,0.040156250000000004,0.8031250000000001,656.1408663345069,1.6797138732157308e-07
0.006012,0.040260416666666674,0.8052083333333334,650.6797991359864,1.6884396399979875e-07
0.006012,0.040364583333333336,0.8072916666666666,645.1677780436125,1.6971880123939145e-07
0.006012,0.040468750000000005,0.8093750000000001,639.6050703206445,1.7059589904032401e-07
0.006012,0.04057291666666667,0.8114583333333333,633.991960002763,1.714752574025739e-07
0.006012,0.040677083333333336,0.8135416666666667,628.3287479651502,1.723568763261998e-07
0.006012,0.040781250000000005,0.815625,622.6157519814537,1.7324075581114304e-07
0.006012,0.04088541666666667,0.8177083333333333,616.8533067745075,1.7412689585744878e-07
0.006012,0.040989583333333336,0.8197916666666667,611.0417640586916,1.7501529646508985e-07
0.006012,0.04109375,0.8218749999999999,605.1814925738225,1.7590595763406183e-07
0.006012,0.04119791666666667,0.8239583333333333,599.2728781104539,1.7679887936439175e-07
0.006012,0.041302083333333336,0.8260416666666667,593.3163235265014,1.7769406165606157e-07
0.006012,0.041406250000000006,0.8281250000000001,587.3122487550828,1.7859150450905774e-07
0.006012,0.04151041666666667,0.8302083333333333,581.2610908034873,1.794912079234254e-07
0.006012,0.04161458333333334,0.8322916666666667,575.1633037431901,1.8039317189911492e-07
0.006012,0.04171875,0.834375,569.0193586908343,1.8129739643614432e-07
0.006012,0.04182291666666667,0.8364583333333333,562.829743780104,1.822038815345317e-07
0.006012,0.04192708333333334,0.8385416666666667,556.5949641244292,1.8311262719425446e-07
0.006012,0.042031250000000006,0.8406250000000001,550.3155417704575,1.840236334153081e-07
0.006012,0.04213541666666667,0.8427083333333333,543.9920156422461,1.849369001977287e-07
0.006012,0.04223958333333334,0.8447916666666667,537.6249414761212,1.858524275414802e-07
0.006012,0.04234375,0.8468749999999999,531.2148917461757,1.86770215446558e-07
0.006012,0.04244791666666667,0.8489583333333334,524.7624555803632,1.8769026391300282e-07
0.006012,0.04255208333333334,0.8510416666666667,518.2682386671729,1.8861257294078756e-07
0.006012,0.04265625000000001,0.8531250000000001,511.7328631528608,1.895371425298896e-07
0.006012,0.04276041666666667,0.8552083333333333,505.15696752923225,1.9046397268036766e-07
0.006012,0.04286458333333334,0.8572916666666667,498.5412065119674,1.9139306339217206e-07
0.006012,0.04296875,0.859375,491.88625090950285,1.9232441466530734e-07
0.006012,0.04307291666666667,0.8614583333333333,485.1927874824671,1.9325802649981414e-07
0.006012,0.04317708333333334,0.8635416666666668,478.4615187937072,1.9419389889564276e-07
0.006012,0.04328125000000001,0.8656250000000001,471.6931630489169,1.9513203185280676e-07
0.006012,0.04338541666666667,0.8677083333333333,464.8884539279096,1.9607242537134228e-07
0.006012,0.04348958333333333,0.8697916666666666,458.0481404065756,1.970150794511861e-07
0.006012,0.04359375,0.871875,451.17298656957445,1.979599940924059e-07
0.006012,0.04369791666666667,0.8739583333333334,444.2637714138179,1.9890716929494757e-07
0.006012,0.04380208333333334,0.8760416666666667,437.3212886428067,1.9985660505882912e-07
0.006012,0.04390625,0.8781249999999999,430.3463464518974,2.0080830138406865e-07
0.006012,0.04401041666666667,0.8802083333333334,423.33976730457334,2.0176225827064356e-07
0.006012,0.04411458333333333,0.8822916666666666,416.302387699816,2.0271847571854933e-07
0.006012,0.04421875,0.884375,409.2350579306583,2.0367695372782208e-07
0.006012,0.04432291666666667,0.8864583333333333,402.1386418340373,2.046376922984212e-07
0.006012,0.04442708333333334,0.8885416666666668,395.0140165320413,2.056006914303557e-07
0.006012,0.04453125,0.890625,387.86207216468057,2.0656595112365265e-07
0.006012,0.04463541666666667,0.8927083333333333,380.68371161429565,2.0753347137828502e-07
0.006012,0.04473958333333333,0.8947916666666667,373.47985022174623,2.0850325219424372e-07
0.006012,0.04484375,0.896875,366.251415494506,2.094752935715694e-07
0.006012,0.04494791666666667,0.8989583333333334,358.99934680682156,2.104495955102305e-07
0.006012,0.04505208333333334,0.9010416666666667,351.72459509208005,2.114261580102134e-07
0.006012,0.04515625,0.903125,344.42812252754857,2.1240498107157234e-07
0.006012,0.04526041666666667,0.9052083333333334,337.1109022116492,2.1338606469425763e-07
0.006012,0.04536458333333333,0.9072916666666666,329.7739178339493,2.1436940887826928e-07
0.006012,0.04546875,0.909375,322.4181633380352,2.1535501362365242e-07
0.006012,0.04557291666666667,0.9114583333333334,315.04464257746787,2.1634287893037096e-07
0.006012,0.04567708333333334,0.9135416666666668,307.65436896500313,2.173330047984068e-07
0.006012,0.04578125,0.915625,300.24836511528,2.1832539122782318e-07
0.006012,0.04588541666666667,0.9177083333333333,292.8276624811769,2.193200382185614e-07
0.006012,0.045989583333333334,0.9197916666666667,285.3933009840548,2.2031694577063048e-07
0.006012,0.04609375,0.921875,277.94632863808846,2.2131611388407109e-07
0.006012,0.04619791666666667,0.9239583333333334,270.4878011689232,2.2231754255884256e-07
0.006012,0.04630208333333334,0.9260416666666668,263.0187816268707,2.2332123179493585e-07
0.006012,0.04640625,0.928125,255.54033999488175,2.2432718159240517e-07
0.006012,0.046510416666666665,0.9302083333333333,248.0535527915299,2.2533539195118278e-07
0.006012,0.046614583333333334,0.9322916666666666,240.5595026692495,2.2634586287134095e-07
0.006012,0.04671875,0.9343750000000001,233.05927800807254,2.2735859435282093e-07
0.006012,0.04682291666666667,0.9364583333333334,225.55397250511155,2.2837358639563176e-07
0.006012,0.046927083333333335,0.9385416666666666,218.04468476004664,2.2939083899981415e-07
0.006012,0.047031250000000004,0.940625,210.53251785687044,2.3041035216531832e-07
0.006012,0.047135416666666666,0.9427083333333333,203.01857894215883,2.314321258921579e-07
0.006012,0.047239583333333335,0.9447916666666667,195.50397880012142,2.32456160180369e-07
0.006012,0.047343750000000004,0.946875,187.98983142471323,2.3348245502990644e-07
0.006012,0.04744791666666667,0.9489583333333335,180.477253589066,2.345110104407702e-07
0.006012,0.047552083333333335,0.9510416666666667,172.9673644125213,2.3554182641300552e-07
0.006012,0.047656250000000004,0.953125,165.46128492553564,2.3657490294657168e-07
0.006012,0.047760416666666666,0.9552083333333333,157.96013763274368,2.376102400414642e-07
0.006012,0.047864583333333335,0.9572916666666667,150.46504607444774,2.386478376977282e-07
0.006012,0.047968750000000004,0.9593750000000001,142.9771343868298,2.3968769591532307e-07
0.006012,0.048072916666666674,0.9614583333333334,135.4975268611562,2.407298146942398e-07
0.006012,0.048177083333333336,0.9635416666666666,128.0273475022695,2.417741940345371e-07
0.006012,0.048281250000000005,0.9656250000000001,120.56771958664532,2.4282083393615617e-07
0.006012,0.04838541666666667,0.9677083333333333,113.11976522030992,2.438697343991016e-07
0.006012,0.048489583333333336,0.9697916666666667,105.68460489689171,2.449208954234231e-07
0.006012,0.048593750000000005,0.971875,98.26335705610934,2.459743170090709e-07
0.006012,0.048697916666666674,0.9739583333333335,90.85713764296871,2.470299991560451e-07
0.006012,0.048802083333333336,0.9760416666666667,83.4670596679648,2.480879418643998e-07
0.006012,0.048906250000000005,0.978125,76.09423276856815,2.4914814513407184e-07
0.006012,0.04901041666666667,0.9802083333333333,68.73976277228853,2.502106089650702e-07
0.006012,0.049114583333333336,0.9822916666666667,61.40475126158739,2.5127533335745364e-07
0.006012,0.049218750000000006,0.9843750000000001,54.090295140935986,2.5234231831114086e-07
0.006012,0.04932291666666667,0.9864583333333333,46.79748620628778,2.534115638261996e-07
0.006012,0.04942708333333334,0.9885416666666667,39.527410717248515,2.5448306990258915e-07
0.006012,0.04953125,0.990625,32.2811489722259,2.555568365403096e-07
0.006012,0.04963541666666667,0.9927083333333333,25.059774886820705,2.5663286373939703e-07
0.006012,0.04973958333333334,0.9947916666666667,17.86435557574575,2.5771115149981084e-07
0.006012,0.049843750000000006,0.9968750000000001,10.695950938528565,2.587916998215555e-07
0.006012,0.04994791666666667,0.9989583333333333,3.5556132492718797,2.598745087046762e-07
0.006032,5.208333333333334e-05,0.0010416666666666667,999.9978840064646,3.7676022376543216e-13
0.006032,0.00015625,0.0031249999999999997,999.9978812563018,2.637321566358025e-12
0.006032,0.00026041666666666666,0.005208333333333333,999.9978757505834,7.158444251543212e-12
0.006032,0.00036458333333333335,0.007291666666666667,999.9978674781711,1.394012827932099e-11
0.006032,0.00046875,0.009375,999.9978564223717,2.2982373649691355e-11
0.006032,0.0005729166666666667,0.011458333333333333,999.9978425608855,3.4285180362654335e-11
0.006032,0.0006770833333333334,0.013541666666666667,999.9978258657571,4.784854841820988e-11
0.006032,0.00078125,0.015625,999.9978063033195,6.367247781635804e-11
0.006032,0.0008854166666666667,0.017708333333333333,999.9977838341268,8.175696855709879e-11
0.006032,0.0009895833333333334,0.019791666666666666,999.9977584128761,1.0210202064043203e-10
0.006032,0.00109375,0.021875000000000002,999.9977299883167,1.2470763406635805e-10
0.006032,0.0011979166666666666,0.02395833333333333,999.997698503152,1.4957380883487663e-10
0.006032,0.0013020833333333335,0.026041666666666668,999.9976638939222,1.7670054494598758e-10
0.006032,0.00140625,0.028124999999999997,999.997626090882,2.0608784239969144e-10
0.006032,0.0015104166666666669,0.030208333333333337,999.9975850178621,2.3773570119598785e-10
0.006032,0.0016145833333333333,0.03229166666666666,999.9975405921197,2.7164412133487647e-10
0.006032,0.0017187500000000002,0.034375,999.9974927241757,3.0781310281635824e-10
0.006032,0.0018229166666666667,0.03645833333333333,999.997441317639,3.462426456404321e-10
0.006032,0.0019270833333333336,0.03854166666666667,999.9973862690184,3.869327498070989e-10
0.006032,0.00203125,0.040625,999.9973274675204,4.298834153163573e-10
0.006032,0.0021354166666666665,0.04270833333333333,999.9972647948316,4.750946421682109e-10
0.006032,0.0022395833333333334,0.04479166666666667,999.9971981248906,5.225664303626536e-10
0.006032,0.0023437500000000003,0.04687500000000001,999.9971273236412,5.722987798996925e-10
0.006032,0.002447916666666667,0.04895833333333333,999.9970522487725,6.242916907793205e-10
0.006032,0.0025520833333333333,0.051041666666666666,999.9969727494463,6.785451630015442e-10
0.006032,0.00265625,0.053125,999.9968886660023,7.350591965663565e-10
0.006032,0.002760416666666667,0.05520833333333334,999.996799829652,7.938337914737678e-10
0.006032,0.0028645833333333336,0.05729166666666667,999.9967060621549,8.548689477237637e-10
0.006032,0.00296875,0.059375,999.9966071754778,9.18164665316361e-10
0.006032,0.003072916666666667,0.06145833333333334,999.9965029714346,9.837209442515417e-10
0.006032,0.003177083333333334,0.06354166666666668,999.9963932413078,1.0515377845293237e-09
0.006032,0.0032812500000000003,0.065625,999.9962777654534,1.1216151861496883e-09
0.006032,0.0033854166666666668,0.06770833333333333,999.9961563128846,1.1939531491126517e-09
0.006032,0.0034895833333333333,0.06979166666666665,999.9960286408345,1.2685516734182142e-09
0.006032,0.00359375,0.071875,999.9958944942998,1.345410759066356e-09
0.006032,0.003697916666666667,0.07395833333333333,999.9957536055625,1.424530406057101e-09
0.006032,0.0038020833333333335,0.07604166666666666,999.9956056936886,1.5059106143904297e-09
0.006032,0.00390625,0.078125,999.9954504640032,1.5895513840663619e-09
0.006032,0.004010416666666667,0.08020833333333334,999.9952876075445,1.6754527150848731e-09
0.006032,0.004114583333333333,0.08229166666666665,999.995116800491,1.7636146074459857e-09
0.006032,0.00421875,0.084375,999.9949377035625,1.8540370611497038e-09
0.006032,0.004322916666666668,0.08645833333333335,999.9947499613986,1.9467200761959833e-09
0.006032,0.004427083333333333,0.08854166666666666,999.9945532019055,2.0416636525848733e-09
0.006032,0.0045312500000000006,0.09062500000000001,999.9943470355774,2.138867790316355e-09
0.006032,0.004635416666666667,0.09270833333333334,999.9941310547874,2.2383324893904475e-09
0.006032,0.0047395833333333335,0.09479166666666666,999.9939048330502,2.3400577498070924e-09
0.006032,0.004843750000000001,0.09687500000000002,999.9936679242516,2.444043571566356e-09
0.006032,0.0049479166666666664,0.09895833333333333,999.9934198618463,2.5502899546682077e-09
0.006032,0.005052083333333334,0.10104166666666667,999.9931601580244,2.658796899112643e-09
0.006032,0.00515625,0.103125,999.9928883028388,2.7695644048997107e-09
0.006032,0.005260416666666667,0.10520833333333333,999.9926037633021,2.8825924720293132e-09
0.006032,0.005364583333333334,0.10729166666666667,999.9923059824434,2.997881100501539e-09
0.006032,0.00546875,0.10937499999999999,999.9919943783268,3.1154302903163524e-09
0.006032,0.005572916666666667,0.11145833333333334,999.9916683430316,3.2352400414737896e-09
0.006032,0.005677083333333334,0.11354166666666668,999.9913272415926,3.3573103539737616e-09
0.006032,0.00578125,0.11562499999999999,999.990970410895,3.481641227816348e-09
0.006032,0.005885416666666667,0.11770833333333335,999.9905971585284,3.6082326630015406e-09
0.006032,0.005989583333333334,0.11979166666666667,999.990206761594,3.737084659529347e-09
0.006032,0.00609375,0.121875,999.989798465465,3.86819721739968e-09
0.006032,0.0061979166666666675,0.12395833333333335,999.9893714825001,4.001570336612654e-09
0.006032,0.006302083333333333,0.12604166666666666,999.9889249907053,4.137204017168198e-09
0.006032,0.0064062500000000005,0.128125,999.9884581323447,4.275098259066392e-09
0.006032,0.006510416666666668,0.13020833333333334,999.987970012498,4.415253062307077e-09
0.006032,0.006614583333333333,0.13229166666666667,999.9874596975633,4.557668426890429e-09
0.006032,0.006718750000000001,0.134375,999.9869262137017,4.70234435281636e-09
0.006032,0.006822916666666666,0.13645833333333332,999.986368545222,4.8492808400848535e-09
0.006032,0.006927083333333334,0.13854166666666667,999.9857856329085,4.9984778886960314e-09
0.006032,0.007031250000000001,0.140625,999.9851763722813,5.149935498649682e-09
0.006032,0.007135416666666667,0.14270833333333333,999.984539611795,5.303653669945966e-09
0.006032,0.007239583333333334,0.14479166666666668,999.9838741509674,5.4596324025848815e-09
0.006032,0.0073437500000000005,0.146875,999.9831787384422,5.617871696566394e-09
0.006032,0.007447916666666667,0.14895833333333333,999.982452069977,5.7783715518904144e-09
0.006032,0.007552083333333334,0.15104166666666669,999.9816927863598,5.941131968557085e-09
0.006032,0.00765625,0.15312499999999998,999.9808994712486,6.106152946566353e-09
0.006032,0.007760416666666667,0.15520833333333334,999.9800706489309,6.273434485918199e-09
0.006032,0.007864583333333335,0.1572916666666667,999.9792047820051,6.442976586612696e-09
0.006032,0.00796875,0.159375,999.9783002689754,6.614779248649736e-09
0.006032,0.008072916666666667,0.16145833333333334,999.9773554417617,6.788842472029249e-09
0.006032,0.008177083333333335,0.1635416666666667,999.9763685631227,6.965166256751589e-09
0.006032,0.00828125,0.165625,999.9753378239822,7.143750602816296e-09
0.006032,0.008385416666666666,0.16770833333333332,999.9742613406654,7.324595510223794e-09
0.006032,0.008489583333333335,0.1697916666666667,999.9731371520359,7.507700978973836e-09
0.006032,0.00859375,0.171875,999.971963216533,7.693067009066281e-09
0.006032,0.008697916666666666,0.17395833333333333,999.970737409105,7.880693600501587e-09
0.006032,0.008802083333333334,0.17604166666666665,999.9694575180373,8.070580753279225e-09
0.006032,0.008906250000000001,0.178125,999.9681212416688,8.26272846739976e-09
0.006032,0.009010416666666667,0.18020833333333333,999.9667261849951,8.457136742862698e-09
0.006032,0.009114583333333334,0.18229166666666666,999.9652698561607,8.653805579668144e-09
0.006032,0.009218750000000001,0.184375,999.9637496628249,8.852734977816417e-09
0.006032,0.009322916666666667,0.18645833333333334,999.962162908407,9.053924937307163e-09
0.006032,0.009427083333333334,0.18854166666666666,999.9605067882078,9.257375458140312e-09
0.006032,0.009531250000000002,0.19062500000000002,999.9587783853972,9.463086540316427e-09
0.006032,0.009635416666666667,0.19270833333333334,999.9569746668675,9.67105818383477e-09
0.006032,0.009739583333333333,0.19479166666666664,999.9550924789529,9.88129038869608e-09
0.006032,0.009843750000000002,0.19687500000000002,999.9531285430049,1.009378315489972e-08
0.006032,0.009947916666666667,0.19895833333333335,999.9510794508199,1.0308536482445941e-08
0.006032,0.010052083333333333,0.20104166666666665,999.9489416599216,1.0525550371334883e-08
0.006032,0.01015625,0.203125,999.9467114886891,1.0744824821566263e-08
0.006032,0.010260416666666668,0.20520833333333335,999.9443851113231,1.0966359833140502e-08
0.006032,0.010364583333333333,0.20729166666666665,999.9419585526564,1.1190155406057182e-08
0.006032,0.01046875,0.209375,999.9394276827927,1.1416211540316228e-08
0.006032,0.010572916666666668,0.21145833333333336,999.9367882115782,1.1644528235918276e-08
0.006032,0.010677083333333334,0.21354166666666666,999.9340356828941,1.1875105492862764e-08
0.006032,0.010781250000000001,0.215625,999.9311654687752,1.2107943311149548e-08
0.006032,0.010885416666666668,0.21770833333333336,999.9281727633396,1.2343041690779405e-08
0.006032,0.010989583333333334,0.21979166666666666,999.9250525765308,1.2580400631751417e-08
0.006032,0.01109375,0.221875,999.921799727665,1.2820020134066432e-08
0.006032,0.011197916666666669,0.22395833333333337,999.9184088387815,1.3061900197723885e-08
0.006032,0.011302083333333334,0.22604166666666667,999.9148743277894,1.3306040822723636e-08
0.006032,0.01140625,0.228125,999.911190401404,1.3552442009066458e-08
0.006032,0.011510416666666669,0.23020833333333338,999.9073510478702,1.380110375675165e-08
0.006032,0.011614583333333334,0.23229166666666667,999.9033500294677,1.4052026065779137e-08
0.006032,0.01171875,0.234375,999.8991808747928,1.4305208936149768e-08
0.006032,0.011822916666666667,0.23645833333333333,999.8948368708092,1.4560652367862555e-08
0.006032,0.011927083333333335,0.23854166666666668,999.8903110546651,1.4818356360918274e-08
0.006032,0.01203125,0.240625,999.8855962052698,1.5078320915316502e-08
0.006032,0.012135416666666668,0.24270833333333333,999.8806848346275,1.5340546031056886e-08
0.006032,0.012239583333333335,0.24479166666666669,999.8755691789154,1.5605031708140554e-08
0.006032,0.01234375,0.246875,999.8702411893082,1.5871777946566237e-08
0.006032,0.012447916666666666,0.2489583333333333,999.8646925225416,1.6140784746334993e-08
0.006032,0.012552083333333335,0.25104166666666666,999.8589145312029,1.6412052107446045e-08
0.006032,0.01265625,0.253125,999.852898253755,1.6685580029899538e-08
0.006032,0.012760416666666666,0.2552083333333333,999.8466344042746,1.6961368513696032e-08
0.006032,0.012864583333333336,0.2572916666666667,999.8401133619085,1.7239417558835103e-08
0.006032,0.012968750000000001,0.259375,999.8333251600378,1.751972716531619e-08
0.006032,0.013072916666666667,0.2614583333333333,999.8262594751461,1.7802297333140422e-08
0.006032,0.013177083333333334,0.2635416666666667,999.8189056153824,1.808712806230695e-08
0.006032,0.013281250000000001,0.265625,999.8112525088178,1.837421935281648e-08
0.006032,0.013385416666666667,0.2677083333333333,999.8032886913848,1.866357120466831e-08
0.006032,0.013489583333333334,0.26979166666666665,999.7950022944967,1.8955183617862574e-08
0.006032,0.013593750000000002,0.27187500000000003,999.7863810323421,1.92490565923997e-08
0.006032,0.013697916666666667,0.2739583333333333,999.7774121888409,1.9545190128279125e-08
0.006032,0.013802083333333333,0.27604166666666663,999.7680826042674,1.9843584225501692e-08
0.006032,0.013906250000000002,0.278125,999.7583786615235,2.0144238884066556e-08
0.006032,0.014010416666666668,0.28020833333333334,999.7482862720631,2.0447154103973576e-08
0.006032,0.014114583333333333,0.28229166666666666,999.7377908614593,2.075232988522388e-08
0.006032,0.014218750000000002,0.28437500000000004,999.7268773546065,2.1059766227816485e-08
0.006032,0.014322916666666668,0.2864583333333333,999.7155301605549,2.1369463131751243e-08
0.006032,0.014427083333333333,0.28854166666666664,999.7037331569685,2.1681420597029567e-08
0.006032,0.01453125,0.290625,999.6914696742034,2.1995638623649482e-08
0.006032,0.014635416666666668,0.29270833333333335,999.678722478998,2.2312117211612685e-08
0.006032,0.014739583333333334,0.2947916666666667,999.6654737577687,2.2630856360918465e-08
0.006032,0.014843750000000001,0.296875,999.6517050995103,2.2951856071566118e-08
0.006032,0.014947916666666668,0.2989583333333333,999.6373974782888,2.3275116343557198e-08
0.006032,0.015052083333333334,0.30104166666666665,999.6225312353251,2.360063717689015e-08
0.006032,0.01515625,0.303125,999.6070860606629,2.392841857156653e-08
0.006032,0.015260416666666669,0.30520833333333336,999.5910409744165,2.4258460527585065e-08
0.006032,0.015364583333333334,0.3072916666666667,999.5743743075881,2.4590763044945754e-08
0.006032,0.01546875,0.30937499999999996,999.5570636824582,2.492532612364987e-08
0.006032,0.015572916666666667,0.31145833333333334,999.5390859925336,2.526214976369572e-08
0.006032,0.015677083333333335,0.31354166666666666,999.5204173820593,2.560123396508556e-08
0.006032,0.015781250000000004,0.31562500000000004,999.5010332250765,2.5942578727816002e-08
0.006032,0.015885416666666666,0.3177083333333333,999.4809081040324,2.6286184051890294e-08
0.006032,0.015989583333333335,0.3197916666666667,999.4600157879348,2.663204993730759e-08
0.006032,0.016093750000000004,0.3218750000000001,999.4383292100409,2.6980176384066193e-08
0.006032,0.016197916666666666,0.3239583333333333,999.415820445086,2.73305633921678e-08
0.006032,0.016302083333333335,0.3260416666666667,999.3924606860382,2.768321096161241e-08
0.006032,0.01640625,0.328125,999.368220220382,2.8038119092400304e-08
0.006032,0.016510416666666666,0.3302083333333333,999.3430684059258,2.839528778452894e-08
0.006032,0.016614583333333335,0.3322916666666667,999.3169736461251,2.875471703800143e-08
0.006032,0.01671875,0.334375,999.2899033649275,2.911640685281692e-08
0.006032,0.016822916666666667,0.3364583333333333,999.2618239811238,2.9480357228973435e-08
0.006032,0.016927083333333336,0.3385416666666667,999.2327008822167,2.9846568166473517e-08
0.006032,0.01703125,0.340625,999.2024983977926,3.021503966531717e-08
0.006032,0.017135416666666667,0.34270833333333334,999.1711797724,3.0585771725501285e-08
0.006032,0.017239583333333336,0.3447916666666667,999.1387071379347,3.0958764347028965e-08
0.006032,0.01734375,0.346875,999.1050414855231,3.133401752990049e-08
0.006032,0.017447916666666667,0.3489583333333333,999.0701426369083,3.17115312741122e-08
0.006032,0.017552083333333336,0.3510416666666667,999.0339692153384,3.209130557966776e-08
0.006032,0.01765625,0.35312499999999997,998.9964786159518,3.247334044656604e-08
0.006032,0.017760416666666667,0.35520833333333335,998.957626975661,3.285763587480789e-08
0.006032,0.017864583333333336,0.35729166666666673,998.9173691425395,3.3244191864390195e-08
0.006032,0.01796875,0.35937499999999994,998.8756586447046,3.363300841531607e-08
0.006032,0.018072916666666668,0.3614583333333333,998.8324476587061,3.4024085527585514e-08
0.006032,0.018177083333333337,0.3635416666666667,998.7876869774132,3.44174232011957e-08
0.006032,0.01828125,0.365625,998.7413259774073,3.481302143614945e-08
0.006032,0.018385416666666668,0.36770833333333336,998.6933125858828,3.5210880232446777e-08
0.006032,0.018489583333333337,0.36979166666666674,998.6435932470554,3.561099959008456e-08
0.006032,0.01859375,0.37187499999999996,998.592112888084,3.601337950906591e-08
0.006032,0.018697916666666668,0.37395833333333334,998.5388148845092,3.641801998939139e-08
0.006032,0.018802083333333337,0.3760416666666667,998.483641025214,3.682492103105649e-08
0.006032,0.01890625,0.378125,998.4265314769069,3.7234082634066e-08
0.006032,0.01901041666666667,0.38020833333333337,998.3674247481385,3.7645504798417954e-08
0.006032,0.019114583333333334,0.38229166666666664,998.306257652854,3.805918752411347e-08
0.006032,0.01921875,0.38437499999999997,998.2429652734914,3.847513081114945e-08
0.006032,0.01932291666666667,0.38645833333333335,998.1774809236268,3.889333465952871e-08
0.006032,0.019427083333333334,0.3885416666666667,998.1097361101816,3.931379906925267e-08
0.006032,0.01953125,0.390625,998.0396604951944,3.9736524040315963e-08
0.006032,0.01963541666666667,0.3927083333333334,997.9671818571677,4.016150957272339e-08
0.006032,0.019739583333333335,0.39479166666666665,997.892226052005,4.058875566647438e-08
0.006032,0.01984375,0.396875,997.8147169735366,4.10182623215664e-08
0.006032,0.01994791666666667,0.39895833333333336,997.7345765136589,4.145002953800114e-08
0.006032,0.020052083333333335,0.4010416666666667,997.6517245220879,4.188405731578029e-08
0.006032,0.02015625,0.403125,997.566078765746,4.2320345654898775e-08
0.006032,0.02026041666666667,0.4052083333333334,997.4775548877931,4.275889455536224e-08
0.006032,0.020364583333333332,0.4072916666666666,997.3860663663141,4.319970401716786e-08
0.006032,0.02046875,0.409375,997.2915244726836,4.364277404031733e-08
0.006032,0.02057291666666667,0.41145833333333337,997.1938382296137,4.40881046248067e-08
0.006032,0.020677083333333332,0.41354166666666664,997.0929143689115,4.4535695770639914e-08
0.006032,0.02078125,0.415625,996.9886572889558,4.498554747781754e-08
0.006032,0.02088541666666667,0.4177083333333334,996.8809690119147,4.543765974633451e-08
0.006032,0.020989583333333332,0.4197916666666666,996.7697491407223,4.5892032576195316e-08
0.006032,0.02109375,0.421875,996.6548948158323,4.634866596740111e-08
0.006032,0.02119791666666667,0.4239583333333334,996.5363006717735,4.6807559919945106e-08
0.006032,0.021302083333333333,0.42604166666666665,996.4138587935207,4.7268714433834645e-08
0.006032,0.02140625,0.42812500000000003,996.2874586727131,4.773212950906747e-08
0.006032,0.02151041666666667,0.4302083333333334,996.1569871637352,4.819780514564019e-08
0.006032,0.021614583333333333,0.43229166666666663,996.0223284396865,4.8665741343556193e-08
0.006032,0.021718750000000002,0.434375,995.8833639482689,4.9135938102816046e-08
0.006032,0.021822916666666668,0.43645833333333334,995.7399723676134,4.9608395423419184e-08
0.006032,0.021927083333333333,0.43854166666666666,995.59202956207,5.0083113305362225e-08
0.006032,0.022031250000000002,0.44062500000000004,995.4394085379984,5.056009174864911e-08
0.006032,0.022135416666666668,0.4427083333333333,995.2819793995772,5.103933075328041e-08
0.006032,0.022239583333333333,0.44479166666666664,995.11960930467,5.1520830319251046e-08
0.006032,0.022343750000000002,0.446875,994.9521624207721,5.200459044656609e-08
0.006032,0.022447916666666668,0.44895833333333335,994.7794998810737,5.249061113522499e-08
0.006032,0.022552083333333334,0.4510416666666667,994.6014797406697,5.297889238522322e-08
0.006032,0.022656250000000003,0.45312500000000006,994.4179569329516,5.346943419656586e-08
0.006032,0.02276041666666667,0.4552083333333333,994.2287832262148,5.396223656925292e-08
0.006032,0.022864583333333334,0.45729166666666665,994.0338071805144,5.445729950327875e-08
0.006032,0.022968750000000003,0.45937500000000003,993.8328741048099,5.495462299864899e-08
0.006032,0.02307291666666667,0.46145833333333336,993.6258260144332,5.545420705536421e-08
0.006032,0.023177083333333334,0.4635416666666667,993.4125015889211,5.595605167341763e-08
0.006032,0.023281250000000003,0.46562500000000007,993.1927361302445,5.646015685281546e-08
0.006032,0.023385416666666665,0.4677083333333333,992.9663615214843,5.696652259355659e-08
0.006032,0.023489583333333335,0.46979166666666666,992.7332061859876,5.747514889564156e-08
0.006032,0.023593750000000004,0.47187500000000004,992.4930950470496,5.7986035759065864e-08
0.006032,0.023697916666666666,0.4739583333333333,992.2458494881613,5.849918318383458e-08
0.006032,0.023802083333333335,0.4760416666666667,991.9912873138711,5.901459116994715e-08
0.006032,0.023906250000000004,0.4781250000000001,991.7292227113002,5.953225971739905e-08
0.006032,0.024010416666666666,0.4802083333333333,991.4594662123635,6.005218882619536e-08
0.006032,0.024114583333333335,0.4822916666666667,991.1818246567341,6.057437849633666e-08
0.006032,0.024218750000000004,0.48437500000000006,990.8961011556072,6.109882872781558e-08
0.006032,0.024322916666666666,0.4864583333333333,990.6020950563078,6.16255395206395e-08
0.006032,0.024427083333333335,0.4885416666666667,990.2996019077884,6.215451087480896e-08
0.006032,0.024531250000000004,0.4906250000000001,989.988413427075,6.268574279031548e-08
0.006032,0.024635416666666667,0.4927083333333333,989.6683174667005,6.321923526716756e-08
0.006032,0.024739583333333336,0.4947916666666667,989.3390979831898,6.375498830536234e-08
0.006032,0.02484375,0.496875,989.0005350066367,6.429300190490099e-08
0.006032,0.024947916666666667,0.49895833333333334,988.6524046114356,6.483327606577895e-08
0.006032,0.025052083333333336,0.5010416666666667,988.294478888214,6.537581078800022e-08
0.006032,0.02515625,0.503125,987.9265259170245,6.592060607156815e-08
0.006032,0.025260416666666667,0.5052083333333333,987.5483097418513,6.646766191647259e-08
0.006032,0.025364583333333336,0.5072916666666667,987.1595903464831,6.70169783227237e-08
0.006032,0.025468750000000002,0.509375,986.7601236318139,6.756855529031811e-08
0.006032,0.025572916666666667,0.5114583333333333,986.349661394622,6.812239281925015e-08
0.006032,0.025677083333333336,0.5135416666666667,985.9279513078908,6.867849090952886e-08
0.006032,0.025781250000000002,0.515625,985.4947369027262,6.923684956115198e-08
0.006032,0.025885416666666668,0.5177083333333333,985.0497575519266,6.97974687741116e-08
0.006032,0.025989583333333337,0.5197916666666667,984.5927484552675,7.036034854841792e-08
0.006032,0.02609375,0.521875,984.1234406265596,7.092548888406525e-08
0.006032,0.026197916666666668,0.5239583333333333,983.6415608825341,7.149288978105813e-08
0.006032,0.026302083333333337,0.5260416666666667,983.1468318336241,7.206255123938978e-08
0.006032,0.02640625,0.528125,982.6389718766918,7.263447325906583e-08
0.006032,0.026510416666666668,0.5302083333333333,982.1176951897683,7.320865584008631e-08
0.006032,0.026614583333333337,0.5322916666666667,981.582711728864,7.378509898244554e-08
0.006032,0.02671875,0.5343749999999999,981.0337272269073,7.43638026861492e-08
0.006032,0.02682291666666667,0.5364583333333334,980.4704431948752,7.494476695119727e-08
0.006032,0.026927083333333338,0.5385416666666667,979.8925569251737,7.55279917775841e-08
0.006032,0.02703125,0.5406249999999999,979.2997614973268,7.611347716531649e-08
0.006032,0.02713541666666667,0.5427083333333333,978.6917457860394,7.670122311439215e-08
0.006032,0.027239583333333338,0.5447916666666667,978.0681944716848,7.729122962480546e-08
0.006032,0.02734375,0.546875,977.4287880532858,7.788349669656657e-08
0.006032,0.02744791666666667,0.5489583333333333,976.7732028640384,7.847802432966643e-08
0.006032,0.027552083333333335,0.5510416666666667,976.1011110894469,7.907481252411525e-08
0.006032,0.02765625,0.553125,975.4121807881204,7.967386127989829e-08
0.006032,0.02776041666666667,0.5552083333333333,974.7060759152914,8.027517059702915e-08
0.006032,0.027864583333333335,0.5572916666666666,973.9824563491147,8.08787404755033e-08
0.006032,0.02796875,0.559375,973.2409779198007,8.148457091531509e-08
0.006032,0.02807291666666667,0.5614583333333334,972.4812924416394,8.209266191647354e-08
0.006032,0.028177083333333335,0.5635416666666667,971.7030477479716,8.270301347897527e-08
0.006032,0.02828125,0.5656249999999999,970.905887729159,8.331562560281578e-08
0.006032,0.02838541666666667,0.5677083333333334,970.0894523736062,8.393049828800071e-08
0.006032,0.028489583333333336,0.5697916666666667,969.2533778118895,8.454763153453117e-08
0.006032,0.02859375,0.571875,968.3972963640392,8.516702534239815e-08
0.006032,0.02869791666666667,0.5739583333333333,967.52083659003,8.57886797116118e-08
0.006032,0.028802083333333332,0.5760416666666666,966.6236233435228,8.641259464216759e-08
0.006032,0.02890625,0.578125,965.7052778289103,8.703877013406895e-08
0.006032,0.02901041666666667,0.5802083333333333,964.7654176617068,8.766720618730567e-08
0.006032,0.029114583333333333,0.5822916666666667,963.8036569323336,8.82979028018902e-08
0.006032,0.02921875,0.584375,962.819606273334,8.8930859977818e-08
0.006032,0.02932291666666667,0.5864583333333334,961.8128729300688,8.956607771508346e-08
0.006032,0.029427083333333333,0.5885416666666666,960.7830608349242,9.020355601369559e-08
0.006032,0.029531250000000002,0.590625,959.7297706850734,9.084329487365213e-08
0.006032,0.02963541666666667,0.5927083333333334,958.6526000238252,9.148529429494518e-08
0.006032,0.029739583333333333,0.5947916666666666,957.5511433256008,9.212955427758376e-08
0.006032,0.029843750000000002,0.596875,956.4249920845591,9.277607482156791e-08
0.006032,0.02994791666666667,0.5989583333333334,955.2737349069122,9.342485592688967e-08
0.006032,0.030052083333333333,0.6010416666666666,954.0969576069499,9.407589759355586e-08
0.006032,0.030156250000000002,0.603125,952.8942433068038,9.472919982156533e-08
0.006032,0.030260416666666668,0.6052083333333333,951.6651725399748,9.538476261092148e-08
0.006032,0.030364583333333334,0.6072916666666667,950.409323358637,9.604258596161075e-08
0.006032,0.030468750000000003,0.609375,949.1262714447498,9.670266987364895e-08
0.006032,0.03057291666666667,0.6114583333333333,947.8155902249788,9.736501434703157e-08
0.006032,0.030677083333333334,0.6135416666666667,946.4768509894546,9.802961938175069e-08
0.006032,0.030781250000000003,0.615625,945.109623014362,9.869648497781536e-08
0.006032,0.03088541666666667,0.6177083333333333,943.713473688385,9.936561113522669e-08
0.006032,0.030989583333333334,0.6197916666666666,942.287968643001,1.0003699785397228e-07
0.006032,0.031093750000000003,0.6218750000000001,940.832671886631,1.0071064513406568e-07
0.006032,0.031197916666666665,0.6239583333333333,939.3471459426429,1.0138655297550009e-07
0.006032,0.031302083333333335,0.6260416666666666,937.8309519912041,1.0206472137828118e-07
0.006032,0.031406250000000004,0.628125,936.2836500149795,1.027451503424033e-07
0.006032,0.031510416666666666,0.6302083333333333,934.7047989486591,1.0342783986785854e-07
0.006032,0.031614583333333335,0.6322916666666667,933.0939568323076,1.0411278995466949e-07
0.006032,0.031718750000000004,0.634375,931.4506809685143,1.0480000060281807e-07
0.006032,0.03182291666666667,0.6364583333333335,929.774528083327,1.0548947181230429e-07
0.006032,0.031927083333333335,0.6385416666666667,928.0650544909446,1.0618120358314171e-07
0.006032,0.032031250000000004,0.640625,926.3218162621395,1.0687519591531901e-07
0.006032,0.032135416666666666,0.6427083333333333,924.5443693963878,1.0757144880882945e-07
0.006032,0.032239583333333335,0.6447916666666667,922.7322699976603,1.0826996226370011e-07
0.006032,0.032343750000000004,0.6468750000000001,920.8850744538496,1.0897073627989485e-07
0.006032,0.03244791666666667,0.6489583333333333,919.0023396197834,1.0967377085744755e-07
0.006032,0.032552083333333336,0.6510416666666666,917.0836230037827,1.103790659963379e-07
0.006032,0.03265625,0.653125,915.1284829577185,1.1108662169656136e-07
0.006032,0.03276041666666667,0.6552083333333333,913.136478870508,1.117964379581428e-07
0.006032,0.032864583333333336,0.6572916666666667,911.1071713650043,1.1250851478105962e-07
0.006032,0.032968750000000005,0.659375,909.0401224982105,1.1322285216531181e-07
0.006032,0.03307291666666667,0.6614583333333333,906.9348959647589,1.1393945011091971e-07
0.006032,0.033177083333333336,0.6635416666666667,904.79105730359,1.1465830861786751e-07
0.006032,0.03328125,0.6656249999999999,902.6081741077543,1.1537942768614391e-07
0.006032,0.03338541666666667,0.6677083333333333,900.3858162372675,1.1610280731578055e-07
0.006032,0.033489583333333336,0.6697916666666667,898.123556034937,1.1682844750675481e-07
0.006032,0.033593750000000006,0.6718750000000001,895.8209685450789,1.175563482590622e-07
0.006032,0.03369791666666667,0.6739583333333333,893.4776317350357,1.1828650957272528e-07
0.006032,0.03380208333333334,0.6760416666666667,891.0931267194067,1.1901893144772828e-07
0.006032,0.03390625,0.678125,888.6670379868984,1.1975361388405988e-07
0.006032,0.03401041666666667,0.6802083333333333,886.1989536296917,1.2049055688175396e-07
0.006032,0.03411458333333334,0.6822916666666667,883.6884655752274,1.212297604407834e-07
0.006032,0.034218750000000006,0.6843750000000001,881.1351698203039,1.2197122456114373e-07
0.006032,0.03432291666666667,0.6864583333333333,878.5386666673757,1.2271494924286653e-07
0.006032,0.03442708333333334,0.6885416666666667,875.8985609629424,1.234609344859202e-07
0.006032,0.03453125,0.6906249999999999,873.214462337907,1.242091802903115e-07
0.006032,0.03463541666666667,0.6927083333333334,870.4859854497848,1.2495968665605852e-07
0.006032,0.03473958333333334,0.6947916666666667,867.7127502266405,1.2571245358314543e-07
0.006032,0.03484375000000001,0.6968750000000001,864.8943821126225,1.2646748107156093e-07
0.006032,0.03494791666666667,0.6989583333333333,862.0305123149612,1.272247691213367e-07
0.006032,0.03505208333333333,0.7010416666666666,859.1207780523027,1.27984317732441e-07
0.006032,0.03515625,0.703125,856.164822804233,1.2874612690490106e-07
0.006032,0.03526041666666667,0.7052083333333333,853.1622965618523,1.29510196638701e-07
0.006032,0.03536458333333334,0.7072916666666668,850.1128560792595,1.302765269338273e-07
0.006032,0.03546875,0.709375,847.0161651257887,1.310451177903206e-07
0.006032,0.03557291666666667,0.7114583333333333,843.8718947388539,1.318159692081425e-07
0.006032,0.03567708333333333,0.7135416666666666,840.6797234772488,1.3258908118730204e-07
0.006032,0.03578125,0.715625,837.4393376747329,1.3336445372781952e-07
0.006032,0.03588541666666667,0.7177083333333334,834.150431693759,1.3414208682967015e-07
0.006032,0.03598958333333334,0.7197916666666667,830.812708179165,1.349219804928584e-07
0.006032,0.03609375,0.7218749999999999,827.4258783116754,1.3570413471740238e-07
0.006032,0.03619791666666667,0.7239583333333334,823.9896620610336,1.3648854950328173e-07
0.006032,0.03630208333333333,0.7260416666666666,820.5037884386047,1.3727522485049645e-07
0.006032,0.03640625,0.728125,816.967995749265,1.3806416075906914e-07
0.006032,0.03651041666666667,0.7302083333333333,813.3820318424158,1.3885535722897723e-07
0.006032,0.03661458333333334,0.7322916666666668,809.7456543619277,1.3964881426021842e-07
0.006032,0.03671875,0.734375,806.0586309948519,1.4044453185281983e-07
0.006032,0.03682291666666667,0.7364583333333333,802.3207397187056,1.4124251000675439e-07
0.006032,0.03692708333333333,0.7385416666666667,798.5317690471554,1.4204274872202204e-07
0.006032,0.03703125,0.740625,794.6915182739103,1.4284524799865444e-07
0.006032,0.03713541666666667,0.7427083333333334,790.7997977146417,1.4365000783661544e-07
0.006032,0.03723958333333334,0.7447916666666667,786.8564289467398,1.4445702823591183e-07
0.006032,0.03734375,0.746875,782.8612450467195,1.452663091965707e-07
0.006032,0.03744791666666667,0.7489583333333334,778.8140908250867,1.4607785071856045e-07
0.006032,0.03755208333333333,0.7510416666666666,774.7148230584778,1.4689165280188328e-07
0.006032,0.03765625,0.753125,770.5633107188734,1.4770771544656862e-07
0.006032,0.03776041666666667,0.7552083333333334,766.3594351997059,1.4852603865258936e-07
0.006032,0.03786458333333334,0.7572916666666668,762.1030905386609,1.4934662241993866e-07
0.006032,0.03796875,0.759375,757.794183636985,1.50169466748655e-07
0.006032,0.038072916666666665,0.7614583333333332,753.4326344751058,1.509945716386886e-07
0.006032,0.038177083333333334,0.7635416666666667,749.0183763243765,1.51821937090087e-07
0.006032,0.03828125,0.765625,744.551355954752,1.5265156310282076e-07
0.006032,0.03838541666666667,0.7677083333333334,740.031533838203,1.534834496768831e-07
0.006032,0.038489583333333334,0.7697916666666667,735.4588843476848,1.5431759681231247e-07
0.006032,0.03859375,0.771875,730.833395951466,1.5515400450906818e-07
0.006032,0.038697916666666665,0.7739583333333333,726.1550714026346,1.559926727671615e-07
0.006032,0.038802083333333334,0.7760416666666666,721.4239279235896,1.5683360158661735e-07
0.006032,0.03890625,0.7781250000000001,716.63999738534,1.5767679096740403e-07
0.006032,0.03901041666666667,0.7802083333333334,711.8033264814213,1.5852224090952158e-07
0.006032,0.039114583333333335,0.7822916666666666,706.913976896253,1.5936995141300613e-07
0.006032,0.039218750000000004,0.784375,701.9720254677528,1.6021992247781928e-07
0.006032,0.039322916666666666,0.7864583333333333,696.9775643440397,1.6107215410396782e-07
0.006032,0.039427083333333335,0.7885416666666667,691.9307011340392,1.619266462914743e-07
0.006032,0.039531250000000004,0.790625,686.8315590518287,1.6278339904032073e-07
0.006032,0.03963541666666667,0.7927083333333335,681.6802770545472,1.63642412350498e-07
0.006032,0.039739583333333335,0.7947916666666667,676.477009973709,1.645036862220332e-07
0.006032,0.039843750000000004,0.796875,671.2219286397499,1.653672206548993e-07
0.006032,0.039947916666666666,0.7989583333333333,665.9152199996593,1.662330156491098e-07
0.006032,0.040052083333333335,0.8010416666666667,660.5570872275247,1.6710107120466923e-07
0.006032,0.040156250000000004,0.8031250000000001,655.1477498278546,1.6797138732157308e-07
0.006032,0.040260416666666674,0.8052083333333334,649.6874437315163,1.6884396399979875e-07
0.006032,0.040364583333333336,0.8072916666666666,644.176421384153,1.6971880123939145e-07
0.006032,0.040468750000000005,0.8093750000000001,638.6149518269349,1.7059589904032401e-07
0.006032,0.04057291666666667,0.8114583333333333,633.0033207695157,1.714752574025739e-07
0.006032,0.040677083333333336,0.8135416666666667,627.3418306550525,1.723568763261998e-07
0.006032,0.040781250000000005,0.815625,621.6308007171738,1.7324075581114304e-07
0.006032,0.04088541666666667,0.8177083333333333,615.8705670287661,1.7412689585744878e-07
0.006032,0.040989583333333336,0.8197916666666667,610.061482542467,1.7501529646508985e-07
0.006032,0.04109375,0.8218749999999999,604.2039171227553,1.7590595763406183e-07
0.006032,0.04119791666666667,0.8239583333333333,598.2982575695235,1.7679887936439175e-07
0.006032,0.041302083333333336,0.8260416666666667,592.3449076330461,1.7769406165606157e-07
0.006032,0.041406250000000006,0.8281250000000001,586.3442880202394,1.7859150450905774e-07
0.006032,0.04151041666666667,0.8302083333333333,580.2968363921253,1.794912079234254e-07
0.006032,0.04161458333333334,0.8322916666666667,574.2030073524211,1.8039317189911492e-07
0.006032,0.04171875,0.834375,568.0632724271763,1.8129739643614432e-07
0.006032,0.04182291666666667,0.8364583333333333,561.8781200353847,1.822038815345317e-07
0.006032,0.04192708333333334,0.8385416666666667,555.6480554505121,1.8311262719425446e-07
0.006032,0.042031250000000006,0.8406250000000001,549.3736007528777,1.840236334153081e-07
0.006032,0.04213541666666667,0.8427083333333333,543.0552947728438,1.849369001977287e-07
0.006032,0.04223958333333334,0.8447916666666667,536.6936930247613,1.858524275414802e-07
0.006032,0.04234375,0.8468749999999999,530.2893676316476,1.86770215446558e-07
0.006032,0.04244791666666667,0.8489583333333334,523.8429072405507,1.8769026391300282e-07
0.006032,0.04255208333333334,0.8510416666666667,517.3549169285898,1.8861257294078756e-07
0.006032,0.04265625000000001,0.8531250000000001,510.82601809964774,1.895371425298896e-07
0.006032,0.04276041666666667,0.8552083333333333,504.25684837170974,1.9046397268036766e-07
0.006032,0.04286458333333334,0.8572916666666667,497.64806145484494,1.9139306339217206e-07
0.006032,0.04296875,0.859375,491.00032701984003,1.9232441466530734e-07
0.006032,0.04307291666666667,0.8614583333333333,484.3143305574898,1.9325802649981414e-07
0.006032,0.04317708333333334,0.8635416666666668,477.5907732285759,1.9419389889564276e-07
0.006032,0.04328125000000001,0.8656250000000001,470.8303717045496,1.9513203185280676e-07
0.006032,0.04338541666666667,0.8677083333333333,464.03385799896245,1.9607242537134228e-07
0.006032,0.04348958333333333,0.8697916666666666,457.2019792896808,1.970150794511861e-07
0.006032,0.04359375,0.871875,450.3354977319401,1.979599940924059e-07
0.006032,0.04369791666666667,0.8739583333333334,443.43519026229234,1.9890716929494757e-07
0.006032,0.04380208333333334,0.8760416666666667,436.5018483935099,1.9985660505882912e-07
0.006032,0.04390625,0.8781249999999999,429.53627800052385,2.0080830138406865e-07
0.006032,0.04401041666666667,0.8802083333333334,422.5392990974693,2.0176225827064356e-07
0.006032,0.04411458333333333,0.8822916666666666,415.51174560593313,2.0271847571854933e-07
0.006032,0.04421875,0.884375,408.45446511448904,2.0367695372782208e-07
0.006032,0.04432291666666667,0.8864583333333333,401.3683186296327,2.046376922984212e-07
0.006032,0.04442708333333334,0.8885416666666668,394.25418031821494,2.056006914303557e-07
0.006032,0.04453125,0.890625,387.11293724149914,2.0656595112365265e-07
0.006032,0.04463541666666667,0.8927083333333333,379.9454890809583,2.0753347137828502e-07
0.006032,0.04473958333333333,0.8947916666666667,372.7527478559528,2.0850325219424372e-07
0.006032,0.04484375,0.896875,365.5356376334131,2.094752935715694e-07
0.006032,0.04494791666666667,0.8989583333333334,358.29509422968596,2.104495955102305e-07
0.006032,0.04505208333333334,0.9010416666666667,351.0320649046861,2.114261580102134e-07
0.006032,0.04515625,0.903125,343.74750804851635,2.1240498107157234e-07
0.006032,0.04526041666666667,0.9052083333333334,336.4423928607187,2.1338606469425763e-07
0.006032,0.04536458333333333,0.9072916666666666,329.1176990223336,2.1436940887826928e-07
0.006032,0.04546875,0.909375,321.77441636093556,2.1535501362365242e-07
0.006032,0.04557291666666667,0.9114583333333334,314.4135445088412,2.1634287893037096e-07
0.006032,0.04567708333333334,0.9135416666666668,307.03609255467035,2.173330047984068e-07
0.006032,0.04578125,0.915625,299.64307868846277,2.1832539122782318e-07
0.006032,0.04588541666666667,0.9177083333333333,292.2355298405485,2.193200382185614e-07
0.006032,0.045989583333333334,0.9197916666666667,284.81448131438725,2.2031694577063048e-07
0.006032,0.04609375,0.921875,277.3809764135786,2.2131611388407109e-07
0.006032,0.04619791666666667,0.9239583333333334,269.9360660632757,2.2231754255884256e-07
0.006032,0.04630208333333334,0.9260416666666668,262.4808084262153,2.2332123179493585e-07
0.006032,0.04640625,0.928125,255.01626851359978,2.2432718159240517e-07
0.006032,0.046510416666666665,0.9302083333333333,247.54351779106113,2.2533539195118278e-07
0.006032,0.046614583333333334,0.9322916666666666,240.0636337799498,2.2634586287134095e-07
0.006032,0.04671875,0.9343750000000001,232.57769965418933,2.2735859435282093e-07
0.006032,0.04682291666666667,0.9364583333333334,225.0868038329413,2.2837358639563176e-07
0.006032,0.046927083333333335,0.9385416666666666,217.59203956933615,2.2939083899981415e-07
0.006032,0.047031250000000004,0.940625,210.09450453552094,2.3041035216531832e-07
0.006032,0.047135416666666666,0.9427083333333333,202.59530040428902,2.314321258921579e-07
0.006032,0.047239583333333335,0.9447916666666667,195.09553242754254,2.32456160180369e-07
0.006032,0.047343750000000004,0.946875,187.5963090118662,2.3348245502990644e-07
0.006032,0.04744791666666667,0.9489583333333335,180.09874129146817,2.345110104407702e-07
0.006032,0.047552083333333335,0.9510416666666667,172.60394269876653,2.3554182641300552e-07
0.006032,0.047656250000000004,0.953125,165.11302853288905,2.3657490294657168e-07
0.006032,0.047760416666666666,0.9552083333333333,157.6271155263684,2.376102400414642e-07
0.006032,0.047864583333333335,0.9572916666666667,150.14732141029842,2.386478376977282e-07
0.006032,0.047968750000000004,0.9593750000000001,142.67476447824396,2.3968769591532307e-07
0.006032,0.048072916666666674,0.9614583333333334,135.2105631491721,2.407298146942398e-07
0.006032,0.048177083333333336,0.9635416666666666,127.75583552969383,2.417741940345371e-07
0.006032,0.048281250000000005,0.9656250000000001,120.31169897589345,2.4282083393615617e-07
0.006032,0.04838541666666667,0.9677083333333333,112.87926965503559,2.438697343991016e-07
0.006032,0.048489583333333336,0.9697916666666667,105.45966210742125,2.449208954234231e-07
0.006032,0.048593750000000005,0.971875,98.05398880869096,2.459743170090709e-07
0.006032,0.048697916666666674,0.9739583333333335,90.66335973284502,2.470299991560451e-07
0.006032,0.048802083333333336,0.9760416666666667,83.28888191627252,2.480879418643998e-07
0.006032,0.048906250000000005,0.978125,75.9316590230657,2.4914814513407184e-07
0.006032,0.04901041666666667,0.9802083333333333,68.59279091190912,2.502106089650702e-07
0.006032,0.049114583333333336,0.9822916666666667,61.27337320481112,2.5127533335745364e-07
0.006032,0.049218750000000006,0.9843750000000001,53.974496857971694,2.5234231831114086e-07
0.006032,0.04932291666666667,0.9864583333333333,46.69724773505147,2.534115638261996e-07
0.006032,0.04942708333333334,0.9885416666666667,39.442706183122155,2.5448306990258915e-07
0.006032,0.04953125,0.990625,32.21194661157673,2.555568365403096e-07
0.006032,0.04963541666666667,0.9927083333333333,25.00603707425799,2.5663286373939703e-07
0.006032,0.04973958333333334,0.9947916666666667,17.826038855088502,2.5771115149981084e-07
0.006032,0.049843750000000006,0.9968750000000001,10.673006057454458,2.587916998215555e-07
0.006032,0.04994791666666667,0.9989583333333333,3.547985197614385,2.598745087046762e-07
0.006033,5.208333333333334e-05,0.0010416666666666667,999.997878833742,3.7676022376543216e-13
0.006033,0.00015625,0.0031249999999999997,999.9978760777841,2.637321566358025e-12
0.006033,0.00026041666666666666,0.005208333333333333,999.9978705604664,7.158444251543212e-12
0.006033,0.00036458333333333335,0.007291666666666667,999.9978622706305,1.394012827932099e-11
0.006033,0.00046875,0.009375,999.9978511915551,2.2982373649691355e-11
0.006033,0.0005729166666666667,0.011458333333333333,999.997837300901,3.4285180362654335e-11
0.006033,0.0006770833333333334,0.013541666666666667,999.9978205706645,4.784854841820988e-11
0.006033,0.00078125,0.015625,999.9978009671199,6.367247781635804e-11
0.006033,0.0008854166666666667,0.017708333333333333,999.9977784507528,8.175696855709879e-11
0.006033,0.0009895833333333334,0.019791666666666666,999.9977529761819,1.0210202064043203e-10
0.006033,0.00109375,0.021875000000000002,999.9977244920684,1.2470763406635805e-10
0.006033,0.0011979166666666666,0.02395833333333333,999.9976929410155,1.4957380883487663e-10
0.006033,0.0013020833333333335,0.026041666666666668,999.9976582594547,1.7670054494598758e-10
0.006033,0.00140625,0.028124999999999997,999.9976203775202,2.0608784239969144e-10
0.006033,0.0015104166666666669,0.030208333333333337,999.9975792189119,2.3773570119598785e-10
0.006033,0.0016145833333333333,0.03229166666666666,999.9975347007446,2.7164412133487647e-10
0.006033,0.0017187500000000002,0.034375,999.9974867333864,3.0781310281635824e-10
0.006033,0.0018229166666666667,0.03645833333333333,999.9974352202813,3.462426456404321e-10
0.006033,0.0019270833333333336,0.03854166666666667,999.997380057762,3.869327498070989e-10
0.006033,0.00203125,0.040625,999.9973211348462,4.298834153163573e-10
0.006033,0.0021354166666666665,0.04270833333333333,999.9972583330206,4.750946421682109e-10
0.006033,0.0022395833333333334,0.04479166666666667,999.9971915260099,5.225664303626536e-10
0.006033,0.0023437500000000003,0.04687500000000001,999.997120579532,5.722987798996925e-10
0.006033,0.002447916666666667,0.04895833333333333,999.9970453510379,6.242916907793205e-10
0.006033,0.0025520833333333333,0.051041666666666666,999.9969656894356,6.785451630015442e-10
0.006033,0.00265625,0.053125,999.9968814347981,7.350591965663565e-10
0.006033,0.002760416666666667,0.05520833333333334,999.9967924180567,7.938337914737678e-10
0.006033,0.0028645833333333336,0.05729166666666667,999.9966984606756,8.548689477237637e-10
0.006033,0.00296875,0.059375,999.9965993743101,9.18164665316361e-10
0.006033,0.003072916666666667,0.06145833333333334,999.9964949604479,9.837209442515417e-10
0.006033,0.003177083333333334,0.06354166666666668,999.9963850100299,1.0515377845293237e-09
0.006033,0.0032812500000000003,0.065625,999.996269303053,1.1216151861496883e-09
0.006033,0.0033854166666666668,0.06770833333333333,999.9961476081543,1.1939531491126517e-09
0.006033,0.0034895833333333333,0.06979166666666665,999.9960196821739,1.2685516734182142e-09
0.006033,0.00359375,0.071875,999.9958852696973,1.345410759066356e-09
0.006033,0.003697916666666667,0.07395833333333333,999.995744102576,1.424530406057101e-09
0.006033,0.0038020833333333335,0.07604166666666666,999.9955958994266,1.5059106143904297e-09
0.006033,0.00390625,0.078125,999.995440365105,1.5895513840663619e-09
0.006033,0.004010416666666667,0.08020833333333334,999.9952771901598,1.6754527150848731e-09
0.006033,0.004114583333333333,0.08229166666666665,999.9951060502582,1.7636146074459857e-09
0.006033,0.00421875,0.084375,999.9949266055874,1.8540370611497038e-09
0.006033,0.004322916666666668,0.08645833333333335,999.9947385002313,1.9467200761959833e-09
0.006033,0.004427083333333333,0.08854166666666666,999.9945413615169,2.0416636525848733e-09
0.006033,0.0045312500000000006,0.09062500000000001,999.9943347993352,2.138867790316355e-09
0.006033,0.004635416666666667,0.09270833333333334,999.9941184054321,2.2383324893904475e-09
0.006033,0.0047395833333333335,0.09479166666666666,999.9938917526683,2.3400577498070924e-09
0.006033,0.004843750000000001,0.09687500000000002,999.9936543942488,2.444043571566356e-09
0.006033,0.0049479166666666664,0.09895833333333333,999.9934058629207,2.5502899546682077e-09
0.006033,0.005052083333333334,0.10104166666666667,999.9931456701377,2.658796899112643e-09
0.006033,0.00515625,0.103125,999.9928733051869,2.7695644048997107e-09
0.006033,0.005260416666666667,0.10520833333333333,999.992588234285,2.8825924720293132e-09
0.006033,0.005364583333333334,0.10729166666666667,999.9922898996332,2.997881100501539e-09
0.006033,0.00546875,0.10937499999999999,999.9919777184358,3.1154302903163524e-09
0.006033,0.005572916666666667,0.11145833333333334,999.9916510818791,3.2352400414737896e-09
0.006033,0.005677083333333334,0.11354166666666668,999.9913093540692,3.3573103539737616e-09
0.006033,0.00578125,0.11562499999999999,999.9909518709283,3.481641227816348e-09
0.006033,0.005885416666666667,0.11770833333333335,999.9905779390448,3.6082326630015406e-09
0.006033,0.005989583333333334,0.11979166666666667,999.9901868344807,3.737084659529347e-09
0.006033,0.00609375,0.121875,999.9897778015314,3.86819721739968e-09
0.006033,0.0061979166666666675,0.12395833333333335,999.9893500514362,4.001570336612654e-09
0.006033,0.006302083333333333,0.12604166666666666,999.9889027610403,4.137204017168198e-09
0.006033,0.0064062500000000005,0.128125,999.988435071403,4.275098259066392e-09
0.006033,0.006510416666666668,0.13020833333333334,999.987946086355,4.415253062307077e-09
0.006033,0.006614583333333333,0.13229166666666667,999.9874348709985,4.557668426890429e-09
0.006033,0.006718750000000001,0.134375,999.9869004501509,4.70234435281636e-09
0.006033,0.006822916666666666,0.13645833333333332,999.9863418067283,4.8492808400848535e-09
0.006033,0.006927083333333334,0.13854166666666667,999.9857578800714,4.9984778886960314e-09
0.006033,0.007031250000000001,0.140625,999.9851475642043,5.149935498649682e-09
0.006033,0.007135416666666667,0.14270833333333333,999.9845097060306,5.303653669945966e-09
0.006033,0.007239583333333334,0.14479166666666668,999.9838431034619,5.4596324025848815e-09
0.006033,0.0073437500000000005,0.146875,999.9831465034781,5.617871696566394e-09
0.006033,0.007447916666666667,0.14895833333333333,999.9824186001127,5.7783715518904144e-09
0.006033,0.007552083333333334,0.15104166666666669,999.9816580323693,5.941131968557085e-09
0.006033,0.00765625,0.15312499999999998,999.9808633820566,6.106152946566353e-09
0.006033,0.007760416666666667,0.15520833333333334,999.9800331715497,6.273434485918199e-09
0.006033,0.007864583333333335,0.1572916666666667,999.9791658614657,6.442976586612696e-09
0.006033,0.00796875,0.159375,999.9782598482585,6.614779248649736e-09
0.006033,0.008072916666666667,0.16145833333333334,999.9773134617275,6.788842472029249e-09
0.006033,0.008177083333333335,0.1635416666666667,999.9763249624353,6.965166256751589e-09
0.006033,0.00828125,0.165625,999.9752925390353,7.143750602816296e-09
0.006033,0.008385416666666666,0.16770833333333332,999.9742143055038,7.324595510223794e-09
0.006033,0.008489583333333335,0.1697916666666667,999.9730882982749,7.507700978973836e-09
0.006033,0.00859375,0.171875,999.9719124732758,7.693067009066281e-09
0.006033,0.008697916666666666,0.17395833333333333,999.9706847028579,7.880693600501587e-09
0.006033,0.008802083333333334,0.17604166666666665,999.9694027726208,8.070580753279225e-09
0.006033,0.008906250000000001,0.178125,999.9680643781281,8.26272846739976e-09
0.006033,0.009010416666666667,0.18020833333333333,999.9666671215083,8.457136742862698e-09
0.006033,0.009114583333333334,0.18229166666666666,999.9652085079413,8.653805579668144e-09
0.006033,0.009218750000000001,0.184375,999.9636859420239,8.852734977816417e-09
0.006033,0.009322916666666667,0.18645833333333334,999.9620967240138,9.053924937307163e-09
0.006033,0.009427083333333334,0.18854166666666666,999.960438045944,9.257375458140312e-09
0.006033,0.009531250000000002,0.19062500000000002,999.9587069876102,9.463086540316427e-09
0.006033,0.009635416666666667,0.19270833333333334,999.956900512422,9.67105818383477e-09
0.006033,0.009739583333333333,0.19479166666666664,999.9550154631174,9.88129038869608e-09
0.006033,0.009843750000000002,0.19687500000000002,999.9530485573343,1.009378315489972e-08
0.006033,0.009947916666666667,0.19895833333333335,999.9509963830393,1.0308536482445941e-08
0.006033,0.010052083333333333,0.20104166666666665,999.9488553938023,1.0525550371334883e-08
0.006033,0.01015625,0.203125,999.9466219039227,1.0744824821566263e-08
0.006033,0.010260416666666668,0.20520833333333335,999.9442920833948,1.0966359833140502e-08
0.006033,0.010364583333333333,0.20729166666666665,999.9418619527099,1.1190155406057182e-08
0.006033,0.01046875,0.209375,999.9393273774969,1.1416211540316228e-08
0.006033,0.010572916666666668,0.21145833333333336,999.9366840629863,1.1644528235918276e-08
0.006033,0.010677083333333334,0.21354166666666666,999.9339275483021,1.1875105492862764e-08
0.006033,0.010781250000000001,0.215625,999.9310532005749,1.2107943311149548e-08
0.006033,0.010885416666666668,0.21770833333333336,999.9280562088678,1.2343041690779405e-08
0.006033,0.010989583333333334,0.21979166666666666,999.9249315779164,1.2580400631751417e-08
0.006033,0.01109375,0.221875,999.9216741216715,1.2820020134066432e-08
0.006033,0.011197916666666669,0.22395833333333337,999.9182784566444,1.3061900197723885e-08
0.006033,0.011302083333333334,0.22604166666666667,999.9147389950513,1.3306040822723636e-08
0.006033,0.01140625,0.228125,999.9110499377448,1.3552442009066458e-08
0.006033,0.011510416666666669,0.23020833333333338,999.9072052669335,1.380110375675165e-08
0.006033,0.011614583333333334,0.23229166666666667,999.9031987386835,1.4052026065779137e-08
0.006033,0.01171875,0.234375,999.8990238751956,1.4305208936149768e-08
0.006033,0.011822916666666667,0.23645833333333333,999.8946739568513,1.4560652367862555e-08
0.006033,0.011927083333333335,0.23854166666666668,999.8901420140269,1.4818356360918274e-08
0.006033,0.01203125,0.240625,999.8854208186652,1.5078320915316502e-08
0.006033,0.012135416666666668,0.24270833333333333,999.8805028756041,1.5340546031056886e-08
0.006033,0.012239583333333335,0.24479166666666669,999.8753804136517,1.5605031708140554e-08
0.006033,0.01234375,0.246875,999.8700453764053,1.5871777946566237e-08
0.006033,0.012447916666666666,0.2489583333333333,999.864489412811,1.6140784746334993e-08
0.006033,0.012552083333333335,0.25104166666666666,999.8587038674499,1.6412052107446045e-08
0.006033,0.01265625,0.253125,999.8526797705563,1.6685580029899538e-08
0.006033,0.012760416666666666,0.2552083333333333,999.8464078277524,1.6961368513696032e-08
0.006033,0.012864583333333336,0.2572916666666667,999.8398784094993,1.7239417558835103e-08
0.006033,0.012968750000000001,0.259375,999.8330815402577,1.751972716531619e-08
0.006033,0.013072916666666667,0.2614583333333333,999.8260068873493,1.7802297333140422e-08
0.006033,0.013177083333333334,0.2635416666666667,999.8186437495167,1.808712806230695e-08
0.006033,0.013281250000000001,0.265625,999.8109810451746,1.837421935281648e-08
0.006033,0.013385416666666667,0.2677083333333333,999.8030073003441,1.866357120466831e-08
0.006033,0.013489583333333334,0.26979166666666665,999.7947106362681,1.8955183617862574e-08
0.006033,0.013593750000000002,0.27187500000000003,999.7860787566991,1.92490565923997e-08
0.006033,0.013697916666666667,0.2739583333333333,999.7770989348536,1.9545190128279125e-08
0.006033,0.013802083333333333,0.27604166666666663,999.7677580000263,1.9843584225501692e-08
0.006033,0.013906250000000002,0.278125,999.7580423238616,2.0144238884066556e-08
0.006033,0.014010416666666668,0.28020833333333334,999.7479378062711,2.0447154103973576e-08
0.006033,0.014114583333333333,0.28229166666666666,999.7374298609982,2.075232988522388e-08
0.006033,0.014218750000000002,0.28437500000000004,999.7265034008124,2.1059766227816485e-08
0.006033,0.014322916666666668,0.2864583333333333,999.7151428223407,2.1369463131751243e-08
0.006033,0.014427083333333333,0.28854166666666664,999.7033319905211,2.1681420597029567e-08
0.006033,0.01453125,0.290625,999.6910542226751,2.1995638623649482e-08
0.006033,0.014635416666666668,0.29270833333333335,999.678292272193,2.2312117211612685e-08
0.006033,0.014739583333333334,0.2947916666666667,999.6650283118258,2.2630856360918465e-08
0.006033,0.014843750000000001,0.296875,999.6512439165801,2.2951856071566118e-08
0.006033,0.014947916666666668,0.2989583333333333,999.6369200462066,2.3275116343557198e-08
0.006033,0.015052083333333334,0.30104166666666665,999.6220370272788,2.360063717689015e-08
0.006033,0.01515625,0.303125,999.6065745348566,2.392841857156653e-08
0.006033,0.015260416666666669,0.30520833333333336,999.5905115737294,2.4258460527585065e-08
0.006033,0.015364583333333334,0.3072916666666667,999.573826459229,2.4590763044945754e-08
0.006033,0.01546875,0.30937499999999996,999.5564967976155,2.492532612364987e-08
0.006033,0.015572916666666667,0.31145833333333334,999.5384994660222,2.526214976369572e-08
0.006033,0.015677083333333335,0.31354166666666666,999.5198105919602,2.560123396508556e-08
0.006033,0.015781250000000004,0.31562500000000004,999.5004055323756,2.5942578727816002e-08
0.006033,0.015885416666666666,0.3177083333333333,999.4802588522538,2.6286184051890294e-08
0.006033,0.015989583333333335,0.3197916666666667,999.45934430277,2.663204993730759e-08
0.006033,0.016093750000000004,0.3218750000000001,999.4376347989754,2.6980176384066193e-08
0.006033,0.016197916666666666,0.3239583333333333,999.4151023970198,2.73305633921678e-08
0.006033,0.016302083333333335,0.3260416666666667,999.3917182709058,2.768321096161241e-08
0.006033,0.01640625,0.328125,999.3674526887668,2.8038119092400304e-08
0.006033,0.016510416666666666,0.3302083333333333,999.3422749886715,2.839528778452894e-08
0.006033,0.016614583333333335,0.3322916666666667,999.3161535539462,2.875471703800143e-08
0.006033,0.01671875,0.334375,999.2890557880127,2.911640685281692e-08
0.006033,0.016822916666666667,0.3364583333333333,999.260948088742,2.9480357228973435e-08
0.006033,0.016927083333333336,0.3385416666666667,999.2317958223148,2.9846568166473517e-08
0.006033,0.01703125,0.340625,999.201563296596,3.021503966531717e-08
0.006033,0.017135416666666667,0.34270833333333334,999.1702137340076,3.0585771725501285e-08
0.006033,0.017239583333333336,0.3447916666666667,999.1377092439128,3.0958764347028965e-08
0.006033,0.01734375,0.346875,999.104010794498,3.133401752990049e-08
0.006033,0.017447916666666667,0.3489583333333333,999.069078184159,3.17115312741122e-08
0.006033,0.017552083333333336,0.3510416666666667,999.0328700123839,3.209130557966776e-08
0.006033,0.01765625,0.35312499999999997,998.9953436501409,3.247334044656604e-08
0.006033,0.017760416666666667,0.35520833333333335,998.9564552097605,3.285763587480789e-08
0.006033,0.017864583333333336,0.35729166666666673,998.9161595143222,3.3244191864390195e-08
0.006033,0.01796875,0.35937499999999994,998.8744100665363,3.363300841531607e-08
0.006033,0.018072916666666668,0.3614583333333333,998.8311590171337,3.4024085527585514e-08
0.006033,0.018177083333333337,0.3635416666666667,998.786357132753,3.44174232011957e-08
0.006033,0.01828125,0.365625,998.7399537633338,3.481302143614945e-08
0.006033,0.018385416666666668,0.36770833333333336,998.6918968090191,3.5210880232446777e-08
0.006033,0.018489583333333337,0.36979166666666674,998.6421326865645,3.561099959008456e-08
0.006033,0.01859375,0.37187499999999996,998.5906062952635,3.601337950906591e-08
0.006033,0.018697916666666668,0.37395833333333334,998.5372609823863,3.641801998939139e-08
0.006033,0.018802083333333337,0.3760416666666667,998.4820385081432,3.682492103105649e-08
0.006033,0.01890625,0.378125,998.4248790101725,3.7234082634066e-08
0.006033,0.01901041666666667,0.38020833333333337,998.3657209675595,3.7645504798417954e-08
0.006033,0.019114583333333334,0.38229166666666664,998.3045011643925,3.805918752411347e-08
0.006033,0.01921875,0.38437499999999997,998.2411546528646,3.847513081114945e-08
0.006033,0.01932291666666667,0.38645833333333335,998.1756147159261,3.889333465952871e-08
0.006033,0.019427083333333334,0.3885416666666667,998.1078128294944,3.931379906925267e-08
0.006033,0.01953125,0.390625,998.0376786242326,3.9736524040315963e-08
0.006033,0.01963541666666667,0.3927083333333334,997.9651398469033,4.016150957272339e-08
0.006033,0.019739583333333335,0.39479166666666665,997.8901223213088,4.058875566647438e-08
0.006033,0.01984375,0.396875,997.812549908829,4.10182623215664e-08
0.006033,0.01994791666666667,0.39895833333333336,997.732344468564,4.145002953800114e-08
0.006033,0.020052083333333335,0.4010416666666667,997.6494258170977,4.188405731578029e-08
0.006033,0.02015625,0.403125,997.5637116878934,4.2320345654898775e-08
0.006033,0.02026041666666667,0.4052083333333334,997.4751176903329,4.275889455536224e-08
0.006033,0.020364583333333332,0.4072916666666666,997.3835572684159,4.319970401716786e-08
0.006033,0.02046875,0.409375,997.2889416591316,4.364277404031733e-08
0.006033,0.02057291666666667,0.41145833333333337,997.1911798505213,4.40881046248067e-08
0.006033,0.020677083333333332,0.41354166666666664,997.0901785394442,4.4535695770639914e-08
0.006033,0.02078125,0.415625,996.9858420890689,4.498554747781754e-08
0.006033,0.02088541666666667,0.4177083333333334,996.8780724861014,4.543765974633451e-08
0.006033,0.020989583333333332,0.4197916666666666,996.7667692977761,4.5892032576195316e-08
0.006033,0.02109375,0.421875,996.6518296286245,4.634866596740111e-08
0.006033,0.02119791666666667,0.4239583333333334,996.5331480770423,4.6807559919945106e-08
0.006033,0.021302083333333333,0.42604166666666665,996.4106166916791,4.7268714433834645e-08
0.006033,0.02140625,0.42812500000000003,996.2841249276711,4.773212950906747e-08
0.006033,0.02151041666666667,0.4302083333333334,996.1535596027368,4.819780514564019e-08
0.006033,0.021614583333333333,0.43229166666666663,996.0188048531676,4.8665741343556193e-08
0.006033,0.021718750000000002,0.434375,995.8797420897303,4.9135938102816046e-08
0.006033,0.021822916666666668,0.43645833333333334,995.736249953513,4.9608395423419184e-08
0.006033,0.021927083333333333,0.43854166666666666,995.5882042717362,5.0083113305362225e-08
0.006033,0.022031250000000002,0.44062500000000004,995.4354780135593,5.056009174864911e-08
0.006033,0.022135416666666668,0.4427083333333333,995.277941245916,5.103933075328041e-08
0.006033,0.022239583333333333,0.44479166666666664,995.1154610893973,5.1520830319251046e-08
0.006033,0.022343750000000002,0.446875,994.947901674222,5.200459044656609e-08
0.006033,0.022447916666666668,0.44895833333333335,994.7751240963235,5.249061113522499e-08
0.006033,0.022552083333333334,0.4510416666666667,994.596986373582,5.297889238522322e-08
0.006033,0.022656250000000003,0.45312500000000006,994.413343402242,5.346943419656586e-08
0.006033,0.02276041666666667,0.4552083333333333,994.2240469135422,5.396223656925292e-08
0.006033,0.022864583333333334,0.45729166666666665,994.0289454305998,5.445729950327875e-08
0.006033,0.022968750000000003,0.45937500000000003,993.8278842255808,5.495462299864899e-08
0.006033,0.02307291666666667,0.46145833333333336,993.6207052771942,5.545420705536421e-08
0.006033,0.023177083333333334,0.4635416666666667,993.4072472285526,5.595605167341763e-08
0.006033,0.023281250000000003,0.46562500000000007,993.1873453454322,5.646015685281546e-08
0.006033,0.023385416666666665,0.4677083333333333,992.9608314749757,5.696652259355659e-08
0.006033,0.023489583333333335,0.46979166666666666,992.7275340048792,5.747514889564156e-08
0.006033,0.023593750000000004,0.47187500000000004,992.4872778231057,5.7986035759065864e-08
0.006033,0.023697916666666666,0.4739583333333333,992.2398842781633,5.849918318383458e-08
0.006033,0.023802083333333335,0.4760416666666667,991.9851711399995,5.901459116994715e-08
0.006033,0.023906250000000004,0.4781250000000001,991.7229525615504,5.953225971739905e-08
0.006033,0.024010416666666666,0.4802083333333333,991.453039040993,6.005218882619536e-08
0.006033,0.024114583333333335,0.4822916666666667,991.1752373847461,6.057437849633666e-08
0.006033,0.024218750000000004,0.48437500000000006,990.8893506712687,6.109882872781558e-08
0.006033,0.024322916666666666,0.4864583333333333,990.5951782157023,6.16255395206395e-08
0.006033,0.024427083333333335,0.4885416666666667,990.2925155354063,6.215451087480896e-08
0.006033,0.024531250000000004,0.4906250000000001,989.9811543164399,6.268574279031548e-08
0.006033,0.024635416666666667,0.4927083333333333,989.660882381034,6.321923526716756e-08
0.006033,0.024739583333333336,0.4947916666666667,989.3314836561128,6.375498830536234e-08
0.006033,0.02484375,0.496875,988.9927381429118,6.429300190490099e-08
0.006033,0.024947916666666667,0.49895833333333334,988.6444218877459,6.483327606577895e-08
0.006033,0.025052083333333336,0.5010416666666667,988.286306953985,6.537581078800022e-08
0.006033,0.02515625,0.503125,987.9181613952845,6.592060607156815e-08
0.006033,0.025260416666666667,0.5052083333333333,987.5397492301323,6.646766191647259e-08
0.006033,0.025364583333333336,0.5072916666666667,987.1508304177648,6.70169783227237e-08
0.006033,0.025468750000000002,0.509375,986.7511608355078,6.756855529031811e-08
0.006033,0.025572916666666667,0.5114583333333333,986.3404922576,6.812239281925015e-08
0.006033,0.025677083333333336,0.5135416666666667,985.9185723355546,6.867849090952886e-08
0.006033,0.025781250000000002,0.515625,985.485144580121,6.923684956115198e-08
0.006033,0.025885416666666668,0.5177083333333333,985.0399483448978,6.97974687741116e-08
0.006033,0.025989583333333337,0.5197916666666667,984.5827188116624,7.036034854841792e-08
0.006033,0.02609375,0.521875,984.1131869774715,7.092548888406525e-08
0.006033,0.026197916666666668,0.5239583333333333,983.6310796435931,7.149288978105813e-08
0.006033,0.026302083333333337,0.5260416666666667,983.1361194063311,7.206255123938978e-08
0.006033,0.02640625,0.528125,982.6280246497977,7.263447325906583e-08
0.006033,0.026510416666666668,0.5302083333333333,982.1065095406991,7.320865584008631e-08
0.006033,0.026614583333333337,0.5322916666666667,981.5712840251914,7.378509898244554e-08
0.006033,0.02671875,0.5343749999999999,981.0220538278638,7.43638026861492e-08
0.006033,0.02682291666666667,0.5364583333333334,980.4585204529151,7.494476695119727e-08
0.006033,0.026927083333333338,0.5385416666666667,979.8803811875797,7.55279917775841e-08
0.006033,0.02703125,0.5406249999999999,979.2873291078644,7.611347716531649e-08
0.006033,0.02713541666666667,0.5427083333333333,978.679053086652,7.670122311439215e-08
0.006033,0.027239583333333338,0.5447916666666667,978.0552378042398,7.729122962480546e-08
0.006033,0.02734375,0.546875,977.4155637613616,7.788349669656657e-08
0.006033,0.02744791666666667,0.5489583333333333,976.7597072947603,7.847802432966643e-08
0.006033,0.027552083333333335,0.5510416666666667,976.0873405953656,7.907481252411525e-08
0.006033,0.02765625,0.553125,975.3981317291358,7.967386127989829e-08
0.006033,0.02776041666666667,0.5552083333333333,974.6917446606213,8.027517059702915e-08
0.006033,0.027864583333333335,0.5572916666666666,973.9678392793084,8.08787404755033e-08
0.006033,0.02796875,0.559375,973.2260714287936,8.148457091531509e-08
0.006033,0.02807291666666667,0.5614583333333334,972.4660929388549,8.209266191647354e-08
0.006033,0.028177083333333335,0.5635416666666667,971.6875516604624,8.270301347897527e-08
0.006033,0.02828125,0.5656249999999999,970.8900915037922,8.331562560281578e-08
0.006033,0.02838541666666667,0.5677083333333334,970.0733524792901,8.393049828800071e-08
0.006033,0.028489583333333336,0.5697916666666667,969.2369707418414,8.454763153453117e-08
0.006033,0.02859375,0.571875,968.3805786380935,8.516702534239815e-08
0.006033,0.02869791666666667,0.5739583333333333,967.5038047569851,8.57886797116118e-08
0.006033,0.028802083333333332,0.5760416666666666,966.6062739835287,8.641259464216759e-08
0.006033,0.02890625,0.578125,965.6876075558922,8.703877013406895e-08
0.006033,0.02901041666666667,0.5802083333333333,964.747423125827,8.766720618730567e-08
0.006033,0.029114583333333333,0.5822916666666667,963.7853348224883,8.82979028018902e-08
0.006033,0.02921875,0.584375,962.8009533196872,8.8930859977818e-08
0.006033,0.02932291666666667,0.5864583333333334,961.7938859066184,8.956607771508346e-08
0.006033,0.029427083333333333,0.5885416666666666,960.7637365621007,9.020355601369559e-08
0.006033,0.029531250000000002,0.590625,959.7101060323713,9.084329487365213e-08
0.006033,0.02963541666666667,0.5927083333333334,958.6325919124658,9.148529429494518e-08
0.006033,0.029739583333333333,0.5947916666666666,957.5307887312207,9.212955427758376e-08
0.006033,0.029843750000000002,0.596875,956.4042880399303,9.277607482156791e-08
0.006033,0.02994791666666667,0.5989583333333334,955.2526785046857,9.342485592688967e-08
0.006033,0.030052083333333333,0.6010416666666666,954.075546002426,9.407589759355586e-08
0.006033,0.030156250000000002,0.603125,952.8724737207248,9.472919982156533e-08
0.006033,0.030260416666666668,0.6052083333333333,951.6430422613389,9.538476261092148e-08
0.006033,0.030364583333333334,0.6072916666666667,950.3868297475346,9.604258596161075e-08
0.006033,0.030468750000000003,0.609375,949.1034119352149,9.670266987364895e-08
0.006033,0.03057291666666667,0.6114583333333333,947.7923623278607,9.736501434703157e-08
0.006033,0.030677083333333334,0.6135416666666667,946.4532522953003,9.802961938175069e-08
0.006033,0.030781250000000003,0.615625,945.0856511963161,9.869648497781536e-08
0.006033,0.03088541666666667,0.6177083333333333,943.6891265050974,9.936561113522669e-08
0.006033,0.030989583333333334,0.6197916666666666,942.2632439415454,1.0003699785397228e-07
0.006033,0.031093750000000003,0.6218750000000001,940.8075676054294,1.0071064513406568e-07
0.006033,0.031197916666666665,0.6239583333333333,939.3216601143959,1.0138655297550009e-07
0.006033,0.031302083333333335,0.6260416666666666,937.8050827458239,1.0206472137828118e-07
0.006033,0.031406250000000004,0.628125,936.2573955825243,1.027451503424033e-07
0.006033,0.031510416666666666,0.6302083333333333,934.6781576622652,1.0342783986785854e-07
0.006033,0.031614583333333335,0.6322916666666667,933.0669271311183,1.0411278995466949e-07
0.006033,0.031718750000000004,0.634375,931.4232614006023,1.0480000060281807e-07
0.006033,0.03182291666666667,0.6364583333333335,929.7467173086098,1.0548947181230429e-07
0.006033,0.031927083333333335,0.6385416666666667,928.0368512840869,1.0618120358314171e-07
0.006033,0.032031250000000004,0.640625,926.2932195154456,1.0687519591531901e-07
0.006033,0.032135416666666666,0.6427083333333333,924.5153781226757,1.0757144880882945e-07
0.006033,0.032239583333333335,0.6447916666666667,922.7028833331191,1.0826996226370011e-07
0.006033,0.032343750000000004,0.6468750000000001,920.8552916608758,1.0897073627989485e-07
0.006033,0.03244791666666667,0.6489583333333333,918.9721600897941,1.0967377085744755e-07
0.006033,0.032552083333333336,0.6510416666666666,917.0530462600041,1.103790659963379e-07
0.006033,0.03265625,0.653125,915.0975086579435,1.1108662169656136e-07
0.006033,0.03276041666666667,0.6552083333333333,913.1051068098259,1.117964379581428e-07
0.006033,0.032864583333333336,0.6572916666666667,911.0754014784945,1.1250851478105962e-07
0.006033,0.032968750000000005,0.659375,909.0079548636002,1.1322285216531181e-07
0.006033,0.03307291666666667,0.6614583333333333,906.9023308050429,1.1393945011091971e-07
0.006033,0.033177083333333336,0.6635416666666667,904.7580949896063,1.1465830861786751e-07
0.006033,0.03328125,0.6656249999999999,902.5748151607178,1.1537942768614391e-07
0.006033,0.03338541666666667,0.6677083333333333,900.3520613312547,1.1610280731578055e-07
0.006033,0.033489583333333336,0.6697916666666667,898.0894059993208,1.1682844750675481e-07
0.006033,0.033593750000000006,0.6718750000000001,895.7864243669104,1.175563482590622e-07
0.006033,0.03369791666666667,0.6739583333333333,893.4426945613702,1.1828650957272528e-07
0.006033,0.03380208333333334,0.6760416666666667,891.0577978595721,1.1901893144772828e-07
0.006033,0.03390625,0.678125,888.6313189147005,1.1975361388405988e-07
0.006033,0.03401041666666667,0.6802083333333333,886.1628459855581,1.2049055688175396e-07
0.006033,0.03411458333333334,0.6822916666666667,883.6519711682809,1.212297604407834e-07
0.006033,0.034218750000000006,0.6843750000000001,881.0982906303697,1.2197122456114373e-07
0.006033,0.03432291666666667,0.6864583333333333,878.501404846915,1.2271494924286653e-07
0.006033,0.03442708333333334,0.6885416666666667,875.8609188389087,1.234609344859202e-07
0.006033,0.03453125,0.6906249999999999,873.1764424135284,1.242091802903115e-07
0.006033,0.03463541666666667,0.6927083333333334,870.4475904062633,1.2495968665605852e-07
0.006033,0.03473958333333334,0.6947916666666667,867.6739829247687,1.2571245358314543e-07
0.006033,0.03484375000000001,0.6968750000000001,864.855245594313,1.2646748107156093e-07
0.006033,0.03494791666666667,0.6989583333333333,861.9910098046905,1.272247691213367e-07
0.006033,0.03505208333333333,0.7010416666666666,859.0809129584615,1.27984317732441e-07
0.006033,0.03515625,0.703125,856.124598720383,1.2874612690490106e-07
0.006033,0.03526041666666667,0.7052083333333333,853.1217172678894,1.29510196638701e-07
0.006033,0.03536458333333334,0.7072916666666668,850.0719255424741,1.302765269338273e-07
0.006033,0.03546875,0.709375,846.9748875018287,1.310451177903206e-07
0.006033,0.03557291666666667,0.7114583333333333,843.8302743725837,1.318159692081425e-07
0.006033,0.03567708333333333,0.7135416666666666,840.6377649034997,1.3258908118730204e-07
0.006033,0.03578125,0.715625,837.3970456189503,1.3336445372781952e-07
0.006033,0.03588541666666667,0.7177083333333334,834.1078110725346,1.3414208682967015e-07
0.006033,0.03598958333333334,0.7197916666666667,830.7697641006611,1.349219804928584e-07
0.006033,0.03609375,0.7218749999999999,827.3826160759315,1.3570413471740238e-07
0.006033,0.03619791666666667,0.7239583333333334,823.9460871601584,1.3648854950328173e-07
0.006033,0.03630208333333333,0.7260416666666666,820.4599065568493,1.3727522485049645e-07
0.006033,0.03640625,0.728125,816.9238127629773,1.3806416075906914e-07
0.006033,0.03651041666666667,0.7302083333333333,813.33755381987,1.3885535722897723e-07
0.006033,0.03661458333333334,0.7322916666666668,809.7008875630345,1.3964881426021842e-07
0.006033,0.03671875,0.734375,806.0135818707398,1.4044453185281983e-07
0.006033,0.03682291666666667,0.7364583333333333,802.2754149111772,1.4124251000675439e-07
0.006033,0.03692708333333333,0.7385416666666667,798.4861753880167,1.4204274872202204e-07
0.006033,0.03703125,0.740625,794.6456627841679,1.4284524799865444e-07
0.006033,0.03713541666666667,0.7427083333333334,790.7536876035724,1.4365000783661544e-07
0.006033,0.03723958333333334,0.7447916666666667,786.8100716108263,1.4445702823591183e-07
0.006033,0.03734375,0.746875,782.8146480684543,1.452663091965707e-07
0.006033,0.03744791666666667,0.7489583333333334,778.7672619716424,1.4607785071856045e-07
0.006033,0.03755208333333333,0.7510416666666666,774.6677702802425,1.4689165280188328e-07
0.006033,0.03765625,0.753125,770.5160421478507,1.4770771544656862e-07
0.006033,0.03776041666666667,0.7552083333333334,766.3119591477804,1.4852603865258936e-07
0.006033,0.03786458333333334,0.7572916666666668,762.0554154957259,1.4934662241993866e-07
0.006033,0.03796875,0.759375,757.7463182689339,1.50169466748655e-07
0.006033,0.038072916666666665,0.7614583333333332,753.3845876216876,1.509945716386886e-07
0.006033,0.038177083333333334,0.7635416666666667,748.9701569969129,1.51821937090087e-07
0.006033,0.03828125,0.765625,744.5029733337185,1.5265156310282076e-07
0.006033,0.03838541666666667,0.7677083333333334,739.9829972706731,1.534834496768831e-07
0.006033,0.038489583333333334,0.7697916666666667,735.410203344636,1.5431759681231247e-07
0.006033,0.03859375,0.771875,730.7845801849511,1.5515400450906818e-07
0.006033,0.038697916666666665,0.7739583333333333,726.1061307028176,1.559926727671615e-07
0.006033,0.038802083333333334,0.7760416666666666,721.3748722756441,1.5683360158661735e-07
0.006033,0.03890625,0.7781250000000001,716.5908369262145,1.5767679096740403e-07
0.006033,0.03901041666666667,0.7802083333333334,711.7540714964722,1.5852224090952158e-07
0.006033,0.039114583333333335,0.7822916666666666,706.8646378157417,1.5936995141300613e-07
0.006033,0.039218750000000004,0.784375,701.9226128632151,1.6021992247781928e-07
0.006033,0.039322916666666666,0.7864583333333333,696.928088924522,1.6107215410396782e-07
0.006033,0.039427083333333335,0.7885416666666667,691.8811737422066,1.619266462914743e-07
0.006033,0.039531250000000004,0.790625,686.7819906599473,1.6278339904032073e-07
0.006033,0.03963541666666667,0.7927083333333335,681.6306787603393,1.63642412350498e-07
0.006033,0.039739583333333335,0.7947916666666667,676.4273929960843,1.645036862220332e-07
0.006033,0.039843750000000004,0.796875,671.1723043144168,1.653672206548993e-07
0.006033,0.039947916666666666,0.7989583333333333,665.8655997746122,1.662330156491098e-07
0.006033,0.040052083333333335,0.8010416666666667,660.5074826584186,1.6710107120466923e-07
0.006033,0.040156250000000004,0.8031250000000001,655.0981725732604,1.6797138732157308e-07
0.006033,0.040260416666666674,0.8052083333333334,649.6379055480651,1.6884396399979875e-07
0.006033,0.040364583333333336,0.8072916666666666,644.1269341215697,1.6971880123939145e-07
0.006033,0.040468750000000005,0.8093750000000001,638.5655274229636,1.7059589904032401e-07
0.006033,0.04057291666666667,0.8114583333333333,632.9539712447403,1.714752574025739e-07
0.006033,0.040677083333333336,0.8135416666666667,627.2925681076155,1.723568763261998e-07
0.006033,0.040781250000000005,0.815625,621.5816373173959,1.7324075581114304e-07
0.006033,0.04088541666666667,0.8177083333333333,615.8215150136706,1.7412689585744878e-07
0.006033,0.040989583333333336,0.8197916666666667,610.012554210211,1.7501529646508985e-07
0.006033,0.04109375,0.8218749999999999,604.1551248269722,1.7590595763406183e-07
0.006033,0.04119791666666667,0.8239583333333333,598.2496137135793,1.7679887936439175e-07
0.006033,0.041302083333333336,0.8260416666666667,592.2964246642156,1.7769406165606157e-07
0.006033,0.041406250000000006,0.8281250000000001,586.2959784238008,1.7859150450905774e-07
0.006033,0.04151041666666667,0.8302083333333333,580.2487126853844,1.794912079234254e-07
0.006033,0.04161458333333334,0.8322916666666667,574.1550820786612,1.8039317189911492e-07
0.006033,0.04171875,0.834375,568.015558149545,1.8129739643614432e-07
0.006033,0.04182291666666667,0.8364583333333333,561.8306293307156,1.822038815345317e-07
0.006033,0.04192708333333334,0.8385416666666667,555.6008009030902,1.8311262719425446e-07
0.006033,0.042031250000000006,0.8406250000000001,549.3265949481505,1.840236334153081e-07
0.006033,0.04213541666666667,0.8427083333333333,543.0085502910817,1.849369001977287e-07
0.006033,0.04223958333333334,0.8447916666666667,536.6472224346754,1.858524275414802e-07
0.006033,0.04234375,0.8468749999999999,530.2431834839649,1.86770215446558e-07
0.006033,0.04244791666666667,0.8489583333333334,523.7970220615545,1.8769026391300282e-07
0.006033,0.04255208333333334,0.8510416666666667,517.3093432136287,1.8861257294078756e-07
0.006033,0.04265625000000001,0.8531250000000001,510.7807683066183,1.895371425298896e-07
0.006033,0.04276041666666667,0.8552083333333333,504.2119349145176,1.9046397268036766e-07
0.006033,0.04286458333333334,0.8572916666666667,497.6034966968483,1.9139306339217206e-07
0.006033,0.04296875,0.859375,490.95612326728275,1.9232441466530734e-07
0.006033,0.04307291666666667,0.8614583333333333,484.2705000529263,1.9325802649981414e-07
0.006033,0.04317708333333334,0.8635416666666668,477.5473281442946,1.9419389889564276e-07
0.006033,0.04328125000000001,0.8656250000000001,470.7873241359996,1.9513203185280676e-07
0.006033,0.04338541666666667,0.8677083333333333,463.9912199581875,1.9607242537134228e-07
0.006033,0.04348958333333333,0.8697916666666666,457.159762698768,1.970150794511861e-07
0.006033,0.04359375,0.871875,450.29371441648584,1.979599940924059e-07
0.006033,0.04369791666666667,0.8739583333333334,443.39385194489097,1.9890716929494757e-07
0.006033,0.04380208333333334,0.8760416666666667,436.460966687273,1.9985660505882912e-07
0.006033,0.04390625,0.8781249999999999,429.49586440263147,2.0080830138406865e-07
0.006033,0.04401041666666667,0.8802083333333334,422.49936498275986,2.0176225827064356e-07
0.006033,0.04411458333333333,0.8822916666666666,415.4723022205391,2.0271847571854933e-07
0.006033,0.04421875,0.884375,408.41552356952,2.0367695372782208e-07
0.006033,0.04432291666666667,0.8864583333333333,401.32988989491275,2.046376922984212e-07
0.006033,0.04442708333333334,0.8885416666666668,394.2162752160801,2.056006914303557e-07
0.006033,0.04453125,0.890625,387.07556644065795,2.0656595112365265e-07
0.006033,0.04463541666666667,0.8927083333333333,379.90866309042286,2.0753347137828502e-07
0.006033,0.04473958333333333,0.8947916666666667,372.71647701904334,2.0850325219424372e-07
0.006033,0.04484375,0.896875,365.49993212184165,2.094752935715694e-07
0.006033,0.04494791666666667,0.8989583333333334,358.25996403772467,2.104495955102305e-07
0.006033,0.04505208333333334,0.9010416666666667,350.99751984342424,2.114261580102134e-07
0.006033,0.04515625,0.903125,343.71355774021094,2.1240498107157234e-07
0.006033,0.04526041666666667,0.9052083333333334,336.4090467332435,2.1338606469425763e-07
0.006033,0.04536458333333333,0.9072916666666666,329.08496630373145,2.1436940887826928e-07
0.006033,0.04546875,0.909375,321.7423060740781,2.1535501362365242e-07
0.006033,0.04557291666666667,0.9114583333333334,314.3820654662012,2.1634287893037096e-07
0.006033,0.04567708333333334,0.9135416666666668,307.00525335321004,2.173330047984068e-07
0.006033,0.04578125,0.915625,299.61288770464324,2.1832539122782318e-07
0.006033,0.04588541666666667,0.9177083333333333,292.2059952254642,2.193200382185614e-07
0.006033,0.045989583333333334,0.9197916666666667,284.7856109890301,2.2031694577063048e-07
0.006033,0.04609375,0.921875,277.3527780642346,2.2131611388407109e-07
0.006033,0.04619791666666667,0.9239583333333334,269.9085471370596,2.2231754255884256e-07
0.006033,0.04630208333333334,0.9260416666666668,262.4539761267457,2.2332123179493585e-07
0.006033,0.04640625,0.928125,254.99012979681905,2.2432718159240517e-07
0.006033,0.046510416666666665,0.9302083333333333,247.51807936120355,2.2533539195118278e-07
0.006033,0.046614583333333334,0.9322916666666666,240.0389020856618,2.2634586287134095e-07
0.006033,0.04671875,0.9343750000000001,232.55368088480452,2.2735859435282093e-07
0.006033,0.04682291666666667,0.9364583333333334,225.06350391491333,2.2837358639563176e-07
0.006033,0.046927083333333335,0.9385416666666666,217.56946416283384,2.2939083899981415e-07
0.006033,0.047031250000000004,0.940625,210.0726590311868,2.3041035216531832e-07
0.006033,0.047135416666666666,0.9427083333333333,202.57418992016503,2.314321258921579e-07
0.006033,0.047239583333333335,0.9447916666666667,195.07516180616582,2.32456160180369e-07
0.006033,0.047343750000000004,0.946875,187.5766828175365,2.3348245502990644e-07
0.006033,0.04744791666666667,0.9489583333333335,180.07986380768983,2.345110104407702e-07
0.006033,0.047552083333333335,0.9510416666666667,172.5858179258674,2.3554182641300552e-07
0.006033,0.047656250000000004,0.953125,165.09566018581774,2.3657490294657168e-07
0.006033,0.047760416666666666,0.9552083333333333,157.6105070326723,2.376102400414642e-07
0.006033,0.047864583333333335,0.9572916666666667,150.1314759082838,2.386478376977282e-07
0.006033,0.047968750000000004,0.9593750000000001,142.65968481532005,2.3968769591532307e-07
0.006033,0.048072916666666674,0.9614583333333334,135.19625188038012,2.407298146942398e-07
0.006033,0.048177083333333336,0.9635416666666666,127.74229491642281,2.417741940345371e-07
0.006033,0.048281250000000005,0.9656250000000001,120.29893098478301,2.4282083393615617e-07
0.006033,0.04838541666666667,0.9677083333333333,112.86727595706753,2.438697343991016e-07
0.006033,0.048489583333333336,0.9697916666666667,105.44844407719991,2.449208954234231e-07
0.006033,0.048593750000000005,0.971875,98.0435475239132,2.459743170090709e-07
0.006033,0.048697916666666674,0.9739583333333335,90.65369597396023,2.470299991560451e-07
0.006033,0.048802083333333336,0.9760416666666667,83.27999616633296,2.480879418643998e-07
0.006033,0.048906250000000005,0.978125,75.92355146776679,2.4914814513407184e-07
0.006033,0.04901041666666667,0.9802083333333333,68.58546143981988,2.502106089650702e-07
0.006033,0.049114583333333336,0.9822916666666667,61.266821407794566,2.5127533335745364e-07
0.006033,0.049218750000000006,0.9843750000000001,53.96872203179432,2.5234231831114086e-07
0.006033,0.04932291666666667,0.9864583333333333,46.692248880181396,2.534115638261996e-07
0.006033,0.04942708333333334,0.9885416666666667,39.438482005715265,2.5448306990258915e-07
0.006033,0.04953125,0.990625,32.20849552464947,2.555568365403096e-07
0.006033,0.04963541666666667,0.9927083333333333,25.003357199045986,2.5663286373939703e-07
0.006033,0.04973958333333334,0.9947916666666667,17.82412802258946,2.5771115149981084e-07
0.006033,0.049843750000000006,0.9968750000000001,10.671861810154079,2.587916998215555e-07
0.006033,0.04994791666666667,0.9989583333333333,3.5476047913934483,2.598745087046762e-07
