nu,eta,Tv,normalized_center_pressure,root_count,formula
0.1,1.125,1.0000000000000000e-04,1.0201977986605117e+00,200,paper_eq_46_47
0.1,1.125,1.0194061408051501e-04,1.0203941748313745e+00,200,paper_eq_46_47
0.1,1.125,1.0391888799112494e-04,1.0205924731352825e+00,200,paper_eq_46_47
0.1,1.125,1.0593555256379533e-04,1.0207927126311911e+00,200,paper_eq_46_47
0.1,1.125,1.0799135281311972e-04,1.0209949125716618e+00,200,paper_eq_46_47
0.1,1.125,1.1008704821154976e-04,1.0211990924049041e+00,200,paper_eq_46_47
0.1,1.125,1.1222341296996644e-04,1.0214052717768622e+00,200,paper_eq_46_47
0.1,1.125,1.1440123632369623e-04,1.0216134705332980e+00,200,paper_eq_46_47
0.1,1.125,1.1662132282407713e-04,1.0218237087219337e+00,200,paper_eq_46_47
0.1,1.125,1.1888449263568403e-04,1.0220360065945759e+00,200,paper_eq_46_47
0.1,1.125,1.2119158183932093e-04,1.0222503846093078e+00,200,paper_eq_46_47
0.1,1.125,1.2354344274089366e-04,1.0224668634326686e+00,200,paper_eq_46_47
0.1,1.125,1.2594094418627645e-04,1.0226854639418816e+00,200,paper_eq_46_47
0.1,1.125,1.2838497188228886e-04,1.0229062072271036e+00,200,paper_eq_46_47
0.1,1.125,1.3087642872390180e-04,1.0231291145936858e+00,200,paper_eq_46_47
0.1,1.125,1.3341623512779302e-04,1.0233542075644848e+00,200,paper_eq_46_47
0.1,1.125,1.3600532937237600e-04,1.0235815078821757e+00,200,paper_eq_46_47
0.1,1.125,1.3864466794442711e-04,1.0238110375116074e+00,200,paper_eq_46_47
0.1,1.125,1.4133522589243995e-04,1.0240428186421808e+00,200,paper_eq_46_47
0.1,1.125,1.4407799718683633e-04,1.0242768736902546e+00,200,paper_eq_46_47
0.1,1.125,1.4687399508716824e-04,1.0245132253015683e+00,200,paper_eq_46_47
0.1,1.125,1.4972425251644474e-04,1.0247518963537241e+00,200,paper_eq_46_47
0.1,1.125,1.5262982244272473e-04,1.0249929099586508e+00,200,paper_eq_46_47
0.1,1.125,1.5559177826811329e-04,1.0252362894651363e+00,200,paper_eq_46_47
0.1,1.125,1.5861121422530797e-04,1.0254820584613742e+00,200,paper_eq_46_47
0.1,1.125,1.6168924578184013e-04,1.0257302407775335e+00,200,paper_eq_46_47
0.1,1.125,1.6482701005216105e-04,1.0259808604883720e+00,200,paper_eq_46_47
0.1,1.125,1.6802566621772517e-04,1.0262339419158630e+00,200,paper_eq_46_47
0.1,1.125,1.7128639595522549e-04,1.0264895096318769e+00,200,paper_eq_46_47
0.1,1.125,1.7461040387313926e-04,1.0267475884608568e+00,200,paper_eq_46_47
0.1,1.125,1.7799891795674554e-04,1.0270082034825785e+00,200,paper_eq_46_47
0.1,1.125,1.8145319002177849e-04,1.0272713800348754e+00,200,paper_eq_46_47
0.1,1.125,1.8497449617688478e-04,1.0275371437164620e+00,200,paper_eq_46_47
0.1,1.125,1.8856413729505529e-04,1.0278055203897414e+00,200,paper_eq_46_47
0.1,1.125,1.9222343949420459e-04,1.0280765361836770e+00,200,paper_eq_46_47
0.1,1.125,1.9595375462707956e-04,1.0283502174966674e+00,200,paper_eq_46_47
0.1,1.125,1.9975646078067050e-04,1.0286265909994918e+00,200,paper_eq_46_47
0.1,1.125,2.0363296278531862e-04,1.0289056836382544e+00,200,paper_eq_46_47
0.1,1.125,2.0758469273370040e-04,1.0291875226373883e+00,200,paper_eq_46_47
0.1,1.125,2.1161311050988440e-04,1.0294721355026826e+00,200,paper_eq_46_47
0.1,1.125,2.1571970432865498e-04,1.0297595500243488e+00,200,paper_eq_46_47
0.1,1.125,2.1990599128530222e-04,1.0300497942801223e+00,200,paper_eq_46_47
0.1,1.125,2.2417351791608088e-04,1.0303428966383967e+00,200,paper_eq_46_47
0.1,1.125,2.2852386076954620e-04,1.0306388857614055e+00,200,paper_eq_46_47
0.1,1.125,2.3295862698897651e-04,1.0309377906084296e+00,200,paper_eq_46_47
0.1,1.125,2.3747945490609903e-04,1.0312396404390560e+00,200,paper_eq_46_47
0.1,1.125,2.4208801464633732e-04,1.0315444648164542e+00,200,paper_eq_46_47
0.1,1.125,2.4678600874580310e-04,1.0318522936107120e+00,200,paper_eq_46_47
0.1,1.125,2.5157517278026544e-04,1.0321631570022045e+00,200,paper_eq_46_47
0.1,1.125,2.5645727600631923e-04,1.0324770854849983e+00,200,paper_eq_46_47
0.1,1.125,2.6143412201500309e-04,1.0327941098702966e+00,200,paper_eq_46_47
0.1,1.125,2.6650754939809698e-04,1.0331142612899376e+00,200,paper_eq_46_47
0.1,1.125,2.7167943242735194e-04,1.0334375711999124e+00,200,paper_eq_46_47
0.1,1.125,2.7695168174690041e-04,1.0337640713839464e+00,200,paper_eq_46_47
0.1,1.125,2.8232624507910388e-04,1.0340937939571135e+00,200,paper_eq_46_47
0.1,1.125,2.8780510794409824e-04,1.0344267713694903e+00,200,paper_eq_46_47
0.1,1.125,2.9339029439330285e-04,1.0347630364098575e+00,200,paper_eq_46_47
0.1,1.125,2.9908386775716371e-04,1.0351026222094557e+00,200,paper_eq_46_47
0.1,1.125,3.0488793140740812e-04,1.0354455622457650e+00,200,paper_eq_46_47
0.1,1.125,3.1080462953409123e-04,1.0357918903463461e+00,200,paper_eq_46_47
0.1,1.125,3.1683614793772227e-04,1.0361416406927246e+00,200,paper_eq_46_47
0.1,1.125,3.2298471483676341e-04,1.0364948478243194e+00,200,paper_eq_46_47
0.1,1.125,3.2925260169079689e-04,1.0368515466424133e+00,200,paper_eq_46_47
0.1,1.125,3.3564212403967044e-04,1.0372117724141898e+00,200,paper_eq_46_47
0.1,1.125,3.4215564235892394e-04,1.0375755607767916e+00,200,paper_eq_46_47
0.1,1.125,3.4879556293181780e-04,1.0379429477414563e+00,200,paper_eq_46_47
0.1,1.125,3.5556433873828422e-04,1.0383139696976769e+00,200,paper_eq_46_47
0.1,1.125,3.6246447036112944e-04,1.0386886634174286e+00,200,paper_eq_46_47
0.1,1.125,3.6949850690982169e-04,1.0390670660594421e+00,200,paper_eq_46_47
0.1,1.125,3.7666904696220636e-04,1.0394492151735317e+00,200,paper_eq_46_47
0.1,1.125,3.8397873952449664e-04,1.0398351487049637e+00,200,paper_eq_46_47
0.1,1.125,3.9143028500989308e-04,1.0402249049988987e+00,200,paper_eq_46_47
0.1,1.125,3.9902643623619547e-04,1.0406185228048637e+00,200,paper_eq_46_47
0.1,1.125,4.0676999944277189e-04,1.0410160412813021e+00,200,paper_eq_46_47
0.1,1.125,4.1466383532726961e-04,1.0414175000001624e+00,200,paper_eq_46_47
0.1,1.125,4.2271086010243412e-04,1.0418229389515414e+00,200,paper_eq_46_47
0.1,1.125,4.3091404657344808e-04,1.0422323985484079e+00,200,paper_eq_46_47
0.1,1.125,4.3927642523616941e-04,1.0426459196313518e+00,200,paper_eq_46_47
0.1,1.125,4.4780108539668544e-04,1.0430635434734103e+00,200,paper_eq_46_47
0.1,1.125,4.5649117631259257e-04,1.0434853117849539e+00,200,paper_eq_46_47
0.1,1.125,4.6534990835642333e-04,1.0439112667186199e+00,200,paper_eq_46_47
0.1,1.125,4.7438055420165174e-04,1.0443414508743236e+00,200,paper_eq_46_47
0.1,1.125,4.8358645003171414e-04,1.0447759073043070e+00,200,paper_eq_46_47
0.1,1.125,4.9297099677249225e-04,1.0452146795182784e+00,200,paper_eq_46_47
0.1,1.125,5.0253766134871446e-04,1.0456578114885915e+00,200,paper_eq_46_47
0.1,1.125,5.1228997796473890e-04,1.0461053476554980e+00,200,paper_eq_46_47
0.1,1.125,5.2223154941018928e-04,1.0465573329324644e+00,200,paper_eq_46_47
0.1,1.125,5.3236604839093562e-04,1.0470138127115565e+00,200,paper_eq_46_47
0.1,1.125,5.4269721888589094e-04,1.0474748328688801e+00,200,paper_eq_46_47
0.1,1.125,5.5322887753015445e-04,1.0479404397701020e+00,200,paper_eq_46_47
0.1,1.125,5.6396491502497975e-04,1.0484106802760311e+00,200,paper_eq_46_47
0.1,1.125,5.7490929757511903e-04,1.0488856017482697e+00,200,paper_eq_46_47
0.1,1.125,5.8606606835405169e-04,1.0493652520549361e+00,200,paper_eq_46_47
0.1,1.125,5.9743934899765116e-04,1.0498496795764536e+00,200,paper_eq_46_47
0.1,1.125,6.0903334112683667e-04,1.0503389332114208e+00,200,paper_eq_46_47
0.1,1.125,6.2085232789977512e-04,1.0508330623825397e+00,200,paper_eq_46_47
0.1,1.125,6.3290067559420334e-04,1.0513321170426364e+00,200,paper_eq_46_47
0.1,1.125,6.4518283522045910e-04,1.0518361476807336e+00,200,paper_eq_46_47
0.1,1.125,6.5770334416581319e-04,1.0523452053282216e+00,200,paper_eq_46_47
0.1,1.125,6.7046682787071305e-04,1.0528593415650891e+00,200,paper_eq_46_47
0.1,1.125,6.8347800153755508e-04,1.0533786085262373e+00,200,paper_eq_46_47
0.1,1.125,6.9674167187261480e-04,1.0539030589078697e+00,200,paper_eq_46_47
0.1,1.125,7.1026273886179111e-04,1.0544327459739733e+00,200,paper_eq_46_47
0.1,1.125,7.2404619758079461e-04,1.0549677235628638e+00,200,paper_eq_46_47
0.1,1.125,7.3809714004048101e-04,1.0555080460938167e+00,200,paper_eq_46_47
0.1,1.125,7.5242075706798508e-04,1.0560537685737921e+00,200,paper_eq_46_47
0.1,1.125,7.6702234022436400e-04,1.0566049466042269e+00,200,paper_eq_46_47
0.1,1.125,7.8190728375945374e-04,1.0571616363879264e+00,200,paper_eq_46_47
0.1,1.125,7.9708108660466218e-04,1.0577238947360306e+00,200,paper_eq_46_47
0.1,1.125,8.1254935440443427e-04,1.0582917790750717e+00,200,paper_eq_46_47
0.1,1.125,8.2831780158714049e-04,1.0588653474541250e+00,200,paper_eq_46_47
0.1,1.125,8.4439225347615284e-04,1.0594446585520343e+00,200,paper_eq_46_47
0.1,1.125,8.6077864844188903e-04,1.0600297716847504e+00,200,paper_eq_46_47
0.1,1.125,8.7748304009562005e-04,1.0606207468127322e+00,200,paper_eq_46_47
0.1,1.125,8.9451159952584581e-04,1.0612176445484711e+00,200,paper_eq_46_47
0.1,1.125,9.1187061757808541e-04,1.0618205261640843e+00,200,paper_eq_46_47
0.1,1.125,9.2956650717888488e-04,1.0624294535990160e+00,200,paper_eq_46_47
0.1,1.125,9.4760580570494982e-04,1.0630444894678328e+00,200,paper_eq_46_47
0.1,1.125,9.6599517739823779e-04,1.0636656970681138e+00,200,paper_eq_46_47
0.1,1.125,9.8474141582792388e-04,1.0642931403884428e+00,200,paper_eq_46_47
0.1,1.125,1.0038514464001435e-03,1.0649268841164994e+00,200,paper_eq_46_47
0.1,1.125,1.0233323289164382e-03,1.0655669936472483e+00,200,paper_eq_46_47
0.1,1.125,1.0431912601818526e-03,1.0662135350912356e+00,200,paper_eq_46_47
0.1,1.125,1.0634355766636436e-03,1.0668665752829831e+00,200,paper_eq_46_47
0.1,1.125,1.0840727572015854e-03,1.0675261817894981e+00,200,paper_eq_46_47
0.1,1.125,1.1051104257708655e-03,1.0681924229188766e+00,200,paper_eq_46_47
0.1,1.125,1.1265563542986153e-03,1.0688653677290181e+00,200,paper_eq_46_47
0.1,1.125,1.1484184655350697e-03,1.0695450860364619e+00,200,paper_eq_46_47
0.1,1.125,1.1707048359804787e-03,1.0702316484253120e+00,200,paper_eq_46_47
0.1,1.125,1.1934236988687848e-03,1.0709251262562902e+00,200,paper_eq_46_47
0.1,1.125,1.2165834472092367e-03,1.0716255916758968e+00,200,paper_eq_46_47
0.1,1.125,1.2401926368869941e-03,1.0723331176256836e+00,200,paper_eq_46_47
0.1,1.125,1.2642599898239333e-03,1.0730477778516467e+00,200,paper_eq_46_47
0.1,1.125,1.2887943972007742e-03,1.0737696469137339e+00,200,paper_eq_46_47
0.1,1.125,1.3138049227417409e-03,1.0744988001954701e+00,200,paper_eq_46_47
0.1,1.125,1.3393008060629665e-03,1.0752353139137056e+00,200,paper_eq_46_47
0.1,1.125,1.3652914660858754e-03,1.0759792651284836e+00,200,paper_eq_46_47
0.1,1.125,1.3917865045168091e-03,1.0767307317530295e+00,200,paper_eq_46_47
0.1,1.125,1.4187957093941684e-03,1.0774897925638687e+00,200,paper_eq_46_47
0.1,1.125,1.4463290587044160e-03,1.0782565272110638e+00,200,paper_eq_46_47
0.1,1.125,1.4743967240682125e-03,1.0790310162285839e+00,200,paper_eq_46_47
0.1,1.125,1.5030090744981336e-03,1.0798133410448052e+00,200,paper_eq_46_47
0.1,1.125,1.5321766802292613e-03,1.0806035839931272e+00,200,paper_eq_46_47
0.1,1.125,1.5619103166241593e-03,1.0814018283227429e+00,200,paper_eq_46_47
0.1,1.125,1.5922209681535841e-03,1.0822081582095229e+00,200,paper_eq_46_47
0.1,1.125,1.6231198324544850e-03,1.0830226587670415e+00,200,paper_eq_46_47
0.1,1.125,1.6546183244667283e-03,1.0838454160577409e+00,200,paper_eq_46_47
0.1,1.125,1.6867280806501111e-03,1.0846765171042305e+00,200,paper_eq_46_47
0.1,1.125,1.7194609632832077e-03,1.0855160499007213e+00,200,paper_eq_46_47
0.1,1.125,1.7528290648456406e-03,1.0863641034246112e+00,200,paper_eq_46_47
0.1,1.125,1.7868447124853963e-03,1.0872207676481980e+00,200,paper_eq_46_47
0.1,1.125,1.8215204725728241e-03,1.0880861335505527e+00,200,paper_eq_46_47
0.1,1.125,1.8568691553430376e-03,1.0889602931295246e+00,200,paper_eq_46_47
0.1,1.125,1.8929038196283628e-03,1.0898433394138951e+00,200,paper_eq_46_47
0.1,1.125,1.9296377776826792e-03,1.0907353664756871e+00,200,paper_eq_46_47
0.1,1.125,1.9670846000993240e-03,1.0916364694426157e+00,200,paper_eq_46_47
0.1,1.125,2.0052581208244960e-03,1.0925467445106949e+00,200,paper_eq_46_47
0.1,1.125,2.0441724422678867e-03,1.0934662889569917e+00,200,paper_eq_46_47
0.1,1.125,2.0838419405125449e-03,1.0943952011525444e+00,200,paper_eq_46_47
0.1,1.125,2.1242812706258082e-03,1.0953335805754250e+00,200,paper_eq_46_47
0.1,1.125,2.1655053720733160e-03,1.0962815278239604e+00,200,paper_eq_46_47
0.1,1.125,2.2075294742380795e-03,1.0972391446301237e+00,200,paper_eq_46_47
0.1,1.125,2.2503691020466627e-03,1.0982065338730713e+00,200,paper_eq_46_47
0.1,1.125,2.2940400817045392e-03,1.0991837995928466e+00,200,paper_eq_46_47
0.1,1.125,2.3385585465427556e-03,1.1001710470042501e+00,200,paper_eq_46_47
0.1,1.125,2.3839409429780539e-03,1.1011683825108671e+00,200,paper_eq_46_47
0.1,1.125,2.4302040365886454e-03,1.1021759137192677e+00,200,paper_eq_46_47
0.1,1.125,2.4773649183079316e-03,1.1031937494533681e+00,200,paper_eq_46_47
0.1,1.125,2.5254410107383514e-03,1.1042219997689644e+00,200,paper_eq_46_47
0.1,1.125,2.5744500745878431e-03,1.1052607759684328e+00,200,paper_eq_46_47
0.1,1.125,2.6244102152311239e-03,1.1063101906156014e+00,200,paper_eq_46_47
0.1,1.125,2.6753398893983732e-03,1.1073703575508005e+00,200,paper_eq_46_47
0.1,1.125,2.7272579119936727e-03,1.1084413919060743e+00,200,paper_eq_46_47
0.1,1.125,2.7801834630457817e-03,1.1095234101205762e+00,200,paper_eq_46_47
0.1,1.125,2.8341360947937979e-03,1.1106165299561384e+00,200,paper_eq_46_47
0.1,1.125,2.8891357389103241e-03,1.1117208705130184e+00,200,paper_eq_46_47
0.1,1.125,2.9452027138648093e-03,1.1128365522458195e+00,200,paper_eq_46_47
0.1,1.125,3.0023577324297798e-03,1.1139636969795959e+00,200,paper_eq_46_47
0.1,1.125,3.0606219093327466e-03,1.1151024279261361e+00,200,paper_eq_46_47
0.1,1.125,3.1200167690565816e-03,1.1162528697004244e+00,200,paper_eq_46_47
0.1,1.125,3.1805642537913264e-03,1.1174151483372872e+00,200,paper_eq_46_47
0.1,1.125,3.2422867315402247e-03,1.1185893913082234e+00,200,paper_eq_46_47
0.1,1.125,3.3052070043831676e-03,1.1197757275384139e+00,200,paper_eq_46_47
0.1,1.125,3.3693483169003921e-03,1.1209742874239179e+00,200,paper_eq_46_47
0.1,1.125,3.4347343647597598e-03,1.1221852028490529e+00,200,paper_eq_46_47
0.1,1.125,3.5013893034705752e-03,1.1234086072039624e+00,200,paper_eq_46_47
0.1,1.125,3.5693377573073714e-03,1.1246446354023640e+00,200,paper_eq_46_47
0.1,1.125,3.6386048284068172e-03,1.1258934238994922e+00,200,paper_eq_46_47
0.1,1.125,3.7092161060411784e-03,1.1271551107102191e+00,200,paper_eq_46_47
0.1,1.125,3.7811976760717442e-03,1.1284298354273632e+00,200,paper_eq_46_47
0.1,1.125,3.8545761305856987e-03,1.1297177392401911e+00,200,paper_eq_46_47
0.1,1.125,3.9293785777200193e-03,1.1310189649530973e+00,200,paper_eq_46_47
0.1,1.125,4.0056326516759904e-03,1.1323336570044777e+00,200,paper_eq_46_47
0.1,1.125,4.0833665229281250e-03,1.1336619614857852e+00,200,paper_eq_46_47
0.1,1.125,4.1626089086311000e-03,1.1350040261607672e+00,200,paper_eq_46_47
0.1,1.125,4.2433890832287713e-03,1.1363600004849033e+00,200,paper_eq_46_47
0.1,1.125,4.3257368892689416e-03,1.1377300356250086e+00,200,paper_eq_46_47
0.1,1.125,4.4096827484281309e-03,1.1391142844790307e+00,200,paper_eq_46_47
0.1,1.125,4.4952576727501680e-03,1.1405129016960340e+00,200,paper_eq_46_47
0.1,1.125,4.5824932761029894e-03,1.1419260436963548e+00,200,paper_eq_46_47
0.1,1.125,4.6714217858576969e-03,1.1433538686919431e+00,200,paper_eq_46_47
0.1,1.125,4.7620760547942972e-03,1.1447965367068846e+00,200,paper_eq_46_47
0.1,1.125,4.8544895732384689e-03,1.1462542095980934e+00,200,paper_eq_46_47
0.1,1.125,4.9486964814338674e-03,1.1477270510761879e+00,200,paper_eq_46_47
0.1,1.125,5.0447315821545288e-03,1.1492152267265316e+00,200,paper_eq_46_47
0.1,1.125,5.1426303535620022e-03,1.1507189040304533e+00,200,paper_eq_46_47
0.1,1.125,5.2424289623120698e-03,1.1522382523866286e+00,200,paper_eq_46_47
0.1,1.125,5.3441642769156894e-03,1.1537734431326259e+00,200,paper_eq_46_47
0.1,1.125,5.4478738813593741e-03,1.1553246495666247e+00,200,paper_eq_46_47
0.1,1.125,5.5535960889897280e-03,1.1568920469692778e+00,200,paper_eq_46_47
0.1,1.125,5.6613699566675987e-03,1.1584758126257444e+00,200,paper_eq_46_47
0.1,1.125,5.7712352991967364e-03,1.1600761258478596e+00,200,paper_eq_46_47
0.1,1.125,5.8832327040326008e-03,1.1616931679964593e+00,200,paper_eq_46_47
0.1,1.125,5.9974035462765215e-03,1.1633271225038502e+00,200,paper_eq_46_47
0.1,1.125,6.1137900039608698e-03,1.1649781748964076e+00,200,paper_eq_46_47
0.1,1.125,6.2324350736308529e-03,1.1666465128173085e+00,200,paper_eq_46_47
0.1,1.125,6.3533825862286892e-03,1.1683323260493967e+00,200,paper_eq_46_47
0.1,1.125,6.4766772232860382e-03,1.1700358065381635e+00,200,paper_eq_46_47
0.1,1.125,6.6023645334306290e-03,1.1717571484148361e+00,200,paper_eq_46_47
0.1,1.125,6.7304909492133195e-03,1.1734965480195836e+00,200,paper_eq_46_47
0.1,1.125,6.8611038042615344e-03,1.1752542039248122e+00,200,paper_eq_46_47
0.1,1.125,6.9942513507657914e-03,1.1770303169585601e+00,200,paper_eq_46_47
0.1,1.125,7.1299827773053564e-03,1.1788250902279647e+00,200,paper_eq_46_47
0.1,1.125,7.2683482270200460e-03,1.1806387291428111e+00,200,paper_eq_46_47
0.1,1.125,7.4093988161344606e-03,1.1824714414391415e+00,200,paper_eq_46_47
0.1,1.125,7.5531866528418777e-03,1.1843234372029170e+00,200,paper_eq_46_47
0.1,1.125,7.6997648565545074e-03,1.1861949288937199e+00,200,paper_eq_46_47
0.1,1.125,7.8491875775273494e-03,1.1880861313684954e+00,200,paper_eq_46_47
0.1,1.125,8.0015100168628808e-03,1.1899972619052930e+00,200,paper_eq_46_47
0.1,1.125,8.1567884469039408e-03,1.1919285402270299e+00,200,paper_eq_46_47
0.1,1.125,8.3150802320223881e-03,1.1938801885252284e+00,200,paper_eq_46_47
0.1,1.125,8.4764438498111262e-03,1.1958524314837295e+00,200,paper_eq_46_47
0.1,1.125,8.6409389126875184e-03,1.1978454963023513e+00,200,paper_eq_46_47
0.1,1.125,8.8086261899158226e-03,1.1998596127204790e+00,200,paper_eq_46_47
0.1,1.125,8.9795676300572710e-03,1.2018950130405432e+00,200,paper_eq_46_47
0.1,1.125,9.1538263838555206e-03,1.2039519321513692e+00,200,paper_eq_46_47
0.1,1.125,9.3314668275665275e-03,1.2060306075513292e+00,200,paper_eq_46_47
0.1,1.125,9.5125545867408706e-03,1.2081312793712708e+00,200,paper_eq_46_47
0.1,1.125,9.6971565604678407e-03,1.2102541903971120e+00,200,paper_eq_46_47
0.1,1.125,9.8853409460898638e-03,1.2123995860920305e+00,200,paper_eq_46_47
0.1,1.125,1.0077177264396600e-02,1.2145677146180991e+00,200,paper_eq_46_47
0.1,1.125,1.0272736385307936e-02,1.2167588268571952e+00,200,paper_eq_46_47
0.1,1.125,1.0472090554055411e-02,1.2189731764309495e+00,200,paper_eq_46_47
0.1,1.125,1.0675313417871693e-02,1.2212110197194148e+00,200,paper_eq_46_47
0.1,1.125,1.0882480053198017e-02,1.2234726158780309e+00,200,paper_eq_46_47
0.1,1.125,1.1093666993419616e-02,1.2257582268523561e+00,200,paper_eq_46_47
0.1,1.125,1.1308952257139362e-02,1.2280681173898056e+00,200,paper_eq_46_47
0.1,1.125,1.1528415377000140e-02,1.2304025550474831e+00,200,paper_eq_46_47
0.1,1.125,1.1752137429066462e-02,1.2327618101948667e+00,200,paper_eq_46_47
0.1,1.125,1.1980201062776400e-02,1.2351461560097945e+00,200,paper_eq_46_47
0.1,1.125,1.2212690531474647e-02,1.2375558684657573e+00,200,paper_eq_46_47
0.1,1.125,1.2449691723538167e-02,1.2399912263079818e+00,200,paper_eq_46_47
0.1,1.125,1.2691292194105861e-02,1.2424525110151787e+00,200,paper_eq_46_47
0.1,1.125,1.2937581197423980e-02,1.2449400067430598e+00,200,paper_eq_46_47
0.1,1.125,1.3188649719819253e-02,1.2474540002448438e+00,200,paper_eq_46_47
0.1,1.125,1.3444590513311868e-02,1.2499947807629272e+00,200,paper_eq_46_47
0.1,1.125,1.3705498129880783e-02,1.2525626398846896e+00,200,paper_eq_46_47
0.1,1.125,1.3971468956393970e-02,1.2551578713540141e+00,200,paper_eq_46_47
0.1,1.125,1.4242601250216534e-02,1.2577807708285240e+00,200,paper_eq_46_47
0.1,1.125,1.4518995175509843e-02,1.2604316355707963e+00,200,paper_eq_46_47
0.1,1.125,1.4800752840235097e-02,1.2631107640598302e+00,200,paper_eq_46_47
0.1,1.125,1.5087978333874924e-02,1.2658184555069514e+00,200,paper_eq_46_47
0.1,1.125,1.5380777765887154e-02,1.2685550092580180e+00,200,paper_eq_46_47
0.1,1.125,1.5679259304904682e-02,1.2713207240613469e+00,200,paper_eq_46_47
0.1,1.125,1.5983533218696121e-02,1.2741158971782418e+00,200,paper_eq_46_47
0.1,1.125,1.6293711914901931e-02,1.2769408233103596e+00,200,paper_eq_46_47
0.1,1.125,1.6609909982561070e-02,1.2797957933155337e+00,200,paper_eq_46_47
0.1,1.125,1.6932244234443516e-02,1.2826810926810297e+00,200,paper_eq_46_47
0.1,1.125,1.7260833750204319e-02,1.2855969997207695e+00,200,paper_eq_46_47
0.1,1.125,1.7595799920375070e-02,1.2885437834607056e+00,200,paper_eq_46_47
0.1,1.125,1.7937266491209115e-02,1.2915217011745808e+00,200,paper_eq_46_47
0.1,1.125,1.8285359610397022e-02,1.2945309955306099e+00,200,paper_eq_46_47
0.1,1.125,1.8640207873669188e-02,1.2975718913085112e+00,200,paper_eq_46_47
0.1,1.125,1.9001942372302901e-02,1.3006445916457208e+00,200,paper_eq_46_47
0.1,1.125,1.9370696741551157e-02,1.3037492737717320e+00,200,paper_eq_46_47
0.1,1.125,1.9746607210011560e-02,1.3068860841903858e+00,200,paper_eq_46_47
0.1,1.125,2.0129812649953036e-02,1.3100551332717130e+00,200,paper_eq_46_47
0.1,1.125,2.0520454628619317e-02,1.3132564892176228e+00,200,paper_eq_46_47
0.1,1.125,2.0918677460527994e-02,1.3164901713694797e+00,200,paper_eq_46_47
0.1,1.125,2.1324628260784521e-02,1.3197561428304034e+00,200,paper_eq_46_47
0.1,1.125,2.1738456999430788e-02,1.3230543023810357e+00,200,paper_eq_46_47
0.1,1.125,2.2160316556848442e-02,1.3263844756745353e+00,200,paper_eq_46_47
0.1,1.125,2.2590362780237339e-02,1.3297464057046484e+00,200,paper_eq_46_47
0.1,1.125,2.3028754541190050e-02,1.3331397425498792e+00,200,paper_eq_46_47
0.1,1.125,2.3475653794383620e-02,1.3365640324068779e+00,200,paper_eq_46_47
0.1,1.125,2.3931225637410385e-02,1.3400187059371924e+00,200,paper_eq_46_47
0.1,1.125,2.4395638371769789e-02,1.3435030659632652e+00,200,paper_eq_46_47
0.1,1.125,2.4869063565043901e-02,1.3470162745618841e+00,200,paper_eq_46_47
0.1,1.125,2.5351676114279367e-02,1.3505573396160782e+00,200,paper_eq_46_47
0.1,1.125,2.5843654310599633e-02,1.3541251008994057e+00,200,paper_eq_46_47
0.1,1.125,2.6345179905070754e-02,1.3577182157795549e+00,200,paper_eq_46_47
0.1,1.125,2.6856438175845567e-02,1.3613351446409228e+00,200,paper_eq_46_47
0.1,1.125,2.7377617996610832e-02,1.3649741361381111e+00,200,paper_eq_46_47
0.1,1.125,2.7908911906362674e-02,1.3686332124038332e+00,200,paper_eq_46_47
0.1,1.125,2.8450516180536078e-02,1.3723101543453340e+00,200,paper_eq_46_47
0.1,1.125,2.9002630903514761e-02,1.3760024871728409e+00,200,paper_eq_46_47
0.1,1.125,2.9565460042548165e-02,1.3797074663115780e+00,200,paper_eq_46_47
0.1,1.125,3.0139211523102893e-02,1.3834220638552668e+00,200,paper_eq_46_47
0.1,1.125,3.0724097305676427e-02,1.3871429557236390e+00,200,paper_eq_46_47
0.1,1.125,3.1320333464101520e-02,1.3908665096891659e+00,200,paper_eq_46_47
0.1,1.125,3.1928140265370157e-02,1.3945887744387613e+00,200,paper_eq_46_47
0.1,1.125,3.2547742251006512e-02,1.3983054698346922e+00,200,paper_eq_46_47
0.1,1.125,3.3179368320019276e-02,1.4020119785351157e+00,200,paper_eq_46_47
0.1,1.125,3.3823251813463504e-02,1.4057033391286931e+00,200,paper_eq_46_47
0.1,1.125,3.4479630600643622e-02,1.4093742409295136e+00,200,paper_eq_46_47
0.1,1.125,3.5148747166989278e-02,1.4130190205682569e+00,200,paper_eq_46_47
0.1,1.125,3.5830848703636488e-02,1.4166316605031215e+00,200,paper_eq_46_47
0.1,1.125,3.6526187198747291e-02,1.4202057895598286e+00,200,paper_eq_46_47
0.1,1.125,3.7235019530601446e-02,1.4237346855939790e+00,200,paper_eq_46_47
0.1,1.125,3.7957607562494812e-02,1.4272112803515640e+00,200,paper_eq_46_47
0.1,1.125,3.8694218239479217e-02,1.4306281665845499e+00,200,paper_eq_46_47
0.1,1.125,3.9445123686979756e-02,1.4339776074586297e+00,200,paper_eq_46_47
0.1,1.125,4.0210601311325846e-02,1.4372515482694934e+00,200,paper_eq_46_47
0.1,1.125,4.0990933902233226e-02,1.4404416304628036e+00,200,paper_eq_46_47
0.1,1.125,4.1786409737274564e-02,1.4435392079315779e+00,200,paper_eq_46_47
0.1,1.125,4.2597322688377806e-02,1.4465353655432800e+00,200,paper_eq_46_47
0.1,1.125,4.3423972330390880e-02,1.4494209398278219e+00,200,paper_eq_46_47
0.1,1.125,4.4266664051753390e-02,1.4521865417371642e+00,200,paper_eq_46_47
0.1,1.125,4.5125709167315987e-02,1.4548225813675468e+00,200,paper_eq_46_47
0.1,1.125,4.6001425033349176e-02,1.4573192945167968e+00,200,paper_eq_46_47
0.1,1.125,4.6894135164783905e-02,1.4596667709319155e+00,200,paper_eq_46_47
0.1,1.125,4.7804169354727435e-02,1.4618549840863784e+00,200,paper_eq_46_47
0.1,1.125,4.8731863796298520e-02,1.4638738223125138e+00,200,paper_eq_46_47
0.1,1.125,4.9677561206826884e-02,1.4657131211020993e+00,200,paper_eq_46_47
0.1,1.125,5.0641610954463026e-02,1.4673626963780013e+00,200,paper_eq_46_47
0.1,1.125,5.1624369187244966e-02,1.4688123785314406e+00,200,paper_eq_46_47
0.1,1.125,5.2626198964669690e-02,1.4700520470132905e+00,200,paper_eq_46_47
0.1,1.125,5.3647470391817970e-02,1.4710716652637517e+00,200,paper_eq_46_47
0.1,1.125,5.4688560756081708e-02,1.4718613157628468e+00,200,paper_eq_46_47
0.1,1.125,5.5749854666545230e-02,1.4724112349843039e+00,200,paper_eq_46_47
0.1,1.125,5.6831744196070864e-02,1.4727118480376027e+00,200,paper_eq_46_47
0.1,1.125,5.7934629026142083e-02,1.4727538027871288e+00,200,paper_eq_46_47
0.1,1.125,5.9058916594517528e-02,1.4725280032433508e+00,200,paper_eq_46_47
0.1,1.125,6.0205022245750348e-02,1.4720256420287268e+00,200,paper_eq_46_47
0.1,1.125,6.1373369384628576e-02,1.4712382317303641e+00,200,paper_eq_46_47
0.1,1.125,6.2564389632593156e-02,1.4701576349623007e+00,200,paper_eq_46_47
0.1,1.125,6.3778522987191541e-02,1.4687760929723450e+00,200,paper_eq_46_47
0.1,1.125,6.5016217984625480e-02,1.4670862526416826e+00,200,paper_eq_46_47
0.1,1.125,6.6277931865453443e-02,1.4650811917396114e+00,200,paper_eq_46_47
0.1,1.125,6.7564130743508574e-02,1.4627544423107697e+00,200,paper_eq_46_47
0.1,1.125,6.8875289778094748e-02,1.4601000120877661e+00,200,paper_eq_46_47
0.1,1.125,7.0211893349523963e-02,1.4571124038381427e+00,200,paper_eq_46_47
0.1,1.125,7.1574435238061007e-02,1.4537866325708575e+00,200,paper_eq_46_47
0.1,1.125,7.2963418806339914e-02,1.4501182405438335e+00,200,paper_eq_46_47
0.1,1.125,7.4379357185320877e-02,1.4461033100304290e+00,200,paper_eq_46_47
0.1,1.125,7.5822773463855769e-02,1.4417384738187771e+00,200,paper_eq_46_47
0.1,1.125,7.7294200881932340e-02,1.4370209234337041e+00,200,paper_eq_46_47
0.1,1.125,7.8794183027668677e-02,1.4319484150862323e+00,200,paper_eq_46_47
0.1,1.125,8.0323274038130388e-02,1.4265192733703889e+00,200,paper_eq_46_47
0.1,1.125,8.1882038804045001e-02,1.4207323927410902e+00,200,paper_eq_46_47
0.1,1.125,8.3471053178489060e-02,1.4145872368201438e+00,200,paper_eq_46_47
0.1,1.125,8.5090904189624977e-02,1.4080838355898784e+00,200,paper_eq_46_47
0.1,1.125,8.6742190257566382e-02,1.4012227805454338e+00,200,paper_eq_46_47
0.1,1.125,8.8425521415451916e-02,1.3940052178873756e+00,200,paper_eq_46_47
0.1,1.125,9.0141519534808992e-02,1.3864328398459103e+00,200,paper_eq_46_47
0.1,1.125,9.1890818555291673e-02,1.3785078742366073e+00,200,paper_eq_46_47
0.1,1.125,9.3674064718876168e-02,1.3702330723551279e+00,200,paper_eq_46_47
0.1,1.125,9.5491916808601418e-02,1.3616116953250501e+00,200,paper_eq_46_47
0.1,1.125,9.7345046391942816e-02,1.3526474990184243e+00,200,paper_eq_46_47
0.1,1.125,9.9234138068908725e-02,1.3433447176732580e+00,200,paper_eq_46_47
0.1,1.125,1.0115988972495166e-01,1.3337080463356907e+00,200,paper_eq_46_47
0.1,1.125,1.0312301278878754e-01,1.3237426222572160e+00,200,paper_eq_46_47
0.1,1.125,1.0512423249521803e-01,1.3134540053789987e+00,200,paper_eq_46_47
0.1,1.125,1.0716428815305357e-01,1.3028481580360982e+00,200,paper_eq_46_47
0.1,1.125,1.0924393341823539e-01,1.2919314240143231e+00,200,paper_eq_46_47
0.1,1.125,1.1136393657225811e-01,1.2807105070915688e+00,200,paper_eq_46_47
0.1,1.125,1.1352508080599515e-01,1.2691924491937867e+00,200,paper_eq_46_47
0.1,1.125,1.1572816450903245e-01,1.2573846082933382e+00,200,paper_eq_46_47
0.1,1.125,1.1797400156461631e-01,1.2452946361743769e+00,200,paper_eq_46_47
0.1,1.125,1.2026342165032625e-01,1.2329304561861532e+00,200,paper_eq_46_47
0.1,1.125,1.2259727054458161e-01,1.2203002411007675e+00,200,paper_eq_46_47
0.1,1.125,1.2497641043909684e-01,1.2074123911869665e+00,200,paper_eq_46_47
0.1,1.125,1.2740172025740018e-01,1.1942755126061084e+00,200,paper_eq_46_47
0.1,1.125,1.2987409597953362e-01,1.1808983962304631e+00,200,paper_eq_46_47
0.1,1.125,1.3239445097305402e-01,1.1672899969776027e+00,200,paper_eq_46_47
0.1,1.125,1.3496371633045764e-01,1.1534594137477761e+00,200,paper_eq_46_47
0.1,1.125,1.3758284121315284e-01,1.1394158700439698e+00,200,paper_eq_46_47
0.1,1.125,1.4025279320210790e-01,1.1251686953467415e+00,200,paper_eq_46_47
0.1,1.125,1.4297455865530359e-01,1.1107273073080408e+00,200,paper_eq_46_47
0.1,1.125,1.4574914307212258e-01,1.0961011948200579e+00,200,paper_eq_46_47
0.1,1.125,1.4857757146481032e-01,1.0812999020067164e+00,200,paper_eq_46_47
0.1,1.125,1.5146088873714367e-01,1.0663330131768440e+00,200,paper_eq_46_47
0.1,1.125,1.5440016007044985e-01,1.0512101387692447e+00,200,paper_eq_46_47
0.1,1.125,1.5739647131711471e-01,1.0359409023110957e+00,200,paper_eq_46_47
0.1,1.125,1.6045092940172839e-01,1.0205349284021072e+00,200,paper_eq_46_47
0.1,1.125,1.6356466273001555e-01,1.0050018317280023e+00,200,paper_eq_46_47
0.1,1.125,1.6673882160570111e-01,9.8935120709801094e-01,200,paper_eq_46_47
0.1,1.125,1.6997457865546614e-01,9.7359262049232675e-01,200,paper_eq_46_47
0.1,1.125,1.7327312926215016e-01,9.5773560109695488e-01,200,paper_eq_46_47
0.1,1.125,1.7663569200636042e-01,9.4178963429508855e-01,200,paper_eq_46_47
0.1,1.125,1.8006350911665098e-01,9.2576415557622060e-01,200,paper_eq_46_47
0.1,1.125,1.8355784692843813e-01,9.0966854531665375e-01,200,paper_eq_46_47
0.1,1.125,1.8711999635182158e-01,8.9351212437803307e-01,200,paper_eq_46_47
0.1,1.125,1.9075127334848438e-01,8.7730415046401322e-01,200,paper_eq_46_47
0.1,1.125,1.9445301941784673e-01,8.6105381516932145e-01,200,paper_eq_46_47
0.1,1.125,1.9822660209265605e-01,8.4477024165026637e-01,200,paper_eq_46_47
0.1,1.125,2.0207341544419258e-01,8.2846248284134583e-01,200,paper_eq_46_47
0.1,1.125,2.0599488059728019e-01,8.1213952013895219e-01,200,paper_eq_46_47
0.1,1.125,2.0999244625529107e-01,7.9581026247041109e-01,200,paper_eq_46_47
0.1,1.125,2.1406758923533917e-01,7.7948354566469824e-01,200,paper_eq_46_47
0.1,1.125,2.1822181501385918e-01,7.6316813204019196e-01,200,paper_eq_46_47
0.1,1.125,2.2245665828277353e-01,7.4687271012476919e-01,200,paper_eq_46_47
0.1,1.125,2.2677368351645219e-01,7.3060589442441748e-01,200,paper_eq_46_47
0.1,1.125,2.3117448554967501e-01,7.1437622515831967e-01,200,paper_eq_46_47
0.1,1.125,2.3566069016681013e-01,6.9819216788104121e-01,200,paper_eq_46_47
0.1,1.125,2.4023395470242609e-01,6.8206211291597374e-01,200,paper_eq_46_47
0.1,1.125,2.4489596865355964e-01,6.6599437452852084e-01,200,paper_eq_46_47
0.1,1.125,2.4964845430386426e-01,6.4999718977259457e-01,200,paper_eq_46_47
0.1,1.125,2.5449316735987310e-01,6.3407871694972628e-01,200,paper_eq_46_47
0.1,1.125,2.5943189759960744e-01,6.1824703362647082e-01,200,paper_eq_46_47
0.1,1.125,2.6446646953377267e-01,6.0251013416262378e-01,200,paper_eq_46_47
0.1,1.125,2.6959874307978599e-01,5.8687592671006317e-01,200,paper_eq_46_47
0.1,1.125,2.7483061424888383e-01,5.7135222964963395e-01,200,paper_eq_46_47
0.1,1.125,2.8016401584656353e-01,5.5594676744133742e-01,200,paper_eq_46_47
0.1,1.125,2.8560091818661826e-01,5.4066716587103791e-01,200,paper_eq_46_47
0.1,1.125,2.9114332981902791e-01,5.2552094668493310e-01,200,paper_eq_46_47
0.1,1.125,2.9679329827197620e-01,5.1051552161095637e-01,200,paper_eq_46_47
0.1,1.125,3.0255291080826707e-01,4.9565818577410814e-01,200,paper_eq_46_47
0.1,1.125,3.0842429519642028e-01,4.8095611052028753e-01,200,paper_eq_46_47
0.1,1.125,3.1440962049673121e-01,4.6641633567048790e-01,200,paper_eq_46_47
0.1,1.125,3.2051109786258491e-01,4.5204576123414958e-01,200,paper_eq_46_47
0.1,1.125,3.2673098135731943e-01,4.3785113861697394e-01,200,paper_eq_46_47
0.1,1.125,3.3307156878694444e-01,4.2383906136454530e-01,200,paper_eq_46_47
0.1,1.125,3.3953520254901615e-01,4.1001595548867492e-01,200,paper_eq_46_47
0.1,1.125,3.4612427049798750e-01,3.9638806942838195e-01,200,paper_eq_46_47
0.1,1.125,3.5284120682735126e-01,3.8296146370191569e-01,200,paper_eq_46_47
0.1,1.125,3.5968849296890193e-01,3.6974200031014154e-01,200,paper_eq_46_47
0.1,1.125,3.6666865850944869e-01,3.5673533195497448e-01,200,paper_eq_46_47
0.1,1.125,3.7378428212531850e-01,3.4394689113934857e-01,200,paper_eq_46_47
0.1,1.125,3.8103799253499437e-01,3.3138187921747425e-01,200,paper_eq_46_47
0.1,1.125,3.8843246947024018e-01,3.1904525546586759e-01,200,paper_eq_46_47
0.1,1.125,3.9597044466607184e-01,3.0694172624684157e-01,200,paper_eq_46_47
0.1,1.125,4.0365470286993949e-01,2.9507573433688072e-01,200,paper_eq_46_47
0.1,1.125,4.1148808287049499e-01,2.8345144849255338e-01,200,paper_eq_46_47
0.1,1.125,4.1947347854632105e-01,2.7207275332642239e-01,200,paper_eq_46_47
0.1,1.125,4.2761383993501706e-01,2.6094323956475013e-01,200,paper_eq_46_47
0.1,1.125,4.3591217432302692e-01,2.5006619475776704e-01,200,paper_eq_46_47
0.1,1.125,4.4437154735661871e-01,2.3944459451179387e-01,200,paper_eq_46_47
0.1,1.125,4.5299508417442363e-01,2.2908109431068890e-01,200,paper_eq_46_47
0.1,1.125,4.6178597056195331e-01,2.1897802199188351e-01,200,paper_eq_46_47
0.1,1.125,4.7074745412852148e-01,2.0913737093971491e-01,200,paper_eq_46_47
0.1,1.125,4.7988284550700550e-01,1.9956079405585264e-01,200,paper_eq_46_47
0.1,1.125,4.8919551957689050e-01,1.9024959856337326e-01,200,paper_eq_46_47
0.1,1.125,4.9868891671104820e-01,1.8120474169745451e-01,200,paper_eq_46_47
0.1,1.125,5.0836654404671056e-01,1.7242682733174763e-01,200,paper_eq_46_47
0.1,1.125,5.1823197678110855e-01,1.6391610358525149e-01,200,paper_eq_46_47
0.1,1.125,5.2828885949225446e-01,1.5567246144995994e-01,200,paper_eq_46_47
0.1,1.125,5.3854090748535333e-01,1.4769543447468242e-01,200,paper_eq_46_47
0.1,1.125,5.4899190816534738e-01,1.3998419953526384e-01,200,paper_eq_46_47
0.1,1.125,5.5964572243609212e-01,1.3253757871597044e-01,200,paper_eq_46_47
0.1,1.125,5.7050628612668686e-01,1.2535404232105057e-01,200,paper_eq_46_47
0.1,1.125,5.8157761144548459e-01,1.1843171302947100e-01,200,paper_eq_46_47
0.1,1.125,5.9286378846231857e-01,1.1176837119957184e-01,200,paper_eq_46_47
0.1,1.125,6.0436898661949301e-01,1.0536146132390546e-01,200,paper_eq_46_47
0.1,1.125,6.1609745627209667e-01,9.9208099627858121e-02,200,paper_eq_46_47
0.1,1.125,6.2805353025820776e-01,9.3305082798831054e-02,200,paper_eq_46_47
0.1,1.125,6.4024162549957020e-01,8.7648897825814198e-02,200,paper_eq_46_47
0.1,1.125,6.5266624463333300e-01,8.2235732922172122e-02,200,paper_eq_46_47
0.1,1.125,6.6533197767545593e-01,7.7061489497415439e-02,200,paper_eq_46_47
0.1,1.125,6.7824350371639486e-01,7.2121795136713227e-02,200,paper_eq_46_47
0.1,1.125,6.9140559264969415e-01,6.7412017539960470e-02,200,paper_eq_46_47
0.1,1.125,7.0482310693412242e-01,6.2927279365412411e-02,200,paper_eq_46_47
0.1,1.125,7.1850100339000933e-01,5.8662473916291216e-02,200,paper_eq_46_47
0.1,1.125,7.3244433503043749e-01,5.4612281602434767e-02,200,paper_eq_46_47
0.1,1.125,7.4665825292797261e-01,5.0771187103035922e-02,200,paper_eq_46_47
0.1,1.125,7.6114800811762018e-01,4.7133497150901427e-02,200,paper_eq_46_47
0.1,1.125,7.7591895353671025e-01,4.3693358853491300e-02,200,paper_eq_46_47
0.1,1.125,7.9097654600242828e-01,4.0444778461352776e-02,200,paper_eq_46_47
0.1,1.125,8.0632634822772276e-01,3.7381640490494417e-02,200,paper_eq_46_47
0.1,1.125,8.2197403087633236e-01,3.4497727101820079e-02,200,paper_eq_46_47
0.1,1.125,8.3792537465769523e-01,3.1786737638001980e-02,200,paper_eq_46_47
0.1,1.125,8.5418627246251055e-01,2.9242308216179444e-02,200,paper_eq_46_47
0.1,1.125,8.7076273153974437e-01,2.6858031273653136e-02,200,paper_eq_46_47
0.1,1.125,8.8766087571588259e-01,2.4627474963349369e-02,200,paper_eq_46_47
0.1,1.125,9.0488694765724786e-01,2.2544202296278876e-02,200,paper_eq_46_47
0.1,1.125,9.2244731117622680e-01,2.0601789929523859e-02,200,paper_eq_46_47
0.1,1.125,9.4034845358224484e-01,1.8793846500476517e-02,200,paper_eq_46_47
0.1,1.125,9.5859698807836691e-01,1.7114030411105489e-02,200,paper_eq_46_47
0.1,1.125,9.7719965620440852e-01,1.5556066969946018e-02,200,paper_eq_46_47
0.1,1.125,9.9616333032745552e-01,1.4113764804266141e-02,200,paper_eq_46_47
0.1,1.125,1.0154950161807172e+00,1.2781031460422115e-02,200,paper_eq_46_47
0.1,1.125,1.0352018554516496e+00,1.1551888116740350e-02,200,paper_eq_46_47
0.1,1.125,1.0552911284202957e+00,1.0420483340293708e-02,200,paper_eq_46_47
0.1,1.125,1.0757702566488467e+00,9.3811058266106122e-03,200,paper_eq_46_47
0.1,1.125,1.0966468057233656e+00,8.4281960695987458e-03,200,paper_eq_46_47
0.1,1.125,1.1179284880487523e+00,7.5563569176818994e-03,200,paper_eq_46_47
0.1,1.125,1.1396231656979139e+00,6.7603629812689366e-03,200,paper_eq_46_47
0.1,1.125,1.1617388533162596e+00,6.0351688660735961e-03,200,paper_eq_46_47
0.1,1.125,1.1842837210825274e+00,5.3759162164034808e-03,200,paper_eq_46_47
0.1,1.125,1.2072660977271032e+00,4.7779395622041566e-03,200,paper_eq_46_47
0.1,1.125,1.2306944736088781e+00,4.2367709732891324e-03,200,paper_eq_46_47
0.1,1.125,1.2545775038518534e+00,3.7481435336775512e-03,200,paper_eq_46_47
0.1,1.125,1.2789240115425748e+00,3.3079936582041773e-03,200,paper_eq_46_47
0.1,1.125,1.3037429909896587e+00,2.9124622824358514e-03,200,paper_eq_46_47
0.1,1.125,1.3290436110465329e+00,2.5578949653354021e-03,200,paper_eq_46_47
0.1,1.125,1.3548352184986856e+00,2.2408409519460862e-03,200,paper_eq_46_47
0.1,1.125,1.3811273415166487e+00,1.9580512505476618e-03,200,paper_eq_46_47
0.1,1.125,1.4079296931759619e+00,1.7064757851714292e-03,200,paper_eq_46_47
0.1,1.125,1.4352521750454879e+00,1.4832596899873865e-03,200,paper_eq_46_47
0.1,1.125,1.4631048808453171e+00,1.2857388168379519e-03,200,paper_eq_46_47
0.1,1.125,1.4914981001757051e+00,1.1114345310386279e-03,200,paper_eq_46_47
0.1,1.125,1.5204423223183270e+00,9.5804787347332986e-04,200,paper_eq_46_47
0.1,1.125,1.5499482401113476e+00,8.2345316895867792e-04,200,paper_eq_46_47
0.1,1.125,1.5800267538996413e+00,7.0569116184235477e-04,200,paper_eq_46_47
0.1,1.125,1.6106889755617235e+00,6.0296175984470967e-04,200,paper_eq_46_47
0.1,1.125,1.6419462326147756e+00,5.1361646628335302e-04,200,paper_eq_46_47
0.1,1.125,1.6738100723993852e+00,4.3615057907592773e-04,200,paper_eq_46_47
0.1,1.125,1.7062922663454478e+00,3.6919523235555651e-04,200,paper_eq_46_47
0.1,1.125,1.7394048143208845e+00,3.1150935322082262e-04,200,paper_eq_46_47
0.1,1.125,1.7731599490647534e+00,2.6197160215716246e-04,200,paper_eq_46_47
0.1,1.125,1.8075701407063547e+00,2.1957236109392358e-04,200,paper_eq_46_47
0.1,1.125,1.8426481013720890e+00,1.8340582799406536e-04,200,paper_eq_46_47
0.1,1.125,1.8784067898816563e+00,1.5266227140974282e-04,200,paper_eq_46_47
0.1,1.125,1.9148594165354518e+00,1.2662049267604908e-04,200,paper_eq_46_47
0.1,1.125,1.9520194479948041e+00,1.0464053745921617e-04,200,paper_eq_46_47
0.1,1.125,1.9899006122569847e+00,8.6156692323230340e-05,200,paper_eq_46_47
0.1,1.125,2.0285169037266959e+00,7.0670795927553533e-05,200,paper_eq_46_47
0.1,1.125,2.0678825883860452e+00,5.7745888508959892e-05,200,paper_eq_46_47
0.1,1.125,2.1080122090647810e+00,4.7000217517826116e-05,200,paper_eq_46_47
0.1,1.125,2.1489205908128697e+00,3.8101611749393262e-05,200,paper_eq_46_47
0.1,1.125,2.1906228463772730e+00,3.0762231101222883e-05,200,paper_eq_46_47
0.1,1.125,2.2331343817850464e+00,2.4733694255763357e-05,200,paper_eq_46_47
0.1,1.125,2.2764709020347911e+00,1.9802582177913077e-05,200,paper_eq_46_47
0.1,1.125,2.3206484168985031e+00,1.5786311366291536e-05,200,paper_eq_46_47
0.1,1.125,2.3656832468360864e+00,1.2529367327149049e-05,200,paper_eq_46_47
0.1,1.125,2.4115920290245696e+00,9.8998857639767679e-06,200,paper_eq_46_47
0.1,1.125,2.4583917235044002e+00,7.7865664957438671e-06,200,paper_eq_46_47
0.1,1.125,2.5060996194449396e+00,6.0959031245502710e-06,200,paper_eq_46_47
0.1,1.125,2.5547333415316240e+00,4.7497099525331726e-06,200,paper_eq_46_47
0.1,1.125,2.6043108564769955e+00,3.6829265737295762e-06,200,paper_eq_46_47
0.1,1.125,2.6548504796581716e+00,2.8416799082257269e-06,200,paper_eq_46_47
0.1,1.125,2.7063708818830357e+00,2.1815831671599965e-06,200,paper_eq_46_47
0.1,1.125,2.7588910962878188e+00,1.6662512978415646e-06,200,paper_eq_46_47
0.1,1.125,2.8124305253684576e+00,1.2660128157643128e-06,200,paper_eq_46_47
0.1,1.125,2.8670089481484573e+00,9.5679854063981003e-07,200,paper_eq_46_47
0.1,1.125,2.9226465274858544e+00,7.1918857269869374e-07,200,paper_eq_46_47
0.1,1.125,2.9793638175219246e+00,5.3759983031613383e-07,200,paper_eq_46_47
0.1,1.125,3.0371817712745277e+00,3.9959757934441589e-07,200,paper_eq_46_47
0.1,1.125,3.0961217483787133e+00,2.9531557993193374e-07,200,paper_eq_46_47
0.1,1.125,3.1562055229776411e+00,2.1697072295253242e-07,200,paper_eq_46_47
0.1,1.125,3.2174552917665342e+00,1.5845929414816918e-07,200,paper_eq_46_47
0.1,1.125,3.2798936821928342e+00,1.1502326246842728e-07,200,paper_eq_46_47
0.1,1.125,3.3435437608153871e+00,8.2976216878937493e-08,200,paper_eq_46_47
0.1,1.125,3.4084290418259546e+00,5.9479754335847156e-08,200,paper_eq_46_47
0.1,1.125,3.4745734957359886e+00,4.2362236020195285e-08,200,paper_eq_46_47
0.1,1.125,3.5420015582320872e+00,2.9972868495464945e-08,200,paper_eq_46_47
0.1,1.125,3.6107381392032036e+00,2.1065023952097052e-08,200,paper_eq_46_47
0.1,1.125,3.6808086319431026e+00,1.4703585068652575e-08,200,paper_eq_46_47
0.1,1.125,3.7522389225314061e+00,1.0191883947974132e-08,200,paper_eq_46_47
0.1,1.125,3.8250553993966112e+00,7.0145021002621132e-09,200,paper_eq_46_47
0.1,1.125,3.8992849630648054e+00,4.7928124544509167e-09,200,paper_eq_46_47
0.1,1.125,3.9749550360974415e+00,3.2506792608607404e-09,200,paper_eq_46_47
0.1,1.125,4.0520935732220931e+00,2.1881929471785479e-09,200,paper_eq_46_47
0.1,1.125,4.1307290716596805e+00,1.4617106619044685e-09,200,paper_eq_46_47
0.1,1.125,4.2108905816522393e+00,9.6880593383699158e-10,200,paper_eq_46_47
0.1,1.125,4.2926077171948585e+00,6.3700926782237601e-10,200,paper_eq_46_47
0.1,1.125,4.3759106669760204e+00,4.1545216579204154e-10,200,paper_eq_46_47
0.1,1.125,4.4608302055301099e+00,2.6871632055534055e-10,200,paper_eq_46_47
0.1,1.125,4.5473977046064986e+00,1.7234349490592941e-10,200,paper_eq_46_47
0.1,1.125,4.6356451447591036e+00,1.0958530457249461e-10,200,paper_eq_46_47
0.1,1.125,4.7256051271610140e+00,6.9070670013144313e-11,200,paper_eq_46_47
0.1,1.125,4.8173108856482445e+00,4.3146432240033774e-11,200,paper_eq_46_47
0.1,1.125,4.9107962989973117e+00,2.6707331053172241e-11,200,paper_eq_46_47
0.1,1.125,5.0060959034410688e+00,1.6378476845771020e-11,200,paper_eq_46_47
0.1,1.125,5.1032449054273252e+00,9.9493681929090934e-12,200,paper_eq_46_47
0.1,1.125,5.2022791946252180e+00,5.9857213032762948e-12,200,paper_eq_46_47
0.1,1.125,5.3032353571838122e+00,3.5657833545533834e-12,200,paper_eq_46_47
0.1,1.125,5.4061506892481779e+00,2.1029443455055719e-12,200,paper_eq_46_47
0.1,1.125,5.5110632107375812e+00,1.2275812592452814e-12,200,paper_eq_46_47
0.1,1.125,5.6180116793912429e+00,7.0914655999465571e-13,200,paper_eq_46_47
0.1,1.125,5.7270356050864812e+00,4.0531902703194739e-13,200,paper_eq_46_47
0.1,1.125,5.8381752644349030e+00,2.2916245901950950e-13,200,paper_eq_46_47
0.1,1.125,5.9514717156616648e+00,1.2813977499849833e-13,200,paper_eq_46_47
0.1,1.125,6.0669668137736696e+00,7.0847605311944523e-14,200,paper_eq_46_47
0.1,1.125,6.1847032260219397e+00,3.8723272560318311e-14,200,paper_eq_46_47
0.1,1.125,6.3047244476641815e+00,2.0918361743295519e-14,200,paper_eq_46_47
0.1,1.125,6.4270748180332307e+00,1.1165886825077721e-14,200,paper_eq_46_47
0.1,1.125,6.5517995369172111e+00,5.8880025816825210e-15,200,paper_eq_46_47
0.1,1.125,6.6789446812577502e+00,3.0665447430691208e-15,200,paper_eq_46_47
0.1,1.125,6.8085572221720394e+00,1.5770029197428689e-15,200,paper_eq_46_47
0.1,1.125,6.9406850423054385e+00,8.0059130570305189e-16,200,paper_eq_46_47
0.1,1.125,7.0753769535206095e+00,4.0112123511372818e-16,200,paper_eq_46_47
0.1,1.125,7.2126827149301516e+00,1.9829692154863513e-16,200,paper_eq_46_47
0.1,1.125,7.3526530512789510e+00,9.6698289880059146e-17,200,paper_eq_46_47
0.1,1.125,7.4953396716834941e+00,4.6501706910824643e-17,200,paper_eq_46_47
0.1,1.125,7.6407952887346031e+00,2.2046965121149708e-17,200,paper_eq_46_47
0.1,1.125,7.7890736379711223e+00,1.0302409674989530e-17,200,paper_eq_46_47
0.1,1.125,7.9402294977312806e+00,4.7436958221384653e-18,200,paper_eq_46_47
0.1,1.125,8.0943187093894515e+00,2.1515846435886400e-18,200,paper_eq_46_47
0.1,1.125,8.2513981979856315e+00,9.6102962885772599e-19,200,paper_eq_46_47
0.1,1.125,8.4115259932550934e+00,4.2259324340215039e-19,200,paper_eq_46_47
0.1,1.125,8.5747612510663913e+00,1.8288746226392820e-19,200,paper_eq_46_47
0.1,1.125,8.7411642752751213e+00,7.7872937178819541e-20,200,paper_eq_46_47
0.1,1.125,8.9107965400020674e+00,3.2613201311837111e-20,200,paper_eq_46_47
0.1,1.125,9.0837207123433821e+00,1.3429656951648221e-20,200,paper_eq_46_47
0.1,1.125,9.2600006755217841e+00,5.4357399015201184e-21,200,paper_eq_46_47
0.1,1.125,9.4397015524867349e+00,2.1618699397907862e-21,200,paper_eq_46_47
0.1,1.125,9.6228897299728970e+00,8.4455837776862245e-22,200,paper_eq_46_47
0.1,1.125,9.8096328830251736e+00,3.2397254038939140e-22,200,paper_eq_46_47
0.1,1.125,1.0000000000000000e+01,1.2198640046950606e-22,200,paper_eq_46_47
0.2,1.3333333333333335,1.0000000000000000e-04,1.0169998270834706e+00,200,paper_eq_46_47
0.2,1.3333333333333335,1.0194061408051501e-04,1.0171646992383649e+00,200,paper_eq_46_47
0.2,1.3333333333333335,1.0391888799112494e-04,1.0173311771613271e+00,200,paper_eq_46_47
0.2,1.3333333333333335,1.0593555256379533e-04,1.0174992766189206e+00,200,paper_eq_46_47
0.2,1.3333333333333335,1.0799135281311972e-04,1.0176690135348567e+00,200,paper_eq_46_47
0.2,1.3333333333333335,1.1008704821154976e-04,1.0178404039916125e+00,200,paper_eq_46_47
0.2,1.3333333333333335,1.1222341296996644e-04,1.0180134642320489e+00,200,paper_eq_46_47
0.2,1.3333333333333335,1.1440123632369623e-04,1.0181882106610571e+00,200,paper_eq_46_47
0.2,1.3333333333333335,1.1662132282407713e-04,1.0183646598472107e+00,200,paper_eq_46_47
0.2,1.3333333333333335,1.1888449263568403e-04,1.0185428285244555e+00,200,paper_eq_46_47
0.2,1.3333333333333335,1.2119158183932093e-04,1.0187227335938014e+00,200,paper_eq_46_47
0.2,1.3333333333333335,1.2354344274089366e-04,1.0189043921250294e+00,200,paper_eq_46_47
0.2,1.3333333333333335,1.2594094418627645e-04,1.0190878213584338e+00,200,paper_eq_46_47
0.2,1.3333333333333335,1.2838497188228886e-04,1.0192730387065672e+00,200,paper_eq_46_47
0.2,1.3333333333333335,1.3087642872390180e-04,1.0194600617560086e+00,200,paper_eq_46_47
0.2,1.3333333333333335,1.3341623512779302e-04,1.0196489082691527e+00,200,paper_eq_46_47
0.2,1.3333333333333335,1.3600532937237600e-04,1.0198395961860285e+00,200,paper_eq_46_47
0.2,1.3333333333333335,1.3864466794442711e-04,1.0200321436261093e+00,200,paper_eq_46_47
0.2,1.3333333333333335,1.4133522589243995e-04,1.0202265688901710e+00,200,paper_eq_46_47
0.2,1.3333333333333335,1.4407799718683633e-04,1.0204228904621526e+00,200,paper_eq_46_47
0.2,1.3333333333333335,1.4687399508716824e-04,1.0206211270110488e+00,200,paper_eq_46_47
0.2,1.3333333333333335,1.4972425251644474e-04,1.0208212973928077e+00,200,paper_eq_46_47
0.2,1.3333333333333335,1.5262982244272473e-04,1.0210234206522706e+00,200,paper_eq_46_47
0.2,1.3333333333333335,1.5559177826811329e-04,1.0212275160251083e+00,200,paper_eq_46_47
0.2,1.3333333333333335,1.5861121422530797e-04,1.0214336029398001e+00,200,paper_eq_46_47
0.2,1.3333333333333335,1.6168924578184013e-04,1.0216417010196122e+00,200,paper_eq_46_47
0.2,1.3333333333333335,1.6482701005216105e-04,1.0218518300846264e+00,200,paper_eq_46_47
0.2,1.3333333333333335,1.6802566621772517e-04,1.0220640101537553e+00,200,paper_eq_46_47
0.2,1.3333333333333335,1.7128639595522549e-04,1.0222782614468111e+00,200,paper_eq_46_47
0.2,1.3333333333333335,1.7461040387313926e-04,1.0224946043865781e+00,200,paper_eq_46_47
0.2,1.3333333333333335,1.7799891795674554e-04,1.0227130596009117e+00,200,paper_eq_46_47
0.2,1.3333333333333335,1.8145319002177849e-04,1.0229336479248639e+00,200,paper_eq_46_47
0.2,1.3333333333333335,1.8497449617688478e-04,1.0231563904028251e+00,200,paper_eq_46_47
0.2,1.3333333333333335,1.8856413729505529e-04,1.0233813082907048e+00,200,paper_eq_46_47
0.2,1.3333333333333335,1.9222343949420459e-04,1.0236084230581033e+00,200,paper_eq_46_47
0.2,1.3333333333333335,1.9595375462707956e-04,1.0238377563905470e+00,200,paper_eq_46_47
0.2,1.3333333333333335,1.9975646078067050e-04,1.0240693301917205e+00,200,paper_eq_46_47
0.2,1.3333333333333335,2.0363296278531862e-04,1.0243031665857318e+00,200,paper_eq_46_47
0.2,1.3333333333333335,2.0758469273370040e-04,1.0245392879193991e+00,200,paper_eq_46_47
0.2,1.3333333333333335,2.1161311050988440e-04,1.0247777167645715e+00,200,paper_eq_46_47
0.2,1.3333333333333335,2.1571970432865498e-04,1.0250184759204615e+00,200,paper_eq_46_47
0.2,1.3333333333333335,2.1990599128530222e-04,1.0252615884160092e+00,200,paper_eq_46_47
0.2,1.3333333333333335,2.2417351791608088e-04,1.0255070775122783e+00,200,paper_eq_46_47
0.2,1.3333333333333335,2.2852386076954620e-04,1.0257549667048682e+00,200,paper_eq_46_47
0.2,1.3333333333333335,2.3295862698897651e-04,1.0260052797263566e+00,200,paper_eq_46_47
0.2,1.3333333333333335,2.3747945490609903e-04,1.0262580405487685e+00,200,paper_eq_46_47
0.2,1.3333333333333335,2.4208801464633732e-04,1.0265132733860727e+00,200,paper_eq_46_47
0.2,1.3333333333333335,2.4678600874580310e-04,1.0267710026967027e+00,200,paper_eq_46_47
0.2,1.3333333333333335,2.5157517278026544e-04,1.0270312531861114e+00,200,paper_eq_46_47
0.2,1.3333333333333335,2.5645727600631923e-04,1.0272940498093472e+00,200,paper_eq_46_47
0.2,1.3333333333333335,2.6143412201500309e-04,1.0275594177736571e+00,200,paper_eq_46_47
0.2,1.3333333333333335,2.6650754939809698e-04,1.0278273825411275e+00,200,paper_eq_46_47
0.2,1.3333333333333335,2.7167943242735194e-04,1.0280979698313428e+00,200,paper_eq_46_47
0.2,1.3333333333333335,2.7695168174690041e-04,1.0283712056240801e+00,200,paper_eq_46_47
0.2,1.3333333333333335,2.8232624507910388e-04,1.0286471161620327e+00,200,paper_eq_46_47
0.2,1.3333333333333335,2.8780510794409824e-04,1.0289257279535595e+00,200,paper_eq_46_47
0.2,1.3333333333333335,2.9339029439330285e-04,1.0292070677754668e+00,200,paper_eq_46_47
0.2,1.3333333333333335,2.9908386775716371e-04,1.0294911626758239e+00,200,paper_eq_46_47
0.2,1.3333333333333335,3.0488793140740812e-04,1.0297780399767973e+00,200,paper_eq_46_47
0.2,1.3333333333333335,3.1080462953409123e-04,1.0300677272775380e+00,200,paper_eq_46_47
0.2,1.3333333333333335,3.1683614793772227e-04,1.0303602524570750e+00,200,paper_eq_46_47
0.2,1.3333333333333335,3.2298471483676341e-04,1.0306556436772620e+00,200,paper_eq_46_47
0.2,1.3333333333333335,3.2925260169079689e-04,1.0309539293857375e+00,200,paper_eq_46_47
0.2,1.3333333333333335,3.3564212403967044e-04,1.0312551383189332e+00,200,paper_eq_46_47
0.2,1.3333333333333335,3.4215564235892394e-04,1.0315592995051095e+00,200,paper_eq_46_47
0.2,1.3333333333333335,3.4879556293181780e-04,1.0318664422674135e+00,200,paper_eq_46_47
0.2,1.3333333333333335,3.5556433873828422e-04,1.0321765962269986e+00,200,paper_eq_46_47
0.2,1.3333333333333335,3.6246447036112944e-04,1.0324897913061422e+00,200,paper_eq_46_47
0.2,1.3333333333333335,3.6949850690982169e-04,1.0328060577314224e+00,200,paper_eq_46_47
0.2,1.3333333333333335,3.7666904696220636e-04,1.0331254260369283e+00,200,paper_eq_46_47
0.2,1.3333333333333335,3.8397873952449664e-04,1.0334479270674890e+00,200,paper_eq_46_47
0.2,1.3333333333333335,3.9143028500989308e-04,1.0337735919819595e+00,200,paper_eq_46_47
0.2,1.3333333333333335,3.9902643623619547e-04,1.0341024522565205e+00,200,paper_eq_46_47
0.2,1.3333333333333335,4.0676999944277189e-04,1.0344345396880423e+00,200,paper_eq_46_47
0.2,1.3333333333333335,4.1466383532726961e-04,1.0347698863974484e+00,200,paper_eq_46_47
0.2,1.3333333333333335,4.2271086010243412e-04,1.0351085248331524e+00,200,paper_eq_46_47
0.2,1.3333333333333335,4.3091404657344808e-04,1.0354504877745090e+00,200,paper_eq_46_47
0.2,1.3333333333333335,4.3927642523616941e-04,1.0357958083353171e+00,200,paper_eq_46_47
0.2,1.3333333333333335,4.4780108539668544e-04,1.0361445199673465e+00,200,paper_eq_46_47
0.2,1.3333333333333335,4.5649117631259257e-04,1.0364966564639189e+00,200,paper_eq_46_47
0.2,1.3333333333333335,4.6534990835642333e-04,1.0368522519635148e+00,200,paper_eq_46_47
0.2,1.3333333333333335,4.7438055420165174e-04,1.0372113409534334e+00,200,paper_eq_46_47
0.2,1.3333333333333335,4.8358645003171414e-04,1.0375739582734786e+00,200,paper_eq_46_47
0.2,1.3333333333333335,4.9297099677249225e-04,1.0379401391196905e+00,200,paper_eq_46_47
0.2,1.3333333333333335,5.0253766134871446e-04,1.0383099190481286e+00,200,paper_eq_46_47
0.2,1.3333333333333335,5.1228997796473890e-04,1.0386833339786794e+00,200,paper_eq_46_47
0.2,1.3333333333333335,5.2223154941018928e-04,1.0390604201989151e+00,200,paper_eq_46_47
0.2,1.3333333333333335,5.3236604839093562e-04,1.0394412143679901e+00,200,paper_eq_46_47
0.2,1.3333333333333335,5.4269721888589094e-04,1.0398257535205888e+00,200,paper_eq_46_47
0.2,1.3333333333333335,5.5322887753015445e-04,1.0402140750709081e+00,200,paper_eq_46_47
0.2,1.3333333333333335,5.6396491502497975e-04,1.0406062168166821e+00,200,paper_eq_46_47
0.2,1.3333333333333335,5.7490929757511903e-04,1.0410022169432598e+00,200,paper_eq_46_47
0.2,1.3333333333333335,5.8606606835405169e-04,1.0414021140277196e+00,200,paper_eq_46_47
0.2,1.3333333333333335,5.9743934899765116e-04,1.0418059470430316e+00,200,paper_eq_46_47
0.2,1.3333333333333335,6.0903334112683667e-04,1.0422137553622666e+00,200,paper_eq_46_47
0.2,1.3333333333333335,6.2085232789977512e-04,1.0426255787628458e+00,200,paper_eq_46_47
0.2,1.3333333333333335,6.3290067559420334e-04,1.0430414574308435e+00,200,paper_eq_46_47
0.2,1.3333333333333335,6.4518283522045910e-04,1.0434614319653375e+00,200,paper_eq_46_47
0.2,1.3333333333333335,6.5770334416581319e-04,1.0438855433827903e+00,200,paper_eq_46_47
0.2,1.3333333333333335,6.7046682787071305e-04,1.0443138331215083e+00,200,paper_eq_46_47
0.2,1.3333333333333335,6.8347800153755508e-04,1.0447463430461168e+00,200,paper_eq_46_47
0.2,1.3333333333333335,6.9674167187261480e-04,1.0451831154521078e+00,200,paper_eq_46_47
0.2,1.3333333333333335,7.1026273886179111e-04,1.0456241930704235e+00,200,paper_eq_46_47
0.2,1.3333333333333335,7.2404619758079461e-04,1.0460696190720971e+00,200,paper_eq_46_47
0.2,1.3333333333333335,7.3809714004048101e-04,1.0465194370729398e+00,200,paper_eq_46_47
0.2,1.3333333333333335,7.5242075706798508e-04,1.0469736911382812e+00,200,paper_eq_46_47
0.2,1.3333333333333335,7.6702234022436400e-04,1.0474324257877570e+00,200,paper_eq_46_47
0.2,1.3333333333333335,7.8190728375945374e-04,1.0478956860001520e+00,200,paper_eq_46_47
0.2,1.3333333333333335,7.9708108660466218e-04,1.0483635172182983e+00,200,paper_eq_46_47
0.2,1.3333333333333335,8.1254935440443427e-04,1.0488359653540125e+00,200,paper_eq_46_47
0.2,1.3333333333333335,8.2831780158714049e-04,1.0493130767931125e+00,200,paper_eq_46_47
0.2,1.3333333333333335,8.4439225347615284e-04,1.0497948984004519e+00,200,paper_eq_46_47
0.2,1.3333333333333335,8.6077864844188903e-04,1.0502814775250440e+00,200,paper_eq_46_47
0.2,1.3333333333333335,8.7748304009562005e-04,1.0507728620052179e+00,200,paper_eq_46_47
0.2,1.3333333333333335,8.9451159952584581e-04,1.0512691001738419e+00,200,paper_eq_46_47
0.2,1.3333333333333335,9.1187061757808541e-04,1.0517702408635909e+00,200,paper_eq_46_47
0.2,1.3333333333333335,9.2956650717888488e-04,1.0522763334122827e+00,200,paper_eq_46_47
0.2,1.3333333333333335,9.4760580570494982e-04,1.0527874276682652e+00,200,paper_eq_46_47
0.2,1.3333333333333335,9.6599517739823779e-04,1.0533035739958596e+00,200,paper_eq_46_47
0.2,1.3333333333333335,9.8474141582792388e-04,1.0538248232808640e+00,200,paper_eq_46_47
0.2,1.3333333333333335,1.0038514464001435e-03,1.0543512269361150e+00,200,paper_eq_46_47
0.2,1.3333333333333335,1.0233323289164382e-03,1.0548828369071084e+00,200,paper_eq_46_47
0.2,1.3333333333333335,1.0431912601818526e-03,1.0554197056776733e+00,200,paper_eq_46_47
0.2,1.3333333333333335,1.0634355766636436e-03,1.0559618862757236e+00,200,paper_eq_46_47
0.2,1.3333333333333335,1.0840727572015854e-03,1.0565094322790431e+00,200,paper_eq_46_47
0.2,1.3333333333333335,1.1051104257708655e-03,1.0570623978211555e+00,200,paper_eq_46_47
0.2,1.3333333333333335,1.1265563542986153e-03,1.0576208375972458e+00,200,paper_eq_46_47
0.2,1.3333333333333335,1.1484184655350697e-03,1.0581848068701396e+00,200,paper_eq_46_47
0.2,1.3333333333333335,1.1707048359804787e-03,1.0587543614763524e+00,200,paper_eq_46_47
0.2,1.3333333333333335,1.1934236988687848e-03,1.0593295578321982e+00,200,paper_eq_46_47
0.2,1.3333333333333335,1.2165834472092367e-03,1.0599104529399608e+00,200,paper_eq_46_47
0.2,1.3333333333333335,1.2401926368869941e-03,1.0604971043941320e+00,200,paper_eq_46_47
0.2,1.3333333333333335,1.2642599898239333e-03,1.0610895703877092e+00,200,paper_eq_46_47
0.2,1.3333333333333335,1.2887943972007742e-03,1.0616879097185610e+00,200,paper_eq_46_47
0.2,1.3333333333333335,1.3138049227417409e-03,1.0622921817958599e+00,200,paper_eq_46_47
0.2,1.3333333333333335,1.3393008060629665e-03,1.0629024466465722e+00,200,paper_eq_46_47
0.2,1.3333333333333335,1.3652914660858754e-03,1.0635187649220252e+00,200,paper_eq_46_47
0.2,1.3333333333333335,1.3917865045168091e-03,1.0641411979045363e+00,200,paper_eq_46_47
0.2,1.3333333333333335,1.4187957093941684e-03,1.0647698075140992e+00,200,paper_eq_46_47
0.2,1.3333333333333335,1.4463290587044160e-03,1.0654046563151545e+00,200,paper_eq_46_47
0.2,1.3333333333333335,1.4743967240682125e-03,1.0660458075234189e+00,200,paper_eq_46_47
0.2,1.3333333333333335,1.5030090744981336e-03,1.0666933250127808e+00,200,paper_eq_46_47
0.2,1.3333333333333335,1.5321766802292613e-03,1.0673472733222640e+00,200,paper_eq_46_47
0.2,1.3333333333333335,1.5619103166241593e-03,1.0680077176630700e+00,200,paper_eq_46_47
0.2,1.3333333333333335,1.5922209681535841e-03,1.0686747239256782e+00,200,paper_eq_46_47
0.2,1.3333333333333335,1.6231198324544850e-03,1.0693483586870161e+00,200,paper_eq_46_47
0.2,1.3333333333333335,1.6546183244667283e-03,1.0700286892177131e+00,200,paper_eq_46_47
0.2,1.3333333333333335,1.6867280806501111e-03,1.0707157834894017e+00,200,paper_eq_46_47
0.2,1.3333333333333335,1.7194609632832077e-03,1.0714097101821147e+00,200,paper_eq_46_47
0.2,1.3333333333333335,1.7528290648456406e-03,1.0721105386917258e+00,200,paper_eq_46_47
0.2,1.3333333333333335,1.7868447124853963e-03,1.0728183391374881e+00,200,paper_eq_46_47
0.2,1.3333333333333335,1.8215204725728241e-03,1.0735331823696228e+00,200,paper_eq_46_47
0.2,1.3333333333333335,1.8568691553430376e-03,1.0742551399769886e+00,200,paper_eq_46_47
0.2,1.3333333333333335,1.8929038196283628e-03,1.0749842842948261e+00,200,paper_eq_46_47
0.2,1.3333333333333335,1.9296377776826792e-03,1.0757206884125596e+00,200,paper_eq_46_47
0.2,1.3333333333333335,1.9670846000993240e-03,1.0764644261816907e+00,200,paper_eq_46_47
0.2,1.3333333333333335,2.0052581208244960e-03,1.0772155722237418e+00,200,paper_eq_46_47
0.2,1.3333333333333335,2.0441724422678867e-03,1.0779742019382941e+00,200,paper_eq_46_47
0.2,1.3333333333333335,2.0838419405125449e-03,1.0787403915110771e+00,200,paper_eq_46_47
0.2,1.3333333333333335,2.1242812706258082e-03,1.0795142179221442e+00,200,paper_eq_46_47
0.2,1.3333333333333335,2.1655053720733160e-03,1.0802957589541153e+00,200,paper_eq_46_47
0.2,1.3333333333333335,2.2075294742380795e-03,1.0810850932004854e+00,200,paper_eq_46_47
0.2,1.3333333333333335,2.2503691020466627e-03,1.0818823000740199e+00,200,paper_eq_46_47
0.2,1.3333333333333335,2.2940400817045392e-03,1.0826874598152048e+00,200,paper_eq_46_47
0.2,1.3333333333333335,2.3385585465427556e-03,1.0835006535007818e+00,200,paper_eq_46_47
0.2,1.3333333333333335,2.3839409429780539e-03,1.0843219630523426e+00,200,paper_eq_46_47
0.2,1.3333333333333335,2.4302040365886454e-03,1.0851514712450083e+00,200,paper_eq_46_47
0.2,1.3333333333333335,2.4773649183079316e-03,1.0859892617161666e+00,200,paper_eq_46_47
0.2,1.3333333333333335,2.5254410107383514e-03,1.0868354189742824e+00,200,paper_eq_46_47
0.2,1.3333333333333335,2.5744500745878431e-03,1.0876900284077886e+00,200,paper_eq_46_47
0.2,1.3333333333333335,2.6244102152311239e-03,1.0885531762940286e+00,200,paper_eq_46_47
0.2,1.3333333333333335,2.6753398893983732e-03,1.0894249498082844e+00,200,paper_eq_46_47
0.2,1.3333333333333335,2.7272579119936727e-03,1.0903054370328640e+00,200,paper_eq_46_47
0.2,1.3333333333333335,2.7801834630457817e-03,1.0911947269662552e+00,200,paper_eq_46_47
0.2,1.3333333333333335,2.8341360947937979e-03,1.0920929095323539e+00,200,paper_eq_46_47
0.2,1.3333333333333335,2.8891357389103241e-03,1.0930000755897520e+00,200,paper_eq_46_47
0.2,1.3333333333333335,2.9452027138648093e-03,1.0939163169410939e+00,200,paper_eq_46_47
0.2,1.3333333333333335,3.0023577324297798e-03,1.0948417263424961e+00,200,paper_eq_46_47
0.2,1.3333333333333335,3.0606219093327466e-03,1.0957763975130317e+00,200,paper_eq_46_47
0.2,1.3333333333333335,3.1200167690565816e-03,1.0967204251442728e+00,200,paper_eq_46_47
0.2,1.3333333333333335,3.1805642537913264e-03,1.0976739049099045e+00,200,paper_eq_46_47
0.2,1.3333333333333335,3.2422867315402247e-03,1.0986369334753829e+00,200,paper_eq_46_47
0.2,1.3333333333333335,3.3052070043831676e-03,1.0996096085076692e+00,200,paper_eq_46_47
0.2,1.3333333333333335,3.3693483169003921e-03,1.1005920286850064e+00,200,paper_eq_46_47
0.2,1.3333333333333335,3.4347343647597598e-03,1.1015842937067601e+00,200,paper_eq_46_47
0.2,1.3333333333333335,3.5013893034705752e-03,1.1025865043033134e+00,200,paper_eq_46_47
0.2,1.3333333333333335,3.5693377573073714e-03,1.1035987622460051e+00,200,paper_eq_46_47
0.2,1.3333333333333335,3.6386048284068172e-03,1.1046211703571311e+00,200,paper_eq_46_47
0.2,1.3333333333333335,3.7092161060411784e-03,1.1056538325199841e+00,200,paper_eq_46_47
0.2,1.3333333333333335,3.7811976760717442e-03,1.1066968536889428e+00,200,paper_eq_46_47
0.2,1.3333333333333335,3.8545761305856987e-03,1.1077503398996085e+00,200,paper_eq_46_47
0.2,1.3333333333333335,3.9293785777200193e-03,1.1088143982789755e+00,200,paper_eq_46_47
0.2,1.3333333333333335,4.0056326516759904e-03,1.1098891370556514e+00,200,paper_eq_46_47
0.2,1.3333333333333335,4.0833665229281250e-03,1.1109746655701012e+00,200,paper_eq_46_47
0.2,1.3333333333333335,4.1626089086311000e-03,1.1120710942849354e+00,200,paper_eq_46_47
0.2,1.3333333333333335,4.2433890832287713e-03,1.1131785347952239e+00,200,paper_eq_46_47
0.2,1.3333333333333335,4.3257368892689416e-03,1.1142970998388380e+00,200,paper_eq_46_47
0.2,1.3333333333333335,4.4096827484281309e-03,1.1154269033068160e+00,200,paper_eq_46_47
0.2,1.3333333333333335,4.4952576727501680e-03,1.1165680602537520e+00,200,paper_eq_46_47
0.2,1.3333333333333335,4.5824932761029894e-03,1.1177206869081966e+00,200,paper_eq_46_47
0.2,1.3333333333333335,4.6714217858576969e-03,1.1188849006830770e+00,200,paper_eq_46_47
0.2,1.3333333333333335,4.7620760547942972e-03,1.1200608201861226e+00,200,paper_eq_46_47
0.2,1.3333333333333335,4.8544895732384689e-03,1.1212485652302917e+00,200,paper_eq_46_47
0.2,1.3333333333333335,4.9486964814338674e-03,1.1224482568442040e+00,200,paper_eq_46_47
0.2,1.3333333333333335,5.0447315821545288e-03,1.1236600172825699e+00,200,paper_eq_46_47
0.2,1.3333333333333335,5.1426303535620022e-03,1.1248839700366000e+00,200,paper_eq_46_47
0.2,1.3333333333333335,5.2424289623120698e-03,1.1261202398444132e+00,200,paper_eq_46_47
0.2,1.3333333333333335,5.3441642769156894e-03,1.1273689527014095e+00,200,paper_eq_46_47
0.2,1.3333333333333335,5.4478738813593741e-03,1.1286302358706310e+00,200,paper_eq_46_47
0.2,1.3333333333333335,5.5535960889897280e-03,1.1299042178930803e+00,200,paper_eq_46_47
0.2,1.3333333333333335,5.6613699566675987e-03,1.1311910285980058e+00,200,paper_eq_46_47
0.2,1.3333333333333335,5.7712352991967364e-03,1.1324907991131365e+00,200,paper_eq_46_47
0.2,1.3333333333333335,5.8832327040326008e-03,1.1338036618748719e+00,200,paper_eq_46_47
0.2,1.3333333333333335,5.9974035462765215e-03,1.1351297506384028e+00,200,paper_eq_46_47
0.2,1.3333333333333335,6.1137900039608698e-03,1.1364692004877728e+00,200,paper_eq_46_47
0.2,1.3333333333333335,6.2324350736308529e-03,1.1378221478458603e+00,200,paper_eq_46_47
0.2,1.3333333333333335,6.3533825862286892e-03,1.1391887304842754e+00,200,paper_eq_46_47
0.2,1.3333333333333335,6.4766772232860382e-03,1.1405690875331698e+00,200,paper_eq_46_47
0.2,1.3333333333333335,6.6023645334306290e-03,1.1419633594909384e+00,200,paper_eq_46_47
0.2,1.3333333333333335,6.7304909492133195e-03,1.1433716882338116e+00,200,paper_eq_46_47
0.2,1.3333333333333335,6.8611038042615344e-03,1.1447942170253278e+00,200,paper_eq_46_47
0.2,1.3333333333333335,6.9942513507657914e-03,1.1462310905256710e+00,200,paper_eq_46_47
0.2,1.3333333333333335,7.1299827773053564e-03,1.1476824548008666e+00,200,paper_eq_46_47
0.2,1.3333333333333335,7.2683482270200460e-03,1.1491484573318238e+00,200,paper_eq_46_47
0.2,1.3333333333333335,7.4093988161344606e-03,1.1506292470232049e+00,200,paper_eq_46_47
0.2,1.3333333333333335,7.5531866528418777e-03,1.1521249742121238e+00,200,paper_eq_46_47
0.2,1.3333333333333335,7.6997648565545074e-03,1.1536357906766435e+00,200,paper_eq_46_47
0.2,1.3333333333333335,7.8491875775273494e-03,1.1551618496440696e+00,200,paper_eq_46_47
0.2,1.3333333333333335,8.0015100168628808e-03,1.1567033057990244e+00,200,paper_eq_46_47
0.2,1.3333333333333335,8.1567884469039408e-03,1.1582603152912727e+00,200,paper_eq_46_47
0.2,1.3333333333333335,8.3150802320223881e-03,1.1598330357433031e+00,200,paper_eq_46_47
0.2,1.3333333333333335,8.4764438498111262e-03,1.1614216262576222e+00,200,paper_eq_46_47
0.2,1.3333333333333335,8.6409389126875184e-03,1.1630262474237576e+00,200,paper_eq_46_47
0.2,1.3333333333333335,8.8086261899158226e-03,1.1646470613249345e+00,200,paper_eq_46_47
0.2,1.3333333333333335,8.9795676300572710e-03,1.1662842315443975e+00,200,paper_eq_46_47
0.2,1.3333333333333335,9.1538263838555206e-03,1.1679379231713436e+00,200,paper_eq_46_47
0.2,1.3333333333333335,9.3314668275665275e-03,1.1696083028064170e+00,200,paper_eq_46_47
0.2,1.3333333333333335,9.5125545867408706e-03,1.1712955385667057e+00,200,paper_eq_46_47
0.2,1.3333333333333335,9.6971565604678407e-03,1.1729998000901716e+00,200,paper_eq_46_47
0.2,1.3333333333333335,9.8853409460898638e-03,1.1747212585394060e+00,200,paper_eq_46_47
0.2,1.3333333333333335,1.0077177264396600e-02,1.1764600866045842e+00,200,paper_eq_46_47
0.2,1.3333333333333335,1.0272736385307936e-02,1.1782164585054298e+00,200,paper_eq_46_47
0.2,1.3333333333333335,1.0472090554055411e-02,1.1799905499919767e+00,200,paper_eq_46_47
0.2,1.3333333333333335,1.0675313417871693e-02,1.1817825383437965e+00,200,paper_eq_46_47
0.2,1.3333333333333335,1.0882480053198017e-02,1.1835926023672709e+00,200,paper_eq_46_47
0.2,1.3333333333333335,1.1093666993419616e-02,1.1854209223903962e+00,200,paper_eq_46_47
0.2,1.3333333333333335,1.1308952257139362e-02,1.1872676802543507e+00,200,paper_eq_46_47
0.2,1.3333333333333335,1.1528415377000140e-02,1.1891330593009424e+00,200,paper_eq_46_47
0.2,1.3333333333333335,1.1752137429066462e-02,1.1910172443546847e+00,200,paper_eq_46_47
0.2,1.3333333333333335,1.1980201062776400e-02,1.1929204216979843e+00,200,paper_eq_46_47
0.2,1.3333333333333335,1.2212690531474647e-02,1.1948427790374565e+00,200,paper_eq_46_47
0.2,1.3333333333333335,1.2449691723538167e-02,1.1967845054588915e+00,200,paper_eq_46_47
0.2,1.3333333333333335,1.2691292194105861e-02,1.1987457913677630e+00,200,paper_eq_46_47
0.2,1.3333333333333335,1.2937581197423980e-02,1.2007268284114541e+00,200,paper_eq_46_47
0.2,1.3333333333333335,1.3188649719819253e-02,1.2027278093784581e+00,200,paper_eq_46_47
0.2,1.3333333333333335,1.3444590513311868e-02,1.2047489280688088e+00,200,paper_eq_46_47
0.2,1.3333333333333335,1.3705498129880783e-02,1.2067903791288153e+00,200,paper_eq_46_47
0.2,1.3333333333333335,1.3971468956393970e-02,1.2088523578417600e+00,200,paper_eq_46_47
0.2,1.3333333333333335,1.4242601250216534e-02,1.2109350598647450e+00,200,paper_eq_46_47
0.2,1.3333333333333335,1.4518995175509843e-02,1.2130386809000682e+00,200,paper_eq_46_47
0.2,1.3333333333333335,1.4800752840235097e-02,1.2151634162876539e+00,200,paper_eq_46_47
0.2,1.3333333333333335,1.5087978333874924e-02,1.2173094605029269e+00,200,paper_eq_46_47
0.2,1.3333333333333335,1.5380777765887154e-02,1.2194770065423153e+00,200,paper_eq_46_47
0.2,1.3333333333333335,1.5679259304904682e-02,1.2216662451761318e+00,200,paper_eq_46_47
0.2,1.3333333333333335,1.5983533218696121e-02,1.2238773640461214e+00,200,paper_eq_46_47
0.2,1.3333333333333335,1.6293711914901931e-02,1.2261105465824029e+00,200,paper_eq_46_47
0.2,1.3333333333333335,1.6609909982561070e-02,1.2283659707119483e+00,200,paper_eq_46_47
0.2,1.3333333333333335,1.6932244234443516e-02,1.2306438073282366e+00,200,paper_eq_46_47
0.2,1.3333333333333335,1.7260833750204319e-02,1.2329442184893111e+00,200,paper_eq_46_47
0.2,1.3333333333333335,1.7595799920375070e-02,1.2352673553092879e+00,200,paper_eq_46_47
0.2,1.3333333333333335,1.7937266491209115e-02,1.2376133555064250e+00,200,paper_eq_46_47
0.2,1.3333333333333335,1.8285359610397022e-02,1.2399823405693671e+00,200,paper_eq_46_47
0.2,1.3333333333333335,1.8640207873669188e-02,1.2423744125021225e+00,200,paper_eq_46_47
0.2,1.3333333333333335,1.9001942372302901e-02,1.2447896501078746e+00,200,paper_eq_46_47
0.2,1.3333333333333335,1.9370696741551157e-02,1.2472281047719509e+00,200,paper_eq_46_47
0.2,1.3333333333333335,1.9746607210011560e-02,1.2496897957052939e+00,200,paper_eq_46_47
0.2,1.3333333333333335,2.0129812649953036e-02,1.2521747046116307e+00,200,paper_eq_46_47
0.2,1.3333333333333335,2.0520454628619317e-02,1.2546827697443830e+00,200,paper_eq_46_47
0.2,1.3333333333333335,2.0918677460527994e-02,1.2572138793231702e+00,200,paper_eq_46_47
0.2,1.3333333333333335,2.1324628260784521e-02,1.2597678642846788e+00,200,paper_eq_46_47
0.2,1.3333333333333335,2.1738456999430788e-02,1.2623444903486305e+00,200,paper_eq_46_47
0.2,1.3333333333333335,2.2160316556848442e-02,1.2649434493866685e+00,200,paper_eq_46_47
0.2,1.3333333333333335,2.2590362780237339e-02,1.2675643500901186e+00,200,paper_eq_46_47
0.2,1.3333333333333335,2.3028754541190050e-02,1.2702067079417567e+00,200,paper_eq_46_47
0.2,1.3333333333333335,2.3475653794383620e-02,1.2728699345068339e+00,200,paper_eq_46_47
0.2,1.3333333333333335,2.3931225637410385e-02,1.2755533260695586e+00,200,paper_eq_46_47
0.2,1.3333333333333335,2.4395638371769789e-02,1.2782560516529420e+00,200,paper_eq_46_47
0.2,1.3333333333333335,2.4869063565043901e-02,1.2809771404721417e+00,200,paper_eq_46_47
0.2,1.3333333333333335,2.5351676114279367e-02,1.2837154688840566e+00,200,paper_eq_46_47
0.2,1.3333333333333335,2.5843654310599633e-02,1.2864697469087552e+00,200,paper_eq_46_47
0.2,1.3333333333333335,2.6345179905070754e-02,1.2892385044110644e+00,200,paper_eq_46_47
0.2,1.3333333333333335,2.6856438175845567e-02,1.2920200770431705e+00,200,paper_eq_46_47
0.2,1.3333333333333335,2.7377617996610832e-02,1.2948125920610674e+00,200,paper_eq_46_47
0.2,1.3333333333333335,2.7908911906362674e-02,1.2976139541389649e+00,200,paper_eq_46_47
0.2,1.3333333333333335,2.8450516180536078e-02,1.3004218313160054e+00,200,paper_eq_46_47
0.2,1.3333333333333335,2.9002630903514761e-02,1.3032336412187284e+00,200,paper_eq_46_47
0.2,1.3333333333333335,2.9565460042548165e-02,1.3060465377103125e+00,200,paper_eq_46_47
0.2,1.3333333333333335,3.0139211523102893e-02,1.3088573981236260e+00,200,paper_eq_46_47
0.2,1.3333333333333335,3.0724097305676427e-02,1.3116628112392901e+00,200,paper_eq_46_47
0.2,1.3333333333333335,3.1320333464101520e-02,1.3144590661721780e+00,200,paper_eq_46_47
0.2,1.3333333333333335,3.1928140265370157e-02,1.3172421423299101e+00,200,paper_eq_46_47
0.2,1.3333333333333335,3.2547742251006512e-02,1.3200077006049036e+00,200,paper_eq_46_47
0.2,1.3333333333333335,3.3179368320019276e-02,1.3227510759573022e+00,200,paper_eq_46_47
0.2,1.3333333333333335,3.3823251813463504e-02,1.3254672715396894e+00,200,paper_eq_46_47
0.2,1.3333333333333335,3.4479630600643622e-02,1.3281509545058714e+00,200,paper_eq_46_47
0.2,1.3333333333333335,3.5148747166989278e-02,1.3307964536353003e+00,200,paper_eq_46_47
0.2,1.3333333333333335,3.5830848703636488e-02,1.3333977588919594e+00,200,paper_eq_46_47
0.2,1.3333333333333335,3.6526187198747291e-02,1.3359485230219657e+00,200,paper_eq_46_47
0.2,1.3333333333333335,3.7235019530601446e-02,1.3384420652778271e+00,200,paper_eq_46_47
0.2,1.3333333333333335,3.7957607562494812e-02,1.3408713773395475e+00,200,paper_eq_46_47
0.2,1.3333333333333335,3.8694218239479217e-02,1.3432291314837159e+00,200,paper_eq_46_47
0.2,1.3333333333333335,3.9445123686979756e-02,1.3455076910317005e+00,200,paper_eq_46_47
0.2,1.3333333333333335,4.0210601311325846e-02,1.3476991230872468e+00,200,paper_eq_46_47
0.2,1.3333333333333335,4.0990933902233226e-02,1.3497952135525488e+00,200,paper_eq_46_47
0.2,1.3333333333333335,4.1786409737274564e-02,1.3517874843904054e+00,200,paper_eq_46_47
0.2,1.3333333333333335,4.2597322688377806e-02,1.3536672130787182e+00,200,paper_eq_46_47
0.2,1.3333333333333335,4.3423972330390880e-02,1.3554254541826229e+00,200,paper_eq_46_47
0.2,1.3333333333333335,4.4266664051753390e-02,1.3570530629491944e+00,200,paper_eq_46_47
0.2,1.3333333333333335,4.5125709167315987e-02,1.3585407208102622e+00,200,paper_eq_46_47
0.2,1.3333333333333335,4.6001425033349176e-02,1.3598789626605445e+00,200,paper_eq_46_47
0.2,1.3333333333333335,4.6894135164783905e-02,1.3610582057614093e+00,200,paper_eq_46_47
0.2,1.3333333333333335,4.7804169354727435e-02,1.3620687801051747e+00,200,paper_eq_46_47
0.2,1.3333333333333335,4.8731863796298520e-02,1.3629009600612139e+00,200,paper_eq_46_47
0.2,1.3333333333333335,4.9677561206826884e-02,1.3635449971133384e+00,200,paper_eq_46_47
0.2,1.3333333333333335,5.0641610954463026e-02,1.3639911534881377e+00,200,paper_eq_46_47
0.2,1.3333333333333335,5.1624369187244966e-02,1.3642297364661746e+00,200,paper_eq_46_47
0.2,1.3333333333333335,5.2626198964669690e-02,1.3642511331623475e+00,200,paper_eq_46_47
0.2,1.3333333333333335,5.3647470391817970e-02,1.3640458455581588e+00,200,paper_eq_46_47
0.2,1.3333333333333335,5.4688560756081708e-02,1.3636045255673355e+00,200,paper_eq_46_47
0.2,1.3333333333333335,5.5749854666545230e-02,1.3629180099168923e+00,200,paper_eq_46_47
0.2,1.3333333333333335,5.6831744196070864e-02,1.3619773546285328e+00,200,paper_eq_46_47
0.2,1.3333333333333335,5.7934629026142083e-02,1.3607738688899744e+00,200,paper_eq_46_47
0.2,1.3333333333333335,5.9058916594517528e-02,1.3592991481123138e+00,200,paper_eq_46_47
0.2,1.3333333333333335,6.0205022245750348e-02,1.3575451059778694e+00,200,paper_eq_46_47
0.2,1.3333333333333335,6.1373369384628576e-02,1.3555040052927381e+00,200,paper_eq_46_47
0.2,1.3333333333333335,6.2564389632593156e-02,1.3531684874696395e+00,200,paper_eq_46_47
0.2,1.3333333333333335,6.3778522987191541e-02,1.3505316004791410e+00,200,paper_eq_46_47
0.2,1.3333333333333335,6.5016217984625480e-02,1.3475868251210195e+00,200,paper_eq_46_47
0.2,1.3333333333333335,6.6277931865453443e-02,1.3443280994820717e+00,200,paper_eq_46_47
0.2,1.3333333333333335,6.7564130743508574e-02,1.3407498414619989e+00,200,paper_eq_46_47
0.2,1.3333333333333335,6.8875289778094748e-02,1.3368469692648508e+00,200,paper_eq_46_47
0.2,1.3333333333333335,7.0211893349523963e-02,1.3326149197697725e+00,200,paper_eq_46_47
0.2,1.3333333333333335,7.1574435238061007e-02,1.3280496647112516e+00,200,paper_eq_46_47
0.2,1.3333333333333335,7.2963418806339914e-02,1.3231477246156085e+00,200,paper_eq_46_47
0.2,1.3333333333333335,7.4379357185320877e-02,1.3179061804568464e+00,200,paper_eq_46_47
0.2,1.3333333333333335,7.5822773463855769e-02,1.3123226830111721e+00,200,paper_eq_46_47
0.2,1.3333333333333335,7.7294200881932340e-02,1.3063954599052494e+00,200,paper_eq_46_47
0.2,1.3333333333333335,7.8794183027668677e-02,1.3001233203685154e+00,200,paper_eq_46_47
0.2,1.3333333333333335,8.0323274038130388e-02,1.2935056577145205e+00,200,paper_eq_46_47
0.2,1.3333333333333335,8.1882038804045001e-02,1.2865424495901872e+00,200,paper_eq_46_47
0.2,1.3333333333333335,8.3471053178489060e-02,1.2792342560449657e+00,200,paper_eq_46_47
0.2,1.3333333333333335,8.5090904189624977e-02,1.2715822154841210e+00,200,paper_eq_46_47
0.2,1.3333333333333335,8.6742190257566382e-02,1.2635880385816656e+00,200,paper_eq_46_47
0.2,1.3333333333333335,8.8425521415451916e-02,1.2552540002387753e+00,200,paper_eq_46_47
0.2,1.3333333333333335,9.0141519534808992e-02,1.2465829296828048e+00,200,paper_eq_46_47
0.2,1.3333333333333335,9.1890818555291673e-02,1.2375781988102876e+00,200,paper_eq_46_47
0.2,1.3333333333333335,9.3674064718876168e-02,1.2282437088845028e+00,200,paper_eq_46_47
0.2,1.3333333333333335,9.5491916808601418e-02,1.2185838757043403e+00,200,paper_eq_46_47
0.2,1.3333333333333335,9.7345046391942816e-02,1.2086036133662943e+00,200,paper_eq_46_47
0.2,1.3333333333333335,9.9234138068908725e-02,1.1983083167455038e+00,200,paper_eq_46_47
0.2,1.3333333333333335,1.0115988972495166e-01,1.1877038428248043e+00,200,paper_eq_46_47
0.2,1.3333333333333335,1.0312301278878754e-01,1.1767964910028634e+00,200,paper_eq_46_47
0.2,1.3333333333333335,1.0512423249521803e-01,1.1655929825135951e+00,200,paper_eq_46_47
0.2,1.3333333333333335,1.0716428815305357e-01,1.1541004390893057e+00,200,paper_eq_46_47
0.2,1.3333333333333335,1.0924393341823539e-01,1.1423263609993703e+00,200,paper_eq_46_47
0.2,1.3333333333333335,1.1136393657225811e-01,1.1302786045948121e+00,200,paper_eq_46_47
0.2,1.3333333333333335,1.1352508080599515e-01,1.1179653594869150e+00,200,paper_eq_46_47
0.2,1.3333333333333335,1.1572816450903245e-01,1.1053951254850463e+00,200,paper_eq_46_47
0.2,1.3333333333333335,1.1797400156461631e-01,1.0925766894152311e+00,200,paper_eq_46_47
0.2,1.3333333333333335,1.2026342165032625e-01,1.0795191019367369e+00,200,paper_eq_46_47
0.2,1.3333333333333335,1.2259727054458161e-01,1.0662316544690549e+00,200,paper_eq_46_47
0.2,1.3333333333333335,1.2497641043909684e-01,1.0527238563362671e+00,200,paper_eq_46_47
0.2,1.3333333333333335,1.2740172025740018e-01,1.0390054122298333e+00,200,paper_eq_46_47
0.2,1.3333333333333335,1.2987409597953362e-01,1.0250862000844920e+00,200,paper_eq_46_47
0.2,1.3333333333333335,1.3239445097305402e-01,1.0109762494551402e+00,200,paper_eq_46_47
0.2,1.3333333333333335,1.3496371633045764e-01,9.9668572047539605e-01,200,paper_eq_46_47
0.2,1.3333333333333335,1.3758284121315284e-01,9.8222488347103454e-01,200,paper_eq_46_47
0.2,1.3333333333333335,1.4025279320210790e-01,9.6760409929367985e-01,200,paper_eq_46_47
0.2,1.3333333333333335,1.4297455865530359e-01,9.5283380043207777e-01,200,paper_eq_46_47
0.2,1.3333333333333335,1.4574914307212258e-01,9.3792447295000803e-01,200,paper_eq_46_47
0.2,1.3333333333333335,1.4857757146481032e-01,9.2288663929146342e-01,200,paper_eq_46_47
0.2,1.3333333333333335,1.5146088873714367e-01,9.0773084198517884e-01,200,paper_eq_46_47
0.2,1.3333333333333335,1.5440016007044985e-01,8.9246762827196469e-01,200,paper_eq_46_47
0.2,1.3333333333333335,1.5739647131711471e-01,8.7710753566969490e-01,200,paper_eq_46_47
0.2,1.3333333333333335,1.6045092940172839e-01,8.6166107848218776e-01,200,paper_eq_46_47
0.2,1.3333333333333335,1.6356466273001555e-01,8.4613873524974514e-01,200,paper_eq_46_47
0.2,1.3333333333333335,1.6673882160570111e-01,8.3055093713079553e-01,200,paper_eq_46_47
0.2,1.3333333333333335,1.6997457865546614e-01,8.1490805719597748e-01,200,paper_eq_46_47
0.2,1.3333333333333335,1.7327312926215016e-01,7.9922040060822275e-01,200,paper_eq_46_47
0.2,1.3333333333333335,1.7663569200636042e-01,7.8349819565494816e-01,200,paper_eq_46_47
0.2,1.3333333333333335,1.8006350911665098e-01,7.6775158559147649e-01,200,paper_eq_46_47
0.2,1.3333333333333335,1.8355784692843813e-01,7.5199062124831462e-01,200,paper_eq_46_47
0.2,1.3333333333333335,1.8711999635182158e-01,7.3622525434899722e-01,200,paper_eq_46_47
0.2,1.3333333333333335,1.9075127334848438e-01,7.2046533147992542e-01,200,paper_eq_46_47
0.2,1.3333333333333335,1.9445301941784673e-01,7.0472058864905918e-01,200,paper_eq_46_47
0.2,1.3333333333333335,1.9822660209265605e-01,6.8900064636648639e-01,200,paper_eq_46_47
0.2,1.3333333333333335,2.0207341544419258e-01,6.7331500517690468e-01,200,paper_eq_46_47
0.2,1.3333333333333335,2.0599488059728019e-01,6.5767304157186612e-01,200,paper_eq_46_47
0.2,1.3333333333333335,2.0999244625529107e-01,6.4208400420836409e-01,200,paper_eq_46_47
0.2,1.3333333333333335,2.1406758923533917e-01,6.2655701035995393e-01,200,paper_eq_46_47
0.2,1.3333333333333335,2.1822181501385918e-01,6.1110104252713449e-01,200,paper_eq_46_47
0.2,1.3333333333333335,2.2245665828277353e-01,5.9572494513515351e-01,200,paper_eq_46_47
0.2,1.3333333333333335,2.2677368351645219e-01,5.8043742124973063e-01,200,paper_eq_46_47
0.2,1.3333333333333335,2.3117448554967501e-01,5.6524702924439918e-01,200,paper_eq_46_47
0.2,1.3333333333333335,2.3566069016681013e-01,5.5016217935718614e-01,200,paper_eq_46_47
0.2,1.3333333333333335,2.4023395470242609e-01,5.3519113007915664e-01,200,paper_eq_46_47
0.2,1.3333333333333335,2.4489596865355964e-01,5.2034198432285983e-01,200,paper_eq_46_47
0.2,1.3333333333333335,2.4964845430386426e-01,5.0562268532486698e-01,200,paper_eq_46_47
0.2,1.3333333333333335,2.5449316735987310e-01,4.9104101224328267e-01,200,paper_eq_46_47
0.2,1.3333333333333335,2.5943189759960744e-01,4.7660457541829848e-01,200,paper_eq_46_47
0.2,1.3333333333333335,2.6446646953377267e-01,4.6232081127138358e-01,200,paper_eq_46_47
0.2,1.3333333333333335,2.6959874307978599e-01,4.4819697682650361e-01,200,paper_eq_46_47
0.2,1.3333333333333335,2.7483061424888383e-01,4.3424014384474391e-01,200,paper_eq_46_47
0.2,1.3333333333333335,2.8016401584656353e-01,4.2045719257172604e-01,200,paper_eq_46_47
0.2,1.3333333333333335,2.8560091818661826e-01,4.0685480510520311e-01,200,paper_eq_46_47
0.2,1.3333333333333335,2.9114332981902791e-01,3.9343945839806554e-01,200,paper_eq_46_47
0.2,1.3333333333333335,2.9679329827197620e-01,3.8021741691960054e-01,200,paper_eq_46_47
0.2,1.3333333333333335,3.0255291080826707e-01,3.6719472500514444e-01,200,paper_eq_46_47
0.2,1.3333333333333335,3.0842429519642028e-01,3.5437719893115477e-01,200,paper_eq_46_47
0.2,1.3333333333333335,3.1440962049673121e-01,3.4177041875914310e-01,200,paper_eq_46_47
0.2,1.3333333333333335,3.2051109786258491e-01,3.2937971999779142e-01,200,paper_eq_46_47
0.2,1.3333333333333335,3.2673098135731943e-01,3.1721018513786287e-01,200,paper_eq_46_47
0.2,1.3333333333333335,3.3307156878694444e-01,3.0526663511916030e-01,200,paper_eq_46_47
0.2,1.3333333333333335,3.3953520254901615e-01,2.9355362079280117e-01,200,paper_eq_46_47
0.2,1.3333333333333335,3.4612427049798750e-01,2.8207541444534429e-01,200,paper_eq_46_47
0.2,1.3333333333333335,3.5284120682735126e-01,2.7083600145392078e-01,200,paper_eq_46_47
0.2,1.3333333333333335,3.5968849296890193e-01,2.5983907214340102e-01,200,paper_eq_46_47
0.2,1.3333333333333335,3.6666865850944869e-01,2.4908801391780477e-01,200,paper_eq_46_47
0.2,1.3333333333333335,3.7378428212531850e-01,2.3858590373865013e-01,200,paper_eq_46_47
0.2,1.3333333333333335,3.8103799253499437e-01,2.2833550102273220e-01,200,paper_eq_46_47
0.2,1.3333333333333335,3.8843246947024018e-01,2.1833924103096991e-01,200,paper_eq_46_47
0.2,1.3333333333333335,3.9597044466607184e-01,2.0859922881845394e-01,200,paper_eq_46_47
0.2,1.3333333333333335,4.0365470286993949e-01,1.9911723381373495e-01,200,paper_eq_46_47
0.2,1.3333333333333335,4.1148808287049499e-01,1.8989468509270138e-01,200,paper_eq_46_47
0.2,1.3333333333333335,4.1947347854632105e-01,1.8093266740917971e-01,200,paper_eq_46_47
0.2,1.3333333333333335,4.2761383993501706e-01,1.7223191804063237e-01,200,paper_eq_46_47
0.2,1.3333333333333335,4.3591217432302692e-01,1.6379282450313368e-01,200,paper_eq_46_47
0.2,1.3333333333333335,4.4437154735661871e-01,1.5561542318511593e-01,200,paper_eq_46_47
0.2,1.3333333333333335,4.5299508417442363e-01,1.4769939894431347e-01,200,paper_eq_46_47
0.2,1.3333333333333335,4.6178597056195331e-01,1.4004408570687168e-01,200,paper_eq_46_47
0.2,1.3333333333333335,4.7074745412852148e-01,1.3264846810178577e-01,200,paper_eq_46_47
0.2,1.3333333333333335,4.7988284550700550e-01,1.2551118415771986e-01,200,paper_eq_46_47
0.2,1.3333333333333335,4.8919551957689050e-01,1.1863052908286477e-01,200,paper_eq_46_47
0.2,1.3333333333333335,4.9868891671104820e-01,1.1200446014185775e-01,200,paper_eq_46_47
0.2,1.3333333333333335,5.0836654404671056e-01,1.0563060263694288e-01,200,paper_eq_46_47
0.2,1.3333333333333335,5.1823197678110855e-01,9.9506256993537739e-02,200,paper_eq_46_47
0.2,1.3333333333333335,5.2828885949225446e-01,9.3628406943227840e-02,200,paper_eq_46_47
0.2,1.3333333333333335,5.3854090748535333e-01,8.7993728789975481e-02,200,paper_eq_46_47
0.2,1.3333333333333335,5.4899190816534738e-01,8.2598601738043745e-02,200,paper_eq_46_47
0.2,1.3333333333333335,5.5964572243609212e-01,7.7439119252863370e-02,200,paper_eq_46_47
0.2,1.3333333333333335,5.7050628612668686e-01,7.2511101418826329e-02,200,paper_eq_46_47
0.2,1.3333333333333335,5.8157761144548459e-01,6.7810108250862394e-02,200,paper_eq_46_47
0.2,1.3333333333333335,5.9286378846231857e-01,6.3331453909670668e-02,200,paper_eq_46_47
0.2,1.3333333333333335,6.0436898661949301e-01,5.9070221763707589e-02,200,paper_eq_46_47
0.2,1.3333333333333335,6.1609745627209667e-01,5.5021280234526432e-02,200,paper_eq_46_47
0.2,1.3333333333333335,6.2805353025820776e-01,5.1179299355886124e-02,200,paper_eq_46_47
0.2,1.3333333333333335,6.4024162549957020e-01,4.7538767971252900e-02,200,paper_eq_46_47
0.2,1.3333333333333335,6.5266624463333300e-01,4.4094011488971442e-02,200,paper_eq_46_47
0.2,1.3333333333333335,6.6533197767545593e-01,4.0839210109539996e-02,200,paper_eq_46_47
0.2,1.3333333333333335,6.7824350371639486e-01,3.7768417435144676e-02,200,paper_eq_46_47
0.2,1.3333333333333335,6.9140559264969415e-01,3.4875579367945490e-02,200,paper_eq_46_47
0.2,1.3333333333333335,7.0482310693412242e-01,3.2154553200614895e-02,200,paper_eq_46_47
0.2,1.3333333333333335,7.1850100339000933e-01,2.9599126800352364e-02,200,paper_eq_46_47
0.2,1.3333333333333335,7.3244433503043749e-01,2.7203037786083687e-02,200,paper_eq_46_47
0.2,1.3333333333333335,7.4665825292797261e-01,2.4959992597828808e-02,200,paper_eq_46_47
0.2,1.3333333333333335,7.6114800811762018e-01,2.2863685357323058e-02,200,paper_eq_46_47
0.2,1.3333333333333335,7.7591895353671025e-01,2.0907816419920379e-02,200,paper_eq_46_47
0.2,1.3333333333333335,7.9097654600242828e-01,1.9086110519606406e-02,200,paper_eq_46_47
0.2,1.3333333333333335,8.0632634822772276e-01,1.7392334411605159e-02,200,paper_eq_46_47
0.2,1.3333333333333335,8.2197403087633236e-01,1.5820313920571115e-02,200,paper_eq_46_47
0.2,1.3333333333333335,8.3792537465769523e-01,1.4363950306696531e-02,200,paper_eq_46_47
0.2,1.3333333333333335,8.5418627246251055e-01,1.3017235867207769e-02,200,paper_eq_46_47
0.2,1.3333333333333335,8.7076273153974437e-01,1.1774268696631614e-02,200,paper_eq_46_47
0.2,1.3333333333333335,8.8766087571588259e-01,1.0629266535835570e-02,200,paper_eq_46_47
0.2,1.3333333333333335,9.0488694765724786e-01,9.5765796471244512e-03,200,paper_eq_46_47
0.2,1.3333333333333335,9.2244731117622680e-01,8.6107026605378410e-03,200,paper_eq_46_47
0.2,1.3333333333333335,9.4034845358224484e-01,7.7262853448649433e-03,200,paper_eq_46_47
0.2,1.3333333333333335,9.5859698807836691e-01,6.9181422656806706e-03,200,paper_eq_46_47
0.2,1.3333333333333335,9.7719965620440852e-01,6.1812613018220339e-03,200,paper_eq_46_47
0.2,1.3333333333333335,9.9616333032745552e-01,5.5108110010627922e-03,200,paper_eq_46_47
0.2,1.3333333333333335,1.0154950161807172e+00,4.9021467652017011e-03,200,paper_eq_46_47
0.2,1.3333333333333335,1.0352018554516496e+00,4.3508158642492391e-03,200,paper_eq_46_47
0.2,1.3333333333333335,1.0552911284202957e+00,3.8525612887676500e-03,200,paper_eq_46_47
0.2,1.3333333333333335,1.0757702566488467e+00,3.4033244585793612e-03,200,paper_eq_46_47
0.2,1.3333333333333335,1.0966468057233656e+00,2.9992468149054427e-03,200,paper_eq_46_47
0.2,1.3333333333333335,1.1179284880487523e+00,2.6366703314159774e-03,200,paper_eq_46_47
0.2,1.3333333333333335,1.1396231656979139e+00,2.3121369875809404e-03,200,paper_eq_46_47
0.2,1.3333333333333335,1.1617388533162596e+00,2.0223872549986581e-03,200,paper_eq_46_47
0.2,1.3333333333333335,1.1842837210825274e+00,1.7643576539782149e-03,200,paper_eq_46_47
0.2,1.3333333333333335,1.2072660977271032e+00,1.5351774434789452e-03,200,paper_eq_46_47
0.2,1.3333333333333335,1.2306944736088781e+00,1.3321645125118462e-03,200,paper_eq_46_47
0.2,1.3333333333333335,1.2545775038518534e+00,1.1528205452281607e-03,200,paper_eq_46_47
0.2,1.3333333333333335,1.2789240115425748e+00,9.9482553513103645e-04,200,paper_eq_46_47
0.2,1.3333333333333335,1.3037429909896587e+00,8.5603172611990882e-04,200,paper_eq_46_47
0.2,1.3333333333333335,1.3290436110465329e+00,7.3445705941346481e-04,200,paper_eq_46_47
0.2,1.3333333333333335,1.3548352184986856e+00,6.2827820579859964e-04,200,paper_eq_46_47
0.2,1.3333333333333335,1.3811273415166487e+00,5.3582326214657143e-04,200,paper_eq_46_47
0.2,1.3333333333333335,1.4079296931759619e+00,4.5556418975729494e-04,200,paper_eq_46_47
0.2,1.3333333333333335,1.4352521750454879e+00,3.8610906988858666e-04,200,paper_eq_46_47
0.2,1.3333333333333335,1.4631048808453171e+00,3.2619424886167224e-04,200,paper_eq_46_47
0.2,1.3333333333333335,1.4914981001757051e+00,2.7467644147743090e-04,200,paper_eq_46_47
0.2,1.3333333333333335,1.5204423223183270e+00,2.3052485721308623e-04,200,paper_eq_46_47
0.2,1.3333333333333335,1.5499482401113476e+00,1.9281340888279303e-04,200,paper_eq_46_47
0.2,1.3333333333333335,1.5800267538996413e+00,1.6071305823355173e-04,200,paper_eq_46_47
0.2,1.3333333333333335,1.6106889755617235e+00,1.3348434740603627e-04,200,paper_eq_46_47
0.2,1.3333333333333335,1.6419462326147756e+00,1.1047015941853972e-04,200,paper_eq_46_47
0.2,1.3333333333333335,1.6738100723993852e+00,9.1088744928562851e-05,200,paper_eq_46_47
0.2,1.3333333333333335,1.7062922663454478e+00,7.4827046587592542e-05,200,paper_eq_46_47
0.2,1.3333333333333335,1.7394048143208845e+00,6.1234346421147278e-05,200,paper_eq_46_47
0.2,1.3333333333333335,1.7731599490647534e+00,4.9916255924534828e-05,200,paper_eq_46_47
0.2,1.3333333333333335,1.8075701407063547e+00,4.0529063042781801e-05,200,paper_eq_46_47
0.2,1.3333333333333335,1.8426481013720890e+00,3.2774444970435269e-05,200,paper_eq_46_47
0.2,1.3333333333333335,1.8784067898816563e+00,2.6394550823265439e-05,200,paper_eq_46_47
0.2,1.3333333333333335,1.9148594165354518e+00,2.1167453748315159e-05,200,paper_eq_46_47
0.2,1.3333333333333335,1.9520194479948041e+00,1.6902967989902229e-05,200,paper_eq_46_47
0.2,1.3333333333333335,1.9899006122569847e+00,1.3438822844121960e-05,200,paper_eq_46_47
0.2,1.3333333333333335,2.0285169037266959e+00,1.0637182329719787e-05,200,paper_eq_46_47
0.2,1.3333333333333335,2.0678825883860452e+00,8.3814967845697511e-06,200,paper_eq_46_47
0.2,1.3333333333333335,2.1080122090647810e+00,6.5736704604979599e-06,200,paper_eq_46_47
0.2,1.3333333333333335,2.1489205908128697e+00,5.1315275216120314e-06,200,paper_eq_46_47
0.2,1.3333333333333335,2.1906228463772730e+00,3.9865576315952636e-06,200,paper_eq_46_47
0.2,1.3333333333333335,2.2331343817850464e+00,3.0819215155256736e-06,200,paper_eq_46_47
0.2,1.3333333333333335,2.2764709020347911e+00,2.3706964681052632e-06,200,paper_eq_46_47
0.2,1.3333333333333335,2.3206484168985031e+00,1.8143417147524764e-06,200,paper_eq_46_47
0.2,1.3333333333333335,2.3656832468360864e+00,1.3813637738551365e-06,200,paper_eq_46_47
0.2,1.3333333333333335,2.4115920290245696e+00,1.0461624748925915e-06,200,paper_eq_46_47
0.2,1.3333333333333335,2.4583917235044002e+00,7.8803901483519098e-07,200,paper_eq_46_47
0.2,1.3333333333333335,2.5060996194449396e+00,5.9034834153399425e-07,200,paper_eq_46_47
0.2,1.3333333333333335,2.5547333415316240e+00,4.3977919654914346e-07,200,paper_eq_46_47
0.2,1.3333333333333335,2.6043108564769955e+00,3.2574629225558982e-07,200,paper_eq_46_47
0.2,1.3333333333333335,2.6548504796581716e+00,2.3988030336398217e-07,200,paper_eq_46_47
0.2,1.3333333333333335,2.7063708818830357e+00,1.7560258903452057e-07,200,paper_eq_46_47
0.2,1.3333333333333335,2.7588910962878188e+00,1.2777280027667474e-07,200,paper_eq_46_47
0.2,1.3333333333333335,2.8124305253684576e+00,9.2398744169507469e-08,200,paper_eq_46_47
0.2,1.3333333333333335,2.8670089481484573e+00,6.6399051609653867e-08,200,paper_eq_46_47
0.2,1.3333333333333335,2.9226465274858544e+00,4.7410312885040069e-08,200,paper_eq_46_47
0.2,1.3333333333333335,2.9793638175219246e+00,3.3631393357665440e-08,200,paper_eq_46_47
0.2,1.3333333333333335,3.0371817712745277e+00,2.3698611505995964e-08,200,paper_eq_46_47
0.2,1.3333333333333335,3.0961217483787133e+00,1.6586348377111634e-08,200,paper_eq_46_47
0.2,1.3333333333333335,3.1562055229776411e+00,1.1528458848242396e-08,200,paper_eq_46_47
0.2,1.3333333333333335,3.2174552917665342e+00,7.9565711611118707e-09,200,paper_eq_46_47
0.2,1.3333333333333335,3.2798936821928342e+00,5.4519941502508371e-09,200,paper_eq_46_47
0.2,1.3333333333333335,3.3435437608153871e+00,3.7085052130861013e-09,200,paper_eq_46_47
0.2,1.3333333333333335,3.4084290418259546e+00,2.5037713346276477e-09,200,paper_eq_46_47
0.2,1.3333333333333335,3.4745734957359886e+00,1.6775661808154958e-09,200,paper_eq_46_47
0.2,1.3333333333333335,3.5420015582320872e+00,1.1152947110455721e-09,200,paper_eq_46_47
0.2,1.3333333333333335,3.6107381392032036e+00,7.3562945108807907e-10,200,paper_eq_46_47
0.2,1.3333333333333335,3.6808086319431026e+00,4.8130601709074976e-10,200,paper_eq_46_47
0.2,1.3333333333333335,3.7522389225314061e+00,3.1232599280373744e-10,200,paper_eq_46_47
0.2,1.3333333333333335,3.8250553993966112e+00,2.0097879525682761e-10,200,paper_eq_46_47
0.2,1.3333333333333335,3.8992849630648054e+00,1.2822623457814860e-10,200,paper_eq_46_47
0.2,1.3333333333333335,3.9749550360974415e+00,8.1099089484431250e-11,200,paper_eq_46_47
0.2,1.3333333333333335,4.0520935732220931e+00,5.0838649354656736e-11,200,paper_eq_46_47
0.2,1.3333333333333335,4.1307290716596805e+00,3.1581738840154175e-11,200,paper_eq_46_47
0.2,1.3333333333333335,4.2108905816522393e+00,1.9438631978662299e-11,200,paper_eq_46_47
0.2,1.3333333333333335,4.2926077171948585e+00,1.1852367756615556e-11,200,paper_eq_46_47
0.2,1.3333333333333335,4.3759106669760204e+00,7.1577236108740327e-12,200,paper_eq_46_47
0.2,1.3333333333333335,4.4608302055301099e+00,4.2804970277679124e-12,200,paper_eq_46_47
0.2,1.3333333333333335,4.5473977046064986e+00,2.5344309180468505e-12,200,paper_eq_46_47
0.2,1.3333333333333335,4.6356451447591036e+00,1.4854211792542465e-12,200,paper_eq_46_47
0.2,1.3333333333333335,4.7256051271610140e+00,8.6162033947001748e-13,200,paper_eq_46_47
0.2,1.3333333333333335,4.8173108856482445e+00,4.9452934484513921e-13,200,paper_eq_46_47
0.2,1.3333333333333335,4.9107962989973117e+00,2.8079470132209513e-13,200,paper_eq_46_47
0.2,1.3333333333333335,5.0060959034410688e+00,1.5769417759918518e-13,200,paper_eq_46_47
0.2,1.3333333333333335,5.1032449054273252e+00,8.7574919963708016e-14,200,paper_eq_46_47
0.2,1.3333333333333335,5.2022791946252180e+00,4.8082474989742515e-14,200,paper_eq_46_47
0.2,1.3333333333333335,5.3032353571838122e+00,2.6093999979973824e-14,200,paper_eq_46_47
0.2,1.3333333333333335,5.4061506892481779e+00,1.3994043370968604e-14,200,paper_eq_46_47
0.2,1.3333333333333335,5.5110632107375812e+00,7.4147160017375670e-15,200,paper_eq_46_47
0.2,1.3333333333333335,5.6180116793912429e+00,3.8805445042257233e-15,200,paper_eq_46_47
0.2,1.3333333333333335,5.7270356050864812e+00,2.0055512892995225e-15,200,paper_eq_46_47
0.2,1.3333333333333335,5.8381752644349030e+00,1.0233211129737930e-15,200,paper_eq_46_47
0.2,1.3333333333333335,5.9514717156616648e+00,5.1537007535016443e-16,200,paper_eq_46_47
0.2,1.3333333333333335,6.0669668137736696e+00,2.5612119113044906e-16,200,paper_eq_46_47
0.2,1.3333333333333335,6.1847032260219397e+00,1.2556791805990844e-16,200,paper_eq_46_47
0.2,1.3333333333333335,6.3047244476641815e+00,6.0716171226960124e-17,200,paper_eq_46_47
0.2,1.3333333333333335,6.4270748180332307e+00,2.8947161283887252e-17,200,paper_eq_46_47
0.2,1.3333333333333335,6.5517995369172111e+00,1.3603938511974205e-17,200,paper_eq_46_47
0.2,1.3333333333333335,6.6789446812577502e+00,6.3002714888644760e-18,200,paper_eq_46_47
0.2,1.3333333333333335,6.8085572221720394e+00,2.8745263278709150e-18,200,paper_eq_46_47
0.2,1.3333333333333335,6.9406850423054385e+00,1.2916945901996977e-18,200,paper_eq_46_47
0.2,1.3333333333333335,7.0753769535206095e+00,5.7149386446337585e-19,200,paper_eq_46_47
0.2,1.3333333333333335,7.2126827149301516e+00,2.4888037502389976e-19,200,paper_eq_46_47
0.2,1.3333333333333335,7.3526530512789510e+00,1.0665069994192087e-19,200,paper_eq_46_47
0.2,1.3333333333333335,7.4953396716834941e+00,4.4956737277363840e-20,200,paper_eq_46_47
0.2,1.3333333333333335,7.6407952887346031e+00,1.8635681474660502e-20,200,paper_eq_46_47
0.2,1.3333333333333335,7.7890736379711223e+00,7.5940578937603924e-21,200,paper_eq_46_47
0.2,1.3333333333333335,7.9402294977312806e+00,3.0411415145178234e-21,200,paper_eq_46_47
0.2,1.3333333333333335,8.0943187093894515e+00,1.1964281761246934e-21,200,paper_eq_46_47
0.2,1.3333333333333335,8.2513981979856315e+00,4.6224714417565890e-22,200,paper_eq_46_47
0.2,1.3333333333333335,8.4115259932550934e+00,1.7532621794777418e-22,200,paper_eq_46_47
0.2,1.3333333333333335,8.5747612510663913e+00,6.5260286469805667e-23,200,paper_eq_46_47
0.2,1.3333333333333335,8.7411642752751213e+00,2.3829888623309702e-23,200,paper_eq_46_47
0.2,1.3333333333333335,8.9107965400020674e+00,8.5330509615597849e-24,200,paper_eq_46_47
0.2,1.3333333333333335,9.0837207123433821e+00,2.9952369483146993e-24,200,paper_eq_46_47
0.2,1.3333333333333335,9.2600006755217841e+00,1.0302309155352763e-24,200,paper_eq_46_47
0.2,1.3333333333333335,9.4397015524867349e+00,3.4709095120189325e-25,200,paper_eq_46_47
0.2,1.3333333333333335,9.6228897299728970e+00,1.1449401166578231e-25,200,paper_eq_46_47
0.2,1.3333333333333335,9.8096328830251736e+00,3.6963669769538297e-26,200,paper_eq_46_47
0.2,1.3333333333333335,1.0000000000000000e+01,1.1674514431194448e-26,200,paper_eq_46_47
0.3,1.7499999999999998,1.0000000000000000e-04,1.0129112389260855e+00,200,paper_eq_46_47
0.3,1.7499999999999998,1.0194061408051501e-04,1.0130360580800364e+00,200,paper_eq_46_47
0.3,1.7499999999999998,1.0391888799112494e-04,1.0131620851414027e+00,200,paper_eq_46_47
0.3,1.7499999999999998,1.0593555256379533e-04,1.0132893318197713e+00,200,paper_eq_46_47
0.3,1.7499999999999998,1.0799135281311972e-04,1.0134178099385438e+00,200,paper_eq_46_47
0.3,1.7499999999999998,1.1008704821154976e-04,1.0135475314360367e+00,200,paper_eq_46_47
0.3,1.7499999999999998,1.1222341296996644e-04,1.0136785083666071e+00,200,paper_eq_46_47
0.3,1.7499999999999998,1.1440123632369623e-04,1.0138107529017848e+00,200,paper_eq_46_47
0.3,1.7499999999999998,1.1662132282407713e-04,1.0139442773314071e+00,200,paper_eq_46_47
0.3,1.7499999999999998,1.1888449263568403e-04,1.0140790940647777e+00,200,paper_eq_46_47
0.3,1.7499999999999998,1.2119158183932093e-04,1.0142152156318256e+00,200,paper_eq_46_47
0.3,1.7499999999999998,1.2354344274089366e-04,1.0143526546842867e+00,200,paper_eq_46_47
0.3,1.7499999999999998,1.2594094418627645e-04,1.0144914239968807e+00,200,paper_eq_46_47
0.3,1.7499999999999998,1.2838497188228886e-04,1.0146315364685228e+00,200,paper_eq_46_47
0.3,1.7499999999999998,1.3087642872390180e-04,1.0147730051235202e+00,200,paper_eq_46_47
0.3,1.7499999999999998,1.3341623512779302e-04,1.0149158431127960e+00,200,paper_eq_46_47
0.3,1.7499999999999998,1.3600532937237600e-04,1.0150600637151355e+00,200,paper_eq_46_47
0.3,1.7499999999999998,1.3864466794442711e-04,1.0152056803384100e+00,200,paper_eq_46_47
0.3,1.7499999999999998,1.4133522589243995e-04,1.0153527065208516e+00,200,paper_eq_46_47
0.3,1.7499999999999998,1.4407799718683633e-04,1.0155011559323122e+00,200,paper_eq_46_47
0.3,1.7499999999999998,1.4687399508716824e-04,1.0156510423755563e+00,200,paper_eq_46_47
0.3,1.7499999999999998,1.4972425251644474e-04,1.0158023797875375e+00,200,paper_eq_46_47
0.3,1.7499999999999998,1.5262982244272473e-04,1.0159551822407193e+00,200,paper_eq_46_47
0.3,1.7499999999999998,1.5559177826811329e-04,1.0161094639443942e+00,200,paper_eq_46_47
0.3,1.7499999999999998,1.5861121422530797e-04,1.0162652392460052e+00,200,paper_eq_46_47
0.3,1.7499999999999998,1.6168924578184013e-04,1.0164225226325001e+00,200,paper_eq_46_47
0.3,1.7499999999999998,1.6482701005216105e-04,1.0165813287316827e+00,200,paper_eq_46_47
0.3,1.7499999999999998,1.6802566621772517e-04,1.0167416723135896e+00,200,paper_eq_46_47
0.3,1.7499999999999998,1.7128639595522549e-04,1.0169035682918690e+00,200,paper_eq_46_47
0.3,1.7499999999999998,1.7461040387313926e-04,1.0170670317251811e+00,200,paper_eq_46_47
0.3,1.7499999999999998,1.7799891795674554e-04,1.0172320778186015e+00,200,paper_eq_46_47
0.3,1.7499999999999998,1.8145319002177849e-04,1.0173987219250633e+00,200,paper_eq_46_47
0.3,1.7499999999999998,1.8497449617688478e-04,1.0175669795467690e+00,200,paper_eq_46_47
0.3,1.7499999999999998,1.8856413729505529e-04,1.0177368663366617e+00,200,paper_eq_46_47
0.3,1.7499999999999998,1.9222343949420459e-04,1.0179083980998906e+00,200,paper_eq_46_47
0.3,1.7499999999999998,1.9595375462707956e-04,1.0180815907952758e+00,200,paper_eq_46_47
0.3,1.7499999999999998,1.9975646078067050e-04,1.0182564605368185e+00,200,paper_eq_46_47
0.3,1.7499999999999998,2.0363296278531862e-04,1.0184330235951913e+00,200,paper_eq_46_47
0.3,1.7499999999999998,2.0758469273370040e-04,1.0186112963992870e+00,200,paper_eq_46_47
0.3,1.7499999999999998,2.1161311050988440e-04,1.0187912955377230e+00,200,paper_eq_46_47
0.3,1.7499999999999998,2.1571970432865498e-04,1.0189730377604196e+00,200,paper_eq_46_47
0.3,1.7499999999999998,2.1990599128530222e-04,1.0191565399801530e+00,200,paper_eq_46_47
0.3,1.7499999999999998,2.2417351791608088e-04,1.0193418192741412e+00,200,paper_eq_46_47
0.3,1.7499999999999998,2.2852386076954620e-04,1.0195288928856407e+00,200,paper_eq_46_47
0.3,1.7499999999999998,2.3295862698897651e-04,1.0197177782255553e+00,200,paper_eq_46_47
0.3,1.7499999999999998,2.3747945490609903e-04,1.0199084928740587e+00,200,paper_eq_46_47
0.3,1.7499999999999998,2.4208801464633732e-04,1.0201010545822533e+00,200,paper_eq_46_47
0.3,1.7499999999999998,2.4678600874580310e-04,1.0202954812738123e+00,200,paper_eq_46_47
0.3,1.7499999999999998,2.5157517278026544e-04,1.0204917910466567e+00,200,paper_eq_46_47
0.3,1.7499999999999998,2.5645727600631923e-04,1.0206900021746510e+00,200,paper_eq_46_47
0.3,1.7499999999999998,2.6143412201500309e-04,1.0208901331092977e+00,200,paper_eq_46_47
0.3,1.7499999999999998,2.6650754939809698e-04,1.0210922024814750e+00,200,paper_eq_46_47
0.3,1.7499999999999998,2.7167943242735194e-04,1.0212962291031564e+00,200,paper_eq_46_47
0.3,1.7499999999999998,2.7695168174690041e-04,1.0215022319691760e+00,200,paper_eq_46_47
0.3,1.7499999999999998,2.8232624507910388e-04,1.0217102302589998e+00,200,paper_eq_46_47
0.3,1.7499999999999998,2.8780510794409824e-04,1.0219202433385046e+00,200,paper_eq_46_47
0.3,1.7499999999999998,2.9339029439330285e-04,1.0221322907617940e+00,200,paper_eq_46_47
0.3,1.7499999999999998,2.9908386775716371e-04,1.0223463922730078e+00,200,paper_eq_46_47
0.3,1.7499999999999998,3.0488793140740812e-04,1.0225625678081636e+00,200,paper_eq_46_47
0.3,1.7499999999999998,3.1080462953409123e-04,1.0227808374970164e+00,200,paper_eq_46_47
0.3,1.7499999999999998,3.1683614793772227e-04,1.0230012216649307e+00,200,paper_eq_46_47
0.3,1.7499999999999998,3.2298471483676341e-04,1.0232237408347618e+00,200,paper_eq_46_47
0.3,1.7499999999999998,3.2925260169079689e-04,1.0234484157287747e+00,200,paper_eq_46_47
0.3,1.7499999999999998,3.3564212403967044e-04,1.0236752672705591e+00,200,paper_eq_46_47
0.3,1.7499999999999998,3.4215564235892394e-04,1.0239043165869819e+00,200,paper_eq_46_47
0.3,1.7499999999999998,3.4879556293181780e-04,1.0241355850101421e+00,200,paper_eq_46_47
0.3,1.7499999999999998,3.5556433873828422e-04,1.0243690940793495e+00,200,paper_eq_46_47
0.3,1.7499999999999998,3.6246447036112944e-04,1.0246048655431301e+00,200,paper_eq_46_47
0.3,1.7499999999999998,3.6949850690982169e-04,1.0248429213612325e+00,200,paper_eq_46_47
0.3,1.7499999999999998,3.7666904696220636e-04,1.0250832837066677e+00,200,paper_eq_46_47
0.3,1.7499999999999998,3.8397873952449664e-04,1.0253259749677597e+00,200,paper_eq_46_47
0.3,1.7499999999999998,3.9143028500989308e-04,1.0255710177502215e+00,200,paper_eq_46_47
0.3,1.7499999999999998,3.9902643623619547e-04,1.0258184348792407e+00,200,paper_eq_46_47
0.3,1.7499999999999998,4.0676999944277189e-04,1.0260682494015920e+00,200,paper_eq_46_47
0.3,1.7499999999999998,4.1466383532726961e-04,1.0263204845877691e+00,200,paper_eq_46_47
0.3,1.7499999999999998,4.2271086010243412e-04,1.0265751639341276e+00,200,paper_eq_46_47
0.3,1.7499999999999998,4.3091404657344808e-04,1.0268323111650559e+00,200,paper_eq_46_47
0.3,1.7499999999999998,4.3927642523616941e-04,1.0270919502351636e+00,200,paper_eq_46_47
0.3,1.7499999999999998,4.4780108539668544e-04,1.0273541053314881e+00,200,paper_eq_46_47
0.3,1.7499999999999998,4.5649117631259257e-04,1.0276188008757206e+00,200,paper_eq_46_47
0.3,1.7499999999999998,4.6534990835642333e-04,1.0278860615264545e+00,200,paper_eq_46_47
0.3,1.7499999999999998,4.7438055420165174e-04,1.0281559121814581e+00,200,paper_eq_46_47
0.3,1.7499999999999998,4.8358645003171414e-04,1.0284283779799435e+00,200,paper_eq_46_47
0.3,1.7499999999999998,4.9297099677249225e-04,1.0287034843049006e+00,200,paper_eq_46_47
0.3,1.7499999999999998,5.0253766134871446e-04,1.0289812567854051e+00,200,paper_eq_46_47
0.3,1.7499999999999998,5.1228997796473890e-04,1.0292617212989761e+00,200,paper_eq_46_47
0.3,1.7499999999999998,5.2223154941018928e-04,1.0295449039739484e+00,200,paper_eq_46_47
0.3,1.7499999999999998,5.3236604839093562e-04,1.0298308311918529e+00,200,paper_eq_46_47
0.3,1.7499999999999998,5.4269721888589094e-04,1.0301195295898393e+00,200,paper_eq_46_47
0.3,1.7499999999999998,5.5322887753015445e-04,1.0304110260631025e+00,200,paper_eq_46_47
0.3,1.7499999999999998,5.6396491502497975e-04,1.0307053477673380e+00,200,paper_eq_46_47
0.3,1.7499999999999998,5.7490929757511903e-04,1.0310025221212178e+00,200,paper_eq_46_47
0.3,1.7499999999999998,5.8606606835405169e-04,1.0313025768088837e+00,200,paper_eq_46_47
0.3,1.7499999999999998,5.9743934899765116e-04,1.0316055397824726e+00,200,paper_eq_46_47
0.3,1.7499999999999998,6.0903334112683667e-04,1.0319114392646487e+00,200,paper_eq_46_47
0.3,1.7499999999999998,6.2085232789977512e-04,1.0322203037511639e+00,200,paper_eq_46_47
0.3,1.7499999999999998,6.3290067559420334e-04,1.0325321620134564e+00,200,paper_eq_46_47
0.3,1.7499999999999998,6.4518283522045910e-04,1.0328470431012318e+00,200,paper_eq_46_47
0.3,1.7499999999999998,6.5770334416581319e-04,1.0331649763451141e+00,200,paper_eq_46_47
0.3,1.7499999999999998,6.7046682787071305e-04,1.0334859913592760e+00,200,paper_eq_46_47
0.3,1.7499999999999998,6.8347800153755508e-04,1.0338101180441219e+00,200,paper_eq_46_47
0.3,1.7499999999999998,6.9674167187261480e-04,1.0341373865889831e+00,200,paper_eq_46_47
0.3,1.7499999999999998,7.1026273886179111e-04,1.0344678274748207e+00,200,paper_eq_46_47
0.3,1.7499999999999998,7.2404619758079461e-04,1.0348014714769778e+00,200,paper_eq_46_47
0.3,1.7499999999999998,7.3809714004048101e-04,1.0351383496679367e+00,200,paper_eq_46_47
0.3,1.7499999999999998,7.5242075706798508e-04,1.0354784934200967e+00,200,paper_eq_46_47
0.3,1.7499999999999998,7.6702234022436400e-04,1.0358219344085899e+00,200,paper_eq_46_47
0.3,1.7499999999999998,7.8190728375945374e-04,1.0361687046141024e+00,200,paper_eq_46_47
0.3,1.7499999999999998,7.9708108660466218e-04,1.0365188363257312e+00,200,paper_eq_46_47
0.3,1.7499999999999998,8.1254935440443427e-04,1.0368723621438520e+00,200,paper_eq_46_47
0.3,1.7499999999999998,8.2831780158714049e-04,1.0372293149830263e+00,200,paper_eq_46_47
0.3,1.7499999999999998,8.4439225347615284e-04,1.0375897280749098e+00,200,paper_eq_46_47
0.3,1.7499999999999998,8.6077864844188903e-04,1.0379536349712064e+00,200,paper_eq_46_47
0.3,1.7499999999999998,8.7748304009562005e-04,1.0383210695466225e+00,200,paper_eq_46_47
0.3,1.7499999999999998,8.9451159952584581e-04,1.0386920660018697e+00,200,paper_eq_46_47
0.3,1.7499999999999998,9.1187061757808541e-04,1.0390666588666615e+00,200,paper_eq_46_47
0.3,1.7499999999999998,9.2956650717888488e-04,1.0394448830027576e+00,200,paper_eq_46_47
0.3,1.7499999999999998,9.4760580570494982e-04,1.0398267736070186e+00,200,paper_eq_46_47
0.3,1.7499999999999998,9.6599517739823779e-04,1.0402123662144847e+00,200,paper_eq_46_47
0.3,1.7499999999999998,9.8474141582792388e-04,1.0406016967014800e+00,200,paper_eq_46_47
0.3,1.7499999999999998,1.0038514464001435e-03,1.0409948012887400e+00,200,paper_eq_46_47
0.3,1.7499999999999998,1.0233323289164382e-03,1.0413917165445528e+00,200,paper_eq_46_47
0.3,1.7499999999999998,1.0431912601818526e-03,1.0417924793879443e+00,200,paper_eq_46_47
0.3,1.7499999999999998,1.0634355766636436e-03,1.0421971270918553e+00,200,paper_eq_46_47
0.3,1.7499999999999998,1.0840727572015854e-03,1.0426056972863713e+00,200,paper_eq_46_47
0.3,1.7499999999999998,1.1051104257708655e-03,1.0430182279619560e+00,200,paper_eq_46_47
0.3,1.7499999999999998,1.1265563542986153e-03,1.0434347574727121e+00,200,paper_eq_46_47
0.3,1.7499999999999998,1.1484184655350697e-03,1.0438553245396638e+00,200,paper_eq_46_47
0.3,1.7499999999999998,1.1707048359804787e-03,1.0442799682540693e+00,200,paper_eq_46_47
0.3,1.7499999999999998,1.1934236988687848e-03,1.0447087280807406e+00,200,paper_eq_46_47
0.3,1.7499999999999998,1.2165834472092367e-03,1.0451416438613983e+00,200,paper_eq_46_47
0.3,1.7499999999999998,1.2401926368869941e-03,1.0455787558180412e+00,200,paper_eq_46_47
0.3,1.7499999999999998,1.2642599898239333e-03,1.0460201045563384e+00,200,paper_eq_46_47
0.3,1.7499999999999998,1.2887943972007742e-03,1.0464657310690455e+00,200,paper_eq_46_47
0.3,1.7499999999999998,1.3138049227417409e-03,1.0469156767394396e+00,200,paper_eq_46_47
0.3,1.7499999999999998,1.3393008060629665e-03,1.0473699833447720e+00,200,paper_eq_46_47
0.3,1.7499999999999998,1.3652914660858754e-03,1.0478286930597522e+00,200,paper_eq_46_47
0.3,1.7499999999999998,1.3917865045168091e-03,1.0482918484600410e+00,200,paper_eq_46_47
0.3,1.7499999999999998,1.4187957093941684e-03,1.0487594925257679e+00,200,paper_eq_46_47
0.3,1.7499999999999998,1.4463290587044160e-03,1.0492316686450709e+00,200,paper_eq_46_47
0.3,1.7499999999999998,1.4743967240682125e-03,1.0497084206176519e+00,200,paper_eq_46_47
0.3,1.7499999999999998,1.5030090744981336e-03,1.0501897926583525e+00,200,paper_eq_46_47
0.3,1.7499999999999998,1.5321766802292613e-03,1.0506758294007545e+00,200,paper_eq_46_47
0.3,1.7499999999999998,1.5619103166241593e-03,1.0511665759007853e+00,200,paper_eq_46_47
0.3,1.7499999999999998,1.5922209681535841e-03,1.0516620776403562e+00,200,paper_eq_46_47
0.3,1.7499999999999998,1.6231198324544850e-03,1.0521623805310110e+00,200,paper_eq_46_47
0.3,1.7499999999999998,1.6546183244667283e-03,1.0526675309175888e+00,200,paper_eq_46_47
0.3,1.7499999999999998,1.6867280806501111e-03,1.0531775755819164e+00,200,paper_eq_46_47
0.3,1.7499999999999998,1.7194609632832077e-03,1.0536925617464981e+00,200,paper_eq_46_47
0.3,1.7499999999999998,1.7528290648456406e-03,1.0542125370782367e+00,200,paper_eq_46_47
0.3,1.7499999999999998,1.7868447124853963e-03,1.0547375496921654e+00,200,paper_eq_46_47
0.3,1.7499999999999998,1.8215204725728241e-03,1.0552676481551932e+00,200,paper_eq_46_47
0.3,1.7499999999999998,1.8568691553430376e-03,1.0558028814898610e+00,200,paper_eq_46_47
0.3,1.7499999999999998,1.8929038196283628e-03,1.0563432991781172e+00,200,paper_eq_46_47
0.3,1.7499999999999998,1.9296377776826792e-03,1.0568889511651063e+00,200,paper_eq_46_47
0.3,1.7499999999999998,1.9670846000993240e-03,1.0574398878629618e+00,200,paper_eq_46_47
0.3,1.7499999999999998,2.0052581208244960e-03,1.0579961601546191e+00,200,paper_eq_46_47
0.3,1.7499999999999998,2.0441724422678867e-03,1.0585578193976306e+00,200,paper_eq_46_47
0.3,1.7499999999999998,2.0838419405125449e-03,1.0591249174280035e+00,200,paper_eq_46_47
0.3,1.7499999999999998,2.1242812706258082e-03,1.0596975065640277e+00,200,paper_eq_46_47
0.3,1.7499999999999998,2.1655053720733160e-03,1.0602756396101305e+00,200,paper_eq_46_47
0.3,1.7499999999999998,2.2075294742380795e-03,1.0608593698607247e+00,200,paper_eq_46_47
0.3,1.7499999999999998,2.2503691020466627e-03,1.0614487511040709e+00,200,paper_eq_46_47
0.3,1.7499999999999998,2.2940400817045392e-03,1.0620438376261399e+00,200,paper_eq_46_47
0.3,1.7499999999999998,2.3385585465427556e-03,1.0626446842144799e+00,200,paper_eq_46_47
0.3,1.7499999999999998,2.3839409429780539e-03,1.0632513461620918e+00,200,paper_eq_46_47
0.3,1.7499999999999998,2.4302040365886454e-03,1.0638638792712984e+00,200,paper_eq_46_47
0.3,1.7499999999999998,2.4773649183079316e-03,1.0644823398576180e+00,200,paper_eq_46_47
0.3,1.7499999999999998,2.5254410107383514e-03,1.0651067847536384e+00,200,paper_eq_46_47
0.3,1.7499999999999998,2.5744500745878431e-03,1.0657372713128850e+00,200,paper_eq_46_47
0.3,1.7499999999999998,2.6244102152311239e-03,1.0663738574136887e+00,200,paper_eq_46_47
0.3,1.7499999999999998,2.6753398893983732e-03,1.0670166014630480e+00,200,paper_eq_46_47
0.3,1.7499999999999998,2.7272579119936727e-03,1.0676655624004834e+00,200,paper_eq_46_47
0.3,1.7499999999999998,2.7801834630457817e-03,1.0683207997018849e+00,200,paper_eq_46_47
0.3,1.7499999999999998,2.8341360947937979e-03,1.0689823733833479e+00,200,paper_eq_46_47
0.3,1.7499999999999998,2.8891357389103241e-03,1.0696503440050042e+00,200,paper_eq_46_47
0.3,1.7499999999999998,2.9452027138648093e-03,1.0703247726748288e+00,200,paper_eq_46_47
0.3,1.7499999999999998,3.0023577324297798e-03,1.0710057210524417e+00,200,paper_eq_46_47
0.3,1.7499999999999998,3.0606219093327466e-03,1.0716932513528867e+00,200,paper_eq_46_47
0.3,1.7499999999999998,3.1200167690565816e-03,1.0723874263503947e+00,200,paper_eq_46_47
0.3,1.7499999999999998,3.1805642537913264e-03,1.0730883093821266e+00,200,paper_eq_46_47
0.3,1.7499999999999998,3.2422867315402247e-03,1.0737959643518853e+00,200,paper_eq_46_47
0.3,1.7499999999999998,3.3052070043831676e-03,1.0745104557338150e+00,200,paper_eq_46_47
0.3,1.7499999999999998,3.3693483169003921e-03,1.0752318485760586e+00,200,paper_eq_46_47
0.3,1.7499999999999998,3.4347343647597598e-03,1.0759602085044011e+00,200,paper_eq_46_47
0.3,1.7499999999999998,3.5013893034705752e-03,1.0766956017258604e+00,200,paper_eq_46_47
0.3,1.7499999999999998,3.5693377573073714e-03,1.0774380950322626e+00,200,paper_eq_46_47
0.3,1.7499999999999998,3.6386048284068172e-03,1.0781877558037662e+00,200,paper_eq_46_47
0.3,1.7499999999999998,3.7092161060411784e-03,1.0789446520123454e+00,200,paper_eq_46_47
0.3,1.7499999999999998,3.7811976760717442e-03,1.0797088522252420e+00,200,paper_eq_46_47
0.3,1.7499999999999998,3.8545761305856987e-03,1.0804804256083533e+00,200,paper_eq_46_47
0.3,1.7499999999999998,3.9293785777200193e-03,1.0812594419295813e+00,200,paper_eq_46_47
0.3,1.7499999999999998,4.0056326516759904e-03,1.0820459715621233e+00,200,paper_eq_46_47
0.3,1.7499999999999998,4.0833665229281250e-03,1.0828400854877127e+00,200,paper_eq_46_47
0.3,1.7499999999999998,4.1626089086311000e-03,1.0836418552997849e+00,200,paper_eq_46_47
0.3,1.7499999999999998,4.2433890832287713e-03,1.0844513532065940e+00,200,paper_eq_46_47
0.3,1.7499999999999998,4.3257368892689416e-03,1.0852686520342518e+00,200,paper_eq_46_47
0.3,1.7499999999999998,4.4096827484281309e-03,1.0860938252297012e+00,200,paper_eq_46_47
0.3,1.7499999999999998,4.4952576727501680e-03,1.0869269468636089e+00,200,paper_eq_46_47
0.3,1.7499999999999998,4.5824932761029894e-03,1.0877680916331747e+00,200,paper_eq_46_47
0.3,1.7499999999999998,4.6714217858576969e-03,1.0886173348648667e+00,200,paper_eq_46_47
0.3,1.7499999999999998,4.7620760547942972e-03,1.0894747525170538e+00,200,paper_eq_46_47
0.3,1.7499999999999998,4.8544895732384689e-03,1.0903404211825527e+00,200,paper_eq_46_47
0.3,1.7499999999999998,4.9486964814338674e-03,1.0912144180910730e+00,200,paper_eq_46_47
0.3,1.7499999999999998,5.0447315821545288e-03,1.0920968211115543e+00,200,paper_eq_46_47
0.3,1.7499999999999998,5.1426303535620022e-03,1.0929877087543980e+00,200,paper_eq_46_47
0.3,1.7499999999999998,5.2424289623120698e-03,1.0938871601735802e+00,200,paper_eq_46_47
0.3,1.7499999999999998,5.3441642769156894e-03,1.0947952551686475e+00,200,paper_eq_46_47
0.3,1.7499999999999998,5.4478738813593741e-03,1.0957120741865773e+00,200,paper_eq_46_47
0.3,1.7499999999999998,5.5535960889897280e-03,1.0966376983235124e+00,200,paper_eq_46_47
0.3,1.7499999999999998,5.6613699566675987e-03,1.0975722093263536e+00,200,paper_eq_46_47
0.3,1.7499999999999998,5.7712352991967364e-03,1.0985156895942023e+00,200,paper_eq_46_47
0.3,1.7499999999999998,5.8832327040326008e-03,1.0994682221796552e+00,200,paper_eq_46_47
0.3,1.7499999999999998,5.9974035462765215e-03,1.1004298907899293e+00,200,paper_eq_46_47
0.3,1.7499999999999998,6.1137900039608698e-03,1.1014007797878280e+00,200,paper_eq_46_47
0.3,1.7499999999999998,6.2324350736308529e-03,1.1023809741925297e+00,200,paper_eq_46_47
0.3,1.7499999999999998,6.3533825862286892e-03,1.1033705596801835e+00,200,paper_eq_46_47
0.3,1.7499999999999998,6.4766772232860382e-03,1.1043696225843245e+00,200,paper_eq_46_47
0.3,1.7499999999999998,6.6023645334306290e-03,1.1053782498960809e+00,200,paper_eq_46_47
0.3,1.7499999999999998,6.7304909492133195e-03,1.1063965292641744e+00,200,paper_eq_46_47
0.3,1.7499999999999998,6.8611038042615344e-03,1.1074245489947012e+00,200,paper_eq_46_47
0.3,1.7499999999999998,6.9942513507657914e-03,1.1084623980506831e+00,200,paper_eq_46_47
0.3,1.7499999999999998,7.1299827773053564e-03,1.1095101660513811e+00,200,paper_eq_46_47
0.3,1.7499999999999998,7.2683482270200460e-03,1.1105679432713613e+00,200,paper_eq_46_47
0.3,1.7499999999999998,7.4093988161344606e-03,1.1116358206393018e+00,200,paper_eq_46_47
0.3,1.7499999999999998,7.5531866528418777e-03,1.1127138897365243e+00,200,paper_eq_46_47
0.3,1.7499999999999998,7.6997648565545074e-03,1.1138022427952501e+00,200,paper_eq_46_47
0.3,1.7499999999999998,7.8491875775273494e-03,1.1149009726965566e+00,200,paper_eq_46_47
0.3,1.7499999999999998,8.0015100168628808e-03,1.1160101729680283e+00,200,paper_eq_46_47
0.3,1.7499999999999998,8.1567884469039408e-03,1.1171299377810839e+00,200,paper_eq_46_47
0.3,1.7499999999999998,8.3150802320223881e-03,1.1182603619479721e+00,200,paper_eq_46_47
0.3,1.7499999999999998,8.4764438498111262e-03,1.1194015409184070e+00,200,paper_eq_46_47
0.3,1.7499999999999998,8.6409389126875184e-03,1.1205535707758327e+00,200,paper_eq_46_47
0.3,1.7499999999999998,8.8086261899158226e-03,1.1217165482332956e+00,200,paper_eq_46_47
0.3,1.7499999999999998,8.9795676300572710e-03,1.1228905706288923e+00,200,paper_eq_46_47
0.3,1.7499999999999998,9.1538263838555206e-03,1.1240757359207614e+00,200,paper_eq_46_47
0.3,1.7499999999999998,9.3314668275665275e-03,1.1252721426815810e+00,200,paper_eq_46_47
0.3,1.7499999999999998,9.5125545867408706e-03,1.1264798900925150e+00,200,paper_eq_46_47
0.3,1.7499999999999998,9.6971565604678407e-03,1.1276990779365350e+00,200,paper_eq_46_47
0.3,1.7499999999999998,9.8853409460898638e-03,1.1289298065910303e+00,200,paper_eq_46_47
0.3,1.7499999999999998,1.0077177264396600e-02,1.1301721770195712e+00,200,paper_eq_46_47
0.3,1.7499999999999998,1.0272736385307936e-02,1.1314262907626635e+00,200,paper_eq_46_47
0.3,1.7499999999999998,1.0472090554055411e-02,1.1326922499272605e+00,200,paper_eq_46_47
0.3,1.7499999999999998,1.0675313417871693e-02,1.1339701571747334e+00,200,paper_eq_46_47
0.3,1.7499999999999998,1.0882480053198017e-02,1.1352601157068964e+00,200,paper_eq_46_47
0.3,1.7499999999999998,1.1093666993419616e-02,1.1365622292495472e+00,200,paper_eq_46_47
0.3,1.7499999999999998,1.1308952257139362e-02,1.1378766020328193e+00,200,paper_eq_46_47
0.3,1.7499999999999998,1.1528415377000140e-02,1.1392033387674378e+00,200,paper_eq_46_47
0.3,1.7499999999999998,1.1752137429066462e-02,1.1405425446156907e+00,200,paper_eq_46_47
0.3,1.7499999999999998,1.1980201062776400e-02,1.1418943251555820e+00,200,paper_eq_46_47
0.3,1.7499999999999998,1.2212690531474647e-02,1.1432587863362595e+00,200,paper_eq_46_47
0.3,1.7499999999999998,1.2449691723538167e-02,1.1446360344222493e+00,200,paper_eq_46_47
0.3,1.7499999999999998,1.2691292194105861e-02,1.1460261759234676e+00,200,paper_eq_46_47
0.3,1.7499999999999998,1.2937581197423980e-02,1.1474293175072225e+00,200,paper_eq_46_47
0.3,1.7499999999999998,1.3188649719819253e-02,1.1488455658875663e+00,200,paper_eq_46_47
0.3,1.7499999999999998,1.3444590513311868e-02,1.1502750276863472e+00,200,paper_eq_46_47
0.3,1.7499999999999998,1.3705498129880783e-02,1.1517178092591318e+00,200,paper_eq_46_47
0.3,1.7499999999999998,1.3971468956393970e-02,1.1531740164778534e+00,200,paper_eq_46_47
0.3,1.7499999999999998,1.4242601250216534e-02,1.1546437544604984e+00,200,paper_eq_46_47
0.3,1.7499999999999998,1.4518995175509843e-02,1.1561271272364670e+00,200,paper_eq_46_47
0.3,1.7499999999999998,1.4800752840235097e-02,1.1576242373343753e+00,200,paper_eq_46_47
0.3,1.7499999999999998,1.5087978333874924e-02,1.1591351852770164e+00,200,paper_eq_46_47
0.3,1.7499999999999998,1.5380777765887154e-02,1.1606600689660158e+00,200,paper_eq_46_47
0.3,1.7499999999999998,1.5679259304904682e-02,1.1621989829363817e+00,200,paper_eq_46_47
0.3,1.7499999999999998,1.5983533218696121e-02,1.1637520174587599e+00,200,paper_eq_46_47
0.3,1.7499999999999998,1.6293711914901931e-02,1.1653192574646971e+00,200,paper_eq_46_47
0.3,1.7499999999999998,1.6609909982561070e-02,1.1669007812677588e+00,200,paper_eq_46_47
0.3,1.7499999999999998,1.6932244234443516e-02,1.1684966590509336e+00,200,paper_eq_46_47
0.3,1.7499999999999998,1.7260833750204319e-02,1.1701069510884505e+00,200,paper_eq_46_47
0.3,1.7499999999999998,1.7595799920375070e-02,1.1717317056680732e+00,200,paper_eq_46_47
0.3,1.7499999999999998,1.7937266491209115e-02,1.1733709566781452e+00,200,paper_eq_46_47
0.3,1.7499999999999998,1.8285359610397022e-02,1.1750247208222639e+00,200,paper_eq_46_47
0.3,1.7499999999999998,1.8640207873669188e-02,1.1766929944235687e+00,200,paper_eq_46_47
0.3,1.7499999999999998,1.9001942372302901e-02,1.1783757497802942e+00,200,paper_eq_46_47
0.3,1.7499999999999998,1.9370696741551157e-02,1.1800729310346239e+00,200,paper_eq_46_47
0.3,1.7499999999999998,1.9746607210011560e-02,1.1817844495180054e+00,200,paper_eq_46_47
0.3,1.7499999999999998,2.0129812649953036e-02,1.1835101785381159e+00,200,paper_eq_46_47
0.3,1.7499999999999998,2.0520454628619317e-02,1.1852499475756011e+00,200,paper_eq_46_47
0.3,1.7499999999999998,2.0918677460527994e-02,1.1870035358626605e+00,200,paper_eq_46_47
0.3,1.7499999999999998,2.1324628260784521e-02,1.1887706653205714e+00,200,paper_eq_46_47
0.3,1.7499999999999998,2.1738456999430788e-02,1.1905509928392723e+00,200,paper_eq_46_47
0.3,1.7499999999999998,2.2160316556848442e-02,1.1923441018892782e+00,200,paper_eq_46_47
0.3,1.7499999999999998,2.2590362780237339e-02,1.1941494934643901e+00,200,paper_eq_46_47
0.3,1.7499999999999998,2.3028754541190050e-02,1.1959665763628122e+00,200,paper_eq_46_47
0.3,1.7499999999999998,2.3475653794383620e-02,1.1977946568243927e+00,200,paper_eq_46_47
0.3,1.7499999999999998,2.3931225637410385e-02,1.1996329275526005e+00,200,paper_eq_46_47
0.3,1.7499999999999998,2.4395638371769789e-02,1.2014804561614407e+00,200,paper_eq_46_47
0.3,1.7499999999999998,2.4869063565043901e-02,1.2033361730995786e+00,200,paper_eq_46_47
0.3,1.7499999999999998,2.5351676114279367e-02,1.2051988591164182e+00,200,paper_eq_46_47
0.3,1.7499999999999998,2.5843654310599633e-02,1.2070671323474280e+00,200,paper_eq_46_47
0.3,1.7499999999999998,2.6345179905070754e-02,1.2089394351085090e+00,200,paper_eq_46_47
0.3,1.7499999999999998,2.6856438175845567e-02,1.2108140205013938e+00,200,paper_eq_46_47
0.3,1.7499999999999998,2.7377617996610832e-02,1.2126889389436786e+00,200,paper_eq_46_47
0.3,1.7499999999999998,2.7908911906362674e-02,1.2145620247479796e+00,200,paper_eq_46_47
0.3,1.7499999999999998,2.8450516180536078e-02,1.2164308828844888e+00,200,paper_eq_46_47
0.3,1.7499999999999998,2.9002630903514761e-02,1.2182928760698202e+00,200,paper_eq_46_47
0.3,1.7499999999999998,2.9565460042548165e-02,1.2201451123321256e+00,200,paper_eq_46_47
0.3,1.7499999999999998,3.0139211523102893e-02,1.2219844332079397e+00,200,paper_eq_46_47
0.3,1.7499999999999998,3.0724097305676427e-02,1.2238074027298189e+00,200,paper_eq_46_47
0.3,1.7499999999999998,3.1320333464101520e-02,1.2256102973655147e+00,200,paper_eq_46_47
0.3,1.7499999999999998,3.1928140265370157e-02,1.2273890970689940e+00,200,paper_eq_46_47
0.3,1.7499999999999998,3.2547742251006512e-02,1.2291394776010396e+00,200,paper_eq_46_47
0.3,1.7499999999999998,3.3179368320019276e-02,1.2308568042723937e+00,200,paper_eq_46_47
0.3,1.7499999999999998,3.3823251813463504e-02,1.2325361272554407e+00,200,paper_eq_46_47
0.3,1.7499999999999998,3.4479630600643622e-02,1.2341721786012969e+00,200,paper_eq_46_47
0.3,1.7499999999999998,3.5148747166989278e-02,1.2357593710879720e+00,200,paper_eq_46_47
0.3,1.7499999999999998,3.5830848703636488e-02,1.2372917990121033e+00,200,paper_eq_46_47
0.3,1.7499999999999998,3.6526187198747291e-02,1.2387632410217599e+00,200,paper_eq_46_47
0.3,1.7499999999999998,3.7235019530601446e-02,1.2401671650711901e+00,200,paper_eq_46_47
0.3,1.7499999999999998,3.7957607562494812e-02,1.2414967355603428e+00,200,paper_eq_46_47
0.3,1.7499999999999998,3.8694218239479217e-02,1.2427448227027031e+00,200,paper_eq_46_47
0.3,1.7499999999999998,3.9445123686979756e-02,1.2439040141448161e+00,200,paper_eq_46_47
0.3,1.7499999999999998,4.0210601311325846e-02,1.2449666288399763e+00,200,paper_eq_46_47
0.3,1.7499999999999998,4.0990933902233226e-02,1.2459247331572911e+00,200,paper_eq_46_47
0.3,1.7499999999999998,4.1786409737274564e-02,1.2467701591859355e+00,200,paper_eq_46_47
0.3,1.7499999999999998,4.2597322688377806e-02,1.2474945251731955e+00,200,paper_eq_46_47
0.3,1.7499999999999998,4.3423972330390880e-02,1.2480892580141207e+00,200,paper_eq_46_47
0.3,1.7499999999999998,4.4266664051753390e-02,1.2485456176905445e+00,200,paper_eq_46_47
0.3,1.7499999999999998,4.5125709167315987e-02,1.2488547235381411e+00,200,paper_eq_46_47
0.3,1.7499999999999998,4.6001425033349176e-02,1.2490075822022977e+00,200,paper_eq_46_47
0.3,1.7499999999999998,4.6894135164783905e-02,1.2489951171271167e+00,200,paper_eq_46_47
0.3,1.7499999999999998,4.7804169354727435e-02,1.2488081994070037e+00,200,paper_eq_46_47
0.3,1.7499999999999998,4.8731863796298520e-02,1.2484376798172199e+00,200,paper_eq_46_47
0.3,1.7499999999999998,4.9677561206826884e-02,1.2478744218285986e+00,200,paper_eq_46_47
0.3,1.7499999999999998,5.0641610954463026e-02,1.2471093354024723e+00,200,paper_eq_46_47
0.3,1.7499999999999998,5.1624369187244966e-02,1.2461334113547968e+00,200,paper_eq_46_47
0.3,1.7499999999999998,5.2626198964669690e-02,1.2449377560735184e+00,200,paper_eq_46_47
0.3,1.7499999999999998,5.3647470391817970e-02,1.2435136263704492e+00,200,paper_eq_46_47
0.3,1.7499999999999998,5.4688560756081708e-02,1.2418524642482929e+00,200,paper_eq_46_47
0.3,1.7499999999999998,5.5749854666545230e-02,1.2399459313648875e+00,200,paper_eq_46_47
0.3,1.7499999999999998,5.6831744196070864e-02,1.2377859429802305e+00,200,paper_eq_46_47
0.3,1.7499999999999998,5.7934629026142083e-02,1.2353647011772764e+00,200,paper_eq_46_47
0.3,1.7499999999999998,5.9058916594517528e-02,1.2326747271547192e+00,200,paper_eq_46_47
0.3,1.7499999999999998,6.0205022245750348e-02,1.2297088923989481e+00,200,paper_eq_46_47
0.3,1.7499999999999998,6.1373369384628576e-02,1.2264604485528285e+00,200,paper_eq_46_47
0.3,1.7499999999999998,6.2564389632593156e-02,1.2229230558108712e+00,200,paper_eq_46_47
0.3,1.7499999999999998,6.3778522987191541e-02,1.2190908096834432e+00,200,paper_eq_46_47
0.3,1.7499999999999998,6.5016217984625480e-02,1.2149582659868534e+00,200,paper_eq_46_47
0.3,1.7499999999999998,6.6277931865453443e-02,1.2105204639311509e+00,200,paper_eq_46_47
0.3,1.7499999999999998,6.7564130743508574e-02,1.2057729471932046e+00,200,paper_eq_46_47
0.3,1.7499999999999998,6.8875289778094748e-02,1.2007117828788416e+00,200,paper_eq_46_47
0.3,1.7499999999999998,7.0211893349523963e-02,1.1953335782943713e+00,200,paper_eq_46_47
0.3,1.7499999999999998,7.1574435238061007e-02,1.1896354954645174e+00,200,paper_eq_46_47
0.3,1.7499999999999998,7.2963418806339914e-02,1.1836152633504757e+00,200,paper_eq_46_47
0.3,1.7499999999999998,7.4379357185320877e-02,1.1772711877383368e+00,200,paper_eq_46_47
0.3,1.7499999999999998,7.5822773463855769e-02,1.1706021587843185e+00,200,paper_eq_46_47
0.3,1.7499999999999998,7.7294200881932340e-02,1.1636076562190178e+00,200,paper_eq_46_47
0.3,1.7499999999999998,7.8794183027668677e-02,1.1562877522280783e+00,200,paper_eq_46_47
0.3,1.7499999999999998,8.0323274038130388e-02,1.1486431120411769e+00,200,paper_eq_46_47
0.3,1.7499999999999998,8.1882038804045001e-02,1.1406749922749762e+00,200,paper_eq_46_47
0.3,1.7499999999999998,8.3471053178489060e-02,1.1323852370885341e+00,200,paper_eq_46_47
0.3,1.7499999999999998,8.5090904189624977e-02,1.1237762722216380e+00,200,paper_eq_46_47
0.3,1.7499999999999998,8.6742190257566382e-02,1.1148510969974543e+00,200,paper_eq_46_47
0.3,1.7499999999999998,8.8425521415451916e-02,1.1056132743808318e+00,200,paper_eq_46_47
0.3,1.7499999999999998,9.0141519534808992e-02,1.0960669191924604e+00,200,paper_eq_46_47
0.3,1.7499999999999998,9.1890818555291673e-02,1.0862166845868697e+00,200,paper_eq_46_47
0.3,1.7499999999999998,9.3674064718876168e-02,1.0760677469089657e+00,200,paper_eq_46_47
0.3,1.7499999999999998,9.5491916808601418e-02,1.0656257890494223e+00,200,paper_eq_46_47
0.3,1.7499999999999998,9.7345046391942816e-02,1.0548969824237862e+00,200,paper_eq_46_47
0.3,1.7499999999999998,9.9234138068908725e-02,1.0438879677036634e+00,200,paper_eq_46_47
0.3,1.7499999999999998,1.0115988972495166e-01,1.0326058344308191e+00,200,paper_eq_46_47
0.3,1.7499999999999998,1.0312301278878754e-01,1.0210580996465073e+00,200,paper_eq_46_47
0.3,1.7499999999999998,1.0512423249521803e-01,1.0092526856688817e+00,200,paper_eq_46_47
0.3,1.7499999999999998,1.0716428815305357e-01,9.9719789715094498e-01,200,paper_eq_46_47
0.3,1.7499999999999998,1.0924393341823539e-01,9.8490239755026998e-01,200,paper_eq_46_47
0.3,1.7499999999999998,1.1136393657225811e-01,9.7237518513965404e-01,200,paper_eq_46_47
0.3,1.7499999999999998,1.1352508080599515e-01,9.5962556868505500e-01,200,paper_eq_46_47
0.3,1.7499999999999998,1.1572816450903245e-01,9.4666314291361653e-01,200,paper_eq_46_47
0.3,1.7499999999999998,1.1797400156461631e-01,9.3349776389042038e-01,200,paper_eq_46_47
0.3,1.7499999999999998,1.2026342165032625e-01,9.2013952441775704e-01,200,paper_eq_46_47
0.3,1.7499999999999998,1.2259727054458161e-01,9.0659872956540943e-01,200,paper_eq_46_47
0.3,1.7499999999999998,1.2497641043909684e-01,8.9288587243452622e-01,200,paper_eq_46_47
0.3,1.7499999999999998,1.2740172025740018e-01,8.7901161025137242e-01,200,paper_eq_46_47
0.3,1.7499999999999998,1.2987409597953362e-01,8.6498674088051075e-01,200,paper_eq_46_47
0.3,1.7499999999999998,1.3239445097305402e-01,8.5082217983987729e-01,200,paper_eq_46_47
0.3,1.7499999999999998,1.3496371633045764e-01,8.3652893789282456e-01,200,paper_eq_46_47
0.3,1.7499999999999998,1.3758284121315284e-01,8.2211809928454305e-01,200,paper_eq_46_47
0.3,1.7499999999999998,1.4025279320210790e-01,8.0760080068239437e-01,200,paper_eq_46_47
0.3,1.7499999999999998,1.4297455865530359e-01,7.9298821087165061e-01,200,paper_eq_46_47
0.3,1.7499999999999998,1.4574914307212258e-01,7.7829151124996609e-01,200,paper_eq_46_47
0.3,1.7499999999999998,1.4857757146481032e-01,7.6352187715568687e-01,200,paper_eq_46_47
0.3,1.7499999999999998,1.5146088873714367e-01,7.4869046005685158e-01,200,paper_eq_46_47
0.3,1.7499999999999998,1.5440016007044985e-01,7.3380837061951687e-01,200,paper_eq_46_47
0.3,1.7499999999999998,1.5739647131711471e-01,7.1888666266595902e-01,200,paper_eq_46_47
0.3,1.7499999999999998,1.6045092940172839e-01,7.0393631802530121e-01,200,paper_eq_46_47
0.3,1.7499999999999998,1.6356466273001555e-01,6.8896823227139159e-01,200,paper_eq_46_47
0.3,1.7499999999999998,1.6673882160570111e-01,6.7399320133526763e-01,200,paper_eq_46_47
0.3,1.7499999999999998,1.6997457865546614e-01,6.5902190897240986e-01,200,paper_eq_46_47
0.3,1.7499999999999998,1.7327312926215016e-01,6.4406491505824615e-01,200,paper_eq_46_47
0.3,1.7499999999999998,1.7663569200636042e-01,6.2913264467909435e-01,200,paper_eq_46_47
0.3,1.7499999999999998,1.8006350911665098e-01,6.1423537797999372e-01,200,paper_eq_46_47
0.3,1.7499999999999998,1.8355784692843813e-01,5.9938324072571514e-01,200,paper_eq_46_47
0.3,1.7499999999999998,1.8711999635182158e-01,5.8458619552674052e-01,200,paper_eq_46_47
0.3,1.7499999999999998,1.9075127334848438e-01,5.6985403367819076e-01,200,paper_eq_46_47
0.3,1.7499999999999998,1.9445301941784673e-01,5.5519636755664015e-01,200,paper_eq_46_47
0.3,1.7499999999999998,1.9822660209265605e-01,5.4062262351746304e-01,200,paper_eq_46_47
0.3,1.7499999999999998,2.0207341544419258e-01,5.2614203523394687e-01,200,paper_eq_46_47
0.3,1.7499999999999998,2.0599488059728019e-01,5.1176363741877895e-01,200,paper_eq_46_47
0.3,1.7499999999999998,2.0999244625529107e-01,4.9749625986878110e-01,200,paper_eq_46_47
0.3,1.7499999999999998,2.1406758923533917e-01,4.8334852177487841e-01,200,paper_eq_46_47
0.3,1.7499999999999998,2.1822181501385918e-01,4.6932882624124866e-01,200,paper_eq_46_47
0.3,1.7499999999999998,2.2245665828277353e-01,4.5544535496037053e-01,200,paper_eq_46_47
0.3,1.7499999999999998,2.2677368351645219e-01,4.4170606299427329e-01,200,paper_eq_46_47
0.3,1.7499999999999998,2.3117448554967501e-01,4.2811867361658157e-01,200,paper_eq_46_47
0.3,1.7499999999999998,2.3566069016681013e-01,4.1469067317494085e-01,200,paper_eq_46_47
0.3,1.7499999999999998,2.4023395470242609e-01,4.0142930593900528e-01,200,paper_eq_46_47
0.3,1.7499999999999998,2.4489596865355964e-01,3.8834156890528676e-01,200,paper_eq_46_47
0.3,1.7499999999999998,2.4964845430386426e-01,3.7543420653672960e-01,200,paper_eq_46_47
0.3,1.7499999999999998,2.5449316735987310e-01,3.6271370542176579e-01,200,paper_eq_46_47
0.3,1.7499999999999998,2.5943189759960744e-01,3.5018628884476993e-01,200,paper_eq_46_47
0.3,1.7499999999999998,2.6446646953377267e-01,3.3785791126709525e-01,200,paper_eq_46_47
0.3,1.7499999999999998,2.6959874307978599e-01,3.2573425272518308e-01,200,paper_eq_46_47
0.3,1.7499999999999998,2.7483061424888383e-01,3.1382071315947740e-01,200,paper_eq_46_47
0.3,1.7499999999999998,2.8016401584656353e-01,3.0212240669491108e-01,200,paper_eq_46_47
0.3,1.7499999999999998,2.8560091818661826e-01,2.9064415590050152e-01,200,paper_eq_46_47
0.3,1.7499999999999998,2.9114332981902791e-01,2.7939048606197453e-01,200,paper_eq_46_47
0.3,1.7499999999999998,2.9679329827197620e-01,2.6836561950725013e-01,200,paper_eq_46_47
0.3,1.7499999999999998,3.0255291080826707e-01,2.5757347002999448e-01,200,paper_eq_46_47
0.3,1.7499999999999998,3.0842429519642028e-01,2.4701763746119187e-01,200,paper_eq_46_47
0.3,1.7499999999999998,3.1440962049673121e-01,2.3670140244275931e-01,200,paper_eq_46_47
0.3,1.7499999999999998,3.2051109786258491e-01,2.2662772146057628e-01,200,paper_eq_46_47
0.3,1.7499999999999998,3.2673098135731943e-01,2.1679922219687539e-01,200,paper_eq_46_47
0.3,1.7499999999999998,3.3307156878694444e-01,2.0721819926372223e-01,200,paper_eq_46_47
0.3,1.7499999999999998,3.3953520254901615e-01,1.9788661038030605e-01,200,paper_eq_46_47
0.3,1.7499999999999998,3.4612427049798750e-01,1.8880607305690852e-01,200,paper_eq_46_47
0.3,1.7499999999999998,3.5284120682735126e-01,1.7997786184779005e-01,200,paper_eq_46_47
0.3,1.7499999999999998,3.5968849296890193e-01,1.7140290623379736e-01,200,paper_eq_46_47
0.3,1.7499999999999998,3.6666865850944869e-01,1.6308178919329419e-01,200,paper_eq_46_47
0.3,1.7499999999999998,3.7378428212531850e-01,1.5501474651708352e-01,200,paper_eq_46_47
0.3,1.7499999999999998,3.8103799253499437e-01,1.4720166691935652e-01,200,paper_eq_46_47
0.3,1.7499999999999998,3.8843246947024018e-01,1.3964209299241925e-01,200,paper_eq_46_47
0.3,1.7499999999999998,3.9597044466607184e-01,1.3233522304806156e-01,200,paper_eq_46_47
0.3,1.7499999999999998,4.0365470286993949e-01,1.2527991388299664e-01,200,paper_eq_46_47
0.3,1.7499999999999998,4.1148808287049499e-01,1.1847468449987124e-01,200,paper_eq_46_47
0.3,1.7499999999999998,4.1947347854632105e-01,1.1191772080899168e-01,200,paper_eq_46_47
0.3,1.7499999999999998,4.2761383993501706e-01,1.0560688132916798e-01,200,paper_eq_46_47
0.3,1.7499999999999998,4.3591217432302692e-01,9.9539703899055601e-02,200,paper_eq_46_47
0.3,1.7499999999999998,4.4437154735661871e-01,9.3713413403073487e-02,200,paper_eq_46_47
0.3,1.7499999999999998,4.5299508417442363e-01,8.8124930508520355e-02,200,paper_eq_46_47
0.3,1.7499999999999998,4.6178597056195331e-01,8.2770881402923782e-02,200,paper_eq_46_47
0.3,1.7499999999999998,4.7074745412852148e-01,7.7647608513022201e-02,200,paper_eq_46_47
0.3,1.7499999999999998,4.7988284550700550e-01,7.2751182179153648e-02,200,paper_eq_46_47
0.3,1.7499999999999998,4.8919551957689050e-01,6.8077413251276170e-02,200,paper_eq_46_47
0.3,1.7499999999999998,4.9868891671104820e-01,6.3621866565434351e-02,200,paper_eq_46_47
0.3,1.7499999999999998,5.0836654404671056e-01,5.9379875252277552e-02,200,paper_eq_46_47
0.3,1.7499999999999998,5.1823197678110855e-01,5.5346555822292212e-02,200,paper_eq_46_47
0.3,1.7499999999999998,5.2828885949225446e-01,5.1516823965794829e-02,200,paper_eq_46_47
0.3,1.7499999999999998,5.3854090748535333e-01,4.7885410999503428e-02,200,paper_eq_46_47
0.3,1.7499999999999998,5.4899190816534738e-01,4.4446880885721907e-02,200,paper_eq_46_47
0.3,1.7499999999999998,5.5964572243609212e-01,4.1195647744900386e-02,200,paper_eq_46_47
0.3,1.7499999999999998,5.7050628612668686e-01,3.8125993777613748e-02,200,paper_eq_46_47
0.3,1.7499999999999998,5.8157761144548459e-01,3.5232087507900967e-02,200,paper_eq_46_47
0.3,1.7499999999999998,5.9286378846231857e-01,3.2508002256466287e-02,200,paper_eq_46_47
0.3,1.7499999999999998,6.0436898661949301e-01,2.9947734749510117e-02,200,paper_eq_46_47
0.3,1.7499999999999998,6.1609745627209667e-01,2.7545223766970280e-02,200,paper_eq_46_47
0.3,1.7499999999999998,6.2805353025820776e-01,2.5294368732749886e-02,200,paper_eq_46_47
0.3,1.7499999999999998,6.4024162549957020e-01,2.3189048149110894e-02,200,paper_eq_46_47
0.3,1.7499999999999998,6.5266624463333300e-01,2.1223137777845902e-02,200,paper_eq_46_47
0.3,1.7499999999999998,6.6533197767545593e-01,1.9390528472116732e-02,200,paper_eq_46_47
0.3,1.7499999999999998,6.7824350371639486e-01,1.7685143564970383e-02,200,paper_eq_46_47
0.3,1.7499999999999998,6.9140559264969415e-01,1.6100955723506564e-02,200,paper_eq_46_47
0.3,1.7499999999999998,7.0482310693412242e-01,1.4632003181462580e-02,200,paper_eq_46_47
0.3,1.7499999999999998,7.1850100339000933e-01,1.3272405267573721e-02,200,paper_eq_46_47
0.3,1.7499999999999998,7.3244433503043749e-01,1.2016377152431690e-02,200,paper_eq_46_47
0.3,1.7499999999999998,7.4665825292797261e-01,1.0858243742647404e-02,200,paper_eq_46_47
0.3,1.7499999999999998,7.6114800811762018e-01,9.7924526578812079e-03,200,paper_eq_46_47
0.3,1.7499999999999998,7.7591895353671025e-01,8.8135862336647993e-03,200,paper_eq_46_47
0.3,1.7499999999999998,7.9097654600242828e-01,7.9163725008323475e-03,200,paper_eq_46_47
0.3,1.7499999999999998,8.0632634822772276e-01,7.0956951007237505e-03,200,paper_eq_46_47
0.3,1.7499999999999998,8.2197403087633236e-01,6.3466021040305843e-03,200,paper_eq_46_47
0.3,1.7499999999999998,8.3792537465769523e-01,5.6643137101295704e-03,200,paper_eq_46_47
0.3,1.7499999999999998,8.5418627246251055e-01,5.0442288128908688e-03,200,paper_eq_46_47
0.3,1.7499999999999998,8.7076273153974437e-01,4.4819304281528069e-03,200,paper_eq_46_47
0.3,1.7499999999999998,8.8766087571588259e-01,3.9731899872162196e-03,200,paper_eq_46_47
0.3,1.7499999999999998,9.0488694765724786e-01,3.5139705097223441e-03,200,paper_eq_46_47
0.3,1.7499999999999998,9.2244731117622680e-01,3.1004286780323413e-03,200,paper_eq_46_47
0.3,1.7499999999999998,9.4034845358224484e-01,2.7289158436217616e-03,200,paper_eq_46_47
0.3,1.7499999999999998,9.5859698807836691e-01,2.3959780039384004e-03,200,paper_eq_46_47
0.3,1.7499999999999998,9.7719965620440852e-01,2.0983547955568415e-03,200,paper_eq_46_47
0.3,1.7499999999999998,9.9616333032745552e-01,1.8329775562109078e-03,200,paper_eq_46_47
0.3,1.7499999999999998,1.0154950161807172e+00,1.5969665143205766e-03,200,paper_eq_46_47
0.3,1.7499999999999998,1.0352018554516496e+00,1.3876271698881890e-03,200,paper_eq_46_47
0.3,1.7499999999999998,1.0552911284202957e+00,1.2024459350655993e-03,200,paper_eq_46_47
0.3,1.7499999999999998,1.0757702566488467e+00,1.0390851062490149e-03,200,paper_eq_46_47
0.3,1.7499999999999998,1.0966468057233656e+00,8.9537724221521787e-04,200,paper_eq_46_47
0.3,1.7499999999999998,1.1179284880487523e+00,7.6931902455616089e-04,200,paper_eq_46_47
0.3,1.7499999999999998,1.1396231656979139e+00,6.5906467750317087e-04,200,paper_eq_46_47
0.3,1.7499999999999998,1.1617388533162596e+00,5.6291902416808479e-04,200,paper_eq_46_47
0.3,1.7499999999999998,1.1842837210825274e+00,4.7933025529959075e-04,200,paper_eq_46_47
0.3,1.7499999999999998,1.2072660977271032e+00,4.0688248489709867e-04,200,paper_eq_46_47
0.3,1.7499999999999998,1.2306944736088781e+00,3.4428816449892240e-04,200,paper_eq_46_47
0.3,1.7499999999999998,1.2545775038518534e+00,2.9038042472887525e-04,200,paper_eq_46_47
0.3,1.7499999999999998,1.2789240115425748e+00,2.4410540882253531e-04,200,paper_eq_46_47
0.3,1.7499999999999998,1.3037429909896587e+00,2.0451465844212698e-04,200,paper_eq_46_47
0.3,1.7499999999999998,1.3290436110465329e+00,1.7075760721784326e-04,200,paper_eq_46_47
0.3,1.7499999999999998,1.3548352184986856e+00,1.4207423221522666e-04,200,paper_eq_46_47
0.3,1.7499999999999998,1.3811273415166487e+00,1.1778790801977771e-04,200,paper_eq_46_47
0.3,1.7499999999999998,1.4079296931759619e+00,9.7298502446624294e-05,200,paper_eq_46_47
0.3,1.7499999999999998,1.4352521750454879e+00,8.0075747119677399e-05,200,paper_eq_46_47
0.3,1.7499999999999998,1.4631048808453171e+00,6.5652910412786189e-05,200,paper_eq_46_47
0.3,1.7499999999999998,1.4914981001757051e+00,5.3620794590741842e-05,200,paper_eq_46_47
0.3,1.7499999999999998,1.5204423223183270e+00,4.3622073510804530e-05,200,paper_eq_46_47
0.3,1.7499999999999998,1.5499482401113476e+00,3.5345982017024733e-05,200,paper_eq_46_47
0.3,1.7499999999999998,1.5800267538996413e+00,2.8523363243177922e-05,200,paper_eq_46_47
0.3,1.7499999999999998,1.6106889755617235e+00,2.2922075488182594e-05,200,paper_eq_46_47
0.3,1.7499999999999998,1.6419462326147756e+00,1.8342756183218098e-05,200,paper_eq_46_47
0.3,1.7499999999999998,1.6738100723993852e+00,1.4614936763929996e-05,200,paper_eq_46_47
0.3,1.7499999999999998,1.7062922663454478e+00,1.1593499015401602e-05,200,paper_eq_46_47
0.3,1.7499999999999998,1.7394048143208845e+00,9.1554606824355343e-06,200,paper_eq_46_47
0.3,1.7499999999999998,1.7731599490647534e+00,7.1970758339430611e-06,200,paper_eq_46_47
0.3,1.7499999999999998,1.8075701407063547e+00,5.6312336292727923e-06,200,paper_eq_46_47
0.3,1.7499999999999998,1.8426481013720890e+00,4.3851377393095418e-06,200,paper_eq_46_47
0.3,1.7499999999999998,1.8784067898816563e+00,3.3982477020853517e-06,200,paper_eq_46_47
0.3,1.7499999999999998,1.9148594165354518e+00,2.6204629112807723e-06,200,paper_eq_46_47
0.3,1.7499999999999998,1.9520194479948041e+00,2.0105297114385436e-06,200,paper_eq_46_47
0.3,1.7499999999999998,1.9899006122569847e+00,1.5346521674051167e-06,200,paper_eq_46_47
0.3,1.7499999999999998,2.0285169037266959e+00,1.1652874466768448e-06,200,paper_eq_46_47
0.3,1.7499999999999998,2.0678825883860452e+00,8.8010736002722223e-07,200,paper_eq_46_47
0.3,1.7499999999999998,2.1080122090647810e+00,6.6110840617988059e-07,200,paper_eq_46_47
0.3,1.7499999999999998,2.1489205908128697e+00,4.9385361952859275e-07,200,paper_eq_46_47
0.3,1.7499999999999998,2.1906228463772730e+00,3.6683058710644708e-07,200,paper_eq_46_47
0.3,1.7499999999999998,2.2331343817850464e+00,2.7091114592441476e-07,200,paper_eq_46_47
0.3,1.7499999999999998,2.2764709020347911e+00,1.9889946144065835e-07,200,paper_eq_46_47
0.3,1.7499999999999998,2.3206484168985031e+00,1.4515639293496113e-07,200,paper_eq_46_47
0.3,1.7499999999999998,2.3656832468360864e+00,1.0528924651820730e-07,200,paper_eq_46_47
0.3,1.7499999999999998,2.4115920290245696e+00,7.5897180007153550e-08,200,paper_eq_46_47
0.3,1.7499999999999998,2.4583917235044002e+00,5.4363638554791261e-08,200,paper_eq_46_47
0.3,1.7499999999999998,2.5060996194449396e+00,3.8688252245820452e-08,200,paper_eq_46_47
0.3,1.7499999999999998,2.5547333415316240e+00,2.7351606991577210e-08,200,paper_eq_46_47
0.3,1.7499999999999998,2.6043108564769955e+00,1.9207201479906368e-08,200,paper_eq_46_47
0.3,1.7499999999999998,2.6548504796581716e+00,1.3395722120045958e-08,200,paper_eq_46_47
0.3,1.7499999999999998,2.7063708818830357e+00,9.2775039177349685e-09,200,paper_eq_46_47
0.3,1.7499999999999998,2.7588910962878188e+00,6.3796992305705316e-09,200,paper_eq_46_47
0.3,1.7499999999999998,2.8124305253684576e+00,4.3552513456460594e-09,200,paper_eq_46_47
0.3,1.7499999999999998,2.8670089481484573e+00,2.9512700953630942e-09,200,paper_eq_46_47
0.3,1.7499999999999998,2.9226465274858544e+00,1.9848375625943443e-09,200,paper_eq_46_47
0.3,1.7499999999999998,2.9793638175219246e+00,1.3246392397319128e-09,200,paper_eq_46_47
0.3,1.7499999999999998,3.0371817712745277e+00,8.7712605629732138e-10,200,paper_eq_46_47
0.3,1.7499999999999998,3.0961217483787133e+00,5.7617182720014973e-10,200,paper_eq_46_47
0.3,1.7499999999999998,3.1562055229776411e+00,3.7540513665914397e-10,200,paper_eq_46_47
0.3,1.7499999999999998,3.2174552917665342e+00,2.4257042827038351e-10,200,paper_eq_46_47
0.3,1.7499999999999998,3.2798936821928342e+00,1.5541569855108285e-10,200,paper_eq_46_47
0.3,1.7499999999999998,3.3435437608153871e+00,9.8718801402288572e-11,200,paper_eq_46_47
0.3,1.7499999999999998,3.4084290418259546e+00,6.2155563642964724e-11,200,paper_eq_46_47
0.3,1.7499999999999998,3.4745734957359886e+00,3.8784756153708672e-11,200,paper_eq_46_47
0.3,1.7499999999999998,3.5420015582320872e+00,2.3981004813049962e-11,200,paper_eq_46_47
0.3,1.7499999999999998,3.6107381392032036e+00,1.4690000394540007e-11,200,paper_eq_46_47
0.3,1.7499999999999998,3.6808086319431026e+00,8.9134478436361745e-12,200,paper_eq_46_47
0.3,1.7499999999999998,3.7522389225314061e+00,5.3562270614104375e-12,200,paper_eq_46_47
0.3,1.7499999999999998,3.8250553993966112e+00,3.1869837564914347e-12,200,paper_eq_46_47
0.3,1.7499999999999998,3.8992849630648054e+00,1.8772626556065825e-12,200,paper_eq_46_47
0.3,1.7499999999999998,3.9749550360974415e+00,1.0944845538814531e-12,200,paper_eq_46_47
0.3,1.7499999999999998,4.0520935732220931e+00,6.3146178836493056e-13,200,paper_eq_46_47
0.3,1.7499999999999998,4.1307290716596805e+00,3.6045338895024990e-13,200,paper_eq_46_47
0.3,1.7499999999999998,4.2108905816522393e+00,2.0352876399031376e-13,200,paper_eq_46_47
0.3,1.7499999999999998,4.2926077171948585e+00,1.1365418201183854e-13,200,paper_eq_46_47
0.3,1.7499999999999998,4.3759106669760204e+00,6.2753002340031400e-14,200,paper_eq_46_47
0.3,1.7499999999999998,4.4608302055301099e+00,3.4251355667458325e-14,200,paper_eq_46_47
0.3,1.7499999999999998,4.5473977046064986e+00,1.8476429385414842e-14,200,paper_eq_46_47
0.3,1.7499999999999998,4.6356451447591036e+00,9.8481878251973548e-15,200,paper_eq_46_47
0.3,1.7499999999999998,4.7256051271610140e+00,5.1855120017165374e-15,200,paper_eq_46_47
0.3,1.7499999999999998,4.8173108856482445e+00,2.6966283701340323e-15,200,paper_eq_46_47
0.3,1.7499999999999998,4.9107962989973117e+00,1.3846492741377522e-15,200,paper_eq_46_47
0.3,1.7499999999999998,5.0060959034410688e+00,7.0184425655293797e-16,200,paper_eq_46_47
0.3,1.7499999999999998,5.1032449054273252e+00,3.5108719082658144e-16,200,paper_eq_46_47
0.3,1.7499999999999998,5.2022791946252180e+00,1.7328116223749136e-16,200,paper_eq_46_47
0.3,1.7499999999999998,5.3032353571838122e+00,8.4359998230451898e-17,200,paper_eq_46_47
0.3,1.7499999999999998,5.4061506892481779e+00,4.0500009498644866e-17,200,paper_eq_46_47
0.3,1.7499999999999998,5.5110632107375812e+00,1.9168552176963121e-17,200,paper_eq_46_47
0.3,1.7499999999999998,5.6180116793912429e+00,8.9416796374091180e-18,200,paper_eq_46_47
0.3,1.7499999999999998,5.7270356050864812e+00,4.1098139772098658e-18,200,paper_eq_46_47
0.3,1.7499999999999998,5.8381752644349030e+00,1.8606889133801899e-18,200,paper_eq_46_47
0.3,1.7499999999999998,5.9514717156616648e+00,8.2955805160384879e-19,200,paper_eq_46_47
0.3,1.7499999999999998,6.0669668137736696e+00,3.6409238682023443e-19,200,paper_eq_46_47
0.3,1.7499999999999998,6.1847032260219397e+00,1.5726645387076216e-19,200,paper_eq_46_47
0.3,1.7499999999999998,6.3047244476641815e+00,6.6832173734541122e-20,200,paper_eq_46_47
0.3,1.7499999999999998,6.4270748180332307e+00,2.7933334209511790e-20,200,paper_eq_46_47
0.3,1.7499999999999998,6.5517995369172111e+00,1.1479096402454162e-20,200,paper_eq_46_47
0.3,1.7499999999999998,6.6789446812577502e+00,4.6365792216576445e-21,200,paper_eq_46_47
0.3,1.7499999999999998,6.8085572221720394e+00,1.8401247812351036e-21,200,paper_eq_46_47
0.3,1.7499999999999998,6.9406850423054385e+00,7.1731217288950167e-22,200,paper_eq_46_47
0.3,1.7499999999999998,7.0753769535206095e+00,2.7455497481099673e-22,200,paper_eq_46_47
0.3,1.7499999999999998,7.2126827149301516e+00,1.0314698599294641e-22,200,paper_eq_46_47
0.3,1.7499999999999998,7.3526530512789510e+00,3.8021811489860128e-23,200,paper_eq_46_47
0.3,1.7499999999999998,7.4953396716834941e+00,1.3746685102645187e-23,200,paper_eq_46_47
0.3,1.7499999999999998,7.6407952887346031e+00,4.8729152214965114e-24,200,paper_eq_46_47
0.3,1.7499999999999998,7.7890736379711223e+00,1.6929300891807554e-24,200,paper_eq_46_47
0.3,1.7499999999999998,7.9402294977312806e+00,5.7620744584941396e-25,200,paper_eq_46_47
0.3,1.7499999999999998,8.0943187093894515e+00,1.9205935530855511e-25,200,paper_eq_46_47
0.3,1.7499999999999998,8.2513981979856315e+00,6.2666083846076237e-26,200,paper_eq_46_47
0.3,1.7499999999999998,8.4115259932550934e+00,2.0007390135787954e-26,200,paper_eq_46_47
0.3,1.7499999999999998,8.5747612510663913e+00,6.2477831028754514e-27,200,paper_eq_46_47
0.3,1.7499999999999998,8.7411642752751213e+00,1.9074463540080218e-27,200,paper_eq_46_47
0.3,1.7499999999999998,8.9107965400020674e+00,5.6908776473353098e-28,200,paper_eq_46_47
0.3,1.7499999999999998,9.0837207123433821e+00,1.6584891742958074e-28,200,paper_eq_46_47
0.3,1.7499999999999998,9.2600006755217841e+00,4.7190512424051519e-29,200,paper_eq_46_47
0.3,1.7499999999999998,9.4397015524867349e+00,1.3103995919926813e-29,200,paper_eq_46_47
0.3,1.7499999999999998,9.6228897299728970e+00,3.5493942368831219e-30,200,paper_eq_46_47
0.3,1.7499999999999998,9.8096328830251736e+00,9.3733882607415798e-31,200,paper_eq_46_47
0.3,1.7499999999999998,1.0000000000000000e+01,2.4122217238147740e-31,200,paper_eq_46_47
0.45,5.500000000000002,1.0000000000000000e-04,1.0040798937336937e+00,200,paper_eq_46_47
0.45,5.500000000000002,1.0194061408051501e-04,1.0041190622098506e+00,200,paper_eq_46_47
0.45,5.500000000000002,1.0391888799112494e-04,1.0041586044427990e+00,200,paper_eq_46_47
0.45,5.500000000000002,1.0593555256379533e-04,1.0041985239540052e+00,200,paper_eq_46_47
0.45,5.500000000000002,1.0799135281311972e-04,1.0042388242972147e+00,200,paper_eq_46_47
0.45,5.500000000000002,1.1008704821154976e-04,1.0042795090587300e+00,200,paper_eq_46_47
0.45,5.500000000000002,1.1222341296996644e-04,1.0043205818576830e+00,200,paper_eq_46_47
0.45,5.500000000000002,1.1440123632369623e-04,1.0043620463463192e+00,200,paper_eq_46_47
0.45,5.500000000000002,1.1662132282407713e-04,1.0044039062102887e+00,200,paper_eq_46_47
0.45,5.500000000000002,1.1888449263568403e-04,1.0044461651689145e+00,200,paper_eq_46_47
0.45,5.500000000000002,1.2119158183932093e-04,1.0044888269754961e+00,200,paper_eq_46_47
0.45,5.500000000000002,1.2354344274089366e-04,1.0045318954175910e+00,200,paper_eq_46_47
0.45,5.500000000000002,1.2594094418627645e-04,1.0045753743173069e+00,200,paper_eq_46_47
0.45,5.500000000000002,1.2838497188228886e-04,1.0046192675316012e+00,200,paper_eq_46_47
0.45,5.500000000000002,1.3087642872390180e-04,1.0046635789525626e+00,200,paper_eq_46_47
0.45,5.500000000000002,1.3341623512779302e-04,1.0047083125077216e+00,200,paper_eq_46_47
0.45,5.500000000000002,1.3600532937237600e-04,1.0047534721603457e+00,200,paper_eq_46_47
0.45,5.500000000000002,1.3864466794442711e-04,1.0047990619097413e+00,200,paper_eq_46_47
0.45,5.500000000000002,1.4133522589243995e-04,1.0048450857915550e+00,200,paper_eq_46_47
0.45,5.500000000000002,1.4407799718683633e-04,1.0048915478780767e+00,200,paper_eq_46_47
0.45,5.500000000000002,1.4687399508716824e-04,1.0049384522785643e+00,200,paper_eq_46_47
0.45,5.500000000000002,1.4972425251644474e-04,1.0049858031395216e+00,200,paper_eq_46_47
0.45,5.500000000000002,1.5262982244272473e-04,1.0050336046450439e+00,200,paper_eq_46_47
0.45,5.500000000000002,1.5559177826811329e-04,1.0050818610171091e+00,200,paper_eq_46_47
0.45,5.500000000000002,1.5861121422530797e-04,1.0051305765159042e+00,200,paper_eq_46_47
0.45,5.500000000000002,1.6168924578184013e-04,1.0051797554401360e+00,200,paper_eq_46_47
0.45,5.500000000000002,1.6482701005216105e-04,1.0052294021273562e+00,200,paper_eq_46_47
0.45,5.500000000000002,1.6802566621772517e-04,1.0052795209542849e+00,200,paper_eq_46_47
0.45,5.500000000000002,1.7128639595522549e-04,1.0053301163371258e+00,200,paper_eq_46_47
0.45,5.500000000000002,1.7461040387313926e-04,1.0053811927318990e+00,200,paper_eq_46_47
0.45,5.500000000000002,1.7799891795674554e-04,1.0054327546347703e+00,200,paper_eq_46_47
0.45,5.500000000000002,1.8145319002177849e-04,1.0054848065823772e+00,200,paper_eq_46_47
0.45,5.500000000000002,1.8497449617688478e-04,1.0055373531521596e+00,200,paper_eq_46_47
0.45,5.500000000000002,1.8856413729505529e-04,1.0055903989626986e+00,200,paper_eq_46_47
0.45,5.500000000000002,1.9222343949420459e-04,1.0056439486740474e+00,200,paper_eq_46_47
0.45,5.500000000000002,1.9595375462707956e-04,1.0056980069880759e+00,200,paper_eq_46_47
0.45,5.500000000000002,1.9975646078067050e-04,1.0057525786488051e+00,200,paper_eq_46_47
0.45,5.500000000000002,2.0363296278531862e-04,1.0058076684427504e+00,200,paper_eq_46_47
0.45,5.500000000000002,2.0758469273370040e-04,1.0058632811992636e+00,200,paper_eq_46_47
0.45,5.500000000000002,2.1161311050988440e-04,1.0059194217908907e+00,200,paper_eq_46_47
0.45,5.500000000000002,2.1571970432865498e-04,1.0059760951336953e+00,200,paper_eq_46_47
0.45,5.500000000000002,2.1990599128530222e-04,1.0060333061876345e+00,200,paper_eq_46_47
0.45,5.500000000000002,2.2417351791608088e-04,1.0060910599569024e+00,200,paper_eq_46_47
0.45,5.500000000000002,2.2852386076954620e-04,1.0061493614902672e+00,200,paper_eq_46_47
0.45,5.500000000000002,2.3295862698897651e-04,1.0062082158814545e+00,200,paper_eq_46_47
0.45,5.500000000000002,2.3747945490609903e-04,1.0062676282694865e+00,200,paper_eq_46_47
0.45,5.500000000000002,2.4208801464633732e-04,1.0063276038390423e+00,200,paper_eq_46_47
0.45,5.500000000000002,2.4678600874580310e-04,1.0063881478208299e+00,200,paper_eq_46_47
0.45,5.500000000000002,2.5157517278026544e-04,1.0064492654919410e+00,200,paper_eq_46_47
0.45,5.500000000000002,2.5645727600631923e-04,1.0065109621762154e+00,200,paper_eq_46_47
0.45,5.500000000000002,2.6143412201500309e-04,1.0065732432446062e+00,200,paper_eq_46_47
0.45,5.500000000000002,2.6650754939809698e-04,1.0066361141155669e+00,200,paper_eq_46_47
0.45,5.500000000000002,2.7167943242735194e-04,1.0066995802553944e+00,200,paper_eq_46_47
0.45,5.500000000000002,2.7695168174690041e-04,1.0067636471786185e+00,200,paper_eq_46_47
0.45,5.500000000000002,2.8232624507910388e-04,1.0068283204483768e+00,200,paper_eq_46_47
0.45,5.500000000000002,2.8780510794409824e-04,1.0068936056767779e+00,200,paper_eq_46_47
0.45,5.500000000000002,2.9339029439330285e-04,1.0069595085252936e+00,200,paper_eq_46_47
0.45,5.500000000000002,2.9908386775716371e-04,1.0070260347051294e+00,200,paper_eq_46_47
0.45,5.500000000000002,3.0488793140740812e-04,1.0070931899776077e+00,200,paper_eq_46_47
0.45,5.500000000000002,3.1080462953409123e-04,1.0071609801545474e+00,200,paper_eq_46_47
0.45,5.500000000000002,3.1683614793772227e-04,1.0072294110986570e+00,200,paper_eq_46_47
0.45,5.500000000000002,3.2298471483676341e-04,1.0072984887239054e+00,200,paper_eq_46_47
0.45,5.500000000000002,3.2925260169079689e-04,1.0073682189959274e+00,200,paper_eq_46_47
0.45,5.500000000000002,3.3564212403967044e-04,1.0074386079323978e+00,200,paper_eq_46_47
0.45,5.500000000000002,3.4215564235892394e-04,1.0075096616034283e+00,200,paper_eq_46_47
0.45,5.500000000000002,3.4879556293181780e-04,1.0075813861319582e+00,200,paper_eq_46_47
0.45,5.500000000000002,3.5556433873828422e-04,1.0076537876941492e+00,200,paper_eq_46_47
0.45,5.500000000000002,3.6246447036112944e-04,1.0077268725197781e+00,200,paper_eq_46_47
0.45,5.500000000000002,3.6949850690982169e-04,1.0078006468926273e+00,200,paper_eq_46_47
0.45,5.500000000000002,3.7666904696220636e-04,1.0078751171508971e+00,200,paper_eq_46_47
0.45,5.500000000000002,3.8397873952449664e-04,1.0079502896875925e+00,200,paper_eq_46_47
0.45,5.500000000000002,3.9143028500989308e-04,1.0080261709509220e+00,200,paper_eq_46_47
0.45,5.500000000000002,3.9902643623619547e-04,1.0081027674447056e+00,200,paper_eq_46_47
0.45,5.500000000000002,4.0676999944277189e-04,1.0081800857287755e+00,200,paper_eq_46_47
0.45,5.500000000000002,4.1466383532726961e-04,1.0082581324193747e+00,200,paper_eq_46_47
0.45,5.500000000000002,4.2271086010243412e-04,1.0083369141895648e+00,200,paper_eq_46_47
0.45,5.500000000000002,4.3091404657344808e-04,1.0084164377696332e+00,200,paper_eq_46_47
0.45,5.500000000000002,4.3927642523616941e-04,1.0084967099474964e+00,200,paper_eq_46_47
0.45,5.500000000000002,4.4780108539668544e-04,1.0085777375691081e+00,200,paper_eq_46_47
0.45,5.500000000000002,4.5649117631259257e-04,1.0086595275388659e+00,200,paper_eq_46_47
0.45,5.500000000000002,4.6534990835642333e-04,1.0087420868200236e+00,200,paper_eq_46_47
0.45,5.500000000000002,4.7438055420165174e-04,1.0088254224351012e+00,200,paper_eq_46_47
0.45,5.500000000000002,4.8358645003171414e-04,1.0089095414662836e+00,200,paper_eq_46_47
0.45,5.500000000000002,4.9297099677249225e-04,1.0089944510558537e+00,200,paper_eq_46_47
0.45,5.500000000000002,5.0253766134871446e-04,1.0090801584065805e+00,200,paper_eq_46_47
0.45,5.500000000000002,5.1228997796473890e-04,1.0091666707821458e+00,200,paper_eq_46_47
0.45,5.500000000000002,5.2223154941018928e-04,1.0092539955075528e+00,200,paper_eq_46_47
0.45,5.500000000000002,5.3236604839093562e-04,1.0093421399695355e+00,200,paper_eq_46_47
0.45,5.500000000000002,5.4269721888589094e-04,1.0094311116169770e+00,200,paper_eq_46_47
0.45,5.500000000000002,5.5322887753015445e-04,1.0095209179613156e+00,200,paper_eq_46_47
0.45,5.500000000000002,5.6396491502497975e-04,1.0096115665769665e+00,200,paper_eq_46_47
0.45,5.500000000000002,5.7490929757511903e-04,1.0097030651017285e+00,200,paper_eq_46_47
0.45,5.500000000000002,5.8606606835405169e-04,1.0097954212372005e+00,200,paper_eq_46_47
0.45,5.500000000000002,5.9743934899765116e-04,1.0098886427491913e+00,200,paper_eq_46_47
0.45,5.500000000000002,6.0903334112683667e-04,1.0099827374681369e+00,200,paper_eq_46_47
0.45,5.500000000000002,6.2085232789977512e-04,1.0100777132895093e+00,200,paper_eq_46_47
0.45,5.500000000000002,6.3290067559420334e-04,1.0101735781742296e+00,200,paper_eq_46_47
0.45,5.500000000000002,6.4518283522045910e-04,1.0102703401490774e+00,200,paper_eq_46_47
0.45,5.500000000000002,6.5770334416581319e-04,1.0103680073071075e+00,200,paper_eq_46_47
0.45,5.500000000000002,6.7046682787071305e-04,1.0104665878080552e+00,200,paper_eq_46_47
0.45,5.500000000000002,6.8347800153755508e-04,1.0105660898787456e+00,200,paper_eq_46_47
0.45,5.500000000000002,6.9674167187261480e-04,1.0106665218135027e+00,200,paper_eq_46_47
0.45,5.500000000000002,7.1026273886179111e-04,1.0107678919745560e+00,200,paper_eq_46_47
0.45,5.500000000000002,7.2404619758079461e-04,1.0108702087924508e+00,200,paper_eq_46_47
0.45,5.500000000000002,7.3809714004048101e-04,1.0109734807664463e+00,200,paper_eq_46_47
0.45,5.500000000000002,7.5242075706798508e-04,1.0110777164649249e+00,200,paper_eq_46_47
0.45,5.500000000000002,7.6702234022436400e-04,1.0111829245257877e+00,200,paper_eq_46_47
0.45,5.500000000000002,7.8190728375945374e-04,1.0112891136568596e+00,200,paper_eq_46_47
0.45,5.500000000000002,7.9708108660466218e-04,1.0113962926362867e+00,200,paper_eq_46_47
0.45,5.500000000000002,8.1254935440443427e-04,1.0115044703129332e+00,200,paper_eq_46_47
0.45,5.500000000000002,8.2831780158714049e-04,1.0116136556067714e+00,200,paper_eq_46_47
0.45,5.500000000000002,8.4439225347615284e-04,1.0117238575092768e+00,200,paper_eq_46_47
0.45,5.500000000000002,8.6077864844188903e-04,1.0118350850838163e+00,200,paper_eq_46_47
0.45,5.500000000000002,8.7748304009562005e-04,1.0119473474660388e+00,200,paper_eq_46_47
0.45,5.500000000000002,8.9451159952584581e-04,1.0120606538642527e+00,200,paper_eq_46_47
0.45,5.500000000000002,9.1187061757808541e-04,1.0121750135598147e+00,200,paper_eq_46_47
0.45,5.500000000000002,9.2956650717888488e-04,1.0122904359075013e+00,200,paper_eq_46_47
0.45,5.500000000000002,9.4760580570494982e-04,1.0124069303358867e+00,200,paper_eq_46_47
0.45,5.500000000000002,9.6599517739823779e-04,1.0125245063477120e+00,200,paper_eq_46_47
0.45,5.500000000000002,9.8474141582792388e-04,1.0126431735202601e+00,200,paper_eq_46_47
0.45,5.500000000000002,1.0038514464001435e-03,1.0127629415057087e+00,200,paper_eq_46_47
0.45,5.500000000000002,1.0233323289164382e-03,1.0128838200314996e+00,200,paper_eq_46_47
0.45,5.500000000000002,1.0431912601818526e-03,1.0130058189006903e+00,200,paper_eq_46_47
0.45,5.500000000000002,1.0634355766636436e-03,1.0131289479923078e+00,200,paper_eq_46_47
0.45,5.500000000000002,1.0840727572015854e-03,1.0132532172616870e+00,200,paper_eq_46_47
0.45,5.500000000000002,1.1051104257708655e-03,1.0133786367408262e+00,200,paper_eq_46_47
0.45,5.500000000000002,1.1265563542986153e-03,1.0135052165387151e+00,200,paper_eq_46_47
0.45,5.500000000000002,1.1484184655350697e-03,1.0136329668416661e+00,200,paper_eq_46_47
0.45,5.500000000000002,1.1707048359804787e-03,1.0137618979136405e+00,200,paper_eq_46_47
0.45,5.500000000000002,1.1934236988687848e-03,1.0138920200965742e+00,200,paper_eq_46_47
0.45,5.500000000000002,1.2165834472092367e-03,1.0140233438106849e+00,200,paper_eq_46_47
0.45,5.500000000000002,1.2401926368869941e-03,1.0141558795547820e+00,200,paper_eq_46_47
0.45,5.500000000000002,1.2642599898239333e-03,1.0142896379065700e+00,200,paper_eq_46_47
0.45,5.500000000000002,1.2887943972007742e-03,1.0144246295229382e+00,200,paper_eq_46_47
0.45,5.500000000000002,1.3138049227417409e-03,1.0145608651402538e+00,200,paper_eq_46_47
0.45,5.500000000000002,1.3393008060629665e-03,1.0146983555746345e+00,200,paper_eq_46_47
0.45,5.500000000000002,1.3652914660858754e-03,1.0148371117222261e+00,200,paper_eq_46_47
0.45,5.500000000000002,1.3917865045168091e-03,1.0149771445594642e+00,200,paper_eq_46_47
0.45,5.500000000000002,1.4187957093941684e-03,1.0151184651433312e+00,200,paper_eq_46_47
0.45,5.500000000000002,1.4463290587044160e-03,1.0152610846116006e+00,200,paper_eq_46_47
0.45,5.500000000000002,1.4743967240682125e-03,1.0154050141830750e+00,200,paper_eq_46_47
0.45,5.500000000000002,1.5030090744981336e-03,1.0155502651578197e+00,200,paper_eq_46_47
0.45,5.500000000000002,1.5321766802292613e-03,1.0156968489173750e+00,200,paper_eq_46_47
0.45,5.500000000000002,1.5619103166241593e-03,1.0158447769249699e+00,200,paper_eq_46_47
0.45,5.500000000000002,1.5922209681535841e-03,1.0159940607257167e+00,200,paper_eq_46_47
0.45,5.500000000000002,1.6231198324544850e-03,1.0161447119468039e+00,200,paper_eq_46_47
0.45,5.500000000000002,1.6546183244667283e-03,1.0162967422976643e+00,200,paper_eq_46_47
0.45,5.500000000000002,1.6867280806501111e-03,1.0164501635701506e+00,200,paper_eq_46_47
0.45,5.500000000000002,1.7194609632832077e-03,1.0166049876386798e+00,200,paper_eq_46_47
0.45,5.500000000000002,1.7528290648456406e-03,1.0167612264603763e+00,200,paper_eq_46_47
0.45,5.500000000000002,1.7868447124853963e-03,1.0169188920752028e+00,200,paper_eq_46_47
0.45,5.500000000000002,1.8215204725728241e-03,1.0170779966060701e+00,200,paper_eq_46_47
0.45,5.500000000000002,1.8568691553430376e-03,1.0172385522589398e+00,200,paper_eq_46_47
0.45,5.500000000000002,1.8929038196283628e-03,1.0174005713229139e+00,200,paper_eq_46_47
0.45,5.500000000000002,1.9296377776826792e-03,1.0175640661703009e+00,200,paper_eq_46_47
0.45,5.500000000000002,1.9670846000993240e-03,1.0177290492566757e+00,200,paper_eq_46_47
0.45,5.500000000000002,2.0052581208244960e-03,1.0178955331209227e+00,200,paper_eq_46_47
0.45,5.500000000000002,2.0441724422678867e-03,1.0180635303852581e+00,200,paper_eq_46_47
0.45,5.500000000000002,2.0838419405125449e-03,1.0182330537552375e+00,200,paper_eq_46_47
0.45,5.500000000000002,2.1242812706258082e-03,1.0184041160197512e+00,200,paper_eq_46_47
0.45,5.500000000000002,2.1655053720733160e-03,1.0185767300509909e+00,200,paper_eq_46_47
0.45,5.500000000000002,2.2075294742380795e-03,1.0187509088044147e+00,200,paper_eq_46_47
0.45,5.500000000000002,2.2503691020466627e-03,1.0189266653186682e+00,200,paper_eq_46_47
0.45,5.500000000000002,2.2940400817045392e-03,1.0191040127155191e+00,200,paper_eq_46_47
0.45,5.500000000000002,2.3385585465427556e-03,1.0192829641997376e+00,200,paper_eq_46_47
0.45,5.500000000000002,2.3839409429780539e-03,1.0194635330589796e+00,200,paper_eq_46_47
0.45,5.500000000000002,2.4302040365886454e-03,1.0196457326636439e+00,200,paper_eq_46_47
0.45,5.500000000000002,2.4773649183079316e-03,1.0198295764666945e+00,200,paper_eq_46_47
0.45,5.500000000000002,2.5254410107383514e-03,1.0200150780034811e+00,200,paper_eq_46_47
0.45,5.500000000000002,2.5744500745878431e-03,1.0202022508915136e+00,200,paper_eq_46_47
0.45,5.500000000000002,2.6244102152311239e-03,1.0203911088302342e+00,200,paper_eq_46_47
0.45,5.500000000000002,2.6753398893983732e-03,1.0205816656007451e+00,200,paper_eq_46_47
0.45,5.500000000000002,2.7272579119936727e-03,1.0207739350655276e+00,200,paper_eq_46_47
0.45,5.500000000000002,2.7801834630457817e-03,1.0209679311681177e+00,200,paper_eq_46_47
0.45,5.500000000000002,2.8341360947937979e-03,1.0211636679327736e+00,200,paper_eq_46_47
0.45,5.500000000000002,2.8891357389103241e-03,1.0213611594640939e+00,200,paper_eq_46_47
0.45,5.500000000000002,2.9452027138648093e-03,1.0215604199466291e+00,200,paper_eq_46_47
0.45,5.500000000000002,3.0023577324297798e-03,1.0217614636444403e+00,200,paper_eq_46_47
0.45,5.500000000000002,3.0606219093327466e-03,1.0219643049006504e+00,200,paper_eq_46_47
0.45,5.500000000000002,3.1200167690565816e-03,1.0221689581369449e+00,200,paper_eq_46_47
0.45,5.500000000000002,3.1805642537913264e-03,1.0223754378530485e+00,200,paper_eq_46_47
0.45,5.500000000000002,3.2422867315402247e-03,1.0225837586261723e+00,200,paper_eq_46_47
0.45,5.500000000000002,3.3052070043831676e-03,1.0227939351104163e+00,200,paper_eq_46_47
0.45,5.500000000000002,3.3693483169003921e-03,1.0230059820361446e+00,200,paper_eq_46_47
0.45,5.500000000000002,3.4347343647597598e-03,1.0232199142093219e+00,200,paper_eq_46_47
0.45,5.500000000000002,3.5013893034705752e-03,1.0234357465108121e+00,200,paper_eq_46_47
0.45,5.500000000000002,3.5693377573073714e-03,1.0236534938956370e+00,200,paper_eq_46_47
0.45,5.500000000000002,3.6386048284068172e-03,1.0238731713922000e+00,200,paper_eq_46_47
0.45,5.500000000000002,3.7092161060411784e-03,1.0240947941014633e+00,200,paper_eq_46_47
0.45,5.500000000000002,3.7811976760717442e-03,1.0243183771960847e+00,200,paper_eq_46_47
0.45,5.500000000000002,3.8545761305856987e-03,1.0245439359195188e+00,200,paper_eq_46_47
0.45,5.500000000000002,3.9293785777200193e-03,1.0247714855850591e+00,200,paper_eq_46_47
0.45,5.500000000000002,4.0056326516759904e-03,1.0250010415748503e+00,200,paper_eq_46_47
0.45,5.500000000000002,4.0833665229281250e-03,1.0252326193388399e+00,200,paper_eq_46_47
0.45,5.500000000000002,4.1626089086311000e-03,1.0254662343936936e+00,200,paper_eq_46_47
0.45,5.500000000000002,4.2433890832287713e-03,1.0257019023216529e+00,200,paper_eq_46_47
0.45,5.500000000000002,4.3257368892689416e-03,1.0259396387693442e+00,200,paper_eq_46_47
0.45,5.500000000000002,4.4096827484281309e-03,1.0261794594465361e+00,200,paper_eq_46_47
0.45,5.500000000000002,4.4952576727501680e-03,1.0264213801248467e+00,200,paper_eq_46_47
0.45,5.500000000000002,4.5824932761029894e-03,1.0266654166363836e+00,200,paper_eq_46_47
0.45,5.500000000000002,4.6714217858576969e-03,1.0269115848723449e+00,200,paper_eq_46_47
0.45,5.500000000000002,4.7620760547942972e-03,1.0271599007815437e+00,200,paper_eq_46_47
0.45,5.500000000000002,4.8544895732384689e-03,1.0274103803688854e+00,200,paper_eq_46_47
0.45,5.500000000000002,4.9486964814338674e-03,1.0276630396937794e+00,200,paper_eq_46_47
0.45,5.500000000000002,5.0447315821545288e-03,1.0279178948684855e+00,200,paper_eq_46_47
0.45,5.500000000000002,5.1426303535620022e-03,1.0281749620563974e+00,200,paper_eq_46_47
0.45,5.500000000000002,5.2424289623120698e-03,1.0284342574702594e+00,200,paper_eq_46_47
0.45,5.500000000000002,5.3441642769156894e-03,1.0286957973703141e+00,200,paper_eq_46_47
0.45,5.500000000000002,5.4478738813593741e-03,1.0289595980623771e+00,200,paper_eq_46_47
0.45,5.500000000000002,5.5535960889897280e-03,1.0292256758958473e+00,200,paper_eq_46_47
0.45,5.500000000000002,5.6613699566675987e-03,1.0294940472616330e+00,200,paper_eq_46_47
0.45,5.500000000000002,5.7712352991967364e-03,1.0297647285900067e+00,200,paper_eq_46_47
0.45,5.500000000000002,5.8832327040326008e-03,1.0300377363483799e+00,200,paper_eq_46_47
0.45,5.500000000000002,5.9974035462765215e-03,1.0303130870390012e+00,200,paper_eq_46_47
0.45,5.500000000000002,6.1137900039608698e-03,1.0305907971965669e+00,200,paper_eq_46_47
0.45,5.500000000000002,6.2324350736308529e-03,1.0308708833857474e+00,200,paper_eq_46_47
0.45,5.500000000000002,6.3533825862286892e-03,1.0311533621986300e+00,200,paper_eq_46_47
0.45,5.500000000000002,6.4766772232860382e-03,1.0314382502520676e+00,200,paper_eq_46_47
0.45,5.500000000000002,6.6023645334306290e-03,1.0317255641849412e+00,200,paper_eq_46_47
0.45,5.500000000000002,6.7304909492133195e-03,1.0320153206553182e+00,200,paper_eq_46_47
0.45,5.500000000000002,6.8611038042615344e-03,1.0323075363375267e+00,200,paper_eq_46_47
0.45,5.500000000000002,6.9942513507657914e-03,1.0326022279191194e+00,200,paper_eq_46_47
0.45,5.500000000000002,7.1299827773053564e-03,1.0328994120977419e+00,200,paper_eq_46_47
0.45,5.500000000000002,7.2683482270200460e-03,1.0331991055778917e+00,200,paper_eq_46_47
0.45,5.500000000000002,7.4093988161344606e-03,1.0335013250675751e+00,200,paper_eq_46_47
0.45,5.500000000000002,7.5531866528418777e-03,1.0338060872748456e+00,200,paper_eq_46_47
0.45,5.500000000000002,7.6997648565545074e-03,1.0341134089042345e+00,200,paper_eq_46_47
0.45,5.500000000000002,7.8491875775273494e-03,1.0344233066530608e+00,200,paper_eq_46_47
0.45,5.500000000000002,8.0015100168628808e-03,1.0347357972076232e+00,200,paper_eq_46_47
0.45,5.500000000000002,8.1567884469039408e-03,1.0350508972392589e+00,200,paper_eq_46_47
0.45,5.500000000000002,8.3150802320223881e-03,1.0353686234002799e+00,200,paper_eq_46_47
0.45,5.500000000000002,8.4764438498111262e-03,1.0356889923197659e+00,200,paper_eq_46_47
0.45,5.500000000000002,8.6409389126875184e-03,1.0360120205992134e+00,200,paper_eq_46_47
0.45,5.500000000000002,8.8086261899158226e-03,1.0363377248080234e+00,200,paper_eq_46_47
0.45,5.500000000000002,8.9795676300572710e-03,1.0366661214788273e+00,200,paper_eq_46_47
0.45,5.500000000000002,9.1538263838555206e-03,1.0369972271026047e+00,200,paper_eq_46_47
0.45,5.500000000000002,9.3314668275665275e-03,1.0373310581235922e+00,200,paper_eq_46_47
0.45,5.500000000000002,9.5125545867408706e-03,1.0376676309339214e+00,200,paper_eq_46_47
0.45,5.500000000000002,9.6971565604678407e-03,1.0380069618679457e+00,200,paper_eq_46_47
0.45,5.500000000000002,9.8853409460898638e-03,1.0383490671961582e+00,200,paper_eq_46_47
0.45,5.500000000000002,1.0077177264396600e-02,1.0386939631186132e+00,200,paper_eq_46_47
0.45,5.500000000000002,1.0272736385307936e-02,1.0390416657576831e+00,200,paper_eq_46_47
0.45,5.500000000000002,1.0472090554055411e-02,1.0393921911499437e+00,200,paper_eq_46_47
0.45,5.500000000000002,1.0675313417871693e-02,1.0397455552369277e+00,200,paper_eq_46_47
0.45,5.500000000000002,1.0882480053198017e-02,1.0401017738543272e+00,200,paper_eq_46_47
0.45,5.500000000000002,1.1093666993419616e-02,1.0404608627191902e+00,200,paper_eq_46_47
0.45,5.500000000000002,1.1308952257139362e-02,1.0408228374143942e+00,200,paper_eq_46_47
0.45,5.500000000000002,1.1528415377000140e-02,1.0411877133695575e+00,200,paper_eq_46_47
0.45,5.500000000000002,1.1752137429066462e-02,1.0415555058372319e+00,200,paper_eq_46_47
0.45,5.500000000000002,1.1980201062776400e-02,1.0419262298629228e+00,200,paper_eq_46_47
0.45,5.500000000000002,1.2212690531474647e-02,1.0422999002470750e+00,200,paper_eq_46_47
0.45,5.500000000000002,1.2449691723538167e-02,1.0426765314966733e+00,200,paper_eq_46_47
0.45,5.500000000000002,1.2691292194105861e-02,1.0430561377635164e+00,200,paper_eq_46_47
0.45,5.500000000000002,1.2937581197423980e-02,1.0434387327655243e+00,200,paper_eq_46_47
0.45,5.500000000000002,1.3188649719819253e-02,1.0438243296866008e+00,200,paper_eq_46_47
0.45,5.500000000000002,1.3444590513311868e-02,1.0442129410496059e+00,200,paper_eq_46_47
0.45,5.500000000000002,1.3705498129880783e-02,1.0446045785558657e+00,200,paper_eq_46_47
0.45,5.500000000000002,1.3971468956393970e-02,1.0449992528833623e+00,200,paper_eq_46_47
0.45,5.500000000000002,1.4242601250216534e-02,1.0453969734343129e+00,200,paper_eq_46_47
0.45,5.500000000000002,1.4518995175509843e-02,1.0457977480212035e+00,200,paper_eq_46_47
0.45,5.500000000000002,1.4800752840235097e-02,1.0462015824785884e+00,200,paper_eq_46_47
0.45,5.500000000000002,1.5087978333874924e-02,1.0466084801860127e+00,200,paper_eq_46_47
0.45,5.500000000000002,1.5380777765887154e-02,1.0470184414853592e+00,200,paper_eq_46_47
0.45,5.500000000000002,1.5679259304904682e-02,1.0474314629737145e+00,200,paper_eq_46_47
0.45,5.500000000000002,1.5983533218696121e-02,1.0478475366506077e+00,200,paper_eq_46_47
0.45,5.500000000000002,1.6293711914901931e-02,1.0482666488961481e+00,200,paper_eq_46_47
0.45,5.500000000000002,1.6609909982561070e-02,1.0486887792543129e+00,200,paper_eq_46_47
0.45,5.500000000000002,1.6932244234443516e-02,1.0491138989934210e+00,200,paper_eq_46_47
0.45,5.500000000000002,1.7260833750204319e-02,1.0495419694137544e+00,200,paper_eq_46_47
0.45,5.500000000000002,1.7595799920375070e-02,1.0499729398704496e+00,200,paper_eq_46_47
0.45,5.500000000000002,1.7937266491209115e-02,1.0504067454782484e+00,200,paper_eq_46_47
0.45,5.500000000000002,1.8285359610397022e-02,1.0508433044635559e+00,200,paper_eq_46_47
0.45,5.500000000000002,1.8640207873669188e-02,1.0512825151286291e+00,200,paper_eq_46_47
0.45,5.500000000000002,1.9001942372302901e-02,1.0517242523926429e+00,200,paper_eq_46_47
0.45,5.500000000000002,1.9370696741551157e-02,1.0521683638750523e+00,200,paper_eq_46_47
0.45,5.500000000000002,1.9746607210011560e-02,1.0526146654880308e+00,200,paper_eq_46_47
0.45,5.500000000000002,2.0129812649953036e-02,1.0530629365070523e+00,200,paper_eq_46_47
0.45,5.500000000000002,2.0520454628619317e-02,1.0535129140918351e+00,200,paper_eq_46_47
0.45,5.500000000000002,2.0918677460527994e-02,1.0539642872340322e+00,200,paper_eq_46_47
0.45,5.500000000000002,2.1324628260784521e-02,1.0544166901131966e+00,200,paper_eq_46_47
0.45,5.500000000000002,2.1738456999430788e-02,1.0548696948487370e+00,200,paper_eq_46_47
0.45,5.500000000000002,2.2160316556848442e-02,1.0553228036427971e+00,200,paper_eq_46_47
0.45,5.500000000000002,2.2590362780237339e-02,1.0557754403171500e+00,200,paper_eq_46_47
0.45,5.500000000000002,2.3028754541190050e-02,1.0562269412563634e+00,200,paper_eq_46_47
0.45,5.500000000000002,2.3475653794383620e-02,1.0566765457794101e+00,200,paper_eq_46_47
0.45,5.500000000000002,2.3931225637410385e-02,1.0571233859726288e+00,200,paper_eq_46_47
0.45,5.500000000000002,2.4395638371769789e-02,1.0575664760282126e+00,200,paper_eq_46_47
0.45,5.500000000000002,2.4869063565043901e-02,1.0580047011441311e+00,200,paper_eq_46_47
0.45,5.500000000000002,2.5351676114279367e-02,1.0584368060533740e+00,200,paper_eq_46_47
0.45,5.500000000000002,2.5843654310599633e-02,1.0588613832624005e+00,200,paper_eq_46_47
0.45,5.500000000000002,2.6345179905070754e-02,1.0592768610905534e+00,200,paper_eq_46_47
0.45,5.500000000000002,2.6856438175845567e-02,1.0596814916136272e+00,200,paper_eq_46_47
0.45,5.500000000000002,2.7377617996610832e-02,1.0600733386256072e+00,200,paper_eq_46_47
0.45,5.500000000000002,2.7908911906362674e-02,1.0604502657425354e+00,200,paper_eq_46_47
0.45,5.500000000000002,2.8450516180536078e-02,1.0608099247813347e+00,200,paper_eq_46_47
0.45,5.500000000000002,2.9002630903514761e-02,1.0611497445539464e+00,200,paper_eq_46_47
0.45,5.500000000000002,2.9565460042548165e-02,1.0614669202231704e+00,200,paper_eq_46_47
0.45,5.500000000000002,3.0139211523102893e-02,1.0617584033709278e+00,200,paper_eq_46_47
0.45,5.500000000000002,3.0724097305676427e-02,1.0620208929321371e+00,200,paper_eq_46_47
0.45,5.500000000000002,3.1320333464101520e-02,1.0622508271478763e+00,200,paper_eq_46_47
0.45,5.500000000000002,3.1928140265370157e-02,1.0624443766899252e+00,200,paper_eq_46_47
0.45,5.500000000000002,3.2547742251006512e-02,1.0625974391050477e+00,200,paper_eq_46_47
0.45,5.500000000000002,3.3179368320019276e-02,1.0627056347214876e+00,200,paper_eq_46_47
0.45,5.500000000000002,3.3823251813463504e-02,1.0627643041521253e+00,200,paper_eq_46_47
0.45,5.500000000000002,3.4479630600643622e-02,1.0627685075186060e+00,200,paper_eq_46_47
0.45,5.500000000000002,3.5148747166989278e-02,1.0627130255086541e+00,200,paper_eq_46_47
0.45,5.500000000000002,3.5830848703636488e-02,1.0625923623647680e+00,200,paper_eq_46_47
0.45,5.500000000000002,3.6526187198747291e-02,1.0624007508868276e+00,200,paper_eq_46_47
0.45,5.500000000000002,3.7235019530601446e-02,1.0621321595138915e+00,200,paper_eq_46_47
0.45,5.500000000000002,3.7957607562494812e-02,1.0617803015319862e+00,200,paper_eq_46_47
0.45,5.500000000000002,3.8694218239479217e-02,1.0613386464351102e+00,200,paper_eq_46_47
0.45,5.500000000000002,3.9445123686979756e-02,1.0608004334463004e+00,200,paper_eq_46_47
0.45,5.500000000000002,4.0210601311325846e-02,1.0601586871847644e+00,200,paper_eq_46_47
0.45,5.500000000000002,4.0990933902233226e-02,1.0594062354439191e+00,200,paper_eq_46_47
0.45,5.500000000000002,4.1786409737274564e-02,1.0585357290241399e+00,200,paper_eq_46_47
0.45,5.500000000000002,4.2597322688377806e-02,1.0575396635432350e+00,200,paper_eq_46_47
0.45,5.500000000000002,4.3423972330390880e-02,1.0564104031275459e+00,200,paper_eq_46_47
0.45,5.500000000000002,4.4266664051753390e-02,1.0551402058672641e+00,200,paper_eq_46_47
0.45,5.500000000000002,4.5125709167315987e-02,1.0537212509013956e+00,200,paper_eq_46_47
0.45,5.500000000000002,4.6001425033349176e-02,1.0521456669809555e+00,200,paper_eq_46_47
0.45,5.500000000000002,4.6894135164783905e-02,1.0504055623436965e+00,200,paper_eq_46_47
0.45,5.500000000000002,4.7804169354727435e-02,1.0484930557200964e+00,200,paper_eq_46_47
0.45,5.500000000000002,4.8731863796298520e-02,1.0464003082786242e+00,200,paper_eq_46_47
0.45,5.500000000000002,4.9677561206826884e-02,1.0441195563086110e+00,200,paper_eq_46_47
0.45,5.500000000000002,5.0641610954463026e-02,1.0416431444314136e+00,200,paper_eq_46_47
0.45,5.500000000000002,5.1624369187244966e-02,1.0389635591250834e+00,200,paper_eq_46_47
0.45,5.500000000000002,5.2626198964669690e-02,1.0360734623444439e+00,200,paper_eq_46_47
0.45,5.500000000000002,5.3647470391817970e-02,1.0329657250173283e+00,200,paper_eq_46_47
0.45,5.500000000000002,5.4688560756081708e-02,1.0296334601987394e+00,200,paper_eq_46_47
0.45,5.500000000000002,5.5749854666545230e-02,1.0260700556677598e+00,200,paper_eq_46_47
0.45,5.500000000000002,5.6831744196070864e-02,1.0222692057571332e+00,200,paper_eq_46_47
0.45,5.500000000000002,5.7934629026142083e-02,1.0182249422123972e+00,200,paper_eq_46_47
0.45,5.500000000000002,5.9058916594517528e-02,1.0139316638861999e+00,200,paper_eq_46_47
0.45,5.500000000000002,6.0205022245750348e-02,1.0093841650837940e+00,200,paper_eq_46_47
0.45,5.500000000000002,6.1373369384628576e-02,1.0045776623875406e+00,200,paper_eq_46_47
0.45,5.500000000000002,6.2564389632593156e-02,9.9950781980137393e-01,200,paper_eq_46_47
0.45,5.500000000000002,6.3778522987191541e-02,9.9417077207045224e-01,200,paper_eq_46_47
0.45,5.500000000000002,6.5016217984625480e-02,9.8856314604637840e-01,200,paper_eq_46_47
0.45,5.500000000000002,6.6277931865453443e-02,9.8268207998433166e-01,200,paper_eq_46_47
0.45,5.500000000000002,6.7564130743508574e-02,9.7652524067492974e-01,200,paper_eq_46_47
0.45,5.500000000000002,6.8875289778094748e-02,9.7009083833051946e-01,200,paper_eq_46_47
0.45,5.500000000000002,7.0211893349523963e-02,9.6337763916265418e-01,200,paper_eq_46_47
0.45,5.500000000000002,7.1574435238061007e-02,9.5638497560459335e-01,200,paper_eq_46_47
0.45,5.500000000000002,7.2963418806339914e-02,9.4911275414961616e-01,200,paper_eq_46_47
0.45,5.500000000000002,7.4379357185320877e-02,9.4156146079255298e-01,200,paper_eq_46_47
0.45,5.500000000000002,7.5822773463855769e-02,9.3373216407814863e-01,200,paper_eq_46_47
0.45,5.500000000000002,7.7294200881932340e-02,9.2562651577547206e-01,200,paper_eq_46_47
0.45,5.500000000000002,7.8794183027668677e-02,9.1724674921251215e-01,200,paper_eq_46_47
0.45,5.500000000000002,8.0323274038130388e-02,9.0859567531921059e-01,200,paper_eq_46_47
0.45,5.500000000000002,8.1882038804045001e-02,8.9967667644040783e-01,200,paper_eq_46_47
0.45,5.500000000000002,8.3471053178489060e-02,8.9049369799244105e-01,200,paper_eq_46_47
0.45,5.500000000000002,8.5090904189624977e-02,8.8105123804835561e-01,200,paper_eq_46_47
0.45,5.500000000000002,8.6742190257566382e-02,8.7135433494684533e-01,200,paper_eq_46_47
0.45,5.500000000000002,8.8425521415451916e-02,8.6140855302908337e-01,200,paper_eq_46_47
0.45,5.500000000000002,9.0141519534808992e-02,8.5121996661550936e-01,200,paper_eq_46_47
0.45,5.500000000000002,9.1890818555291673e-02,8.4079514234139563e-01,200,paper_eq_46_47
0.45,5.500000000000002,9.3674064718876168e-02,8.3014111997566731e-01,200,paper_eq_46_47
0.45,5.500000000000002,9.5491916808601418e-02,8.1926539185192193e-01,200,paper_eq_46_47
0.45,5.500000000000002,9.7345046391942816e-02,8.0817588104401161e-01,200,paper_eq_46_47
0.45,5.500000000000002,9.9234138068908725e-02,7.9688091842084829e-01,200,paper_eq_46_47
0.45,5.500000000000002,1.0115988972495166e-01,7.8538921871640188e-01,200,paper_eq_46_47
0.45,5.500000000000002,1.0312301278878754e-01,7.7370985575112061e-01,200,paper_eq_46_47
0.45,5.500000000000002,1.0512423249521803e-01,7.6185223694037507e-01,200,paper_eq_46_47
0.45,5.500000000000002,1.0716428815305357e-01,7.4982607722395800e-01,200,paper_eq_46_47
0.45,5.500000000000002,1.0924393341823539e-01,7.3764137254831874e-01,200,paper_eq_46_47
0.45,5.500000000000002,1.1136393657225811e-01,7.2530837303004037e-01,200,paper_eq_46_47
0.45,5.500000000000002,1.1352508080599515e-01,7.1283755592521059e-01,200,paper_eq_46_47
0.45,5.500000000000002,1.1572816450903245e-01,7.0023959852482798e-01,200,paper_eq_46_47
0.45,5.500000000000002,1.1797400156461631e-01,6.8752535109127577e-01,200,paper_eq_46_47
0.45,5.500000000000002,1.2026342165032625e-01,6.7470580994526497e-01,200,paper_eq_46_47
0.45,5.500000000000002,1.2259727054458161e-01,6.6179209080656709e-01,200,paper_eq_46_47
0.45,5.500000000000002,1.2497641043909684e-01,6.4879540248534973e-01,200,paper_eq_46_47
0.45,5.500000000000002,1.2740172025740018e-01,6.3572702101408918e-01,200,paper_eq_46_47
0.45,5.500000000000002,1.2987409597953362e-01,6.2259826430291454e-01,200,paper_eq_46_47
0.45,5.500000000000002,1.3239445097305402e-01,6.0942046739387457e-01,200,paper_eq_46_47
0.45,5.500000000000002,1.3496371633045764e-01,5.9620495838210097e-01,200,paper_eq_46_47
0.45,5.500000000000002,1.3758284121315284e-01,5.8296303506419322e-01,200,paper_eq_46_47
0.45,5.500000000000002,1.4025279320210790e-01,5.6970594236644911e-01,200,paper_eq_46_47
0.45,5.500000000000002,1.4297455865530359e-01,5.5644485059785143e-01,200,paper_eq_46_47
0.45,5.500000000000002,1.4574914307212258e-01,5.4319083456505546e-01,200,paper_eq_46_47
0.45,5.500000000000002,1.4857757146481032e-01,5.2995485357905858e-01,200,paper_eq_46_47
0.45,5.500000000000002,1.5146088873714367e-01,5.1674773237582050e-01,200,paper_eq_46_47
0.45,5.500000000000002,1.5440016007044985e-01,5.0358014296588560e-01,200,paper_eq_46_47
0.45,5.500000000000002,1.5739647131711471e-01,4.9046258742114013e-01,200,paper_eq_46_47
0.45,5.500000000000002,1.6045092940172839e-01,4.7740538160017726e-01,200,paper_eq_46_47
0.45,5.500000000000002,1.6356466273001555e-01,4.6441863980749393e-01,200,paper_eq_46_47
0.45,5.500000000000002,1.6673882160570111e-01,4.5151226037589604e-01,200,paper_eq_46_47
0.45,5.500000000000002,1.6997457865546614e-01,4.3869591215609927e-01,200,paper_eq_46_47
0.45,5.500000000000002,1.7327312926215016e-01,4.2597902189265879e-01,200,paper_eq_46_47
0.45,5.500000000000002,1.7663569200636042e-01,4.1337076246104798e-01,200,paper_eq_46_47
0.45,5.500000000000002,1.8006350911665098e-01,4.0088004193700255e-01,200,paper_eq_46_47
0.45,5.500000000000002,1.8355784692843813e-01,3.8851549346617492e-01,200,paper_eq_46_47
0.45,5.500000000000002,1.8711999635182158e-01,3.7628546589973205e-01,200,paper_eq_46_47
0.45,5.500000000000002,1.9075127334848438e-01,3.6419801515980876e-01,200,paper_eq_46_47
0.45,5.500000000000002,1.9445301941784673e-01,3.5226089629770685e-01,200,paper_eq_46_47
0.45,5.500000000000002,1.9822660209265605e-01,3.4048155620739212e-01,200,paper_eq_46_47
0.45,5.500000000000002,2.0207341544419258e-01,3.2886712695724912e-01,200,paper_eq_46_47
0.45,5.500000000000002,2.0599488059728019e-01,3.1742441970408364e-01,200,paper_eq_46_47
0.45,5.500000000000002,2.0999244625529107e-01,3.0615991915510204e-01,200,paper_eq_46_47
0.45,5.500000000000002,2.1406758923533917e-01,2.9507977854592993e-01,200,paper_eq_46_47
0.45,5.500000000000002,2.1822181501385918e-01,2.8418981510565161e-01,200,paper_eq_46_47
0.45,5.500000000000002,2.2245665828277353e-01,2.7349550598328154e-01,200,paper_eq_46_47
0.45,5.500000000000002,2.2677368351645219e-01,2.6300198461396529e-01,200,paper_eq_46_47
0.45,5.500000000000002,2.3117448554967501e-01,2.5271403750746257e-01,200,paper_eq_46_47
0.45,5.500000000000002,2.3566069016681013e-01,2.4263610144601488e-01,200,paper_eq_46_47
0.45,5.500000000000002,2.4023395470242609e-01,2.3277226108344862e-01,200,paper_eq_46_47
0.45,5.500000000000002,2.4489596865355964e-01,2.2312624694221886e-01,200,paper_eq_46_47
0.45,5.500000000000002,2.4964845430386426e-01,2.1370143380997134e-01,200,paper_eq_46_47
0.45,5.500000000000002,2.5449316735987310e-01,2.0450083954195952e-01,200,paper_eq_46_47
0.45,5.500000000000002,2.5943189759960744e-01,1.9552712428026411e-01,200,paper_eq_46_47
0.45,5.500000000000002,2.6446646953377267e-01,1.8678259010504553e-01,200,paper_eq_46_47
0.45,5.500000000000002,2.6959874307978599e-01,1.7826918113700466e-01,200,paper_eq_46_47
0.45,5.500000000000002,2.7483061424888383e-01,1.6998848411369225e-01,200,paper_eq_46_47
0.45,5.500000000000002,2.8016401584656353e-01,1.6194172946525034e-01,200,paper_eq_46_47
0.45,5.500000000000002,2.8560091818661826e-01,1.5412979291749543e-01,200,paper_eq_46_47
0.45,5.500000000000002,2.9114332981902791e-01,1.4655319765193681e-01,200,paper_eq_46_47
0.45,5.500000000000002,2.9679329827197620e-01,1.3921211705328657e-01,200,paper_eq_46_47
0.45,5.500000000000002,3.0255291080826707e-01,1.3210637807525433e-01,200,paper_eq_46_47
0.45,5.500000000000002,3.0842429519642028e-01,1.2523546525489637e-01,200,paper_eq_46_47
0.45,5.500000000000002,3.1440962049673121e-01,1.1859852540449847e-01,200,paper_eq_46_47
0.45,5.500000000000002,3.2051109786258491e-01,1.1219437300793199e-01,200,paper_eq_46_47
0.45,5.500000000000002,3.2673098135731943e-01,1.0602149634563948e-01,200,paper_eq_46_47
0.45,5.500000000000002,3.3307156878694444e-01,1.0007806436891493e-01,200,paper_eq_46_47
0.45,5.500000000000002,3.3953520254901615e-01,9.4361934340005171e-02,200,paper_eq_46_47
0.45,5.500000000000002,3.4612427049798750e-01,8.8870660249787778e-02,200,paper_eq_46_47
0.45,5.500000000000002,3.5284120682735126e-01,8.3601502019485519e-02,200,paper_eq_46_47
0.45,5.500000000000002,3.5968849296890193e-01,7.8551435487095103e-02,200,paper_eq_46_47
0.45,5.500000000000002,3.6666865850944869e-01,7.3717163173035435e-02,200,paper_eq_46_47
0.45,5.500000000000002,3.7378428212531850e-01,6.9095125813031941e-02,200,paper_eq_46_47
0.45,5.500000000000002,3.8103799253499437e-01,6.4681514639543802e-02,200,paper_eq_46_47
0.45,5.500000000000002,3.8843246947024018e-01,6.0472284386196971e-02,200,paper_eq_46_47
0.45,5.500000000000002,3.9597044466607184e-01,5.6463166982797477e-02,200,paper_eq_46_47
0.45,5.500000000000002,4.0365470286993949e-01,5.2649685901667374e-02,200,paper_eq_46_47
0.45,5.500000000000002,4.1148808287049499e-01,4.9027171109351481e-02,200,paper_eq_46_47
0.45,5.500000000000002,4.1947347854632105e-01,4.5590774571284048e-02,200,paper_eq_46_47
0.45,5.500000000000002,4.2761383993501706e-01,4.2335486250857590e-02,200,paper_eq_46_47
0.45,5.500000000000002,4.3591217432302692e-01,3.9256150538599009e-02,200,paper_eq_46_47
0.45,5.500000000000002,4.4437154735661871e-01,3.6347483041884648e-02,200,paper_eq_46_47
0.45,5.500000000000002,4.5299508417442363e-01,3.3604087660910741e-02,200,paper_eq_46_47
0.45,5.500000000000002,4.6178597056195331e-01,3.1020473872526357e-02,200,paper_eq_46_47
0.45,5.500000000000002,4.7074745412852148e-01,2.8591074140101275e-02,200,paper_eq_46_47
0.45,5.500000000000002,4.7988284550700550e-01,2.6310261364880932e-02,200,paper_eq_46_47
0.45,5.500000000000002,4.8919551957689050e-01,2.4172366292328589e-02,200,paper_eq_46_47
0.45,5.500000000000002,4.9868891671104820e-01,2.2171694785792381e-02,200,paper_eq_46_47
0.45,5.500000000000002,5.0836654404671056e-01,2.0302544879496020e-02,200,paper_eq_46_47
0.45,5.500000000000002,5.1823197678110855e-01,1.8559223523345863e-02,200,paper_eq_46_47
0.45,5.500000000000002,5.2828885949225446e-01,1.6936062933382356e-02,200,paper_eq_46_47
0.45,5.500000000000002,5.3854090748535333e-01,1.5427436463876601e-02,200,paper_eq_46_47
0.45,5.500000000000002,5.4899190816534738e-01,1.4027773920065902e-02,200,paper_eq_46_47
0.45,5.500000000000002,5.5964572243609212e-01,1.2731576234319851e-02,200,paper_eq_46_47
0.45,5.500000000000002,5.7050628612668686e-01,1.1533429433086511e-02,200,paper_eq_46_47
0.45,5.500000000000002,5.8157761144548459e-01,1.0428017827254107e-02,200,paper_eq_46_47
0.45,5.500000000000002,5.9286378846231857e-01,9.4101363645190950e-03,200,paper_eq_46_47
0.45,5.500000000000002,6.0436898661949301e-01,8.4747020889168693e-03,200,paper_eq_46_47
0.45,5.500000000000002,6.1609745627209667e-01,7.6167646597783585e-03,200,paper_eq_46_47
0.45,5.500000000000002,6.2805353025820776e-01,6.8315158899459102e-03,200,paper_eq_46_47
0.45,5.500000000000002,6.4024162549957020e-01,6.1142982710319970e-03,200,paper_eq_46_47
0.45,5.500000000000002,6.5266624463333300e-01,5.4606124617443122e-03,200,paper_eq_46_47
0.45,5.500000000000002,6.6533197767545593e-01,4.8661237237362870e-03,200,paper_eq_46_47
0.45,5.500000000000002,6.7824350371639486e-01,4.3266672979748594e-03,200,paper_eq_46_47
0.45,5.500000000000002,6.9140559264969415e-01,3.8382527231468106e-03,200,paper_eq_46_47
0.45,5.500000000000002,7.0482310693412242e-01,3.3970671060504888e-03,200,paper_eq_46_47
0.45,5.500000000000002,7.1850100339000933e-01,2.9994773621402691e-03,200,paper_eq_46_47
0.45,5.500000000000002,7.3244433503043749e-01,2.6420314523097465e-03,200,paper_eq_46_47
0.45,5.500000000000002,7.4665825292797261e-01,2.3214586495200638e-03,200,paper_eq_46_47
0.45,5.500000000000002,7.6114800811762018e-01,2.0346688759153584e-03,200,paper_eq_46_47
0.45,5.500000000000002,7.7591895353671025e-01,1.7787511575345265e-03,200,paper_eq_46_47
0.45,5.500000000000002,7.9097654600242828e-01,1.5509712495540874e-03,200,paper_eq_46_47
0.45,5.500000000000002,8.0632634822772276e-01,1.3487684901168921e-03,200,paper_eq_46_47
0.45,5.500000000000002,8.2197403087633236e-01,1.1697519451621455e-03,200,paper_eq_46_47
0.45,5.500000000000002,8.3792537465769523e-01,1.0116959102319560e-03,200,paper_eq_46_47
0.45,5.500000000000002,8.5418627246251055e-01,8.7253483795929180e-04,200,paper_eq_46_47
0.45,5.500000000000002,8.7076273153974437e-01,7.5035776182510820e-04,200,paper_eq_46_47
0.45,5.500000000000002,8.8766087571588259e-01,6.4340228780567518e-04,200,paper_eq_46_47
0.45,5.500000000000002,9.0488694765724786e-01,5.5004822572461047e-04,200,paper_eq_46_47
0.45,5.500000000000002,9.2244731117622680e-01,4.6881093150080624e-04,200,paper_eq_46_47
0.45,5.500000000000002,9.4034845358224484e-01,3.9833443007903090e-04,200,paper_eq_46_47
0.45,5.500000000000002,9.5859698807836691e-01,3.3738438669094595e-04,200,paper_eq_46_47
0.45,5.500000000000002,9.7719965620440852e-01,2.8484099127886207e-04,200,paper_eq_46_47
0.45,5.500000000000002,9.9616333032745552e-01,2.3969181748930516e-04,200,paper_eq_46_47
0.45,5.500000000000002,1.0154950161807172e+00,2.0102471368341584e-04,200,paper_eq_46_47
0.45,5.500000000000002,1.0352018554516496e+00,1.6802077899751312e-04,200,paper_eq_46_47
0.45,5.500000000000002,1.0552911284202957e+00,1.3994747270559309e-04,200,paper_eq_46_47
0.45,5.500000000000002,1.0757702566488467e+00,1.1615190007455117e-04,200,paper_eq_46_47
0.45,5.500000000000002,1.0966468057233656e+00,9.6054312652312743e-05,200,paper_eq_46_47
0.45,5.500000000000002,1.1179284880487523e+00,7.9141855577039073e-05,200,paper_eq_46_47
0.45,5.500000000000002,1.1396231656979139e+00,6.4962589128894424e-05,200,paper_eq_46_47
0.45,5.500000000000002,1.1617388533162596e+00,5.3119806445744823e-05,200,paper_eq_46_47
0.45,5.500000000000002,1.1842837210825274e+00,4.3266664167402840e-05,200,paper_eq_46_47
0.45,5.500000000000002,1.2072660977271032e+00,3.5101137828330314e-05,200,paper_eq_46_47
0.45,5.500000000000002,1.2306944736088781e+00,2.8361309147545079e-05,200,paper_eq_46_47
0.45,5.500000000000002,1.2545775038518534e+00,2.2820988018630664e-05,200,paper_eq_46_47
0.45,5.500000000000002,1.2789240115425748e+00,1.8285668025060929e-05,200,paper_eq_46_47
0.45,5.500000000000002,1.3037429909896587e+00,1.4588810728924432e-05,200,paper_eq_46_47
0.45,5.500000000000002,1.3290436110465329e+00,1.1588450827420862e-05,200,paper_eq_46_47
0.45,5.500000000000002,1.3548352184986856e+00,9.1641115538571693e-06,200,paper_eq_46_47
0.45,5.500000000000002,1.3811273415166487e+00,7.2140174218222922e-06,200,paper_eq_46_47
0.45,5.500000000000002,1.4079296931759619e+00,5.6525895672769618e-06,200,paper_eq_46_47
0.45,5.500000000000002,1.4352521750454879e+00,4.4082075200725583e-06,200,paper_eq_46_47
0.45,5.500000000000002,1.4631048808453171e+00,3.4212202134554749e-06,200,paper_eq_46_47
0.45,5.500000000000002,1.4914981001757051e+00,2.6421883909231019e-06,200,paper_eq_46_47
0.45,5.500000000000002,1.5204423223183270e+00,2.0303402631123368e-06,200,paper_eq_46_47
0.45,5.500000000000002,1.5499482401113476e+00,1.5522222682076216e-06,200,paper_eq_46_47
0.45,5.500000000000002,1.5800267538996413e+00,1.1805270602189831e-06,200,paper_eq_46_47
0.45,5.500000000000002,1.6106889755617235e+00,8.9308135156017474e-07,200,paper_eq_46_47
0.45,5.500000000000002,1.6419462326147756e+00,6.7197693057880000e-07,200,paper_eq_46_47
0.45,5.500000000000002,1.6738100723993852e+00,5.0282902264301935e-07,200,paper_eq_46_47
0.45,5.500000000000002,1.7062922663454478e+00,3.7414712824876692e-07,200,paper_eq_46_47
0.45,5.500000000000002,1.7394048143208845e+00,2.7680451881315080e-07,200,paper_eq_46_47
0.45,5.500000000000002,1.7731599490647534e+00,2.0359366868172155e-07,200,paper_eq_46_47
0.45,5.500000000000002,1.8075701407063547e+00,1.4885602200451156e-07,200,paper_eq_46_47
0.45,5.500000000000002,1.8426481013720890e+00,1.0817561072535618e-07,200,paper_eq_46_47
0.45,5.500000000000002,1.8784067898816563e+00,7.8127133911922422e-08,200,paper_eq_46_47
0.45,5.500000000000002,1.9148594165354518e+00,5.6070161713889208e-08,200,paper_eq_46_47
0.45,5.500000000000002,1.9520194479948041e+00,3.9982125722563120e-08,200,paper_eq_46_47
0.45,5.500000000000002,1.9899006122569847e+00,2.8323691234575359e-08,200,paper_eq_46_47
0.45,5.500000000000002,2.0285169037266959e+00,1.9930968920469590e-08,200,paper_eq_46_47
0.45,5.500000000000002,2.0678825883860452e+00,1.3929809569532311e-08,200,paper_eq_46_47
0.45,5.500000000000002,2.1080122090647810e+00,9.6681343465744696e-09,200,paper_eq_46_47
0.45,5.500000000000002,2.1489205908128697e+00,6.6628849072627768e-09,200,paper_eq_46_47
0.45,5.500000000000002,2.1906228463772730e+00,4.5587350734860783e-09,200,paper_eq_46_47
0.45,5.500000000000002,2.2331343817850464e+00,3.0961922320578228e-09,200,paper_eq_46_47
0.45,5.500000000000002,2.2764709020347911e+00,2.0871368620774277e-09,200,paper_eq_46_47
0.45,5.500000000000002,2.3206484168985031e+00,1.3962079766973106e-09,200,paper_eq_46_47
0.45,5.500000000000002,2.3656832468360864e+00,9.2674654000092202e-10,200,paper_eq_46_47
0.45,5.500000000000002,2.4115920290245696e+00,6.1026399724543040e-10,200,paper_eq_46_47
0.45,5.500000000000002,2.4583917235044002e+00,3.9861479382254199e-10,200,paper_eq_46_47
0.45,5.500000000000002,2.5060996194449396e+00,2.5822580027401464e-10,200,paper_eq_46_47
0.45,5.500000000000002,2.5547333415316240e+00,1.6587722073789807e-10,200,paper_eq_46_47
0.45,5.500000000000002,2.6043108564769955e+00,1.0564373765777543e-10,200,paper_eq_46_47
0.45,5.500000000000002,2.6548504796581716e+00,6.6695766597559267e-11,200,paper_eq_46_47
0.45,5.500000000000002,2.7063708818830357e+00,4.1732700654319260e-11,200,paper_eq_46_47
0.45,5.500000000000002,2.7588910962878188e+00,2.5876360848247847e-11,200,paper_eq_46_47
0.45,5.500000000000002,2.8124305253684576e+00,1.5896507192095648e-11,200,paper_eq_46_47
0.45,5.500000000000002,2.8670089481484573e+00,9.6737276144451831e-12,200,paper_eq_46_47
0.45,5.500000000000002,2.9226465274858544e+00,5.8304213526931265e-12,200,paper_eq_46_47
0.45,5.500000000000002,2.9793638175219246e+00,3.4796754252410781e-12,200,paper_eq_46_47
0.45,5.500000000000002,3.0371817712745277e+00,2.0560204340525235e-12,200,paper_eq_46_47
0.45,5.500000000000002,3.0961217483787133e+00,1.2024903355548822e-12,200,paper_eq_46_47
0.45,5.500000000000002,3.1562055229776411e+00,6.9600952492027634e-13,200,paper_eq_46_47
0.45,5.500000000000002,3.2174552917665342e+00,3.9860290980965943e-13,200,paper_eq_46_47
0.45,5.500000000000002,3.2798936821928342e+00,2.2582291566864704e-13,200,paper_eq_46_47
0.45,5.500000000000002,3.3435437608153871e+00,1.2653383040082926e-13,200,paper_eq_46_47
0.45,5.500000000000002,3.4084290418259546e+00,7.0107335995188255e-14,200,paper_eq_46_47
0.45,5.500000000000002,3.4745734957359886e+00,3.8401103246360165e-14,200,paper_eq_46_47
0.45,5.500000000000002,3.5420015582320872e+00,2.0789822903241047e-14,200,paper_eq_46_47
0.45,5.500000000000002,3.6107381392032036e+00,1.1122086773368785e-14,200,paper_eq_46_47
0.45,5.500000000000002,3.6808086319431026e+00,5.8782737682941546e-15,200,paper_eq_46_47
0.45,5.500000000000002,3.7522389225314061e+00,3.0685914449004948e-15,200,paper_eq_46_47
0.45,5.500000000000002,3.8250553993966112e+00,1.5817934371192245e-15,200,paper_eq_46_47
0.45,5.500000000000002,3.8992849630648054e+00,8.0496238923898602e-16,200,paper_eq_46_47
0.45,5.500000000000002,3.9749550360974415e+00,4.0430410242685448e-16,200,paper_eq_46_47
0.45,5.500000000000002,4.0520935732220931e+00,2.0037196733347241e-16,200,paper_eq_46_47
0.45,5.500000000000002,4.1307290716596805e+00,9.7960141396942531e-17,200,paper_eq_46_47
0.45,5.500000000000002,4.2108905816522393e+00,4.7231382425765979e-17,200,paper_eq_46_47
0.45,5.500000000000002,4.2926077171948585e+00,2.2452447105511464e-17,200,paper_eq_46_47
0.45,5.500000000000002,4.3759106669760204e+00,1.0520325182629066e-17,200,paper_eq_46_47
0.45,5.500000000000002,4.4608302055301099e+00,4.8574179653685823e-18,200,paper_eq_46_47
0.45,5.500000000000002,4.5473977046064986e+00,2.2093708762024953e-18,200,paper_eq_46_47
0.45,5.500000000000002,4.6356451447591036e+00,9.8967413254508260e-19,200,paper_eq_46_47
0.45,5.500000000000002,4.7256051271610140e+00,4.3646297575840213e-19,200,paper_eq_46_47
0.45,5.500000000000002,4.8173108856482445e+00,1.8945359333145333e-19,200,paper_eq_46_47
0.45,5.500000000000002,4.9107962989973117e+00,8.0914179433394657e-20,200,paper_eq_46_47
0.45,5.500000000000002,5.0060959034410688e+00,3.3991965347734139e-20,200,paper_eq_46_47
0.45,5.500000000000002,5.1032449054273252e+00,1.4041665574957113e-20,200,paper_eq_46_47
0.45,5.500000000000002,5.2022791946252180e+00,5.7017718986334175e-21,200,paper_eq_46_47
0.45,5.500000000000002,5.3032353571838122e+00,2.2751252952286237e-21,200,paper_eq_46_47
0.45,5.500000000000002,5.4061506892481779e+00,8.9177986192667935e-22,200,paper_eq_46_47
0.45,5.500000000000002,5.5110632107375812e+00,3.4325478536771432e-22,200,paper_eq_46_47
0.45,5.500000000000002,5.6180116793912429e+00,1.2969670933301459e-22,200,paper_eq_46_47
0.45,5.500000000000002,5.7270356050864812e+00,4.8088206306019029e-23,200,paper_eq_46_47
0.45,5.500000000000002,5.8381752644349030e+00,1.7489857846433265e-23,200,paper_eq_46_47
0.45,5.500000000000002,5.9514717156616648e+00,6.2374889489032948e-24,200,paper_eq_46_47
0.45,5.500000000000002,6.0669668137736696e+00,2.1804377134435738e-24,200,paper_eq_46_47
0.45,5.500000000000002,6.1847032260219397e+00,7.4682583913258136e-25,200,paper_eq_46_47
0.45,5.500000000000002,6.3047244476641815e+00,2.5053294070610740e-25,200,paper_eq_46_47
0.45,5.500000000000002,6.4270748180332307e+00,8.2282020285593823e-26,200,paper_eq_46_47
0.45,5.500000000000002,6.5517995369172111e+00,2.6446062838536820e-26,200,paper_eq_46_47
0.45,5.500000000000002,6.6789446812577502e+00,8.3147838808649798e-27,200,paper_eq_46_47
0.45,5.500000000000002,6.8085572221720394e+00,2.5561664147838043e-27,200,paper_eq_46_47
0.45,5.500000000000002,6.9406850423054385e+00,7.6804427791540394e-28,200,paper_eq_46_47
0.45,5.500000000000002,7.0753769535206095e+00,2.2544958961174169e-28,200,paper_eq_46_47
0.45,5.500000000000002,7.2126827149301516e+00,6.4622244360892228e-29,200,paper_eq_46_47
0.45,5.500000000000002,7.3526530512789510e+00,1.8079380501607259e-29,200,paper_eq_46_47
0.45,5.500000000000002,7.4953396716834941e+00,4.9345733071283069e-30,200,paper_eq_46_47
0.45,5.500000000000002,7.6407952887346031e+00,1.3133240091985095e-30,200,paper_eq_46_47
0.45,5.500000000000002,7.7890736379711223e+00,3.4067322703249854e-31,200,paper_eq_46_47
0.45,5.500000000000002,7.9402294977312806e+00,8.6085789947904400e-32,200,paper_eq_46_47
0.45,5.500000000000002,8.0943187093894515e+00,2.1180274206667107e-32,200,paper_eq_46_47
0.45,5.500000000000002,8.2513981979856315e+00,5.0712304910112181e-33,200,paper_eq_46_47
0.45,5.500000000000002,8.4115259932550934e+00,1.1809933052004714e-33,200,paper_eq_46_47
0.45,5.500000000000002,8.5747612510663913e+00,2.6736221858645278e-34,200,paper_eq_46_47
0.45,5.500000000000002,8.7411642752751213e+00,5.8807513339268159e-35,200,paper_eq_46_47
0.45,5.500000000000002,8.9107965400020674e+00,1.2560380977028553e-35,200,paper_eq_46_47
0.45,5.500000000000002,9.0837207123433821e+00,2.6035285839926472e-36,200,paper_eq_46_47
0.45,5.500000000000002,9.2600006755217841e+00,5.2343040456590732e-37,200,paper_eq_46_47
0.45,5.500000000000002,9.4397015524867349e+00,1.0200823128273295e-37,200,paper_eq_46_47
0.45,5.500000000000002,9.6228897299728970e+00,1.9258780669777221e-38,200,paper_eq_46_47
0.45,5.500000000000002,9.8096328830251736e+00,3.5202392931062227e-39,200,paper_eq_46_47
0.45,5.500000000000002,1.0000000000000000e+01,6.2257654495611846e-40,200,paper_eq_46_47
